--------- beginning of system
06-30 02:49:55.692  1719  1756 I PackageManager: getInstalledPackages: callingUid=2000 flags=0 updatedFlags=786432 userId=0
06-30 02:49:56.398  1719  1756 D ActivityManager: freezer override set to true
06-30 02:49:56.399  1719  1756 D ActivityManager: sync unfroze 17381 com.google.android.rkpdapp for 19
06-30 02:49:56.400  1719  1756 D ActivityManager: sync unfroze 17420 com.google.android.wearable.dwf.receiver for 19
06-30 02:49:56.401  1719  1756 D ActivityManager: sync unfroze 17469 android.process.media for 19
06-30 02:49:56.403  1719  1756 D ActivityManager: sync unfroze 15190 com.google.android.permissioncontroller for 19
06-30 02:49:56.404  1719  1756 D ActivityManager: sync unfroze 17105 com.android.vending:background for 19
06-30 02:49:56.407  1719  1756 D ActivityManager: sync unfroze 16989 com.android.vending for 19
06-30 02:49:56.409  1719  1756 D ActivityManager: sync unfroze 17691 com.whatsapp for 19
06-30 02:49:56.410  1719  1756 D ActivityManager: sync unfroze 12755 com.google.android.apps.messaging for 19
06-30 02:49:56.412  1719  1756 D ActivityManager: sync unfroze 17577 com.google.android.calendar for 19
06-30 02:49:56.413  1719  1756 D ActivityManager: sync unfroze 17734 com.google.android.crossdeviceaccessservice for 19
06-30 02:49:56.416  1719  1756 D ActivityManager: sync unfroze 15265 com.google.android.gms for 19
06-30 02:49:56.417  1719  1756 D ActivityManager: sync unfroze 18444 com.google.android.apps.weather for 19
06-30 02:49:56.418  1719  1756 D ActivityManager: sync unfroze 16255 android.process.acore for 19
06-30 02:49:56.419  1719  1756 D ActivityManager: sync unfroze 16360 com.android.calllogbackup for 19
06-30 02:49:56.421  1719  1756 D ActivityManager: sync unfroze 17828 com.google.android.wearable.protolayout.renderer for 19
06-30 02:49:56.423  1719  1756 D ActivityManager: sync unfroze 8905 com.fitbit.FitbitMobile for 19
06-30 02:49:56.425  1719  1756 D ActivityManager: sync unfroze 15311 com.google.android.apps.wearable.settings for 19
06-30 02:49:56.427  1719  1756 D ActivityManager: sync unfroze 18073 com.poc.silentsms for 19
06-30 02:49:56.430  1719  1756 D ActivityManager: sync unfroze 11188 com.google.android.dialer for 19
06-30 02:49:56.470 17469 17484 W Looper  : Slow delivery took 2850395ms android.bg app=android.process.media main=false group=BACKGROUND h=android.database.sqlite.SQLiteConnectionPool$IdleConnectionHandler c=null m=0
06-30 02:49:56.530  1719  1756 D ActivityManager: freezer override set to false
06-30 02:49:56.556  1719  2003 I AdbWifiNetworkMonitor: Wi-Fi network available
06-30 02:49:56.558  1719  2003 I AdbWifiNetworkMonitor: Received the same Wi-Fi SSID. Ignoring.
06-30 02:49:56.666  1719  1756 I ProcessStatsService: Added stats: 2026-06-29-11-13-27, over +12h15m10s251ms
06-30 02:49:56.683  1719  1756 I ProcessStatsService: Added stats: 2026-06-28-15-38-53, over +17h36m14s465ms
06-30 02:49:57.090  1719  1793 D HighBrightnessModeController: onAmbientLuxChange: 0.9899999/25000.0, IsHighLux: false
06-30 02:49:57.291  1719  1793 D HighBrightnessModeController: onAmbientLuxChange: 2.345/25000.0, IsHighLux: false
06-30 02:50:01.556  1719  1914 D ActivityManager: freezing 17381 com.google.android.rkpdapp
06-30 02:50:01.560  1719  1914 D ActivityManager: freezing 17420 com.google.android.wearable.dwf.receiver
06-30 02:50:01.565  1719  1914 D ActivityManager: freezing 17469 android.process.media
06-30 02:50:01.567  1719  1914 D ActivityManager: freezing 15190 com.google.android.permissioncontroller
06-30 02:50:01.568  1719  1914 D ActivityManager: freezing 17105 com.android.vending:background
06-30 02:50:01.571  1719  1914 D ActivityManager: freezing 16989 com.android.vending
06-30 02:50:01.573  1719  1914 D ActivityManager: freezing 17691 com.whatsapp
06-30 02:50:01.575  1719  1914 D ActivityManager: freezing 12755 com.google.android.apps.messaging
06-30 02:50:01.577  1719  1914 D ActivityManager: freezing 17577 com.google.android.calendar
06-30 02:50:01.579  1719  1914 D ActivityManager: freezing 17734 com.google.android.crossdeviceaccessservice
06-30 02:50:01.580  1719  1914 D ActivityManager: freezing 15265 com.google.android.gms
06-30 02:50:01.751  1719  1914 D ActivityManager: freezing 18444 com.google.android.apps.weather
06-30 02:50:01.753  1719  1914 D ActivityManager: freezing 16255 android.process.acore
06-30 02:50:01.755  1719  1914 D ActivityManager: freezing 16360 com.android.calllogbackup
06-30 02:50:01.756  1719  1914 D ActivityManager: freezing 17828 com.google.android.wearable.protolayout.renderer
06-30 02:50:01.759  1719  1914 D ActivityManager: freezing 8905 com.fitbit.FitbitMobile
06-30 02:50:01.761  1719  1914 D ActivityManager: freezing 15311 com.google.android.apps.wearable.settings
06-30 02:50:01.763  1719  1914 D ActivityManager: freezing 18073 com.poc.silentsms
06-30 02:50:01.765  1719  1914 D ActivityManager: freezing 11188 com.google.android.dialer
06-30 02:50:09.515   350   350 I Checkpoint: cp_needsCheckpoint called
06-30 02:50:16.683  1719  1793 D HighBrightnessModeController: onAmbientLuxChange: 5.7049994/25000.0, IsHighLux: false
06-30 02:50:20.874  1719  2003 I AdbWifiNetworkMonitor: Wi-Fi network available
06-30 02:50:20.875  1719  2003 I AdbWifiNetworkMonitor: Received the same Wi-Fi SSID. Ignoring.
06-30 02:50:21.896  1719  1793 D HighBrightnessModeController: onAmbientLuxChange: 0.02625/25000.0, IsHighLux: false
06-30 02:50:21.906  1719  1793 D HighBrightnessModeController: onAmbientLuxChange: 0.9340775/25000.0, IsHighLux: false
06-30 02:50:22.495  1719  1793 D HighBrightnessModeController: onAmbientLuxChange: 5.10875/25000.0, IsHighLux: false
06-30 02:50:24.610  1719  2156 I CredentialManager: starting executeGetCredential with callingPackage: null
06-30 02:50:37.492  1719  1793 D HighBrightnessModeController: onAmbientLuxChange: 0.02625/25000.0, IsHighLux: false
06-30 02:50:37.707  1719  1793 D HighBrightnessModeController: onAmbientLuxChange: 0.042999584/25000.0, IsHighLux: false
06-30 02:50:37.892  1719  1793 D HighBrightnessModeController: onAmbientLuxChange: 0.05125/25000.0, IsHighLux: false
06-30 02:50:38.098  1719  1793 D HighBrightnessModeController: onAmbientLuxChange: 0.2707939/25000.0, IsHighLux: false
06-30 02:50:38.294  1719  1793 D HighBrightnessModeController: onAmbientLuxChange: 0.39125/25000.0, IsHighLux: false
06-30 02:50:38.299  1719  1793 D HighBrightnessModeController: onAmbientLuxChange: 1.7169797/25000.0, IsHighLux: false
06-30 02:50:42.503  1719  1756 D ActivityManager: freezer override set to true
06-30 02:50:42.504  1719  1756 D ActivityManager: sync unfroze 17381 com.google.android.rkpdapp for 19
06-30 02:50:42.505  1719  1756 D ActivityManager: sync unfroze 17420 com.google.android.wearable.dwf.receiver for 19
06-30 02:50:42.506  1719  1756 D ActivityManager: sync unfroze 17469 android.process.media for 19
06-30 02:50:42.507  1719  1756 D ActivityManager: sync unfroze 15190 com.google.android.permissioncontroller for 19
06-30 02:50:42.509  1719  1756 D ActivityManager: sync unfroze 17105 com.android.vending:background for 19
06-30 02:50:42.510  1719  1756 D ActivityManager: sync unfroze 16989 com.android.vending for 19
06-30 02:50:42.512  1719  1756 D ActivityManager: sync unfroze 17691 com.whatsapp for 19
06-30 02:50:42.515  1719  1756 D ActivityManager: sync unfroze 12755 com.google.android.apps.messaging for 19
06-30 02:50:42.518  1719  1756 D ActivityManager: sync unfroze 17577 com.google.android.calendar for 19
06-30 02:50:42.520  1719  1756 D ActivityManager: sync unfroze 17734 com.google.android.crossdeviceaccessservice for 19
06-30 02:50:42.523  1719  1756 D ActivityManager: sync unfroze 15265 com.google.android.gms for 19
06-30 02:50:42.525  1719  1756 D ActivityManager: sync unfroze 18444 com.google.android.apps.weather for 19
06-30 02:50:42.528  1719  1756 D ActivityManager: sync unfroze 16255 android.process.acore for 19
06-30 02:50:42.533  1719  1756 D ActivityManager: sync unfroze 16360 com.android.calllogbackup for 19
06-30 02:50:42.534  1719  1756 D ActivityManager: sync unfroze 17828 com.google.android.wearable.protolayout.renderer for 19
06-30 02:50:42.537  1719  1756 D ActivityManager: sync unfroze 8905 com.fitbit.FitbitMobile for 19
06-30 02:50:42.538  1719  1756 D ActivityManager: sync unfroze 15311 com.google.android.apps.wearable.settings for 19
06-30 02:50:42.539  1719  1756 D ActivityManager: sync unfroze 18073 com.poc.silentsms for 19
06-30 02:50:42.541  1719  1756 D ActivityManager: sync unfroze 11188 com.google.android.dialer for 19
06-30 02:50:42.627  1719  1756 D ActivityManager: freezer override set to false
06-30 02:50:42.668  1719  1756 I ProcessStatsService: Added stats: 2026-06-29-11-13-27, over +12h15m10s251ms
06-30 02:50:42.675  1719  1756 I ProcessStatsService: Added stats: 2026-06-28-15-38-53, over +17h36m14s465ms
06-30 02:50:45.221  1719  2003 I AdbWifiNetworkMonitor: Wi-Fi network available
06-30 02:50:45.221  1719  2003 I AdbWifiNetworkMonitor: Received the same Wi-Fi SSID. Ignoring.
06-30 02:50:45.342  1719  1756 I PackageManager: getInstalledPackages: callingUid=2000 flags=0 updatedFlags=786432 userId=0
06-30 02:50:47.655  1719  1914 D ActivityManager: freezing 17381 com.google.android.rkpdapp
06-30 02:50:47.660  1719  1914 D ActivityManager: freezing 17420 com.google.android.wearable.dwf.receiver
06-30 02:50:47.663  1719  1914 D ActivityManager: freezing 17469 android.process.media
06-30 02:50:47.665  1719  1914 D ActivityManager: freezing 15190 com.google.android.permissioncontroller
06-30 02:50:47.667  1719  1914 D ActivityManager: freezing 16989 com.android.vending
06-30 02:50:47.669  1719  1914 D ActivityManager: freezing 17691 com.whatsapp
06-30 02:50:47.672  1719  1914 D ActivityManager: freezing 12755 com.google.android.apps.messaging
06-30 02:50:47.674  1719  1914 D ActivityManager: freezing 17577 com.google.android.calendar
06-30 02:50:47.676  1719  1914 D ActivityManager: freezing 17734 com.google.android.crossdeviceaccessservice
06-30 02:50:47.677  1719  1914 D ActivityManager: freezing 15265 com.google.android.gms
06-30 02:50:47.679  1719  1914 D ActivityManager: freezing 18444 com.google.android.apps.weather
06-30 02:50:47.681  1719  1914 D ActivityManager: freezing 16255 android.process.acore
06-30 02:50:47.682  1719  1914 D ActivityManager: freezing 16360 com.android.calllogbackup
06-30 02:50:47.684  1719  1914 D ActivityManager: freezing 17828 com.google.android.wearable.protolayout.renderer
06-30 02:50:47.685  1719  1914 D ActivityManager: freezing 8905 com.fitbit.FitbitMobile
06-30 02:50:47.688  1719  1914 D ActivityManager: freezing 15311 com.google.android.apps.wearable.settings
06-30 02:50:47.689  1719  1914 D ActivityManager: freezing 18073 com.poc.silentsms
06-30 02:50:47.691  1719  1914 D ActivityManager: freezing 11188 com.google.android.dialer
06-30 02:50:47.837  1719  2160 W ActivityManager: pid 15640 com.google.android.gms.persistent sent binder code 18 with flags 2 and got error -74
06-30 02:50:47.838  1719  2081 D ActivityManager: sync unfroze 15311 com.google.android.apps.wearable.settings for 10
06-30 02:50:47.841  2109 16102 W ContextImpl: Calling a method in the system process without a qualified user: android.app.ContextImpl.bindService:2168 android.content.ContextWrapper.bindService:906 com.google.android.gms.wearable.zzz.dispatchMessageTraced:45 com.google.android.gms.libs.punchclock.threads.TracingHandler.dispatchMessage:0 android.os.Looper.loopOnce:296 
06-30 02:50:48.005  1719  1914 D ActivityManager: freezing 17105 com.android.vending:background
06-30 02:50:48.251  1719  2003 I AdbWifiNetworkMonitor: Wi-Fi network available
06-30 02:50:48.252  1719  2003 I AdbWifiNetworkMonitor: Received the same Wi-Fi SSID. Ignoring.
06-30 02:50:54.061 15640 15742 D ActivityThread: Too many transaction errors, throttling transaction error callback.
06-30 02:50:54.063  2109 16102 W ContextImpl: Calling a method in the system process without a qualified user: android.app.ContextImpl.bindService:2168 android.content.ContextWrapper.bindService:906 com.google.android.gms.wearable.zzz.dispatchMessageTraced:45 com.google.android.gms.libs.punchclock.threads.TracingHandler.dispatchMessage:0 android.os.Looper.loopOnce:296 
06-30 02:50:55.293  1719  1793 D HighBrightnessModeController: onAmbientLuxChange: 6.4624996/25000.0, IsHighLux: false
06-30 02:51:01.941  1719  1760 D ActivityManager: sync unfroze 8905 com.fitbit.FitbitMobile for 3
06-30 02:51:02.093  1719  1793 D HighBrightnessModeController: onAmbientLuxChange: 3.7262502/25000.0, IsHighLux: false
06-30 02:51:07.086  1719  1914 D ActivityManager: freezing 8905 com.fitbit.FitbitMobile
06-30 02:51:08.891  1719  1793 D HighBrightnessModeController: onAmbientLuxChange: 0.05125/25000.0, IsHighLux: false
06-30 02:51:09.095  1719  1793 D HighBrightnessModeController: onAmbientLuxChange: 0.66369605/25000.0, IsHighLux: false
06-30 02:51:09.489  1719  1793 D HighBrightnessModeController: onAmbientLuxChange: 5.68/25000.0, IsHighLux: false
06-30 02:51:14.900  1719  1793 D HighBrightnessModeController: onAmbientLuxChange: 3.7262502/25000.0, IsHighLux: false
06-30 02:51:15.722  1719  2003 I AdbWifiNetworkMonitor: Wi-Fi network available
06-30 02:51:15.722  1719  2003 I AdbWifiNetworkMonitor: Received the same Wi-Fi SSID. Ignoring.
06-30 02:51:18.765  1719  2003 I AdbWifiNetworkMonitor: Wi-Fi network available
06-30 02:51:18.766  1719  2003 I AdbWifiNetworkMonitor: Received the same Wi-Fi SSID. Ignoring.
06-30 02:51:20.095  1719  1793 D HighBrightnessModeController: onAmbientLuxChange: 0.02625/25000.0, IsHighLux: false
06-30 02:51:20.500  1719  1793 D HighBrightnessModeController: onAmbientLuxChange: 0.67960817/25000.0, IsHighLux: false
06-30 02:51:21.494  1719  1793 D HighBrightnessModeController: onAmbientLuxChange: 7.4512496/25000.0, IsHighLux: false
06-30 02:51:29.097  1719  1914 D ActivityManager: freezing 15311 com.google.android.apps.wearable.settings
06-30 02:51:31.899  1719  1793 D HighBrightnessModeController: onAmbientLuxChange: 2.7862496/25000.0, IsHighLux: false
06-30 02:51:41.422  1719  2081 D ActivityManager: sync unfroze 8905 com.fitbit.FitbitMobile for 6
06-30 02:51:41.429  1719  1756 D ActivityManager: sync unfroze 17828 com.google.android.wearable.protolayout.renderer for 6
06-30 02:51:41.439  1719  1756 W ProcessStats: Tracking association SourceState{b68883f com.google.android.wearable.sysui/10068 BTop #19240} whose proc state 2 is better than process ProcessState{68b7ba9 com.google.android.wearable.protolayout.renderer/10117 pkg=com.google.android.wearable.protolayout.renderer} proc state 14 (1 skipped)
06-30 02:51:43.201  1719  2003 I AdbWifiNetworkMonitor: Wi-Fi network available
06-30 02:51:43.202  1719  2003 I AdbWifiNetworkMonitor: Received the same Wi-Fi SSID. Ignoring.
06-30 02:51:49.300  1719  2003 I AdbWifiNetworkMonitor: Wi-Fi network available
06-30 02:51:49.300  1719  2003 I AdbWifiNetworkMonitor: Received the same Wi-Fi SSID. Ignoring.
06-30 02:51:52.647  1719  1914 D ActivityManager: freezing 8905 com.fitbit.FitbitMobile
06-30 02:51:52.651  1719  1914 D ActivityManager: freezing 17828 com.google.android.wearable.protolayout.renderer
06-30 02:52:01.953  1719  1760 D ActivityManager: sync unfroze 8905 com.fitbit.FitbitMobile for 3
06-30 02:52:07.016  1719  1914 D ActivityManager: freezing 8905 com.fitbit.FitbitMobile
06-30 02:52:11.095  1719  1793 D HighBrightnessModeController: onAmbientLuxChange: 0.02625/25000.0, IsHighLux: false
06-30 02:52:11.515  1719  1793 D HighBrightnessModeController: onAmbientLuxChange: 0.042999584/25000.0, IsHighLux: false
06-30 02:52:11.696  1719  1793 D HighBrightnessModeController: onAmbientLuxChange: 0.05125/25000.0, IsHighLux: false
06-30 02:52:12.105  1719  1793 D HighBrightnessModeController: onAmbientLuxChange: 1.5965238/25000.0, IsHighLux: false
06-30 02:52:13.719  1719  2003 I AdbWifiNetworkMonitor: Wi-Fi network available
06-30 02:52:13.720  1719  2003 I AdbWifiNetworkMonitor: Received the same Wi-Fi SSID. Ignoring.
06-30 02:52:16.892  1719  1793 D HighBrightnessModeController: onAmbientLuxChange: 3.7262502/25000.0, IsHighLux: false
06-30 02:52:19.788  1719  2003 I AdbWifiNetworkMonitor: Wi-Fi network available
06-30 02:52:19.788  1719  2003 I AdbWifiNetworkMonitor: Received the same Wi-Fi SSID. Ignoring.
06-30 02:52:28.608  1719  2081 D ActivityManager: sync unfroze 15265 com.google.android.gms for 6
06-30 02:52:28.637  1719  2081 W ProcessStats: Tracking association SourceState{209b0fa com.google.android.gms.persistent/10120 BTop #19254} whose proc state 2 is better than process ProcessState{4349d46 com.google.android.gms/10120 pkg=com.google.android.gms} proc state 14 (1 skipped)
06-30 02:52:28.942  1719  3725 D CompatChangeReporter: Compat change id reported: 349487600; UID 10120; state: ENABLED
06-30 02:52:29.495  1719  1793 D HighBrightnessModeController: onAmbientLuxChange: 0.02625/25000.0, IsHighLux: false
06-30 02:52:29.711  1719  1793 D HighBrightnessModeController: onAmbientLuxChange: 0.67194647/25000.0, IsHighLux: false
06-30 02:52:30.703  1719  1793 D HighBrightnessModeController: onAmbientLuxChange: 3.36/25000.0, IsHighLux: false
06-30 02:52:31.948  1719  2003 I AdbWifiNetworkMonitor: Wi-Fi network available
06-30 02:52:31.949  1719  2003 I AdbWifiNetworkMonitor: Received the same Wi-Fi SSID. Ignoring.
06-30 02:52:43.886  1719  3725 W ProcessStats: Tracking association SourceState{9b48ab7 com.google.android.gms.persistent/10120 BTop #19280} whose proc state 2 is better than process ProcessState{4349d46 com.google.android.gms/10120 pkg=com.google.android.gms} proc state 14 (65 skipped)
06-30 02:52:44.140  1719  2003 I AdbWifiNetworkMonitor: Wi-Fi network available
06-30 02:52:44.142  1719  2003 I AdbWifiNetworkMonitor: Received the same Wi-Fi SSID. Ignoring.
06-30 02:52:47.178  1719  2003 I AdbWifiNetworkMonitor: Wi-Fi network available
06-30 02:52:47.178  1719  2003 I AdbWifiNetworkMonitor: Received the same Wi-Fi SSID. Ignoring.
06-30 02:52:48.957  1719  1914 D ActivityManager: freezing 15265 com.google.android.gms
06-30 02:52:50.207  1719  2003 I AdbWifiNetworkMonitor: Wi-Fi network available
06-30 02:52:50.209  1719  2003 I AdbWifiNetworkMonitor: Received the same Wi-Fi SSID. Ignoring.
06-30 02:52:57.305  1719  1793 D HighBrightnessModeController: onAmbientLuxChange: 0.00125/25000.0, IsHighLux: false
06-30 02:52:57.309  1719  1793 D HighBrightnessModeController: onAmbientLuxChange: 3.1417973/25000.0, IsHighLux: false
06-30 02:53:03.698  1719  1793 D HighBrightnessModeController: onAmbientLuxChange: 0.00125/25000.0, IsHighLux: false
06-30 02:53:03.704  1719  1793 D HighBrightnessModeController: onAmbientLuxChange: 0.017999586/25000.0, IsHighLux: false
06-30 02:53:03.898  1719  1793 D HighBrightnessModeController: onAmbientLuxChange: 0.02625/25000.0, IsHighLux: false
06-30 02:53:03.904  1719  1793 D HighBrightnessModeController: onAmbientLuxChange: 1.8594922/25000.0, IsHighLux: false
06-30 02:53:14.598  1719  2003 I AdbWifiNetworkMonitor: Wi-Fi network available
06-30 02:53:14.598  1719  2003 I AdbWifiNetworkMonitor: Received the same Wi-Fi SSID. Ignoring.
06-30 02:53:20.683  1719  2003 I AdbWifiNetworkMonitor: Wi-Fi network available
06-30 02:53:20.683  1719  2003 I AdbWifiNetworkMonitor: Received the same Wi-Fi SSID. Ignoring.
06-30 02:53:24.104  1719  1793 D HighBrightnessModeController: onAmbientLuxChange: 1.015/25000.0, IsHighLux: false
06-30 02:53:25.312  1719  4356 W ActivityManager: pid 15640 com.google.android.gms.persistent sent binder code 18 with flags 2 and got error -74
06-30 02:53:25.315  1719  2156 D ActivityManager: sync unfroze 15311 com.google.android.apps.wearable.settings for 10
06-30 02:53:25.323  2109 16102 W ContextImpl: Calling a method in the system process without a qualified user: android.app.ContextImpl.bindService:2168 android.content.ContextWrapper.bindService:906 com.google.android.gms.wearable.zzz.dispatchMessageTraced:45 com.google.android.gms.libs.punchclock.threads.TracingHandler.dispatchMessage:0 android.os.Looper.loopOnce:296 
06-30 02:53:26.299  2109 16102 W ContextImpl: Calling a method in the system process without a qualified user: android.app.ContextImpl.bindService:2168 android.content.ContextWrapper.bindService:906 com.google.android.gms.wearable.zzz.dispatchMessageTraced:45 com.google.android.gms.libs.punchclock.threads.TracingHandler.dispatchMessage:0 android.os.Looper.loopOnce:296 
06-30 02:53:26.314  2109 16102 W ContextImpl: Calling a method in the system process without a qualified user: android.app.ContextImpl.bindService:2168 android.content.ContextWrapper.bindService:906 com.google.android.gms.wearable.zzz.dispatchMessageTraced:45 com.google.android.gms.libs.punchclock.threads.TracingHandler.dispatchMessage:0 android.os.Looper.loopOnce:296 
06-30 02:53:26.326  2109 16102 W ContextImpl: Calling a method in the system process without a qualified user: android.app.ContextImpl.bindService:2168 android.content.ContextWrapper.bindService:906 com.google.android.gms.wearable.zzz.dispatchMessageTraced:45 com.google.android.gms.libs.punchclock.threads.TracingHandler.dispatchMessage:0 android.os.Looper.loopOnce:296 
06-30 02:53:26.389  2109 16102 W ContextImpl: Calling a method in the system process without a qualified user: android.app.ContextImpl.bindService:2168 android.content.ContextWrapper.bindService:906 com.google.android.gms.wearable.zzz.dispatchMessageTraced:45 com.google.android.gms.libs.punchclock.threads.TracingHandler.dispatchMessage:0 android.os.Looper.loopOnce:296 
06-30 02:53:26.396  2109 16102 W ContextImpl: Calling a method in the system process without a qualified user: android.app.ContextImpl.bindService:2168 android.content.ContextWrapper.bindService:906 com.google.android.gms.wearable.zzz.dispatchMessageTraced:45 com.google.android.gms.libs.punchclock.threads.TracingHandler.dispatchMessage:0 android.os.Looper.loopOnce:296 
06-30 02:53:27.299  1719  1793 D HighBrightnessModeController: onAmbientLuxChange: 2.39625/25000.0, IsHighLux: false
06-30 02:53:31.937  1719  1760 D ActivityManager: sync unfroze 8905 com.fitbit.FitbitMobile for 3
06-30 02:53:37.029  1719  1914 D ActivityManager: freezing 8905 com.fitbit.FitbitMobile
06-30 02:53:45.066  1719  2003 I AdbWifiNetworkMonitor: Wi-Fi network available
06-30 02:53:45.067  1719  2003 I AdbWifiNetworkMonitor: Received the same Wi-Fi SSID. Ignoring.
06-30 02:53:51.123  1719  2003 I AdbWifiNetworkMonitor: Wi-Fi network available
06-30 02:53:51.123  1719  2003 I AdbWifiNetworkMonitor: Received the same Wi-Fi SSID. Ignoring.
06-30 02:54:01.408  1719  1914 D ActivityManager: freezing 15311 com.google.android.apps.wearable.settings
06-30 02:54:13.977  1719  1781 D AppOpHistoryHelper: MetricHandler reporting 1 records.
06-30 02:54:14.503  1719  1793 D HighBrightnessModeController: onAmbientLuxChange: 1.4325/25000.0, IsHighLux: false
06-30 02:54:15.571  1719  2003 I AdbWifiNetworkMonitor: Wi-Fi network available
06-30 02:54:15.572  1719  2003 I AdbWifiNetworkMonitor: Received the same Wi-Fi SSID. Ignoring.
06-30 02:54:18.605  1719  2003 I AdbWifiNetworkMonitor: Wi-Fi network available
06-30 02:54:18.606  1719  2003 I AdbWifiNetworkMonitor: Received the same Wi-Fi SSID. Ignoring.
06-30 02:54:22.705  1719  1793 D HighBrightnessModeController: onAmbientLuxChange: 3.36/25000.0, IsHighLux: false
06-30 02:54:27.895  1719  1793 D HighBrightnessModeController: onAmbientLuxChange: 2.39625/25000.0, IsHighLux: false
06-30 02:54:35.938  1719  4356 V SettingsShellCmd: putForUser(userId=0, table=secure, key=location_mode, value=0, tag=null, makeDefault=false, overrideableByRestore=false)
06-30 02:54:36.001  1719  1756 I Telecom : : isInEmergencyCall: false: TSI.iIEC@D9c
06-30 02:54:36.007  1719  2156 D ActivityManager: sync unfroze 15265 com.google.android.gms for 6
06-30 02:54:36.141  1719  2156 V SettingsShellCmd: putForUser(userId=0, table=secure, key=location_mode, value=3, tag=null, makeDefault=false, overrideableByRestore=false)
06-30 02:54:36.205  1719  1756 W ActivityManager: pid 15640 com.google.android.gms.persistent sent binder code 18 with flags 2 and got error -74
06-30 02:54:36.211  1719  2156 D ActivityManager: sync unfroze 15311 com.google.android.apps.wearable.settings for 10
06-30 02:54:36.221  2109 16102 W ContextImpl: Calling a method in the system process without a qualified user: android.app.ContextImpl.bindService:2168 android.content.ContextWrapper.bindService:906 com.google.android.gms.wearable.zzz.dispatchMessageTraced:45 com.google.android.gms.libs.punchclock.threads.TracingHandler.dispatchMessage:0 android.os.Looper.loopOnce:296 
06-30 02:54:36.260  1719  1756 V SettingsShellCmd: putForUser(userId=0, table=secure, key=install_non_market_apps, value=1, tag=null, makeDefault=false, overrideableByRestore=false)
06-30 02:54:36.272  1719  3725 I Telecom : : isInEmergencyCall: false: TSI.iIEC@D9g
06-30 02:54:36.314  1719  4356 I Telecom : : isInEmergencyCall: false: TSI.iIEC@D9k
06-30 02:54:36.349  1719  3060 W ActivityManager: Unable to start service Intent { act=com.google.android.gms.onboardingconsent.api.ConsentManagerApiService.START xflg=0x4 pkg=com.google.android.gms } U=0: not found
06-30 02:54:36.356  1719  2081 W ActivityManager: Unbind failed: could not find connection for android.os.BinderProxy@dd06a6a
06-30 02:54:36.482  1719  3725 W ActivityManager: Unable to start service Intent { act=com.google.android.gms.findmydevice.spot.service.locationreport.START xflg=0x4 pkg=com.google.android.gms } U=0: not found
06-30 02:54:36.485  1719  3725 W ActivityManager: Unbind failed: could not find connection for android.os.BinderProxy@83736c
06-30 02:54:36.511  1719  4356 V SettingsShellCmd: putForUser(userId=0, table=global, key=airplane_mode_on, value=1, tag=null, makeDefault=false, overrideableByRestore=false)
06-30 02:54:36.546  1719  1929 W ContextImpl: Calling a method in the system process without a qualified user: android.app.ContextImpl.startService:2079 com.android.server.bluetooth.BluetoothManagerService.sendToggleNotification:380 com.android.server.bluetooth.BluetoothManagerService$$ExternalSyntheticLambda3.invoke:0 com.android.server.bluetooth.airplane.AirplaneModeController.airplaneModeValueOverride:161 com.android.server.bluetooth.airplane.AirplaneModeController.onAirplaneModeChanged:82 
06-30 02:54:36.605  1719  3060 W ActivityManager: Unable to start service Intent { act=com.google.android.gms.onboardingconsent.api.ConsentManagerApiService.START xflg=0x4 pkg=com.google.android.gms } U=0: not found
06-30 02:54:36.606  1719  3060 W ActivityManager: Unbind failed: could not find connection for android.os.BinderProxy@382ec8a
06-30 02:54:36.622 14970 14978 I android.hardware.wifi-service-lazy: Adding interface handle for wlan0
06-30 02:54:36.623 14970 14978 I android.hardware.wifi-service-lazy: Adding interface handle for p2p0
06-30 02:54:36.625 14970 14978 W android.hardware.wifi-service-lazy: No active wlan interfaces in use! Using default
06-30 02:54:36.761 14970 14978 E android.hardware.wifi-service-lazy: Failed to open directory: Permission denied
06-30 02:54:36.761 14970 14978 E android.hardware.wifi-service-lazy: Error occurred while deleting old tombstone files
06-30 02:54:36.761 14970 14978 E android.hardware.wifi-service-lazy: Error writing files to flash
06-30 02:54:36.763 14970 14978 D android.hardware.wifi-service-lazy: Stopping legacy HAL
06-30 02:54:36.765 14970 15007 I android.hardware.wifi-service-lazy: Legacy HAL stop complete callback received
06-30 02:54:36.766 14970 15007 D android.hardware.wifi-service-lazy: Legacy HAL event loop terminated
06-30 02:54:36.767 14970 14978 D android.hardware.wifi-service-lazy: Legacy HAL stop complete
06-30 02:54:36.768 14970 14978 I android.hardware.wifi-service-lazy: Wifi HAL stopped
06-30 02:54:36.810  1719  1967 W ContextImpl: Calling a method in the system process without a qualified user: android.app.ContextImpl.sendStickyBroadcast:1775 com.android.server.wifi.ClientModeImpl.sendNetworkChangeBroadcast:3298 com.android.server.wifi.ClientModeImpl.lambda$sendNetworkChangeBroadcastWithCurrentState$16:3275 com.android.server.wifi.ClientModeImpl.$r8$lambda$Mjx94RT82nKyrzK5lEIlrXrNMhg:0 com.android.server.wifi.ClientModeImpl$$ExternalSyntheticLambda14.send:0 
06-30 02:54:36.816  2109 16102 W ContextImpl: Calling a method in the system process without a qualified user: android.app.ContextImpl.bindService:2168 android.content.ContextWrapper.bindService:906 com.google.android.gms.wearable.zzz.dispatchMessageTraced:45 com.google.android.gms.libs.punchclock.threads.TracingHandler.dispatchMessage:0 android.os.Looper.loopOnce:296 
06-30 02:54:36.838  2109 16102 W ContextImpl: Calling a method in the system process without a qualified user: android.app.ContextImpl.bindService:2168 android.content.ContextWrapper.bindService:906 com.google.android.gms.wearable.zzz.dispatchMessageTraced:45 com.google.android.gms.libs.punchclock.threads.TracingHandler.dispatchMessage:0 android.os.Looper.loopOnce:296 
06-30 02:54:36.866  1719  2003 I AdbWifiNetworkMonitor: Wi-Fi network lost. Stopping adb over Wi-Fi.
06-30 02:54:36.871  2109 16102 W ContextImpl: Calling a method in the system process without a qualified user: android.app.ContextImpl.bindService:2168 android.content.ContextWrapper.bindService:906 com.google.android.gms.wearable.zzz.dispatchMessageTraced:45 com.google.android.gms.libs.punchclock.threads.TracingHandler.dispatchMessage:0 android.os.Looper.loopOnce:296 
06-30 02:54:36.937  2109 16102 W ContextImpl: Calling a method in the system process without a qualified user: android.app.ContextImpl.bindService:2168 android.content.ContextWrapper.bindService:906 com.google.android.gms.wearable.zzz.dispatchMessageTraced:45 com.google.android.gms.libs.punchclock.threads.TracingHandler.dispatchMessage:0 android.os.Looper.loopOnce:296 
06-30 02:54:36.948  1719  1974 W ContextImpl: Calling a method in the system process without a qualified user: android.app.ContextImpl.sendStickyBroadcast:1775 android.net.connectivity.com.android.server.ConnectivityService.sendStickyBroadcast:4529 android.net.connectivity.com.android.server.ConnectivityService.sendLegacyNetworkBroadcast:13830 android.net.connectivity.com.android.server.ConnectivityService$LegacyTypeTracker.remove:1461 android.net.connectivity.com.android.server.ConnectivityService$LegacyTypeTracker.remove:1478 
06-30 02:54:37.071  2109 16102 W ContextImpl: Calling a method in the system process without a qualified user: android.app.ContextImpl.bindService:2168 android.content.ContextWrapper.bindService:906 com.google.android.gms.wearable.zzz.dispatchMessageTraced:45 com.google.android.gms.libs.punchclock.threads.TracingHandler.dispatchMessage:0 android.os.Looper.loopOnce:296 
06-30 02:54:37.096  2109 16102 W ContextImpl: Calling a method in the system process without a qualified user: android.app.ContextImpl.bindService:2168 android.content.ContextWrapper.bindService:906 com.google.android.gms.wearable.zzz.dispatchMessageTraced:45 com.google.android.gms.libs.punchclock.threads.TracingHandler.dispatchMessage:0 android.os.Looper.loopOnce:296 
06-30 02:54:37.107  1719  1974 W ContextImpl: Calling a method in the system process without a qualified user: android.app.ContextImpl.sendStickyBroadcast:1775 android.net.connectivity.com.android.server.ConnectivityService.sendStickyBroadcast:4529 android.net.connectivity.com.android.server.ConnectivityService.sendGeneralBroadcast:4499 android.net.connectivity.com.android.server.ConnectivityService.sendConnectedBroadcast:4472 android.net.connectivity.com.android.server.ConnectivityService.sendLegacyNetworkBroadcast:13802 
06-30 02:54:37.218  2109 16102 W ContextImpl: Calling a method in the system process without a qualified user: android.app.ContextImpl.bindService:2168 android.content.ContextWrapper.bindService:906 com.google.android.gms.wearable.zzz.dispatchMessageTraced:45 com.google.android.gms.libs.punchclock.threads.TracingHandler.dispatchMessage:0 android.os.Looper.loopOnce:296 
06-30 02:54:37.219  1719  1719 W ProcessStats: Tracking association SourceState{7946d10 system/1000 BFgs #19342} whose proc state 4 is better than process ProcessState{e5e8933 com.google.android.tts/10049 pkg=com.google.android.tts} proc state 14 (0 skipped)
06-30 02:54:37.233  1719  1719 D BackupManagerConstants: getFullBackupIntervalMilliseconds(...) returns 86400000
06-30 02:54:37.233  1719  1719 D BackupManagerConstants: getKeyValueBackupIntervalMilliseconds(...) returns 43200000
06-30 02:54:37.235  1719  1719 I BackupManagerService: [UserID:0] Beginning scheduled full backup operation
06-30 02:54:37.241  1719  1719 I BackupManagerService: [UserID:0] Full backup time but com.qti.phone is busy; deferring to 2026-06-30 04:36:24
06-30 02:54:37.242  1719  1719 I BackupManagerService: [UserID:0] Nothing pending full backup or failed to start the operation; rescheduling +114673
06-30 02:54:37.242  1719  1719 D BackupManagerConstants: getFullBackupRequiredNetworkType(...) returns 2
06-30 02:54:37.243  1719  1719 D BackupManagerConstants: getFullBackupRequireCharging(...) returns true
06-30 02:54:37.258  1719  1719 W JobScheduler: Job didn't exist in JobStore: 851c154 #1000/52418896 android/com.android.server.backup.FullBackupJob
06-30 02:54:37.292  2109 16102 W ContextImpl: Calling a method in the system process without a qualified user: android.app.ContextImpl.bindService:2168 android.content.ContextWrapper.bindService:906 com.google.android.gms.wearable.zzz.dispatchMessageTraced:45 com.google.android.gms.libs.punchclock.threads.TracingHandler.dispatchMessage:0 android.os.Looper.loopOnce:296 
06-30 02:54:37.313  2109 16102 W ContextImpl: Calling a method in the system process without a qualified user: android.app.ContextImpl.bindService:2168 android.content.ContextWrapper.bindService:906 com.google.android.gms.wearable.zzz.dispatchMessageTraced:45 com.google.android.gms.libs.punchclock.threads.TracingHandler.dispatchMessage:0 android.os.Looper.loopOnce:296 
06-30 02:54:37.491  2109 16102 W ContextImpl: Calling a method in the system process without a qualified user: android.app.ContextImpl.bindService:2168 android.content.ContextWrapper.bindService:906 com.google.android.gms.wearable.zzz.dispatchMessageTraced:45 com.google.android.gms.libs.punchclock.threads.TracingHandler.dispatchMessage:0 android.os.Looper.loopOnce:296 
06-30 02:54:37.517  2109 16102 W ContextImpl: Calling a method in the system process without a qualified user: android.app.ContextImpl.bindService:2168 android.content.ContextWrapper.bindService:906 com.google.android.gms.wearable.zzz.dispatchMessageTraced:45 com.google.android.gms.libs.punchclock.threads.TracingHandler.dispatchMessage:0 android.os.Looper.loopOnce:296 
06-30 02:54:37.794  2109 16102 W ContextImpl: Calling a method in the system process without a qualified user: android.app.ContextImpl.bindService:2168 android.content.ContextWrapper.bindService:906 com.google.android.gms.wearable.zzz.dispatchMessageTraced:45 com.google.android.gms.libs.punchclock.threads.TracingHandler.dispatchMessage:0 android.os.Looper.loopOnce:296 
06-30 02:54:37.844  1719  2161 V SettingsShellCmd: putForUser(userId=0, table=global, key=airplane_mode_on, value=0, tag=null, makeDefault=false, overrideableByRestore=false)
06-30 02:54:37.853  2109 16102 W ContextImpl: Calling a method in the system process without a qualified user: android.app.ContextImpl.bindService:2168 android.content.ContextWrapper.bindService:906 com.google.android.gms.wearable.zzz.dispatchMessageTraced:45 com.google.android.gms.libs.punchclock.threads.TracingHandler.dispatchMessage:0 android.os.Looper.loopOnce:296 
06-30 02:54:37.896 14970 14978 D android.hardware.wifi-service-lazy: Initialize legacy HAL
06-30 02:54:37.900 14970 14978 I android.hardware.wifi-service-lazy: Wifi HAL started
06-30 02:54:37.906 14970 14978 W android.hardware.wifi-service-lazy: No active wlan interfaces in use! Using default
06-30 02:54:37.907 14970 14978 E android.hardware.wifi-service-lazy: Unknown iface name: wlan0
06-30 02:54:37.907 14970 14978 E android.hardware.wifi-service-lazy: Unknown iface name: wlan0
06-30 02:54:37.918  2109 16102 W ContextImpl: Calling a method in the system process without a qualified user: android.app.ContextImpl.bindService:2168 android.content.ContextWrapper.bindService:906 com.google.android.gms.wearable.zzz.dispatchMessageTraced:45 com.google.android.gms.libs.punchclock.threads.TracingHandler.dispatchMessage:0 android.os.Looper.loopOnce:296 
06-30 02:54:37.920 14970 14970 W android.hardware.wifi-service-lazy: No active wlan interfaces in use! Using default
06-30 02:54:37.920 14970 14970 E android.hardware.wifi-service-lazy: Unknown iface name: wlan0
06-30 02:54:37.920 14970 14970 E android.hardware.wifi-service-lazy: Unknown iface name: wlan0
06-30 02:54:37.929 14970 14970 D android.hardware.wifi-service-lazy: Waiting for the driver ready
06-30 02:54:37.937 14970 14970 D android.hardware.wifi-service-lazy: Starting legacy HAL
06-30 02:54:37.963 14970 14970 I android.hardware.wifi-service-lazy: Adding interface handle for wlan0
06-30 02:54:37.963 14970 14970 I android.hardware.wifi-service-lazy: Adding interface handle for p2p0
06-30 02:54:37.963 14970 14970 D android.hardware.wifi-service-lazy: Legacy HAL start complete
06-30 02:54:37.963 14970 14970 W android.hardware.wifi-service-lazy: No active wlan interfaces in use! Using default
06-30 02:54:37.964 14970 14970 W android.hardware.wifi-service-lazy: No active wlan interfaces in use! Using default
06-30 02:54:37.965 14970 19313 D android.hardware.wifi-service-lazy: Starting legacy HAL event loop
06-30 02:54:37.967 14970 14970 E android.hardware.wifi-service-lazy: Failed to get SupportedIfaceCombinations matrix from legacy HAL: NOT_SUPPORTED
06-30 02:54:37.967 14970 14970 I android.hardware.wifi-service-lazy: Configured chip in mode 0
06-30 02:54:37.967 14970 14970 W android.hardware.wifi-service-lazy: No active wlan interfaces in use! Using default
06-30 02:54:37.971 14970 14970 I android.hardware.wifi-service-lazy: Adding interface handle for wlan0
06-30 02:54:37.971 14970 14970 I android.hardware.wifi-service-lazy: Adding interface handle for p2p0
06-30 02:54:37.985  1719  4356 W ActivityManager: Unable to start service Intent { act=com.google.android.gms.onboardingconsent.api.ConsentManagerApiService.START xflg=0x4 pkg=com.google.android.gms } U=0: not found
06-30 02:54:37.995  1719  2161 W ActivityManager: Unbind failed: could not find connection for android.os.BinderProxy@e9d40d4
06-30 02:54:38.004 14970 14970 I android.hardware.wifi-service-lazy: twtRegisterEvents is not supported-3
06-30 02:54:38.104  2109 16102 W ContextImpl: Calling a method in the system process without a qualified user: android.app.ContextImpl.bindService:2168 android.content.ContextWrapper.bindService:906 com.google.android.gms.wearable.zzz.dispatchMessageTraced:45 com.google.android.gms.libs.punchclock.threads.TracingHandler.dispatchMessage:0 android.os.Looper.loopOnce:296 
06-30 02:54:38.118  2109 16102 W ContextImpl: Calling a method in the system process without a qualified user: android.app.ContextImpl.bindService:2168 android.content.ContextWrapper.bindService:906 com.google.android.gms.wearable.zzz.dispatchMessageTraced:45 com.google.android.gms.libs.punchclock.threads.TracingHandler.dispatchMessage:0 android.os.Looper.loopOnce:296 
06-30 02:54:38.409  2109 16102 W ContextImpl: Calling a method in the system process without a qualified user: android.app.ContextImpl.bindService:2168 android.content.ContextWrapper.bindService:906 com.google.android.gms.wearable.zzz.dispatchMessageTraced:45 com.google.android.gms.libs.punchclock.threads.TracingHandler.dispatchMessage:0 android.os.Looper.loopOnce:296 
06-30 02:54:38.574  2109 16102 W ContextImpl: Calling a method in the system process without a qualified user: android.app.ContextImpl.bindService:2168 android.content.ContextWrapper.bindService:906 com.google.android.gms.wearable.zzz.dispatchMessageTraced:45 com.google.android.gms.libs.punchclock.threads.TracingHandler.dispatchMessage:0 android.os.Looper.loopOnce:296 
06-30 02:54:38.616  2109 16102 W ContextImpl: Calling a method in the system process without a qualified user: android.app.ContextImpl.bindService:2168 android.content.ContextWrapper.bindService:906 com.google.android.gms.wearable.zzz.dispatchMessageTraced:45 com.google.android.gms.libs.punchclock.threads.TracingHandler.dispatchMessage:0 android.os.Looper.loopOnce:296 
06-30 02:54:38.640  2109 16102 W ContextImpl: Calling a method in the system process without a qualified user: android.app.ContextImpl.bindService:2168 android.content.ContextWrapper.bindService:906 com.google.android.gms.wearable.zzz.dispatchMessageTraced:45 com.google.android.gms.libs.punchclock.threads.TracingHandler.dispatchMessage:0 android.os.Looper.loopOnce:296 
06-30 02:54:38.819  2109 16102 W ContextImpl: Calling a method in the system process without a qualified user: android.app.ContextImpl.bindService:2168 android.content.ContextWrapper.bindService:906 com.google.android.gms.wearable.zzz.dispatchMessageTraced:45 com.google.android.gms.libs.punchclock.threads.TracingHandler.dispatchMessage:0 android.os.Looper.loopOnce:296 
06-30 02:54:38.861  2109 16102 W ContextImpl: Calling a method in the system process without a qualified user: android.app.ContextImpl.bindService:2168 android.content.ContextWrapper.bindService:906 com.google.android.gms.wearable.zzz.dispatchMessageTraced:45 com.google.android.gms.libs.punchclock.threads.TracingHandler.dispatchMessage:0 android.os.Looper.loopOnce:296 
06-30 02:54:38.921  2109 16102 W ContextImpl: Calling a method in the system process without a qualified user: android.app.ContextImpl.bindService:2168 android.content.ContextWrapper.bindService:906 com.google.android.gms.wearable.zzz.dispatchMessageTraced:45 com.google.android.gms.libs.punchclock.threads.TracingHandler.dispatchMessage:0 android.os.Looper.loopOnce:296 
06-30 02:54:38.973  2109 16102 W ContextImpl: Calling a method in the system process without a qualified user: android.app.ContextImpl.bindService:2168 android.content.ContextWrapper.bindService:906 com.google.android.gms.wearable.zzz.dispatchMessageTraced:45 com.google.android.gms.libs.punchclock.threads.TracingHandler.dispatchMessage:0 android.os.Looper.loopOnce:296 
06-30 02:54:39.160  2109 16102 W ContextImpl: Calling a method in the system process without a qualified user: android.app.ContextImpl.bindService:2168 android.content.ContextWrapper.bindService:906 com.google.android.gms.wearable.zzz.dispatchMessageTraced:45 com.google.android.gms.libs.punchclock.threads.TracingHandler.dispatchMessage:0 android.os.Looper.loopOnce:296 
--------- beginning of main
06-30 02:54:39.291  2109  2291 I WearServices: [WBridgedItemsController]Displaying bridged notification RemoteStreamItemId[creatorNodeId=96eb2ede, notificationKey=0|org.telegram.messenger|-2018899172|null|10343, packageName=org.telegram.messenger, id=-2018899172, tag=null, revision=49345, originalRevision=-1, isLiveUpdate=false] as StreamItemIdAndRevision{streamItemId=StreamItemId{source=2, key=0|org.telegram.messenger|-2018899172|null|10343}, revision=49345, originalRevision=49216, updateCount=0}
06-30 02:54:39.300  2109  2291 D BridgerRecords:   bridged item received updated item id %sStreamItem(StreamItemIdAndRevision{streamItemId=StreamItemId{source=2, key=0|org.telegram.messenger|-2130036964|null|10343}, revision=49344, originalRevision=49208, updateCount=17},StreamItemState{isRead=false, dismissalReasons=[], filteredReasons=[], expiredDueToConnectivity=null, expiredDueToThrottling=null},AutoValue_StreamItemData{hidden=0, packageName=org.telegram.messenger, id=-2130036964, tag=null, flags=16, isOngoing=false, isNotClearable=false, onlyAlertOnce=false, source=GmsBridger, userId=0, isWorkProfile=false, appName=Telegram, priority=0, category=msg, group=messages, groupKey=org.telegram.messenger:0|org.telegram.messenger|g:messages, hasGroupSummary=false, sortKey=9223370254088481807, getChannel=null, postTime=1782768279261, originalPostTime=1782768266815, lastPostedAsInterruptiveTime=0, shouldVibrate=false, vibrationPattern=null, hasSound=false, hasAlreadyShown=false, groupAlertBehavior=1, alertParams=StreamAlertParams{idAndRevision=StreamItemIdAndRevision{streamItemId=StreamItemId{source=2, key=0|org.telegram.messenger|-2130036964|null|10343}, revision=49344, originalRevision=49208, updateCount=17}, isMuted=true, hasSound=false, shouldVibrate=false, vibrationPattern=null}, styleName=androidx.core.app.NotificationCompat$MessagingStyle, progress=unused, isIndeterminateProgress=false, isMediaNotification=false, displayName=[3Chars,hashed3Chars=15bff], conversationTitle=null, messagesSize=2, message[0]=Message{sender=[35Chars,hashed8Chars=5d6c2e9e], text=[390Chars,hashed8Chars=93c35d72], uri=null, dataMime=null}, message[1]=Message{sender=[35Chars,hashed8Chars=5d6c2e9e], text=[361Chars,hashed8Chars=93d63005], uri=null, dataMime=null}, isGroupConversation=false, textLinesSize=0, bigText=null, bigTitle=null, summaryText=null, title=[35Chars,hashed8Chars=5d6c2e9e], ticker=null, contentText=null, subText=null, shortCriticalText=null, peopleSize=0, color=-15618822, hasBigPicture=false, hasLargeIcon=false, hasAppIcon=true, supplementalBitmapKeysSize=0, actionsCount=1, bridgedContentIntent[present]=true, bridgedContentIntentId[present]=true, fullScreenIntent=null, localOnly=true, isEmergency=false, startScrollBottom=false, doesContentIntentLaunchActivity=false, contentActionIndex=-1, wearableActionsCount=0, bridgeTag=tgaccount6275317298, dismissalId=null, locusId=null, shortcutId=null, hasOngoingActivityData=false, ongoingActivityPackageNameSubstitute=null, filteringData=FilteringData{originalPackageName=null, isMediaStyle=false, tag=null, channelId=null, isEmptyNotification=false, isClockworkForegroundService=false, isFrameworksForegroundNotification=false, hasInvalidWearableExtender=false, isFromAppHandlingMissedCallNotification=false, isFromDefaultSmsApp=false, isEmptySettingsNotification=false, isOngoingActivityStyle=false}, remoteStreamItemId=RemoteStreamItemId[creatorNodeId=96eb2ede, notificationKey=0|org.telegram.messenger|-2130036964|null|10343, packageName=org.telegram.messenger, id=-2130036964, tag=null, revision=49344, originalRevision=-1, isLiveUpdate=false], remoteNodeId=96eb2ede, isMediaStyle=false, isDelayable=false})
06-30 02:54:39.326  2109  2291 I WearServices: [WBridgedItemsController]Displaying bridged notification RemoteStreamItemId[creatorNodeId=96eb2ede, notificationKey=0|org.telegram.messenger|1837156378|null|10343, packageName=org.telegram.messenger, id=1837156378, tag=null, revision=49346, originalRevision=-1, isLiveUpdate=false] as StreamItemIdAndRevision{streamItemId=StreamItemId{source=2, key=0|org.telegram.messenger|1837156378|null|10343}, revision=49346, originalRevision=49084, updateCount=0}
06-30 02:54:39.331  2109  2291 D BridgerRecords:   bridged item received updated item id %sStreamItem(StreamItemIdAndRevision{streamItemId=StreamItemId{source=2, key=0|org.telegram.messenger|-2018899172|null|10343}, revision=49345, originalRevision=49216, updateCount=14},StreamItemState{isRead=false, dismissalReasons=[], filteredReasons=[], expiredDueToConnectivity=null, expiredDueToThrottling=null},AutoValue_StreamItemData{hidden=0, packageName=org.telegram.messenger, id=-2018899172, tag=null, flags=16, isOngoing=false, isNotClearable=false, onlyAlertOnce=false, source=GmsBridger, userId=0, isWorkProfile=false, appName=Telegram, priority=0, category=msg, group=messages, groupKey=org.telegram.messenger:0|org.telegram.messenger|g:messages, hasGroupSummary=false, sortKey=9223370254089467807, getChannel=null, postTime=1782768279291, originalPostTime=1782768266828, lastPostedAsInterruptiveTime=0, shouldVibrate=false, vibrationPattern=null, hasSound=false, hasAlreadyShown=false, groupAlertBehavior=1, alertParams=StreamAlertParams{idAndRevision=StreamItemIdAndRevision{streamItemId=StreamItemId{source=2, key=0|org.telegram.messenger|-2018899172|null|10343}, revision=49345, originalRevision=49216, updateCount=14}, isMuted=true, hasSound=false, shouldVibrate=false, vibrationPattern=null}, styleName=androidx.core.app.NotificationCompat$MessagingStyle, progress=unused, isIndeterminateProgress=false, isMediaNotification=false, displayName=[3Chars,hashed3Chars=15bff], conversationTitle=null, messagesSize=1, message[0]=Message{sender=[20Chars,hashed8Chars=a6ec6e12], text=[80Chars,hashed8Chars=de069a80], uri=null, dataMime=null}, isGroupConversation=false, textLinesSize=0, bigText=null, bigTitle=null, summaryText=null, title=[20Chars,hashed8Chars=a6ec6e12], ticker=null, contentText=null, subText=null, shortCriticalText=null, peopleSize=0, color=-15618822, hasBigPicture=false, hasLargeIcon=false, hasAppIcon=true, supplementalBitmapKeysSize=0, actionsCount=1, bridgedContentIntent[present]=true, bridgedContentIntentId[present]=true, fullScreenIntent=null, localOnly=true, isEmergency=false, startScrollBottom=false, doesContentIntentLaunchActivity=false, contentActionIndex=-1, wearableActionsCount=0, bridgeTag=tgaccount6275317298, dismissalId=null, locusId=null, shortcutId=null, hasOngoingActivityData=false, ongoingActivityPackageNameSubstitute=null, filteringData=FilteringData{originalPackageName=null, isMediaStyle=false, tag=null, channelId=null, isEmptyNotification=false, isClockworkForegroundService=false, isFrameworksForegroundNotification=false, hasInvalidWearableExtender=false, isFromAppHandlingMissedCallNotification=false, isFromDefaultSmsApp=false, isEmptySettingsNotification=false, isOngoingActivityStyle=false}, remoteStreamItemId=RemoteStreamItemId[creatorNodeId=96eb2ede, notificationKey=0|org.telegram.messenger|-2018899172|null|10343, packageName=org.telegram.messenger, id=-2018899172, tag=null, revision=49345, originalRevision=-1, isLiveUpdate=false], remoteNodeId=96eb2ede, isMediaStyle=false, isDelayable=false})
06-30 02:54:39.354  2109  2291 I WearServices: [WBridgedItemsController]Displaying bridged notification RemoteStreamItemId[creatorNodeId=96eb2ede, notificationKey=0|org.telegram.messenger|-1829660403|null|10343, packageName=org.telegram.messenger, id=-1829660403, tag=null, revision=49348, originalRevision=-1, isLiveUpdate=false] as StreamItemIdAndRevision{streamItemId=StreamItemId{source=2, key=0|org.telegram.messenger|-1829660403|null|10343}, revision=49348, originalRevision=49262, updateCount=0}
06-30 02:54:39.358  2109  2291 D BridgerRecords:   bridged item received updated item id %sStreamItem(StreamItemIdAndRevision{streamItemId=StreamItemId{source=2, key=0|org.telegram.messenger|1837156378|null|10343}, revision=49346, originalRevision=49084, updateCount=44},StreamItemState{isRead=false, dismissalReasons=[], filteredReasons=[], expiredDueToConnectivity=null, expiredDueToThrottling=null},AutoValue_StreamItemData{hidden=0, packageName=org.telegram.messenger, id=1837156378, tag=null, flags=16, isOngoing=false, isNotClearable=false, onlyAlertOnce=false, source=GmsBridger, userId=0, isWorkProfile=false, appName=Telegram, priority=0, category=msg, group=messages, groupKey=org.telegram.messenger:0|org.telegram.messenger|g:messages, hasGroupSummary=false, sortKey=9223370254090779807, getChannel=null, postTime=1782768279326, originalPostTime=1782768266907, lastPostedAsInterruptiveTime=1782763998225, shouldVibrate=false, vibrationPattern=null, hasSound=false, hasAlreadyShown=false, groupAlertBehavior=1, alertParams=StreamAlertParams{idAndRevision=StreamItemIdAndRevision{streamItemId=StreamItemId{source=2, key=0|org.telegram.messenger|1837156378|null|10343}, revision=49346, originalRevision=49084, updateCount=44}, isMuted=true, hasSound=false, shouldVibrate=false, vibrationPattern=null}, styleName=androidx.core.app.NotificationCompat$MessagingStyle, progress=unused, isIndeterminateProgress=false, isMediaNotification=false, displayName=[3Chars,hashed3Chars=15bff], conversationTitle=[25Chars,hashed8Chars=71797bfd], messagesSize=1, message[0]=Message{sender=[34Chars,hashed8Chars=716dee54], text=[558Chars,hashed8Chars=dc676831], uri=null, dataMime=null}, isGroupConversation=true, textLinesSize=0, bigText=null, bigTitle=null, summaryText=null, title=[69Chars,hashed8Chars=35210822], ticker=null, contentText=null, subText=null, shortCriticalText=null, peopleSize=0, color=-15618822, hasBigPicture=false, hasLargeIcon=false, hasAppIcon=true, supplementalBitmapKeysSize=0, actionsCount=2, bridgedContentIntent[present]=true, bridgedContentIntentId[present]=true, fullScreenIntent=null, localOnly=true, isEmergency=false, startScrollBottom=false, doesContentIntentLaunchActivity=false, contentActionIndex=-1, wearableActionsCount=1, bridgeTag=tgaccount6275317298, dismissalId=null, locusId=null, shortcutId=null, hasOngoingActivityData=false, ongoingActivityPackageNameSubstitute=null, filteringData=FilteringData{originalPackageName=null, isMediaStyle=false, tag=null, channelId=null, isEmptyNotification=false, isClockworkForegroundService=false, isFrameworksForegroundNotification=false, hasInvalidWearableExtender=false, isFromAppHandlingMissedCallNotification=false, isFromDefaultSmsApp=false, isEmptySettingsNotification=false, isOngoingActivityStyle=false}, remoteStreamItemId=RemoteStreamItemId[creatorNodeId=96eb2ede, notificationKey=0|org.telegram.messenger|1837156378|null|10343, packageName=org.telegram.messenger, id=1837156378, tag=null, revision=49346, originalRevision=-1, isLiveUpdate=false], remoteNodeId=96eb2ede, isMediaStyle=false, isDelayable=false})
06-30 02:54:39.379  2109  2291 I WearServices: [WBridgedItemsController]Displaying bridged notification RemoteStreamItemId[creatorNodeId=96eb2ede, notificationKey=0|org.telegram.messenger|-1829660403|null|10343, packageName=org.telegram.messenger, id=-1829660403, tag=null, revision=49349, originalRevision=-1, isLiveUpdate=false] as StreamItemIdAndRevision{streamItemId=StreamItemId{source=2, key=0|org.telegram.messenger|-1829660403|null|10343}, revision=49349, originalRevision=49262, updateCount=0}
06-30 02:54:39.383  2109  2291 D BridgerRecords:   bridged item received updated item id %sStreamItem(StreamItemIdAndRevision{streamItemId=StreamItemId{source=2, key=0|org.telegram.messenger|-1829660403|null|10343}, revision=49348, originalRevision=49262, updateCount=12},StreamItemState{isRead=false, dismissalReasons=[], filteredReasons=[], expiredDueToConnectivity=null, expiredDueToThrottling=null},AutoValue_StreamItemData{hidden=0, packageName=org.telegram.messenger, id=-1829660403, tag=null, flags=16, isOngoing=false, isNotClearable=false, onlyAlertOnce=false, source=GmsBridger, userId=0, isWorkProfile=false, appName=Telegram, priority=0, category=msg, group=messages, groupKey=org.telegram.messenger:0|org.telegram.messenger|g:messages, hasGroupSummary=false, sortKey=9223370254087469807, getChannel=null, postTime=1782768279354, originalPostTime=1782768267114, lastPostedAsInterruptiveTime=0, shouldVibrate=false, vibrationPattern=null, hasSound=false, hasAlreadyShown=false, groupAlertBehavior=1, alertParams=StreamAlertParams{idAndRevision=StreamItemIdAndRevision{streamItemId=StreamItemId{source=2, key=0|org.telegram.messenger|-1829660403|null|10343}, revision=49348, originalRevision=49262, updateCount=12}, isMuted=true, hasSound=false, shouldVibrate=false, vibrationPattern=null}, styleName=androidx.core.app.NotificationCompat$MessagingStyle, progress=unused, isIndeterminateProgress=false, isMediaNotification=false, displayName=[3Chars,hashed3Chars=15bff], conversationTitle=[16Chars,hashed8Chars=14258ca9], messagesSize=2, message[0]=Message{sender=[7Chars,hashed7Chars=ac94be81], text=[8Chars,hashed8Chars=4b7060a9], uri=null, dataMime=null}, message[1]=Message{sender=[8Chars,hashed8Chars=90b63577], text=[8Chars,hashed8Chars=4b7060a9], uri=null, dataMime=null}, isGroupConversation=true, textLinesSize=0, bigText=null, bigTitle=null, summaryText=null, title=[26Chars,hashed8Chars=14258ca9], ticker=null, contentText=null, subText=null, shortCriticalText=null, peopleSize=0, color=-15618822, hasBigPicture=false, hasLargeIcon=false, hasAppIcon=true, supplementalBitmapKeysSize=0, actionsCount=2, bridgedContentIntent[present]=true, bridgedContentIntentId[present]=true, fullScreenIntent=null, localOnly=true, isEmergency=false, startScrollBottom=false, doesContentIntentLaunchActivity=false, contentActionIndex=-1, wearableActionsCount=1, bridgeTag=tgaccount6275317298, dismissalId=null, locusId=null, shortcutId=null, hasOngoingActivityData=false, ongoingActivityPackageNameSubstitute=null, filteringData=FilteringData{originalPackageName=null, isMediaStyle=false, tag=null, channelId=null, isEmptyNotification=false, isClockworkForegroundService=false, isFrameworksForegroundNotification=false, hasInvalidWearableExtender=false, isFromAppHandlingMissedCallNotification=false, isFromDefaultSmsApp=false, isEmptySettingsNotification=false, isOngoingActivityStyle=false}, remoteStreamItemId=RemoteStreamItemId[creatorNodeId=96eb2ede, notificationKey=0|org.telegram.messenger|-1829660403|null|10343, packageName=org.telegram.messenger, id=-1829660403, tag=null, revision=49348, originalRevision=-1, isLiveUpdate=false], remoteNodeId=96eb2ede, isMediaStyle=false, isDelayable=false})
06-30 02:54:39.391  2109  2291 D BridgerRecords:   bridged item received updated item id %sStreamItem(StreamItemIdAndRevision{streamItemId=StreamItemId{source=2, key=0|org.telegram.messenger|-1829660403|null|10343}, revision=49349, originalRevision=49262, updateCount=13},StreamItemState{isRead=false, dismissalReasons=[], filteredReasons=[], expiredDueToConnectivity=null, expiredDueToThrottling=null},AutoValue_StreamItemData{hidden=0, packageName=org.telegram.messenger, id=-1829660403, tag=null, flags=16, isOngoing=false, isNotClearable=false, onlyAlertOnce=false, source=GmsBridger, userId=0, isWorkProfile=false, appName=Telegram, priority=0, category=msg, group=messages, groupKey=org.telegram.messenger:0|org.telegram.messenger|g:messages, hasGroupSummary=false, sortKey=9223370254087469807, getChannel=null, postTime=1782768279379, originalPostTime=1782768267326, lastPostedAsInterruptiveTime=0, shouldVibrate=false, vibrationPattern=null, hasSound=false, hasAlreadyShown=false, groupAlertBehavior=1, alertParams=StreamAlertParams{idAndRevision=StreamItemIdAndRevision{streamItemId=StreamItemId{source=2, key=0|org.telegram.messenger|-1829660403|null|10343}, revision=49349, originalRevision=49262, updateCount=13}, isMuted=true, hasSound=false, shouldVibrate=false, vibrationPattern=null}, styleName=androidx.core.app.NotificationCompat$MessagingStyle, progress=unused, isIndeterminateProgress=false, isMediaNotification=false, displayName=[3Chars,hashed3Chars=15bff], conversationTitle=[16Chars,hashed8Chars=14258ca9], messagesSize=2, message[0]=Message{sender=[7Chars,hashed7Chars=ac94be81], text=[8Chars,hashed8Chars=4b7060a9], uri=null, dataMime=null}, message[1]=Message{sender=[8Chars,hashed8Chars=90b63577], text=[8Chars,hashed8Chars=4b7060a9], uri=null, dataMime=null}, isGroupConversation=true, textLinesSize=0, bigText=null, bigTitle=null, summaryText=null, title=[26Chars,hashed8Chars=14258ca9], ticker=null, contentText=null, subText=null, shortCriticalText=null, peopleSize=0, color=-15618822, hasBigPicture=false, hasLargeIcon=false, hasAppIcon=true, supplementalBitmapKeysSize=0, actionsCount=2, bridgedContentIntent[present]=true, bridgedContentIntentId[present]=true, fullScreenIntent=null, localOnly=true, isEmergency=false, startScrollBottom=false, doesContentIntentLaunchActivity=false, contentActionIndex=-1, wearableActionsCount=1, bridgeTag=tgaccount6275317298, dismissalId=null, locusId=null, shortcutId=null, hasOngoingActivityData=false, ongoingActivityPackageNameSubstitute=null, filteringData=FilteringData{originalPackageName=null, isMediaStyle=false, tag=null, channelId=null, isEmptyNotification=false, isClockworkForegroundService=false, isFrameworksForegroundNotification=false, hasInvalidWearableExtender=false, isFromAppHandlingMissedCallNotification=false, isFromDefaultSmsApp=false, isEmptySettingsNotification=false, isOngoingActivityStyle=false}, remoteStreamItemId=RemoteStreamItemId[creatorNodeId=96eb2ede, notificationKey=0|org.telegram.messenger|-1829660403|null|10343, packageName=org.telegram.messenger, id=-1829660403, tag=null, revision=49349, originalRevision=-1, isLiveUpdate=false], remoteNodeId=96eb2ede, isMediaStyle=false, isDelayable=false})
06-30 02:54:39.424  2109  2291 I WearServices: [WBridgedItemsController]Displaying bridged notification RemoteStreamItemId[creatorNodeId=96eb2ede, notificationKey=0|org.telegram.messenger|-1129491013|null|10343, packageName=org.telegram.messenger, id=-1129491013, tag=null, revision=49352, originalRevision=-1, isLiveUpdate=false] as StreamItemIdAndRevision{streamItemId=StreamItemId{source=2, key=0|org.telegram.messenger|-1129491013|null|10343}, revision=49352, originalRevision=49100, updateCount=0}
06-30 02:54:39.447 19308 19308 D nativeloader: Load libframework-connectivity-tiramisu-jni.so using APEX ns com_android_tethering for caller /apex/com.android.tethering/javalib/framework-connectivity-t.jar: ok
06-30 02:54:39.449 19308 19308 D AndroidRuntime: Calling main entry com.android.commands.content.Content
06-30 02:54:39.449  2109  2291 I WearServices: [WBridgedItemsController]Displaying bridged notification RemoteStreamItemId[creatorNodeId=96eb2ede, notificationKey=0|org.telegram.messenger|-1829660403|null|10343, packageName=org.telegram.messenger, id=-1829660403, tag=null, revision=49353, originalRevision=-1, isLiveUpdate=false] as StreamItemIdAndRevision{streamItemId=StreamItemId{source=2, key=0|org.telegram.messenger|-1829660403|null|10343}, revision=49353, originalRevision=49262, updateCount=0}
06-30 02:54:39.453  2109  2291 D BridgerRecords:   bridged item received updated item id %sStreamItem(StreamItemIdAndRevision{streamItemId=StreamItemId{source=2, key=0|org.telegram.messenger|-1129491013|null|10343}, revision=49352, originalRevision=49100, updateCount=46},StreamItemState{isRead=false, dismissalReasons=[], filteredReasons=[], expiredDueToConnectivity=null, expiredDueToThrottling=null},AutoValue_StreamItemData{hidden=0, packageName=org.telegram.messenger, id=-1129491013, tag=null, flags=16, isOngoing=false, isNotClearable=false, onlyAlertOnce=false, source=GmsBridger, userId=0, isWorkProfile=false, appName=Telegram, priority=0, category=msg, group=messages, groupKey=org.telegram.messenger:0|org.telegram.messenger|g:messages, hasGroupSummary=false, sortKey=9223370254086521807, getChannel=null, postTime=1782768279424, originalPostTime=1782768269405, lastPostedAsInterruptiveTime=0, shouldVibrate=false, vibrationPattern=null, hasSound=false, hasAlreadyShown=false, groupAlertBehavior=1, alertParams=StreamAlertParams{idAndRevision=StreamItemIdAndRevision{streamItemId=StreamItemId{source=2, key=0|org.telegram.messenger|-1129491013|null|10343}, revision=49352, originalRevision=49100, updateCount=46}, isMuted=true, hasSound=false, shouldVibrate=false, vibrationPattern=null}, styleName=androidx.core.app.NotificationCompat$MessagingStyle, progress=unused, isIndeterminateProgress=false, isMediaNotification=false, displayName=[3Chars,hashed3Chars=15bff], conversationTitle=null, messagesSize=25, message[0]=Message{sender=[10Chars,hashed8Chars=6ced1d44], text=[316Chars,hashed8Chars=57707502], uri=null, dataMime=null}, message[1]=Message{sender=[10Chars,hashed8Chars=6ced1d44], text=[335Chars,hashed8Chars=57707502], uri=null, dataMime=null}, message[2]=Message{sender=[10Chars,hashed8Chars=6ced1d44], text=[318Chars,hashed8Chars=57707502], uri=null, dataMime=null}, message[3]=Message{sender=[10Chars,hashed8Chars=6ced1d44], text=[606Chars,hashed8Chars=57707502], uri=null, dataMime=null}, message[4]=Message{sender=[10Chars,hashed8Chars=6ced1d44], text=[264Chars,hashed8Chars=57707502], uri=null, dataMime=null}, message[5]=Message{sender=[10Chars,hashed8Chars=6ced1d44], text=[320Chars,hashed8Chars=57707502], uri=null, dataMime=null}, message[6]=Message{sender=[10Chars,hashed8Chars=6ced1d44], text=[234Chars,hashed8Chars=57707502], uri=null, dataMime=null}, message[7]=Message{sender=[10Chars,hashed8Chars=6ced1d44], text=[368Chars,hashed8Chars=57707502], uri=null, dataMime=null}, message[8]=Message{sender=[10Chars,hashed8Chars=6ced1d44], text=[395Chars,hashed8Chars=57707502], uri=null, dataMime=null}, message[9]=Message{sender=[10Chars,hashed8Chars=6ced1d44], text=[408Chars,hashed8Chars=57707502], uri=null, dataMime=null}, message[10]=Message{sender=[10Chars,hashed8Chars=6ced1d44], text=[249Chars,hashed8Chars=57707502], uri=null, dataMime=null}, message[11]=Message{sender=[10Chars,hashed8Chars=6ced1d44], text=[437Chars,hashed8Chars=57707502], uri=null, dataMime=null}, message[12]=Message{sender=[10Chars,hashed8Chars=6ced1d44], text=[384Chars,hashed8Chars=57707502], uri=null, dataMime=null}, message[13]=Message{sender=[10Chars,hashed8Chars=6ced1d44], text=[270Chars,hashed8Chars=57707502], uri=null, dataMime=null}, message[14]=Message{sender=[10Chars,hashed8Chars=6ced1d44], text=[359Chars,hashed8Chars=57707502], uri=null, dataMime=null}, message[15]=Message{sender=[10Chars,hashed8Chars=6ced1d44], text=[251Chars,hashed8Chars=57707502], uri=null, dataMime=null}, message[16]=Message{sender=[10Chars,hashed8Chars=6ced1d44], text=[232Chars,hashed8Chars=57707502], uri=null, dataMime=null}, message[17]=Message{sender=[10Chars,hashed8Chars=6ced1d44], text=[271Chars,hashed8Chars=57707502], uri=null, dataMime=null}, message[18]=Message{sender=[10Chars,hashed8Chars=6ced1d44], text=[244Chars,hashed8Chars=57707502], uri=null, dataMime=null}, message[19]=Message{sender=[10Chars,hashed8Chars=6ced1d44], text=[317Chars,hashed8Chars=57707502], uri=null, dataMime=null}, message[20]=Message{sender=[10Chars,hashed8Chars=6ced1d44], text=[412Chars,hashed8Chars=5
06-30 02:54:39.465 19308 19308 I AconfigPackage: com.android.os.statsd.flags is mapped to com.android.os.statsd
06-30 02:54:39.467 19308 19308 I AconfigPackage: com.android.uprobestats.flags is mapped to com.android.uprobestats
06-30 02:54:39.467 19308 19308 I AconfigPackage: android.uprobestats.mainline.flags is mapped to com.android.uprobestats
06-30 02:54:39.469 19308 19308 I AconfigPackage: com.android.media.extractor.flags is mapped to com.android.media
06-30 02:54:39.469 19308 19308 I AconfigPackage: com.android.media.metrics.flags is mapped to com.android.media
06-30 02:54:39.469 19308 19308 I AconfigPackage: com.android.media.mainline.flags is mapped to com.android.media
06-30 02:54:39.471 19308 19308 I AconfigPackage: com.android.adservices.flags is mapped to com.android.adservices
06-30 02:54:39.471 19308 19308 I AconfigPackage: com.android.sdksandbox.flags is mapped to com.android.adservices
06-30 02:54:39.471 19308 19308 I AconfigPackage: android.app.sdksandbox.flags is mapped to com.android.adservices
06-30 02:54:39.473 19308 19308 I AconfigPackage: com.android.npumanager is mapped to com.android.npumanager
06-30 02:54:39.474 19308 19308 I AconfigPackage: com.android.appsearch.flags is mapped to com.android.appsearch
06-30 02:54:39.476 19308 19308 I AconfigPackage: com.android.crashrecovery.flags is mapped to com.android.crashrecovery
06-30 02:54:39.477 19308 19308 I AconfigPackage: com.android.tethering.mainline.beta is mapped to com.android.tethering
06-30 02:54:39.477 19308 19308 I AconfigPackage: android.net.http is mapped to com.android.tethering
06-30 02:54:39.477 19308 19308 I AconfigPackage: com.android.tethering.readonly.flags is mapped to com.android.tethering
06-30 02:54:39.477 19308 19308 I AconfigPackage: android.net.vcn is mapped to com.android.tethering
06-30 02:54:39.477 19308 19308 I AconfigPackage: com.android.net.flags is mapped to com.android.tethering
06-30 02:54:39.477 19308 19308 I AconfigPackage: com.android.tethering.flags is mapped to com.android.tethering
06-30 02:54:39.477 19308 19308 I AconfigPackage: com.android.tethering.beta.test is mapped to com.android.tethering
06-30 02:54:39.477 19308 19308 I AconfigPackage: com.android.nearby.flags is mapped to com.android.tethering
06-30 02:54:39.477 19308 19308 I AconfigPackage: com.android.net.thread.flags is mapped to com.android.tethering
06-30 02:54:39.477 19308 19308 I AconfigPackage: com.android.net.ct.flags is mapped to com.android.tethering
06-30 02:54:39.479 19308 19308 I AconfigPackage: com.android.nfc.module.flags is mapped to com.android.nfcservices
06-30 02:54:39.479 19308 19308 I AconfigPackage: com.android.nfc.module.nonexported.flags is mapped to com.android.nfcservices
06-30 02:54:39.481 19308 19308 I AconfigPackage: com.android.uwb.flags is mapped to com.android.uwb
06-30 02:54:39.481 19308 19308 I AconfigPackage: com.android.ranging.flags is mapped to com.android.uwb
06-30 02:54:39.482 19308 19308 I AconfigPackage: com.android.rkpd.flags is mapped to com.android.rkpd
06-30 02:54:39.483  2109  2291 I WearServices: [WBridgedItemsController]Displaying bridged notification RemoteStreamItemId[creatorNodeId=96eb2ede, notificationKey=0|org.telegram.messenger|-2130036964|null|10343, packageName=org.telegram.messenger, id=-2130036964, tag=null, revision=49354, originalRevision=-1, isLiveUpdate=false] as StreamItemIdAndRevision{streamItemId=StreamItemId{source=2, key=0|org.telegram.messenger|-2130036964|null|10343}, revision=49354, originalRevision=49208, updateCount=0}
06-30 02:54:39.484 19308 19308 I AconfigPackage: com.android.system.virtualmachine.flags is mapped to com.android.virt
06-30 02:54:39.486 19308 19308 I AconfigPackage: com.android.org.conscrypt.flags is mapped to com.android.conscrypt
06-30 02:54:39.486 19308 19308 I AconfigPackage: com.android.org.conscrypt.net.flags is mapped to com.android.conscrypt
06-30 02:54:39.487  2109  2291 D BridgerRecords:   bridged item received updated item id %sStreamItem(StreamItemIdAndRevision{streamItemId=StreamItemId{source=2, key=0|org.telegram.messenger|-1829660403|null|10343}, revision=49353, originalRevision=49262, updateCount=14},StreamItemState{isRead=false, dismissalReasons=[], filteredReasons=[], expiredDueToConnectivity=null, expiredDueToThrottling=null},AutoValue_StreamItemData{hidden=0, packageName=org.telegram.messenger, id=-1829660403, tag=null, flags=16, isOngoing=false, isNotClearable=false, onlyAlertOnce=false, source=GmsBridger, userId=0, isWorkProfile=false, appName=Telegram, priority=0, category=msg, group=messages, groupKey=org.telegram.messenger:0|org.telegram.messenger|g:messages, hasGroupSummary=false, sortKey=9223370254087469807, getChannel=null, postTime=1782768279449, originalPostTime=1782768269479, lastPostedAsInterruptiveTime=0, shouldVibrate=false, vibrationPattern=null, hasSound=false, hasAlreadyShown=false, groupAlertBehavior=1, alertParams=StreamAlertParams{idAndRevision=StreamItemIdAndRevision{streamItemId=StreamItemId{source=2, key=0|org.telegram.messenger|-1829660403|null|10343}, revision=49353, originalRevision=49262, updateCount=14}, isMuted=true, hasSound=false, shouldVibrate=false, vibrationPattern=null}, styleName=androidx.core.app.NotificationCompat$MessagingStyle, progress=unused, isIndeterminateProgress=false, isMediaNotification=false, displayName=[3Chars,hashed3Chars=15bff], conversationTitle=[16Chars,hashed8Chars=14258ca9], messagesSize=2, message[0]=Message{sender=[7Chars,hashed7Chars=ac94be81], text=[8Chars,hashed8Chars=4b7060a9], uri=null, dataMime=null}, message[1]=Message{sender=[8Chars,hashed8Chars=90b63577], text=[8Chars,hashed8Chars=4b7060a9], uri=null, dataMime=null}, isGroupConversation=true, textLinesSize=0, bigText=null, bigTitle=null, summaryText=null, title=[26Chars,hashed8Chars=14258ca9], ticker=null, contentText=null, subText=null, shortCriticalText=null, peopleSize=0, color=-15618822, hasBigPicture=false, hasLargeIcon=false, hasAppIcon=true, supplementalBitmapKeysSize=0, actionsCount=2, bridgedContentIntent[present]=true, bridgedContentIntentId[present]=true, fullScreenIntent=null, localOnly=true, isEmergency=false, startScrollBottom=false, doesContentIntentLaunchActivity=false, contentActionIndex=-1, wearableActionsCount=1, bridgeTag=tgaccount6275317298, dismissalId=null, locusId=null, shortcutId=null, hasOngoingActivityData=false, ongoingActivityPackageNameSubstitute=null, filteringData=FilteringData{originalPackageName=null, isMediaStyle=false, tag=null, channelId=null, isEmptyNotification=false, isClockworkForegroundService=false, isFrameworksForegroundNotification=false, hasInvalidWearableExtender=false, isFromAppHandlingMissedCallNotification=false, isFromDefaultSmsApp=false, isEmptySettingsNotification=false, isOngoingActivityStyle=false}, remoteStreamItemId=RemoteStreamItemId[creatorNodeId=96eb2ede, notificationKey=0|org.telegram.messenger|-1829660403|null|10343, packageName=org.telegram.messenger, id=-1829660403, tag=null, revision=49353, originalRevision=-1, isLiveUpdate=false], remoteNodeId=96eb2ede, isMediaStyle=false, isDelayable=false})
06-30 02:54:39.487 19308 19308 I AconfigPackage: android.media.swcodec.flags is mapped to com.android.media.swcodec
06-30 02:54:39.489 19308 19308 I AconfigPackage: com.android.ipsec.flags is mapped to com.android.ipsec
06-30 02:54:39.491 19308 19308 I AconfigPackage: com.android.cellbroadcastreceiver.flags is mapped to com.android.cellbroadcast
06-30 02:54:39.493 19308 19308 I AconfigPackage: android.telecom.flags is mapped to com.android.telephonycore
06-30 02:54:39.493 19308 19308 I AconfigPackage: com.android.internal.telecom.flags is mapped to com.android.telephonycore
06-30 02:54:39.493 19308 19308 I AconfigPackage: com.android.telephony.flags is mapped to com.android.telephonycore
06-30 02:54:39.495 19308 19308 I AconfigPackage: com.android.devicelock.flags is mapped to com.android.devicelock
06-30 02:54:39.498 19308 19308 I AconfigPackage: com.android.permission.flags is mapped to com.android.permission
06-30 02:54:39.498 19308 19308 I AconfigPackage: com.android.permissioncontroller.flags is mapped to com.android.permission
06-30 02:54:39.500 19308 19308 I AconfigPackage: com.android.icu is mapped to com.android.i18n
06-30 02:54:39.501 19308 19308 I AconfigPackage: com.android.adservices.ondevicepersonalization.flags is mapped to com.android.ondevicepersonalization
06-30 02:54:39.503 19308 19308 I AconfigPackage: com.android.wifi.flags is mapped to com.android.wifi
06-30 02:54:39.504  2109  2291 I WearServices: [WBridgedItemsController]Displaying bridged notification RemoteStreamItemId[creatorNodeId=96eb2ede, notificationKey=0|org.telegram.messenger|-2018899172|null|10343, packageName=org.telegram.messenger, id=-2018899172, tag=null, revision=49355, originalRevision=-1, isLiveUpdate=false] as StreamItemIdAndRevision{streamItemId=StreamItemId{source=2, key=0|org.telegram.messenger|-2018899172|null|10343}, revision=49355, originalRevision=49216, updateCount=0}
06-30 02:54:39.504 19308 19308 I AconfigPackage: com.android.webapp.flags is mapped to com.android.webapp
06-30 02:54:39.506  2109  2291 D BridgerRecords:   bridged item received updated item id %sStreamItem(StreamItemIdAndRevision{streamItemId=StreamItemId{source=2, key=0|org.telegram.messenger|-2130036964|null|10343}, revision=49354, originalRevision=49208, updateCount=18},StreamItemState{isRead=false, dismissalReasons=[], filteredReasons=[], expiredDueToConnectivity=null, expiredDueToThrottling=null},AutoValue_StreamItemData{hidden=0, packageName=org.telegram.messenger, id=-2130036964, tag=null, flags=16, isOngoing=false, isNotClearable=false, onlyAlertOnce=false, source=GmsBridger, userId=0, isWorkProfile=false, appName=Telegram, priority=0, category=msg, group=messages, groupKey=org.telegram.messenger:0|org.telegram.messenger|g:messages, hasGroupSummary=false, sortKey=9223370254088481807, getChannel=null, postTime=1782768279483, originalPostTime=1782768269495, lastPostedAsInterruptiveTime=0, shouldVibrate=false, vibrationPattern=null, hasSound=false, hasAlreadyShown=false, groupAlertBehavior=1, alertParams=StreamAlertParams{idAndRevision=StreamItemIdAndRevision{streamItemId=StreamItemId{source=2, key=0|org.telegram.messenger|-2130036964|null|10343}, revision=49354, originalRevision=49208, updateCount=18}, isMuted=true, hasSound=false, shouldVibrate=false, vibrationPattern=null}, styleName=androidx.core.app.NotificationCompat$MessagingStyle, progress=unused, isIndeterminateProgress=false, isMediaNotification=false, displayName=[3Chars,hashed3Chars=15bff], conversationTitle=null, messagesSize=2, message[0]=Message{sender=[35Chars,hashed8Chars=5d6c2e9e], text=[390Chars,hashed8Chars=93c35d72], uri=null, dataMime=null}, message[1]=Message{sender=[35Chars,hashed8Chars=5d6c2e9e], text=[361Chars,hashed8Chars=93d63005], uri=null, dataMime=null}, isGroupConversation=false, textLinesSize=0, bigText=null, bigTitle=null, summaryText=null, title=[35Chars,hashed8Chars=5d6c2e9e], ticker=null, contentText=null, subText=null, shortCriticalText=null, peopleSize=0, color=-15618822, hasBigPicture=false, hasLargeIcon=false, hasAppIcon=true, supplementalBitmapKeysSize=0, actionsCount=1, bridgedContentIntent[present]=true, bridgedContentIntentId[present]=true, fullScreenIntent=null, localOnly=true, isEmergency=false, startScrollBottom=false, doesContentIntentLaunchActivity=false, contentActionIndex=-1, wearableActionsCount=0, bridgeTag=tgaccount6275317298, dismissalId=null, locusId=null, shortcutId=null, hasOngoingActivityData=false, ongoingActivityPackageNameSubstitute=null, filteringData=FilteringData{originalPackageName=null, isMediaStyle=false, tag=null, channelId=null, isEmptyNotification=false, isClockworkForegroundService=false, isFrameworksForegroundNotification=false, hasInvalidWearableExtender=false, isFromAppHandlingMissedCallNotification=false, isFromDefaultSmsApp=false, isEmptySettingsNotification=false, isOngoingActivityStyle=false}, remoteStreamItemId=RemoteStreamItemId[creatorNodeId=96eb2ede, notificationKey=0|org.telegram.messenger|-2130036964|null|10343, packageName=org.telegram.messenger, id=-2130036964, tag=null, revision=49354, originalRevision=-1, isLiveUpdate=false], remoteNodeId=96eb2ede, isMediaStyle=false, isDelayable=false})
06-30 02:54:39.506 19308 19308 I AconfigPackage: android.os.profiling is mapped to com.android.profiling
06-30 02:54:39.506 19308 19308 I AconfigPackage: android.os.profiling.anomaly.flags is mapped to com.android.profiling
06-30 02:54:39.507 19308 19308 I AconfigPackage: com.android.healthfitness.flags is mapped to com.android.healthfitness
06-30 02:54:39.509 19308 19308 I AconfigPackage: com.android.art.flags is mapped to com.android.art
06-30 02:54:39.509 19308 19308 I AconfigPackage: com.android.art.rw.flags is mapped to com.android.art
06-30 02:54:39.509 19308 19308 I AconfigPackage: com.android.libcore is mapped to com.android.art
06-30 02:54:39.510 19308 19308 I AconfigPackage: android.provider.flags is mapped to com.android.configinfrastructure
06-30 02:54:39.511 19308 19308 I AconfigPackage: com.android.server.deviceconfig is mapped to com.android.configinfrastructure
06-30 02:54:39.512  2109  2291 D BridgerRecords:   bridged item received updated item id %sStreamItem(StreamItemIdAndRevision{streamItemId=StreamItemId{source=2, key=0|org.telegram.messenger|-2018899172|null|10343}, revision=49355, originalRevision=49216, updateCount=15},StreamItemState{isRead=false, dismissalReasons=[], filteredReasons=[], expiredDueToConnectivity=null, expiredDueToThrottling=null},AutoValue_StreamItemData{hidden=0, packageName=org.telegram.messenger, id=-2018899172, tag=null, flags=16, isOngoing=false, isNotClearable=false, onlyAlertOnce=false, source=GmsBridger, userId=0, isWorkProfile=false, appName=Telegram, priority=0, category=msg, group=messages, groupKey=org.telegram.messenger:0|org.telegram.messenger|g:messages, hasGroupSummary=false, sortKey=9223370254089467807, getChannel=null, postTime=1782768279503, originalPostTime=1782768269502, lastPostedAsInterruptiveTime=0, shouldVibrate=false, vibrationPattern=null, hasSound=false, hasAlreadyShown=false, groupAlertBehavior=1, alertParams=StreamAlertParams{idAndRevision=StreamItemIdAndRevision{streamItemId=StreamItemId{source=2, key=0|org.telegram.messenger|-2018899172|null|10343}, revision=49355, originalRevision=49216, updateCount=15}, isMuted=true, hasSound=false, shouldVibrate=false, vibrationPattern=null}, styleName=androidx.core.app.NotificationCompat$MessagingStyle, progress=unused, isIndeterminateProgress=false, isMediaNotification=false, displayName=[3Chars,hashed3Chars=15bff], conversationTitle=null, messagesSize=1, message[0]=Message{sender=[20Chars,hashed8Chars=a6ec6e12], text=[80Chars,hashed8Chars=de069a80], uri=null, dataMime=null}, isGroupConversation=false, textLinesSize=0, bigText=null, bigTitle=null, summaryText=null, title=[20Chars,hashed8Chars=a6ec6e12], ticker=null, contentText=null, subText=null, shortCriticalText=null, peopleSize=0, color=-15618822, hasBigPicture=false, hasLargeIcon=false, hasAppIcon=true, supplementalBitmapKeysSize=0, actionsCount=1, bridgedContentIntent[present]=true, bridgedContentIntentId[present]=true, fullScreenIntent=null, localOnly=true, isEmergency=false, startScrollBottom=false, doesContentIntentLaunchActivity=false, contentActionIndex=-1, wearableActionsCount=0, bridgeTag=tgaccount6275317298, dismissalId=null, locusId=null, shortcutId=null, hasOngoingActivityData=false, ongoingActivityPackageNameSubstitute=null, filteringData=FilteringData{originalPackageName=null, isMediaStyle=false, tag=null, channelId=null, isEmptyNotification=false, isClockworkForegroundService=false, isFrameworksForegroundNotification=false, hasInvalidWearableExtender=false, isFromAppHandlingMissedCallNotification=false, isFromDefaultSmsApp=false, isEmptySettingsNotification=false, isOngoingActivityStyle=false}, remoteStreamItemId=RemoteStreamItemId[creatorNodeId=96eb2ede, notificationKey=0|org.telegram.messenger|-2018899172|null|10343, packageName=org.telegram.messenger, id=-2018899172, tag=null, revision=49355, originalRevision=-1, isLiveUpdate=false], remoteNodeId=96eb2ede, isMediaStyle=false, isDelayable=false})
06-30 02:54:39.512 19308 19308 I AconfigPackage: com.google.android.widevine.flags is mapped to com.google.android.widevine
06-30 02:54:39.514 19308 19308 I AconfigPackage: com.android.adbd.flags is mapped to com.android.adbd
06-30 02:54:39.515 19308 19308 I AconfigPackage: android.graphics.pdf.flags is mapped to com.android.mediaprovider
06-30 02:54:39.516 19308 19308 I AconfigPackage: com.android.providers.media.flags is mapped to com.android.mediaprovider
06-30 02:54:39.516 19308 19308 I AconfigPackage: android.graphics.pdf.flags.readonly is mapped to com.android.mediaprovider
06-30 02:54:39.518 19308 19308 I AconfigPackage: com.android.bluetooth.beta.flags is mapped to com.android.bt
06-30 02:54:39.518 19308 19308 I AconfigPackage: com.android.bluetooth.flags is mapped to com.android.bt
06-30 02:54:39.518 19308 19308 E FeatureFlagsImplExport: android.os.flagging.AconfigStorageReadException: ERROR_PACKAGE_NOT_FOUND: package android.xr cannot be found on the device
06-30 02:54:39.554  2305  3994 V MmsProvider: inside checkQueryParametersForSubqueries
06-30 02:54:39.554  2305  3994 V MmsProvider: checkQueryParametersForSubqueries checking sel: null
06-30 02:54:39.555  2305  3994 V MmsProvider: checkQueryParametersForSubqueries checking sort: null
06-30 02:54:39.555  2305  3994 V SmsProvider: inside checkQueryForForbiddenColumns
06-30 02:54:39.555  2305  3994 V SmsProvider: checkQueryForForbiddenColumns checking sel: null
06-30 02:54:39.555  2305  3994 V SmsProvider: checkQueryForForbiddenColumns checking sort: null
06-30 02:54:39.557  2305  3994 V SmsProvider: canReadRestrictedMessages=true
06-30 02:54:39.557  2305  3994 V MmsProvider: inside checkSelection checking sel: null
06-30 02:54:39.608 19308 19329 W libbinder.IPCThreadState: call to talkWithDriver in joinThreadPool returned error: -9 (Bad file descriptor), FD: -1
06-30 02:54:39.608 19308 19308 D AndroidRuntime: Shutting down VM
06-30 02:54:39.609 19308 19330 W libbinder.IPCThreadState: call to talkWithDriver in joinThreadPool returned error: -9 (Bad file descriptor), FD: -1
06-30 02:54:39.631  1125  1125 W cnd     : AIBinder_linkToDeath is being called with a non-null cookie and no onUnlink callback set. Use AIBinder_DeathRecipient_setOnUnlinked to manage the lifetime of the cookie. This will become an abort.
06-30 02:54:39.949   853  2603 I vendor.qti.bluetooth@1.0-ibs_handler: ProcessIbsCmd: Received IBS_WAKE_IND: 0xFD
06-30 02:54:39.950   853  2603 I vendor.qti.bluetooth@1.0-ibs_handler: ProcessIbsCmd: Writing IBS_WAKE_ACK
06-30 02:54:39.952  1628  1654 I pixel-thermal: CDEV log 
06-30 02:54:40.009   853  2603 I vendor.qti.bluetooth@1.0-ibs_handler: ProcessIbsCmd: Received IBS_SLEEP_IND: 0xFE
06-30 02:54:40.118  1119  1119 W wificond: No handler for scan result notification from interface with index: 26
06-30 02:54:40.119  1719  1967 D WifiNative: Scan result ready event
06-30 02:54:40.120  1719  1967 D WifiNative: onCountryCodeChanged: IN
06-30 02:54:40.120  1719  1967 I WifiCountryCode: Receive onDriverCountryCodeChanged IN
06-30 02:54:40.120  1719  1967 I WifiScanRequestProxy: Scanning is enabled
06-30 02:54:40.121  1719  1967 I WifiScanRequestProxy: Scanning for hidden networks is enabled
06-30 02:54:40.121  1719  1967 I Nl80211Proxy: Sending Nl80211 message: GenericNetlinkMsg{ nlHeader{StructNlMsgHdr{ nlmsg_len{32}, nlmsg_type{31()}, nlmsg_flags{769(NLM_F_REQUEST|NLM_F_DUMP)}, nlmsg_seq{51}, nlmsg_pid{0} }}, genNlHeader{StructGenNlMsgHdr{ command{1}, version{1}, reserved{0} }}, attributes{[StructNlAttr{ nla_len{8}, nla_type{1}, nla_value{00000000}, }, StructNlAttr{ nla_len{4}, nla_type{174}, nla_value{}, }]} }
06-30 02:54:40.121 19317 19317 I wpa_supplicant: wlan0: CTRL-EVENT-REGDOM-CHANGE init=DRIVER type=COUNTRY alpha2=IN
06-30 02:54:40.123  1719  1967 I Nl80211Proxy: Received NLMSG_DONE for message GenericNetlinkMsg{ nlHeader{StructNlMsgHdr{ nlmsg_len{32}, nlmsg_type{31()}, nlmsg_flags{769(NLM_F_REQUEST|NLM_F_DUMP)}, nlmsg_seq{51}, nlmsg_pid{0} }}, genNlHeader{StructGenNlMsgHdr{ command{1}, version{1}, reserved{0} }}, attributes{[StructNlAttr{ nla_len{8}, nla_type{1}, nla_value{00000000}, }, StructNlAttr{ nla_len{4}, nla_type{174}, nla_value{}, }]} }
06-30 02:54:40.125  1719  1967 I WifiService: Receive onDriverCountryCodeChanged to IN, update available channel list
06-30 02:54:40.125  1719  1971 I Nl80211Proxy: Sending Nl80211 message: GenericNetlinkMsg{ nlHeader{StructNlMsgHdr{ nlmsg_len{20}, nlmsg_type{31()}, nlmsg_flags{769(NLM_F_REQUEST|NLM_F_DUMP)}, nlmsg_seq{52}, nlmsg_pid{0} }}, genNlHeader{StructGenNlMsgHdr{ command{5}, version{1}, reserved{0} }}, attributes{[]} }
06-30 02:54:40.126  1719  1971 I Nl80211Proxy: Received NLMSG_DONE for message GenericNetlinkMsg{ nlHeader{StructNlMsgHdr{ nlmsg_len{20}, nlmsg_type{31()}, nlmsg_flags{769(NLM_F_REQUEST|NLM_F_DUMP)}, nlmsg_seq{52}, nlmsg_pid{0} }}, genNlHeader{StructGenNlMsgHdr{ command{5}, version{1}, reserved{0} }}, attributes{[]} }
06-30 02:54:40.126  1719  1971 I Nl80211Proxy: Sending Nl80211 message: GenericNetlinkMsg{ nlHeader{StructNlMsgHdr{ nlmsg_len{28}, nlmsg_type{31()}, nlmsg_flags{769(NLM_F_REQUEST|NLM_F_DUMP)}, nlmsg_seq{53}, nlmsg_pid{0} }}, genNlHeader{StructGenNlMsgHdr{ command{32}, version{1}, reserved{0} }}, attributes{[StructNlAttr{ nla_len{8}, nla_type{3}, nla_value{1A000000}, }]} }
06-30 02:54:40.127  1719  1971 I Nl80211Proxy: Received NLMSG_DONE for message GenericNetlinkMsg{ nlHeader{StructNlMsgHdr{ nlmsg_len{28}, nlmsg_type{31()}, nlmsg_flags{769(NLM_F_REQUEST|NLM_F_DUMP)}, nlmsg_seq{53}, nlmsg_pid{0} }}, genNlHeader{StructGenNlMsgHdr{ command{32}, version{1}, reserved{0} }}, attributes{[StructNlAttr{ nla_len{8}, nla_type{3}, nla_value{1A000000}, }]} }
06-30 02:54:40.131  2637 18284 I WifiManager: OnDriverCountryCodeChangedProxy: receive onDriverCountryCodeChanged: IN
06-30 02:54:40.132  2637  2987 D StateService: Country ISO: in
06-30 02:54:40.132  2637  2987 D StateService: Regulatory domain:  > US
06-30 02:54:40.133  2257  2257 D GRIL-BluetoothSar: setBluetoothAreaCode invoked with parameters, areaCode: US
06-30 02:54:40.133  2257  2257 D GRIL-BluetoothSar: initBluetoothSarAidlHal
06-30 02:54:40.134  1719  1971 I WifiScanningService: Received a request to enable scanning, UID = 1000
06-30 02:54:40.134  1719  1971 I WifiScanningService: scanner impls already exists
06-30 02:54:40.135  1719  1971 E WifiScanningService: wifi driver loaded received while already loaded
06-30 02:54:40.136  2257  2257 E GRIL-BluetoothSar: initBluetoothSarAidlHal: mBluetoothSarAidl null
06-30 02:54:40.136  2257  2257 I GRIL-BluetoothSar: invoke setBluetoothAreaCode with HIDL service
06-30 02:54:40.137   853   853 I hardware.google.bluetooth.sar@1.2-BluetoothSar: setBluetoothAreaCode US
06-30 02:54:40.137  2257  2257 D GRIL-S  : [0067]> UPDATE_REGULATORY_DOMAIN
06-30 02:54:40.137   853   853 D hardware.google.bluetooth.sar@1.2-BluetoothSar: buildBTSarVSCommand: br=48, edr=36, le=48
06-30 02:54:40.137   853   853 D hardware.google.bluetooth.sar@1.2-BluetoothSar: sendAsync:
06-30 02:54:40.137   853   864 D hardware.google.bluetooth.sar@1.2-BluetoothSar: BTSarTimerStart: is_timer_created=1
06-30 02:54:40.137   853   864 D vendor.qti.bluetooth@1.0-data_handler: DataHandler::SendBTSarData() 1
06-30 02:54:40.137   853   864 D vendor.qti.bluetooth@1.0-data_handler: isProtocolInitialized:
06-30 02:54:40.137   853   864 I vendor.qti.bluetooth@1.0-data_handler: isProtocolInitialized: status:1
06-30 02:54:40.137   853   864 I google.pixel_watch.asynctask: Waiting for task completion.
06-30 02:54:40.138   853  2603 I vendor.qti.bluetooth@1.0-ibs_handler: ProcessIbsCmd: Received IBS_WAKE_IND: 0xFD
06-30 02:54:40.138   853  2603 I vendor.qti.bluetooth@1.0-ibs_handler: ProcessIbsCmd: Writing IBS_WAKE_ACK
06-30 02:54:40.135   891   891 W radioext@1.0-se: type=1400 audit(0.0:3036): avc:  denied  { search } for  name="radio" dev="dm-16" ino=305 scontext=u:r:hal_radioext_default:s0 tcontext=u:object_r:vendor_radio_vendor_data_file:s0 tclass=dir permissive=0
06-30 02:54:40.139  2257  2991 D GRIL-S  : [0067]< UPDATE_REGULATORY_DOMAIN 
06-30 02:54:40.139  2257  2266 I GRIL-S  : GRilService update region code: US -> US
06-30 02:54:40.140   853  2603 D vendor.qti.bluetooth@1.0-data_handler: isBTSarEvent: SAR command count awaiting response = 0
06-30 02:54:40.140   853  2603 D vendor.qti.bluetooth@1.0-data_handler: isBTSarEvent: true
06-30 02:54:40.140   853  2603 D vendor.qti.bluetooth@1.0-data_handler: OnPacketReady BTSar event callback count = 1.
06-30 02:54:40.140   853  2603 I hardware.google.bluetooth.sar@1.2-BluetoothSar: Async task completion status = 0
06-30 02:54:40.140   853  2603 D hardware.google.bluetooth.sar@1.2-BluetoothSar: BTSarTimerStop: is_timer_created= 1
06-30 02:54:40.140  2188  2613 I BluetoothHciVendorSpecificJni: android/app/jni/com_android_bluetooth_BluetoothHciVendorSpecific.cpp:85 onEvent: 
06-30 02:54:40.154  1719  1967 I HalDevMgr: bestIfaceCreationProposal is null, requestIface=STA, existingIface=[name=wlan0 type=STA]
06-30 02:54:40.179   853  2603 I vendor.qti.bluetooth@1.0-ibs_handler: ProcessIbsCmd: Received IBS_SLEEP_IND: 0xFE
06-30 02:54:40.183  1719  1967 D WifiScoreReport: setShouldReduceNetworkScore=false mNetworkAgent is null? true
06-30 02:54:40.183  1719  1967 D WifiClientModeImpl[56498855:wlan0]: CMD_START_CONNECT  my state DisconnectedState nid=9 roam=false
06-30 02:54:40.223  1719  1967 D WifiClientModeImpl[56498855:wlan0]: No changes in MAC address
06-30 02:54:40.224   335   335 E KeymasterUtils: rsp_header->status: -28
06-30 02:54:40.225   335   335 E KeyMasterHalDevice: abort_operation
06-30 02:54:40.225   335   335 E KeyMasterHalDevice: ret: -28
06-30 02:54:40.227  1719  1970 W LastMileLogger: Failed to open free_buffer pseudo-file: /sys/kernel/debug/tracing/instances/wifi/free_buffer: open failed: ENOENT (No such file or directory)
06-30 02:54:40.228  1719  1970 W LastMileLogger: Failed to arm fail-safe.
06-30 02:54:40.228  1719  1967 E Nl80211Native: Cannot abort scan when iface isn't scanning: wlan0
06-30 02:54:40.229  1719  1967 D SupplicantStaIfaceHalAidlBase: connectToNetwork "Airtel_79041284646"WPA_PSK, actualSsid=null
06-30 02:54:40.230  1719  1967 D SupplicantStaIfaceHalAidlBase: Selecting supplicant SSID "Airtel_79041284646"
06-30 02:54:40.232  1719  1967 I SupplicantStaNetworkHalAidlImpl: Successfully set SSID
06-30 02:54:40.233  1719  1967 D SupplicantStaNetworkHalAidlImpl: The target security params: Security Parameters:
06-30 02:54:40.233  1719  1967 D SupplicantStaNetworkHalAidlImpl:  Type: 2
06-30 02:54:40.233  1719  1967 D SupplicantStaNetworkHalAidlImpl:  Enabled: true
06-30 02:54:40.233  1719  1967 D SupplicantStaNetworkHalAidlImpl:  KeyMgmt: WPA_PSK
06-30 02:54:40.233  1719  1967 D SupplicantStaNetworkHalAidlImpl:  Protocols: WPA RSN
06-30 02:54:40.233  1719  1967 D SupplicantStaNetworkHalAidlImpl:  AuthAlgorithms:
06-30 02:54:40.233  1719  1967 D SupplicantStaNetworkHalAidlImpl:  PairwiseCiphers: TKIP CCMP
06-30 02:54:40.233  1719  1967 D SupplicantStaNetworkHalAidlImpl:  GroupCiphers: WEP40 WEP104 TKIP CCMP
06-30 02:54:40.233  1719  1967 D SupplicantStaNetworkHalAidlImpl:  GroupMgmtCiphers:
06-30 02:54:40.233  1719  1967 D SupplicantStaNetworkHalAidlImpl:  SuiteBCiphers:
06-30 02:54:40.233  1719  1967 D SupplicantStaNetworkHalAidlImpl:  RequirePmf: false
06-30 02:54:40.233  1719  1967 D SupplicantStaNetworkHalAidlImpl:  IsAddedByAutoUpgrade: false
06-30 02:54:40.233  1719  1967 D SupplicantStaNetworkHalAidlImpl:  IsSaeH2eOnlyMode: false
06-30 02:54:40.233  1719  1967 D SupplicantStaNetworkHalAidlImpl:  IsSaePkOnlyMode: false
06-30 02:54:40.247 19317 19317 I wpa_supplicant: wlan0: Trying to associate with SSID 'Airtel_79041284646'
06-30 02:54:40.247 19317 19317 I wpa_supplicant: assoc key_mgmt 0x2 network key_mgmt 0x142
06-30 02:54:40.250 19317 19317 E wpa_supplicant: wlan0: nl80211: kernel reports: multicast RX registrations are not supported
06-30 02:54:40.255   391   416 E pixelstats-uevent: Unable to read  - No such file or directory
06-30 02:54:40.265  1719  1967 D WifiCountryCode: evaluateAllCmmStateAndApplyIfAllReady: {ConcreteClientModeManager{id=56497718 iface=wlan0 role=ROLE_CLIENT_PRIMARY}=false}
06-30 02:54:40.266  1719  1967 W ContextImpl: Calling a method in the system process without a qualified user: android.app.ContextImpl.sendStickyBroadcast:1775 com.android.server.wifi.ClientModeImpl.sendNetworkChangeBroadcast:3298 com.android.server.wifi.ClientModeImpl.lambda$sendNetworkChangeBroadcastWithCurrentState$16:3275 com.android.server.wifi.ClientModeImpl.$r8$lambda$Mjx94RT82nKyrzK5lEIlrXrNMhg:0 com.android.server.wifi.ClientModeImpl$$ExternalSyntheticLambda14.send:0 
06-30 02:54:40.268  1719  1967 D WifiClientModeImpl[56498855:wlan0]: Start Connecting Watchdog 1
06-30 02:54:40.269  1719  1719 D WearWifiMediator: NETWORK_STATE_CHANGED : Disconnected
06-30 02:54:40.271  1719  1967 I WifiClientModeImpl[56498855:wlan0]: Update current security type to 2
06-30 02:54:40.299  1719  1967 I Nl80211Proxy: Sending Nl80211 message: GenericNetlinkMsg{ nlHeader{StructNlMsgHdr{ nlmsg_len{20}, nlmsg_type{31()}, nlmsg_flags{769(NLM_F_REQUEST|NLM_F_DUMP)}, nlmsg_seq{54}, nlmsg_pid{0} }}, genNlHeader{StructGenNlMsgHdr{ command{5}, version{1}, reserved{0} }}, attributes{[]} }
06-30 02:54:40.302  1719  1967 I Nl80211Proxy: Received NLMSG_DONE for message GenericNetlinkMsg{ nlHeader{StructNlMsgHdr{ nlmsg_len{20}, nlmsg_type{31()}, nlmsg_flags{769(NLM_F_REQUEST|NLM_F_DUMP)}, nlmsg_seq{54}, nlmsg_pid{0} }}, genNlHeader{StructGenNlMsgHdr{ command{5}, version{1}, reserved{0} }}, attributes{[]} }
06-30 02:54:40.302 19317 19317 I wpa_supplicant: assoc key_mgmt 0x2 network key_mgmt 0x142
06-30 02:54:40.302  1719  1967 I Nl80211Proxy: Sending Nl80211 message: GenericNetlinkMsg{ nlHeader{StructNlMsgHdr{ nlmsg_len{28}, nlmsg_type{31()}, nlmsg_flags{769(NLM_F_REQUEST|NLM_F_DUMP)}, nlmsg_seq{55}, nlmsg_pid{0} }}, genNlHeader{StructGenNlMsgHdr{ command{32}, version{1}, reserved{0} }}, attributes{[StructNlAttr{ nla_len{8}, nla_type{3}, nla_value{1A000000}, }]} }
06-30 02:54:40.303  1719  1967 I Nl80211Proxy: Received NLMSG_DONE for message GenericNetlinkMsg{ nlHeader{StructNlMsgHdr{ nlmsg_len{28}, nlmsg_type{31()}, nlmsg_flags{769(NLM_F_REQUEST|NLM_F_DUMP)}, nlmsg_seq{55}, nlmsg_pid{0} }}, genNlHeader{StructGenNlMsgHdr{ command{32}, version{1}, reserved{0} }}, attributes{[StructNlAttr{ nla_len{8}, nla_type{3}, nla_value{1A000000}, }]} }
06-30 02:54:40.303 19317 19317 I wpa_supplicant: wlan0: Associated with 94:98:69:74:17:94
06-30 02:54:40.303 19317 19317 I wpa_supplicant: wlan0: CTRL-EVENT-SUBNET-STATUS-UPDATE status=0
06-30 02:54:40.310  1719  1967 I WifiClientModeImpl[56498855:wlan0]: Update current security type to 2
06-30 02:54:40.407 19317 19317 I wpa_supplicant: wlan0: WPA: RX message 1 of 4-Way Handshake from 94:98:69:74:17:94 (ver=2)
06-30 02:54:40.407 19317 19317 I wpa_supplicant: assoc key_mgmt 0x2 network key_mgmt 0x142
06-30 02:54:40.408 19317 19317 I wpa_supplicant: wlan0: WPA: Sending EAPOL-Key 2/4
06-30 02:54:40.413  1719  1967 W ContextImpl: Calling a method in the system process without a qualified user: android.app.ContextImpl.sendStickyBroadcast:1775 com.android.server.wifi.ClientModeImpl.sendNetworkChangeBroadcast:3298 com.android.server.wifi.ClientModeImpl.lambda$sendNetworkChangeBroadcastWithCurrentState$16:3275 com.android.server.wifi.ClientModeImpl.$r8$lambda$Mjx94RT82nKyrzK5lEIlrXrNMhg:0 com.android.server.wifi.ClientModeImpl$$ExternalSyntheticLambda14.send:0 
06-30 02:54:40.413 19317 19317 I wpa_supplicant: wlan0: RSN: RX message 3 of 4-Way Handshake from 94:98:69:74:17:94 (ver=2)
06-30 02:54:40.414 19317 19317 I wpa_supplicant: wlan0: WPA: Sending EAPOL-Key 4/4
06-30 02:54:40.418  1719  1967 I WifiClientModeImpl[56498855:wlan0]: Update current security type to 2
06-30 02:54:40.418 19317 19317 I wpa_supplicant: assoc key_mgmt 0x2 network key_mgmt 0x142
06-30 02:54:40.418  1162  1162 I cnss-daemon: nl80211 response handler invoked
06-30 02:54:40.418 14970 19313 I WifiHAL : event received NL80211_CMD_VENDOR, vendor_id = 0x1374, subcmd = 0xa5
06-30 02:54:40.418  1162  1162 I cnss-daemon: nl80211_response_handler: cmd 103, vendorID 4980, subcmd 165  received
06-30 02:54:40.421 19317 19317 I wpa_supplicant: wlan0: WPA: Key negotiation completed with 94:98:69:74:17:94 [PTK=CCMP GTK=TKIP]
06-30 02:54:40.423  1719  1719 D WearWifiMediator: NETWORK_STATE_CHANGED : Disconnected
06-30 02:54:40.424 19317 19317 I wpa_supplicant: wlan0: CTRL-EVENT-CONNECTED - Connection to 94:98:69:74:17:94 completed [id=0 id_str=%7B%22configKey%22%3A%22%5C%22Airtel_79041284646%5C%22WPA_PSK%22%2C%22creatorUid%22%3A%2210120%22%7D]
06-30 02:54:40.428 19317 19317 I wpa_supplicant: assoc key_mgmt 0x2 network key_mgmt 0x142
06-30 02:54:40.431  1719  1967 I WifiClientModeImpl[56498855:wlan0]: Update current security type to 2
06-30 02:54:40.433  1719  1967 I WifiClientModeImpl[56498855:wlan0]: Update current security type to 2 from network connection event.
06-30 02:54:40.436  1719  1967 I ApplicationQosPolicyRequestHandler: Queueing all policies on iface=wlan0. numPolicies=0
06-30 02:54:40.437  1719  1967 I ApplicationQosPolicyRequestHandler: 0 policies contain QosCharacteristics
06-30 02:54:40.438  1719  1967 W ContextImpl: Calling a method in the system process without a qualified user: android.app.ContextImpl.sendStickyBroadcast:1775 com.android.server.wifi.ClientModeImpl.sendNetworkChangeBroadcast:3298 com.android.server.wifi.ClientModeImpl.lambda$sendNetworkChangeBroadcastWithCurrentState$16:3275 com.android.server.wifi.ClientModeImpl.$r8$lambda$Mjx94RT82nKyrzK5lEIlrXrNMhg:0 com.android.server.wifi.ClientModeImpl$$ExternalSyntheticLambda14.send:0 
06-30 02:54:40.441  1719  1719 D WearWifiMediator: NETWORK_STATE_CHANGED : Disconnected
06-30 02:54:40.441  1719  1967 I ConnectivityService: Update score for net 109 : +IS_UNMETERED
06-30 02:54:40.443  1719  1967 D ConnectivityService: registerNetworkAgent NetworkAgentInfo{network{109}  handle{471557132301}  ni{WIFI CONNECTING extra: } created=2026-06-29T21:24:40.442Z Score(Policies : IS_UNMETERED ; KeepConnected : 0)   lp{{LinkAddresses: [ ] DnsAddresses: [ ] Domains: null MTU: 0 Routes: [ ]}}  nc{[ Transports: WIFI Capabilities: NOT_METERED&INTERNET&NOT_RESTRICTED&TRUSTED&NOT_VPN&NOT_ROAMING&NOT_CONGESTED&NOT_SUSPENDED&NOT_VCN_MANAGED&NOT_BANDWIDTH_CONSTRAINED LinkUpBandwidth>=20587Kbps LinkDnBandwidth>=19037Kbps Specifier: <WifiNetworkAgentSpecifier [WifiConfiguration=, SSID="Airtel_79041284646", BSSID=94:98:69:74:17:94, band=1, mMatchLocalOnlySpecifiers=false]> TransportInfo: <SSID: "Airtel_79041284646", BSSID: 94:98:69:74:17:94, MAC: 3a:e3:46:ed:4e:79, IP: null, Security type: 2, Supplicant state: GROUP_HANDSHAKE, Wi-Fi standard: 11n, RSSI: -54, Link speed: -1Mbps, Tx Link speed: -1Mbps, Max Supported Tx Link speed: 72Mbps, Calculated Tx : 0Mbps, Rx Link speed: -1Mbps, Max Supported Rx Link speed: 72Mbps, Calculated Rx : 0Mbps, Frequency: 2412MHz, Net ID: 9, Metered hint: false, score: 0, isUsable: true, CarrierMerged: false, SubscriptionId: -1, IsPrimary: 1, Trusted: true, Restricted: false, Ephemeral: false, OEM paid: false, OEM private: false, OSU AP: false, FQDN: <none>, Provider friendly name: <none>, Requesting package name: <none>"Airtel_79041284646"wpa2-pskMLO Information: , Is TID-To-Link negotiation supported by the AP: false, AP MLD Address: <none>, AP MLO Link Id: <none>, AP MLO Affiliated links: <none>, Vendor Data: <none>> SignalStrength: -54 AllowedUids: <{10120}> OwnerUid: 10120 AdminUids: [10120] SSID: "Airtel_79041284646" UnderlyingNetworks: Null]}  factorySerialNumber=6}
06-30 02:54:40.447  1719  1974 D ConnectivityService: Message EVENT_NETWORK_SCORE_CHANGED enqueued for agent with netId 109
06-30 02:54:40.450  1719  1967 W ContextImpl: Calling a method in the system process without a qualified user: android.app.ContextImpl.sendStickyBroadcast:1775 com.android.server.wifi.ClientModeImpl.sendNetworkChangeBroadcast:3298 com.android.server.wifi.ClientModeImpl.lambda$sendNetworkChangeBroadcastWithCurrentState$16:3275 com.android.server.wifi.ClientModeImpl.$r8$lambda$Mjx94RT82nKyrzK5lEIlrXrNMhg:0 com.android.server.wifi.ClientModeImpl$$ExternalSyntheticLambda14.send:0 
06-30 02:54:40.455  1719  1719 D WearWifiMediator: NETWORK_STATE_CHANGED : Disconnected
06-30 02:54:40.466  1719  1974 D ConnectivityService: Message EVENT_NETWORK_CAPABILITIES_CHANGED enqueued for agent with netId 109
06-30 02:54:40.466  1719  1967 I WifiClientModeImpl[56498855:wlan0]: Update current security type to 2
06-30 02:54:40.470  1719  1974 D ConnectivityService: [109 WIFI] EVENT_NETWORK_INFO_CHANGED, going from CONNECTING to CONNECTING
06-30 02:54:40.473  1719  1974 D ConnectivityService: Setting DNS servers for network 109 to []
06-30 02:54:40.474  1719  1974 D DnsManager: sendDnsConfigurationForNetwork(ResolverParamsParcel{netId: 109, sampleValiditySeconds: 1800, successThreshold: 25, minSamples: 8, maxSamples: 64, baseTimeoutMsec: 0, retryCount: 0, servers: [], domains: [], tlsName: , tlsServers: [], tlsFingerprints: [], caCertificate: , tlsConnectTimeoutMs: 0, resolverOptions: null, transportTypes: [1], meteredNetwork: false, dohParams: null, interfaceNames: []})
06-30 02:54:40.488  1719  1967 I HalDevMgr: bestIfaceCreationProposal is null, requestIface=STA, existingIface=[name=wlan0 type=STA]
06-30 02:54:40.497  2171 19332 D NetworkMonitor/109: checkAndRenewResourceConfig: update captive portal https urls to [https://www.google.com/generate_204]
06-30 02:54:40.499  2171 19332 D NetworkMonitor/109: checkAndRenewResourceConfig: update captive portal http urls to [http://connectivitycheck.gstatic.com/generate_204]
06-30 02:54:40.502  1719  1974 I ConnectivityService: Update score for net 109 : +TRANSPORT_PRIMARY
06-30 02:54:40.504  2171 19332 D NetworkMonitor/109: checkAndRenewResourceConfig: update captive portal fallback urls to[http://www.google.com/gen_204, http://play.googleapis.com/generate_204]
06-30 02:54:40.504  2171 19332 D NetworkMonitor: Starting on network 109 with capport HTTPS URL [https://www.google.com/generate_204] and HTTP URL [http://connectivitycheck.gstatic.com/generate_204]
06-30 02:54:40.512  1226  1226 I adbd    : adbd service requested 'shell,v2,TERM=xterm-256color,raw:content query --uri content://call_log/calls'
06-30 02:54:40.514  1719  1974 D ConnectivityService: NetReassign [no changes] [c 1] [a 0] [i 11]
06-30 02:54:40.528  1719  1974 D ConnectivityService: NetReassign [no changes] [c 0] [a 0] [i 10]
06-30 02:54:40.546  2528  2546 W ttings.provider: Reducing the number of considered missed Gc histogram windows from 245 to 100
06-30 02:54:40.560  3501  3510 W RestartDetector: Reducing the number of considered missed Gc histogram windows from 195 to 100
06-30 02:54:40.563  2244  2249 W com.qti.phone: Reducing the number of considered missed Gc histogram windows from 239 to 100
06-30 02:54:40.567  2171 19320 D IpClient/wlan0: routeUpdated: fe80::/64 -> :: wlan0 mtu 0
06-30 02:54:40.567  2171 19320 D IpClient/wlan0: interfaceLinkStateChanged: ifindex 26 up
06-30 02:54:40.568  2171 19320 D IpClient/wlan0: addressUpdated: fe80::38e3:46ff:feed:4e79/64 on ifindex 26 flags 0x000000C4 scope 253
06-30 02:54:40.569  2171 19320 D IpClient/wlan0: interfaceLinkStateChanged: ifindex 26 up
06-30 02:54:40.569  2171 19320 D IpClient/wlan0: interfaceLinkStateChanged: ifindex 26 up
06-30 02:54:40.573  2208  2217 W elsystemservice: Reducing the number of considered missed Gc histogram windows from 192 to 100
06-30 02:54:40.576  2171 19320 D IpClient.wlan0: set max DTIM multiplier to 1
06-30 02:54:40.578  1719  1974 D ConnectivityService: Adding iface wlan0 to network 109
06-30 02:54:40.579 14970 14978 D WifiHAL : wifi_set_dtim_config: multiplier:1
06-30 02:54:40.591  2171 19320 D DhcpClient: l2key: W58f088a2c4caafcb lease address: /192.168.1.17 lease expiry: 1782849684664 current time: 1782768280591
06-30 02:54:40.593  2171 19320 D DhcpClient: Broadcasting DHCPREQUEST ciaddr=0.0.0.0 request=192.168.1.17 serverid=null
06-30 02:54:40.631  2171 19320 D DhcpClient: Received packet: 3a:e3:46:ed:4e:79 ACK: your new IP /192.168.1.17, netmask /255.255.255.0, gateways [/192.168.1.1] DNS servers: /192.168.1.1 , lease time 86400, domain null
06-30 02:54:40.632  2171 19320 D DhcpClient: Confirmed lease: com.android.networkstack.android.net.DhcpResults@74607808 DHCP server /192.168.1.1 Vendor info null lease 86400 seconds Servername 
06-30 02:54:40.638  1719  1967 I WifiClientModeImpl[56498855:wlan0]: Update current security type to 2
06-30 02:54:40.639  1719  1967 W ContextImpl: Calling a method in the system process without a qualified user: android.app.ContextImpl.sendStickyBroadcast:1775 com.android.server.wifi.ClientModeImpl.sendNetworkChangeBroadcast:3298 com.android.server.wifi.ClientModeImpl.lambda$sendNetworkChangeBroadcastWithCurrentState$16:3275 com.android.server.wifi.ClientModeImpl.$r8$lambda$Mjx94RT82nKyrzK5lEIlrXrNMhg:0 com.android.server.wifi.ClientModeImpl$$ExternalSyntheticLambda14.send:0 
06-30 02:54:40.646  1719  1719 D WearWifiMediator: NETWORK_STATE_CHANGED : Disconnected
06-30 02:54:40.650  2171 19320 D IpClient/wlan0: addressUpdated: 192.168.1.17/24 on ifindex 26 flags 0x00000000 scope 0
06-30 02:54:40.656  2171 19320 D DhcpClient: Scheduling renewal in 43199s
06-30 02:54:40.656  2171 19320 D DhcpClient: Scheduling rebind in 75599s
06-30 02:54:40.656  2171 19320 D DhcpClient: Scheduling expiry in 86399s
06-30 02:54:40.665  1719  1974 D ConnectivityService: Setting DNS servers for network 109 to [/192.168.1.1]
06-30 02:54:40.665  1719  1974 D DnsManager: sendDnsConfigurationForNetwork(ResolverParamsParcel{netId: 109, sampleValiditySeconds: 1800, successThreshold: 25, minSamples: 8, maxSamples: 64, baseTimeoutMsec: 0, retryCount: 0, servers: [192.168.1.1], domains: [], tlsName: , tlsServers: [], tlsFingerprints: [], caCertificate: , tlsConnectTimeoutMs: 0, resolverOptions: null, transportTypes: [1], meteredNetwork: false, dohParams: null, interfaceNames: [wlan0]})
06-30 02:54:40.704  1719  1967 D WifiScoreReport: startConnectedNetworkScorer(109, false)
06-30 02:54:40.705  1719  1967 W WifiScoreReport: Cannot start external scoring netId=109 currentNetId=109 sessionId=1098
06-30 02:54:40.709  1719  1967 W ContextImpl: Calling a method in the system process without a qualified user: android.app.ContextImpl.sendStickyBroadcast:1775 com.android.server.wifi.ClientModeImpl.sendNetworkChangeBroadcast:3298 com.android.server.wifi.ClientModeImpl.lambda$sendNetworkChangeBroadcastWithCurrentState$16:3275 com.android.server.wifi.ClientModeImpl.$r8$lambda$Mjx94RT82nKyrzK5lEIlrXrNMhg:0 com.android.server.wifi.ClientModeImpl$$ExternalSyntheticLambda14.send:0 
06-30 02:54:40.709  1719  1974 D ConnectivityService: [109 WIFI] EVENT_NETWORK_INFO_CHANGED, going from CONNECTING to CONNECTED
06-30 02:54:40.710  1719  1967 D WifiClientModeImpl[56498855:wlan0]: Registered mConnectivityDiagnosticsCallback
06-30 02:54:40.710  1719  1974 W DnsManager: updatePrivateDns(109, PrivateDnsConfig{opportunistic:/[], dohName=, dohIps=[], dohPath=, dohPort=-1})
06-30 02:54:40.710  1719  1974 D ConnectivityService: Setting DNS servers for network 109 to [/192.168.1.1]
06-30 02:54:40.711  1719  1719 D WearWifiMediator: NETWORK_STATE_CHANGED : Connected
06-30 02:54:40.711  1719  1719 D WearWifiMediator: refreshBackoffStatus cancelling backoff
06-30 02:54:40.712  1719  1974 D DnsManager: sendDnsConfigurationForNetwork(ResolverParamsParcel{netId: 109, sampleValiditySeconds: 1800, successThreshold: 25, minSamples: 8, maxSamples: 64, baseTimeoutMsec: 0, retryCount: 0, servers: [192.168.1.1], domains: [], tlsName: , tlsServers: [192.168.1.1], tlsFingerprints: [], caCertificate: , tlsConnectTimeoutMs: 0, resolverOptions: null, transportTypes: [1], meteredNetwork: false, dohParams: null, interfaceNames: [wlan0]})
06-30 02:54:40.714   750 19335 W resolv  : Validating DnsTlsServer {192.168.1.1/} with mark 0xf006d
06-30 02:54:40.715  1719  2081 D WifiMemoryStoreImpl: Set cluster G8e72d1982926eaf5 for W58f088a2c4caafcb: SUCCESS
06-30 02:54:40.724  1162  1162 I cnss-daemon: Ready to update GW parameters
06-30 02:54:40.728   750   768 E NetlinkEvent: NetlinkEvent::FindParam(): Parameter 'INTERFACE' not found
06-30 02:54:40.728   750   768 E NetlinkEvent: NetlinkEvent::FindParam(): Parameter 'STATE' not found
06-30 02:54:40.728   750   768 E NetlinkEvent: NetlinkEvent::FindParam(): Parameter 'TIME_NS' not found
06-30 02:54:40.728   750   768 E NetlinkEvent: NetlinkEvent::FindParam(): Parameter 'UID' not found
06-30 02:54:40.728   391   416 E pixelstats-uevent: Unable to read  - No such file or directory
06-30 02:54:40.737  1719  2081 D WifiMemoryStoreImpl: Set cluster G8e72d1982926eaf5 for W8e72d1982926eaf5: SUCCESS
06-30 02:54:40.742  2171 19320 D IpClient/wlan0: interfaceLinkStateChanged: ifindex 26 up
06-30 02:54:40.745  1719  1967 E WifiStaIfaceAidlImpl: stopRssiMonitoring failed with service-specific exception: android.os.ServiceSpecificException:  (code 5)
06-30 02:54:40.753  1719  2003 D WearNetworkLogger: logging network status update NetworkStatus: 1, TransportType: 1
06-30 02:54:40.753  1719  2003 I AdbWifiNetworkMonitor: Wi-Fi network available
06-30 02:54:40.754  1719  2003 I AdbWifiNetworkMonitor: Connected to a Wi-Fi network {bssid=94:98:69:74:17:94, ssid="Airtel_79041284646"}. Attempting to start adb over Wi-Fi.
06-30 02:54:40.760  1719  1719 D WearCellularMediator: WIFI connection state changed: isWifiConnected=true
06-30 02:54:40.761  1719  1974 D ConnectivityService: NetReassign [no changes] [c 0] [a 11] [i 4]
06-30 02:54:40.767  1719  1719 D WearCellularDataMediator: WIFI connection state changed: isWifiConnected=true
06-30 02:54:40.770  2304  2982 D QCNEJ/WlanStaInfoRelay: network available: 109
06-30 02:54:40.772  1719  1719 D WearCellularDataMediator: Ignoring request to update cellular data connectivity, no active data subscription found
06-30 02:54:40.773  2305  2506 D SatelliteController: handleCmdUpdateNtnSignalStrengthReporting: ignore request, satellite is disabled
06-30 02:54:40.784  2304  2982 D QCNEJ/NativeAidlConnector: -> SND notifyWifiAvailable(v4Connected = truev6Connected = , false, isAndroidValidated = false)
06-30 02:54:40.784  2304  2982 D cneJni  : notifyWlanConnectivityUp start
06-30 02:54:40.784   750 19335 W resolv  : SSL_connect ssl error =5, mark 0xf006d: Connection refused
06-30 02:54:40.784   750 19335 W resolv  : TLS Handshake failed
06-30 02:54:40.784  2304  2982 E QCNEJ/WlanStaInfoRelay: bssid/ssid is unknown or connection is lost
06-30 02:54:40.786   750 19335 W resolv  : query failed
06-30 02:54:40.786   750 19335 W resolv  : validateDnsTlsServer returned 0 for {192.168.1.1/}
06-30 02:54:40.786  2304  2982 D cneJni  : sendWifiStatus start
06-30 02:54:40.786   750 19335 W resolv  : Validation failed
06-30 02:54:40.789  2304  2982 D QCNEJ/NativeAidlConnector: -> SND notifyWifiAvailable(v4Connected = truev6Connected = , false, isAndroidValidated = false)
06-30 02:54:40.790  2304  2982 D cneJni  : notifyWlanConnectivityUp start
06-30 02:54:40.790  2304  2982 D cneJni  : sendWifiStatus start
06-30 02:54:40.798  2171 19338 D NetworkMonitor/109: PROBE_DNS connectivitycheck.gstatic.com 57ms OK 142.250.66.3
06-30 02:54:40.799  1719  2045 D WearWifiMediator: mNumConfiguredNetworks refreshed to: 335
06-30 02:54:40.800  1719  1719 D WearWifiMediator: SetWifiDecision: true; reason: ON_CHARGING; triggerEvent: NUM_CONFIGURED_NETWORK_UPDATE
06-30 02:54:40.800  1719  1719 D WearWifiMediator: toggleRadioState: true by ON_CHARGING:NUM_CONFIGURED_NETWORK_UPDATE
06-30 02:54:40.800  1719  1719 D WearWifiMediator: SetWifiDecision: next no delay
06-30 02:54:40.800  1719  1719 D WearWifiMediator: refreshBackoffStatus cancelling backoff
06-30 02:54:40.800  1719  1719 D WearWifiMediator: SetWifiDecision: true; reason: ON_CHARGING; triggerEvent: NUM_CONFIGURED_NETWORK_UPDATE
06-30 02:54:40.800  1719  1719 D WearWifiMediator: toggleRadioState: true by ON_CHARGING:NUM_CONFIGURED_NETWORK_UPDATE
06-30 02:54:40.800  1719  1719 D WearWifiMediator: SetWifiDecision: next no delay
06-30 02:54:40.800  1719  1719 D WearWifiMediator: refreshBackoffStatus cancelling backoff
06-30 02:54:40.813  1719  2003 D TextToSpeechManagerPerUserService: Trying to start connection to TTS engine: com.google.android.tts
06-30 02:54:40.814  1719  2003 I TextToSpeech: Sucessfully bound to com.google.android.tts
06-30 02:54:40.815  1719  1719 D TextToSpeechManagerPerUserService: Connected successfully to TTS engine: com.google.android.tts
06-30 02:54:40.816  1719  1719 I TextToSpeech: Connected to TTS engine
06-30 02:54:40.823 17602 17613 I GoogleTTSServiceImpl: currentLocale = en-US
06-30 02:54:40.827 17602 17613 I GoogleTTSServiceImpl: For default lang en-us is name en-US-language (en-us-x-iog-server)
06-30 02:54:40.827  1719 18168 I TextToSpeech: Setting up the connection to TTS engine...
06-30 02:54:40.833  2171 19337 D NetworkMonitor/109: PROBE_DNS www.google.com 96ms OK 142.251.156.119,142.251.151.119,142.251.154.119,142.251.153.119,142.251.150.119,142.251.157.119,142.251.152.119,142.251.155.119
06-30 02:54:40.865  2171 19338 D NetworkMonitor/109: PROBE_HTTP http://connectivitycheck.gstatic.com/generate_204 time=61ms ret=204 request={Connection=[close], User-Agent=[Mozilla/5.0 (X11; Linux x86_64) AppleWebKit/537.36 (KHTML, like Gecko) Chrome/60.0.3112.32 Safari/537.36]} headers={null=[HTTP/1.1 204 No Content], Connection=[close], Content-Length=[0], Cross-Origin-Resource-Policy=[cross-origin], Date=[Mon, 29 Jun 2026 21:24:40 GMT], X-Android-Received-Millis=[1782768280865], X-Android-Response-Source=[NETWORK 204], X-Android-Selected-Protocol=[http/1.1], X-Android-Sent-Millis=[1782768280851]}
06-30 02:54:40.915  1719  1719 D TextToSpeechMediator: No need to set language, shutting down TTS
06-30 02:54:40.917  1719  1719 D TextToSpeechManagerPerUserService: Unbinding TTS engine: com.google.android.tts. Reason: client disconnection request
06-30 02:54:40.918  1719  1719 W TextToSpeechManagerPerUserService: Disconnected from TTS engine
06-30 02:54:40.918  1719  1719 I TextToSpeech: Disconnected from TTS engine
06-30 02:54:40.919  1719  1719 W TextToSpeechManagerPerUserService$TextToSpeechSessionConnection: mayInterruptIfRunning not supported - ignoring
06-30 02:54:41.044  2171 19337 D NetworkMonitor/109: PROBE_HTTPS https://www.google.com/generate_204 time=208ms ret=204 request={Connection=[close], User-Agent=[Mozilla/5.0 (X11; Linux x86_64) AppleWebKit/537.36 (KHTML, like Gecko) Chrome/60.0.3112.32 Safari/537.36]} headers={null=[HTTP/1.1 204 No Content], Alt-Svc=[h3=":443"; ma=2592000,h3-29=":443"; ma=2592000], Connection=[close], Content-Length=[0], Cross-Origin-Resource-Policy=[cross-origin], Date=[Mon, 29 Jun 2026 21:24:41 GMT], X-Android-Received-Millis=[1782768281042], X-Android-Response-Source=[NETWORK 204], X-Android-Selected-Protocol=[http/1.1], X-Android-Sent-Millis=[1782768280991]}
06-30 02:54:41.046  2171 19336 D NetworkMonitor/109: isCaptivePortal: isSuccessful()=true isPortal()=false RedirectUrl=null isPartialConnectivity()=false Time=311ms
06-30 02:54:41.048  1719  1974 I ConnectivityService: Update score for net 109 : +EVER_EVALUATED
06-30 02:54:41.048  1719  1974 D ConnectivityService: [109 WIFI] validation passed
06-30 02:54:41.048  1719  1974 I ConnectivityService: Update capabilities for net 109 : +VALIDATED
06-30 02:54:41.048  1719  1974 I ConnectivityService: Update score for net 109 : +EVER_VALIDATED+IS_VALIDATED
06-30 02:54:41.053  1719  1974 D ConnectivityService: Switching to new default network for: uid/pid:1000/1719 activeRequest: 1 callbackRequest: 1 [NetworkRequest [ REQUEST id=1, [ Capabilities: INTERNET&NOT_RESTRICTED&TRUSTED&NOT_VPN&NOT_VCN_MANAGED&NOT_BANDWIDTH_CONSTRAINED RequestorUid: 1000 RequestorPkg: android UnderlyingNetworks: Null] ]] callback flags: 0 order: 2147483647 isUidTracked: false declaredMethods: NONE using NetworkAgentInfo{network{109}  handle{471557132301}  ni{WIFI CONNECTED extra: } created=2026-06-29T21:24:40.442Z Score(Policies : TRANSPORT_PRIMARY&EVER_EVALUATED&IS_UNMETERED&EVER_VALIDATED&IS_VALIDATED ; KeepConnected : 0)  created 56500327 firstValidated 56500902 lastValidated 56500902  lp{{InterfaceName: wlan0 LinkAddresses: [ fe80::38e3:46ff:feed:4e79/64,192.168.1.17/24 ] DnsAddresses: [ /192.168.1.1 ] Domains: null MTU: 0 ServerAddress: /192.168.1.1 TcpBufferSizes: 524288,2097152,8388608,262144,524288,4194304 Routes: [ fe80::/64 -> :: wlan0 mtu 0,192.168.1.0/24 -> 0.0.0.0 wlan0 mtu 0,0.0.0.0/0 -> 192.168.1.1 wlan0 mtu 0 ]}}  nc{[ Transports: WIFI Capabilities: NOT_METERED&INTERNET&NOT_RESTRICTED&TRUSTED&NOT_VPN&VALIDATED&NOT_ROAMING&FOREGROUND&NOT_CONGESTED&NOT_SUSPENDED&NOT_VCN_MANAGED&NOT_BANDWIDTH_CONSTRAINED LinkUpBandwidth>=20587Kbps LinkDnBandwidth>=19037Kbps Specifier: <WifiNetworkAgentSpecifier [WifiConfiguration=, SSID="Airtel_79041284646", BSSID=94:98:69:74:17:94, band=1, mMatchLocalOnlySpecifiers=false]> TransportInfo: <SSID: "Airtel_79041284646", BSSID: 94:98:69:74:17:94, MAC: 3a:e3:46:ed:4e:79, IP: /192.168.1.17, Security type: 2, Supplicant state: COMPLETED, Wi-Fi standard: 11n, RSSI: -53, Link speed: 6Mbps, Tx Link speed: 6Mbps, Max Supported Tx Link speed: 72Mbps, Calculated Tx : 49Mbps, Rx Link speed: 2Mbps, Max Supported Rx Link speed: 72Mbps, Calculated Rx : 49Mbps, Frequency: 2412MHz, Net ID: 9, Metered hint: false, score: 100, isUsable: true, CarrierMerged: false, SubscriptionId: -1, IsPrimary: 1, Trusted: true, Restricted: false, Ephemeral: false, OEM paid: false, OEM private: false, OSU AP: false, FQDN: <none>, Provider friendly name: <none>, Requesting package name: <none>"Airtel_79041284646"wpa2-pskMLO Information: , Is TID-To-Link negotiation supported by the AP: false, AP MLD Address: <none>, AP MLO Link Id: <none>, AP MLO Affiliated links: <none>, Vendor Data: <none>> SignalStrength: -53 OwnerUid: 10120 AdminUids: [10120] SSID: "Airtel_79041284646" UnderlyingNetworks: Null]}  factorySerialNumber=6}
06-30 02:54:41.060 19333 19333 D AndroidRuntime: >>>>>> START com.android.internal.os.RuntimeInit uid 2000 <<<<<<
06-30 02:54:41.072  1719  1974 D ConnectivityService: Switching to new default network for: uid/pid:1000/1719 activeRequest: 14 callbackRequest: 14 [NetworkRequest [ TRACK_DEFAULT id=14, [ Capabilities: INTERNET&NOT_RESTRICTED&TRUSTED&NOT_VPN&NOT_VCN_MANAGED&NOT_BANDWIDTH_CONSTRAINED Uids: <{10100-10100, 10120-10120}> RequestorUid: 1000 RequestorPkg: android UnderlyingNetworks: Null] ], NetworkRequest [ REQUEST id=15, [ Transports: SATELLITE Capabilities: INTERNET&NOT_RESTRICTED&TRUSTED&NOT_VPN&NOT_VCN_MANAGED Uids: <{10100-10100, 10120-10120}> UnderlyingNetworks: Null] ]] callback flags: 0 order: 40 isUidTracked: false declaredMethods: NONE using NetworkAgentInfo{network{109}  handle{471557132301}  ni{WIFI CONNECTED extra: } created=2026-06-29T21:24:40.442Z Score(Policies : TRANSPORT_PRIMARY&EVER_EVALUATED&IS_UNMETERED&EVER_VALIDATED&IS_VALIDATED ; KeepConnected : 0)  created 56500327 firstValidated 56500902 lastValidated 56500902  lp{{InterfaceName: wlan0 LinkAddresses: [ fe80::38e3:46ff:feed:4e79/64,192.168.1.17/24 ] DnsAddresses: [ /192.168.1.1 ] Domains: null MTU: 0 ServerAddress: /192.168.1.1 TcpBufferSizes: 524288,2097152,8388608,262144,524288,4194304 Routes: [ fe80::/64 -> :: wlan0 mtu 0,192.168.1.0/24 -> 0.0.0.0 wlan0 mtu 0,0.0.0.0/0 -> 192.168.1.1 wlan0 mtu 0 ]}}  nc{[ Transports: WIFI Capabilities: NOT_METERED&INTERNET&NOT_RESTRICTED&TRUSTED&NOT_VPN&VALIDATED&NOT_ROAMING&FOREGROUND&NOT_CONGESTED&NOT_SUSPENDED&NOT_VCN_MANAGED&NOT_BANDWIDTH_CONSTRAINED LinkUpBandwidth>=20587Kbps LinkDnBandwidth>=19037Kbps Specifier: <WifiNetworkAgentSpecifier [WifiConfiguration=, SSID="Airtel_79041284646", BSSID=94:98:69:74:17:94, band=1, mMatchLocalOnlySpecifiers=false]> TransportInfo: <SSID: "Airtel_79041284646", BSSID: 94:98:69:74:17:94, MAC: 3a:e3:46:ed:4e:79, IP: /192.168.1.17, Security type: 2, Supplicant state: COMPLETED, Wi-Fi standard: 11n, RSSI: -53, Link speed: 6Mbps, Tx Link speed: 6Mbps, Max Supported Tx Link speed: 72Mbps, Calculated Tx : 49Mbps, Rx Link speed: 2Mbps, Max Supported Rx Link speed: 72Mbps, Calculated Rx : 49Mbps, Frequency: 2412MHz, Net ID: 9, Metered hint: false, score: 100, isUsable: true, CarrierMerged: false, SubscriptionId: -1, IsPrimary: 1, Trusted: true, Restricted: false, Ephemeral: false, OEM paid: false, OEM private: false, OSU AP: false, FQDN: <none>, Provider friendly name: <none>, Requesting package name: <none>"Airtel_79041284646"wpa2-pskMLO Information: , Is TID-To-Link negotiation supported by the AP: false, AP MLD Address: <none>, AP MLO Link Id: <none>, AP MLO Affiliated links: <none>, Vendor Data: <none>> SignalStrength: -53 OwnerUid: 10120 AdminUids: [10120] SSID: "Airtel_79041284646" UnderlyingNetworks: Null]}  factorySerialNumber=6}
06-30 02:54:41.079  1719  2013 D NetworkTimeUpdateService: New default network 109; checking time.
06-30 02:54:41.083 19333 19333 I AndroidRuntime: Using default boot image
06-30 02:54:41.083 19333 19333 I AndroidRuntime: Leaving lock profiling enabled
06-30 02:54:41.085   853  2603 I vendor.qti.bluetooth@1.0-ibs_handler: ProcessIbsCmd: Received IBS_WAKE_IND: 0xFD
06-30 02:54:41.085   853  2603 I vendor.qti.bluetooth@1.0-ibs_handler: ProcessIbsCmd: Writing IBS_WAKE_ACK
06-30 02:54:41.091  2304  2982 D QCNEJ/DefaultNetworkInfoRelay: Default network available: 109
06-30 02:54:41.093  3468  3668 W EdorasConnMonitorState: unhandled onNetworkConnected
06-30 02:54:41.093  3468  3668 W EdorasConnMonitorState: unhandled onNetworkConnected
06-30 02:54:41.097  2637  2987 D DeviceStateHelper: Wifi freq: 2412
06-30 02:54:41.105  2304  2982 D QCNEJ/NativeAidlConnector: -> SND notifyDefaultNetworkChanged(1)
06-30 02:54:41.106  2304  2982 D cneJni  : sendDefaultNwMsg start
06-30 02:54:41.107 19333 19333 I app_process: Core platform API enforcement enabled from the hiddenapi_platform_enforcement flag and the device API level
06-30 02:54:41.111 19333 19333 I app_process: Using generational CollectorTypeCMC GC.
06-30 02:54:41.116  2304  2982 D QCNEJ/NativeAidlConnector: -> SND notifyDefaultNetworkChanged(1)
06-30 02:54:41.116  2304  2982 D cneJni  : sendDefaultNwMsg start
06-30 02:54:41.121  2171  2368 D UpstreamNetworkMonitor: New default Internet network: 109
06-30 02:54:41.124  1719  1974 D ConnectivityService: Sending DISCONNECTED broadcast for type 16 [107 BLUETOOTH] isDefaultNetwork=true
06-30 02:54:41.125  1719  1974 W ContextImpl: Calling a method in the system process without a qualified user: android.app.ContextImpl.sendStickyBroadcast:1775 android.net.connectivity.com.android.server.ConnectivityService.sendStickyBroadcast:4529 android.net.connectivity.com.android.server.ConnectivityService.sendLegacyNetworkBroadcast:13830 android.net.connectivity.com.android.server.ConnectivityService$LegacyTypeTracker.remove:1461 android.net.connectivity.com.android.server.ConnectivityService.updateLegacyTypeTrackerAndVpnLockdownForRematch:13287 
06-30 02:54:41.127  2076  2076 I DisplayOffloadManager: sendStatusBar
06-30 02:54:41.129   853  2603 I vendor.qti.bluetooth@1.0-ibs_handler: ProcessIbsCmd: Received IBS_SLEEP_IND: 0xFE
06-30 02:54:41.131  1719  2492 D DOLayout: updateStatusBar: identical status bar, skipped
06-30 02:54:41.134  1719  1974 D ConnectivityService: Sending CONNECTED broadcast for type 1 [109 WIFI] isDefaultNetwork=true
06-30 02:54:41.135  1719  1974 W ContextImpl: Calling a method in the system process without a qualified user: android.app.ContextImpl.sendStickyBroadcast:1775 android.net.connectivity.com.android.server.ConnectivityService.sendStickyBroadcast:4529 android.net.connectivity.com.android.server.ConnectivityService.sendGeneralBroadcast:4499 android.net.connectivity.com.android.server.ConnectivityService.sendConnectedBroadcast:4472 android.net.connectivity.com.android.server.ConnectivityService.sendLegacyNetworkBroadcast:13802 
06-30 02:54:41.135  1719  1746 I GnssNetworkConnectivityHandler: updateNetworkState, state=CLOSED, connected=true, network=109, capabilityFlags=3, availableNetworkCount: 2
06-30 02:54:41.136  2305  2559 D ONSProfileActivator: Internet connection available
06-30 02:54:41.140   856   897 W LocSvc_LocIpc: send:117] failed reason: No such file or directory
06-30 02:54:41.158  1719  1974 D ConnectivityService: NetReassign [29 : 107 → 109, 117 : 107 → 109, 337 : 107 → 109, 383 : 107 → 109, 344 : 107 → 109, 26 : 107 → 109, 21 : 107 → 109, 93 : 107 → 109, 178 : 107 → 109, 162 : 107 → 109, 31 : 107 → 109, 335 : 107 → 109, 61 : 107 → 109, 231 : 107 → 109, 23 : 107 → 109, 305 : 107 → 109, 7 : 107 → 109, 86 : 107 → 109, 154 : 107 → 109, 65 : 107 → 109, 121 : 107 → 109, 58 : 107 → 109, 293 : 107 → 109, 140 : 107 → 109, 98 : 107 → 109, 40 : 107 → 109, 235 : 107 → 109, 14 : 107 → 109, 75 : 107 → 109, 129 : 107 → 109, 46 : 107 → 109, 204 : 107 → 109, 1 : 107 → 109, 148 : 107 → 109, 125 : 107 → 109, 42 : 107 → 109, 35 : 107 → 109, 295 : 107 → 109, 301 : 107 → 109, 156 : 107 → 109, 146 : 107 → 109, 19 : 107 → 109, 150 : 107 → 109, 37 : 107 → 109, 68 : 107 → 109, 36 : 107 → 109, 48 : 107 → 109, 298 : 107 → 109, 330 : 107 → 109, 33 : 107 → 109, 359 : 107 → 109] [c 1] [a 92] [i 14]
06-30 02:54:41.159  1719  2003 I AdbWifiNetworkMonitor: Wi-Fi network available
06-30 02:54:41.159  1719  2003 I AdbWifiNetworkMonitor: Received the same Wi-Fi SSID. Ignoring.
06-30 02:54:41.160   853  2603 I vendor.qti.bluetooth@1.0-ibs_handler: ProcessIbsCmd: Received IBS_WAKE_IND: 0xFD
06-30 02:54:41.160   853  2603 I vendor.qti.bluetooth@1.0-ibs_handler: ProcessIbsCmd: Writing IBS_WAKE_ACK
06-30 02:54:41.164  1719  2003 D WearNetworkLogger: logging network status update NetworkStatus: 1, TransportType: 1
06-30 02:54:41.166  2304  2982 D QCNEJ/NativeAidlConnector: -> SND notifyDefaultNetworkChanged(1)
06-30 02:54:41.166  2304  2982 D cneJni  : sendDefaultNwMsg start
06-30 02:54:41.167  2637  2987 D DeviceStateHelper: Wifi freq: 2412
06-30 02:54:41.169  2304  2982 D QCNEJ/WlanStaInfoRelay: AndroidValidate from false to true
06-30 02:54:41.171  1719  1974 D ConnectivityService: Setting DNS servers for network 109 to [/192.168.1.1]
06-30 02:54:41.172  1719  1974 D DnsManager: sendDnsConfigurationForNetwork(ResolverParamsParcel{netId: 109, sampleValiditySeconds: 1800, successThreshold: 25, minSamples: 8, maxSamples: 64, baseTimeoutMsec: 0, retryCount: 0, servers: [192.168.1.1], domains: [], tlsName: , tlsServers: [192.168.1.1], tlsFingerprints: [], caCertificate: , tlsConnectTimeoutMs: 0, resolverOptions: null, transportTypes: [1], meteredNetwork: false, dohParams: null, interfaceNames: [wlan0]})
06-30 02:54:41.173   750 19347 W resolv  : Validating DnsTlsServer {192.168.1.1/} with mark 0xf006d
06-30 02:54:41.175  2305  2330 E PhoneInterfaceManager: getDataNetworkTypeForSubscriber: phone is null for sub -1
06-30 02:54:41.178  2304  2982 D QCNEJ/WlanStaInfoRelay: retrieveCountryCode: Returned country code: 
06-30 02:54:41.179  2304  2982 D cneJni  : sendWifiStatus start
06-30 02:54:41.184  3468  3668 W EdorasConnMonitorState: unhandled onNetworkConnected
06-30 02:54:41.188  1719  3326 D WifiMemoryStoreImpl: Set cluster G8e72d1982926eaf5 for W58f088a2c4caafcb: SUCCESS
06-30 02:54:41.188   750 19347 W resolv  : SSL_connect ssl error =5, mark 0xf006d: Connection refused
06-30 02:54:41.188   750 19347 W resolv  : TLS Handshake failed
06-30 02:54:41.190   750 19347 W resolv  : query failed
06-30 02:54:41.190   750 19347 W resolv  : validateDnsTlsServer returned 0 for {192.168.1.1/}
06-30 02:54:41.190   750 19347 W resolv  : Validation failed
06-30 02:54:41.191  1719  1970 W LastMileLogger: Failed to stop event tracing: /sys/kernel/debug/tracing/instances/wifi/tracing_on: open failed: ENOENT (No such file or directory)
06-30 02:54:41.194  1719  1967 I WifiClientModeImpl: WifiConnectivityDiagnosticsCallback onConnectivityReportAvailable
06-30 02:54:41.203   853  2603 I vendor.qti.bluetooth@1.0-ibs_handler: ProcessIbsCmd: Received IBS_SLEEP_IND: 0xFE
06-30 02:54:41.206  2305  2506 D SatelliteController: EVENT_WIFI_CONNECTIVITY_STATE_CHANGED: mIsWifiConnected=true
06-30 02:54:41.206  2305  2506 D SatelliteController: isCarrierRoamingNtnEligible: radio is off
06-30 02:54:41.206  2305  2506 D SatelliteController: evaluateCarrierRoamingNtnEligibilityChange: isCarrierRoamingNtnEligible=false
06-30 02:54:41.206  2305  2506 E SatelliteController: notifyNtnEligibility: mSatellitePhone is null
06-30 02:54:41.215 15640 19178 I TrafficStats: tagSocketFd(-1, 1031, -1) failed with errno-9
06-30 02:54:41.290  2171 19320 D IpClient/wlan0: addressUpdated: fe80::38e3:46ff:feed:4e79/64 on ifindex 26 flags 0x00000080 scope 253
06-30 02:54:41.324 11447 11447 D sysproxy: [T:45] Local application closed connection; closing stream.
06-30 02:54:41.325 11447 11447 D sysproxy: [T:45] Closed stream. RX/TX: 1052/860
06-30 02:54:41.325 15640 19144 W WakeLock: GCM_HB_ALARM release without a matched acquire! [CONTEXT service_id=259 ]
06-30 02:54:41.325 15640 19144 W WakeLock: GCM_HB_ALARM counter does not exist
06-30 02:54:41.333 15640 19144 I AlarmManager: setExactAndAllowWhileIdle [name: GCM_HB_ALARM type: 2 triggerAtMillis: 57761187]
06-30 02:54:41.335   853  2603 I vendor.qti.bluetooth@1.0-ibs_handler: ProcessIbsCmd: Received IBS_WAKE_IND: 0xFD
06-30 02:54:41.335   853  2603 I vendor.qti.bluetooth@1.0-ibs_handler: ProcessIbsCmd: Writing IBS_WAKE_ACK
06-30 02:54:41.383   853  2603 I vendor.qti.bluetooth@1.0-ibs_handler: ProcessIbsCmd: Received IBS_SLEEP_IND: 0xFE
06-30 02:54:41.398 19333 19333 W app_process: Bump pointer space is not aligned to 2048KB. This can lead to longer stop-the-world pauses for compaction
06-30 02:54:41.417   853  2603 I vendor.qti.bluetooth@1.0-ibs_handler: ProcessIbsCmd: Received IBS_WAKE_IND: 0xFD
06-30 02:54:41.417   853  2603 I vendor.qti.bluetooth@1.0-ibs_handler: ProcessIbsCmd: Writing IBS_WAKE_ACK
06-30 02:54:41.424 11447 11447 D sysproxy: [test] Wakelock sysproxy.incoming_packets.tcp acquired
06-30 02:54:41.426  1719 11488 D ProxyConnectionV1: received possible wakeup msg: 56501278, 1021
06-30 02:54:41.427 11447 11447 D sysproxy: [test] Wakelock sysproxy.incoming_packets.tcp released
06-30 02:54:41.431  1719  1901 I SensorService: Setting connection 0xe47359c0 disabled status to 0 for reason 2
06-30 02:54:41.432  1719  1760 D ActivityManager: sync unfroze 8905 com.fitbit.FitbitMobile for 3
06-30 02:54:41.461   853  2603 I vendor.qti.bluetooth@1.0-ibs_handler: ProcessIbsCmd: Received IBS_SLEEP_IND: 0xFE
06-30 02:54:41.467 19333 19333 D nativeloader: InitDefaultPublicLibraries for_preload=1: libandroid.so:libaaudio.so:libamidi.so:libbinder_ndk.so:libc.so:libcamera2ndk.so:libdl.so:libEGL.so:libGLESv1_CM.so:libGLESv2.so:libGLESv3.so:libicu.so:libicui18n.so:libicuuc.so:libjnigraphics.so:liblog.so:libmediandk.so:libm.so:libnativehelper.so:libnativewindow.so:libneuralnetworks.so:libOpenMAXAL.so:libOpenSLES.so:libRS.so:libstdc++.so:libsync.so:libvulkan.so:libz.so
06-30 02:54:41.477 15640 19144 I AlarmManager: setExactAndAllowWhileIdle [name: GCM_HB_ALARM type: 2 triggerAtMillis: 57761331]
06-30 02:54:41.481 15640 19144 W WakeLock: GCM_CONN_ALARM release without a matched acquire! [CONTEXT service_id=259 ]
06-30 02:54:41.481 15640 19144 W WakeLock: GCM_CONN_ALARM counter does not exist
06-30 02:54:41.489 15640 19144 I AlarmManager: setExactAndAllowWhileIdle [name: GCM_HB_ALARM type: 2 triggerAtMillis: 57761343]
06-30 02:54:41.504   853  2603 I vendor.qti.bluetooth@1.0-ibs_handler: ProcessIbsCmd: Received IBS_WAKE_IND: 0xFD
06-30 02:54:41.505   853  2603 I vendor.qti.bluetooth@1.0-ibs_handler: ProcessIbsCmd: Writing IBS_WAKE_ACK
06-30 02:54:41.533 19333 19333 D nativeloader: Load libicu_jni.so using APEX ns com_android_art for caller /apex/com.android.art/javalib/core-oj.jar: ok
06-30 02:54:41.533 19333 19333 D app_process: u_setTimeZoneFilesDirectory("/apex/com.android.tzdata/etc/tz/versioned/10/icu") succeeded. 
06-30 02:54:41.534 19333 19333 D app_process: I18n APEX ICU file found: /apex/com.android.i18n/etc/icu/icudt78l.dat
06-30 02:54:41.548 19333 19333 D nativeloader: Load libjavacore.so using APEX ns com_android_art for caller /apex/com.android.art/javalib/core-oj.jar: ok
06-30 02:54:41.548   853  2603 I vendor.qti.bluetooth@1.0-ibs_handler: ProcessIbsCmd: Received IBS_SLEEP_IND: 0xFE
06-30 02:54:41.552 19333 19333 D nativeloader: Load libopenjdk.so using APEX ns com_android_art for caller /apex/com.android.art/javalib/core-oj.jar: ok
06-30 02:54:41.557 19333 19333 I app_process: Priority-to-niceness mapping: 19, 16, 13, 10, 0, -2, -4, -5, -6, -8
06-30 02:54:41.589   853  2603 I vendor.qti.bluetooth@1.0-ibs_handler: ProcessIbsCmd: Received IBS_WAKE_IND: 0xFD
06-30 02:54:41.589   853  2603 I vendor.qti.bluetooth@1.0-ibs_handler: ProcessIbsCmd: Writing IBS_WAKE_ACK
06-30 02:54:41.600 11447 11447 D sysproxy: [test] Wakelock sysproxy.incoming_packets.tcp acquired
06-30 02:54:41.601 11447 11447 D sysproxy: [test] Wakelock sysproxy.incoming_packets.tcp released
06-30 02:54:41.603  1719 11488 D ProxyConnectionV1: received possible wakeup msg: 56501455, 1021
06-30 02:54:41.620 11447 11447 D sysproxy: [test] Wakelock sysproxy.incoming_packets.tcp acquired
06-30 02:54:41.621 11447 11447 D sysproxy: [test] Wakelock sysproxy.incoming_packets.tcp released
06-30 02:54:41.649 15640 15640 D CloudSync: gcm disconnected, disabling cloud route.
06-30 02:54:41.649 15640 15640 D CloudSync: scheduling disable of cloud route when already disabled
06-30 02:54:41.656   853  2603 I vendor.qti.bluetooth@1.0-ibs_handler: ProcessIbsCmd: Received IBS_SLEEP_IND: 0xFE
06-30 02:54:41.671   853  2603 I vendor.qti.bluetooth@1.0-ibs_handler: ProcessIbsCmd: Received IBS_WAKE_IND: 0xFD
06-30 02:54:41.671   853  2603 I vendor.qti.bluetooth@1.0-ibs_handler: ProcessIbsCmd: Writing IBS_WAKE_ACK
06-30 02:54:41.697 11447 11447 D sysproxy: [test] Wakelock sysproxy.incoming_packets.tcp acquired
06-30 02:54:41.698 11447 11447 D sysproxy: [test] Wakelock sysproxy.incoming_packets.tcp released
06-30 02:54:41.701 19333 19333 D nativeloader: Load libframework-connectivity-tiramisu-jni.so using APEX ns com_android_tethering for caller /apex/com.android.tethering/javalib/framework-connectivity-t.jar: ok
06-30 02:54:41.702 19333 19333 D AndroidRuntime: Calling main entry com.android.commands.content.Content
06-30 02:54:41.711 11447 11447 D sysproxy: [test] Wakelock sysproxy.incoming_packets.tcp acquired
06-30 02:54:41.711 11447 11447 D sysproxy: [test] Wakelock sysproxy.incoming_packets.tcp released
06-30 02:54:41.712  1719 11488 D ProxyConnectionV1: received possible wakeup msg: 56501565, 1021
06-30 02:54:41.718 19333 19333 I AconfigPackage: com.android.os.statsd.flags is mapped to com.android.os.statsd
06-30 02:54:41.719 19333 19333 I AconfigPackage: com.android.uprobestats.flags is mapped to com.android.uprobestats
06-30 02:54:41.719 19333 19333 I AconfigPackage: android.uprobestats.mainline.flags is mapped to com.android.uprobestats
06-30 02:54:41.720 19333 19333 I AconfigPackage: com.android.media.extractor.flags is mapped to com.android.media
06-30 02:54:41.720 19333 19333 I AconfigPackage: com.android.media.metrics.flags is mapped to com.android.media
06-30 02:54:41.720 19333 19333 I AconfigPackage: com.android.media.mainline.flags is mapped to com.android.media
06-30 02:54:41.722 19333 19333 I AconfigPackage: com.android.adservices.flags is mapped to com.android.adservices
06-30 02:54:41.722 19333 19333 I AconfigPackage: com.android.sdksandbox.flags is mapped to com.android.adservices
06-30 02:54:41.722 19333 19333 I AconfigPackage: android.app.sdksandbox.flags is mapped to com.android.adservices
06-30 02:54:41.723 19333 19333 I AconfigPackage: com.android.npumanager is mapped to com.android.npumanager
06-30 02:54:41.725 19333 19333 I AconfigPackage: com.android.appsearch.flags is mapped to com.android.appsearch
06-30 02:54:41.726 19333 19333 I AconfigPackage: com.android.crashrecovery.flags is mapped to com.android.crashrecovery
06-30 02:54:41.727 19333 19333 I AconfigPackage: com.android.tethering.mainline.beta is mapped to com.android.tethering
06-30 02:54:41.727 19333 19333 I AconfigPackage: android.net.http is mapped to com.android.tethering
06-30 02:54:41.728 19333 19333 I AconfigPackage: com.android.tethering.readonly.flags is mapped to com.android.tethering
06-30 02:54:41.728 19333 19333 I AconfigPackage: android.net.vcn is mapped to com.android.tethering
06-30 02:54:41.728 19333 19333 I AconfigPackage: com.android.net.flags is mapped to com.android.tethering
06-30 02:54:41.728 19333 19333 I AconfigPackage: com.android.tethering.flags is mapped to com.android.tethering
06-30 02:54:41.728 19333 19333 I AconfigPackage: com.android.tethering.beta.test is mapped to com.android.tethering
06-30 02:54:41.728 19333 19333 I AconfigPackage: com.android.nearby.flags is mapped to com.android.tethering
06-30 02:54:41.728 19333 19333 I AconfigPackage: com.android.net.thread.flags is mapped to com.android.tethering
06-30 02:54:41.728 19333 19333 I AconfigPackage: com.android.net.ct.flags is mapped to com.android.tethering
06-30 02:54:41.729 19333 19333 I AconfigPackage: com.android.nfc.module.flags is mapped to com.android.nfcservices
06-30 02:54:41.729 19333 19333 I AconfigPackage: com.android.nfc.module.nonexported.flags is mapped to com.android.nfcservices
06-30 02:54:41.730 19333 19333 I AconfigPackage: com.android.uwb.flags is mapped to com.android.uwb
06-30 02:54:41.730 19333 19333 I AconfigPackage: com.android.ranging.flags is mapped to com.android.uwb
06-30 02:54:41.731 19333 19333 I AconfigPackage: com.android.rkpd.flags is mapped to com.android.rkpd
06-30 02:54:41.731 19333 19333 I AconfigPackage: com.android.system.virtualmachine.flags is mapped to com.android.virt
06-30 02:54:41.732 19333 19333 I AconfigPackage: com.android.org.conscrypt.flags is mapped to com.android.conscrypt
06-30 02:54:41.732 19333 19333 I AconfigPackage: com.android.org.conscrypt.net.flags is mapped to com.android.conscrypt
06-30 02:54:41.733 19333 19333 I AconfigPackage: android.media.swcodec.flags is mapped to com.android.media.swcodec
06-30 02:54:41.734 19333 19333 I AconfigPackage: com.android.ipsec.flags is mapped to com.android.ipsec
06-30 02:54:41.736 19333 19333 I AconfigPackage: com.android.cellbroadcastreceiver.flags is mapped to com.android.cellbroadcast
06-30 02:54:41.737 11447 11447 D sysproxy: [test] Wakelock sysproxy.incoming_packets.tcp acquired
06-30 02:54:41.737 19333 19333 I AconfigPackage: android.telecom.flags is mapped to com.android.telephonycore
06-30 02:54:41.737 19333 19333 I AconfigPackage: com.android.internal.telecom.flags is mapped to com.android.telephonycore
06-30 02:54:41.737 19333 19333 I AconfigPackage: com.android.telephony.flags is mapped to com.android.telephonycore
06-30 02:54:41.738 11447 11447 D sysproxy: [test] Wakelock sysproxy.incoming_packets.tcp released
06-30 02:54:41.738 19333 19333 I AconfigPackage: com.android.devicelock.flags is mapped to com.android.devicelock
06-30 02:54:41.739 19333 19333 I AconfigPackage: com.android.permission.flags is mapped to com.android.permission
06-30 02:54:41.740 19333 19333 I AconfigPackage: com.android.permissioncontroller.flags is mapped to com.android.permission
06-30 02:54:41.740 19333 19333 I AconfigPackage: com.android.icu is mapped to com.android.i18n
06-30 02:54:41.741 19333 19333 I AconfigPackage: com.android.adservices.ondevicepersonalization.flags is mapped to com.android.ondevicepersonalization
06-30 02:54:41.742 19333 19333 I AconfigPackage: com.android.wifi.flags is mapped to com.android.wifi
06-30 02:54:41.742 19333 19333 I AconfigPackage: com.android.webapp.flags is mapped to com.android.webapp
06-30 02:54:41.743 19333 19333 I AconfigPackage: android.os.profiling is mapped to com.android.profiling
06-30 02:54:41.743 19333 19333 I AconfigPackage: android.os.profiling.anomaly.flags is mapped to com.android.profiling
06-30 02:54:41.744 19333 19333 I AconfigPackage: com.android.healthfitness.flags is mapped to com.android.healthfitness
06-30 02:54:41.745 19333 19333 I AconfigPackage: com.android.art.flags is mapped to com.android.art
06-30 02:54:41.745 19333 19333 I AconfigPackage: com.android.art.rw.flags is mapped to com.android.art
06-30 02:54:41.745 19333 19333 I AconfigPackage: com.android.libcore is mapped to com.android.art
06-30 02:54:41.746 19333 19333 I AconfigPackage: android.provider.flags is mapped to com.android.configinfrastructure
06-30 02:54:41.746 19333 19333 I AconfigPackage: com.android.server.deviceconfig is mapped to com.android.configinfrastructure
06-30 02:54:41.747 19333 19333 I AconfigPackage: com.google.android.widevine.flags is mapped to com.google.android.widevine
06-30 02:54:41.749 19333 19333 I AconfigPackage: com.android.adbd.flags is mapped to com.android.adbd
06-30 02:54:41.750 19333 19333 I AconfigPackage: android.graphics.pdf.flags is mapped to com.android.mediaprovider
06-30 02:54:41.750 19333 19333 I AconfigPackage: com.android.providers.media.flags is mapped to com.android.mediaprovider
06-30 02:54:41.750 19333 19333 I AconfigPackage: android.graphics.pdf.flags.readonly is mapped to com.android.mediaprovider
06-30 02:54:41.752 19333 19333 I AconfigPackage: com.android.bluetooth.beta.flags is mapped to com.android.bt
06-30 02:54:41.752 19333 19333 I AconfigPackage: com.android.bluetooth.flags is mapped to com.android.bt
06-30 02:54:41.752 19333 19333 E FeatureFlagsImplExport: android.os.flagging.AconfigStorageReadException: ERROR_PACKAGE_NOT_FOUND: package android.xr cannot be found on the device
06-30 02:54:41.761  1719  3326 D ActivityManager: sync unfroze 16255 android.process.acore for 7
06-30 02:54:41.762 11447 11447 D sysproxy: [test] Wakelock sysproxy.incoming_packets.tcp acquired
06-30 02:54:41.762 11447 11447 D sysproxy: [test] Wakelock sysproxy.incoming_packets.tcp released
06-30 02:54:41.777 11447 11447 D sysproxy: [test] Wakelock sysproxy.incoming_packets.tcp acquired
06-30 02:54:41.777 11447 11447 D sysproxy: [test] Wakelock sysproxy.incoming_packets.tcp released
06-30 02:54:41.830 11447 11447 D sysproxy: [test] Wakelock sysproxy.incoming_packets.tcp acquired
06-30 02:54:41.830 11447 11447 D sysproxy: [test] Wakelock sysproxy.incoming_packets.tcp released
06-30 02:54:41.832  1719 11488 D ProxyConnectionV1: received possible wakeup msg: 56501684, 1021
06-30 02:54:41.853 11447 11447 D sysproxy: [test] Wakelock sysproxy.incoming_packets.tcp acquired
06-30 02:54:41.854 11447 11447 D sysproxy: [test] Wakelock sysproxy.incoming_packets.tcp released
06-30 02:54:41.869 11447 11447 D sysproxy: [test] Wakelock sysproxy.incoming_packets.tcp acquired
06-30 02:54:41.869 11447 11447 D sysproxy: [test] Wakelock sysproxy.incoming_packets.tcp released
06-30 02:54:41.888 11447 11447 D sysproxy: [test] Wakelock sysproxy.incoming_packets.tcp acquired
06-30 02:54:41.889 11447 11447 D sysproxy: [test] Wakelock sysproxy.incoming_packets.tcp released
06-30 02:54:41.921 11447 11447 D sysproxy: [test] Wakelock sysproxy.incoming_packets.tcp acquired
06-30 02:54:41.921 11447 11447 D sysproxy: [test] Wakelock sysproxy.incoming_packets.tcp released
06-30 02:54:41.936 11447 11447 D sysproxy: [test] Wakelock sysproxy.incoming_packets.tcp acquired
06-30 02:54:41.936 11447 11447 D sysproxy: [test] Wakelock sysproxy.incoming_packets.tcp released
06-30 02:54:41.937  1719 11488 D ProxyConnectionV1: received possible wakeup msg: 56501790, 1021
06-30 02:54:41.958 11447 11447 D sysproxy: [test] Wakelock sysproxy.incoming_packets.tcp acquired
06-30 02:54:41.959 11447 11447 D sysproxy: [test] Wakelock sysproxy.incoming_packets.tcp released
06-30 02:54:41.972 11447 11447 D sysproxy: [test] Wakelock sysproxy.incoming_packets.tcp acquired
06-30 02:54:41.973 11447 11447 D sysproxy: [test] Wakelock sysproxy.incoming_packets.tcp released
06-30 02:54:41.974 11447 11447 D sysproxy: [test] Wakelock sysproxy.incoming_packets.tcp acquired
06-30 02:54:41.974 11447 11447 D sysproxy: [test] Wakelock sysproxy.incoming_packets.tcp released
06-30 02:54:41.977 11447 11447 D sysproxy: [T:46] Local application closed connection; closing stream.
06-30 02:54:41.977 11447 11447 D sysproxy: [T:46] Closed stream. RX/TX: 783/70577
06-30 02:54:41.992  1186  1234 W LocSvc_xtra2: onInjectXtraData:153] injectXtraData
06-30 02:54:42.021   853  2603 I vendor.qti.bluetooth@1.0-ibs_handler: ProcessIbsCmd: Received IBS_SLEEP_IND: 0xFE
06-30 02:54:42.088 19333 19358 W libbinder.IPCThreadState: call to talkWithDriver in joinThreadPool returned error: -9 (Bad file descriptor), FD: -1
06-30 02:54:42.089 19333 19359 W libbinder.IPCThreadState: call to talkWithDriver in joinThreadPool returned error: -9 (Bad file descriptor), FD: -1
06-30 02:54:42.089 19333 19333 D AndroidRuntime: Shutting down VM
06-30 02:54:42.979   853  2607 I vendor.qti.bluetooth@1.0-ibs_handler: DeviceSleep: TX Awake, Sending SLEEP_IND
06-30 02:54:42.979   853  2607 D vendor.qti.bluetooth@1.0-ibs_handler: SerialClockVote: vote for UART CLK OFF
06-30 02:54:42.979   853  2607 D vendor.qti.bluetooth@1.0-uart_transport: ClockOperation: USERIAL_OP_CLK_OFF - after sys fs write-ret:4
06-30 02:54:43.130   853  2495 D vendor.qti.bluetooth@1.0-wake_lock: Release wakelock is released 
06-30 02:54:43.526  1719  2003 I AdbWifiNetworkMonitor: Wi-Fi network available
06-30 02:54:43.527  1719  2003 I AdbWifiNetworkMonitor: Received the same Wi-Fi SSID. Ignoring.
06-30 02:54:43.530  1719  1967 I HalDevMgr: bestIfaceCreationProposal is null, requestIface=STA, existingIface=[name=wlan0 type=STA]
06-30 02:54:43.538  2304  2982 D QCNEJ/NativeAidlConnector: -> SND notifyDefaultNetworkChanged(1)
06-30 02:54:43.538  2637  2987 D DeviceStateHelper: Wifi freq: 2412
06-30 02:54:43.538  2304  2982 D cneJni  : sendDefaultNwMsg start
06-30 02:54:43.540  3468  3668 W EdorasConnMonitorState: unhandled onNetworkConnected
06-30 02:54:43.541  2304  2982 D cneJni  : sendWifiStatus start
06-30 02:54:43.972  2076  2088 I .wearable.sysui: Background young concurrent mark compact GC freed 28MB AllocSpace bytes, 0(0B) LOS objects, 89% free, 13MB/128MB, paused 1.144ms,6.384ms total 136.235ms
06-30 02:54:45.274  2171 19320 D IpClient/wlan0: interfaceDnsServerInfo: [fe80::1%wlan0]
06-30 02:54:45.275  2171 19320 D ApfFilter: (wlan0): Adding RA fe80::1 -> ff02::1 0s DNS 900s fe80::1 
06-30 02:54:45.286  1719  1974 D ConnectivityService: Setting DNS servers for network 109 to [/fe80::1%wlan0, /192.168.1.1]
06-30 02:54:45.287  1719  1974 D DnsManager: sendDnsConfigurationForNetwork(ResolverParamsParcel{netId: 109, sampleValiditySeconds: 1800, successThreshold: 25, minSamples: 8, maxSamples: 64, baseTimeoutMsec: 0, retryCount: 0, servers: [fe80::1%wlan0, 192.168.1.1], domains: [], tlsName: , tlsServers: [fe80::1%wlan0, 192.168.1.1], tlsFingerprints: [], caCertificate: , tlsConnectTimeoutMs: 0, resolverOptions: null, transportTypes: [1], meteredNetwork: false, dohParams: null, interfaceNames: [wlan0]})
06-30 02:54:45.288   750 19360 W resolv  : Validating DnsTlsServer {192.168.1.1/} with mark 0xf006d
06-30 02:54:45.288   750 19361 W resolv  : Validating DnsTlsServer {fe80::1%26/} with mark 0xf006d
06-30 02:54:45.295  2304  2982 D QCNEJ/NativeAidlConnector: -> SND notifyWifiAvailable(v4Connected = truev6Connected = , false, isAndroidValidated = true)
06-30 02:54:45.296  2304  2982 D cneJni  : notifyWlanConnectivityUp start
06-30 02:54:45.298  2304  2982 D cneJni  : sendWifiStatus start
06-30 02:54:45.400   750 19361 W resolv  : SSL_connect ssl error =5, mark 0xf006d: Connection refused
06-30 02:54:45.400   750 19360 W resolv  : SSL_connect ssl error =5, mark 0xf006d: Connection refused
06-30 02:54:45.400   750 19360 W resolv  : TLS Handshake failed
06-30 02:54:45.400   750 19361 W resolv  : TLS Handshake failed
06-30 02:54:45.400   750 19360 W resolv  : query failed
06-30 02:54:45.401   750 19361 W resolv  : query failed
06-30 02:54:45.401   750 19361 W resolv  : validateDnsTlsServer returned 0 for {fe80::1%26/}
06-30 02:54:45.402   750 19361 W resolv  : Validation failed
06-30 02:54:45.402   750 19360 W resolv  : validateDnsTlsServer returned 0 for {192.168.1.1/}
06-30 02:54:45.403   750 19360 W resolv  : Validation failed
06-30 02:54:46.047   853  2603 I vendor.qti.bluetooth@1.0-ibs_handler: ProcessIbsCmd: Received IBS_WAKE_IND: 0xFD
06-30 02:54:46.047   853  2603 D vendor.qti.bluetooth@1.0-ibs_handler: SerialClockVote: vote for UART CLK ON
06-30 02:54:46.048   853  2603 D vendor.qti.bluetooth@1.0-uart_transport: ClockOperation: USERIAL_OP_CLK_ON - after sys fs write-ret:4
06-30 02:54:46.048   853  2603 D vendor.qti.bluetooth@1.0-wake_lock: Acquire wakelock is acquired 
06-30 02:54:46.048   853  2603 I vendor.qti.bluetooth@1.0-ibs_handler: ProcessIbsCmd: Writing IBS_WAKE_ACK
06-30 02:54:46.049  2188  2472 I bt_btm_pm: system/stack/acl/btm_pm.cc:648 btm_pm_proc_mode_change: Power mode switched from immediate:active[0] to immediate:sniff[2]
06-30 02:54:46.093   853  2603 I vendor.qti.bluetooth@1.0-ibs_handler: ProcessIbsCmd: Received IBS_SLEEP_IND: 0xFE
06-30 02:54:46.093   853  2603 D vendor.qti.bluetooth@1.0-ibs_handler: SerialClockVote: vote for UART CLK OFF
06-30 02:54:46.093   853  2603 D vendor.qti.bluetooth@1.0-uart_transport: ClockOperation: USERIAL_OP_CLK_OFF - after sys fs write-ret:4
06-30 02:54:46.245   853  2495 D vendor.qti.bluetooth@1.0-wake_lock: Release wakelock is released 
06-30 02:54:46.392  2171 19320 D IpClient/wlan0: interfaceLinkStateChanged: ifindex 26 up
06-30 02:54:46.503  1719  1914 D ActivityManager: freezing 8905 com.fitbit.FitbitMobile
06-30 02:54:46.504  1719  1901 I SensorService: Setting connection 0xe47359c0 disabled status to 1 for reason 2
06-30 02:54:46.507  1719  1974 D InetDiagMessage: Destroyed 0 sockets, proto=IPPROTO_TCP, family=AF_INET, states=14
06-30 02:54:46.508  1719  1974 D InetDiagMessage: Destroyed 0 sockets, proto=IPPROTO_TCP, family=AF_INET6, states=14
06-30 02:54:46.508  1719  1974 D InetDiagMessage: Destroyed live tcp sockets for uids={10111} in 2ms
06-30 02:54:46.509  1719  1974 D InetDiagMessage: Destroyed 0 sockets, proto=IPPROTO_TCP, family=AF_INET, states=14
06-30 02:54:46.510  1719  1974 D InetDiagMessage: Destroyed 0 sockets, proto=IPPROTO_TCP, family=AF_INET6, states=14
06-30 02:54:46.510  1719  1974 D InetDiagMessage: Destroyed live tcp sockets for uids={20111} in 2ms
06-30 02:54:46.511  1719  1974 D InetDiagMessage: Destroyed 0 sockets, proto=IPPROTO_TCP, family=AF_INET, states=14
06-30 02:54:46.512  1719  1974 D InetDiagMessage: Destroyed 0 sockets, proto=IPPROTO_TCP, family=AF_INET6, states=14
06-30 02:54:46.512  1719  1974 D InetDiagMessage: Destroyed live tcp sockets for uids={10111} in 2ms
06-30 02:54:46.541  2637  3822 W Settings: Setting airplane_mode_on has moved from android.provider.Settings.System to android.provider.Settings.Global, returning read-only value.
06-30 02:54:46.547  1719  1967 I HalDevMgr: bestIfaceCreationProposal is null, requestIface=STA, existingIface=[name=wlan0 type=STA]
06-30 02:54:46.575  2637  3822 W ConnectivityEventWriter: Failed to add tag: ConnectivityMonitorEventMetadata{eventTimestampMs=1782768286556, subscriptionId=Optional.empty, slotId=Optional.empty}
06-30 02:54:46.578  2637  3822 W Settings: Setting wifi_on has moved from android.provider.Settings.System to android.provider.Settings.Secure, returning read-only value.
06-30 02:54:46.578  2637  3822 W Settings: Setting wifi_on has moved from android.provider.Settings.Secure to android.provider.Settings.Global.
06-30 02:54:46.580  2637  3822 W ConnectivityEventWriter: Failed to add tag: ConnectivityMonitorEventMetadata{eventTimestampMs=1782768286579, subscriptionId=Optional.empty, slotId=Optional.empty}
06-30 02:54:46.586  2637  3822 D ConnectivityEventWriter: Event filtered: WIFI_SETTINGS_CHANGED
06-30 02:54:46.941  1719  1736 I system_server: Background concurrent mark compact GC freed 20MB AllocSpace bytes, 13(256KB) LOS objects, 87% free, 30MB/256MB, paused 4.235ms,9.006ms total 504.630ms
06-30 02:54:46.957  2817  2828 W adsp_wdog: vendor/qcom/proprietary/monaco/adsprpc/src/fastrpc_apps_user.c:1425:Warning: remote_handle_invoke: Non-domain usage of FastRPC will be deprecated, use domains to offload to DSP using FastRPC
06-30 02:54:46.960  2817  2828 I adsp_wdog: rpcversion_getSerialNum() returned: 9d5cd6d4
06-30 02:54:47.090  1719  1914 D ActivityManager: freezing 16255 android.process.acore
06-30 02:54:47.096  1719  1974 D InetDiagMessage: Destroyed 0 sockets, proto=IPPROTO_TCP, family=AF_INET, states=14
06-30 02:54:47.097  1719  1974 D InetDiagMessage: Destroyed 0 sockets, proto=IPPROTO_TCP, family=AF_INET6, states=14
06-30 02:54:47.098  1719  1974 D InetDiagMessage: Destroyed live tcp sockets for uids={10044} in 4ms
06-30 02:54:47.788   853  2603 I vendor.qti.bluetooth@1.0-ibs_handler: ProcessIbsCmd: Received IBS_WAKE_IND: 0xFD
06-30 02:54:47.788   853  2603 D vendor.qti.bluetooth@1.0-ibs_handler: SerialClockVote: vote for UART CLK ON
06-30 02:54:47.788   853  2603 D vendor.qti.bluetooth@1.0-uart_transport: ClockOperation: USERIAL_OP_CLK_ON - after sys fs write-ret:4
06-30 02:54:47.788   853  2603 D vendor.qti.bluetooth@1.0-wake_lock: Acquire wakelock is acquired 
06-30 02:54:47.788   853  2603 I vendor.qti.bluetooth@1.0-ibs_handler: ProcessIbsCmd: Writing IBS_WAKE_ACK
06-30 02:54:47.831   853  2603 I vendor.qti.bluetooth@1.0-ibs_handler: ProcessIbsCmd: Received IBS_SLEEP_IND: 0xFE
06-30 02:54:47.831   853  2603 D vendor.qti.bluetooth@1.0-ibs_handler: SerialClockVote: vote for UART CLK OFF
06-30 02:54:47.832   853  2603 D vendor.qti.bluetooth@1.0-uart_transport: ClockOperation: USERIAL_OP_CLK_OFF - after sys fs write-ret:4
06-30 02:54:47.857  2637  3822 W Settings: Setting airplane_mode_on has moved from android.provider.Settings.System to android.provider.Settings.Global, returning read-only value.
06-30 02:54:47.858  2637  3822 W ConnectivityEventWriter: Failed to add tag: ConnectivityMonitorEventMetadata{eventTimestampMs=1782768287858, subscriptionId=Optional.empty, slotId=Optional.empty}
06-30 02:54:47.858  2637  3822 D ConnectivityEventWriter: Event filtered: AIRPLANE_MODE_SETTINGS_CHANGED
06-30 02:54:47.982   853  2495 D vendor.qti.bluetooth@1.0-wake_lock: Release wakelock is released 
06-30 02:54:48.403  1719  1914 D ActivityManager: freezing 15265 com.google.android.gms
06-30 02:54:48.615  2637  3822 W Settings: Setting wifi_on has moved from android.provider.Settings.System to android.provider.Settings.Secure, returning read-only value.
06-30 02:54:48.615  2637  3822 W Settings: Setting wifi_on has moved from android.provider.Settings.Secure to android.provider.Settings.Global.
06-30 02:54:48.616  2637  3822 W ConnectivityEventWriter: Failed to add tag: ConnectivityMonitorEventMetadata{eventTimestampMs=1782768288615, subscriptionId=Optional.empty, slotId=Optional.empty}
06-30 02:54:48.616  2637  3822 D ConnectivityEventWriter: Event filtered: WIFI_SETTINGS_CHANGED
06-30 02:54:49.599  1719  1967 I HalDevMgr: bestIfaceCreationProposal is null, requestIface=STA, existingIface=[name=wlan0 type=STA]
06-30 02:54:50.723   396 19331 I keystore2: system/security/keystore2/watchdog/src/lib.rs:371 - Watchdog thread idle -> terminating. Have a great day.
06-30 02:54:52.646  1719  1967 I HalDevMgr: bestIfaceCreationProposal is null, requestIface=STA, existingIface=[name=wlan0 type=STA]
06-30 02:54:54.247  1719  1967 D WifiConfigStore: Writing to stores completed in 22 ms.
06-30 02:54:55.703  1719  1967 I HalDevMgr: bestIfaceCreationProposal is null, requestIface=STA, existingIface=[name=wlan0 type=STA]
06-30 02:54:58.474  2171 19320 D IpClient.wlan0: set max DTIM multiplier to 9
06-30 02:54:58.476 14970 14977 D WifiHAL : wifi_set_dtim_config: multiplier:9
06-30 02:54:58.736  1719  1967 I HalDevMgr: bestIfaceCreationProposal is null, requestIface=STA, existingIface=[name=wlan0 type=STA]
06-30 02:54:59.597   391   416 E pixelstats-uevent: Unable to read  - No such file or directory
06-30 02:54:59.602  1435  1435 E BatteryDefender: Failed to read /sys/devices/platform/google,charger/bd_state
06-30 02:54:59.615  1435  1435 E BatteryDefender: Failed to read /sys/devices/platform/google,charger/bd_state
06-30 02:55:00.926   855   880 D ContextHubHal: Got message from nanoapp: ID 0x476f6f676c003000
06-30 02:55:01.043   721   859 D MCU     : calories_consumer.cc:157         16:09:04.670 Calories OnSample timestamp_ns=56505807678222 total=1.05
06-30 02:55:01.043   721   859 D MCU     : offload_data_provider_app.cc:1190 16:09:04.671 [OffloadDataProvider] Got Calories, total=264.50
06-30 02:55:01.058  1435  1435 E BatteryDefender: Failed to read /sys/devices/platform/google,charger/bd_state
06-30 02:55:01.075  1435  1435 E BatteryDefender: Failed to read /sys/devices/platform/google,charger/bd_state
06-30 02:55:01.686  1226  1226 I adbd    : adbd service requested 'shell,v2,TERM=xterm-256color,raw:content query --uri content://contacts/phones'
06-30 02:55:01.755  1719  1967 I HalDevMgr: bestIfaceCreationProposal is null, requestIface=STA, existingIface=[name=wlan0 type=STA]
06-30 02:55:02.121 19362 19362 D AndroidRuntime: >>>>>> START com.android.internal.os.RuntimeInit uid 2000 <<<<<<
06-30 02:55:02.140 19362 19362 I AndroidRuntime: Using default boot image
06-30 02:55:02.140 19362 19362 I AndroidRuntime: Leaving lock profiling enabled
06-30 02:55:02.155 19362 19362 I app_process: Core platform API enforcement enabled from the hiddenapi_platform_enforcement flag and the device API level
06-30 02:55:02.158 19362 19362 I app_process: Using generational CollectorTypeCMC GC.
06-30 02:55:02.388 19362 19362 W app_process: Bump pointer space is not aligned to 2048KB. This can lead to longer stop-the-world pauses for compaction
06-30 02:55:02.443 19362 19362 D nativeloader: InitDefaultPublicLibraries for_preload=1: libandroid.so:libaaudio.so:libamidi.so:libbinder_ndk.so:libc.so:libcamera2ndk.so:libdl.so:libEGL.so:libGLESv1_CM.so:libGLESv2.so:libGLESv3.so:libicu.so:libicui18n.so:libicuuc.so:libjnigraphics.so:liblog.so:libmediandk.so:libm.so:libnativehelper.so:libnativewindow.so:libneuralnetworks.so:libOpenMAXAL.so:libOpenSLES.so:libRS.so:libstdc++.so:libsync.so:libvulkan.so:libz.so
06-30 02:55:02.487 19362 19362 D nativeloader: Load libicu_jni.so using APEX ns com_android_art for caller /apex/com.android.art/javalib/core-oj.jar: ok
06-30 02:55:02.488 19362 19362 D app_process: u_setTimeZoneFilesDirectory("/apex/com.android.tzdata/etc/tz/versioned/10/icu") succeeded. 
06-30 02:55:02.488 19362 19362 D app_process: I18n APEX ICU file found: /apex/com.android.i18n/etc/icu/icudt78l.dat
06-30 02:55:02.491 19362 19362 D nativeloader: Load libjavacore.so using APEX ns com_android_art for caller /apex/com.android.art/javalib/core-oj.jar: ok
06-30 02:55:02.495 19362 19362 D nativeloader: Load libopenjdk.so using APEX ns com_android_art for caller /apex/com.android.art/javalib/core-oj.jar: ok
06-30 02:55:02.499 19362 19362 I app_process: Priority-to-niceness mapping: 19, 16, 13, 10, 0, -2, -4, -5, -6, -8
06-30 02:55:02.614 19362 19362 D nativeloader: Load libframework-connectivity-tiramisu-jni.so using APEX ns com_android_tethering for caller /apex/com.android.tethering/javalib/framework-connectivity-t.jar: ok
06-30 02:55:02.616 19362 19362 D AndroidRuntime: Calling main entry com.android.commands.content.Content
06-30 02:55:02.627 19362 19362 I AconfigPackage: com.android.os.statsd.flags is mapped to com.android.os.statsd
06-30 02:55:02.628 19362 19362 I AconfigPackage: com.android.uprobestats.flags is mapped to com.android.uprobestats
06-30 02:55:02.629 19362 19362 I AconfigPackage: android.uprobestats.mainline.flags is mapped to com.android.uprobestats
06-30 02:55:02.629 19362 19362 I AconfigPackage: com.android.media.extractor.flags is mapped to com.android.media
06-30 02:55:02.630 19362 19362 I AconfigPackage: com.android.media.metrics.flags is mapped to com.android.media
06-30 02:55:02.630 19362 19362 I AconfigPackage: com.android.media.mainline.flags is mapped to com.android.media
06-30 02:55:02.630 19362 19362 I AconfigPackage: com.android.adservices.flags is mapped to com.android.adservices
06-30 02:55:02.631 19362 19362 I AconfigPackage: com.android.sdksandbox.flags is mapped to com.android.adservices
06-30 02:55:02.631 19362 19362 I AconfigPackage: android.app.sdksandbox.flags is mapped to com.android.adservices
06-30 02:55:02.631 19362 19362 I AconfigPackage: com.android.npumanager is mapped to com.android.npumanager
06-30 02:55:02.632 19362 19362 I AconfigPackage: com.android.appsearch.flags is mapped to com.android.appsearch
06-30 02:55:02.633 19362 19362 I AconfigPackage: com.android.crashrecovery.flags is mapped to com.android.crashrecovery
06-30 02:55:02.634 19362 19362 I AconfigPackage: com.android.tethering.mainline.beta is mapped to com.android.tethering
06-30 02:55:02.634 19362 19362 I AconfigPackage: android.net.http is mapped to com.android.tethering
06-30 02:55:02.634 19362 19362 I AconfigPackage: com.android.tethering.readonly.flags is mapped to com.android.tethering
06-30 02:55:02.635 19362 19362 I AconfigPackage: android.net.vcn is mapped to com.android.tethering
06-30 02:55:02.635 19362 19362 I AconfigPackage: com.android.net.flags is mapped to com.android.tethering
06-30 02:55:02.635 19362 19362 I AconfigPackage: com.android.tethering.flags is mapped to com.android.tethering
06-30 02:55:02.635 19362 19362 I AconfigPackage: com.android.tethering.beta.test is mapped to com.android.tethering
06-30 02:55:02.635 19362 19362 I AconfigPackage: com.android.nearby.flags is mapped to com.android.tethering
06-30 02:55:02.635 19362 19362 I AconfigPackage: com.android.net.thread.flags is mapped to com.android.tethering
06-30 02:55:02.635 19362 19362 I AconfigPackage: com.android.net.ct.flags is mapped to com.android.tethering
06-30 02:55:02.636 19362 19362 I AconfigPackage: com.android.nfc.module.flags is mapped to com.android.nfcservices
06-30 02:55:02.636 19362 19362 I AconfigPackage: com.android.nfc.module.nonexported.flags is mapped to com.android.nfcservices
06-30 02:55:02.637 19362 19362 I AconfigPackage: com.android.uwb.flags is mapped to com.android.uwb
06-30 02:55:02.637 19362 19362 I AconfigPackage: com.android.ranging.flags is mapped to com.android.uwb
06-30 02:55:02.638 19362 19362 I AconfigPackage: com.android.rkpd.flags is mapped to com.android.rkpd
06-30 02:55:02.639 19362 19362 I AconfigPackage: com.android.system.virtualmachine.flags is mapped to com.android.virt
06-30 02:55:02.640 19362 19362 I AconfigPackage: com.android.org.conscrypt.flags is mapped to com.android.conscrypt
06-30 02:55:02.640 19362 19362 I AconfigPackage: com.android.org.conscrypt.net.flags is mapped to com.android.conscrypt
06-30 02:55:02.642 19362 19362 I AconfigPackage: android.media.swcodec.flags is mapped to com.android.media.swcodec
06-30 02:55:02.643 19362 19362 I AconfigPackage: com.android.ipsec.flags is mapped to com.android.ipsec
06-30 02:55:02.644 19362 19362 I AconfigPackage: com.android.cellbroadcastreceiver.flags is mapped to com.android.cellbroadcast
06-30 02:55:02.645 19362 19362 I AconfigPackage: android.telecom.flags is mapped to com.android.telephonycore
06-30 02:55:02.645 19362 19362 I AconfigPackage: com.android.internal.telecom.flags is mapped to com.android.telephonycore
06-30 02:55:02.645 19362 19362 I AconfigPackage: com.android.telephony.flags is mapped to com.android.telephonycore
06-30 02:55:02.646 19362 19362 I AconfigPackage: com.android.devicelock.flags is mapped to com.android.devicelock
06-30 02:55:02.647 19362 19362 I AconfigPackage: com.android.permission.flags is mapped to com.android.permission
06-30 02:55:02.647 19362 19362 I AconfigPackage: com.android.permissioncontroller.flags is mapped to com.android.permission
06-30 02:55:02.648 19362 19362 I AconfigPackage: com.android.icu is mapped to com.android.i18n
06-30 02:55:02.649 19362 19362 I AconfigPackage: com.android.adservices.ondevicepersonalization.flags is mapped to com.android.ondevicepersonalization
06-30 02:55:02.650 19362 19362 I AconfigPackage: com.android.wifi.flags is mapped to com.android.wifi
06-30 02:55:02.650 19362 19362 I AconfigPackage: com.android.webapp.flags is mapped to com.android.webapp
06-30 02:55:02.651 19362 19362 I AconfigPackage: android.os.profiling is mapped to com.android.profiling
06-30 02:55:02.651 19362 19362 I AconfigPackage: android.os.profiling.anomaly.flags is mapped to com.android.profiling
06-30 02:55:02.652 19362 19362 I AconfigPackage: com.android.healthfitness.flags is mapped to com.android.healthfitness
06-30 02:55:02.653 19362 19362 I AconfigPackage: com.android.art.flags is mapped to com.android.art
06-30 02:55:02.653 19362 19362 I AconfigPackage: com.android.art.rw.flags is mapped to com.android.art
06-30 02:55:02.653 19362 19362 I AconfigPackage: com.android.libcore is mapped to com.android.art
06-30 02:55:02.654 19362 19362 I AconfigPackage: android.provider.flags is mapped to com.android.configinfrastructure
06-30 02:55:02.654 19362 19362 I AconfigPackage: com.android.server.deviceconfig is mapped to com.android.configinfrastructure
06-30 02:55:02.654 19362 19362 I AconfigPackage: com.google.android.widevine.flags is mapped to com.google.android.widevine
06-30 02:55:02.655 19362 19362 I AconfigPackage: com.android.adbd.flags is mapped to com.android.adbd
06-30 02:55:02.656 19362 19362 I AconfigPackage: android.graphics.pdf.flags is mapped to com.android.mediaprovider
06-30 02:55:02.656 19362 19362 I AconfigPackage: com.android.providers.media.flags is mapped to com.android.mediaprovider
06-30 02:55:02.656 19362 19362 I AconfigPackage: android.graphics.pdf.flags.readonly is mapped to com.android.mediaprovider
06-30 02:55:02.657 19362 19362 I AconfigPackage: com.android.bluetooth.beta.flags is mapped to com.android.bt
06-30 02:55:02.657 19362 19362 I AconfigPackage: com.android.bluetooth.flags is mapped to com.android.bt
06-30 02:55:02.658 19362 19362 E FeatureFlagsImplExport: android.os.flagging.AconfigStorageReadException: ERROR_PACKAGE_NOT_FOUND: package android.xr cannot be found on the device
06-30 02:55:02.666  1719  2156 D ActivityManager: sync unfroze 16255 android.process.acore for 7
06-30 02:55:02.800 19362 19362 D AndroidRuntime: Shutting down VM
06-30 02:55:02.800 19362 19371 W libbinder.IPCThreadState: call to talkWithDriver in joinThreadPool returned error: -9 (Bad file descriptor), FD: -1
06-30 02:55:02.800 19362 19372 W libbinder.IPCThreadState: call to talkWithDriver in joinThreadPool returned error: -9 (Bad file descriptor), FD: -1
06-30 02:55:03.694  1226  1226 I adbd    : adbd service requested 'shell,v2,TERM=xterm-256color,raw:content query --uri content://com.android.contacts/contacts'
06-30 02:55:04.108 19373 19373 D AndroidRuntime: >>>>>> START com.android.internal.os.RuntimeInit uid 2000 <<<<<<
06-30 02:55:04.126 19373 19373 I AndroidRuntime: Using default boot image
06-30 02:55:04.126 19373 19373 I AndroidRuntime: Leaving lock profiling enabled
06-30 02:55:04.141 19373 19373 I app_process: Core platform API enforcement enabled from the hiddenapi_platform_enforcement flag and the device API level
06-30 02:55:04.144 19373 19373 I app_process: Using generational CollectorTypeCMC GC.
06-30 02:55:04.369 19373 19373 W app_process: Bump pointer space is not aligned to 2048KB. This can lead to longer stop-the-world pauses for compaction
06-30 02:55:04.423 19373 19373 D nativeloader: InitDefaultPublicLibraries for_preload=1: libandroid.so:libaaudio.so:libamidi.so:libbinder_ndk.so:libc.so:libcamera2ndk.so:libdl.so:libEGL.so:libGLESv1_CM.so:libGLESv2.so:libGLESv3.so:libicu.so:libicui18n.so:libicuuc.so:libjnigraphics.so:liblog.so:libmediandk.so:libm.so:libnativehelper.so:libnativewindow.so:libneuralnetworks.so:libOpenMAXAL.so:libOpenSLES.so:libRS.so:libstdc++.so:libsync.so:libvulkan.so:libz.so
06-30 02:55:04.468 19373 19373 D nativeloader: Load libicu_jni.so using APEX ns com_android_art for caller /apex/com.android.art/javalib/core-oj.jar: ok
06-30 02:55:04.469 19373 19373 D app_process: u_setTimeZoneFilesDirectory("/apex/com.android.tzdata/etc/tz/versioned/10/icu") succeeded. 
06-30 02:55:04.469 19373 19373 D app_process: I18n APEX ICU file found: /apex/com.android.i18n/etc/icu/icudt78l.dat
06-30 02:55:04.471 19373 19373 D nativeloader: Load libjavacore.so using APEX ns com_android_art for caller /apex/com.android.art/javalib/core-oj.jar: ok
06-30 02:55:04.475 19373 19373 D nativeloader: Load libopenjdk.so using APEX ns com_android_art for caller /apex/com.android.art/javalib/core-oj.jar: ok
06-30 02:55:04.479 19373 19373 I app_process: Priority-to-niceness mapping: 19, 16, 13, 10, 0, -2, -4, -5, -6, -8
06-30 02:55:04.597 19373 19373 D nativeloader: Load libframework-connectivity-tiramisu-jni.so using APEX ns com_android_tethering for caller /apex/com.android.tethering/javalib/framework-connectivity-t.jar: ok
06-30 02:55:04.598 19373 19373 D AndroidRuntime: Calling main entry com.android.commands.content.Content
06-30 02:55:04.610 19373 19373 I AconfigPackage: com.android.os.statsd.flags is mapped to com.android.os.statsd
06-30 02:55:04.611 19373 19373 I AconfigPackage: com.android.uprobestats.flags is mapped to com.android.uprobestats
06-30 02:55:04.611 19373 19373 I AconfigPackage: android.uprobestats.mainline.flags is mapped to com.android.uprobestats
06-30 02:55:04.612 19373 19373 I AconfigPackage: com.android.media.extractor.flags is mapped to com.android.media
06-30 02:55:04.612 19373 19373 I AconfigPackage: com.android.media.metrics.flags is mapped to com.android.media
06-30 02:55:04.612 19373 19373 I AconfigPackage: com.android.media.mainline.flags is mapped to com.android.media
06-30 02:55:04.613 19373 19373 I AconfigPackage: com.android.adservices.flags is mapped to com.android.adservices
06-30 02:55:04.613 19373 19373 I AconfigPackage: com.android.sdksandbox.flags is mapped to com.android.adservices
06-30 02:55:04.613 19373 19373 I AconfigPackage: android.app.sdksandbox.flags is mapped to com.android.adservices
06-30 02:55:04.614 19373 19373 I AconfigPackage: com.android.npumanager is mapped to com.android.npumanager
06-30 02:55:04.615 19373 19373 I AconfigPackage: com.android.appsearch.flags is mapped to com.android.appsearch
06-30 02:55:04.616 19373 19373 I AconfigPackage: com.android.crashrecovery.flags is mapped to com.android.crashrecovery
06-30 02:55:04.617 19373 19373 I AconfigPackage: com.android.tethering.mainline.beta is mapped to com.android.tethering
06-30 02:55:04.617 19373 19373 I AconfigPackage: android.net.http is mapped to com.android.tethering
06-30 02:55:04.617 19373 19373 I AconfigPackage: com.android.tethering.readonly.flags is mapped to com.android.tethering
06-30 02:55:04.617 19373 19373 I AconfigPackage: android.net.vcn is mapped to com.android.tethering
06-30 02:55:04.617 19373 19373 I AconfigPackage: com.android.net.flags is mapped to com.android.tethering
06-30 02:55:04.617 19373 19373 I AconfigPackage: com.android.tethering.flags is mapped to com.android.tethering
06-30 02:55:04.617 19373 19373 I AconfigPackage: com.android.tethering.beta.test is mapped to com.android.tethering
06-30 02:55:04.617 19373 19373 I AconfigPackage: com.android.nearby.flags is mapped to com.android.tethering
06-30 02:55:04.617 19373 19373 I AconfigPackage: com.android.net.thread.flags is mapped to com.android.tethering
06-30 02:55:04.617 19373 19373 I AconfigPackage: com.android.net.ct.flags is mapped to com.android.tethering
06-30 02:55:04.618 19373 19373 I AconfigPackage: com.android.nfc.module.flags is mapped to com.android.nfcservices
06-30 02:55:04.618 19373 19373 I AconfigPackage: com.android.nfc.module.nonexported.flags is mapped to com.android.nfcservices
06-30 02:55:04.619 19373 19373 I AconfigPackage: com.android.uwb.flags is mapped to com.android.uwb
06-30 02:55:04.619 19373 19373 I AconfigPackage: com.android.ranging.flags is mapped to com.android.uwb
06-30 02:55:04.620 19373 19373 I AconfigPackage: com.android.rkpd.flags is mapped to com.android.rkpd
06-30 02:55:04.621 19373 19373 I AconfigPackage: com.android.system.virtualmachine.flags is mapped to com.android.virt
06-30 02:55:04.623 19373 19373 I AconfigPackage: com.android.org.conscrypt.flags is mapped to com.android.conscrypt
06-30 02:55:04.623 19373 19373 I AconfigPackage: com.android.org.conscrypt.net.flags is mapped to com.android.conscrypt
06-30 02:55:04.623 19373 19373 I AconfigPackage: android.media.swcodec.flags is mapped to com.android.media.swcodec
06-30 02:55:04.624 19373 19373 I AconfigPackage: com.android.ipsec.flags is mapped to com.android.ipsec
06-30 02:55:04.625 19373 19373 I AconfigPackage: com.android.cellbroadcastreceiver.flags is mapped to com.android.cellbroadcast
06-30 02:55:04.626 19373 19373 I AconfigPackage: android.telecom.flags is mapped to com.android.telephonycore
06-30 02:55:04.626 19373 19373 I AconfigPackage: com.android.internal.telecom.flags is mapped to com.android.telephonycore
06-30 02:55:04.626 19373 19373 I AconfigPackage: com.android.telephony.flags is mapped to com.android.telephonycore
06-30 02:55:04.627 19373 19373 I AconfigPackage: com.android.devicelock.flags is mapped to com.android.devicelock
06-30 02:55:04.627 19373 19373 I AconfigPackage: com.android.permission.flags is mapped to com.android.permission
06-30 02:55:04.627 19373 19373 I AconfigPackage: com.android.permissioncontroller.flags is mapped to com.android.permission
06-30 02:55:04.628 19373 19373 I AconfigPackage: com.android.icu is mapped to com.android.i18n
06-30 02:55:04.628 19373 19373 I AconfigPackage: com.android.adservices.ondevicepersonalization.flags is mapped to com.android.ondevicepersonalization
06-30 02:55:04.629 19373 19373 I AconfigPackage: com.android.wifi.flags is mapped to com.android.wifi
06-30 02:55:04.630 19373 19373 I AconfigPackage: com.android.webapp.flags is mapped to com.android.webapp
06-30 02:55:04.631 19373 19373 I AconfigPackage: android.os.profiling is mapped to com.android.profiling
06-30 02:55:04.631 19373 19373 I AconfigPackage: android.os.profiling.anomaly.flags is mapped to com.android.profiling
06-30 02:55:04.632 19373 19373 I AconfigPackage: com.android.healthfitness.flags is mapped to com.android.healthfitness
06-30 02:55:04.633 19373 19373 I AconfigPackage: com.android.art.flags is mapped to com.android.art
06-30 02:55:04.633 19373 19373 I AconfigPackage: com.android.art.rw.flags is mapped to com.android.art
06-30 02:55:04.633 19373 19373 I AconfigPackage: com.android.libcore is mapped to com.android.art
06-30 02:55:04.634 19373 19373 I AconfigPackage: android.provider.flags is mapped to com.android.configinfrastructure
06-30 02:55:04.634 19373 19373 I AconfigPackage: com.android.server.deviceconfig is mapped to com.android.configinfrastructure
06-30 02:55:04.635 19373 19373 I AconfigPackage: com.google.android.widevine.flags is mapped to com.google.android.widevine
06-30 02:55:04.635 19373 19373 I AconfigPackage: com.android.adbd.flags is mapped to com.android.adbd
06-30 02:55:04.636 19373 19373 I AconfigPackage: android.graphics.pdf.flags is mapped to com.android.mediaprovider
06-30 02:55:04.636 19373 19373 I AconfigPackage: com.android.providers.media.flags is mapped to com.android.mediaprovider
06-30 02:55:04.636 19373 19373 I AconfigPackage: android.graphics.pdf.flags.readonly is mapped to com.android.mediaprovider
06-30 02:55:04.637 19373 19373 I AconfigPackage: com.android.bluetooth.beta.flags is mapped to com.android.bt
06-30 02:55:04.637 19373 19373 I AconfigPackage: com.android.bluetooth.flags is mapped to com.android.bt
06-30 02:55:04.637 19373 19373 E FeatureFlagsImplExport: android.os.flagging.AconfigStorageReadException: ERROR_PACKAGE_NOT_FOUND: package android.xr cannot be found on the device
06-30 02:55:04.774  1719  1967 I HalDevMgr: bestIfaceCreationProposal is null, requestIface=STA, existingIface=[name=wlan0 type=STA]
06-30 02:55:04.889 19373 19382 W libbinder.IPCThreadState: call to talkWithDriver in joinThreadPool returned error: -9 (Bad file descriptor), FD: -1
06-30 02:55:04.889 19373 19373 D AndroidRuntime: Shutting down VM
06-30 02:55:04.889 19373 19383 W libbinder.IPCThreadState: call to talkWithDriver in joinThreadPool returned error: -9 (Bad file descriptor), FD: -1
06-30 02:55:05.786  1226  1226 I adbd    : adbd service requested 'shell,v2,TERM=xterm-256color,raw:content query --uri content://com.android.calendar/events'
06-30 02:55:06.210 19384 19384 D AndroidRuntime: >>>>>> START com.android.internal.os.RuntimeInit uid 2000 <<<<<<
06-30 02:55:06.229 19384 19384 I AndroidRuntime: Using default boot image
06-30 02:55:06.229 19384 19384 I AndroidRuntime: Leaving lock profiling enabled
06-30 02:55:06.244 19384 19384 I app_process: Core platform API enforcement enabled from the hiddenapi_platform_enforcement flag and the device API level
06-30 02:55:06.247 19384 19384 I app_process: Using generational CollectorTypeCMC GC.
06-30 02:55:06.383  3468  3468 W FlpLocationPoller: getCurrentLocation returned null location
06-30 02:55:06.470 19384 19384 W app_process: Bump pointer space is not aligned to 2048KB. This can lead to longer stop-the-world pauses for compaction
06-30 02:55:06.524 19384 19384 D nativeloader: InitDefaultPublicLibraries for_preload=1: libandroid.so:libaaudio.so:libamidi.so:libbinder_ndk.so:libc.so:libcamera2ndk.so:libdl.so:libEGL.so:libGLESv1_CM.so:libGLESv2.so:libGLESv3.so:libicu.so:libicui18n.so:libicuuc.so:libjnigraphics.so:liblog.so:libmediandk.so:libm.so:libnativehelper.so:libnativewindow.so:libneuralnetworks.so:libOpenMAXAL.so:libOpenSLES.so:libRS.so:libstdc++.so:libsync.so:libvulkan.so:libz.so
06-30 02:55:06.567 19384 19384 D nativeloader: Load libicu_jni.so using APEX ns com_android_art for caller /apex/com.android.art/javalib/core-oj.jar: ok
06-30 02:55:06.568 19384 19384 D app_process: u_setTimeZoneFilesDirectory("/apex/com.android.tzdata/etc/tz/versioned/10/icu") succeeded. 
06-30 02:55:06.568 19384 19384 D app_process: I18n APEX ICU file found: /apex/com.android.i18n/etc/icu/icudt78l.dat
06-30 02:55:06.570 19384 19384 D nativeloader: Load libjavacore.so using APEX ns com_android_art for caller /apex/com.android.art/javalib/core-oj.jar: ok
06-30 02:55:06.575 19384 19384 D nativeloader: Load libopenjdk.so using APEX ns com_android_art for caller /apex/com.android.art/javalib/core-oj.jar: ok
06-30 02:55:06.579 19384 19384 I app_process: Priority-to-niceness mapping: 19, 16, 13, 10, 0, -2, -4, -5, -6, -8
06-30 02:55:06.698 19384 19384 D nativeloader: Load libframework-connectivity-tiramisu-jni.so using APEX ns com_android_tethering for caller /apex/com.android.tethering/javalib/framework-connectivity-t.jar: ok
06-30 02:55:06.700 19384 19384 D AndroidRuntime: Calling main entry com.android.commands.content.Content
06-30 02:55:06.713 19384 19384 I AconfigPackage: com.android.os.statsd.flags is mapped to com.android.os.statsd
06-30 02:55:06.714 19384 19384 I AconfigPackage: com.android.uprobestats.flags is mapped to com.android.uprobestats
06-30 02:55:06.714 19384 19384 I AconfigPackage: android.uprobestats.mainline.flags is mapped to com.android.uprobestats
06-30 02:55:06.715 19384 19384 I AconfigPackage: com.android.media.extractor.flags is mapped to com.android.media
06-30 02:55:06.715 19384 19384 I AconfigPackage: com.android.media.metrics.flags is mapped to com.android.media
06-30 02:55:06.715 19384 19384 I AconfigPackage: com.android.media.mainline.flags is mapped to com.android.media
06-30 02:55:06.716 19384 19384 I AconfigPackage: com.android.adservices.flags is mapped to com.android.adservices
06-30 02:55:06.716 19384 19384 I AconfigPackage: com.android.sdksandbox.flags is mapped to com.android.adservices
06-30 02:55:06.716 19384 19384 I AconfigPackage: android.app.sdksandbox.flags is mapped to com.android.adservices
06-30 02:55:06.717 19384 19384 I AconfigPackage: com.android.npumanager is mapped to com.android.npumanager
06-30 02:55:06.718 19384 19384 I AconfigPackage: com.android.appsearch.flags is mapped to com.android.appsearch
06-30 02:55:06.719 19384 19384 I AconfigPackage: com.android.crashrecovery.flags is mapped to com.android.crashrecovery
06-30 02:55:06.720 19384 19384 I AconfigPackage: com.android.tethering.mainline.beta is mapped to com.android.tethering
06-30 02:55:06.720 19384 19384 I AconfigPackage: android.net.http is mapped to com.android.tethering
06-30 02:55:06.720 19384 19384 I AconfigPackage: com.android.tethering.readonly.flags is mapped to com.android.tethering
06-30 02:55:06.720 19384 19384 I AconfigPackage: android.net.vcn is mapped to com.android.tethering
06-30 02:55:06.720 19384 19384 I AconfigPackage: com.android.net.flags is mapped to com.android.tethering
06-30 02:55:06.720 19384 19384 I AconfigPackage: com.android.tethering.flags is mapped to com.android.tethering
06-30 02:55:06.720 19384 19384 I AconfigPackage: com.android.tethering.beta.test is mapped to com.android.tethering
06-30 02:55:06.720 19384 19384 I AconfigPackage: com.android.nearby.flags is mapped to com.android.tethering
06-30 02:55:06.721 19384 19384 I AconfigPackage: com.android.net.thread.flags is mapped to com.android.tethering
06-30 02:55:06.721 19384 19384 I AconfigPackage: com.android.net.ct.flags is mapped to com.android.tethering
06-30 02:55:06.722 19384 19384 I AconfigPackage: com.android.nfc.module.flags is mapped to com.android.nfcservices
06-30 02:55:06.722 19384 19384 I AconfigPackage: com.android.nfc.module.nonexported.flags is mapped to com.android.nfcservices
06-30 02:55:06.722 19384 19384 I AconfigPackage: com.android.uwb.flags is mapped to com.android.uwb
06-30 02:55:06.722 19384 19384 I AconfigPackage: com.android.ranging.flags is mapped to com.android.uwb
06-30 02:55:06.723 19384 19384 I AconfigPackage: com.android.rkpd.flags is mapped to com.android.rkpd
06-30 02:55:06.723 19384 19384 I AconfigPackage: com.android.system.virtualmachine.flags is mapped to com.android.virt
06-30 02:55:06.724 19384 19384 I AconfigPackage: com.android.org.conscrypt.flags is mapped to com.android.conscrypt
06-30 02:55:06.724 19384 19384 I AconfigPackage: com.android.org.conscrypt.net.flags is mapped to com.android.conscrypt
06-30 02:55:06.725 19384 19384 I AconfigPackage: android.media.swcodec.flags is mapped to com.android.media.swcodec
06-30 02:55:06.726 19384 19384 I AconfigPackage: com.android.ipsec.flags is mapped to com.android.ipsec
06-30 02:55:06.727 19384 19384 I AconfigPackage: com.android.cellbroadcastreceiver.flags is mapped to com.android.cellbroadcast
06-30 02:55:06.727 19384 19384 I AconfigPackage: android.telecom.flags is mapped to com.android.telephonycore
06-30 02:55:06.727 19384 19384 I AconfigPackage: com.android.internal.telecom.flags is mapped to com.android.telephonycore
06-30 02:55:06.727 19384 19384 I AconfigPackage: com.android.telephony.flags is mapped to com.android.telephonycore
06-30 02:55:06.728 19384 19384 I AconfigPackage: com.android.devicelock.flags is mapped to com.android.devicelock
06-30 02:55:06.729 19384 19384 I AconfigPackage: com.android.permission.flags is mapped to com.android.permission
06-30 02:55:06.729 19384 19384 I AconfigPackage: com.android.permissioncontroller.flags is mapped to com.android.permission
06-30 02:55:06.730 19384 19384 I AconfigPackage: com.android.icu is mapped to com.android.i18n
06-30 02:55:06.731 19384 19384 I AconfigPackage: com.android.adservices.ondevicepersonalization.flags is mapped to com.android.ondevicepersonalization
06-30 02:55:06.731 19384 19384 I AconfigPackage: com.android.wifi.flags is mapped to com.android.wifi
06-30 02:55:06.732 19384 19384 I AconfigPackage: com.android.webapp.flags is mapped to com.android.webapp
06-30 02:55:06.733 19384 19384 I AconfigPackage: android.os.profiling is mapped to com.android.profiling
06-30 02:55:06.733 19384 19384 I AconfigPackage: android.os.profiling.anomaly.flags is mapped to com.android.profiling
06-30 02:55:06.734 19384 19384 I AconfigPackage: com.android.healthfitness.flags is mapped to com.android.healthfitness
06-30 02:55:06.735 19384 19384 I AconfigPackage: com.android.art.flags is mapped to com.android.art
06-30 02:55:06.735 19384 19384 I AconfigPackage: com.android.art.rw.flags is mapped to com.android.art
06-30 02:55:06.735 19384 19384 I AconfigPackage: com.android.libcore is mapped to com.android.art
06-30 02:55:06.736 19384 19384 I AconfigPackage: android.provider.flags is mapped to com.android.configinfrastructure
06-30 02:55:06.736 19384 19384 I AconfigPackage: com.android.server.deviceconfig is mapped to com.android.configinfrastructure
06-30 02:55:06.737 19384 19384 I AconfigPackage: com.google.android.widevine.flags is mapped to com.google.android.widevine
06-30 02:55:06.738 19384 19384 I AconfigPackage: com.android.adbd.flags is mapped to com.android.adbd
06-30 02:55:06.739 19384 19384 I AconfigPackage: android.graphics.pdf.flags is mapped to com.android.mediaprovider
06-30 02:55:06.739 19384 19384 I AconfigPackage: com.android.providers.media.flags is mapped to com.android.mediaprovider
06-30 02:55:06.739 19384 19384 I AconfigPackage: android.graphics.pdf.flags.readonly is mapped to com.android.mediaprovider
06-30 02:55:06.740 19384 19384 I AconfigPackage: com.android.bluetooth.beta.flags is mapped to com.android.bt
06-30 02:55:06.741 19384 19384 I AconfigPackage: com.android.bluetooth.flags is mapped to com.android.bt
06-30 02:55:06.741 19384 19384 E FeatureFlagsImplExport: android.os.flagging.AconfigStorageReadException: ERROR_PACKAGE_NOT_FOUND: package android.xr cannot be found on the device
06-30 02:55:06.748  1719  2081 V GrammaticalInflectionUtils: AttributionSource: android.content.AttributionSource@30fe5ca7 does not have READ_SYSTEM_GRAMMATICAL_GENDER permission.
06-30 02:55:06.769   752   752 D Zygote  : Forked child process 19395
06-30 02:55:06.771  1719  1761 I ActivityManager: Start proc 19395:com.android.providers.calendar/u0a53 for content provider {com.android.providers.calendar/com.android.providers.calendar.CalendarProvider2}
06-30 02:55:06.791 19395 19395 I libprocessgroup: Created cgroup /sys/fs/cgroup/apps/uid_10053/pid_19395
06-30 02:55:06.816 19395 19395 I Zygote  : Process 19395 created for com.android.providers.calendar
06-30 02:55:06.821 19395 19395 I viders.calendar: Using generational CollectorTypeCMC GC.
06-30 02:55:06.841 19395 19395 D nativeloader: Load libframework-connectivity-tiramisu-jni.so using APEX ns com_android_tethering for caller /apex/com.android.tethering/javalib/framework-connectivity-t.jar: ok
06-30 02:55:06.877 19395 19395 D CompatChangeReporter: Compat change id reported: 333566037; UID 10053; state: ENABLED
06-30 02:55:06.893 19395 19395 D nativeloader: Configuring clns-shared-6 for other apk /system/priv-app/CalendarProvider/CalendarProvider.apk. target_sdk_version=37, uses_libraries=, library_path=/system/priv-app/CalendarProvider/lib/arm:/system/lib:/system_ext/lib, permitted_path=/data:/mnt/expand:/data/user/0/com.android.providers.calendar:/system/priv-app/CalendarProvider:/system/lib:/system_ext/lib
06-30 02:55:06.902 19395 19395 W viders.calendar: Monitor::Inflate: Install failed 0x719ed798
06-30 02:55:06.908 19395 19395 V GraphicsEnvironment: Currently set values for:
06-30 02:55:06.908 19395 19395 V GraphicsEnvironment:   angle_gl_driver_selection_pkgs=[]
06-30 02:55:06.908 19395 19395 V GraphicsEnvironment:   angle_gl_driver_selection_values=[]
06-30 02:55:06.908 19395 19395 V GraphicsEnvironment: com.android.providers.calendar is not listed in per-application setting
06-30 02:55:06.908 19395 19395 V GraphicsEnvironment: No special selections for ANGLE, returning default driver choice
06-30 02:55:06.910 19395 19395 V GraphicsEnvironment: Neither updatable production driver nor prerelease driver is supported.
06-30 02:55:06.915 19395 19395 D CompatChangeReporter: Compat change id reported: 407952621; UID 10053; state: ENABLED
06-30 02:55:06.915 19395 19395 D CompatChangeReporter: Compat change id reported: 419020719; UID 10053; state: ENABLED
06-30 02:55:06.954 19395 19395 D CompatChangeReporter: Compat change id reported: 418924588; UID 10053; state: ENABLED
06-30 02:55:06.957 19395 19395 I CalendarProvider2: Created com.android.providers.calendar.CalendarAlarmManager@2a0d56b(com.android.providers.calendar.CalendarProvider2@b43a8c8)
06-30 02:55:06.962 19395 19395 D CompatChangeReporter: Compat change id reported: 458413887; UID 10053; state: ENABLED
06-30 02:55:06.981  1719  2156 I ActivityManager: Killing 17381:com.google.android.rkpdapp/u0a151 (adj 975): empty #17
06-30 02:55:06.985 19384 19384 D AndroidRuntime: Shutting down VM
06-30 02:55:06.985 19384 19393 W libbinder.IPCThreadState: call to talkWithDriver in joinThreadPool returned error: -9 (Bad file descriptor), FD: -1
06-30 02:55:06.985 19384 19394 W libbinder.IPCThreadState: call to talkWithDriver in joinThreadPool returned error: -9 (Bad file descriptor), FD: -1
06-30 02:55:07.007   752   752 I Zygote  : Process 17381 exited due to signal 9 (Killed)
06-30 02:55:07.013  1719  1762 I libprocessgroup: Removed cgroup /sys/fs/cgroup/apps/uid_10151/pid_17381
06-30 02:55:07.115   391   416 E pixelstats-uevent: Unable to read  - No such file or directory
06-30 02:55:07.246  3468  3468 W FlpLocationPoller: getCurrentLocation returned null location
06-30 02:55:07.821  1719  1967 I HalDevMgr: bestIfaceCreationProposal is null, requestIface=STA, existingIface=[name=wlan0 type=STA]
06-30 02:55:07.889  1226  1226 I adbd    : adbd service requested 'shell,v2,TERM=xterm-256color,raw:settings get secure lockscreen.disabled'
06-30 02:55:07.999  1226  1226 I adbd    : adbd service requested 'shell,v2,TERM=xterm-256color,raw:settings put secure lockscreen.disabled 1'
06-30 02:55:08.085  1719  2156 V SettingsShellCmd: putForUser(userId=0, table=secure, key=lockscreen.disabled, value=1, tag=null, makeDefault=false, overrideableByRestore=false)
06-30 02:55:08.106  1226  1226 I adbd    : adbd service requested 'shell,v2,TERM=xterm-256color,raw:settings get secure lockscreen.disabled'
06-30 02:55:08.211  1226  1226 I adbd    : adbd service requested 'shell,v2,TERM=xterm-256color,raw:settings put secure lockscreen.disabled 0'
06-30 02:55:08.298  1719  2156 V SettingsShellCmd: putForUser(userId=0, table=secure, key=lockscreen.disabled, value=0, tag=null, makeDefault=false, overrideableByRestore=false)
06-30 02:55:08.316  1226  1226 I adbd    : adbd service requested 'shell,v2,TERM=xterm-256color,raw:settings get global adb_wifi_enabled'
06-30 02:55:08.440  1226  1226 I adbd    : adbd service requested 'shell,v2,TERM=xterm-256color,raw:settings get global development_settings_enabled'
06-30 02:55:08.552  1226  1226 I adbd    : adbd service requested 'shell,v2,TERM=xterm-256color,raw:content query --uri content://browser/bookmarks'
06-30 02:55:08.976 19438 19438 D AndroidRuntime: >>>>>> START com.android.internal.os.RuntimeInit uid 2000 <<<<<<
06-30 02:55:08.994 19438 19438 I AndroidRuntime: Using default boot image
06-30 02:55:08.994 19438 19438 I AndroidRuntime: Leaving lock profiling enabled
06-30 02:55:09.008 19438 19438 I app_process: Core platform API enforcement enabled from the hiddenapi_platform_enforcement flag and the device API level
06-30 02:55:09.011 19438 19438 I app_process: Using generational CollectorTypeCMC GC.
06-30 02:55:09.236 19438 19438 W app_process: Bump pointer space is not aligned to 2048KB. This can lead to longer stop-the-world pauses for compaction
06-30 02:55:09.290 19438 19438 D nativeloader: InitDefaultPublicLibraries for_preload=1: libandroid.so:libaaudio.so:libamidi.so:libbinder_ndk.so:libc.so:libcamera2ndk.so:libdl.so:libEGL.so:libGLESv1_CM.so:libGLESv2.so:libGLESv3.so:libicu.so:libicui18n.so:libicuuc.so:libjnigraphics.so:liblog.so:libmediandk.so:libm.so:libnativehelper.so:libnativewindow.so:libneuralnetworks.so:libOpenMAXAL.so:libOpenSLES.so:libRS.so:libstdc++.so:libsync.so:libvulkan.so:libz.so
06-30 02:55:09.334 19438 19438 D nativeloader: Load libicu_jni.so using APEX ns com_android_art for caller /apex/com.android.art/javalib/core-oj.jar: ok
06-30 02:55:09.335 19438 19438 D app_process: u_setTimeZoneFilesDirectory("/apex/com.android.tzdata/etc/tz/versioned/10/icu") succeeded. 
06-30 02:55:09.335 19438 19438 D app_process: I18n APEX ICU file found: /apex/com.android.i18n/etc/icu/icudt78l.dat
06-30 02:55:09.338 19438 19438 D nativeloader: Load libjavacore.so using APEX ns com_android_art for caller /apex/com.android.art/javalib/core-oj.jar: ok
06-30 02:55:09.342 19438 19438 D nativeloader: Load libopenjdk.so using APEX ns com_android_art for caller /apex/com.android.art/javalib/core-oj.jar: ok
06-30 02:55:09.345 19438 19438 I app_process: Priority-to-niceness mapping: 19, 16, 13, 10, 0, -2, -4, -5, -6, -8
06-30 02:55:09.459 19438 19438 D nativeloader: Load libframework-connectivity-tiramisu-jni.so using APEX ns com_android_tethering for caller /apex/com.android.tethering/javalib/framework-connectivity-t.jar: ok
06-30 02:55:09.460 19438 19438 D AndroidRuntime: Calling main entry com.android.commands.content.Content
06-30 02:55:09.471 19438 19438 I AconfigPackage: com.android.os.statsd.flags is mapped to com.android.os.statsd
06-30 02:55:09.472 19438 19438 I AconfigPackage: com.android.uprobestats.flags is mapped to com.android.uprobestats
06-30 02:55:09.472 19438 19438 I AconfigPackage: android.uprobestats.mainline.flags is mapped to com.android.uprobestats
06-30 02:55:09.473 19438 19438 I AconfigPackage: com.android.media.extractor.flags is mapped to com.android.media
06-30 02:55:09.473 19438 19438 I AconfigPackage: com.android.media.metrics.flags is mapped to com.android.media
06-30 02:55:09.474 19438 19438 I AconfigPackage: com.android.media.mainline.flags is mapped to com.android.media
06-30 02:55:09.474 19438 19438 I AconfigPackage: com.android.adservices.flags is mapped to com.android.adservices
06-30 02:55:09.474 19438 19438 I AconfigPackage: com.android.sdksandbox.flags is mapped to com.android.adservices
06-30 02:55:09.475 19438 19438 I AconfigPackage: android.app.sdksandbox.flags is mapped to com.android.adservices
06-30 02:55:09.475 19438 19438 I AconfigPackage: com.android.npumanager is mapped to com.android.npumanager
06-30 02:55:09.476 19438 19438 I AconfigPackage: com.android.appsearch.flags is mapped to com.android.appsearch
06-30 02:55:09.477 19438 19438 I AconfigPackage: com.android.crashrecovery.flags is mapped to com.android.crashrecovery
06-30 02:55:09.478 19438 19438 I AconfigPackage: com.android.tethering.mainline.beta is mapped to com.android.tethering
06-30 02:55:09.478 19438 19438 I AconfigPackage: android.net.http is mapped to com.android.tethering
06-30 02:55:09.478 19438 19438 I AconfigPackage: com.android.tethering.readonly.flags is mapped to com.android.tethering
06-30 02:55:09.479 19438 19438 I AconfigPackage: android.net.vcn is mapped to com.android.tethering
06-30 02:55:09.479 19438 19438 I AconfigPackage: com.android.net.flags is mapped to com.android.tethering
06-30 02:55:09.479 19438 19438 I AconfigPackage: com.android.tethering.flags is mapped to com.android.tethering
06-30 02:55:09.479 19438 19438 I AconfigPackage: com.android.tethering.beta.test is mapped to com.android.tethering
06-30 02:55:09.479 19438 19438 I AconfigPackage: com.android.nearby.flags is mapped to com.android.tethering
06-30 02:55:09.479 19438 19438 I AconfigPackage: com.android.net.thread.flags is mapped to com.android.tethering
06-30 02:55:09.479 19438 19438 I AconfigPackage: com.android.net.ct.flags is mapped to com.android.tethering
06-30 02:55:09.480 19438 19438 I AconfigPackage: com.android.nfc.module.flags is mapped to com.android.nfcservices
06-30 02:55:09.480 19438 19438 I AconfigPackage: com.android.nfc.module.nonexported.flags is mapped to com.android.nfcservices
06-30 02:55:09.481 19438 19438 I AconfigPackage: com.android.uwb.flags is mapped to com.android.uwb
06-30 02:55:09.481 19438 19438 I AconfigPackage: com.android.ranging.flags is mapped to com.android.uwb
06-30 02:55:09.481 19438 19438 I AconfigPackage: com.android.rkpd.flags is mapped to com.android.rkpd
06-30 02:55:09.482 19438 19438 I AconfigPackage: com.android.system.virtualmachine.flags is mapped to com.android.virt
06-30 02:55:09.483 19438 19438 I AconfigPackage: com.android.org.conscrypt.flags is mapped to com.android.conscrypt
06-30 02:55:09.485 19438 19438 I AconfigPackage: com.android.org.conscrypt.net.flags is mapped to com.android.conscrypt
06-30 02:55:09.486 19438 19438 I AconfigPackage: android.media.swcodec.flags is mapped to com.android.media.swcodec
06-30 02:55:09.486 19438 19438 I AconfigPackage: com.android.ipsec.flags is mapped to com.android.ipsec
06-30 02:55:09.487 19438 19438 I AconfigPackage: com.android.cellbroadcastreceiver.flags is mapped to com.android.cellbroadcast
06-30 02:55:09.487 19438 19438 I AconfigPackage: android.telecom.flags is mapped to com.android.telephonycore
06-30 02:55:09.487 19438 19438 I AconfigPackage: com.android.internal.telecom.flags is mapped to com.android.telephonycore
06-30 02:55:09.487 19438 19438 I AconfigPackage: com.android.telephony.flags is mapped to com.android.telephonycore
06-30 02:55:09.488 19438 19438 I AconfigPackage: com.android.devicelock.flags is mapped to com.android.devicelock
06-30 02:55:09.489 19438 19438 I AconfigPackage: com.android.permission.flags is mapped to com.android.permission
06-30 02:55:09.489 19438 19438 I AconfigPackage: com.android.permissioncontroller.flags is mapped to com.android.permission
06-30 02:55:09.490 19438 19438 I AconfigPackage: com.android.icu is mapped to com.android.i18n
06-30 02:55:09.491 19438 19438 I AconfigPackage: com.android.adservices.ondevicepersonalization.flags is mapped to com.android.ondevicepersonalization
06-30 02:55:09.491 19438 19438 I AconfigPackage: com.android.wifi.flags is mapped to com.android.wifi
06-30 02:55:09.492 19438 19438 I AconfigPackage: com.android.webapp.flags is mapped to com.android.webapp
06-30 02:55:09.493 19438 19438 I AconfigPackage: android.os.profiling is mapped to com.android.profiling
06-30 02:55:09.494 19438 19438 I AconfigPackage: android.os.profiling.anomaly.flags is mapped to com.android.profiling
06-30 02:55:09.494 19438 19438 I AconfigPackage: com.android.healthfitness.flags is mapped to com.android.healthfitness
06-30 02:55:09.495 19438 19438 I AconfigPackage: com.android.art.flags is mapped to com.android.art
06-30 02:55:09.495 19438 19438 I AconfigPackage: com.android.art.rw.flags is mapped to com.android.art
06-30 02:55:09.495 19438 19438 I AconfigPackage: com.android.libcore is mapped to com.android.art
06-30 02:55:09.496 19438 19438 I AconfigPackage: android.provider.flags is mapped to com.android.configinfrastructure
06-30 02:55:09.497 19438 19438 I AconfigPackage: com.android.server.deviceconfig is mapped to com.android.configinfrastructure
06-30 02:55:09.498 19438 19438 I AconfigPackage: com.google.android.widevine.flags is mapped to com.google.android.widevine
06-30 02:55:09.498 19438 19438 I AconfigPackage: com.android.adbd.flags is mapped to com.android.adbd
06-30 02:55:09.499 19438 19438 I AconfigPackage: android.graphics.pdf.flags is mapped to com.android.mediaprovider
06-30 02:55:09.499 19438 19438 I AconfigPackage: com.android.providers.media.flags is mapped to com.android.mediaprovider
06-30 02:55:09.499 19438 19438 I AconfigPackage: android.graphics.pdf.flags.readonly is mapped to com.android.mediaprovider
06-30 02:55:09.500 19438 19438 I AconfigPackage: com.android.bluetooth.beta.flags is mapped to com.android.bt
06-30 02:55:09.500 19438 19438 I AconfigPackage: com.android.bluetooth.flags is mapped to com.android.bt
06-30 02:55:09.501 19438 19438 E FeatureFlagsImplExport: android.os.flagging.AconfigStorageReadException: ERROR_PACKAGE_NOT_FOUND: package android.xr cannot be found on the device
06-30 02:55:09.507  1719  2156 V GrammaticalInflectionUtils: AttributionSource: android.content.AttributionSource@4fb597d5 does not have READ_SYSTEM_GRAMMATICAL_GENDER permission.
06-30 02:55:09.527   752   752 D Zygote  : Forked child process 19449
06-30 02:55:09.530  1719  1761 I ActivityManager: Start proc 19449:com.google.android.wearable.frameworkpackagestubs/u0a71 for content provider {com.google.android.wearable.frameworkpackagestubs/com.android.browser.provider.BrowserProvider2}
06-30 02:55:09.548 19449 19449 I libprocessgroup: Created cgroup /sys/fs/cgroup/apps/uid_10071
06-30 02:55:09.550 19449 19449 I libprocessgroup: Created cgroup /sys/fs/cgroup/apps/uid_10071/pid_19449
06-30 02:55:09.570 19449 19449 I Zygote  : Process 19449 created for com.google.android.wearable.frameworkpackagestubs
06-30 02:55:09.570 19449 19449 I orkpackagestubs: Using generational CollectorTypeCMC GC.
06-30 02:55:09.584 19449 19449 D nativeloader: Load libframework-connectivity-tiramisu-jni.so using APEX ns com_android_tethering for caller /apex/com.android.tethering/javalib/framework-connectivity-t.jar: ok
06-30 02:55:09.607 19449 19449 D CompatChangeReporter: Compat change id reported: 333566037; UID 10071; state: ENABLED
06-30 02:55:09.628 19449 19449 D nativeloader: Configuring clns-shared-6 for other apk /system/priv-app/ClockworkFrameworkPackageStubs/ClockworkFrameworkPackageStubs.apk. target_sdk_version=37, uses_libraries=, library_path=/system/priv-app/ClockworkFrameworkPackageStubs/lib/arm:/system/lib:/system_ext/lib, permitted_path=/data:/mnt/expand:/data/user/0/com.google.android.wearable.frameworkpackagestubs:/system/priv-app/ClockworkFrameworkPackageStubs:/system/lib:/system_ext/lib
06-30 02:55:09.634 19449 19449 W orkpackagestubs: Monitor::Inflate: Install failed 0x719ed798
06-30 02:55:09.640 19449 19449 V GraphicsEnvironment: Currently set values for:
06-30 02:55:09.640 19449 19449 V GraphicsEnvironment:   angle_gl_driver_selection_pkgs=[]
06-30 02:55:09.640 19449 19449 V GraphicsEnvironment:   angle_gl_driver_selection_values=[]
06-30 02:55:09.641 19449 19449 V GraphicsEnvironment: com.google.android.wearable.frameworkpackagestubs is not listed in per-application setting
06-30 02:55:09.641 19449 19449 V GraphicsEnvironment: No special selections for ANGLE, returning default driver choice
06-30 02:55:09.642 19449 19449 V GraphicsEnvironment: Neither updatable production driver nor prerelease driver is supported.
06-30 02:55:09.646 19449 19449 D CompatChangeReporter: Compat change id reported: 407952621; UID 10071; state: ENABLED
06-30 02:55:09.646 19449 19449 D CompatChangeReporter: Compat change id reported: 419020719; UID 10071; state: ENABLED
06-30 02:55:09.654 19449 19449 D CompatChangeReporter: Compat change id reported: 458413887; UID 10071; state: ENABLED
06-30 02:55:09.710  1719  2492 I ActivityManager: Killing 17420:com.google.android.wearable.dwf.receiver/u0a63 (adj 965): empty #17
06-30 02:55:09.712 19438 19438 D AndroidRuntime: Shutting down VM
06-30 02:55:09.713 19438 19447 W libbinder.IPCThreadState: call to talkWithDriver in joinThreadPool returned error: -9 (Bad file descriptor), FD: -1
06-30 02:55:09.713 19438 19448 W libbinder.IPCThreadState: call to talkWithDriver in joinThreadPool returned error: -9 (Bad file descriptor), FD: -1
06-30 02:55:09.737   752   752 I Zygote  : Process 17420 exited due to signal 9 (Killed)
06-30 02:55:09.741  1719  1762 I libprocessgroup: Removed cgroup /sys/fs/cgroup/apps/uid_10063/pid_17420
06-30 02:55:09.890  1719  1914 D ActivityManager: freezing 16255 android.process.acore
06-30 02:55:09.898  1719  1974 D InetDiagMessage: Destroyed 0 sockets, proto=IPPROTO_TCP, family=AF_INET, states=14
06-30 02:55:09.899  1719  1974 D InetDiagMessage: Destroyed 0 sockets, proto=IPPROTO_TCP, family=AF_INET6, states=14
06-30 02:55:09.899  1719  1974 D InetDiagMessage: Destroyed live tcp sockets for uids={10044} in 4ms
06-30 02:55:10.546   721   859 D MCU     : usf_sensor.cc:1920               16:09:14.329 [USF] Received start sampling request for Skin temperature sensor (active:1).
06-30 02:55:10.546   721   859 D MCU     : device.cc:154                    16:09:14.329 AS6221Device Set conversion timer: 60000000 ns
06-30 02:55:10.546   721   859 D MCU     : device.cc:173                    16:09:14.330 AS6221Device Set sampling timer:180000000
06-30 02:55:10.547   721   859 D MCU     : skin_temperature_manager.cc:333  16:09:14.392 [SkinTemperature] [Record Processing Incomplete] Processed 0 temperature samples.
06-30 02:55:10.610  1226  1226 I adbd    : adbd service requested 'shell,v2,TERM=xterm-256color,raw:settings get global zen_mode'
06-30 02:55:10.701  1226  1226 I adbd    : adbd service requested 'shell,v2,TERM=xterm-256color,raw:settings put global zen_mode 2'
06-30 02:55:10.784  1719  2492 V SettingsShellCmd: putForUser(userId=0, table=global, key=zen_mode, value=2, tag=null, makeDefault=false, overrideableByRestore=false)
06-30 02:55:10.803  1226  1226 I adbd    : adbd service requested 'shell,v2,TERM=xterm-256color,raw:settings get global zen_mode'
06-30 02:55:10.846  1719  1967 I HalDevMgr: bestIfaceCreationProposal is null, requestIface=STA, existingIface=[name=wlan0 type=STA]
06-30 02:55:10.907  1226  1226 I adbd    : adbd service requested 'shell,v2,TERM=xterm-256color,raw:settings put global zen_mode 0'
06-30 02:55:10.994   391   416 E pixelstats-uevent: Unable to read  - No such file or directory
06-30 02:55:11.003  1719  2492 V SettingsShellCmd: putForUser(userId=0, table=global, key=zen_mode, value=0, tag=null, makeDefault=false, overrideableByRestore=false)
06-30 02:55:11.021  1226  1226 I adbd    : adbd service requested 'shell,v2,TERM=xterm-256color,raw:content query --uri content://call_log/calls --projection _id'
06-30 02:55:11.052  1719  1974 D ConnectivityService: handleLingerComplete for [107 BLUETOOTH]
06-30 02:55:11.437 19485 19485 D AndroidRuntime: >>>>>> START com.android.internal.os.RuntimeInit uid 2000 <<<<<<
06-30 02:55:11.455 19485 19485 I AndroidRuntime: Using default boot image
06-30 02:55:11.455 19485 19485 I AndroidRuntime: Leaving lock profiling enabled
06-30 02:55:11.470 19485 19485 I app_process: Core platform API enforcement enabled from the hiddenapi_platform_enforcement flag and the device API level
06-30 02:55:11.473 19485 19485 I app_process: Using generational CollectorTypeCMC GC.
06-30 02:55:11.696 19485 19485 W app_process: Bump pointer space is not aligned to 2048KB. This can lead to longer stop-the-world pauses for compaction
06-30 02:55:11.751 19485 19485 D nativeloader: InitDefaultPublicLibraries for_preload=1: libandroid.so:libaaudio.so:libamidi.so:libbinder_ndk.so:libc.so:libcamera2ndk.so:libdl.so:libEGL.so:libGLESv1_CM.so:libGLESv2.so:libGLESv3.so:libicu.so:libicui18n.so:libicuuc.so:libjnigraphics.so:liblog.so:libmediandk.so:libm.so:libnativehelper.so:libnativewindow.so:libneuralnetworks.so:libOpenMAXAL.so:libOpenSLES.so:libRS.so:libstdc++.so:libsync.so:libvulkan.so:libz.so
06-30 02:55:11.796 19485 19485 D nativeloader: Load libicu_jni.so using APEX ns com_android_art for caller /apex/com.android.art/javalib/core-oj.jar: ok
06-30 02:55:11.796 19485 19485 D app_process: u_setTimeZoneFilesDirectory("/apex/com.android.tzdata/etc/tz/versioned/10/icu") succeeded. 
06-30 02:55:11.796 19485 19485 D app_process: I18n APEX ICU file found: /apex/com.android.i18n/etc/icu/icudt78l.dat
06-30 02:55:11.799 19485 19485 D nativeloader: Load libjavacore.so using APEX ns com_android_art for caller /apex/com.android.art/javalib/core-oj.jar: ok
06-30 02:55:11.803 19485 19485 D nativeloader: Load libopenjdk.so using APEX ns com_android_art for caller /apex/com.android.art/javalib/core-oj.jar: ok
06-30 02:55:11.807 19485 19485 I app_process: Priority-to-niceness mapping: 19, 16, 13, 10, 0, -2, -4, -5, -6, -8
06-30 02:55:11.921 19485 19485 D nativeloader: Load libframework-connectivity-tiramisu-jni.so using APEX ns com_android_tethering for caller /apex/com.android.tethering/javalib/framework-connectivity-t.jar: ok
06-30 02:55:11.922 19485 19485 D AndroidRuntime: Calling main entry com.android.commands.content.Content
06-30 02:55:11.935 19485 19485 I AconfigPackage: com.android.os.statsd.flags is mapped to com.android.os.statsd
06-30 02:55:11.936 19485 19485 I AconfigPackage: com.android.uprobestats.flags is mapped to com.android.uprobestats
06-30 02:55:11.936 19485 19485 I AconfigPackage: android.uprobestats.mainline.flags is mapped to com.android.uprobestats
06-30 02:55:11.936 19485 19485 I AconfigPackage: com.android.media.extractor.flags is mapped to com.android.media
06-30 02:55:11.937 19485 19485 I AconfigPackage: com.android.media.metrics.flags is mapped to com.android.media
06-30 02:55:11.937 19485 19485 I AconfigPackage: com.android.media.mainline.flags is mapped to com.android.media
06-30 02:55:11.938 19485 19485 I AconfigPackage: com.android.adservices.flags is mapped to com.android.adservices
06-30 02:55:11.938 19485 19485 I AconfigPackage: com.android.sdksandbox.flags is mapped to com.android.adservices
06-30 02:55:11.938 19485 19485 I AconfigPackage: android.app.sdksandbox.flags is mapped to com.android.adservices
06-30 02:55:11.939 19485 19485 I AconfigPackage: com.android.npumanager is mapped to com.android.npumanager
06-30 02:55:11.939 19485 19485 I AconfigPackage: com.android.appsearch.flags is mapped to com.android.appsearch
06-30 02:55:11.940 19485 19485 I AconfigPackage: com.android.crashrecovery.flags is mapped to com.android.crashrecovery
06-30 02:55:11.942 19485 19485 I AconfigPackage: com.android.tethering.mainline.beta is mapped to com.android.tethering
06-30 02:55:11.942 19485 19485 I AconfigPackage: android.net.http is mapped to com.android.tethering
06-30 02:55:11.942 19485 19485 I AconfigPackage: com.android.tethering.readonly.flags is mapped to com.android.tethering
06-30 02:55:11.942 19485 19485 I AconfigPackage: android.net.vcn is mapped to com.android.tethering
06-30 02:55:11.942 19485 19485 I AconfigPackage: com.android.net.flags is mapped to com.android.tethering
06-30 02:55:11.942 19485 19485 I AconfigPackage: com.android.tethering.flags is mapped to com.android.tethering
06-30 02:55:11.942 19485 19485 I AconfigPackage: com.android.tethering.beta.test is mapped to com.android.tethering
06-30 02:55:11.942 19485 19485 I AconfigPackage: com.android.nearby.flags is mapped to com.android.tethering
06-30 02:55:11.942 19485 19485 I AconfigPackage: com.android.net.thread.flags is mapped to com.android.tethering
06-30 02:55:11.942 19485 19485 I AconfigPackage: com.android.net.ct.flags is mapped to com.android.tethering
06-30 02:55:11.943 19485 19485 I AconfigPackage: com.android.nfc.module.flags is mapped to com.android.nfcservices
06-30 02:55:11.943 19485 19485 I AconfigPackage: com.android.nfc.module.nonexported.flags is mapped to com.android.nfcservices
06-30 02:55:11.943 19485 19485 I AconfigPackage: com.android.uwb.flags is mapped to com.android.uwb
06-30 02:55:11.943 19485 19485 I AconfigPackage: com.android.ranging.flags is mapped to com.android.uwb
06-30 02:55:11.944 19485 19485 I AconfigPackage: com.android.rkpd.flags is mapped to com.android.rkpd
06-30 02:55:11.945 19485 19485 I AconfigPackage: com.android.system.virtualmachine.flags is mapped to com.android.virt
06-30 02:55:11.947 19485 19485 I AconfigPackage: com.android.org.conscrypt.flags is mapped to com.android.conscrypt
06-30 02:55:11.947 19485 19485 I AconfigPackage: com.android.org.conscrypt.net.flags is mapped to com.android.conscrypt
06-30 02:55:11.948 19485 19485 I AconfigPackage: android.media.swcodec.flags is mapped to com.android.media.swcodec
06-30 02:55:11.949 19485 19485 I AconfigPackage: com.android.ipsec.flags is mapped to com.android.ipsec
06-30 02:55:11.949 19485 19485 I AconfigPackage: com.android.cellbroadcastreceiver.flags is mapped to com.android.cellbroadcast
06-30 02:55:11.950 19485 19485 I AconfigPackage: android.telecom.flags is mapped to com.android.telephonycore
06-30 02:55:11.950 19485 19485 I AconfigPackage: com.android.internal.telecom.flags is mapped to com.android.telephonycore
06-30 02:55:11.950 19485 19485 I AconfigPackage: com.android.telephony.flags is mapped to com.android.telephonycore
06-30 02:55:11.951 19485 19485 I AconfigPackage: com.android.devicelock.flags is mapped to com.android.devicelock
06-30 02:55:11.952 19485 19485 I AconfigPackage: com.android.permission.flags is mapped to com.android.permission
06-30 02:55:11.952 19485 19485 I AconfigPackage: com.android.permissioncontroller.flags is mapped to com.android.permission
06-30 02:55:11.953 19485 19485 I AconfigPackage: com.android.icu is mapped to com.android.i18n
06-30 02:55:11.954 19485 19485 I AconfigPackage: com.android.adservices.ondevicepersonalization.flags is mapped to com.android.ondevicepersonalization
06-30 02:55:11.955 19485 19485 I AconfigPackage: com.android.wifi.flags is mapped to com.android.wifi
06-30 02:55:11.956 19485 19485 I AconfigPackage: com.android.webapp.flags is mapped to com.android.webapp
06-30 02:55:11.957 19485 19485 I AconfigPackage: android.os.profiling is mapped to com.android.profiling
06-30 02:55:11.957 19485 19485 I AconfigPackage: android.os.profiling.anomaly.flags is mapped to com.android.profiling
06-30 02:55:11.958 19485 19485 I AconfigPackage: com.android.healthfitness.flags is mapped to com.android.healthfitness
06-30 02:55:11.959 19485 19485 I AconfigPackage: com.android.art.flags is mapped to com.android.art
06-30 02:55:11.959 19485 19485 I AconfigPackage: com.android.art.rw.flags is mapped to com.android.art
06-30 02:55:11.959 19485 19485 I AconfigPackage: com.android.libcore is mapped to com.android.art
06-30 02:55:11.959 19485 19485 I AconfigPackage: android.provider.flags is mapped to com.android.configinfrastructure
06-30 02:55:11.960 19485 19485 I AconfigPackage: com.android.server.deviceconfig is mapped to com.android.configinfrastructure
06-30 02:55:11.961 19485 19485 I AconfigPackage: com.google.android.widevine.flags is mapped to com.google.android.widevine
06-30 02:55:11.962 19485 19485 I AconfigPackage: com.android.adbd.flags is mapped to com.android.adbd
06-30 02:55:11.963 19485 19485 I AconfigPackage: android.graphics.pdf.flags is mapped to com.android.mediaprovider
06-30 02:55:11.963 19485 19485 I AconfigPackage: com.android.providers.media.flags is mapped to com.android.mediaprovider
06-30 02:55:11.963 19485 19485 I AconfigPackage: android.graphics.pdf.flags.readonly is mapped to com.android.mediaprovider
06-30 02:55:11.964 19485 19485 I AconfigPackage: com.android.bluetooth.beta.flags is mapped to com.android.bt
06-30 02:55:11.964 19485 19485 I AconfigPackage: com.android.bluetooth.flags is mapped to com.android.bt
06-30 02:55:11.965 19485 19485 E FeatureFlagsImplExport: android.os.flagging.AconfigStorageReadException: ERROR_PACKAGE_NOT_FOUND: package android.xr cannot be found on the device
06-30 02:55:11.971  1719  2492 D ActivityManager: sync unfroze 16255 android.process.acore for 7
06-30 02:55:11.982  1719  1914 D ActivityManager: freezing 19395 com.android.providers.calendar
06-30 02:55:11.984  1719  1974 D InetDiagMessage: Destroyed 0 sockets, proto=IPPROTO_TCP, family=AF_INET, states=14
06-30 02:55:11.985  1719  1974 D InetDiagMessage: Destroyed 0 sockets, proto=IPPROTO_TCP, family=AF_INET6, states=14
06-30 02:55:11.985  1719  1974 D InetDiagMessage: Destroyed live tcp sockets for uids={10053} in 2ms
06-30 02:55:12.103 19485 19485 D AndroidRuntime: Shutting down VM
06-30 02:55:12.104 19485 19495 W libbinder.IPCThreadState: call to talkWithDriver in joinThreadPool returned error: -9 (Bad file descriptor), FD: -1
06-30 02:55:12.104 19485 19494 W libbinder.IPCThreadState: call to talkWithDriver in joinThreadPool returned error: -9 (Bad file descriptor), FD: -1
06-30 02:55:13.898  1719  1967 I HalDevMgr: bestIfaceCreationProposal is null, requestIface=STA, existingIface=[name=wlan0 type=STA]
06-30 02:55:14.166  1719  1914 D ActivityManager: freezing 15311 com.google.android.apps.wearable.settings
06-30 02:55:14.551   721   859 I MCU     : nano_calibration.cc:343          16:09:18.621 [ImuCal] [GYRO_RPS] (s0, c0) Offset | Temp [C] | Quality: 0.001432, -0.005432, -0.000212 | 33.65 | 4
06-30 02:55:14.552   721   859 I MCU     : nano_calibration.cc:349          16:09:18.621 [ImuCal] [GYRO_RPS] (s0) Temp Sensitivity: 0.000073, 0.000031, 0.000024
06-30 02:55:14.552   721   859 I MCU     : nano_calibration.cc:352          16:09:18.621 [ImuCal] [GYRO_RPS] (s0) Temp Intercept: -0.001054, -0.006513, -0.001226
06-30 02:55:14.714  1719  1914 D ActivityManager: freezing 19449 com.google.android.wearable.frameworkpackagestubs
06-30 02:55:14.719  1719  1974 D InetDiagMessage: Destroyed 0 sockets, proto=IPPROTO_TCP, family=AF_INET, states=14
06-30 02:55:14.721  1719  1974 D InetDiagMessage: Destroyed 0 sockets, proto=IPPROTO_TCP, family=AF_INET6, states=14
06-30 02:55:14.722  1719  1974 D InetDiagMessage: Destroyed live tcp sockets for uids={10071} in 3ms
06-30 02:55:16.956  1719  2003 I AdbWifiNetworkMonitor: Wi-Fi network available
06-30 02:55:16.957  1719  2003 I AdbWifiNetworkMonitor: Received the same Wi-Fi SSID. Ignoring.
06-30 02:55:16.959  1719  1967 I HalDevMgr: bestIfaceCreationProposal is null, requestIface=STA, existingIface=[name=wlan0 type=STA]
06-30 02:55:16.971  2637  2987 D DeviceStateHelper: Wifi freq: 2412
06-30 02:55:16.976  3468  3668 W EdorasConnMonitorState: unhandled onNetworkConnected
06-30 02:55:16.976  1719  1974 W libbinder.IPCThreadState: Sending oneway calls to frozen process.
06-30 02:55:16.977  1719  1974 W libbinder.IPCThreadState: Sending oneway calls to frozen process.
06-30 02:55:16.976  2304  2982 D cneJni  : sendWifiStatus start
06-30 02:55:16.979  2304  2982 D QCNEJ/NativeAidlConnector: -> SND notifyDefaultNetworkChanged(1)
06-30 02:55:16.979  2304  2982 D cneJni  : sendDefaultNwMsg start
06-30 02:55:17.107  1719  1914 D ActivityManager: freezing 16255 android.process.acore
06-30 02:55:17.113  1719  1974 D InetDiagMessage: Destroyed 0 sockets, proto=IPPROTO_TCP, family=AF_INET, states=14
06-30 02:55:17.114  1719  1974 D InetDiagMessage: Destroyed 0 sockets, proto=IPPROTO_TCP, family=AF_INET6, states=14
06-30 02:55:17.115  1719  1974 D InetDiagMessage: Destroyed live tcp sockets for uids={10044} in 4ms
06-30 02:55:20.002  1719  1967 I HalDevMgr: bestIfaceCreationProposal is null, requestIface=STA, existingIface=[name=wlan0 type=STA]
06-30 02:55:21.208   857   857 E ODPM    : readEnergyMeter()
06-30 02:55:22.744   855   880 D ContextHubHal: Got message from nanoapp: ID 0x476f6f676c003000
06-30 02:55:23.038   391   416 E pixelstats-uevent: Unable to read  - No such file or directory
06-30 02:55:23.045  1719  1967 I HalDevMgr: bestIfaceCreationProposal is null, requestIface=STA, existingIface=[name=wlan0 type=STA]
06-30 02:55:23.049  1435  1435 E BatteryDefender: Failed to read /sys/devices/platform/google,charger/bd_state
06-30 02:55:23.051   721   859 D MCU     : site_data_provider.cc:220        16:09:27.142 [SiteDataProvider] Flushing 1 GROK records
06-30 02:55:23.051   721   859 D MCU     : site_data_provider.cc:220        16:09:27.142 [SiteDataProvider] Flushing 1 GROK records
06-30 02:55:23.060  1435  1435 E BatteryDefender: Failed to read /sys/devices/platform/google,charger/bd_state
06-30 02:55:26.059   391   416 E pixelstats-uevent: Unable to read  - No such file or directory
06-30 02:55:26.081  1719  1967 I HalDevMgr: bestIfaceCreationProposal is null, requestIface=STA, existingIface=[name=wlan0 type=STA]
06-30 02:55:27.804  2305  2325 W System  : A resource failed to call AbstractCursor.close. 
06-30 02:55:29.144  1719  1967 I HalDevMgr: bestIfaceCreationProposal is null, requestIface=STA, existingIface=[name=wlan0 type=STA]
06-30 02:55:30.875  1226  1226 I adbd    : adbd service requested 'shell,v2,TERM=xterm-256color,raw:dumpsys package com.android.providers.contacts'
06-30 02:55:31.037 19503 19503 I artd    : Starting artd
06-30 02:55:31.039 19503 19503 I libbinder.AidlLazyServiceRegistrar: Registering service artd
06-30 02:55:31.041 19503 19503 I libbinder.AidlLazyServiceRegistrar: Process has 1 (of 1 available) client(s) in use after notification artd has clients: 1
06-30 02:55:31.131 19503 19505 I artd    : GetBestInfo: odex next to the dex file (/system/priv-app/ContactsProvider/oat/arm/ContactsProvider.odex) is kOatUpToDate with filter 'speed' executable 'false'
06-30 02:55:31.150  1226  1226 I adbd    : adbd service requested 'shell,v2,TERM=xterm-256color,raw:dumpsys package com.android.providers.contacts'
06-30 02:55:31.221 19503 19505 I artd    : GetBestInfo: odex next to the dex file (/system/priv-app/ContactsProvider/oat/arm/ContactsProvider.odex) is kOatUpToDate with filter 'speed' executable 'false'
06-30 02:55:31.238  1226  1226 I adbd    : adbd service requested 'shell,v2,TERM=xterm-256color,raw:pm list permissions -g'
06-30 02:55:31.372  1226  1226 I adbd    : adbd service requested 'shell,v2,TERM=xterm-256color,raw:dumpsys package com.android.shell'
06-30 02:55:31.469 19503 19505 I artd    : GetBestInfo: odex next to the dex file (/system/priv-app/ClockworkShell/oat/arm/ClockworkShell.odex) is kOatUpToDate with filter 'speed' executable 'false'
06-30 02:55:31.485  1226  1226 I adbd    : adbd service requested 'shell,v2,TERM=xterm-256color,raw:run-as com.poc.silentsms content query --uri content://com.android.contacts/contacts'
06-30 02:55:31.983 19521 19521 W libc    : Access denied finding property "ro.debuggable"
06-30 02:55:31.984 19521 19521 W libc    : Access denied finding property "ro.debuggable"
06-30 02:55:31.984 19521 19521 W libc    : Access denied finding property "ro.debuggable"
06-30 02:55:31.987 19521 19521 D AndroidRuntime: >>>>>> START com.android.internal.os.RuntimeInit uid 10004 <<<<<<
06-30 02:55:31.988 19521 19521 W libc    : Access denied finding property "ro.debuggable"
06-30 02:55:32.007 19521 19521 I AndroidRuntime: Using default boot image
06-30 02:55:32.003 19521 19521 W app_process: type=1400 audit(0.0:3037): avc:  denied  { read } for  name="u:object_r:odsign_prop:s0" dev="tmpfs" ino=327 scontext=u:r:runas_app:s0:c4,c256,c512,c768 tcontext=u:object_r:odsign_prop:s0 tclass=file permissive=0 app=com.poc.silentsms
06-30 02:55:32.007 19521 19521 I AndroidRuntime: Leaving lock profiling enabled
06-30 02:55:32.007 19521 19521 W libc    : Access denied finding property "odsign.verification.success"
06-30 02:55:32.008 19521 19521 W libc    : Access denied finding property "ro.debuggable"
06-30 02:55:32.022 19521 19521 W app_process: ART APEX data files are untrusted.
06-30 02:55:32.023 19521 19521 I app_process: Core platform API enforcement enabled from the hiddenapi_platform_enforcement flag and the device API level
06-30 02:55:32.023 19521 19521 I app_process: Using generational CollectorTypeCMC GC.
06-30 02:55:32.019 19521 19521 W app_process: type=1400 audit(0.0:3038): avc:  denied  { getattr } for  path="/apex/apex-info-list.xml" dev="tmpfs" ino=87 scontext=u:r:runas_app:s0:c4,c256,c512,c768 tcontext=u:object_r:apex_info_file:s0 tclass=file permissive=0 app=com.poc.silentsms
06-30 02:55:32.189  1719  1967 I HalDevMgr: bestIfaceCreationProposal is null, requestIface=STA, existingIface=[name=wlan0 type=STA]
06-30 02:55:32.254 19521 19521 W app_process: Bump pointer space is not aligned to 2048KB. This can lead to longer stop-the-world pauses for compaction
06-30 02:55:32.308 19521 19521 D nativeloader: InitDefaultPublicLibraries for_preload=1: libandroid.so:libaaudio.so:libamidi.so:libbinder_ndk.so:libc.so:libcamera2ndk.so:libdl.so:libEGL.so:libGLESv1_CM.so:libGLESv2.so:libGLESv3.so:libicu.so:libicui18n.so:libicuuc.so:libjnigraphics.so:liblog.so:libmediandk.so:libm.so:libnativehelper.so:libnativewindow.so:libneuralnetworks.so:libOpenMAXAL.so:libOpenSLES.so:libRS.so:libstdc++.so:libsync.so:libvulkan.so:libz.so
06-30 02:55:32.351 19521 19521 D nativeloader: Load libicu_jni.so using APEX ns com_android_art for caller /apex/com.android.art/javalib/core-oj.jar: ok
06-30 02:55:32.352 19521 19521 D app_process: u_setTimeZoneFilesDirectory("/apex/com.android.tzdata/etc/tz/versioned/10/icu") succeeded. 
06-30 02:55:32.352 19521 19521 D app_process: I18n APEX ICU file found: /apex/com.android.i18n/etc/icu/icudt78l.dat
06-30 02:55:32.354 19521 19521 D nativeloader: Load libjavacore.so using APEX ns com_android_art for caller /apex/com.android.art/javalib/core-oj.jar: ok
06-30 02:55:32.358 19521 19521 D nativeloader: Load libopenjdk.so using APEX ns com_android_art for caller /apex/com.android.art/javalib/core-oj.jar: ok
06-30 02:55:32.362 19521 19521 I app_process: Priority-to-niceness mapping: 19, 16, 13, 10, 0, -2, -4, -5, -6, -8
06-30 02:55:32.419 19521 19521 W main    : type=1400 audit(0.0:3039): avc:  denied  { read } for  name="u:object_r:build_attestation_prop:s0" dev="tmpfs" ino=123 scontext=u:r:runas_app:s0:c4,c256,c512,c768 tcontext=u:object_r:build_attestation_prop:s0 tclass=file permissive=0 app=com.poc.silentsms
06-30 02:55:32.419 19521 19521 W main    : type=1400 audit(0.0:3040): avc:  denied  { read } for  name="u:object_r:build_attestation_prop:s0" dev="tmpfs" ino=123 scontext=u:r:runas_app:s0:c4,c256,c512,c768 tcontext=u:object_r:build_attestation_prop:s0 tclass=file permissive=0 app=com.poc.silentsms
06-30 02:55:32.419 19521 19521 W main    : type=1400 audit(0.0:3041): avc:  denied  { read } for  name="u:object_r:build_attestation_prop:s0" dev="tmpfs" ino=123 scontext=u:r:runas_app:s0:c4,c256,c512,c768 tcontext=u:object_r:build_attestation_prop:s0 tclass=file permissive=0 app=com.poc.silentsms
06-30 02:55:32.419 19521 19521 W main    : type=1400 audit(0.0:3042): avc:  denied  { read } for  name="u:object_r:build_attestation_prop:s0" dev="tmpfs" ino=123 scontext=u:r:runas_app:s0:c4,c256,c512,c768 tcontext=u:object_r:build_attestation_prop:s0 tclass=file permissive=0 app=com.poc.silentsms
06-30 02:55:32.422 19521 19521 W libc    : Access denied finding property "ro.product.name_for_attestation"
06-30 02:55:32.422 19521 19521 W libc    : Access denied finding property "ro.product.device_for_attestation"
06-30 02:55:32.422 19521 19521 W libc    : Access denied finding property "ro.product.manufacturer_for_attestation"
06-30 02:55:32.422 19521 19521 W libc    : Access denied finding property "ro.product.brand_for_attestation"
06-30 02:55:32.422 19521 19521 W libc    : Access denied finding property "ro.product.model_for_attestation"
06-30 02:55:32.425 19521 19521 W libc    : Access denied finding property "ro.debuggable"
06-30 02:55:32.481 19521 19521 D nativeloader: Load libframework-connectivity-tiramisu-jni.so using APEX ns com_android_tethering for caller /apex/com.android.tethering/javalib/framework-connectivity-t.jar: ok
06-30 02:55:32.482 19521 19521 D AndroidRuntime: Calling main entry com.android.commands.content.Content
06-30 02:55:32.494 19521 19521 I AconfigPackage: com.android.os.statsd.flags is mapped to com.android.os.statsd
06-30 02:55:32.495 19521 19521 I AconfigPackage: com.android.uprobestats.flags is mapped to com.android.uprobestats
06-30 02:55:32.495 19521 19521 I AconfigPackage: android.uprobestats.mainline.flags is mapped to com.android.uprobestats
06-30 02:55:32.496 19521 19521 I AconfigPackage: com.android.media.extractor.flags is mapped to com.android.media
06-30 02:55:32.496 19521 19521 I AconfigPackage: com.android.media.metrics.flags is mapped to com.android.media
06-30 02:55:32.496 19521 19521 I AconfigPackage: com.android.media.mainline.flags is mapped to com.android.media
06-30 02:55:32.497 19521 19521 I AconfigPackage: com.android.adservices.flags is mapped to com.android.adservices
06-30 02:55:32.497 19521 19521 I AconfigPackage: com.android.sdksandbox.flags is mapped to com.android.adservices
06-30 02:55:32.497 19521 19521 I AconfigPackage: android.app.sdksandbox.flags is mapped to com.android.adservices
06-30 02:55:32.498 19521 19521 I AconfigPackage: com.android.npumanager is mapped to com.android.npumanager
06-30 02:55:32.499 19521 19521 I AconfigPackage: com.android.appsearch.flags is mapped to com.android.appsearch
06-30 02:55:32.500 19521 19521 I AconfigPackage: com.android.crashrecovery.flags is mapped to com.android.crashrecovery
06-30 02:55:32.501 19521 19521 I AconfigPackage: com.android.tethering.mainline.beta is mapped to com.android.tethering
06-30 02:55:32.501 19521 19521 I AconfigPackage: android.net.http is mapped to com.android.tethering
06-30 02:55:32.501 19521 19521 I AconfigPackage: com.android.tethering.readonly.flags is mapped to com.android.tethering
06-30 02:55:32.501 19521 19521 I AconfigPackage: android.net.vcn is mapped to com.android.tethering
06-30 02:55:32.501 19521 19521 I AconfigPackage: com.android.net.flags is mapped to com.android.tethering
06-30 02:55:32.501 19521 19521 I AconfigPackage: com.android.tethering.flags is mapped to com.android.tethering
06-30 02:55:32.501 19521 19521 I AconfigPackage: com.android.tethering.beta.test is mapped to com.android.tethering
06-30 02:55:32.501 19521 19521 I AconfigPackage: com.android.nearby.flags is mapped to com.android.tethering
06-30 02:55:32.501 19521 19521 I AconfigPackage: com.android.net.thread.flags is mapped to com.android.tethering
06-30 02:55:32.502 19521 19521 I AconfigPackage: com.android.net.ct.flags is mapped to com.android.tethering
06-30 02:55:32.503 19521 19521 I AconfigPackage: com.android.nfc.module.flags is mapped to com.android.nfcservices
06-30 02:55:32.503 19521 19521 I AconfigPackage: com.android.nfc.module.nonexported.flags is mapped to com.android.nfcservices
06-30 02:55:32.504 19521 19521 I AconfigPackage: com.android.uwb.flags is mapped to com.android.uwb
06-30 02:55:32.504 19521 19521 I AconfigPackage: com.android.ranging.flags is mapped to com.android.uwb
06-30 02:55:32.505 19521 19521 I AconfigPackage: com.android.rkpd.flags is mapped to com.android.rkpd
06-30 02:55:32.506 19521 19521 I AconfigPackage: com.android.system.virtualmachine.flags is mapped to com.android.virt
06-30 02:55:32.507 19521 19521 I AconfigPackage: com.android.org.conscrypt.flags is mapped to com.android.conscrypt
06-30 02:55:32.507 19521 19521 I AconfigPackage: com.android.org.conscrypt.net.flags is mapped to com.android.conscrypt
06-30 02:55:32.508 19521 19521 I AconfigPackage: android.media.swcodec.flags is mapped to com.android.media.swcodec
06-30 02:55:32.510 19521 19521 I AconfigPackage: com.android.ipsec.flags is mapped to com.android.ipsec
06-30 02:55:32.511 19521 19521 I AconfigPackage: com.android.cellbroadcastreceiver.flags is mapped to com.android.cellbroadcast
06-30 02:55:32.512 19521 19521 I AconfigPackage: android.telecom.flags is mapped to com.android.telephonycore
06-30 02:55:32.512 19521 19521 I AconfigPackage: com.android.internal.telecom.flags is mapped to com.android.telephonycore
06-30 02:55:32.512 19521 19521 I AconfigPackage: com.android.telephony.flags is mapped to com.android.telephonycore
06-30 02:55:32.513 19521 19521 I AconfigPackage: com.android.devicelock.flags is mapped to com.android.devicelock
06-30 02:55:32.514 19521 19521 I AconfigPackage: com.android.permission.flags is mapped to com.android.permission
06-30 02:55:32.514 19521 19521 I AconfigPackage: com.android.permissioncontroller.flags is mapped to com.android.permission
06-30 02:55:32.516 19521 19521 I AconfigPackage: com.android.icu is mapped to com.android.i18n
06-30 02:55:32.517 19521 19521 I AconfigPackage: com.android.adservices.ondevicepersonalization.flags is mapped to com.android.ondevicepersonalization
06-30 02:55:32.519 19521 19521 I AconfigPackage: com.android.wifi.flags is mapped to com.android.wifi
06-30 02:55:32.520 19521 19521 I AconfigPackage: com.android.webapp.flags is mapped to com.android.webapp
06-30 02:55:32.521 19521 19521 I AconfigPackage: android.os.profiling is mapped to com.android.profiling
06-30 02:55:32.521 19521 19521 I AconfigPackage: android.os.profiling.anomaly.flags is mapped to com.android.profiling
06-30 02:55:32.522 19521 19521 I AconfigPackage: com.android.healthfitness.flags is mapped to com.android.healthfitness
06-30 02:55:32.522 19521 19521 I AconfigPackage: com.android.art.flags is mapped to com.android.art
06-30 02:55:32.523 19521 19521 I AconfigPackage: com.android.art.rw.flags is mapped to com.android.art
06-30 02:55:32.523 19521 19521 I AconfigPackage: com.android.libcore is mapped to com.android.art
06-30 02:55:32.523 19521 19521 I AconfigPackage: android.provider.flags is mapped to com.android.configinfrastructure
06-30 02:55:32.524 19521 19521 I AconfigPackage: com.android.server.deviceconfig is mapped to com.android.configinfrastructure
06-30 02:55:32.524 19521 19521 I AconfigPackage: com.google.android.widevine.flags is mapped to com.google.android.widevine
06-30 02:55:32.525 19521 19521 I AconfigPackage: com.android.adbd.flags is mapped to com.android.adbd
06-30 02:55:32.526 19521 19521 I AconfigPackage: android.graphics.pdf.flags is mapped to com.android.mediaprovider
06-30 02:55:32.526 19521 19521 I AconfigPackage: com.android.providers.media.flags is mapped to com.android.mediaprovider
06-30 02:55:32.526 19521 19521 I AconfigPackage: android.graphics.pdf.flags.readonly is mapped to com.android.mediaprovider
06-30 02:55:32.527 19521 19521 I AconfigPackage: com.android.bluetooth.beta.flags is mapped to com.android.bt
06-30 02:55:32.527 19521 19521 I AconfigPackage: com.android.bluetooth.flags is mapped to com.android.bt
06-30 02:55:32.528 19521 19521 E FeatureFlagsImplExport: android.os.flagging.AconfigStorageReadException: ERROR_PACKAGE_NOT_FOUND: package android.xr cannot be found on the device
06-30 02:55:32.533  1719  2081 W ActivityManager: Permission Denial: Do not have permission in call getContentProviderExternal() from pid=19521, uid=10004 requires android.permission.ACCESS_CONTENT_PROVIDERS_EXTERNALLY
06-30 02:55:32.537 19521 19521 D AndroidRuntime: Shutting down VM
06-30 02:55:32.537 19521 19535 W libbinder.IPCThreadState: call to talkWithDriver in joinThreadPool returned error: -9 (Bad file descriptor), FD: -1
06-30 02:55:32.538 19521 19536 W libbinder.IPCThreadState: call to talkWithDriver in joinThreadPool returned error: -9 (Bad file descriptor), FD: -1
06-30 02:55:32.740   750   773 W resolvrs::doh::connection: Connection driver returns some Err: Closed
06-30 02:55:33.426  1226  1226 I adbd    : adbd service requested 'shell,v2,TERM=xterm-256color:export ANDROID_LOG_TAGS=''; exec logcat '-d''
