--------- beginning of system
06-30 01:35:26.289  1719 16251 I Telecom : AsyncRingtonePlayer: handlePlay: ringing ready, timeout=false: (...->CS.crCo->H.CS.crCo->H.CS.crCo.pICR)->CSW.hCCC->ICFG.sF->ICFG.sF->ICFG.sF->ICFG.sF->ICFG.sF->CAMSM.pM_2002->ARP.hPE(cgws/cast)@E-E-DD8
06-30 01:35:26.300  1719  3621 I Telecom : InCallController: Components updated: [ComponentInfo{com.google.android.wearable.pixel.pdms/com.google.android.wearable.pixel.pdms.features.raisetotalk.incallservice.RaiseToTalkInCallService}, ComponentInfo{android/com.android.ecm.EnhancedConfirmationCallTrackerService}, ComponentInfo{com.google.android.bluetooth/com.android.bluetooth.telephony.BluetoothInCallService}, ComponentInfo{com.google.android.apps.scone/com.google.android.apps.scone.coex.StateService}, ComponentInfo{android/android.net.ConnectivityCallListenerService}, ComponentInfo{com.google.wear.services/com.google.wear.services.calling.client.WearInCallService}, ComponentInfo{com.google.android.dialer/com.google.android.wearable.googledialer.incall.incallservice.InCallServiceImpl}]: CSW.pE(cgws)@DEU
06-30 01:35:26.302  1719  2354 I Telecom : CallAudioRouteController: updateCallAudioState: updating call audio state to [AudioState isMuted: false, route: SPEAKER, supportedRouteMask: SPEAKER, activeBluetoothDevice: [null], supportedBluetoothDevices: []]: (...->CS.crCo->H.CS.crCo->H.CS.crCo.pICR)->CSW.hCCC->ICFG.sF->ICFG.sF->ICFG.sF->ICFG.sF->ICFG.sF->CARC.pM_UPDATE_SYSTEM_AUDIO_ROUTE(cgws/cast)@E-E-DD8
06-30 01:35:26.302  1719  2354 I Telecom : InCallController: Calling onAudioStateChanged, audioState: [AudioState isMuted: false, route: SPEAKER, supportedRouteMask: SPEAKER, activeBluetoothDevice: [null], supportedBluetoothDevices: []] -> [AudioState isMuted: false, route: SPEAKER, supportedRouteMask: SPEAKER, activeBluetoothDevice: [null], supportedBluetoothDevices: []]: (...->CS.crCo->H.CS.crCo->H.CS.crCo.pICR)->CSW.hCCC->ICFG.sF->ICFG.sF->ICFG.sF->ICFG.sF->ICFG.sF->CARC.pM_UPDATE_SYSTEM_AUDIO_ROUTE(cgws/cast)@E-E-DD8
06-30 01:35:26.303  1719  2354 I Telecom : CallEndpointController: onCallAudioStateChanged, audioState: [AudioState isMuted: false, route: SPEAKER, supportedRouteMask: SPEAKER, activeBluetoothDevice: [null], supportedBluetoothDevices: []] -> [AudioState isMuted: false, route: SPEAKER, supportedRouteMask: SPEAKER, activeBluetoothDevice: [null], supportedBluetoothDevices: []]: (...->CS.crCo->H.CS.crCo->H.CS.crCo.pICR)->CSW.hCCC->ICFG.sF->ICFG.sF->ICFG.sF->ICFG.sF->ICFG.sF->CARC.pM_UPDATE_SYSTEM_AUDIO_ROUTE(cgws/cast)@E-E-DD8
06-30 01:35:26.304  1719  2354 I Telecom : InCallController: Calling onAvailableCallEndpointsChanged: (...->CS.crCo->H.CS.crCo->H.CS.crCo.pICR)->CSW.hCCC->ICFG.sF->ICFG.sF->ICFG.sF->ICFG.sF->ICFG.sF->CARC.pM_UPDATE_SYSTEM_AUDIO_ROUTE(cgws/cast)@E-E-DD8
06-30 01:35:26.305  2109  2109 I TelecomFramework: CompanionClientConnectionService: onTrackedByNonUiService TC@28_1 true: (ICSBC.oSC)->CS.tBNUS->H.CS.tBNUS(a/cast)@E-DEg
06-30 01:35:26.306  2109  2109 I TelecomFramework: CompanionClientConnectionService: onTrackedByNonUiService TC@28_1 true: (ICSBC.oSC)->CS.tBNUS->H.CS.tBNUS(a/cast)@E-DEk
06-30 01:35:26.306  1719  2354 I Telecom : InCallController: Calling onCallEndpointChanged: (...->CS.crCo->H.CS.crCo->H.CS.crCo.pICR)->CSW.hCCC->ICFG.sF->ICFG.sF->ICFG.sF->ICFG.sF->ICFG.sF->CARC.pM_UPDATE_SYSTEM_AUDIO_ROUTE(cgws/cast)@E-E-DD8
06-30 01:35:26.307  1719  2354 I Telecom : InCallController: Calling onMuteStateChanged: (...->CS.crCo->H.CS.crCo->H.CS.crCo.pICR)->CSW.hCCC->ICFG.sF->ICFG.sF->ICFG.sF->ICFG.sF->ICFG.sF->CARC.pM_UPDATE_SYSTEM_AUDIO_ROUTE(cgws/cast)@E-E-DD8
06-30 01:35:26.308  2109  2109 I TelecomFramework: CompanionClientConnectionService: onAvailableCallEndpointsChanged TC@28_1: (...->CSW.hCCC->ICFG.sF->ICFG.sF->ICFG.sF->ICFG.sF->ICFG.sF->CARC.pM_UPDATE_SYSTEM_AUDIO_ROUTE)->CS.oACEC->H.CS.cASC(cgws/cast/cast)@E-E-E-DD8
06-30 01:35:26.309  2109  2109 I TelecomFramework: CompanionClientConnectionService: onCallEndpointChanged TC@28_1 [CallEndpoint Name: Speaker, Type: SPEAKER, Identifier: d5390fb2-b792-42f7-926e-17c2d00fb222]: (...->CSW.hCCC->ICFG.sF->ICFG.sF->ICFG.sF->ICFG.sF->ICFG.sF->CARC.pM_UPDATE_SYSTEM_AUDIO_ROUTE)->CS.oCEC->H.CS.cASC(cgws/cast/cast)@E-E-E-DD8
06-30 01:35:26.323  1719  2354 I Telecom : CallAudioRouteController: Message received: ON_CALL_ADDED=5001, arg1=0: (...->CS.crCo->H.CS.crCo->H.CS.crCo.pICR)->CSW.hCCC->ICFG.sF->ICFG.sF->ICFG.sF->ICFG.sF->ICFG.sF->CARC.pM_ON_CALL_ADDED(cgws/cast)@E-E-DD8
06-30 01:35:26.323  2109  2109 I TelecomFramework: CompanionClientConnectionService: onMuteStateChanged TC@28_1 false: (...->CSW.hCCC->ICFG.sF->ICFG.sF->ICFG.sF->ICFG.sF->ICFG.sF->CARC.pM_UPDATE_SYSTEM_AUDIO_ROUTE)->CS.oMSC->H.CS.cASC(cgws/cast/cast)@E-E-E-DD8
06-30 01:35:26.324  1719  2354 I Telecom : CallAudioRouteController: Message received: SWITCH_FOCUS=4001, arg1=3: (...->CS.crCo->H.CS.crCo->H.CS.crCo.pICR)->CSW.hCCC->ICFG.sF->ICFG.sF->ICFG.sF->ICFG.sF->ICFG.sF->CAMSM.pM_2002->CARC.pM_SWITCH_FOCUS(cgws/cast)@E-E-DD8
06-30 01:35:26.325  1719  3621 I Telecom : InCallController: Sending updateCall [Call id=TC@28, state=RINGING, tpac=ComponentInfo{com.google.wear.services/com.google.wear.services.calling.client.CompanionClientConnectionService}, ***, UserHandle{0}, cmgr=ComponentInfo{com.google.wear.services/com.google.wear.services.calling.client.CompanionClientConnectionService}, ***, UserHandle{0}, handle=tel:*************, vidst=A, childs(0), has_parent(false), cap=[ sup_hld mut rsp_by_con], prop=[]], voip=false: CSW.pE(cgws)@DEs
06-30 01:35:26.330  1719  2354 I Telecom : CallAudioRouteController: handleSwitchFocus: focus (3): (...->CS.crCo->H.CS.crCo->H.CS.crCo.pICR)->CSW.hCCC->ICFG.sF->ICFG.sF->ICFG.sF->ICFG.sF->ICFG.sF->CAMSM.pM_2002->CARC.pM_SWITCH_FOCUS(cgws/cast)@E-E-DD8
06-30 01:35:26.330  1719  2354 I Telecom : CallAudioRouteController: getBaseRoute: preferred audio route is not reported by AudioManager; telecom to determine: (...->CS.crCo->H.CS.crCo->H.CS.crCo.pICR)->CSW.hCCC->ICFG.sF->ICFG.sF->ICFG.sF->ICFG.sF->ICFG.sF->CAMSM.pM_2002->CARC.pM_SWITCH_FOCUS(cgws/cast)@E-E-DD8
06-30 01:35:26.334  2109  2109 I TelecomFramework: CompanionClientConnectionService: onAudioStateChanged TC@28_1 [AudioState isMuted: false, route: SPEAKER, supportedRouteMask: SPEAKER, activeBluetoothDevice: [null], supportedBluetoothDevices: []]: (...->CSW.hCCC->ICFG.sF->ICFG.sF->ICFG.sF->ICFG.sF->ICFG.sF->CARC.pM_UPDATE_SYSTEM_AUDIO_ROUTE)->CS.cASC->H.CS.cASC(cgws/cast/cast)@E-E-E-DD8
06-30 01:35:26.339  1719  3726 D WindowManager: setClientSurface Surface(name=VRI-Splash Screen com.google.android.dialer#558)/@0x7a50749 for 8f3e076 Splash Screen com.google.android.dialer
06-30 01:35:26.371  1719  1719 W Looper  : Drained
06-30 01:35:26.399  1719 16252 W ActivityManager: Slow operation: 60ms so far, now at startProcess: done starting proc!
06-30 01:35:26.402  1719 16252 W ContentProviderHelper: Slow operation: 66ms so far, now at getContentProviderImpl: after start process
06-30 01:35:26.402  1719 16252 W ContentProviderHelper: Slow operation: 67ms so far, now at getContentProviderImpl: updating data structures
06-30 01:35:26.403  1719 16252 W ContentProviderHelper: Slow operation: 68ms so far, now at getContentProviderImpl: done!
06-30 01:35:26.404  1719  3621 I Telecom : InCallController: Components updated: [ComponentInfo{com.google.android.wearable.pixel.pdms/com.google.android.wearable.pixel.pdms.features.raisetotalk.incallservice.RaiseToTalkInCallService}, ComponentInfo{android/com.android.ecm.EnhancedConfirmationCallTrackerService}, ComponentInfo{com.google.android.bluetooth/com.android.bluetooth.telephony.BluetoothInCallService}, ComponentInfo{com.google.android.apps.scone/com.google.android.apps.scone.coex.StateService}, ComponentInfo{android/android.net.ConnectivityCallListenerService}, ComponentInfo{com.google.wear.services/com.google.wear.services.calling.client.WearInCallService}, ComponentInfo{com.google.android.dialer/com.google.android.wearable.googledialer.incall.incallservice.InCallServiceImpl}]: CSW.pE(cgws)@DEs
06-30 01:35:26.409  1719  2354 I Telecom : CallAudioRouteController: skipEarpiece for video call?false: (...->CS.crCo->H.CS.crCo->H.CS.crCo.pICR)->CSW.hCCC->ICFG.sF->ICFG.sF->ICFG.sF->ICFG.sF->ICFG.sF->CAMSM.pM_2002->CARC.pM_SWITCH_FOCUS(cgws/cast)@E-E-DD8
06-30 01:35:26.424  1719  2354 I Telecom : CallAudioRouteController: Routing to a non-watch device - null: (...->CS.crCo->H.CS.crCo->H.CS.crCo.pICR)->CSW.hCCC->ICFG.sF->ICFG.sF->ICFG.sF->ICFG.sF->ICFG.sF->CAMSM.pM_2002->CARC.pM_SWITCH_FOCUS(cgws/cast)@E-E-DD8
06-30 01:35:26.424  1719  2354 I Telecom : CallAudioRouteController: getPreferredAudioRouteFromDefault: Audio routing defaulting to available non-BT route.: (...->CS.crCo->H.CS.crCo->H.CS.crCo.pICR)->CSW.hCCC->ICFG.sF->ICFG.sF->ICFG.sF->ICFG.sF->ICFG.sF->CAMSM.pM_2002->CARC.pM_SWITCH_FOCUS(cgws/cast)@E-E-DD8
06-30 01:35:26.425  1719  2354 I Telecom : CallAudioRouteController: getBaseRoute - audio routing to AudioRoute[Type=TYPE_SPEAKER, Address=invalid, HA Pair Device=invalid]: (...->CS.crCo->H.CS.crCo->H.CS.crCo.pICR)->CSW.hCCC->ICFG.sF->ICFG.sF->ICFG.sF->ICFG.sF->ICFG.sF->CAMSM.pM_2002->CARC.pM_SWITCH_FOCUS(cgws/cast)@E-E-DD8
06-30 01:35:26.425  1719  2354 I Telecom : CallAudioRouteController: Evaluating BT disconnect: isScoConnected=false, isOriginDisconnected=false: (...->CS.crCo->H.CS.crCo->H.CS.crCo.pICR)->CSW.hCCC->ICFG.sF->ICFG.sF->ICFG.sF->ICFG.sF->ICFG.sF->CAMSM.pM_2002->CARC.pM_SWITCH_FOCUS(cgws/cast)@E-E-DD8
06-30 01:35:26.425  1719  2354 I Telecom : CallAudioRouteController: Override current pending route from AudioRoute[Type=TYPE_SPEAKER, Address=invalid, HA Pair Device=invalid](active=false) to AudioRoute[Type=TYPE_SPEAKER, Address=invalid, HA Pair Device=invalid](active=true). isOriginAlreadyDisconnected=[false]: (...->CS.crCo->H.CS.crCo->H.CS.crCo.pICR)->CSW.hCCC->ICFG.sF->ICFG.sF->ICFG.sF->ICFG.sF->ICFG.sF->CAMSM.pM_2002->CARC.pM_SWITCH_FOCUS(cgws/cast)@E-E-DD8
06-30 01:35:26.425  1719  3621 I Telecom : InCallController: Sending updateCall [Call id=TC@28, state=RINGING, tpac=ComponentInfo{com.google.wear.services/com.google.wear.services.calling.client.CompanionClientConnectionService}, ***, UserHandle{0}, cmgr=ComponentInfo{com.google.wear.services/com.google.wear.services.calling.client.CompanionClientConnectionService}, ***, UserHandle{0}, handle=tel:*************, vidst=A, childs(0), has_parent(false), cap=[ sup_hld mut rsp_by_con], prop=[]], voip=false: CSW.pE(cgws)@DE4
06-30 01:35:26.425  1719  2354 I Telecom : AudioRoute: onOrigRouteAsPendingRoute: wasActive (false), type (TYPE_SPEAKER), pending(PendingAudioRoute{, mOrigRoute=AudioRoute[Type=TYPE_SPEAKER, Address=invalid, HA Pair Device=invalid], mDestRoute=AudioRoute[Type=TYPE_SPEAKER, Address=invalid, HA Pair Device=invalid], mActive=true, mCommunicationDeviceType=0}),isScoAlreadyConnected(false): (...->CS.crCo->H.CS.crCo->H.CS.crCo.pICR)->CSW.hCCC->ICFG.sF->ICFG.sF->ICFG.sF->ICFG.sF->ICFG.sF->CAMSM.pM_2002->CARC.pM_SWITCH_FOCUS(cgws/cast)@E-E-DD8
06-30 01:35:26.425  1719  2354 I Telecom : AudioRoute: onDestRouteAsPendingRoute: active (true), type (TYPE_SPEAKER), isScoAlreadyConnected(false): (...->CS.crCo->H.CS.crCo->H.CS.crCo.pICR)->CSW.hCCC->ICFG.sF->ICFG.sF->ICFG.sF->ICFG.sF->ICFG.sF->CAMSM.pM_2002->CARC.pM_SWITCH_FOCUS(cgws/cast)@E-E-DD8
06-30 01:35:26.438  1719  1761 W ActivityManager: Slow operation: 72ms so far, now at startProcess: returned from zygote!
06-30 01:35:26.439  1719  1761 W ActivityManager: Slow operation: 73ms so far, now at startProcess: done updating battery stats
06-30 01:35:26.440  1719  3621 I Telecom : InCallController: Components updated: [ComponentInfo{com.google.android.wearable.pixel.pdms/com.google.android.wearable.pixel.pdms.features.raisetotalk.incallservice.RaiseToTalkInCallService}, ComponentInfo{android/com.android.ecm.EnhancedConfirmationCallTrackerService}, ComponentInfo{com.google.android.bluetooth/com.android.bluetooth.telephony.BluetoothInCallService}, ComponentInfo{com.google.android.apps.scone/com.google.android.apps.scone.coex.StateService}, ComponentInfo{android/android.net.ConnectivityCallListenerService}, ComponentInfo{com.google.wear.services/com.google.wear.services.calling.client.WearInCallService}, ComponentInfo{com.google.android.dialer/com.google.android.wearable.googledialer.incall.incallservice.InCallServiceImpl}]: CSW.pE(cgws)@DE4
06-30 01:35:26.442  1719  2084 I Telecom : InCallController: Sending updateCall [Call id=TC@28, state=RINGING, tpac=ComponentInfo{com.google.wear.services/com.google.wear.services.calling.client.CompanionClientConnectionService}, ***, UserHandle{0}, cmgr=ComponentInfo{com.google.wear.services/com.google.wear.services.calling.client.CompanionClientConnectionService}, ***, UserHandle{0}, handle=tel:*************, vidst=A, childs(0), has_parent(false), cap=[ sup_hld mut rsp_by_con], prop=[]], voip=false: CSW.pE(cgws)@DE8
06-30 01:35:26.444  1719  1761 W ActivityManager: Slow operation: 78ms so far, now at startProcess: building log message
06-30 01:35:26.444  1719  1761 I ActivityManager: Start proc 16255:android.process.acore/u0a44 for content provider {com.android.providers.contacts/com.android.providers.contacts.ContactsProvider2}
06-30 01:35:26.444  1719  1761 W ActivityManager: Slow operation: 78ms so far, now at startProcess: starting to update pids map
06-30 01:35:26.449  1719  2354 I Telecom : AudioRoute: onDestRouteAsPendingRoute: route=AudioRoute[Type=TYPE_SPEAKER, Address=invalid, HA Pair Device=invalid], AudioManager#setCommunicationDevice(speaker)=true: (...->CS.crCo->H.CS.crCo->H.CS.crCo.pICR)->CSW.hCCC->ICFG.sF->ICFG.sF->ICFG.sF->ICFG.sF->ICFG.sF->CAMSM.pM_2002->CARC.pM_SWITCH_FOCUS(cgws/cast)@E-E-DD8
06-30 01:35:26.450  1719  2354 I Telecom : CallAudioRouteController: maybeClearPendingMessage: Clearing all BT_AUDIO_CONNECTED pending messages.: (...->CS.crCo->H.CS.crCo->H.CS.crCo.pICR)->CSW.hCCC->ICFG.sF->ICFG.sF->ICFG.sF->ICFG.sF->ICFG.sF->CAMSM.pM_2002->CARC.pM_SWITCH_FOCUS(cgws/cast)@E-E-DD8
06-30 01:35:26.451  1719  2354 I Telecom : CallAudioRouteController: Message received: EXIT_PENDING_ROUTE=10001, arg1=0: (...->CS.crCo->H.CS.crCo->H.CS.crCo.pICR)->CSW.hCCC->ICFG.sF->ICFG.sF->ICFG.sF->ICFG.sF->ICFG.sF->CAMSM.pM_2002->CARC.pM_SWITCH_FOCUS->CARC.pM_EXIT_PENDING_ROUTE(cgws/cast)@E-E-DD8
06-30 01:35:26.452  1719  2354 I Telecom : Event: RecordEntry TC@28: AUDIO_ROUTE, Entering audio route: AudioRoute[Type=TYPE_SPEAKER, Address=invalid, HA Pair Device=invalid] (active=true): (...->CS.crCo->H.CS.crCo->H.CS.crCo.pICR)->CSW.hCCC->ICFG.sF->ICFG.sF->ICFG.sF->ICFG.sF->ICFG.sF->CAMSM.pM_2002->CARC.pM_SWITCH_FOCUS->CARC.pM_EXIT_PENDING_ROUTE(cgws/cast)@E-E-DD8
06-30 01:35:26.459  2285  3863 V WindowManagerShell: onTransitionReady(transaction=7383048791462)
06-30 01:35:26.462  2285  2373 V WindowManagerShell: onTransitionReady (#281) android.os.BinderProxy@275d171: {id=281 t=OPEN f=0x0 trk=0 r=[0@Point(0, 0)] c=[
06-30 01:35:26.462  2285  2373 V WindowManagerShell:         {m=TO_FRONT f=MOVE_TO_TOP|FLAG_CHANGED_INTERACTIVE leash=Surface(name=Task=433#440)/@0x79a148c sb=Rect(0, 0 - 384, 384) eb=Rect(0, 0 - 384, 384) epz=Point(384, 384) d=0 taskParent=-1 winMode=1 userId=0},
06-30 01:35:26.462  2285  2373 V WindowManagerShell:         {m=TO_BACK f=FLAG_CHANGED_INTERACTIVE leash=Surface(name=Task=435#512)/@0xf2597d5 sb=Rect(0, 0 - 384, 384) eb=Rect(0, 0 - 384, 384) epz=Point(384, 384) d=0 taskParent=-1 winMode=1 userId=0}
06-30 01:35:26.462  2285  2373 V WindowManagerShell:     ]}
06-30 01:35:26.462  2285  2373 V WindowManagerShell: Playing animation for (#281) android.os.BinderProxy@275d171@0
06-30 01:35:26.462  2285  2373 V WindowManagerShell:  try firstHandler com.google.android.clockwork.systemui.transition.shelltransition.WearMixedTransitionHandler@30ac255
06-30 01:35:26.470  1719  1761 W ActivityManager: Slow operation: 104ms so far, now at startProcess: done updating pids map
06-30 01:35:26.474  1719  2084 I Telecom : InCallController: Components updated: [ComponentInfo{com.google.android.wearable.pixel.pdms/com.google.android.wearable.pixel.pdms.features.raisetotalk.incallservice.RaiseToTalkInCallService}, ComponentInfo{android/com.android.ecm.EnhancedConfirmationCallTrackerService}, ComponentInfo{com.google.android.bluetooth/com.android.bluetooth.telephony.BluetoothInCallService}, ComponentInfo{com.google.android.apps.scone/com.google.android.apps.scone.coex.StateService}, ComponentInfo{android/android.net.ConnectivityCallListenerService}, ComponentInfo{com.google.wear.services/com.google.wear.services.calling.client.WearInCallService}, ComponentInfo{com.google.android.dialer/com.google.android.wearable.googledialer.incall.incallservice.InCallServiceImpl}]: CSW.pE(cgws)@DE8
06-30 01:35:26.476  1719  3726 D WindowManager: setClientSurface Surface(name=VRI-com.google.android.dialer/com.google.android.wearable.googledialer.incall.incallscreen.impl.ui.InCallActivity#559)/@0x7c154b9 for 3dea5a6 com.google.android.dialer/com.google.android.wearable.googledialer.incall.incallscreen.impl.ui.InCallActivity
06-30 01:35:26.479  2285  2373 V WindowManagerShell:  animated by firstHandler
06-30 01:35:26.507  1719  1746 V WindowManager: Sent Transition (#281) createdAt=06-30 01:35:26.229 via request=TransitionRequestInfo { type = OPEN, triggerTask = TaskInfo{userId=0 taskId=433 effectiveUid=10072 displayId=0 isRunning=true baseIntent=Intent { flg=0x34840000 cmp=com.google.android.dialer/com.google.android.wearable.googledialer.incall.incallscreen.impl.ui.InCallActivity } baseActivity=ComponentInfo{com.google.android.dialer/com.google.android.wearable.googledialer.incall.incallscreen.impl.ui.InCallActivity} topActivity=ComponentInfo{com.google.android.dialer/com.google.android.wearable.googledialer.incall.incallscreen.impl.ui.InCallActivity} origActivity=null realActivity=ComponentInfo{com.google.android.dialer/com.google.android.wearable.googledialer.incall.incallscreen.impl.ui.InCallActivity} realActivityIsAppLockEnabled=false numActivities=1 lastActiveTime=45866335 supportsMultiWindow=false supportsMultiWindowWithoutConstraints=false resizeMode=1 isResizeable=true minWidth=-1 minHeight=-1 defaultMinSize=220 token=WCT{RemoteToken{38079eb Task{697bd5d #433 type=standard I=com.google.android.dialer/com.google.android.wearable.googledialer.incall.incallscreen.impl.ui.InCallActivity}}} topActivityType=1 pictureInPictureParams=null shouldDockBigOverlays=false launchIntoPipHostTaskId=-1 lastParentTaskIdBeforePip=-1 displayCutoutSafeInsets=Rect(0, 0 - 0, 0) topActivityInfo=ActivityInfo{99bb348 com.google.android.wearable.googledialer.incall.incallscreen.impl.ui.InCallActivity} launchCookies=[] positionInParent=Point(0, 0) parentTaskId=-1 isFocused=false isInteractive=false isVisible=false isVisibleRequested=false isTopActivityNoDisplay=false isSleeping=false locusId=null displayAreaFeatureId=1 isTopActivityTransparent=false isActivityStackTransparent=false lastNonFullscreenBounds=Rect(54, 54 - 330, 330) leafTaskBoundsFromOptions= false capturedLink=null capturedLinkTimestamp=0 requestedVisibleTypes=503 topActivityRequestOpenInBrowserEducationTimestamp=0 appCompatTaskInfo=AppCompatTaskInfo { topActivityInSizeCompat=false isLeafTask= true eligibleForLetterboxEducation= false isLetterboxEducationEnabled= false isLetterboxDoubleTapEnabled= false eligibleForUserAspectRatioButton= false topActivityBoundsLetterboxed= false isFromLetterboxDoubleTap= false topActivityLetterboxVerticalPosition= -1 topActivityLetterboxHorizontalPosition= -1 topActivityLetterboxWidth=-1 topActivityLetterboxHeight=-1 topActivityAppBounds=Rect(0, 0 - 384, 384) isUserFullscreenOverrideEnabled=false isSystemFullscreenOverrideEnabled=false hasMinAspectRatioOverride=false topActivityLetterboxBounds=null topNonResizableActivityAspectRatio=-1.0} topActivityMainWindowFrame=null isAppBubble=false}, pipChange = null, remoteTransitionInfo = null, displayChanges = null, requestedLocation = null, userChange = null, windowingLayerChange = null, fullscreenRequestChange = null, flags = 0, debugId = 281 }
06-30 01:35:26.507  1719  1746 V WindowManager:     startWCT=WindowContainerTransaction { changes= {} hops= [] flags= 0 errorCallbackToken=null taskFragmentOrganizer=null }
06-30 01:35:26.508  1719  1746 V WindowManager:     info={id=281 t=OPEN f=0x0 trk=0 r=[0@Point(0, 0)] c=[
06-30 01:35:26.508  1719  1746 V WindowManager:         {WCT{RemoteToken{38079eb Task{697bd5d #433 type=standard I=com.google.android.dialer/com.google.android.wearable.googledialer.incall.incallscreen.impl.ui.InCallActivity}}} m=TO_FRONT f=MOVE_TO_TOP|FLAG_CHANGED_INTERACTIVE leash=Surface(name=Task=433#440)/@0xadc1aa9 sb=Rect(0, 0 - 384, 384) eb=Rect(0, 0 - 384, 384) epz=Point(384, 384) d=0 taskParent=-1 winMode=1 userId=0},
06-30 01:35:26.508  1719  1746 V WindowManager:         {WCT{RemoteToken{6ce134d Task{aa5a2f0 #435 type=standard A=1000:.MainSettingsActivity}}} m=TO_BACK f=FLAG_CHANGED_INTERACTIVE leash=Surface(name=Task=435#512)/@0x5ee0b9b sb=Rect(0, 0 - 384, 384) eb=Rect(0, 0 - 384, 384) epz=Point(384, 384) d=0 taskParent=-1 winMode=1 userId=0}
06-30 01:35:26.508  1719  1746 V WindowManager:     ]}
06-30 01:35:26.536  1719  2354 I Telecom : CallAudioRouteController: updateCallAudioState: updating call audio state to [AudioState isMuted: false, route: SPEAKER, supportedRouteMask: SPEAKER, activeBluetoothDevice: [null], supportedBluetoothDevices: []]: (...->CS.crCo->H.CS.crCo->H.CS.crCo.pICR)->CSW.hCCC->ICFG.sF->ICFG.sF->ICFG.sF->ICFG.sF->ICFG.sF->CAMSM.pM_2002->CARC.pM_SWITCH_FOCUS->CARC.pM_EXIT_PENDING_ROUTE(cgws/cast)@E-E-DD8
06-30 01:35:26.537  1719  2354 I Telecom : InCallController: Calling onAudioStateChanged, audioState: [AudioState isMuted: false, route: SPEAKER, supportedRouteMask: SPEAKER, activeBluetoothDevice: [null], supportedBluetoothDevices: []] -> [AudioState isMuted: false, route: SPEAKER, supportedRouteMask: SPEAKER, activeBluetoothDevice: [null], supportedBluetoothDevices: []]: (...->CS.crCo->H.CS.crCo->H.CS.crCo.pICR)->CSW.hCCC->ICFG.sF->ICFG.sF->ICFG.sF->ICFG.sF->ICFG.sF->CAMSM.pM_2002->CARC.pM_SWITCH_FOCUS->CARC.pM_EXIT_PENDING_ROUTE(cgws/cast)@E-E-DD8
06-30 01:35:26.543  1719  2354 I Telecom : CallEndpointController: onCallAudioStateChanged, audioState: [AudioState isMuted: false, route: SPEAKER, supportedRouteMask: SPEAKER, activeBluetoothDevice: [null], supportedBluetoothDevices: []] -> [AudioState isMuted: false, route: SPEAKER, supportedRouteMask: SPEAKER, activeBluetoothDevice: [null], supportedBluetoothDevices: []]: (...->CS.crCo->H.CS.crCo->H.CS.crCo.pICR)->CSW.hCCC->ICFG.sF->ICFG.sF->ICFG.sF->ICFG.sF->ICFG.sF->CAMSM.pM_2002->CARC.pM_SWITCH_FOCUS->CARC.pM_EXIT_PENDING_ROUTE(cgws/cast)@E-E-DD8
06-30 01:35:26.543  1719  2354 I Telecom : InCallController: Calling onAvailableCallEndpointsChanged: (...->CS.crCo->H.CS.crCo->H.CS.crCo.pICR)->CSW.hCCC->ICFG.sF->ICFG.sF->ICFG.sF->ICFG.sF->ICFG.sF->CAMSM.pM_2002->CARC.pM_SWITCH_FOCUS->CARC.pM_EXIT_PENDING_ROUTE(cgws/cast)@E-E-DD8
06-30 01:35:26.552  1719  1933 I ImeTracker: com.google.android.dialer:d0b162ae: onRequestHide at ORIGIN_SERVER reason HIDE_UNSPECIFIED_WINDOW fromUser false userId 0 displayId 0
06-30 01:35:26.554  1719  2354 I Telecom : InCallController: Calling onCallEndpointChanged: (...->CS.crCo->H.CS.crCo->H.CS.crCo.pICR)->CSW.hCCC->ICFG.sF->ICFG.sF->ICFG.sF->ICFG.sF->ICFG.sF->CAMSM.pM_2002->CARC.pM_SWITCH_FOCUS->CARC.pM_EXIT_PENDING_ROUTE(cgws/cast)@E-E-DD8
06-30 01:35:26.555  2109  2109 I TelecomFramework: CompanionClientConnectionService: onAvailableCallEndpointsChanged TC@28_1: (...->CSW.hCCC->ICFG.sF->ICFG.sF->ICFG.sF->ICFG.sF->ICFG.sF->CAMSM.pM_2002->CARC.pM_SWITCH_FOCUS->CARC.pM_EXIT_PENDING_ROUTE)->CS.oACEC->H.CS.cASC(cgws/cast/cast)@E-E-E-DD8
06-30 01:35:26.556 11188 11188 D InsetsController: hide(ime())
06-30 01:35:26.556 11188 11188 I ImeTracker: com.google.android.dialer:d0b162ae: onCancelled at PHASE_CLIENT_ALREADY_HIDDEN
06-30 01:35:26.564  1719  2354 I Telecom : InCallController: Calling onMuteStateChanged: (...->CS.crCo->H.CS.crCo->H.CS.crCo.pICR)->CSW.hCCC->ICFG.sF->ICFG.sF->ICFG.sF->ICFG.sF->ICFG.sF->CAMSM.pM_2002->CARC.pM_SWITCH_FOCUS->CARC.pM_EXIT_PENDING_ROUTE(cgws/cast)@E-E-DD8
06-30 01:35:26.602  2109  2109 I TelecomFramework: CompanionClientConnectionService: onCallEndpointChanged TC@28_1 [CallEndpoint Name: Speaker, Type: SPEAKER, Identifier: d5390fb2-b792-42f7-926e-17c2d00fb222]: (...->CSW.hCCC->ICFG.sF->ICFG.sF->ICFG.sF->ICFG.sF->ICFG.sF->CAMSM.pM_2002->CARC.pM_SWITCH_FOCUS->CARC.pM_EXIT_PENDING_ROUTE)->CS.oCEC->H.CS.cASC(cgws/cast/cast)@E-E-E-DD8
06-30 01:35:26.603  2109  2109 I TelecomFramework: CompanionClientConnectionService: onMuteStateChanged TC@28_1 false: (...->CSW.hCCC->ICFG.sF->ICFG.sF->ICFG.sF->ICFG.sF->ICFG.sF->CAMSM.pM_2002->CARC.pM_SWITCH_FOCUS->CARC.pM_EXIT_PENDING_ROUTE)->CS.oMSC->H.CS.cASC(cgws/cast/cast)@E-E-E-DD8
06-30 01:35:26.604  2109  2109 I TelecomFramework: CompanionClientConnectionService: onAudioStateChanged TC@28_1 [AudioState isMuted: false, route: SPEAKER, supportedRouteMask: SPEAKER, activeBluetoothDevice: [null], supportedBluetoothDevices: []]: (...->CSW.hCCC->ICFG.sF->ICFG.sF->ICFG.sF->ICFG.sF->ICFG.sF->CAMSM.pM_2002->CARC.pM_SWITCH_FOCUS->CARC.pM_EXIT_PENDING_ROUTE)->CS.cASC->H.CS.cASC(cgws/cast/cast)@E-E-E-DD8
06-30 01:35:26.726  1719  1993 I AS.AudioService: onUpdateContextualVolumes: absolute volume driving streams 0 avrcp supported: false
06-30 01:35:26.769  1719  1993 V AS.AudioService: No absolute volume devices
06-30 01:35:26.788  1719  1990 I EventLogger: removeClient: null -> []
06-30 01:35:26.789  1719  5378 I Telecom : AudioModeTracker: onModeChanged: MODE_NORMAL -> MODE_RINGTONE: AMT.oMC@DFE
06-30 01:35:26.792  1719  1990 I EventLogger: addClient: [RouteClient: 1000(com.android.server.telecom) mDevice: Optional[AudioDeviceAttributes: role:output type:speaker addr: name:Google Pixel Watch 2 profiles:[{ENCODING_PCM_16BIT, sampling rates=[48000], channel masks=0x0C, encapsulation type=0}] descriptors:[]] mIsPrivileged: true mStreamActive: true mDisabled: false] -> [1000(telec)|spe_|a|e:]
06-30 01:35:26.884  2285  2373 V WindowManagerShell: Transition animation finished (aborted=false), notifying core (#281) android.os.BinderProxy@275d171@0
06-30 01:35:26.892  1719  1990 I EventLogger: setModeOwnerToken: android.os.Binder@b1bcd18 -> [1000(telec)|spe_|a|e:o]
06-30 01:35:26.909  1719  1746 V WindowManager: Finish Transition (#281): created at 06-30 01:35:26.229 collect-started=0.101ms request-sent=5.855ms started=28.875ms ready=28.846ms sent=184.021ms commit=89.657ms finished=674.391ms
06-30 01:35:26.919  2285  2373 V WindowManagerShell: Track 0 became idle
06-30 01:35:26.919  2285  2373 V WindowManagerShell: All active transition animations finished
06-30 01:35:26.978  1719  1756 D CoreBackPreview: Window{7aa326 u0 com.google.android.apps.wearable.settings/com.google.android.clockwork.settings.MainSettingsActivity}: Setting back callback OnBackInvokedCallbackInfo{mCallback=android.window.IOnBackInvokedCallback$Stub$Proxy@fa72ff8, mPriority=-1, mIsAnimationCallback=false, mOverrideBehavior=0}
06-30 01:35:27.026  1719 16251 I Telecom : AsyncRingtonePlayer: setRingtone: ringtone null=false: (...->CS.crCo->H.CS.crCo->H.CS.crCo.pICR)->CSW.hCCC->ICFG.sF->ICFG.sF->ICFG.sF->ICFG.sF->ICFG.sF->CAMSM.pM_2002->ARP.hPE(cgws/cast)@E-E-DD8
06-30 01:35:27.027  1719 16251 I Telecom : AsyncRingtonePlayer: handlePlay: Play ringtone. Uri: content://media/...: (...->CS.crCo->H.CS.crCo->H.CS.crCo.pICR)->CSW.hCCC->ICFG.sF->ICFG.sF->ICFG.sF->ICFG.sF->ICFG.sF->CAMSM.pM_2002->ARP.hPE(cgws/cast)@E-E-DD8
06-30 01:35:27.053  1719 16251 I Telecom : AsyncRingtonePlayer: Play ringtone, looping (mRingtone).: (...->CS.crCo->H.CS.crCo->H.CS.crCo.pICR)->CSW.hCCC->ICFG.sF->ICFG.sF->ICFG.sF->ICFG.sF->ICFG.sF->CAMSM.pM_2002->ARP.hPE(cgws/cast)@E-E-DD8
06-30 01:35:27.059  1719 16251 I Telecom : Event: RecordEntry TC@28: START_VIBRATOR, hasVibrator=true, userRequestsVibrate=true, ringerMode=2, isVibrating=false: (...->CS.crCo->H.CS.crCo->H.CS.crCo.pICR)->CSW.hCCC->ICFG.sF->ICFG.sF->ICFG.sF->ICFG.sF->ICFG.sF->CAMSM.pM_2002->ARP.hPE(cgws/cast)@E-E-DD8
06-30 01:35:27.060  1719 16251 I Telecom : Ringer: start vibration.: (...->CS.crCo->H.CS.crCo->H.CS.crCo.pICR)->CSW.hCCC->ICFG.sF->ICFG.sF->ICFG.sF->ICFG.sF->ICFG.sF->CAMSM.pM_2002->ARP.hPE(cgws/cast)@E-E-DD8
06-30 01:35:27.394  1719  1993 I AS.AudioService: onUpdateContextualVolumes: absolute volume driving streams 0 avrcp supported: false
06-30 01:35:27.397  1719  1993 V AS.AudioService: No absolute volume devices
06-30 01:35:27.913  1719  1719 V NotificationHistory: Attempted to add notif for locked/gone/disabled user 0
06-30 01:35:28.510  1719  2003 I AdbWifiNetworkMonitor: Wi-Fi network available
06-30 01:35:28.511  1719  2003 I AdbWifiNetworkMonitor: Received the same Wi-Fi SSID. Ignoring.
06-30 01:35:32.163 15640 15742 D ActivityThread: Too many transaction errors, throttling transaction error callback.
06-30 01:35:32.166  2109 16102 W ContextImpl: Calling a method in the system process without a qualified user: android.app.ContextImpl.bindService:2168 android.content.ContextWrapper.bindService:906 com.google.android.gms.wearable.zzz.dispatchMessageTraced:45 com.google.android.gms.libs.punchclock.threads.TracingHandler.dispatchMessage:0 android.os.Looper.loopOnce:296 
06-30 01:35:32.169  1719  3674 I Telecom : : Silence Ringer requested by com.google.wear.services: TSI.sR(cgws)@DFw
06-30 01:35:32.169  1719  3674 I Telecom : Call: Send silence to connection service for call [Call id=TC@28, state=RINGING, tpac=ComponentInfo{com.google.wear.services/com.google.wear.services.calling.client.CompanionClientConnectionService}, ***, UserHandle{0}, cmgr=ComponentInfo{com.google.wear.services/com.google.wear.services.calling.client.CompanionClientConnectionService}, ***, UserHandle{0}, handle=tel:*************, vidst=A, childs(0), has_parent(false), cap=[ sup_hld mut rsp_by_con], prop=[]], voip=false: TSI.sR(cgws)@DFw
06-30 01:35:32.170  1719  3674 I Telecom : Event: RecordEntry TC@28: SILENCE, null: TSI.sR(cgws)@DFw
06-30 01:35:32.178  1719  3674 I Telecom : Event: RecordEntry TC@28: FLASH_NOTIFICATION_STOP, null: TSI.sR(cgws)@DFw
06-30 01:35:32.178  2109  2109 I TelecomFramework: CompanionClientConnectionService: silence TC@28_1: (TSI.sR)->CS.s->H.CS.s(cgws/cast)@E-DFw
06-30 01:35:32.178  1719  3674 I Telecom : Event: RecordEntry TC@28: STOP_RINGER, null: TSI.sR(cgws)@DFw
06-30 01:35:32.178  1719 16251 I Telecom : AsyncRingtonePlayer: [ExecutorLogic] Stop ringtone task executing.: ARP.hPE(cgws/cast)@1
06-30 01:35:32.178  1719  3674 I Telecom : Event: RecordEntry TC@28: STOP_VIBRATOR, null: TSI.sR(cgws)@DFw
06-30 01:35:32.178  1719 16251 I Telecom : AsyncRingtonePlayer: setRingtone: ringtone null=true: ARP.hPE(cgws/cast)@1
06-30 01:35:32.181  1719  3060 I Telecom : : Silence Ringer requested by com.google.wear.services: TSI.sR(cgws)@DF0
06-30 01:35:32.182  1719  3060 I Telecom : Call: Send silence to connection service for call [Call id=TC@28, state=RINGING, tpac=ComponentInfo{com.google.wear.services/com.google.wear.services.calling.client.CompanionClientConnectionService}, ***, UserHandle{0}, cmgr=ComponentInfo{com.google.wear.services/com.google.wear.services.calling.client.CompanionClientConnectionService}, ***, UserHandle{0}, handle=tel:*************, vidst=A, childs(0), has_parent(false), cap=[ sup_hld mut rsp_by_con], prop=[]], voip=false: TSI.sR(cgws)@DF0
06-30 01:35:32.183  1719  3060 I Telecom : Event: RecordEntry TC@28: SILENCE, null: TSI.sR(cgws)@DF0
06-30 01:35:32.183  1719  3060 I Telecom : Logging.Events: Non-call EVENT: FLASH_NOTIFICATION_STOP, null: TSI.sR(cgws)@DF0
06-30 01:35:32.185  1719  3674 I Telecom : Event: RecordEntry TC@28: CONNECTION_EVENT, request_ringer_silence_from_remote: CSW.oCE(cgws)@DF4
06-30 01:35:32.185  2109  2109 I TelecomFramework: CompanionClientConnectionService: silence TC@28_1: (TSI.sR)->CS.s->H.CS.s(cgws/cast)@E-DF0
06-30 01:35:32.186  1719  3674 I Telecom : InCallController: notifyConnectionEvent {Call: [Call id=TC@28, state=RINGING, tpac=ComponentInfo{com.google.wear.services/com.google.wear.services.calling.client.CompanionClientConnectionService}, ***, UserHandle{0}, cmgr=ComponentInfo{com.google.wear.services/com.google.wear.services.calling.client.CompanionClientConnectionService}, ***, UserHandle{0}, handle=tel:*************, vidst=A, childs(0), has_parent(false), cap=[ sup_hld mut rsp_by_con], prop=[]], voip=false, Event: request_ringer_silence_from_remote, Extras:[null]}: CSW.oCE(cgws)@DF4
06-30 01:35:32.187  1719  3674 I Telecom : InCallController: notifyConnectionEvent {Call: [Call id=TC@28, state=RINGING, tpac=ComponentInfo{com.google.wear.services/com.google.wear.services.calling.client.CompanionClientConnectionService}, ***, UserHandle{0}, cmgr=ComponentInfo{com.google.wear.services/com.google.wear.services.calling.client.CompanionClientConnectionService}, ***, UserHandle{0}, handle=tel:*************, vidst=A, childs(0), has_parent(false), cap=[ sup_hld mut rsp_by_con], prop=[]], voip=false, Event: request_ringer_silence_from_remote, Extras:[null]}: CSW.oCE(cgws)@DF4
06-30 01:35:32.188  1719  3674 I Telecom : InCallController: notifyConnectionEvent {Call: [Call id=TC@28, state=RINGING, tpac=ComponentInfo{com.google.wear.services/com.google.wear.services.calling.client.CompanionClientConnectionService}, ***, UserHandle{0}, cmgr=ComponentInfo{com.google.wear.services/com.google.wear.services.calling.client.CompanionClientConnectionService}, ***, UserHandle{0}, handle=tel:*************, vidst=A, childs(0), has_parent(false), cap=[ sup_hld mut rsp_by_con], prop=[]], voip=false, Event: request_ringer_silence_from_remote, Extras:[null]}: CSW.oCE(cgws)@DF4
06-30 01:35:32.191  1719  3674 I Telecom : InCallController: notifyConnectionEvent {Call: [Call id=TC@28, state=RINGING, tpac=ComponentInfo{com.google.wear.services/com.google.wear.services.calling.client.CompanionClientConnectionService}, ***, UserHandle{0}, cmgr=ComponentInfo{com.google.wear.services/com.google.wear.services.calling.client.CompanionClientConnectionService}, ***, UserHandle{0}, handle=tel:*************, vidst=A, childs(0), has_parent(false), cap=[ sup_hld mut rsp_by_con], prop=[]], voip=false, Event: request_ringer_silence_from_remote, Extras:[null]}: CSW.oCE(cgws)@DF4
06-30 01:35:32.193  1719  3674 I Telecom : InCallController: notifyConnectionEvent {Call: [Call id=TC@28, state=RINGING, tpac=ComponentInfo{com.google.wear.services/com.google.wear.services.calling.client.CompanionClientConnectionService}, ***, UserHandle{0}, cmgr=ComponentInfo{com.google.wear.services/com.google.wear.services.calling.client.CompanionClientConnectionService}, ***, UserHandle{0}, handle=tel:*************, vidst=A, childs(0), has_parent(false), cap=[ sup_hld mut rsp_by_con], prop=[]], voip=false, Event: request_ringer_silence_from_remote, Extras:[null]}: CSW.oCE(cgws)@DF4
06-30 01:35:32.194  1719  3674 I Telecom : InCallController: notifyConnectionEvent {Call: [Call id=TC@28, state=RINGING, tpac=ComponentInfo{com.google.wear.services/com.google.wear.services.calling.client.CompanionClientConnectionService}, ***, UserHandle{0}, cmgr=ComponentInfo{com.google.wear.services/com.google.wear.services.calling.client.CompanionClientConnectionService}, ***, UserHandle{0}, handle=tel:*************, vidst=A, childs(0), has_parent(false), cap=[ sup_hld mut rsp_by_con], prop=[]], voip=false, Event: request_ringer_silence_from_remote, Extras:[null]}: CSW.oCE(cgws)@DF4
06-30 01:35:32.195  1719  3674 I Telecom : InCallController: notifyConnectionEvent {Call: [Call id=TC@28, state=RINGING, tpac=ComponentInfo{com.google.wear.services/com.google.wear.services.calling.client.CompanionClientConnectionService}, ***, UserHandle{0}, cmgr=ComponentInfo{com.google.wear.services/com.google.wear.services.calling.client.CompanionClientConnectionService}, ***, UserHandle{0}, handle=tel:*************, vidst=A, childs(0), has_parent(false), cap=[ sup_hld mut rsp_by_con], prop=[]], voip=false, Event: request_ringer_silence_from_remote, Extras:[null]}: CSW.oCE(cgws)@DF4
06-30 01:35:33.373  1719  1914 D ActivityManager: freezing 15540 com.google.android.apps.walletnfcrel
06-30 01:35:35.175  1719  2084 I ActivityManager: Enqueued broadcast Intent { act=com.google.android.crossdeviceaccessservice.intent.action.ACTION_DEBUG_ANY_WATCH_NEARBY flg=0x400000 }: 0
06-30 01:35:35.279  1719  2084 W ActivityManager: Permission Denial: not allowed to send broadcast android.bluetooth.device.action.ACL_CONNECTED from pid=16300, uid=2000
06-30 01:35:37.943  1719  1768 W ProcessStats: Tracking association SourceState{926e324 system/1000 BFgs #16471} whose proc state 4 is better than process ProcessState{e22f7f0 com.google.android.wearable.watchface.rwf/10115 pkg=com.google.android.wearable.watchface.rwf} proc state 5 (46 skipped)
06-30 01:35:41.941  1719  1793 D HighBrightnessModeController: onAmbientLuxChange: 8.63/25000.0, IsHighLux: false
06-30 01:35:41.946  1719  1793 I DisplayPowerController[0]: BrightnessEvent: brt=0.0053(16.0%), nits=-1.0, lux=8.63, reason=automatic, strat=AutomaticBrightnessStrategy, state=ON, stateReason=DEFAULT_POLICY, policy=BRIGHT, flags=, initBrt=0.026532516, rcmdBrt=0.0053, preBrt=0.026532516, preLux=20.09875, lastReadLux=8.63, wasShortTermModelActive=false, autoBrightness=true (default), unclampedBrt=0.0053, hbmMax=0.6556, hbmMode=off, thrmMax=1.0, rbcStrength=50, powerFactor=0.5, physDisp=Built-in Screen(local:4630946367249729921), logicalId=0, slowChange=true, rampSpeed=0.0, colorTemp=NaN, thermalStatus=none
06-30 01:35:41.950  1719  1749 I BrightnessSynchronizer: [493] New Update 0.0053(f) set brightness values:  2(i)
06-30 01:35:41.950  1719  1749 I BrightnessSynchronizer: Swallowing update of 2(i) by update: {[493] 0.0053(f), mUpdatedTypes=1, mConfirmedTypes=1, mTimeUpdated=4302065}
06-30 01:35:41.951  1719  1749 I BrightnessSynchronizer: Completed Update: {[493] 0.0053(f), mUpdatedTypes=1, mConfirmedTypes=1, mTimeUpdated=4302065}
06-30 01:35:42.354  1719  1793 D HighBrightnessModeController: onAmbientLuxChange: 12.662462/25000.0, IsHighLux: false
06-30 01:35:42.357  1719  1793 I DisplayPowerController[0]: BrightnessEvent: brt=0.013106395(24.0%), nits=-1.0, lux=12.662462, reason=automatic, strat=AutomaticBrightnessStrategy, state=ON, stateReason=DEFAULT_POLICY, policy=BRIGHT, flags=, initBrt=0.0053, rcmdBrt=0.013106395, preBrt=0.0053, preLux=8.63, lastReadLux=14.648749, wasShortTermModelActive=false, autoBrightness=true (default), unclampedBrt=0.013106395, hbmMax=0.6556, hbmMode=off, thrmMax=1.0, rbcStrength=50, powerFactor=0.5, physDisp=Built-in Screen(local:4630946367249729921), logicalId=0, slowChange=true, rampSpeed=0.0, colorTemp=NaN, thermalStatus=none
06-30 01:35:42.360  1719  1749 I BrightnessSynchronizer: [494] New Update 0.013106395(f) set brightness values:  4(i)
06-30 01:35:42.361  1719  1749 I BrightnessSynchronizer: Swallowing update of 4(i) by update: {[494] 0.013106395(f), mUpdatedTypes=1, mConfirmedTypes=1, mTimeUpdated=4302475}
06-30 01:35:42.361  1719  1749 I BrightnessSynchronizer: Completed Update: {[494] 0.013106395(f), mUpdatedTypes=1, mConfirmedTypes=1, mTimeUpdated=4302475}
06-30 01:35:43.630  1719  2084 I ActivityManager: Background started FGS: Allowed [callingPackage: com.android.shell; callingUid: 2000; uidState: NONE; uidBFSL: n/a; BFGS denied: false; intent: Intent { act=com.google.android.gms.wearable.REQUEST_RECEIVED xflg=0x5 cmp=com.google.android.crossdeviceaccessservice/.associated.proximityprovider.service.ProximityWearableListenerService }; code:SYSTEM_UID; tempAllowListReason:<,reasonCode:SYSTEM_ALLOW_LISTED,duration:9223372036854775807,callingUid:-1>; allowWiu:51; targetSdkVersion:37; callerTargetSdkVersion:37; startForegroundCount:0; bindFromPackage:null; isBindService:false]
06-30 01:35:43.656  1719  1761 I ActivityManager: Start proc 16311:com.google.android.crossdeviceaccessservice/u0a137 for started-service {com.google.android.crossdeviceaccessservice/com.google.android.crossdeviceaccessservice.associated.proximityprovider.service.ProximityWearableListenerService}
06-30 01:35:43.746  1719  3674 I ActivityManager: Background started FGS: Allowed [callingPackage: com.android.shell; callingUid: 2000; uidState: NONE; uidBFSL: n/a; BFGS denied: false; intent: Intent { act=com.google.android.gms.wearable.MESSAGE_RECEIVED xflg=0x5 cmp=com.google.android.crossdeviceaccessservice/.associated.shared.communication.wear.SharedWearableListenerService }; code:SYSTEM_UID; tempAllowListReason:<,reasonCode:SYSTEM_ALLOW_LISTED,duration:9223372036854775807,callingUid:-1>; allowWiu:51; targetSdkVersion:37; callerTargetSdkVersion:37; startForegroundCount:0; bindFromPackage:null; isBindService:false]
06-30 01:35:44.549  1719  1793 D HighBrightnessModeController: onAmbientLuxChange: 16.03125/25000.0, IsHighLux: false
06-30 01:35:44.552  1719  1793 I DisplayPowerController[0]: BrightnessEvent: brt=0.02286798(32.0%), nits=-1.0, lux=16.03125, reason=automatic, strat=AutomaticBrightnessStrategy, state=ON, stateReason=DEFAULT_POLICY, policy=BRIGHT, flags=, initBrt=0.013106395, rcmdBrt=0.02286798, preBrt=0.013106395, preLux=12.662462, lastReadLux=16.03125, wasShortTermModelActive=false, autoBrightness=true (default), unclampedBrt=0.02286798, hbmMax=0.6556, hbmMode=off, thrmMax=1.0, rbcStrength=50, powerFactor=0.5, physDisp=Built-in Screen(local:4630946367249729921), logicalId=0, slowChange=true, rampSpeed=0.0, colorTemp=NaN, thermalStatus=none
06-30 01:35:44.555  1719  1749 I BrightnessSynchronizer: [495] New Update 0.02286798(f) set brightness values:  7(i)
06-30 01:35:44.557  1719  1749 I BrightnessSynchronizer: Swallowing update of 7(i) by update: {[495] 0.02286798(f), mUpdatedTypes=1, mConfirmedTypes=1, mTimeUpdated=4304670}
06-30 01:35:44.557  1719  1749 I BrightnessSynchronizer: Completed Update: {[495] 0.02286798(f), mUpdatedTypes=1, mConfirmedTypes=1, mTimeUpdated=4304670}
06-30 01:35:47.537  1719  1793 D HighBrightnessModeController: onAmbientLuxChange: 21.16375/25000.0, IsHighLux: false
06-30 01:35:47.540  1719  1793 I DisplayPowerController[0]: BrightnessEvent: brt=0.027063698(35.0%), nits=-1.0, lux=21.16375, reason=automatic, strat=AutomaticBrightnessStrategy, state=ON, stateReason=DEFAULT_POLICY, policy=BRIGHT, flags=, initBrt=0.02286798, rcmdBrt=0.027063698, preBrt=0.02286798, preLux=16.03125, lastReadLux=21.16375, wasShortTermModelActive=false, autoBrightness=true (default), unclampedBrt=0.027063698, hbmMax=0.6556, hbmMode=off, thrmMax=1.0, rbcStrength=50, powerFactor=0.5, physDisp=Built-in Screen(local:4630946367249729921), logicalId=0, slowChange=true, rampSpeed=0.0, colorTemp=NaN, thermalStatus=none
06-30 01:35:47.544  1719  1749 I BrightnessSynchronizer: [496] New Update 0.027063698(f) set brightness values:  8(i)
06-30 01:35:47.545  1719  1749 I BrightnessSynchronizer: Swallowing update of 8(i) by update: {[496] 0.027063698(f), mUpdatedTypes=1, mConfirmedTypes=1, mTimeUpdated=4307659}
06-30 01:35:47.545  1719  1749 I BrightnessSynchronizer: Completed Update: {[496] 0.027063698(f), mUpdatedTypes=1, mConfirmedTypes=1, mTimeUpdated=4307659}
06-30 01:35:52.614  1719  2084 I Telecom : : Silence Ringer requested by android: TSI.sR(a)@DGA
06-30 01:35:52.615  1719  2084 I Telecom : Call: Send silence to connection service for call [Call id=TC@28, state=RINGING, tpac=ComponentInfo{com.google.wear.services/com.google.wear.services.calling.client.CompanionClientConnectionService}, ***, UserHandle{0}, cmgr=ComponentInfo{com.google.wear.services/com.google.wear.services.calling.client.CompanionClientConnectionService}, ***, UserHandle{0}, handle=tel:*************, vidst=A, childs(0), has_parent(false), cap=[ sup_hld mut rsp_by_con], prop=[]], voip=false: TSI.sR(a)@DGA
06-30 01:35:52.616  1719  2084 I Telecom : Event: RecordEntry TC@28: SILENCE, null: TSI.sR(a)@DGA
06-30 01:35:52.617  1719  2084 I Telecom : Logging.Events: Non-call EVENT: FLASH_NOTIFICATION_STOP, null: TSI.sR(a)@DGA
06-30 01:35:52.617  2109  2109 I TelecomFramework: CompanionClientConnectionService: silence TC@28_1: (TSI.sR)->CS.s->H.CS.s(a/cast)@E-DGA
06-30 01:35:52.628  1719  1747 W ActivityTaskManager: callingPackage for (uid=-1, pid=0) has no WPC
06-30 01:35:52.628  1719  1747 W ActivityStartInterceptor: Starting home with component specified, uid=0
06-30 01:35:52.630  1719  1747 W AppCompatResourceOverlayPolicy: constructor: Failed to find VirtualDeviceManagerService
06-30 01:35:52.639  1719  1747 W TransitionChain: Combining kgOccludeChg into #282(OPEN|R|0x0) from startHomeAct
06-30 01:35:52.639  2285  2373 D WindowManagerShell: onKeyguardOccludingTaskChanged displayId=0 taskId=-1
06-30 01:35:52.649  1719  1747 V ActivityTaskManager: TaskLaunchParamsModifier: phase=3 task=Task{226e490 #2 type=home A=10068:com.google.android.wearable.sysui nonResizable} activity=ActivityRecord{73747469 u0 com.google.android.wearable.sysui/.mainui.activity.SysUiActivity t-1} display-area-token-from-option=DefaultTaskDisplayArea@89885625 display-id=0 task-display-area-windowing-mode=1 suggested-display-area=DefaultTaskDisplayArea@89885625 non-freeform-task-display-area display-area=DefaultTaskDisplayArea@89885625 default-portrait freeform-size-mismatch=Rect(54, 54 - 330, 330)
06-30 01:35:52.649  1719  1747 I ActivityTaskManager: START u0 {act=android.intent.action.MAIN cat=[android.intent.category.HOME] flg=0x10000100 cmp=com.google.android.wearable.sysui/.mainui.activity.SysUiActivity (has extras)} with LAUNCH_SINGLE_TASK from uid 0 (BAL_ALLOW_ALLOWLISTED_UID) result code=2
06-30 01:35:52.653  2285  2373 V WindowManagerShell: Transition requested (#282): android.os.BinderProxy@c3d2045 TransitionRequestInfo { type = OPEN, triggerTask = TaskInfo{userId=0 taskId=2 effectiveUid=10068 displayId=0 isRunning=true baseIntent=Intent { act=android.intent.action.MAIN cat=[android.intent.category.HOME] flg=0x10800100 cmp=com.google.android.wearable.sysui/.mainui.activity.SysUiActivity } baseActivity=ComponentInfo{com.google.android.wearable.sysui/com.google.android.wearable.sysui.mainui.activity.SysUiActivity} topActivity=ComponentInfo{com.google.android.wearable.sysui/com.google.android.wearable.sysui.mainui.activity.SysUiActivity} origActivity=null realActivity=ComponentInfo{com.google.android.wearable.sysui/com.google.android.wearable.sysui.mainui.activity.SysUiActivity} realActivityIsAppLockEnabled=false numActivities=1 lastActiveTime=51772495 supportsMultiWindow=false supportsMultiWindowWithoutConstraints=false resizeMode=0 isResizeable=false minWidth=-1 minHeight=-1 defaultMinSize=220 token=WCT{android.os.BinderProxy@39f39a} topActivityType=2 pictureInPictureParams=null shouldDockBigOverlays=false launchIntoPipHostTaskId=-1 lastParentTaskIdBeforePip=-1 displayCutoutSafeInsets=Rect(0, 0 - 0, 0) topActivityInfo=ActivityInfo{401d4cb com.google.android.wearable.sysui.mainui.activity.SysUiActivity} launchCookies=[] positionInParent=Point(0, 0) parentTaskId=-1 isFocused=true isInteractive=true isVisible=false isVisibleRequested=true isTopActivityNoDisplay=false isSleeping=false locusId=null displayAreaFeatureId=1 isTopActivityTransparent=false isActivityStackTransparent=false lastNonFullscreenBounds=Rect(54, 54 - 330, 330) leafTaskBoundsFromOptions= false capturedLink=null capturedLinkTimestamp=0 requestedVisibleTypes=503 topActivityRequestOpenInBrowserEducationTimestamp=0 appCompatTaskInfo=AppCompatTaskInfo { topActivityInSizeCompat=false isLeafTask= true eligibleForLetterboxEducation= false isLetterboxEducationEnabled= false isLetterboxDoubleTapEnabled= false eligibleForUserAspectRatioButton= false topActivityBoundsLetterboxed= false isFromLetterboxDoubleTap= false topActivityLetterboxVerticalPosition= -1 topActivityLetterboxHorizontalPosition= -1 topActivityLetterboxWidth=-1 topActivityLetterboxHeight=-1 topActivityAppBounds=Rect(0, 0 - 384, 384) isUserFullscreenOverrideEnabled=false isSystemFullscreenOverrideEnabled=false hasMinAspectRatioOverride=false topActivityLetterboxBounds=null topNonResizableActivityAspectRatio=-1.0} topActivityMainWindowFrame=null isAppBubble=false}, pipChange = null, remoteTransitionInfo = null, displayChanges = null, requestedLocation = null, userChange = null, windowingLayerChange = null, fullscreenRequestChange = null, flags = 0, debugId = 282 }
06-30 01:35:52.653  2285  2373 V WindowManagerShell: Transition (#282): request handled by WearMixedTransitionHandler
06-30 01:35:52.738  1719  2083 D WindowManager: setClientSurface Surface(name=VRI-com.google.android.wearable.sysui/com.google.android.wearable.sysui.mainui.activity.SysUiActivity#566)/@0xa5e5e0e for 828c6e4 com.google.android.wearable.sysui/com.google.android.wearable.sysui.mainui.activity.SysUiActivity
06-30 01:35:52.764  1719  2083 W ActivityManager: Skipping manifest association check for null package. SourceUid: -1, SourcePkg: null, TargetUid: 10115, TargetPkg: com.google.android.wearable.watchface.rwf
06-30 01:35:52.792  1719  1749 W ProcessStats: Tracking association SourceState{926e324 system/1000 BFgs #16487} whose proc state 4 is better than process ProcessState{e22f7f0 com.google.android.wearable.watchface.rwf/10115 pkg=com.google.android.wearable.watchface.rwf} proc state 5 (1 skipped)
06-30 01:35:52.808  2285  2333 V WindowManagerShell: onTransitionReady(transaction=7383048791541)
06-30 01:35:52.809  2285  2373 V WindowManagerShell: onTransitionReady (#282) android.os.BinderProxy@c3d2045: {id=282 t=OPEN f=0x0 trk=0 r=[0@Point(0, 0)] c=[
06-30 01:35:52.809  2285  2373 V WindowManagerShell:         {m=TO_FRONT f=SHOW_WALLPAPER|MOVE_TO_TOP|FLAG_CHANGED_INTERACTIVE leash=Surface(name=Task=1#35)/@0x39fa4a8 sb=Rect(0, 0 - 384, 384) eb=Rect(0, 0 - 384, 384) epz=Point(384, 384) d=0 taskParent=-1 winMode=1 userId=0},
06-30 01:35:52.809  2285  2373 V WindowManagerShell:         {m=TO_BACK f=FLAG_CHANGED_INTERACTIVE leash=Surface(name=Task=433#440)/@0x1147bc1 sb=Rect(0, 0 - 384, 384) eb=Rect(0, 0 - 384, 384) epz=Point(384, 384) d=0 taskParent=-1 winMode=1 userId=0},
06-30 01:35:52.809  2285  2373 V WindowManagerShell:         {m=TO_FRONT f=IS_WALLPAPER leash=Surface(name=WallpaperWindowToken{e708434}#38)/@0xbb3af66 sb=Rect(0, 0 - 384, 384) eb=Rect(0, 0 - 384, 384) epz=Point(384, 384) d=0}
06-30 01:35:52.809  2285  2373 V WindowManagerShell:     ]}
06-30 01:35:52.817  1719  1746 V WindowManager: Sent Transition (#282) createdAt=06-30 01:35:52.634 via request=TransitionRequestInfo { type = OPEN, triggerTask = TaskInfo{userId=0 taskId=2 effectiveUid=10068 displayId=0 isRunning=true baseIntent=Intent { act=android.intent.action.MAIN cat=[android.intent.category.HOME] flg=0x10800100 cmp=com.google.android.wearable.sysui/.mainui.activity.SysUiActivity } baseActivity=ComponentInfo{com.google.android.wearable.sysui/com.google.android.wearable.sysui.mainui.activity.SysUiActivity} topActivity=ComponentInfo{com.google.android.wearable.sysui/com.google.android.wearable.sysui.mainui.activity.SysUiActivity} origActivity=null realActivity=ComponentInfo{com.google.android.wearable.sysui/com.google.android.wearable.sysui.mainui.activity.SysUiActivity} realActivityIsAppLockEnabled=false numActivities=1 lastActiveTime=51772495 supportsMultiWindow=false supportsMultiWindowWithoutConstraints=false resizeMode=0 isResizeable=false minWidth=-1 minHeight=-1 defaultMinSize=220 token=WCT{RemoteToken{75a89cb Task{226e490 #2 type=home A=10068:com.google.android.wearable.sysui nonResizable}}} topActivityType=2 pictureInPictureParams=null shouldDockBigOverlays=false launchIntoPipHostTaskId=-1 lastParentTaskIdBeforePip=-1 displayCutoutSafeInsets=Rect(0, 0 - 0, 0) topActivityInfo=ActivityInfo{58ab5a8 com.google.android.wearable.sysui.mainui.activity.SysUiActivity} launchCookies=[] positionInParent=Point(0, 0) parentTaskId=-1 isFocused=true isInteractive=true isVisible=false isVisibleRequested=true isTopActivityNoDisplay=false isSleeping=false locusId=null displayAreaFeatureId=1 isTopActivityTransparent=false isActivityStackTransparent=false lastNonFullscreenBounds=Rect(54, 54 - 330, 330) leafTaskBoundsFromOptions= false capturedLink=null capturedLinkTimestamp=0 requestedVisibleTypes=503 topActivityRequestOpenInBrowserEducationTimestamp=0 appCompatTaskInfo=AppCompatTaskInfo { topActivityInSizeCompat=false isLeafTask= true eligibleForLetterboxEducation= false isLetterboxEducationEnabled= false isLetterboxDoubleTapEnabled= false eligibleForUserAspectRatioButton= false topActivityBoundsLetterboxed= false isFromLetterboxDoubleTap= false topActivityLetterboxVerticalPosition= -1 topActivityLetterboxHorizontalPosition= -1 topActivityLetterboxWidth=-1 topActivityLetterboxHeight=-1 topActivityAppBounds=Rect(0, 0 - 384, 384) isUserFullscreenOverrideEnabled=false isSystemFullscreenOverrideEnabled=false hasMinAspectRatioOverride=false topActivityLetterboxBounds=null topNonResizableActivityAspectRatio=-1.0} topActivityMainWindowFrame=null isAppBubble=false}, pipChange = null, remoteTransitionInfo = null, displayChanges = null, requestedLocation = null, userChange = null, windowingLayerChange = null, fullscreenRequestChange = null, flags = 0, debugId = 282 }
06-30 01:35:52.817  1719  1746 V WindowManager:     startWCT=WindowContainerTransaction { changes= {} hops= [] flags= 0 errorCallbackToken=null taskFragmentOrganizer=null }
06-30 01:35:52.817  1719  1746 V WindowManager:     info={id=282 t=OPEN f=0x0 trk=0 r=[0@Point(0, 0)] c=[
06-30 01:35:52.817  1719  1746 V WindowManager:         {WCT{RemoteToken{8da584c Task{b936189 #1 type=home}}} m=TO_FRONT f=SHOW_WALLPAPER|MOVE_TO_TOP|FLAG_CHANGED_INTERACTIVE leash=Surface(name=Task=1#35)/@0xa23ba20 sb=Rect(0, 0 - 384, 384) eb=Rect(0, 0 - 384, 384) epz=Point(384, 384) d=0 taskParent=-1 winMode=1 userId=0},
06-30 01:35:52.817  1719  1746 V WindowManager:         {WCT{RemoteToken{38079eb Task{697bd5d #433 type=standard I=com.google.android.dialer/com.google.android.wearable.googledialer.incall.incallscreen.impl.ui.InCallActivity}}} m=TO_BACK f=FLAG_CHANGED_INTERACTIVE leash=Surface(name=Task=433#440)/@0xadc1aa9 sb=Rect(0, 0 - 384, 384) eb=Rect(0, 0 - 384, 384) epz=Point(384, 384) d=0 taskParent=-1 winMode=1 userId=0},
06-30 01:35:52.817  1719  1746 V WindowManager:         {m=TO_FRONT f=IS_WALLPAPER leash=Surface(name=WallpaperWindowToken{e708434}#38)/@0xc3744e3 sb=Rect(0, 0 - 384, 384) eb=Rect(0, 0 - 384, 384) epz=Point(384, 384) d=0}
06-30 01:35:52.817  1719  1746 V WindowManager:     ]}
06-30 01:35:52.819  2285  2373 V WindowManagerShell: Playing animation for (#282) android.os.BinderProxy@c3d2045@0
06-30 01:35:52.819  2285  2373 V WindowManagerShell:  try firstHandler com.google.android.clockwork.systemui.transition.shelltransition.WearMixedTransitionHandler@30ac255
06-30 01:35:52.837  1719  2003 I AdbWifiNetworkMonitor: Wi-Fi network available
06-30 01:35:52.837  1719  2003 I AdbWifiNetworkMonitor: Received the same Wi-Fi SSID. Ignoring.
06-30 01:35:52.839  2285  2373 V WindowManagerShell:  animated by firstHandler
06-30 01:35:52.887  1719  1933 I ImeTracker: com.google.android.wearable.sysui:8b39ee0c: onRequestHide at ORIGIN_SERVER reason HIDE_UNSPECIFIED_WINDOW fromUser false userId 0 displayId 0
06-30 01:35:52.889  2076  2076 D InsetsController: hide(ime())
06-30 01:35:52.889  2076  2076 I ImeTracker: com.google.android.wearable.sysui:8b39ee0c: onCancelled at PHASE_CLIENT_ALREADY_HIDDEN
06-30 01:35:53.234  2285  2373 V WindowManagerShell: Transition animation finished (aborted=false), notifying core (#282) android.os.BinderProxy@c3d2045@0
06-30 01:35:53.241  1719  1746 V WindowManager: Finish Transition (#282): created at 06-30 01:35:52.634 collect-started=0.046ms request-sent=9.67ms started=21.746ms ready=21.688ms sent=157.651ms commit=56.944ms finished=605.626ms
06-30 01:35:53.243  2285  2373 V WindowManagerShell: Track 0 became idle
06-30 01:35:53.243  2285  2373 V WindowManagerShell: All active transition animations finished
06-30 01:35:53.271  1719  1760 W ActivityManager: Skipping manifest association check for null package. SourceUid: -1, SourcePkg: null, TargetUid: 10115, TargetPkg: com.google.android.wearable.watchface.rwf
06-30 01:35:55.738  1719  1793 D HighBrightnessModeController: onAmbientLuxChange: 16.425/25000.0, IsHighLux: false
06-30 01:35:55.748  1719  3327 W ActivityTaskManager: callingPackage for (uid=2000, pid=16346) has no WPC
06-30 01:35:55.749  1719  3327 W AppCompatResourceOverlayPolicy: constructor: Failed to find VirtualDeviceManagerService
06-30 01:35:55.760  1719  3327 V ActivityTaskManager: TaskLaunchParamsModifier: phase=3 task=Task{1c50717 #437 type=standard I=com.google.android.apps.walletnfcrel/com.google.commerce.tapandpay.wear.tap.TapActivity} activity=ActivityRecord{240422806 u0 com.google.android.apps.walletnfcrel/com.google.commerce.tapandpay.wear.tap.TapActivity t-1} display-from-task=0 display-id=0 task-display-area-windowing-mode=1 suggested-display-area=DefaultTaskDisplayArea@89885625 inherit-from-task=fullscreen non-freeform-task-display-area display-area=DefaultTaskDisplayArea@89885625 default-portrait freeform-size-mismatch=Rect(54, 54 - 330, 330)
06-30 01:35:55.760  1719  3327 I ActivityTaskManager: START u0 {flg=0x10000000 xflg=0x5 cmp=com.google.android.apps.walletnfcrel/com.google.commerce.tapandpay.wear.tap.TapActivity} with LAUNCH_SINGLE_TASK from uid 2000 (com.android.shell) (BAL_ALLOW_PERMISSION) result code=0
06-30 01:35:55.761  2285  2373 V WindowManagerShell: Transition requested (#283): android.os.BinderProxy@25d8f9f TransitionRequestInfo { type = OPEN, triggerTask = TaskInfo{userId=0 taskId=437 effectiveUid=10066 displayId=0 isRunning=true baseIntent=Intent { flg=0x10800000 cmp=com.google.android.apps.walletnfcrel/com.google.commerce.tapandpay.wear.tap.TapActivity } baseActivity=ComponentInfo{com.google.android.apps.walletnfcrel/com.google.commerce.tapandpay.wear.tap.TapActivity} topActivity=ComponentInfo{com.google.android.apps.walletnfcrel/com.google.commerce.tapandpay.wear.tap.TapActivity} origActivity=null realActivity=ComponentInfo{com.google.android.apps.walletnfcrel/com.google.commerce.tapandpay.wear.tap.TapActivity} realActivityIsAppLockEnabled=false numActivities=1 lastActiveTime=51775613 supportsMultiWindow=false supportsMultiWindowWithoutConstraints=false resizeMode=1 isResizeable=true minWidth=-1 minHeight=-1 defaultMinSize=220 token=WCT{android.os.BinderProxy@792c8ec} topActivityType=1 pictureInPictureParams=null shouldDockBigOverlays=false launchIntoPipHostTaskId=-1 lastParentTaskIdBeforePip=-1 displayCutoutSafeInsets=Rect(0, 0 - 0, 0) topActivityInfo=ActivityInfo{53fa4b5 com.google.commerce.tapandpay.wear.tap.TapActivity} launchCookies=[] positionInParent=Point(0, 0) parentTaskId=-1 isFocused=false isInteractive=false isVisible=false isVisibleRequested=false isTopActivityNoDisplay=false isSleeping=false locusId=null displayAreaFeatureId=1 isTopActivityTransparent=false isActivityStackTransparent=false lastNonFullscreenBounds=Rect(54, 54 - 330, 330) leafTaskBoundsFromOptions= false capturedLink=null capturedLinkTimestamp=0 requestedVisibleTypes=503 topActivityRequestOpenInBrowserEducationTimestamp=0 appCompatTaskInfo=AppCompatTaskInfo { topActivityInSizeCompat=false isLeafTask= true eligibleForLetterboxEducation= false isLetterboxEducationEnabled= false isLetterboxDoubleTapEnabled= false eligibleForUserAspectRatioButton= false topActivityBoundsLetterboxed= false isFromLetterboxDoubleTap= false topActivityLetterboxVerticalPosition= -1 topActivityLetterboxHorizontalPosition= -1 topActivityLetterboxWidth=-1 topActivityLetterboxHeight=-1 topActivityAppBounds=Rect(0, 0 - 384, 384) isUserFullscreenOverrideEnabled=false isSystemFullscreenOverrideEnabled=false hasMinAspectRatioOverride=false topActivityLetterboxBounds=null topNonResizableActivityAspectRatio=-1.0} topActivityMainWindowFrame=null isAppBubble=false}, pipChange = null, remoteTransitionInfo = null, displayChanges = null, requestedLocation = null, userChange = null, windowingLayerChange = null, fullscreenRequestChange = null, flags = 0, debugId = 283 }
06-30 01:35:55.762  2285  2373 V WindowManagerShell: Transition (#283): request handled by WearMixedTransitionHandler
06-30 01:35:55.765  1719  2083 W TransitionChain: Combining kgOccludeChg into #283(OPEN|R|0x0) from startAct
06-30 01:35:55.766  1719  2083 D CorePackageUpdate: Couldn't find a persistent state for task= 437
06-30 01:35:55.768  1719  2083 D ActivityManager: quick sync unfreeze 15540 for 1
06-30 01:35:55.770  1719  2083 D WearPower: Delegated wake request dropped: UID not eligible: 1000
06-30 01:35:55.768  2285  2373 D WindowManagerShell: onKeyguardOccludingTaskChanged displayId=0 taskId=437
06-30 01:35:55.781  1719  1749 D ActivityManager: sync unfroze 15540 com.google.android.apps.walletnfcrel for 1
06-30 01:35:55.806  1719  1904 D IntervalStats: Unable to parse usage stats packages: [11]
06-30 01:35:55.822  1719  1904 D IntervalStats: Unable to parse usage stats packages: [11]
06-30 01:35:56.037  1719  3327 W TransitionChain: Combining kgOccludeChg into #283(OPEN|R|0x0) from startAct
06-30 01:35:56.039  2285  2373 D WindowManagerShell: onKeyguardOccludingTaskChanged displayId=0 taskId=-1
06-30 01:35:56.047  2285  2334 V WindowManagerShell: onTransitionReady(transaction=7383048791583)
06-30 01:35:56.048  1719  1746 V WindowManager: Sent Transition (#283) createdAt=06-30 01:35:55.751 via request=TransitionRequestInfo { type = OPEN, triggerTask = TaskInfo{userId=0 taskId=437 effectiveUid=10066 displayId=0 isRunning=true baseIntent=Intent { flg=0x10800000 cmp=com.google.android.apps.walletnfcrel/com.google.commerce.tapandpay.wear.tap.TapActivity } baseActivity=ComponentInfo{com.google.android.apps.walletnfcrel/com.google.commerce.tapandpay.wear.tap.TapActivity} topActivity=ComponentInfo{com.google.android.apps.walletnfcrel/com.google.commerce.tapandpay.wear.tap.TapActivity} origActivity=null realActivity=ComponentInfo{com.google.android.apps.walletnfcrel/com.google.commerce.tapandpay.wear.tap.TapActivity} realActivityIsAppLockEnabled=false numActivities=1 lastActiveTime=51775613 supportsMultiWindow=false supportsMultiWindowWithoutConstraints=false resizeMode=1 isResizeable=true minWidth=-1 minHeight=-1 defaultMinSize=220 token=WCT{RemoteToken{97084d2 Task{1c50717 #437 type=standard I=com.google.android.apps.walletnfcrel/com.google.commerce.tapandpay.wear.tap.TapActivity}}} topActivityType=1 pictureInPictureParams=null shouldDockBigOverlays=false launchIntoPipHostTaskId=-1 lastParentTaskIdBeforePip=-1 displayCutoutSafeInsets=Rect(0, 0 - 0, 0) topActivityInfo=ActivityInfo{9ccb9a3 com.google.commerce.tapandpay.wear.tap.TapActivity} launchCookies=[] positionInParent=Point(0, 0) parentTaskId=-1 isFocused=false isInteractive=false isVisible=false isVisibleRequested=false isTopActivityNoDisplay=false isSleeping=false locusId=null displayAreaFeatureId=1 isTopActivityTransparent=false isActivityStackTransparent=false lastNonFullscreenBounds=Rect(54, 54 - 330, 330) leafTaskBoundsFromOptions= false capturedLink=null capturedLinkTimestamp=0 requestedVisibleTypes=503 topActivityRequestOpenInBrowserEducationTimestamp=0 appCompatTaskInfo=AppCompatTaskInfo { topActivityInSizeCompat=false isLeafTask= true eligibleForLetterboxEducation= false isLetterboxEducationEnabled= false isLetterboxDoubleTapEnabled= false eligibleForUserAspectRatioButton= false topActivityBoundsLetterboxed= false isFromLetterboxDoubleTap= false topActivityLetterboxVerticalPosition= -1 topActivityLetterboxHorizontalPosition= -1 topActivityLetterboxWidth=-1 topActivityLetterboxHeight=-1 topActivityAppBounds=Rect(0, 0 - 384, 384) isUserFullscreenOverrideEnabled=false isSystemFullscreenOverrideEnabled=false hasMinAspectRatioOverride=false topActivityLetterboxBounds=null topNonResizableActivityAspectRatio=-1.0} topActivityMainWindowFrame=null isAppBubble=false}, pipChange = null, remoteTransitionInfo = null, displayChanges = null, requestedLocation = null, userChange = null, windowingLayerChange = null, fullscreenRequestChange = null, flags = 0, debugId = 283 }
06-30 01:35:56.049  2285  2373 V WindowManagerShell: onTransitionReady (#283) android.os.BinderProxy@25d8f9f: {id=283 t=OPEN f=0x0 trk=0 r=[] c=[]}
06-30 01:35:56.049  1719  1746 V WindowManager:     startWCT=WindowContainerTransaction { changes= {} hops= [] flags= 0 errorCallbackToken=null taskFragmentOrganizer=null }
06-30 01:35:56.049  1719  1746 V WindowManager:     info={id=283 t=OPEN f=0x0 trk=0 r=[] c=[]}
06-30 01:35:56.049  2285  2373 V WindowManagerShell: No transition roots in (#283) android.os.BinderProxy@25d8f9f@0 so abort
06-30 01:35:56.051  2285  2373 V WindowManagerShell: Transition animation finished (aborted=true), notifying core (#283) android.os.BinderProxy@25d8f9f@0
06-30 01:35:56.060  1719  1746 V WindowManager: Finish Transition (#283): created at 06-30 01:35:55.751 collect-started=0.094ms request-sent=8.447ms started=12.28ms ready=287.697ms sent=291.033ms finished=307.421ms
06-30 01:35:56.061  2285  2373 V WindowManagerShell: Track 0 became idle
06-30 01:35:56.061  2285  2373 V WindowManagerShell: All active transition animations finished
06-30 01:35:56.080  1719  1933 I ImeTracker: com.google.android.wearable.sysui:e361e028: onRequestHide at ORIGIN_SERVER reason HIDE_SAME_WINDOW_FOCUSED_WITHOUT_EDITOR fromUser false userId 0 displayId 0
06-30 01:35:56.082  2076  2076 D InsetsController: hide(ime())
06-30 01:35:56.082  2076  2076 I ImeTracker: com.google.android.wearable.sysui:e361e028: onCancelled at PHASE_CLIENT_ALREADY_HIDDEN
06-30 01:35:56.098  1719  3326 D CorePackageUpdate: onRecentTaskRemoved Removing task: 437
06-30 01:35:56.099  1719  3326 D CorePackageUpdate: Couldn't find a persistent state for task= 437
06-30 01:35:57.616  1719  2083 W ActivityManager: pid 15640 com.google.android.gms.persistent sent binder code 18 with flags 2 and got error -74
06-30 01:35:57.617  2109 16102 W ContextImpl: Calling a method in the system process without a qualified user: android.app.ContextImpl.bindService:2168 android.content.ContextWrapper.bindService:906 com.google.android.gms.wearable.zzz.dispatchMessageTraced:45 com.google.android.gms.libs.punchclock.threads.TracingHandler.dispatchMessage:0 android.os.Looper.loopOnce:296 
06-30 01:35:57.624  1719  2084 I Telecom : InCallController: Sending updateCall [Call id=TC@28, state=RINGING, tpac=ComponentInfo{com.google.wear.services/com.google.wear.services.calling.client.CompanionClientConnectionService}, ***, UserHandle{0}, cmgr=ComponentInfo{com.google.wear.services/com.google.wear.services.calling.client.CompanionClientConnectionService}, ***, UserHandle{0}, handle=tel:*************, vidst=A, childs(0), has_parent(false), cap=[ sup_hld mut rsp_by_con], prop=[]], voip=false: CSW.pE(cgws)@DGQ
06-30 01:35:57.629  1719  2084 I Telecom : InCallController: Components updated: [ComponentInfo{com.google.android.wearable.pixel.pdms/com.google.android.wearable.pixel.pdms.features.raisetotalk.incallservice.RaiseToTalkInCallService}, ComponentInfo{android/com.android.ecm.EnhancedConfirmationCallTrackerService}, ComponentInfo{com.google.android.bluetooth/com.android.bluetooth.telephony.BluetoothInCallService}, ComponentInfo{com.google.android.apps.scone/com.google.android.apps.scone.coex.StateService}, ComponentInfo{android/android.net.ConnectivityCallListenerService}, ComponentInfo{com.google.wear.services/com.google.wear.services.calling.client.WearInCallService}, ComponentInfo{com.google.android.dialer/com.google.android.wearable.googledialer.incall.incallservice.InCallServiceImpl}]: CSW.pE(cgws)@DGQ
06-30 01:35:57.637  1719  2084 I Telecom : CallsManager: markCallAsDisconnected: call=[Call id=TC@28, state=RINGING, tpac=ComponentInfo{com.google.wear.services/com.google.wear.services.calling.client.CompanionClientConnectionService}, ***, UserHandle{0}, cmgr=ComponentInfo{com.google.wear.services/com.google.wear.services.calling.client.CompanionClientConnectionService}, ***, UserHandle{0}, handle=tel:*************, vidst=A, childs(0), has_parent(false), cap=[ sup_hld mut rsp_by_con], prop=[]], voip=false; disconnectCause=DisconnectCause [ Code: (MISSED) Label: () Description: () Reason: (INCOMING_MISSED) Tone: (-1)  TelephonyCause: 36/65535 ImsReasonInfo: null]: CSW.sDc(cgws)@DGU
06-30 01:35:57.638  1719  2084 I Telecom : CallsManager: setCallState RINGING(RINGING) -> DISCONNECTED, call: [Call id=TC@28, state=RINGING, tpac=ComponentInfo{com.google.wear.services/com.google.wear.services.calling.client.CompanionClientConnectionService}, ***, UserHandle{0}, cmgr=ComponentInfo{com.google.wear.services/com.google.wear.services.calling.client.CompanionClientConnectionService}, ***, UserHandle{0}, handle=tel:*************, vidst=A, childs(0), has_parent(false), cap=[ sup_hld mut rsp_by_con], prop=[]], voip=false: CSW.sDc(cgws)@DGU
06-30 01:35:57.638  1719  2084 I Telecom : Event: RecordEntry TC@28: SET_DISCONNECTED, disconnected set explicitly> DisconnectCause [ Code: (MISSED) Label: () Description: () Reason: (INCOMING_MISSED) Tone: (-1)  TelephonyCause: 36/65535 ImsReasonInfo: null]: CSW.sDc(cgws)@DGU
06-30 01:35:57.639  1719  2084 I Telecom : InCallController: onCallStateChanged: Call state changed for TC@28: RINGING -> DISCONNECTED: CSW.sDc(cgws)@DGU
06-30 01:35:57.640  1719  2084 I Telecom : InCallController: Sending updateCall [Call id=TC@28, state=DISCONNECTED, tpac=ComponentInfo{com.google.wear.services/com.google.wear.services.calling.client.CompanionClientConnectionService}, ***, UserHandle{0}, cmgr=ComponentInfo{com.google.wear.services/com.google.wear.services.calling.client.CompanionClientConnectionService}, ***, UserHandle{0}, handle=tel:*************, vidst=A, childs(0), has_parent(false), cap=[ sup_hld mut rsp_by_con], prop=[]], voip=false: CSW.sDc(cgws)@DGU
06-30 01:35:57.643  1719  2084 I Telecom : InCallController: Components updated: [ComponentInfo{com.google.android.wearable.pixel.pdms/com.google.android.wearable.pixel.pdms.features.raisetotalk.incallservice.RaiseToTalkInCallService}, ComponentInfo{android/com.android.ecm.EnhancedConfirmationCallTrackerService}, ComponentInfo{com.google.android.apps.scone/com.google.android.apps.scone.coex.StateService}, ComponentInfo{android/android.net.ConnectivityCallListenerService}, ComponentInfo{com.google.wear.services/com.google.wear.services.calling.client.WearInCallService}, ComponentInfo{com.google.android.dialer/com.google.android.wearable.googledialer.incall.incallservice.InCallServiceImpl}]: CSW.sDc(cgws)@DGU
06-30 01:35:57.644  1719  2084 I Telecom : TelecomWakeLock: Releasing WakeLock with id: 26: CSW.sDc(cgws)@DGU
06-30 01:35:57.644  1719  2084 I Telecom : InCallWakeLockController: Releasing full wake lock: CSW.sDc(cgws)@DGU
06-30 01:35:57.645  1719  2084 I Telecom : CallLogIntegrationAdapterImpl: getSupportedVoipCallLogIntegrationPackages: user 0: CSW.sDc(cgws)@DGU
06-30 01:35:57.645  1719  2084 I Telecom : CallLogIntegrationAdapterImpl: Getting supported VoIP packages for user UserHandle{0}: CSW.sDc(cgws)@DGU
06-30 01:35:57.645  1719  2084 I Telecom : CallLogIntegrationAdapterImpl: Querying supported VoIP packages: CSW.sDc(cgws)@DGU
06-30 01:35:57.645  1719  2084 I Telecom : Call: isLoggedTransactional: isTransactionalCall: false, pkg(com.google.wear.services) supports intent: false, is log excluded: false, user pref enabled: false: CSW.sDc(cgws)@DGU
06-30 01:35:57.646  1719  2084 I Telecom : CallLogManager: onCallStateChanged: call=TC@28, newState=DISCONNECTED, disconnectCause=MISSED: CSW.sDc(cgws)@DGU
06-30 01:35:57.648  1719  2084 W Telecom : CallLogManager: Call display name details - [display name: ***, preferred display name: ***]: CSW.sDc(cgws)@DGU
06-30 01:35:57.650  1719  1793 V DisplayPowerController[0]: Brightness [0.0] reason changing to: 'automatic [ dim ]', previous reason: 'automatic'.
06-30 01:35:57.650  1719  1793 I DisplayPowerController[0]: BrightnessEvent: brt=0.0(0.0%), nits=-1.0, lux=16.425, reason=automatic [ dim ], strat=AutomaticBrightnessStrategy, state=ON, stateReason=DEFAULT_POLICY, policy=DIM, flags=, initBrt=0.027063698, rcmdBrt=0.027063698, preBrt=0.02286798, preLux=21.16375, lastReadLux=20.125, wasShortTermModelActive=false, autoBrightness=true (default), unclampedBrt=0.027063698, hbmMax=0.6556, hbmMode=off, thrmMax=1.0, rbcStrength=50, powerFactor=0.5, physDisp=Built-in Screen(local:4630946367249729921), logicalId=0, slowChange=false, rampSpeed=0.0, colorTemp=NaN, thermalStatus=none
06-30 01:35:57.653  1719  2084 W ContextImpl: Calling a method in the system process without a qualified user: android.app.ContextImpl.sendBroadcast:1340 android.content.ContextWrapper.sendBroadcast:513 com.android.server.telecom.CallLogManager.sendAddCallBroadcast:723 com.android.server.telecom.CallLogManager.logCall:490 com.android.server.telecom.CallLogManager.logCall:290 
06-30 01:35:57.664  1719  2084 I Telecom : Event: RecordEntry TC@28: LOG_CALL, number=*************,postDial=,pres=1,code=MISSED: CSW.sDc(cgws)@DGU
06-30 01:35:57.664  1719  2084 I Telecom : CallAudioManager: onCallStateChanged: Call state changed for TC@TC@28: RINGING -> DISCONNECTED: CSW.sDc(cgws)@DGU
06-30 01:35:57.666  1719  2084 I Telecom : CallAudioManager: updateForegroundCall; oldFg=TC@28, newFg=none, aDC=, ring=, hold=: CSW.sDc(cgws)@DGU
06-30 01:35:57.667  1719  2084 I Telecom : CallAudioManager: completeDisconnectToneFuture: completing deferred disconnect tone future for call TC@28: CSW.sDc(cgws)@DGU
06-30 01:35:57.667  1719  2084 I Telecom : InCallController: updateCall: (deferred) Sending call disconnected update to BT ICS.: CSW.sDc(cgws)@DGU
06-30 01:35:57.675  1719  2354 I Telecom : CallAudioRouteController: Message received: UPDATE_SYSTEM_AUDIO_ROUTE=1201, arg1=0: CSW.sDc->CARC.pM_UPDATE_SYSTEM_AUDIO_ROUTE(cgws)@DGU
06-30 01:35:57.679  1719  2084 I Telecom : InCallController: scheduleBtUnbind: Refraining from unbinding BT service due to an ongoing call detected under the same user (UserHandle{0}).: CSW.sDc(cgws)@DGU
06-30 01:35:57.680  1719  2362 I Telecom : CallAudioModeStateMachine: Message received: NO_MORE_RINGING_CALLS.: CSW.sDc->CAMSM.pM_1002(cgws)@DGU
06-30 01:35:57.680  1719  2084 I Telecom : CallAnomalyWatchdog: onCallStateChanged: call=[Call id=TC@28, state=DISCONNECTED, tpac=ComponentInfo{com.google.wear.services/com.google.wear.services.calling.client.CompanionClientConnectionService}, ***, UserHandle{0}, cmgr=ComponentInfo{com.google.wear.services/com.google.wear.services.calling.client.CompanionClientConnectionService}, ***, UserHandle{0}, handle=tel:*************, vidst=A, childs(0), has_parent(false), cap=[ sup_hld mut rsp_by_con], prop=[]], voip=false: CSW.sDc(cgws)@DGU
06-30 01:35:57.680  1719  2084 I Telecom : CallAnomalyWatchdog: maybePostCleanupTask; callId=TC@28, state=DISCONNECTED, createConnComplete=true: CSW.sDc(cgws)@DGU
06-30 01:35:57.680  1719  2084 I Telecom : LocalVoicemailNotification: onCallStateChanged: call=TC@28, newState=7: CSW.sDc(cgws)@DGU
06-30 01:35:57.681  1719  2084 I Telecom : LowBatteryAlertListener: onCallStateChanged new state: DISCONNECTED old state: RINGING: CSW.sDc(cgws)@DGU
06-30 01:35:57.681  1719  2084 I Telecom : IncomingCallNotifier: updateIncomingCall: foundIncomingcall = null: CSW.sDc(cgws)@DGU
06-30 01:35:57.682  1719  2084 I Telecom : CallsManager: markCallAsRemoved; callid=TC@28, immediate.: CSW.rC(cgws)@DGk
06-30 01:35:57.683  1719  2354 I Telecom : CallAudioRouteController: updateCallAudioState: updating call audio state to [AudioState isMuted: false, route: SPEAKER, supportedRouteMask: SPEAKER, activeBluetoothDevice: [null], supportedBluetoothDevices: []]: CSW.sDc->CARC.pM_UPDATE_SYSTEM_AUDIO_ROUTE(cgws)@DGU
06-30 01:35:57.684  1719  2354 I Telecom : InCallController: Calling onAudioStateChanged, audioState: [AudioState isMuted: false, route: SPEAKER, supportedRouteMask: SPEAKER, activeBluetoothDevice: [null], supportedBluetoothDevices: []] -> [AudioState isMuted: false, route: SPEAKER, supportedRouteMask: SPEAKER, activeBluetoothDevice: [null], supportedBluetoothDevices: []]: CSW.sDc->CARC.pM_UPDATE_SYSTEM_AUDIO_ROUTE(cgws)@DGU
06-30 01:35:57.684  1719  5342 I Telecom : PhoneStateBroadcaster: Broadcasted state change: 0
06-30 01:35:57.686  1719  2354 I Telecom : CallEndpointController: onCallAudioStateChanged, audioState: [AudioState isMuted: false, route: SPEAKER, supportedRouteMask: SPEAKER, activeBluetoothDevice: [null], supportedBluetoothDevices: []] -> [AudioState isMuted: false, route: SPEAKER, supportedRouteMask: SPEAKER, activeBluetoothDevice: [null], supportedBluetoothDevices: []]: CSW.sDc->CARC.pM_UPDATE_SYSTEM_AUDIO_ROUTE(cgws)@DGU
06-30 01:35:57.687  1719  2354 I Telecom : InCallController: Calling onAvailableCallEndpointsChanged: CSW.sDc->CARC.pM_UPDATE_SYSTEM_AUDIO_ROUTE(cgws)@DGU
06-30 01:35:57.692  1719  2354 I Telecom : InCallController: Calling onCallEndpointChanged: CSW.sDc->CARC.pM_UPDATE_SYSTEM_AUDIO_ROUTE(cgws)@DGU
06-30 01:35:57.694  1719  2354 I Telecom : InCallController: Calling onMuteStateChanged: CSW.sDc->CARC.pM_UPDATE_SYSTEM_AUDIO_ROUTE(cgws)@DGU
06-30 01:35:57.696  1719  2362 I Telecom : Logging.Events: Non-call EVENT: FLASH_NOTIFICATION_STOP, null: CSW.sDc->CAMSM.pM_1002(cgws)@DGU
06-30 01:35:57.696  1719  2362 I Telecom : CallAudioModeStateMachine: Audio focus entering UNFOCUSED state: CSW.sDc->CAMSM.pM_1002(cgws)@DGU
06-30 01:35:57.696  1719  2362 I Telecom : UnfocusedState: enter: AudioManager#setMode(MODE_NORMAL): CSW.sDc->CAMSM.pM_1002(cgws)@DGU
06-30 01:35:57.697  1719  1719 I Telecom : ConnectionServiceWrapper: Call count decrement 0, com.google.wear.services/.calling.client.CompanionClientConnectionService: CSW.rC->CM.pR(cgws)@DGk
06-30 01:35:57.697  1719  1719 I Telecom : ConnectionServiceWrapper: Service unbound ComponentInfo{com.google.wear.services/com.google.wear.services.calling.client.CompanionClientConnectionService}, from unbind.: CSW.rC->CM.pR(cgws)@DGk
06-30 01:35:57.699  1719  1719 I Telecom : CallsManager: handleConnectionServiceDeath: service [ConnectionServiceWrapper componentName=ComponentInfo{com.google.wear.services/com.google.wear.services.calling.client.CompanionClientConnectionService}] died: CSW.rC->CM.pR(cgws)@DGk
06-30 01:35:57.700  1719  1719 I Telecom : Event: RecordEntry TC@28: DESTROYED, null: CSW.rC->CM.pR(cgws)@DGk
06-30 01:35:57.700  1719  2354 I Telecom : CallAudioRouteController: Message received: SWITCH_FOCUS=4001, arg1=1: CSW.sDc->CAMSM.pM_1002->CARC.pM_SWITCH_FOCUS(cgws)@DGU
06-30 01:35:57.700  1719  2354 I Telecom : CallAudioRouteController: handleSwitchFocus: focus (1): CSW.sDc->CAMSM.pM_1002->CARC.pM_SWITCH_FOCUS(cgws)@DGU
06-30 01:35:57.701  1719  1719 I Telecom : InCallController: onCallRemoved: [Call id=TC@28, state=DISCONNECTED, tpac=ComponentInfo{com.google.wear.services/com.google.wear.services.calling.client.CompanionClientConnectionService}, ***, UserHandle{0}, cmgr=ComponentInfo{com.google.wear.services/com.google.wear.services.calling.client.CompanionClientConnectionService}, ***, UserHandle{0}, handle=tel:*************, vidst=A, childs(0), has_parent(false), cap=[ sup_hld mut rsp_by_con], prop=[]], voip=false: CSW.rC->CM.pR(cgws)@DGk
06-30 01:35:57.703  1719  1719 I Telecom : InCallController: onSetCamera callId=TC@28, cameraId=null: CSW.rC->CM.pR(cgws)@DGk
06-30 01:35:57.703  1719  1719 I Telecom : TelecomWakeLock: WakeLock already released with id: 26: CSW.rC->CM.pR(cgws)@DGk
06-30 01:35:57.704  1719  1719 I Telecom : InCallWakeLockController: Releasing full wake lock: CSW.rC->CM.pR(cgws)@DGk
06-30 01:35:57.704  1719  1719 I Telecom : CallDiagnosticServiceController: onCallRemoved: skipping call TC@28 as non-sim or external.: CSW.rC->CM.pR(cgws)@DGk
06-30 01:35:57.704  1719  1719 I Telecom : CallAudioManager: updateForegroundCall; oldFg=none, newFg=none, aDC=, ring=, hold=: CSW.rC->CM.pR(cgws)@DGk
06-30 01:35:57.705  1719  1719 I Telecom : ProximitySensorManager: All calls removed, resetting proximity sensor to default state: CSW.rC->CM.pR(cgws)@DGk
06-30 01:35:57.706  1719  1719 I Telecom : TelecomWakeLock: Can not release WakeLock (not supported) with id: 32: CSW.rC->CM.pR(cgws)@DGk
06-30 01:35:57.706  1719  1719 I Telecom : CallAnomalyWatchdog: onCallRemoved: call=[Call id=TC@28, state=DISCONNECTED, tpac=ComponentInfo{com.google.wear.services/com.google.wear.services.calling.client.CompanionClientConnectionService}, ***, UserHandle{0}, cmgr=ComponentInfo{com.google.wear.services/com.google.wear.services.calling.client.CompanionClientConnectionService}, ***, UserHandle{0}, handle=tel:*************, vidst=A, childs(0), has_parent(false), cap=[ sup_hld mut rsp_by_con], prop=[]], voip=false: CSW.rC->CM.pR(cgws)@DGk
06-30 01:35:57.706  1719  1719 I Telecom : CallAudioRouteController: onCallRemoved([Call id=TC@28, state=DISCONNECTED, tpac=ComponentInfo{com.google.wear.services/com.google.wear.services.calling.client.CompanionClientConnectionService}, ***, UserHandle{0}, cmgr=ComponentInfo{com.google.wear.services/com.google.wear.services.calling.client.CompanionClientConnectionService}, ***, UserHandle{0}, handle=tel:*************, vidst=A, childs(0), has_parent(false), cap=[ sup_hld mut rsp_by_con], prop=[]], voip=false): CSW.rC->CM.pR(cgws)@DGk
06-30 01:35:57.707  1719  1719 I Telecom : CallAudioRouteController: Last call removed in NO_FOCUS, resetting mute.: CSW.rC->CM.pR(cgws)@DGk
06-30 01:35:57.707  1719  1719 I Telecom : CallAudioRouteController: updateCallAudioState: updating call audio state to [AudioState isMuted: false, route: SPEAKER, supportedRouteMask: SPEAKER, activeBluetoothDevice: [null], supportedBluetoothDevices: []]: CSW.rC->CM.pR(cgws)@DGk
06-30 01:35:57.707  1719  1719 W Telecom : InCallController: Skipping audio update for ICS because all calls are disconnected and the audio focus is abandoned.: CSW.rC->CM.pR(cgws)@DGk
06-30 01:35:57.707  1719  1719 I Telecom : CallEndpointController: onCallAudioStateChanged, audioState: [AudioState isMuted: false, route: SPEAKER, supportedRouteMask: SPEAKER, activeBluetoothDevice: [null], supportedBluetoothDevices: []] -> [AudioState isMuted: false, route: SPEAKER, supportedRouteMask: SPEAKER, activeBluetoothDevice: [null], supportedBluetoothDevices: []]: CSW.rC->CM.pR(cgws)@DGk
06-30 01:35:57.707  1719  1719 W Telecom : InCallController: Skipping audio update for ICS because all calls are disconnected and the audio focus is abandoned.: CSW.rC->CM.pR(cgws)@DGk
06-30 01:35:57.708  1719  1719 W Telecom : InCallController: Skipping audio update for ICS because all calls are disconnected and the audio focus is abandoned.: CSW.rC->CM.pR(cgws)@DGk
06-30 01:35:57.708  1719  1719 I Telecom : InCallController: Calling onMuteStateChanged: CSW.rC->CM.pR(cgws)@DGk
06-30 01:35:57.709  1719  1719 I Telecom : IncomingCallNotifier: updateIncomingCall: foundIncomingcall = null: CSW.rC->CM.pR(cgws)@DGk
06-30 01:35:57.710  1719  2354 I Telecom : CallAudioRouteController: updateCallAudioState: updating call audio state to [AudioState isMuted: false, route: SPEAKER, supportedRouteMask: SPEAKER, activeBluetoothDevice: [null], supportedBluetoothDevices: []]: CSW.sDc->CAMSM.pM_1002->CARC.pM_SWITCH_FOCUS(cgws)@DGU
06-30 01:35:57.711  1719  2354 W Telecom : InCallController: Skipping audio update for ICS because all calls are disconnected and the audio focus is abandoned.: CSW.sDc->CAMSM.pM_1002->CARC.pM_SWITCH_FOCUS(cgws)@DGU
06-30 01:35:57.712  1719  2354 I Telecom : CallEndpointController: onCallAudioStateChanged, audioState: [AudioState isMuted: false, route: SPEAKER, supportedRouteMask: SPEAKER, activeBluetoothDevice: [null], supportedBluetoothDevices: []] -> [AudioState isMuted: false, route: SPEAKER, supportedRouteMask: SPEAKER, activeBluetoothDevice: [null], supportedBluetoothDevices: []]: CSW.sDc->CAMSM.pM_1002->CARC.pM_SWITCH_FOCUS(cgws)@DGU
06-30 01:35:57.712  1719  2354 W Telecom : InCallController: Skipping audio update for ICS because all calls are disconnected and the audio focus is abandoned.: CSW.sDc->CAMSM.pM_1002->CARC.pM_SWITCH_FOCUS(cgws)@DGU
06-30 01:35:57.713  1719  2354 W Telecom : InCallController: Skipping audio update for ICS because all calls are disconnected and the audio focus is abandoned.: CSW.sDc->CAMSM.pM_1002->CARC.pM_SWITCH_FOCUS(cgws)@DGU
06-30 01:35:57.713  1719  2354 I Telecom : InCallController: Calling onMuteStateChanged: CSW.sDc->CAMSM.pM_1002->CARC.pM_SWITCH_FOCUS(cgws)@DGU
06-30 01:35:57.715  1719  2354 I Telecom : CallAudioRouteController: skipEarpiece for video call?false: CSW.sDc->CAMSM.pM_1002->CARC.pM_SWITCH_FOCUS(cgws)@DGU
06-30 01:35:57.715  1719  2354 I Telecom : CallAudioRouteController: Routing to a non-watch device - null: CSW.sDc->CAMSM.pM_1002->CARC.pM_SWITCH_FOCUS(cgws)@DGU
06-30 01:35:57.716  1719  2354 I Telecom : CallAudioRouteController: getPreferredAudioRouteFromDefault: Audio routing defaulting to available non-BT route.: CSW.sDc->CAMSM.pM_1002->CARC.pM_SWITCH_FOCUS(cgws)@DGU
06-30 01:35:57.716  1719  2354 I Telecom : CallAudioRouteController: getBaseRoute - audio routing to AudioRoute[Type=TYPE_SPEAKER, Address=invalid, HA Pair Device=invalid]: CSW.sDc->CAMSM.pM_1002->CARC.pM_SWITCH_FOCUS(cgws)@DGU
06-30 01:35:57.716  1719  2354 I Telecom : CallAudioRouteController: Evaluating BT disconnect: isScoConnected=false, isOriginDisconnected=false: CSW.sDc->CAMSM.pM_1002->CARC.pM_SWITCH_FOCUS(cgws)@DGU
06-30 01:35:57.717  1719  2354 I Telecom : CallAudioRouteController: Enter pending route, orig=AudioRoute[Type=TYPE_SPEAKER, Address=invalid, HA Pair Device=invalid](active=true), dest=AudioRoute[Type=TYPE_SPEAKER, Address=invalid, HA Pair Device=invalid](active=false): CSW.sDc->CAMSM.pM_1002->CARC.pM_SWITCH_FOCUS(cgws)@DGU
06-30 01:35:57.717  1719  2354 I Telecom : AudioRoute: onOrigRouteAsPendingRoute: wasActive (true), type (TYPE_SPEAKER), pending(PendingAudioRoute{, mOrigRoute=AudioRoute[Type=TYPE_SPEAKER, Address=invalid, HA Pair Device=invalid], mDestRoute=AudioRoute[Type=TYPE_SPEAKER, Address=invalid, HA Pair Device=invalid], mActive=false, mCommunicationDeviceType=3}),isScoAlreadyConnected(false): CSW.sDc->CAMSM.pM_1002->CARC.pM_SWITCH_FOCUS(cgws)@DGU
06-30 01:35:57.718  1719  2354 I Telecom : AudioRoute: clearCommunicationDevice: AudioManager#clearCommunicationDevice, type=TYPE_SPEAKER: CSW.sDc->CAMSM.pM_1002->CARC.pM_SWITCH_FOCUS(cgws)@DGU
06-30 01:35:57.719  2109  2109 I TelecomFramework: CompanionClientConnectionService: onAvailableCallEndpointsChanged TC@28_1: (CSW.sDc->CARC.pM_UPDATE_SYSTEM_AUDIO_ROUTE)->CS.oACEC->H.CS.cASC(cgws/cast)@E-DGU
06-30 01:35:57.721  2109  2109 W TelecomFramework: CompanionClientConnectionService: onAvailableCallEndpointsChanged - Cannot find conference TC@28_1: (CSW.sDc->CARC.pM_UPDATE_SYSTEM_AUDIO_ROUTE)->CS.oACEC->H.CS.cASC(cgws/cast)@E-DGU
06-30 01:35:57.722  1719  2354 I Telecom : AudioRoute: clearCommunicationDevice: Clearing pending SPEAKER_ON messages.: CSW.sDc->CAMSM.pM_1002->CARC.pM_SWITCH_FOCUS(cgws)@DGU
06-30 01:35:57.723  1719  2354 I Telecom : AudioRoute: onDestRouteAsPendingRoute: active (false), type (TYPE_SPEAKER), isScoAlreadyConnected(false): CSW.sDc->CAMSM.pM_1002->CARC.pM_SWITCH_FOCUS(cgws)@DGU
06-30 01:35:57.723  1719  2354 I Telecom : CallAudioRouteController: maybeClearPendingMessage: Clearing all BT_AUDIO_CONNECTED pending messages.: CSW.sDc->CAMSM.pM_1002->CARC.pM_SWITCH_FOCUS(cgws)@DGU
06-30 01:35:57.724  1719  2354 I Telecom : PendingAudioRoute: evaluatePendingState: mPendingMessages - {Pair{1007 null}}: CSW.sDc->CAMSM.pM_1002->CARC.pM_SWITCH_FOCUS(cgws)@DGU
06-30 01:35:57.724  1719  2354 I Telecom : CallAudioRouteController: Message received: ON_CALL_REMOVED=5002, arg1=0: CSW.rC->CM.pR->CARC.pM_ON_CALL_REMOVED(cgws)@DGk
06-30 01:35:57.725  1719  2362 I Telecom : CallAudioModeStateMachine: Message received: AUDIO_OPERATIONS_COMPLETE.: CSW.sDc->CAMSM.pM_1002->CARC.pM_SWITCH_FOCUS->CAMSM.pM_6001(cgws)@DGU
06-30 01:35:57.725  2109  2109 I TelecomFramework: CompanionClientConnectionService: onCallEndpointChanged TC@28_1 [CallEndpoint Name: Speaker, Type: SPEAKER, Identifier: d5390fb2-b792-42f7-926e-17c2d00fb222]: (CSW.sDc->CARC.pM_UPDATE_SYSTEM_AUDIO_ROUTE)->CS.oCEC->H.CS.cASC(cgws/cast)@E-DGU
06-30 01:35:57.725  2109  2109 W TelecomFramework: CompanionClientConnectionService: onCallEndpointChanged - Cannot find conference TC@28_1: (CSW.sDc->CARC.pM_UPDATE_SYSTEM_AUDIO_ROUTE)->CS.oCEC->H.CS.cASC(cgws/cast)@E-DGU
06-30 01:35:57.725  1719  2362 I Telecom : CallAudioModeStateMachine: abandonAudioFocus: AudioManager#abandonAudioFocusRequest(); now unfocused: CSW.sDc->CAMSM.pM_1002->CARC.pM_SWITCH_FOCUS->CAMSM.pM_6001(cgws)@DGU
06-30 01:35:57.727  2109  2109 I TelecomFramework: CompanionClientConnectionService: onMuteStateChanged TC@28_1 false: (CSW.sDc->CARC.pM_UPDATE_SYSTEM_AUDIO_ROUTE)->CS.oMSC->H.CS.cASC(cgws/cast)@E-DGU
06-30 01:35:57.728  2109  2109 W TelecomFramework: CompanionClientConnectionService: onMuteStateChanged - Cannot find conference TC@28_1: (CSW.sDc->CARC.pM_UPDATE_SYSTEM_AUDIO_ROUTE)->CS.oMSC->H.CS.cASC(cgws/cast)@E-DGU
06-30 01:35:57.729  2109  2109 I TelecomFramework: CompanionClientConnectionService: onAudioStateChanged TC@28_1 [AudioState isMuted: false, route: SPEAKER, supportedRouteMask: SPEAKER, activeBluetoothDevice: [null], supportedBluetoothDevices: []]: (CSW.sDc->CARC.pM_UPDATE_SYSTEM_AUDIO_ROUTE)->CS.cASC->H.CS.cASC(cgws/cast)@E-DGU
06-30 01:35:57.729  2109  2109 W TelecomFramework: CompanionClientConnectionService: onCallAudioStateChanged - Cannot find conference TC@28_1: (CSW.sDc->CARC.pM_UPDATE_SYSTEM_AUDIO_ROUTE)->CS.cASC->H.CS.cASC(cgws/cast)@E-DGU
06-30 01:35:57.735  1719  1993 I AS.AudioService: onUpdateContextualVolumes: absolute volume driving streams 3 avrcp supported: false
06-30 01:35:57.741  1719  1993 V AS.AudioService: No absolute volume devices
06-30 01:35:57.742  1719  1990 I EventLogger: removeClient: [RouteClient: 1000(com.android.server.telecom) mDevice: Optional[AudioDeviceAttributes: role:output type:speaker addr: name:Google Pixel Watch 2 profiles:[{ENCODING_PCM_16BIT, sampling rates=[48000], channel masks=0x0C, encapsulation type=0}] descriptors:[]] mIsPrivileged: true mStreamActive: false mDisabled: false] -> []
06-30 01:35:57.748  1719  5378 I Telecom : AudioModeTracker: onModeChanged: MODE_RINGTONE -> MODE_NORMAL: AMT.oMC@DHM
06-30 01:35:57.764  1719  1761 I ActivityManager: Start proc 16360:com.android.calllogbackup/u0a44 for broadcast {com.android.calllogbackup/com.android.calllogbackup.CallLogChangeReceiver}
06-30 01:35:57.766  1719 15808 I Telecom : CallLogManager: LogCall; logged callId=TC@28, uri=content://0@call_log/calls/1006
06-30 01:35:57.767  1719  1719 I Telecom : MissedCallNotifierImpl: sendNotificationThroughDefaultDialer; count=7, dialerPackage=com.google.android.dialer, userHandle=UserHandle{0}
06-30 01:35:57.797  1719  1990 I EventLogger: setModeOwnerToken: null -> []
06-30 01:35:58.141  1719  1793 D HighBrightnessModeController: onAmbientLuxChange: 20.125/25000.0, IsHighLux: false
06-30 01:35:58.304  1719  1993 I AS.AudioService: onUpdateContextualVolumes: absolute volume driving streams 3 avrcp supported: false
06-30 01:35:58.306  1719  1993 V AS.AudioService: No absolute volume devices
06-30 01:35:58.524  1719  1719 W Telecom : Logging: Stale Sessions Cleaned:
06-30 01:35:58.524  1719  1719 W Telecom : [32236ms] ARP.hPE(cgws/cast)@1
06-30 01:35:58.860  1719  2003 I AdbWifiNetworkMonitor: Wi-Fi network available
06-30 01:35:58.862  1719  2003 I AdbWifiNetworkMonitor: Received the same Wi-Fi SSID. Ignoring.
06-30 01:35:59.656 15640 15742 D ActivityThread: Too many transaction errors, throttling transaction error callback.
06-30 01:35:59.659  2109 16102 W ContextImpl: Calling a method in the system process without a qualified user: android.app.ContextImpl.bindService:2168 android.content.ContextWrapper.bindService:906 com.google.android.gms.wearable.zzz.dispatchMessageTraced:45 com.google.android.gms.libs.punchclock.threads.TracingHandler.dispatchMessage:0 android.os.Looper.loopOnce:296 
06-30 01:35:59.704  1719  1719 I Telecom : InCallController: Unbinding from services for user UserHandle{0}: CSW.rC->CM.pR->ICC.oCR(cgws)@DGk
06-30 01:35:59.704  1719  1719 I Telecom : InCallController: unbindFromServices: unregister pkg changed receiver.: CSW.rC->CM.pR->ICC.oCR(cgws)@DGk
06-30 01:35:59.706  1719  1719 I Telecom : InCallController: CSICSC: disconnect com.android.server.telecom.InCallController$EmergencyInCallServiceConnection@a2e63d9: CSW.rC->CM.pR->ICC.oCR(cgws)@DGk
06-30 01:35:59.706  1719  1719 I Telecom : EmergencyInCallServiceConnection: Disconnecting from InCallService: CSW.rC->CM.pR->ICC.oCR(cgws)@DGk
06-30 01:35:59.707  1719  1719 I Telecom : InCallController: ICSBC#disconnect: unbinding after 33802 ms;[ComponentInfo{com.google.android.dialer/com.google.android.wearable.googledialer.incall.incallservice.InCallServiceImpl} supportsExternal? true supportsSelfMg?false]. isCrashed: false: CSW.rC->CM.pR->ICC.oCR(cgws)@DGk
06-30 01:35:59.716  1719  1719 I Telecom : InCallController: onDisconnected from ComponentInfo{com.google.android.dialer/com.google.android.wearable.googledialer.incall.incallservice.InCallServiceImpl}: CSW.rC->CM.pR->ICC.oCR(cgws)@DGk
06-30 01:35:59.716  1719  1719 I Telecom : InCallController: trackCallingUserInterfaceStopped: com.google.android.dialer is no longer calling UX: CSW.rC->CM.pR->ICC.oCR(cgws)@DGk
06-30 01:35:59.717  1719  1719 I Telecom : InCallController: ICSBC#disconnect: unbinding after 33746 ms;[ComponentInfo{android/com.android.ecm.EnhancedConfirmationCallTrackerService} supportsExternal? false supportsSelfMg?true]. isCrashed: false: CSW.rC->CM.pR->ICC.oCR(cgws)@DGk
06-30 01:35:59.722  1719  1719 I Telecom : InCallController: onDisconnected from ComponentInfo{android/com.android.ecm.EnhancedConfirmationCallTrackerService}: CSW.rC->CM.pR->ICC.oCR(cgws)@DGk
06-30 01:35:59.723  1719  1719 I Telecom : InCallController: ICSBC#disconnect: unbinding after 33741 ms;[ComponentInfo{android/android.net.ConnectivityCallListenerService} supportsExternal? false supportsSelfMg?true]. isCrashed: false: CSW.rC->CM.pR->ICC.oCR(cgws)@DGk
06-30 01:35:59.723  1719  1719 I Telecom : InCallController: onDisconnected from ComponentInfo{android/android.net.ConnectivityCallListenerService}: CSW.rC->CM.pR->ICC.oCR(cgws)@DGk
06-30 01:35:59.724  1719  1719 I Telecom : InCallController: ICSBC#disconnect: unbinding after 33735 ms;[ComponentInfo{com.google.android.apps.scone/com.google.android.apps.scone.coex.StateService} supportsExternal? false supportsSelfMg?false]. isCrashed: false: CSW.rC->CM.pR->ICC.oCR(cgws)@DGk
06-30 01:35:59.726  1719  1719 I Telecom : InCallController: onDisconnected from ComponentInfo{com.google.android.apps.scone/com.google.android.apps.scone.coex.StateService}: CSW.rC->CM.pR->ICC.oCR(cgws)@DGk
06-30 01:35:59.726  1719  1719 I Telecom : InCallController: ICSBC#disconnect: unbinding after 33730 ms;[ComponentInfo{com.google.android.wearable.pixel.pdms/com.google.android.wearable.pixel.pdms.features.raisetotalk.incallservice.RaiseToTalkInCallService} supportsExternal? true supportsSelfMg?true]. isCrashed: false: CSW.rC->CM.pR->ICC.oCR(cgws)@DGk
06-30 01:35:59.730  1719  1758 W NotificationHistory: Attempted to remove conversation for locked/gone/disabled user 0
06-30 01:35:59.731  1719  1719 I Telecom : InCallController: onDisconnected from ComponentInfo{com.google.android.wearable.pixel.pdms/com.google.android.wearable.pixel.pdms.features.raisetotalk.incallservice.RaiseToTalkInCallService}: CSW.rC->CM.pR->ICC.oCR(cgws)@DGk
06-30 01:35:59.731  1719  1719 I Telecom : InCallController: ICSBC#disconnect: unbinding after 33717 ms;[ComponentInfo{com.google.wear.services/com.google.wear.services.calling.client.WearInCallService} supportsExternal? true supportsSelfMg?true]. isCrashed: false: CSW.rC->CM.pR->ICC.oCR(cgws)@DGk
06-30 01:35:59.733  1719  1719 I Telecom : InCallController: onDisconnected from ComponentInfo{com.google.wear.services/com.google.wear.services.calling.client.WearInCallService}: CSW.rC->CM.pR->ICC.oCR(cgws)@DGk
06-30 01:36:00.798  1719  1914 D ActivityManager: freezing 15265 com.google.android.gms
06-30 01:36:00.803  1719  1914 D ActivityManager: freezing 14728 com.google.android.gms.unstable
06-30 01:36:01.066  1719  1914 D ActivityManager: freezing 15540 com.google.android.apps.walletnfcrel
06-30 01:36:02.923  1719  1914 D ActivityManager: freezing 16360 com.android.calllogbackup
06-30 01:36:08.743  1719  1793 D HighBrightnessModeController: onAmbientLuxChange: 12.32875/25000.0, IsHighLux: false
06-30 01:36:08.745  1719  1793 I DisplayPowerController[0]: BrightnessEvent: brt=0.0(0.0%), nits=-1.0, lux=12.32875, reason=automatic [ dim ], strat=AutomaticBrightnessStrategy, state=ON, stateReason=DEFAULT_POLICY, policy=DIM, flags=, initBrt=0.0, rcmdBrt=0.011626133, preBrt=0.027063698, preLux=20.125, lastReadLux=12.32875, wasShortTermModelActive=false, autoBrightness=true (default), unclampedBrt=0.011626133, hbmMax=0.6556, hbmMode=off, thrmMax=1.0, rbcStrength=50, powerFactor=0.5, physDisp=Built-in Screen(local:4630946367249729921), logicalId=0, slowChange=true, rampSpeed=0.0, colorTemp=NaN, thermalStatus=none
06-30 01:36:08.750  1719  1749 I BrightnessSynchronizer: [498] New Update 0.011626133(f) set brightness values:  4(i)
06-30 01:36:08.752  1719  1749 I BrightnessSynchronizer: Swallowing update of 4(i) by update: {[498] 0.011626133(f), mUpdatedTypes=1, mConfirmedTypes=1, mTimeUpdated=4328865}
06-30 01:36:08.752  1719  1749 I BrightnessSynchronizer: Completed Update: {[498] 0.011626133(f), mUpdatedTypes=1, mConfirmedTypes=1, mTimeUpdated=4328865}
06-30 01:36:09.760  1719  1768 W ProcessStats: Tracking association SourceState{926e324 system/1000 BFgs #16555} whose proc state 4 is better than process ProcessState{e22f7f0 com.google.android.wearable.watchface.rwf/10115 pkg=com.google.android.wearable.watchface.rwf} proc state 5 (8 skipped)
06-30 01:36:10.560  1719  1747 W ActivityTaskManager: callingPackage for (uid=-1, pid=0) has no WPC
06-30 01:36:10.560  1719  1747 W ActivityStartInterceptor: Starting home with component specified, uid=0
06-30 01:36:10.562  1719  1747 W AppCompatResourceOverlayPolicy: constructor: Failed to find VirtualDeviceManagerService
06-30 01:36:10.568  1719  1747 V WindowManager: Aborting Transition: 284
06-30 01:36:10.570  1719  1747 V ActivityTaskManager: TaskLaunchParamsModifier: phase=3 task=Task{226e490 #2 type=home A=10068:com.google.android.wearable.sysui nonResizable} activity=ActivityRecord{38168900 u0 com.google.android.wearable.sysui/.mainui.activity.SysUiActivity t-1} display-area-token-from-option=DefaultTaskDisplayArea@89885625 display-id=0 task-display-area-windowing-mode=1 suggested-display-area=DefaultTaskDisplayArea@89885625 non-freeform-task-display-area display-area=DefaultTaskDisplayArea@89885625 default-portrait freeform-size-mismatch=Rect(54, 54 - 330, 330)
06-30 01:36:10.570  1719  1747 I ActivityTaskManager: START u0 {act=android.intent.action.MAIN cat=[android.intent.category.HOME] flg=0x10000100 cmp=com.google.android.wearable.sysui/.mainui.activity.SysUiActivity (has extras)} with LAUNCH_SINGLE_TASK from uid 0 (BAL_ALLOW_ALLOWLISTED_UID) result code=3
06-30 01:36:10.575  1719  2084 W AppCompatResourceOverlayPolicy: constructor: Failed to find VirtualDeviceManagerService
06-30 01:36:10.583  1719  2084 V ActivityTaskManager: TaskLaunchParamsModifier: phase=3 task=Task{759201b #430 type=standard A=10068:allapps.launcher} activity=ActivityRecord{240026867 u0 com.google.android.wearable.sysui/com.google.android.clockwork.sysui.experiences.globallauncher.AllAppsLauncherActivity t-1} display-area-from-source=DefaultTaskDisplayArea@89885625 display-id=0 task-display-area-windowing-mode=1 suggested-display-area=DefaultTaskDisplayArea@89885625 inherit-from-source=fullscreen non-freeform-task-display-area display-area=DefaultTaskDisplayArea@89885625 default-portrait freeform-size-mismatch=Rect(54, 54 - 330, 330)
06-30 01:36:10.583  1719  2084 I ActivityTaskManager: START u0 {flg=0x10000000 xflg=0x4 cmp=com.google.android.wearable.sysui/com.google.android.clockwork.sysui.experiences.globallauncher.AllAppsLauncherActivity (has extras)} with LAUNCH_SINGLE_INSTANCE from uid 10068 (com.google.android.wearable.sysui) (sr=95421267) (BAL_ALLOW_VISIBLE_WINDOW) result code=2
06-30 01:36:10.583  2285  2373 V WindowManagerShell: Transition requested (#285): android.os.BinderProxy@a50451c TransitionRequestInfo { type = OPEN, triggerTask = TaskInfo{userId=0 taskId=430 effectiveUid=10068 displayId=0 isRunning=true baseIntent=Intent { flg=0x10800000 cmp=com.google.android.wearable.sysui/com.google.android.clockwork.sysui.experiences.globallauncher.AllAppsLauncherActivity } baseActivity=ComponentInfo{com.google.android.wearable.sysui/com.google.android.clockwork.sysui.experiences.globallauncher.AllAppsLauncherActivity} topActivity=ComponentInfo{com.google.android.wearable.sysui/com.google.android.clockwork.sysui.experiences.globallauncher.AllAppsLauncherActivity} origActivity=null realActivity=ComponentInfo{com.google.android.wearable.sysui/com.google.android.clockwork.sysui.experiences.globallauncher.AllAppsLauncherActivity} realActivityIsAppLockEnabled=false numActivities=1 lastActiveTime=51518618 supportsMultiWindow=false supportsMultiWindowWithoutConstraints=false resizeMode=1 isResizeable=true minWidth=-1 minHeight=-1 defaultMinSize=220 token=WCT{android.os.BinderProxy@e779f30} topActivityType=1 pictureInPictureParams=null shouldDockBigOverlays=false launchIntoPipHostTaskId=-1 lastParentTaskIdBeforePip=-1 displayCutoutSafeInsets=Rect(0, 0 - 0, 0) topActivityInfo=ActivityInfo{8e42525 com.google.android.clockwork.sysui.experiences.globallauncher.AllAppsLauncherActivity} launchCookies=[] positionInParent=Point(0, 0) parentTaskId=-1 isFocused=false isInteractive=false isVisible=false isVisibleRequested=false isTopActivityNoDisplay=false isSleeping=false locusId=null displayAreaFeatureId=1 isTopActivityTransparent=false isActivityStackTransparent=false lastNonFullscreenBounds=Rect(54, 54 - 330, 330) leafTaskBoundsFromOptions= false capturedLink=null capturedLinkTimestamp=0 requestedVisibleTypes=503 topActivityRequestOpenInBrowserEducationTimestamp=0 appCompatTaskInfo=AppCompatTaskInfo { topActivityInSizeCompat=false isLeafTask= true eligibleForLetterboxEducation= false isLetterboxEducationEnabled= false isLetterboxDoubleTapEnabled= false eligibleForUserAspectRatioButton= false topActivityBoundsLetterboxed= false isFromLetterboxDoubleTap= false topActivityLetterboxVerticalPosition= -1 topActivityLetterboxHorizontalPosition= -1 topActivityLetterboxWidth=-1 topActivityLetterboxHeight=-1 topActivityAppBounds=Rect(0, 0 - 384, 384) isUserFullscreenOverrideEnabled=false isSystemFullscreenOverrideEnabled=false hasMinAspectRatioOverride=false topActivityLetterboxBounds=null topNonResizableActivityAspectRatio=-1.0} topActivityMainWindowFrame=null isAppBubble=false}, pipChange = null, remoteTransitionInfo = null, displayChanges = null, requestedLocation = null, userChange = null, windowingLayerChange = null, fullscreenRequestChange = null, flags = 0, debugId = 285 }
06-30 01:36:10.584  2285  2373 V WindowManagerShell: Transition (#285): request handled by WearMixedTransitionHandler
06-30 01:36:10.633  1719  2084 D WindowManager: setClientSurface Surface(name=VRI-com.google.android.wearable.sysui/com.google.android.clockwork.sysui.experiences.globallauncher.AllAppsLauncherActivity#574)/@0x8d19bae for 7786cfc com.google.android.wearable.sysui/com.google.android.clockwork.sysui.experiences.globallauncher.AllAppsLauncherActivity
06-30 01:36:10.682  1719  3327 D WindowManager: setClientSurface Surface(name=VRI-Splash Screen com.google.android.wearable.sysui#576)/@0x29fc4ba for 9979cdc Splash Screen com.google.android.wearable.sysui
06-30 01:36:10.718  1719  1746 V WindowManager: Sent Transition (#285) createdAt=06-30 01:36:10.576 via request=TransitionRequestInfo { type = OPEN, triggerTask = TaskInfo{userId=0 taskId=430 effectiveUid=10068 displayId=0 isRunning=true baseIntent=Intent { flg=0x10800000 cmp=com.google.android.wearable.sysui/com.google.android.clockwork.sysui.experiences.globallauncher.AllAppsLauncherActivity } baseActivity=ComponentInfo{com.google.android.wearable.sysui/com.google.android.clockwork.sysui.experiences.globallauncher.AllAppsLauncherActivity} topActivity=ComponentInfo{com.google.android.wearable.sysui/com.google.android.clockwork.sysui.experiences.globallauncher.AllAppsLauncherActivity} origActivity=null realActivity=ComponentInfo{com.google.android.wearable.sysui/com.google.android.clockwork.sysui.experiences.globallauncher.AllAppsLauncherActivity} realActivityIsAppLockEnabled=false numActivities=1 lastActiveTime=51518618 supportsMultiWindow=false supportsMultiWindowWithoutConstraints=false resizeMode=1 isResizeable=true minWidth=-1 minHeight=-1 defaultMinSize=220 token=WCT{RemoteToken{38937e7 Task{759201b #430 type=standard A=10068:allapps.launcher}}} topActivityType=1 pictureInPictureParams=null shouldDockBigOverlays=false launchIntoPipHostTaskId=-1 lastParentTaskIdBeforePip=-1 displayCutoutSafeInsets=Rect(0, 0 - 0, 0) topActivityInfo=ActivityInfo{41f5f94 com.google.android.clockwork.sysui.experiences.globallauncher.AllAppsLauncherActivity} launchCookies=[] positionInParent=Point(0, 0) parentTaskId=-1 isFocused=false isInteractive=false isVisible=false isVisibleRequested=false isTopActivityNoDisplay=false isSleeping=false locusId=null displayAreaFeatureId=1 isTopActivityTransparent=false isActivityStackTransparent=false lastNonFullscreenBounds=Rect(54, 54 - 330, 330) leafTaskBoundsFromOptions= false capturedLink=null capturedLinkTimestamp=0 requestedVisibleTypes=503 topActivityRequestOpenInBrowserEducationTimestamp=0 appCompatTaskInfo=AppCompatTaskInfo { topActivityInSizeCompat=false isLeafTask= true eligibleForLetterboxEducation= false isLetterboxEducationEnabled= false isLetterboxDoubleTapEnabled= false eligibleForUserAspectRatioButton= false topActivityBoundsLetterboxed= false isFromLetterboxDoubleTap= false topActivityLetterboxVerticalPosition= -1 topActivityLetterboxHorizontalPosition= -1 topActivityLetterboxWidth=-1 topActivityLetterboxHeight=-1 topActivityAppBounds=Rect(0, 0 - 384, 384) isUserFullscreenOverrideEnabled=false isSystemFullscreenOverrideEnabled=false hasMinAspectRatioOverride=false topActivityLetterboxBounds=null topNonResizableActivityAspectRatio=-1.0} topActivityMainWindowFrame=null isAppBubble=false}, pipChange = null, remoteTransitionInfo = null, displayChanges = null, requestedLocation = null, userChange = null, windowingLayerChange = null, fullscreenRequestChange = null, flags = 0, debugId = 285 }
06-30 01:36:10.719  1719  1746 V WindowManager:     startWCT=WindowContainerTransaction { changes= {} hops= [] flags= 0 errorCallbackToken=null taskFragmentOrganizer=null }
06-30 01:36:10.719  1719  1746 V WindowManager:     info={id=285 t=OPEN f=0x0 trk=0 r=[0@Point(0, 0)] c=[
06-30 01:36:10.719  1719  1746 V WindowManager:         {WCT{RemoteToken{38937e7 Task{759201b #430 type=standard A=10068:allapps.launcher}}} m=TO_FRONT f=MOVE_TO_TOP|FLAG_CHANGED_INTERACTIVE leash=Surface(name=Task=430#328)/@0x27f6f01 sb=Rect(0, 0 - 384, 384) eb=Rect(0, 0 - 384, 384) epz=Point(384, 384) d=0 taskParent=-1 winMode=1 userId=0},
06-30 01:36:10.719  1719  1746 V WindowManager:         {WCT{RemoteToken{8da584c Task{b936189 #1 type=home}}} m=TO_BACK f=SHOW_WALLPAPER|FLAG_CHANGED_INTERACTIVE leash=Surface(name=Task=1#35)/@0xa23ba20 sb=Rect(0, 0 - 384, 384) eb=Rect(0, 0 - 384, 384) epz=Point(384, 384) d=0 taskParent=-1 winMode=1 userId=0},
06-30 01:36:10.719  1719  1746 V WindowManager:         {m=TO_BACK f=IS_WALLPAPER leash=Surface(name=WallpaperWindowToken{e708434}#38)/@0xc3744e3 sb=Rect(0, 0 - 384, 384) eb=Rect(0, 0 - 384, 384) epz=Point(384, 384) d=0}
06-30 01:36:10.719  1719  1746 V WindowManager:     ]}
06-30 01:36:10.720  2285  2333 V WindowManagerShell: onTransitionReady(transaction=7383048791644)
06-30 01:36:10.721  2285  2373 V WindowManagerShell: onTransitionReady (#285) android.os.BinderProxy@a50451c: {id=285 t=OPEN f=0x0 trk=0 r=[0@Point(0, 0)] c=[
06-30 01:36:10.721  2285  2373 V WindowManagerShell:         {m=TO_FRONT f=MOVE_TO_TOP|FLAG_CHANGED_INTERACTIVE leash=Surface(name=Task=430#328)/@0x4a4fe9b sb=Rect(0, 0 - 384, 384) eb=Rect(0, 0 - 384, 384) epz=Point(384, 384) d=0 taskParent=-1 winMode=1 userId=0},
06-30 01:36:10.721  2285  2373 V WindowManagerShell:         {m=TO_BACK f=SHOW_WALLPAPER|FLAG_CHANGED_INTERACTIVE leash=Surface(name=Task=1#35)/@0x6b5d238 sb=Rect(0, 0 - 384, 384) eb=Rect(0, 0 - 384, 384) epz=Point(384, 384) d=0 taskParent=-1 winMode=1 userId=0},
06-30 01:36:10.721  2285  2373 V WindowManagerShell:         {m=TO_BACK f=IS_WALLPAPER leash=Surface(name=WallpaperWindowToken{e708434}#38)/@0xc7c211 sb=Rect(0, 0 - 384, 384) eb=Rect(0, 0 - 384, 384) epz=Point(384, 384) d=0}
06-30 01:36:10.721  2285  2373 V WindowManagerShell:     ]}
06-30 01:36:10.721  2285  2373 V WindowManagerShell: Playing animation for (#285) android.os.BinderProxy@a50451c@0
06-30 01:36:10.721  2285  2373 V WindowManagerShell:  try firstHandler com.google.android.clockwork.systemui.transition.shelltransition.WearMixedTransitionHandler@30ac255
06-30 01:36:10.736  2285  2373 V WindowManagerShell:  animated by firstHandler
--------- beginning of main
06-30 01:36:10.757  2076  2484 W SysUI   : [RecentTasksLauncherRepo]getRecentApps matched with a Launcher Activity in the task TaskInfo{userId=0 taskId=419 effectiveUid=10079 displayId=-1 isRunning=false baseIntent=Intent { act=android.intent.action.MAIN cat=[android.intent.category.LAUNCHER] flg=0x10000000 cmp=com.google.android.apps.maps/com.google.android.apps.gmmwearable.MainActivity } baseActivity=null topActivity=null origActivity=null realActivity=ComponentInfo{com.google.android.apps.maps/com.google.android.apps.gmmwearable.MainActivity} realActivityIsAppLockEnabled=false numActivities=0 lastActiveTime=1446032 supportsMultiWindow=false supportsMultiWindowWithoutConstraints=false resizeMode=1 isResizeable=true minWidth=-1 minHeight=-1 defaultMinSize=220 token=WCT{android.os.BinderProxy@d538cc8} topActivityType=0 pictureInPictureParams=null shouldDockBigOverlays=false launchIntoPipHostTaskId=-1 lastParentTaskIdBeforePip=-1 displayCutoutSafeInsets=Rect(0, 0 - 0, 0) topActivityInfo=null launchCookies=[] positionInParent=Point(0, 0) parentTaskId=-1 isFocused=false isInteractive=false isVisible=false isVisibleRequested=false isTopActivityNoDisplay=false isSleeping=false locusId=null displayAreaFeatureId=1 isTopActivityTransparent=false isActivityStackTransparent=true lastNonFullscreenBounds=Rect(54, 54 - 330, 330) leafTaskBoundsFromOptions= false capturedLink=null capturedLinkTimestamp=0 requestedVisibleTypes=503 topActivityRequestOpenInBrowserEducationTimestamp=0 appCompatTaskInfo=AppCompatTaskInfo { topActivityInSizeCompat=false isLeafTask= true eligibleForLetterboxEducation= false isLetterboxEducationEnabled= false isLetterboxDoubleTapEnabled= false eligibleForUserAspectRatioButton= false topActivityBoundsLetterboxed= false isFromLetterboxDoubleTap= false topActivityLetterboxVerticalPosition= -1 topActivityLetterboxHorizontalPosition= -1 topActivityLetterboxWidth=-1 topActivityLetterboxHeight=-1 topActivityAppBounds=Rect(0, 0 - 0, 0) isUserFullscreenOverrideEnabled=false isSystemFullscreenOverrideEnabled=false hasMinAspectRatioOverride=false topActivityLetterboxBounds=null topNonResizableActivityAspectRatio=-1.0} topActivityMainWindowFrame=null isAppBubble=false} == ActivityLauncherApp(label=Maps, activity=ComponentInfo{com.google.android.apps.maps/com.google.android.apps.gmmwearable.MainActivity}, launcherIconRequest=AllAppsLauncherIconRequest(packageName=com.google.android.apps.maps, activityName=com.google.android.apps.gmmwearable.MainActivity, isDefaultApp=false), loadLauncherIcon=ioi@c281161)
06-30 01:36:10.757  2076  2484 E SysUI   : [RecentTaskLauncherApp]Couldn't resolve any Activity for task TaskInfo{userId=0 taskId=414 effectiveUid=10111 displayId=-1 isRunning=false baseIntent=Intent { dat=fitbit://details/... flg=0x10008000 cmp=com.fitbit.FitbitMobile/com.google.android.wearable.fitbit.mainapp.today.TodayMainActivity } baseActivity=null topActivity=null origActivity=null realActivity=ComponentInfo{com.fitbit.FitbitMobile/com.google.android.wearable.fitbit.mainapp.today.TodayMainActivity} realActivityIsAppLockEnabled=false numActivities=0 lastActiveTime=1446031 supportsMultiWindow=false supportsMultiWindowWithoutConstraints=false resizeMode=1 isResizeable=true minWidth=-1 minHeight=-1 defaultMinSize=220 token=WCT{android.os.BinderProxy@4612486} topActivityType=0 pictureInPictureParams=null shouldDockBigOverlays=false launchIntoPipHostTaskId=-1 lastParentTaskIdBeforePip=-1 displayCutoutSafeInsets=Rect(0, 0 - 0, 0) topActivityInfo=null launchCookies=[] positionInParent=Point(0, 0) parentTaskId=-1 isFocused=false isInteractive=false isVisible=false isVisibleRequested=false isTopActivityNoDisplay=false isSleeping=false locusId=null displayAreaFeatureId=1 isTopActivityTransparent=false isActivityStackTransparent=true lastNonFullscreenBounds=Rect(54, 54 - 330, 330) leafTaskBoundsFromOptions= false capturedLink=null capturedLinkTimestamp=0 requestedVisibleTypes=503 topActivityRequestOpenInBrowserEducationTimestamp=0 appCompatTaskInfo=AppCompatTaskInfo { topActivityInSizeCompat=false isLeafTask= true eligibleForLetterboxEducation= false isLetterboxEducationEnabled= false isLetterboxDoubleTapEnabled= false eligibleForUserAspectRatioButton= false topActivityBoundsLetterboxed= false isFromLetterboxDoubleTap= false topActivityLetterboxVerticalPosition= -1 topActivityLetterboxHorizontalPosition= -1 topActivityLetterboxWidth=-1 topActivityLetterboxHeight=-1 topActivityAppBounds=Rect(0, 0 - 0, 0) isUserFullscreenOverrideEnabled=false isSystemFullscreenOverrideEnabled=false hasMinAspectRatioOverride=false topActivityLetterboxBounds=null topNonResizableActivityAspectRatio=-1.0} topActivityMainWindowFrame=null isAppBubble=false}
06-30 01:36:10.757  2076  2484 W SysUI   : [RecentTasksLauncherRepo]Using explicit label and icon from base Activity ComponentInfo{com.fitbit.FitbitMobile/com.google.android.wearable.fitbit.mainapp.today.TodayMainActivity}
06-30 01:36:10.758  2076  2484 W SysUI   : [RecentTasksLauncherRepo]getRecentApps matched with a Launcher Activity in the task TaskInfo{userId=0 taskId=402 effectiveUid=10164 displayId=-1 isRunning=false baseIntent=Intent { act=com.google.android.wearable.action.MEDIA_CONTROLS flg=0x10000000 pkg=com.spotify.music cmp=com.spotify.music/com.spotify.wear.main.MainActivity } baseActivity=null topActivity=null origActivity=null realActivity=ComponentInfo{com.spotify.music/com.spotify.wear.main.MainActivity} realActivityIsAppLockEnabled=false numActivities=0 lastActiveTime=1446030 supportsMultiWindow=false supportsMultiWindowWithoutConstraints=false resizeMode=1 isResizeable=true minWidth=-1 minHeight=-1 defaultMinSize=220 token=WCT{android.os.BinderProxy@c219147} topActivityType=0 pictureInPictureParams=null shouldDockBigOverlays=false launchIntoPipHostTaskId=-1 lastParentTaskIdBeforePip=-1 displayCutoutSafeInsets=Rect(0, 0 - 0, 0) topActivityInfo=null launchCookies=[] positionInParent=Point(0, 0) parentTaskId=-1 isFocused=false isInteractive=false isVisible=false isVisibleRequested=false isTopActivityNoDisplay=false isSleeping=false locusId=null displayAreaFeatureId=1 isTopActivityTransparent=false isActivityStackTransparent=true lastNonFullscreenBounds=Rect(54, 54 - 330, 330) leafTaskBoundsFromOptions= false capturedLink=null capturedLinkTimestamp=0 requestedVisibleTypes=503 topActivityRequestOpenInBrowserEducationTimestamp=0 appCompatTaskInfo=AppCompatTaskInfo { topActivityInSizeCompat=false isLeafTask= true eligibleForLetterboxEducation= false isLetterboxEducationEnabled= false isLetterboxDoubleTapEnabled= false eligibleForUserAspectRatioButton= false topActivityBoundsLetterboxed= false isFromLetterboxDoubleTap= false topActivityLetterboxVerticalPosition= -1 topActivityLetterboxHorizontalPosition= -1 topActivityLetterboxWidth=-1 topActivityLetterboxHeight=-1 topActivityAppBounds=Rect(0, 0 - 0, 0) isUserFullscreenOverrideEnabled=false isSystemFullscreenOverrideEnabled=false hasMinAspectRatioOverride=false topActivityLetterboxBounds=null topNonResizableActivityAspectRatio=-1.0} topActivityMainWindowFrame=null isAppBubble=false} == ActivityLauncherApp(label=Spotify, activity=ComponentInfo{com.spotify.music/com.spotify.wear.main.MainActivity}, launcherIconRequest=AllAppsLauncherIconRequest(packageName=com.spotify.music, activityName=com.spotify.wear.main.MainActivity, isDefaultApp=false), loadLauncherIcon=ioi@878ad74)
06-30 01:36:10.759  2076  2484 W SysUI   : [LauncherDefaultRecentsCombiner]Unable to get ActivityDisplayInfo for {com.google.android.apps.youtube.music/com.google.android.apps.youtube.music.wear.WearMainActivity} attempting to fetch from ResolveInfo
06-30 01:36:10.781   493  3417 D SnapAlloc: from handle - reserved size 0 custom content metadata size 0
06-30 01:36:10.781   493  3417 D SnapAlloc: Successfully mapped metadata 0x1
06-30 01:36:10.781   493  3417 I SDM     : Using previously loaded IMapper library.
06-30 01:36:10.782   493  3417 D SnapAlloc: from handle - reserved size 0 custom content metadata size 0
06-30 01:36:10.782   493  3417 D SnapAlloc: Successfully mapped metadata 0x1
06-30 01:36:10.782   493  3417 I SDM     : Using previously loaded IMapper library.
06-30 01:36:10.785   488   540 D SnapAlloc: from handle - reserved size 0 custom content metadata size 0
06-30 01:36:10.785   488   540 D SnapAlloc: Successfully mapped metadata 0x1
06-30 01:36:10.792  1719  1933 I ImeTracker: com.google.android.wearable.sysui:51b32ac2: onRequestHide at ORIGIN_SERVER reason HIDE_UNSPECIFIED_WINDOW fromUser false userId 0 displayId 0
06-30 01:36:10.796   493  3417 D SnapAlloc: from handle - reserved size 0 custom content metadata size 0
06-30 01:36:10.796   493  3417 D SnapAlloc: Successfully mapped metadata 0x1
06-30 01:36:10.798  2076  2076 D InsetsController: hide(ime())
06-30 01:36:10.798  2076  2076 I ImeTracker: com.google.android.wearable.sysui:51b32ac2: onCancelled at PHASE_CLIENT_ALREADY_HIDDEN
06-30 01:36:10.798   488   540 D SnapAlloc: from handle - reserved size 0 custom content metadata size 0
06-30 01:36:10.799   488   540 D SnapAlloc: Successfully mapped metadata 0x1
06-30 01:36:10.813   493  3417 D SnapAlloc: from handle - reserved size 0 custom content metadata size 0
06-30 01:36:10.813   493  3417 D SnapAlloc: Successfully mapped metadata 0x1
06-30 01:36:10.813   493  3417 D SnapAlloc: from handle - reserved size 0 custom content metadata size 0
06-30 01:36:10.813   493  3417 D SnapAlloc: Successfully mapped metadata 0x1
06-30 01:36:10.819   488   661 D SnapAlloc: from handle - reserved size 0 custom content metadata size 0
06-30 01:36:10.819   488   661 D SnapAlloc: Successfully mapped metadata 0x1
06-30 01:36:10.830   493  3417 D SnapAlloc: from handle - reserved size 0 custom content metadata size 0
06-30 01:36:10.830   493  3417 D SnapAlloc: Successfully mapped metadata 0x1
06-30 01:36:10.830   493  3417 D SnapAlloc: from handle - reserved size 0 custom content metadata size 0
06-30 01:36:10.830   493  3417 D SnapAlloc: Successfully mapped metadata 0x1
06-30 01:36:10.846   493  3417 D SnapAlloc: from handle - reserved size 0 custom content metadata size 0
06-30 01:36:10.846   493  3417 D SnapAlloc: Successfully mapped metadata 0x1
06-30 01:36:10.974  1719  1901 I SensorService: Setting connection 0xe47359c0 disabled status to 0 for reason 2
06-30 01:36:10.984  1719  1760 D ActivityManager: sync unfroze 8905 com.fitbit.FitbitMobile for 3
06-30 01:36:10.997   493  3417 D SnapAlloc: from handle - reserved size 0 custom content metadata size 0
06-30 01:36:10.997   493  3417 D SnapAlloc: Successfully mapped metadata 0x1
06-30 01:36:11.032  1719  1967 I HalDevMgr: bestIfaceCreationProposal is null, requestIface=STA, existingIface=[name=wlan0 type=STA]
06-30 01:36:11.082   391   416 E pixelstats-uevent: Unable to read  - No such file or directory
06-30 01:36:11.099  1435  1435 E BatteryDefender: Failed to read /sys/devices/platform/google,charger/bd_state
06-30 01:36:11.119  1435  1435 E BatteryDefender: Failed to read /sys/devices/platform/google,charger/bd_state
06-30 01:36:11.129  2285  2373 V WindowManagerShell: Transition animation finished (aborted=false), notifying core (#285) android.os.BinderProxy@a50451c@0
06-30 01:36:11.136  1719  3327 D DOS_DisplayControlLock: released: android.os.BinderProxy@f9c2663
06-30 01:36:11.136  1719  3327 I DOS_DisplayControlLock: All released
06-30 01:36:11.140  1719  1746 V WindowManager: Finish Transition (#285): created at 06-30 01:36:10.576 collect-started=0.043ms request-sent=4.651ms started=7.583ms ready=18.564ms sent=131.868ms commit=41.605ms finished=562.345ms
06-30 01:36:11.141  2076  2076 D VRI[SysUiActivity]: visibilityChanged oldVisibility=true newVisibility=false
06-30 01:36:11.142  2142  2142 D WallpaperService: onVisibilityChanged(false): dcf@fe5ccda
06-30 01:36:11.142  2142  2142 I WatchFaceService: onVisibilityChanged(false)
06-30 01:36:11.143  2285  2373 V WindowManagerShell: Track 0 became idle
06-30 01:36:11.143  2285  2373 V WindowManagerShell: All active transition animations finished
06-30 01:36:11.153  1719  1750 I DOLayout: onWallpaperVisibilityChanged: visible=false displayId=0
06-30 01:36:11.155  1719  1719 I DisplayOffload: skipping watchface visibility update, since pipe not found (10115,false)
06-30 01:36:11.240  2285  2303 W System  : A resource failed to call release. 
06-30 01:36:11.240  2285  2303 W System  : A resource failed to call release. 
06-30 01:36:11.241  2285  2303 W System  : A resource failed to call release. 
06-30 01:36:11.241  2285  2303 W System  : A resource failed to call release. 
06-30 01:36:11.241  2285  2303 W System  : A resource failed to call release. 
06-30 01:36:11.241  2285  2303 W System  : A resource failed to call release. 
06-30 01:36:11.413   391   416 E pixelstats-uevent: Unable to read  - No such file or directory
06-30 01:36:11.420  1435  1435 E BatteryDefender: Failed to read /sys/devices/platform/google,charger/bd_state
06-30 01:36:11.428  1435  1435 E BatteryDefender: Failed to read /sys/devices/platform/google,charger/bd_state
06-30 01:36:12.583  1226  1226 I adbd    : adbd service requested 'shell,v2,TERM=xterm-256color,raw:am startservice -a com.google.android.gms.wearable.DATA_CHANGED -n com.google.android.wearable.assistant/com.google.android.libraries.assistant.pcp.wearabledatalayer.ProactiveWearableListenerService -d wear://*/assistant/proactive'
06-30 01:36:12.707  1226  1226 I adbd    : adbd service requested 'shell,v2,TERM=xterm-256color,raw:am startservice -a com.google.android.ssb.action.SSB_SERVICE -n com.google.android.wearable.assistant/com.google.android.wearable.libraries.assistantclientlib.AssistantService'
06-30 01:36:12.798  1226  1226 I adbd    : adbd service requested 'shell,v2,TERM=xterm-256color,raw:am startservice -a com.google.android.gms.wearable.MESSAGE_RECEIVED -n com.google.android.dialer/com.google.android.dialershared.wearabledatalayer.messageclient.service.DialerWearableListenerService -d wear://*/dialer'
06-30 01:36:12.903  1226  1226 I adbd    : adbd service requested 'shell,v2,TERM=xterm-256color,raw:am startservice -a com.google.android.gms.wearable.REQUEST_RECEIVED -n com.google.android.dialer/com.google.android.dialershared.wearabledatalayer.messageclient.service.DialerWearableListenerService'
06-30 01:36:12.953  1719  1793 D HighBrightnessModeController: onAmbientLuxChange: 14.651251/25000.0, IsHighLux: false
06-30 01:36:12.953  1719  1793 I DisplayOffload: allowAutoBrightnessInDoze: stateOverride=UNKNOWN
06-30 01:36:12.953  1719  1793 I DisplayPowerController[0]: BrightnessEvent: brt=0.0(0.0%), nits=-1.0, lux=14.651251, reason=automatic [ dim ], strat=AutomaticBrightnessStrategy, state=ON, stateReason=DEFAULT_POLICY, policy=DIM, flags=, initBrt=0.0, rcmdBrt=0.020708233, preBrt=0.011626133, preLux=12.32875, lastReadLux=14.65125, wasShortTermModelActive=false, autoBrightness=true (default), unclampedBrt=0.020708233, hbmMax=0.6556, hbmMode=off, thrmMax=1.0, rbcStrength=50, powerFactor=0.5, physDisp=Built-in Screen(local:4630946367249729921), logicalId=0, slowChange=true, rampSpeed=0.0, colorTemp=NaN, thermalStatus=none
06-30 01:36:12.954  1719  1793 I DisplayOffload: allowAutoBrightnessInDoze: stateOverride=UNKNOWN
06-30 01:36:12.955  1719  1749 I BrightnessSynchronizer: [499] New Update 0.020708233(f) set brightness values:  6(i)
06-30 01:36:12.956  1719  1749 I BrightnessSynchronizer: Swallowing update of 6(i) by update: {[499] 0.020708233(f), mUpdatedTypes=1, mConfirmedTypes=1, mTimeUpdated=4333071}
06-30 01:36:12.956  1719  1749 I BrightnessSynchronizer: Completed Update: {[499] 0.020708233(f), mUpdatedTypes=1, mConfirmedTypes=1, mTimeUpdated=4333071}
06-30 01:36:12.999  1226  1226 I adbd    : adbd service requested 'shell,v2,TERM=xterm-256color,raw:am start -a android.intent.action.DIAL -d tel:+1234567890 -n com.google.android.dialer/com.google.android.wearable.googledialer.homescreen.impl.ui.HomeScreenActivity'
06-30 01:36:13.082  1719  3060 W ActivityTaskManager: callingPackage for (uid=2000, pid=16421) has no WPC
06-30 01:36:13.083  1719  3060 W AppCompatResourceOverlayPolicy: constructor: Failed to find VirtualDeviceManagerService
06-30 01:36:13.083  1719  3060 V GrammaticalInflectionUtils: AttributionSource: android.content.AttributionSource@516a7074 does not have READ_SYSTEM_GRAMMATICAL_GENDER permission.
06-30 01:36:13.096  1719  3060 V ActivityTaskManager: TaskLaunchParamsModifier: phase=3 task=Task{ed7527 #438 type=standard I=com.google.android.dialer/com.google.android.wearable.googledialer.homescreen.impl.ui.HomeScreenActivity} activity=ActivityRecord{266382310 u0 com.google.android.dialer/com.google.android.wearable.googledialer.homescreen.impl.ui.HomeScreenActivity t-1} display-from-task=0 display-id=0 task-display-area-windowing-mode=1 suggested-display-area=DefaultTaskDisplayArea@89885625 inherit-from-task=fullscreen non-freeform-task-display-area display-area=DefaultTaskDisplayArea@89885625 default-portrait freeform-size-mismatch=Rect(54, 54 - 330, 330)
06-30 01:36:13.097  1719  3060 I ActivityTaskManager: START u0 {act=android.intent.action.DIAL dat=tel:xxxxxxxxxxx flg=0x10000000 xflg=0x4 cmp=com.google.android.dialer/com.google.android.wearable.googledialer.homescreen.impl.ui.HomeScreenActivity} with LAUNCH_SINGLE_TASK from uid 2000 (com.android.shell) (BAL_ALLOW_PERMISSION) result code=0
06-30 01:36:13.098  2285  2373 V WindowManagerShell: Transition requested (#286): android.os.BinderProxy@5af1a05 TransitionRequestInfo { type = OPEN, triggerTask = TaskInfo{userId=0 taskId=438 effectiveUid=10072 displayId=0 isRunning=true baseIntent=Intent { act=android.intent.action.DIAL dat=tel:xxxxxxxxxxx flg=0x10000000 cmp=com.google.android.dialer/com.google.android.wearable.googledialer.homescreen.impl.ui.HomeScreenActivity } baseActivity=ComponentInfo{com.google.android.dialer/com.google.android.wearable.googledialer.homescreen.impl.ui.HomeScreenActivity} topActivity=ComponentInfo{com.google.android.dialer/com.google.android.wearable.googledialer.homescreen.impl.ui.HomeScreenActivity} origActivity=null realActivity=ComponentInfo{com.google.android.dialer/com.google.android.wearable.googledialer.homescreen.impl.ui.HomeScreenActivity} realActivityIsAppLockEnabled=false numActivities=1 lastActiveTime=51792948 supportsMultiWindow=false supportsMultiWindowWithoutConstraints=false resizeMode=1 isResizeable=true minWidth=-1 minHeight=-1 defaultMinSize=220 token=WCT{android.os.BinderProxy@a59ca5a} topActivityType=1 pictureInPictureParams=null shouldDockBigOverlays=false launchIntoPipHostTaskId=-1 lastParentTaskIdBeforePip=-1 displayCutoutSafeInsets=Rect(0, 0 - 0, 0) topActivityInfo=ActivityInfo{f7ec48b com.google.android.wearable.googledialer.homescreen.impl.ui.HomeScreenActivity} launchCookies=[] positionInParent=Point(0, 0) parentTaskId=-1 isFocused=false isInteractive=false isVisible=false isVisibleRequested=false isTopActivityNoDisplay=false isSleeping=false locusId=null displayAreaFeatureId=1 isTopActivityTransparent=false isActivityStackTransparent=false lastNonFullscreenBounds=Rect(54, 54 - 330, 330) leafTaskBoundsFromOptions= false capturedLink=null capturedLinkTimestamp=0 requestedVisibleTypes=503 topActivityRequestOpenInBrowserEducationTimestamp=0 appCompatTaskInfo=AppCompatTaskInfo { topActivityInSizeCompat=false isLeafTask= true eligibleForLetterboxEducation= false isLetterboxEducationEnabled= false isLetterboxDoubleTapEnabled= false eligibleForUserAspectRatioButton= false topActivityBoundsLetterboxed= false isFromLetterboxDoubleTap= false topActivityLetterboxVerticalPosition= -1 topActivityLetterboxHorizontalPosition= -1 topActivityLetterboxWidth=-1 topActivityLetterboxHeight=-1 topActivityAppBounds=Rect(0, 0 - 384, 384) isUserFullscreenOverrideEnabled=false isSystemFullscreenOverrideEnabled=false hasMinAspectRatioOverride=false topActivityLetterboxBounds=null topNonResizableActivityAspectRatio=-1.0} topActivityMainWindowFrame=null isAppBubble=false}, pipChange = null, remoteTransitionInfo = null, displayChanges = null, requestedLocation = null, userChange = null, windowingLayerChange = null, fullscreenRequestChange = null, flags = 0, debugId = 286 }
06-30 01:36:13.102  2285  2373 V WindowManagerShell: Transition (#286): request handled by WearMixedTransitionHandler
06-30 01:36:13.103  1719  2083 D CorePackageUpdate: Couldn't find a persistent state for task= 438
06-30 01:36:13.119  2285  2285 I DisplayOffloadManager: updateTopActivity: taskId = 430; activityToFront=ComponentInfo{com.google.android.wearable.sysui/com.google.android.clockwork.sysui.experiences.globallauncher.AllAppsLauncherActivity}
06-30 01:36:13.123  1719  2083 D DisplayOffload: updateTopTask: taskId=430; activityToFront=ComponentInfo{com.google.android.wearable.sysui/com.google.android.clockwork.sysui.experiences.globallauncher.AllAppsLauncherActivity}
06-30 01:36:13.125  2285  2596 E perf_hint: createSessionUsingConfig: PerformanceHint cannot create session. PowerHintSessions are not supported!
06-30 01:36:13.127  1719  2157 W InputChannel-JNI: Channel already disposed.
06-30 01:36:13.128 11188 11188 I OutgoingCallTrustedCont: Disabled on non-P11 devices or non-kids mode. [CONTEXT ratelimit_period="1 MINUTES" ]
06-30 01:36:13.128 11188 11188 I DialerOutgoingCallTrustedContactsEnabledFn: com.google.android.wearable.googledialer.parentalcontrols.enabledfn.OutgoingCallTrustedContactsEnabledFn.isEnabled:22 Disabled on non-P11 devices or non-kids mode. [CONTEXT ratelimit_period="1 MINUTES" ]
06-30 01:36:13.132  1719  3674 D WindowManager: setClientSurface Surface(name=VRI-Splash Screen com.google.android.dialer#587)/@0x65ce96c for e6a5079 Splash Screen com.google.android.dialer
06-30 01:36:13.135  2285  2423 I Surface : Creating surface for consumer unnamed-2285-29 with slotExpansion=1 for 64 slots
06-30 01:36:13.136  2285  2423 I Surface : Creating surface for consumer VRI[dialer]#29(BLAST Consumer)29 with slotExpansion=1 for 64 slots
06-30 01:36:13.138   489   489 I SnapAlloc: Using graphics libs for alignment calculations
06-30 01:36:13.139   489   489 D SnapAlloc: from handle - reserved size 4287224480 custom content metadata size 0
06-30 01:36:13.139   489   489 D SnapAlloc: Successfully mapped metadata 0x1
06-30 01:36:13.139   489   489 D SnapAlloc: from handle - reserved size 0 custom content metadata size 0
06-30 01:36:13.139   489   489 D SnapAlloc: Successfully mapped metadata 0x1
06-30 01:36:13.140  2285 16424 D SnapAlloc: from handle - reserved size 0 custom content metadata size 0
06-30 01:36:13.140  2285 16424 D SnapAlloc: Successfully mapped metadata 0x1
06-30 01:36:13.140   489   489 I SnapAlloc: Using graphics libs for alignment calculations
06-30 01:36:13.141   489   489 D SnapAlloc: from handle - reserved size 4287224480 custom content metadata size 0
06-30 01:36:13.141   489   489 D SnapAlloc: Successfully mapped metadata 0x1
06-30 01:36:13.141   489   489 D SnapAlloc: from handle - reserved size 0 custom content metadata size 0
06-30 01:36:13.141   489   489 D SnapAlloc: Successfully mapped metadata 0x1
06-30 01:36:13.141  2285 16424 D SnapAlloc: from handle - reserved size 0 custom content metadata size 0
06-30 01:36:13.142  2285 16424 D SnapAlloc: Successfully mapped metadata 0x1
06-30 01:36:13.142   489   489 I SnapAlloc: Using graphics libs for alignment calculations
06-30 01:36:13.142   488   542 D SnapAlloc: from handle - reserved size 0 custom content metadata size 0
06-30 01:36:13.142   488   542 D SnapAlloc: Successfully mapped metadata 0x1
06-30 01:36:13.143   489   489 D SnapAlloc: from handle - reserved size 4287224480 custom content metadata size 0
06-30 01:36:13.143   489   489 D SnapAlloc: Successfully mapped metadata 0x1
06-30 01:36:13.143   489   489 D SnapAlloc: from handle - reserved size 0 custom content metadata size 0
06-30 01:36:13.143   489   489 D SnapAlloc: Successfully mapped metadata 0x1
06-30 01:36:13.144  2285 16424 D SnapAlloc: from handle - reserved size 0 custom content metadata size 0
06-30 01:36:13.144  2285 16424 D SnapAlloc: Successfully mapped metadata 0x1
06-30 01:36:13.145   489   489 I SnapAlloc: Using graphics libs for alignment calculations
06-30 01:36:13.145   489   489 D SnapAlloc: from handle - reserved size 4287224480 custom content metadata size 0
06-30 01:36:13.145   489   489 D SnapAlloc: Successfully mapped metadata 0x1
06-30 01:36:13.145   489   489 D SnapAlloc: from handle - reserved size 0 custom content metadata size 0
06-30 01:36:13.145   489   489 D SnapAlloc: Successfully mapped metadata 0x1
06-30 01:36:13.146  2285 16424 D SnapAlloc: from handle - reserved size 0 custom content metadata size 0
06-30 01:36:13.146  2285 16424 D SnapAlloc: Successfully mapped metadata 0x1
06-30 01:36:13.154   489   489 I SnapAlloc: Using graphics libs for alignment calculations
06-30 01:36:13.154   489   489 E SnapAlloc: Failed to get format mapping to use mmm_color_fmt
06-30 01:36:13.154   489   489 W SnapAlloc: Error while getting constraints from display libs width 192, height 192, format 0
06-30 01:36:13.154   489   489 D SnapAlloc: from handle - reserved size 4287224480 custom content metadata size 0
06-30 01:36:13.155   489   489 D SnapAlloc: Successfully mapped metadata 0x1
06-30 01:36:13.155   489   489 D SnapAlloc: from handle - reserved size 0 custom content metadata size 0
06-30 01:36:13.155   489   489 D SnapAlloc: Successfully mapped metadata 0x1
06-30 01:36:13.155  2285  3863 V WindowManagerShell: onTransitionReady(transaction=7383048791718)
06-30 01:36:13.155   488   542 D SnapAlloc: from handle - reserved size 0 custom content metadata size 0
06-30 01:36:13.155  2285  2373 V WindowManagerShell: onTransitionReady (#286) android.os.BinderProxy@5af1a05: {id=286 t=OPEN f=0x0 trk=0 r=[0@Point(0, 0)] c=[
06-30 01:36:13.155  2285  2373 V WindowManagerShell:         {m=OPEN f=MOVE_TO_TOP|FLAG_CHANGED_INTERACTIVE leash=Surface(name=Task=438#584)/@0x7de6ddc sb=Rect(0, 0 - 384, 384) eb=Rect(0, 0 - 384, 384) epz=Point(384, 384) d=0 taskParent=-1 winMode=1 userId=0},
06-30 01:36:13.155  2285  2373 V WindowManagerShell:         {m=TO_BACK f=FLAG_CHANGED_INTERACTIVE leash=Surface(name=Task=430#328)/@0x355fee5 sb=Rect(0, 0 - 384, 384) eb=Rect(0, 0 - 384, 384) epz=Point(384, 384) d=0 taskParent=-1 winMode=1 userId=0}
06-30 01:36:13.155  2285  2373 V WindowManagerShell:     ]}
06-30 01:36:13.155   488   542 D SnapAlloc: Successfully mapped metadata 0x1
06-30 01:36:13.155  2285  2373 V WindowManagerShell: Playing animation for (#286) android.os.BinderProxy@5af1a05@0
06-30 01:36:13.156  2285  2373 V WindowManagerShell:  try firstHandler com.google.android.clockwork.systemui.transition.shelltransition.WearMixedTransitionHandler@30ac255
06-30 01:36:13.159  1719  1750 D SnapAlloc: from handle - reserved size 0 custom content metadata size 0
06-30 01:36:13.159  1719  1750 D SnapAlloc: Successfully mapped metadata 0x1
06-30 01:36:13.161  2076  2097 D SnapAlloc: from handle - reserved size 0 custom content metadata size 0
06-30 01:36:13.161  2076  2097 D SnapAlloc: Successfully mapped metadata 0x1
06-30 01:36:13.162  2076  2076 E TaskSnapshot: getHardwareBuffer is deprecated!
06-30 01:36:13.162  1719  1746 V WindowManager: Sent Transition (#286) createdAt=06-30 01:36:13.085 via request=TransitionRequestInfo { type = OPEN, triggerTask = TaskInfo{userId=0 taskId=438 effectiveUid=10072 displayId=0 isRunning=true baseIntent=Intent { act=android.intent.action.DIAL dat=tel:xxxxxxxxxxx flg=0x10000000 cmp=com.google.android.dialer/com.google.android.wearable.googledialer.homescreen.impl.ui.HomeScreenActivity } baseActivity=ComponentInfo{com.google.android.dialer/com.google.android.wearable.googledialer.homescreen.impl.ui.HomeScreenActivity} topActivity=ComponentInfo{com.google.android.dialer/com.google.android.wearable.googledialer.homescreen.impl.ui.HomeScreenActivity} origActivity=null realActivity=ComponentInfo{com.google.android.dialer/com.google.android.wearable.googledialer.homescreen.impl.ui.HomeScreenActivity} realActivityIsAppLockEnabled=false numActivities=1 lastActiveTime=51792948 supportsMultiWindow=false supportsMultiWindowWithoutConstraints=false resizeMode=1 isResizeable=true minWidth=-1 minHeight=-1 defaultMinSize=220 token=WCT{RemoteToken{46095b1 Task{ed7527 #438 type=standard I=com.google.android.dialer/com.google.android.wearable.googledialer.homescreen.impl.ui.HomeScreenActivity}}} topActivityType=1 pictureInPictureParams=null shouldDockBigOverlays=false launchIntoPipHostTaskId=-1 lastParentTaskIdBeforePip=-1 displayCutoutSafeInsets=Rect(0, 0 - 0, 0) topActivityInfo=ActivityInfo{2a1da96 com.google.android.wearable.googledialer.homescreen.impl.ui.HomeScreenActivity} launchCookies=[] positionInParent=Point(0, 0) parentTaskId=-1 isFocused=false isInteractive=false isVisible=false isVisibleRequested=false isTopActivityNoDisplay=false isSleeping=false locusId=null displayAreaFeatureId=1 isTopActivityTransparent=false isActivityStackTransparent=false lastNonFullscreenBounds=Rect(54, 54 - 330, 330) leafTaskBoundsFromOptions= false capturedLink=null capturedLinkTimestamp=0 requestedVisibleTypes=503 topActivityRequestOpenInBrowserEducationTimestamp=0 appCompatTaskInfo=AppCompatTaskInfo { topActivityInSizeCompat=false isLeafTask= true eligibleForLetterboxEducation= false isLetterboxEducationEnabled= false isLetterboxDoubleTapEnabled= false eligibleForUserAspectRatioButton= false topActivityBoundsLetterboxed= false isFromLetterboxDoubleTap= false topActivityLetterboxVerticalPosition= -1 topActivityLetterboxHorizontalPosition= -1 topActivityLetterboxWidth=-1 topActivityLetterboxHeight=-1 topActivityAppBounds=Rect(0, 0 - 384, 384) isUserFullscreenOverrideEnabled=false isSystemFullscreenOverrideEnabled=false hasMinAspectRatioOverride=false topActivityLetterboxBounds=null topNonResizableActivityAspectRatio=-1.0} topActivityMainWindowFrame=null isAppBubble=false}, pipChange = null, remoteTransitionInfo = null, displayChanges = null, requestedLocation = null, userChange = null, windowingLayerChange = null, fullscreenRequestChange = null, flags = 0, debugId = 286 }
06-30 01:36:13.162  1719  1746 V WindowManager:     startWCT=WindowContainerTransaction { changes= {} hops= [] flags= 0 errorCallbackToken=null taskFragmentOrganizer=null }
06-30 01:36:13.163  1719  1746 V WindowManager:     info={id=286 t=OPEN f=0x0 trk=0 r=[0@Point(0, 0)] c=[
06-30 01:36:13.163  1719  1746 V WindowManager:         {WCT{RemoteToken{46095b1 Task{ed7527 #438 type=standard I=com.google.android.dialer/com.google.android.wearable.googledialer.homescreen.impl.ui.HomeScreenActivity}}} m=OPEN f=MOVE_TO_TOP|FLAG_CHANGED_INTERACTIVE leash=Surface(name=Task=438#584)/@0xa367b35 sb=Rect(0, 0 - 384, 384) eb=Rect(0, 0 - 384, 384) epz=Point(384, 384) d=0 taskParent=-1 winMode=1 userId=0},
06-30 01:36:13.163  1719  1746 V WindowManager:         {WCT{RemoteToken{38937e7 Task{759201b #430 type=standard A=10068:allapps.launcher}}} m=TO_BACK f=FLAG_CHANGED_INTERACTIVE leash=Surface(name=Task=430#328)/@0x27f6f01 sb=Rect(0, 0 - 384, 384) eb=Rect(0, 0 - 384, 384) epz=Point(384, 384) d=0 taskParent=-1 winMode=1 userId=0}
06-30 01:36:13.163  1719  1746 V WindowManager:     ]}
06-30 01:36:13.163  2285  2373 V WindowManagerShell:  animated by firstHandler
06-30 01:36:13.167  2285  2373 V ShellTaskOrganizer: Task appeared taskId=438 listener=FullscreenTaskListener
06-30 01:36:13.167  2285  2373 V ShellTaskOrganizer: Fullscreen Task Appeared: #438
06-30 01:36:13.168  1719  2157 W AppCompatResourceOverlayPolicy: constructor: Failed to find VirtualDeviceManagerService
06-30 01:36:13.171  2285  2285 I WakefulDisplayControlLock: acquire: acquired without timeout, using default, mTag=task-opening
06-30 01:36:13.171  1719  2157 V GrammaticalInflectionUtils: AttributionSource: android.content.AttributionSource@516a7074 does not have READ_SYSTEM_GRAMMATICAL_GENDER permission.
06-30 01:36:13.173  1719  2157 D CompatChangeReporter: Compat change id reported: 358129114; UID 10072; state: ENABLED
06-30 01:36:13.173  2285  2285 I DisplayOffloadManager: updateTopActivity: taskId = 438; activityToFront=ComponentInfo{com.google.android.dialer/com.google.android.wearable.googledialer.homescreen.impl.ui.HomeScreenActivity}
06-30 01:36:13.173  1719  2084 D DOS_DisplayControlLock: acquired: SystemUIRCDCLock android.os.BinderProxy@f9c2663
06-30 01:36:13.173  1719  2084 I DOS_DisplayControlLock: First acquired
06-30 01:36:13.174  1719  2084 I DisplayControlPolicy: isOffloadStartPending: hasUnreleased lock
06-30 01:36:13.174  1719  2084 D DisplayOffload: updateTopTask: taskId=438; activityToFront=ComponentInfo{com.google.android.dialer/com.google.android.wearable.googledialer.homescreen.impl.ui.HomeScreenActivity}
06-30 01:36:13.181  1719  2157 V ActivityTaskManager: TaskLaunchParamsModifier: phase=3 task=Task{ed7527 #438 type=standard I=com.google.android.dialer/com.google.android.wearable.googledialer.homescreen.impl.ui.HomeScreenActivity} activity=ActivityRecord{86200112 u0 com.google.android.dialer/com.google.android.wearable.googledialer.dialpad.outgoingdialpad.impl.ui.OutgoingDialpadActivity t-1} display-area-from-source=DefaultTaskDisplayArea@89885625 display-id=0 task-display-area-windowing-mode=1 suggested-display-area=DefaultTaskDisplayArea@89885625 inherit-from-source=fullscreen non-freeform-task-display-area display-area=DefaultTaskDisplayArea@89885625 default-portrait freeform-size-mismatch=Rect(54, 54 - 330, 330)
06-30 01:36:13.181  1719  2157 I ActivityTaskManager: START u0 {xflg=0x4 cmp=com.google.android.dialer/com.google.android.wearable.googledialer.dialpad.outgoingdialpad.impl.ui.OutgoingDialpadActivity (has extras)} with LAUNCH_SINGLE_TOP from uid 10072 (com.google.android.dialer) (sr=266382310) (BAL_ALLOW_VISIBLE_WINDOW) result code=0
06-30 01:36:13.181  2285  2373 V WindowManagerShell: Transition requested (#287): android.os.BinderProxy@d689c74 TransitionRequestInfo { type = OPEN, triggerTask = TaskInfo{userId=0 taskId=438 effectiveUid=10072 displayId=0 isRunning=true baseIntent=Intent { act=android.intent.action.DIAL dat=tel:xxxxxxxxxxx flg=0x10000000 cmp=com.google.android.dialer/com.google.android.wearable.googledialer.homescreen.impl.ui.HomeScreenActivity } baseActivity=ComponentInfo{com.google.android.dialer/com.google.android.wearable.googledialer.homescreen.impl.ui.HomeScreenActivity} topActivity=ComponentInfo{com.google.android.dialer/com.google.android.wearable.googledialer.dialpad.outgoingdialpad.impl.ui.OutgoingDialpadActivity} origActivity=null realActivity=ComponentInfo{com.google.android.dialer/com.google.android.wearable.googledialer.homescreen.impl.ui.HomeScreenActivity} realActivityIsAppLockEnabled=false numActivities=2 lastActiveTime=51793031 supportsMultiWindow=false supportsMultiWindowWithoutConstraints=false resizeMode=1 isResizeable=true minWidth=-1 minHeight=-1 defaultMinSize=220 token=WCT{android.os.BinderProxy@a59ca5a} topActivityType=1 pictureInPictureParams=null shouldDockBigOverlays=false launchIntoPipHostTaskId=-1 lastParentTaskIdBeforePip=-1 displayCutoutSafeInsets=Rect(0, 0 - 0, 0) topActivityInfo=ActivityInfo{aee259d com.google.android.wearable.googledialer.dialpad.outgoingdialpad.impl.ui.OutgoingDialpadActivity} launchCookies=[] positionInParent=Point(0, 0) parentTaskId=-1 isFocused=true isInteractive=true isVisible=true isVisibleRequested=true isTopActivityNoDisplay=false isSleeping=false locusId=null displayAreaFeatureId=1 isTopActivityTransparent=false isActivityStackTransparent=false lastNonFullscreenBounds=Rect(54, 54 - 330, 330) leafTaskBoundsFromOptions= false capturedLink=null capturedLinkTimestamp=0 requestedVisibleTypes=503 topActivityRequestOpenInBrowserEducationTimestamp=0 appCompatTaskInfo=AppCompatTaskInfo { topActivityInSizeCompat=false isLeafTask= true eligibleForLetterboxEducation= false isLetterboxEducationEnabled= false isLetterboxDoubleTapEnabled= false eligibleForUserAspectRatioButton= false topActivityBoundsLetterboxed= false isFromLetterboxDoubleTap= false topActivityLetterboxVerticalPosition= -1 topActivityLetterboxHorizontalPosition= -1 topActivityLetterboxWidth=-1 topActivityLetterboxHeight=-1 topActivityAppBounds=Rect(0, 0 - 384, 384) isUserFullscreenOverrideEnabled=false isSystemFullscreenOverrideEnabled=false hasMinAspectRatioOverride=false topActivityLetterboxBounds=null topNonResizableActivityAspectRatio=-1.0} topActivityMainWindowFrame=null isAppBubble=false}, pipChange = null, remoteTransitionInfo = null, displayChanges = null, requestedLocation = null, userChange = null, windowingLayerChange = null, fullscreenRequestChange = null, flags = 0, debugId = 287 }
06-30 01:36:13.181  2285  2373 V WindowManagerShell: Transition (#287): request handled by WearMixedTransitionHandler
06-30 01:36:13.185  2285  2285 I DisplayOffloadManager: updateTopActivity: taskId = 438; activityToFront=ComponentInfo{com.google.android.dialer/com.google.android.wearable.googledialer.dialpad.outgoingdialpad.impl.ui.OutgoingDialpadActivity}
06-30 01:36:13.185  1719  2157 D DisplayOffload: updateTopTask: taskId=438; activityToFront=ComponentInfo{com.google.android.dialer/com.google.android.wearable.googledialer.dialpad.outgoingdialpad.impl.ui.OutgoingDialpadActivity}
06-30 01:36:13.194 11188 12367 V ClearcutMetricXmitter: Transmission is done.
06-30 01:36:13.205 11188 12093 E perf_hint: createSessionUsingConfig: PerformanceHint cannot create session. PowerHintSessions are not supported!
06-30 01:36:13.207  1719  2157 W InputChannel-JNI: Channel already disposed.
06-30 01:36:13.211  2076  2484 W SysUI   : [RecentTasksLauncherRepo]getRecentApps matched with a Launcher Activity in the task TaskInfo{userId=0 taskId=438 effectiveUid=10072 displayId=0 isRunning=true baseIntent=Intent { act=android.intent.action.DIAL dat=tel:xxxxxxxxxxx flg=0x10000000 cmp=com.google.android.dialer/com.google.android.wearable.googledialer.homescreen.impl.ui.HomeScreenActivity } baseActivity=ComponentInfo{com.google.android.dialer/com.google.android.wearable.googledialer.homescreen.impl.ui.HomeScreenActivity} topActivity=ComponentInfo{com.google.android.dialer/com.google.android.wearable.googledialer.dialpad.outgoingdialpad.impl.ui.OutgoingDialpadActivity} origActivity=null realActivity=ComponentInfo{com.google.android.dialer/com.google.android.wearable.googledialer.homescreen.impl.ui.HomeScreenActivity} realActivityIsAppLockEnabled=false numActivities=2 lastActiveTime=51793031 supportsMultiWindow=false supportsMultiWindowWithoutConstraints=false resizeMode=1 isResizeable=true minWidth=-1 minHeight=-1 defaultMinSize=220 token=WCT{android.os.BinderProxy@f786ee6} topActivityType=1 pictureInPictureParams=null shouldDockBigOverlays=false launchIntoPipHostTaskId=-1 lastParentTaskIdBeforePip=-1 displayCutoutSafeInsets=Rect(0, 0 - 0, 0) topActivityInfo=ActivityInfo{3f57c27 com.google.android.wearable.googledialer.dialpad.outgoingdialpad.impl.ui.OutgoingDialpadActivity} launchCookies=[] positionInParent=Point(0, 0) parentTaskId=-1 isFocused=true isInteractive=true isVisible=true isVisibleRequested=true isTopActivityNoDisplay=false isSleeping=false locusId=null displayAreaFeatureId=1 isTopActivityTransparent=false isActivityStackTransparent=false lastNonFullscreenBounds=Rect(54, 54 - 330, 330) leafTaskBoundsFromOptions= false capturedLink=null capturedLinkTimestamp=0 requestedVisibleTypes=503 topActivityRequestOpenInBrowserEducationTimestamp=0 appCompatTaskInfo=AppCompatTaskInfo { topActivityInSizeCompat=false isLeafTask= true eligibleForLetterboxEducation= false isLetterboxEducationEnabled= false isLetterboxDoubleTapEnabled= false eligibleForUserAspectRatioButton= false topActivityBoundsLetterboxed= false isFromLetterboxDoubleTap= false topActivityLetterboxVerticalPosition= -1 topActivityLetterboxHorizontalPosition= -1 topActivityLetterboxWidth=-1 topActivityLetterboxHeight=-1 topActivityAppBounds=Rect(0, 0 - 384, 384) isUserFullscreenOverrideEnabled=false isSystemFullscreenOverrideEnabled=false hasMinAspectRatioOverride=false topActivityLetterboxBounds=null topNonResizableActivityAspectRatio=-1.0} topActivityMainWindowFrame=null isAppBubble=false} == ActivityLauncherApp(label=Phone, activity=ComponentInfo{com.google.android.dialer/com.google.android.wearable.googledialer.homescreen.impl.ui.HomeScreenActivity}, launcherIconRequest=AllAppsLauncherIconRequest(packageName=com.google.android.dialer, activityName=com.google.android.wearable.googledialer.homescreen.impl.ui.HomeScreenActivity, isDefaultApp=false), loadLauncherIcon=ioi@883eed4)
06-30 01:36:13.212  2076  2484 W SysUI   : [RecentTasksLauncherRepo]getRecentApps matched with a Launcher Activity in the task TaskInfo{userId=0 taskId=435 effectiveUid=1000 displayId=0 isRunning=true baseIntent=Intent { act=android.intent.action.MAIN cat=[android.intent.category.LAUNCHER] flg=0x10000000 cmp=com.google.android.apps.wearable.settings/com.google.android.clockwork.settings.MainSettingsActivity } baseActivity=ComponentInfo{com.google.android.apps.wearable.settings/com.google.android.clockwork.settings.MainSettingsActivity} topActivity=ComponentInfo{com.google.android.apps.wearable.settings/com.google.android.clockwork.settings.MainSettingsActivity} origActivity=null realActivity=ComponentInfo{com.google.android.apps.wearable.settings/com.google.android.clockwork.settings.MainSettingsActivity} realActivityIsAppLockEnabled=false numActivities=1 lastActiveTime=51746088 supportsMultiWindow=false supportsMultiWindowWithoutConstraints=false resizeMode=1 isResizeable=true minWidth=-1 minHeight=-1 defaultMinSize=220 token=WCT{android.os.BinderProxy@775cfa} topActivityType=1 pictureInPictureParams=null shouldDockBigOverlays=false launchIntoPipHostTaskId=-1 lastParentTaskIdBeforePip=-1 displayCutoutSafeInsets=Rect(0, 0 - 0, 0) topActivityInfo=ActivityInfo{ee9787d com.google.android.clockwork.settings.MainSettingsActivity} launchCookies=[] positionInParent=Point(0, 0) parentTaskId=-1 isFocused=false isInteractive=false isVisible=false isVisibleRequested=false isTopActivityNoDisplay=false isSleeping=false locusId=null displayAreaFeatureId=1 isTopActivityTransparent=false isActivityStackTransparent=false lastNonFullscreenBounds=Rect(54, 54 - 330, 330) leafTaskBoundsFromOptions= false capturedLink=null capturedLinkTimestamp=0 requestedVisibleTypes=503 topActivityRequestOpenInBrowserEducationTimestamp=0 appCompatTaskInfo=AppCompatTaskInfo { topActivityInSizeCompat=false isLeafTask= true eligibleForLetterboxEducation= false isLetterboxEducationEnabled= false isLetterboxDoubleTapEnabled= false eligibleForUserAspectRatioButton= false topActivityBoundsLetterboxed= false isFromLetterboxDoubleTap= false topActivityLetterboxVerticalPosition= -1 topActivityLetterboxHorizontalPosition= -1 topActivityLetterboxWidth=-1 topActivityLetterboxHeight=-1 topActivityAppBounds=Rect(0, 0 - 384, 384) isUserFullscreenOverrideEnabled=false isSystemFullscreenOverrideEnabled=false hasMinAspectRatioOverride=false topActivityLetterboxBounds=null topNonResizableActivityAspectRatio=-1.0} topActivityMainWindowFrame=null isAppBubble=false} == ActivityLauncherApp(label=Settings, activity=ComponentInfo{com.google.android.apps.wearable.settings/com.google.android.clockwork.settings.MainSettingsActivity}, launcherIconRequest=AllAppsLauncherIconRequest(packageName=com.google.android.apps.wearable.settings, activityName=com.google.android.clockwork.settings.MainSettingsActivity, isDefaultApp=false), loadLauncherIcon=ioi@cf39d08)
06-30 01:36:13.212  2076  2484 W SysUI   : [RecentTasksLauncherRepo]getRecentApps matched with a Launcher Activity in the task TaskInfo{userId=0 taskId=436 effectiveUid=10066 displayId=-1 isRunning=false baseIntent=Intent { act=android.intent.action.MAIN flg=0x10000000 cmp=com.google.android.apps.walletnfcrel/com.google.commerce.tapandpay.wear.cardlist.WalletThemedWearCardListActivity } baseActivity=null topActivity=null origActivity=null realActivity=ComponentInfo{com.google.android.apps.walletnfcrel/com.google.commerce.tapandpay.wear.cardlist.WalletThemedWearCardListActivity} realActivityIsAppLockEnabled=false numActivities=0 lastActiveTime=51690225 supportsMultiWindow=false supportsMultiWindowWithoutConstraints=false resizeMode=1 isResizeable=true minWidth=-1 minHeight=-1 defaultMinSize=220 token=WCT{android.os.BinderProxy@a3b2b97} topActivityType=1 pictureInPictureParams=null shouldDockBigOverlays=false launchIntoPipHostTaskId=-1 lastParentTaskIdBeforePip=-1 displayCutoutSafeInsets=Rect(0, 0 - 0, 0) topActivityInfo=null launchCookies=[] positionInParent=Point(0, 0) parentTaskId=-1 isFocused=false isInteractive=false isVisible=false isVisibleRequested=false isTopActivityNoDisplay=false isSleeping=false locusId=null displayAreaFeatureId=1 isTopActivityTransparent=false isActivityStackTransparent=true lastNonFullscreenBounds=Rect(54, 54 - 330, 330) leafTaskBoundsFromOptions= false capturedLink=null capturedLinkTimestamp=0 requestedVisibleTypes=503 topActivityRequestOpenInBrowserEducationTimestamp=0 appCompatTaskInfo=AppCompatTaskInfo { topActivityInSizeCompat=false isLeafTask= true eligibleForLetterboxEducation= false isLetterboxEducationEnabled= false isLetterboxDoubleTapEnabled= false eligibleForUserAspectRatioButton= false topActivityBoundsLetterboxed= false isFromLetterboxDoubleTap= false topActivityLetterboxVerticalPosition= -1 topActivityLetterboxHorizontalPosition= -1 topActivityLetterboxWidth=-1 topActivityLetterboxHeight=-1 topActivityAppBounds=Rect(0, 0 - 0, 0) isUserFullscreenOverrideEnabled=false isSystemFullscreenOverrideEnabled=false hasMinAspectRatioOverride=false topActivityLetterboxBounds=null topNonResizableActivityAspectRatio=-1.0} topActivityMainWindowFrame=null isAppBubble=false} == ActivityLauncherApp(label=Wallet, activity=ComponentInfo{com.google.android.apps.walletnfcrel/com.google.commerce.tapandpay.wear.cardlist.WalletThemedWearCardListActivity}, launcherIconRequest=AllAppsLauncherIconRequest(packageName=com.google.android.apps.walletnfcrel, activityName=com.google.commerce.tapandpay.wear.cardlist.WalletThemedWearCardListActivity, isDefaultApp=false), loadLauncherIcon=ioi@dcfe26a)
06-30 01:36:13.212  2076  2484 W SysUI   : [RecentTasksLauncherRepo]getRecentApps matched with a Launcher Activity in the task TaskInfo{userId=0 taskId=419 effectiveUid=10079 displayId=-1 isRunning=false baseIntent=Intent { act=android.intent.action.MAIN cat=[android.intent.category.LAUNCHER] flg=0x10000000 cmp=com.google.android.apps.maps/com.google.android.apps.gmmwearable.MainActivity } baseActivity=null topActivity=null origActivity=null realActivity=ComponentInfo{com.google.android.apps.maps/com.google.android.apps.gmmwearable.MainActivity} realActivityIsAppLockEnabled=false numActivities=0 lastActiveTime=1446032 supportsMultiWindow=false supportsMultiWindowWithoutConstraints=false resizeMode=1 isResizeable=true minWidth=-1 minHeight=-1 defaultMinSize=220 token=WCT{android.os.BinderProxy@d538cc8} topActivityType=0 pictureInPictureParams=null shouldDockBigOverlays=false launchIntoPipHostTaskId=-1 lastParentTaskIdBeforePip=-1 displayCutoutSafeInsets=Rect(0, 0 - 0, 0) topActivityInfo=null launchCookies=[] positionInParent=Point(0, 0) parentTaskId=-1 isFocused=false isInteractive=false isVisible=false isVisibleRequested=false isTopActivityNoDisplay=false isSleeping=false locusId=null displayAreaFeatureId=1 isTopActivityTransparent=false isActivityStackTransparent=true lastNonFullscreenBounds=Rect(54, 54 - 330, 330) leafTaskBoundsFromOptions= false capturedLink=null capturedLinkTimestamp=0 requestedVisibleTypes=503 topActivityRequestOpenInBrowserEducationTimestamp=0 appCompatTaskInfo=AppCompatTaskInfo { topActivityInSizeCompat=false isLeafTask= true eligibleForLetterboxEducation= false isLetterboxEducationEnabled= false isLetterboxDoubleTapEnabled= false eligibleForUserAspectRatioButton= false topActivityBoundsLetterboxed= false isFromLetterboxDoubleTap= false topActivityLetterboxVerticalPosition= -1 topActivityLetterboxHorizontalPosition= -1 topActivityLetterboxWidth=-1 topActivityLetterboxHeight=-1 topActivityAppBounds=Rect(0, 0 - 0, 0) isUserFullscreenOverrideEnabled=false isSystemFullscreenOverrideEnabled=false hasMinAspectRatioOverride=false topActivityLetterboxBounds=null topNonResizableActivityAspectRatio=-1.0} topActivityMainWindowFrame=null isAppBubble=false} == ActivityLauncherApp(label=Maps, activity=ComponentInfo{com.google.android.apps.maps/com.google.android.apps.gmmwearable.MainActivity}, launcherIconRequest=AllAppsLauncherIconRequest(packageName=com.google.android.apps.maps, activityName=com.google.android.apps.gmmwearable.MainActivity, isDefaultApp=false), loadLauncherIcon=ioi@c281161)
06-30 01:36:13.213  1719  2083 W TransitionChain: Combining kgOccludeChg into #287(OPEN|R|0x0) from startAct
06-30 01:36:13.214  1719  2083 D CorePackageUpdate: Couldn't find a persistent state for task= 438
06-30 01:36:13.217   493  3417 D SnapAlloc: from handle - reserved size 0 custom content metadata size 0
06-30 01:36:13.217   493  3417 D SnapAlloc: Successfully mapped metadata 0x1
06-30 01:36:13.217   493  3417 I SDM     : Using previously loaded IMapper library.
06-30 01:36:13.219  2285  2373 D WindowManagerShell: onKeyguardOccludingTaskChanged displayId=0 taskId=438
06-30 01:36:13.213  2076  2484 E SysUI   : [RecentTaskLauncherApp]Couldn't resolve any Activity for task TaskInfo{userId=0 taskId=414 effectiveUid=10111 displayId=-1 isRunning=false baseIntent=Intent { dat=fitbit://details/... flg=0x10008000 cmp=com.fitbit.FitbitMobile/com.google.android.wearable.fitbit.mainapp.today.TodayMainActivity } baseActivity=null topActivity=null origActivity=null realActivity=ComponentInfo{com.fitbit.FitbitMobile/com.google.android.wearable.fitbit.mainapp.today.TodayMainActivity} realActivityIsAppLockEnabled=false numActivities=0 lastActiveTime=1446031 supportsMultiWindow=false supportsMultiWindowWithoutConstraints=false resizeMode=1 isResizeable=true minWidth=-1 minHeight=-1 defaultMinSize=220 token=WCT{android.os.BinderProxy@4612486} topActivityType=0 pictureInPictureParams=null shouldDockBigOverlays=false launchIntoPipHostTaskId=-1 lastParentTaskIdBeforePip=-1 displayCutoutSafeInsets=Rect(0, 0 - 0, 0) topActivityInfo=null launchCookies=[] positionInParent=Point(0, 0) parentTaskId=-1 isFocused=false isInteractive=false isVisible=false isVisibleRequested=false isTopActivityNoDisplay=false isSleeping=false locusId=null displayAreaFeatureId=1 isTopActivityTransparent=false isActivityStackTransparent=true lastNonFullscreenBounds=Rect(54, 54 - 330, 330) leafTaskBoundsFromOptions= false capturedLink=null capturedLinkTimestamp=0 requestedVisibleTypes=503 topActivityRequestOpenInBrowserEducationTimestamp=0 appCompatTaskInfo=AppCompatTaskInfo { topActivityInSizeCompat=false isLeafTask= true eligibleForLetterboxEducation= false isLetterboxEducationEnabled= false isLetterboxDoubleTapEnabled= false eligibleForUserAspectRatioButton= false topActivityBoundsLetterboxed= false isFromLetterboxDoubleTap= false topActivityLetterboxVerticalPosition= -1 topActivityLetterboxHorizontalPosition= -1 topActivityLetterboxWidth=-1 topActivityLetterboxHeight=-1 topActivityAppBounds=Rect(0, 0 - 0, 0) isUserFullscreenOverrideEnabled=false isSystemFullscreenOverrideEnabled=false hasMinAspectRatioOverride=false topActivityLetterboxBounds=null topNonResizableActivityAspectRatio=-1.0} topActivityMainWindowFrame=null isAppBubble=false}
06-30 01:36:13.222  2076  2484 W SysUI   : [RecentTasksLauncherRepo]Using explicit label and icon from base Activity ComponentInfo{com.fitbit.FitbitMobile/com.google.android.wearable.fitbit.mainapp.today.TodayMainActivity}
06-30 01:36:13.223  1719  1746 V WindowManager: Sent Transition (#287) createdAt=06-30 01:36:13.173 via request=TransitionRequestInfo { type = OPEN, triggerTask = TaskInfo{userId=0 taskId=438 effectiveUid=10072 displayId=0 isRunning=true baseIntent=Intent { act=android.intent.action.DIAL dat=tel:xxxxxxxxxxx flg=0x10000000 cmp=com.google.android.dialer/com.google.android.wearable.googledialer.homescreen.impl.ui.HomeScreenActivity } baseActivity=ComponentInfo{com.google.android.dialer/com.google.android.wearable.googledialer.homescreen.impl.ui.HomeScreenActivity} topActivity=ComponentInfo{com.google.android.dialer/com.google.android.wearable.googledialer.dialpad.outgoingdialpad.impl.ui.OutgoingDialpadActivity} origActivity=null realActivity=ComponentInfo{com.google.android.dialer/com.google.android.wearable.googledialer.homescreen.impl.ui.HomeScreenActivity} realActivityIsAppLockEnabled=false numActivities=2 lastActiveTime=51793031 supportsMultiWindow=false supportsMultiWindowWithoutConstraints=false resizeMode=1 isResizeable=true minWidth=-1 minHeight=-1 defaultMinSize=220 token=WCT{RemoteToken{46095b1 Task{ed7527 #438 type=standard I=com.google.android.dialer/com.google.android.wearable.googledialer.homescreen.impl.ui.HomeScreenActivity}}} topActivityType=1 pictureInPictureParams=null shouldDockBigOverlays=false launchIntoPipHostTaskId=-1 lastParentTaskIdBeforePip=-1 displayCutoutSafeInsets=Rect(0, 0 - 0, 0) topActivityInfo=ActivityInfo{6d5e063 com.google.android.wearable.googledialer.dialpad.outgoingdialpad.impl.ui.OutgoingDialpadActivity} launchCookies=[] positionInParent=Point(0, 0) parentTaskId=-1 isFocused=true isInteractive=true isVisible=true isVisibleRequested=true isTopActivityNoDisplay=false isSleeping=false locusId=null displayAreaFeatureId=1 isTopActivityTransparent=false isActivityStackTransparent=false lastNonFullscreenBounds=Rect(54, 54 - 330, 330) leafTaskBoundsFromOptions= false capturedLink=null capturedLinkTimestamp=0 requestedVisibleTypes=503 topActivityRequestOpenInBrowserEducationTimestamp=0 appCompatTaskInfo=AppCompatTaskInfo { topActivityInSizeCompat=false isLeafTask= true eligibleForLetterboxEducation= false isLetterboxEducationEnabled= false isLetterboxDoubleTapEnabled= false eligibleForUserAspectRatioButton= false topActivityBoundsLetterboxed= false isFromLetterboxDoubleTap= false topActivityLetterboxVerticalPosition= -1 topActivityLetterboxHorizontalPosition= -1 topActivityLetterboxWidth=-1 topActivityLetterboxHeight=-1 topActivityAppBounds=Rect(0, 0 - 384, 384) isUserFullscreenOverrideEnabled=false isSystemFullscreenOverrideEnabled=false hasMinAspectRatioOverride=false topActivityLetterboxBounds=null topNonResizableActivityAspectRatio=-1.0} topActivityMainWindowFrame=null isAppBubble=false}, pipChange = null, remoteTransitionInfo = null, displayChanges = null, requestedLocation = null, userChange = null, windowingLayerChange = null, fullscreenRequestChange = null, flags = 0, debugId = 287 }
06-30 01:36:13.224  1719  1746 V WindowManager:     startWCT=WindowContainerTransaction { changes= {} hops= [] flags= 0 errorCallbackToken=null taskFragmentOrganizer=null }
06-30 01:36:13.224  1719  1746 V WindowManager:     info={id=287 t=OPEN f=0x0 trk=0 r=[0@Point(0, 0)] c=[
06-30 01:36:13.224  1719  1746 V WindowManager:         {m=OPEN f=STARTING_WINDOW_TRANSFER|FILLS_TASK|IS_BEHIND_STARTING_WINDOW leash=Surface(name=ActivityRecord{86200112 u0 com.google.android.dialer/com.google.android.wearable.googledialer.dialpad.outgoingdialpad.impl.ui.OutgoingDialpadActivity t438}#593)/@0xda6c1d sb=Rect(0, 0 - 0, 0) eb=Rect(0, 0 - 384, 384) epz=Point(384, 384) d=-1->0 r=-1->0:-1 bc=ff303030 activity=ActivityTransitionInfo { component = ComponentInfo{com.google.android.dialer/com.google.android.wearable.googledialer.dialpad.outgoingdialpad.impl.ui.OutgoingDialpadActivity}, taskId = 438, appCompatTransitionInfo = null }},
06-30 01:36:13.224  1719  1746 V WindowManager:         {m=TO_BACK f=FILLS_TASK|IS_BEHIND_STARTING_WINDOW|IS_OCCLUDED leash=Surface(name=ActivityRecord{266382310 u0 com.google.android.dialer/com.google.android.wearable.googledialer.homescreen.impl.ui.HomeScreenActivity t438}#585)/@0xad7ecf4 sb=Rect(0, 0 - 384, 384) eb=Rect(0, 0 - 384, 384) epz=Point(384, 384) d=0 bc=ff303030 activity=ActivityTransitionInfo { component = ComponentInfo{com.google.android.dialer/com.google.android.wearable.googledialer.homescreen.impl.ui.HomeScreenActivity}, taskId = 438, appCompatTransitionInfo = null }}
06-30 01:36:13.224  1719  1746 V WindowManager:     ]}
06-30 01:36:13.224  2076  2484 W SysUI   : [LauncherDefaultRecentsCombiner]Unable to get ActivityDisplayInfo for {com.google.android.apps.youtube.music/com.google.android.apps.youtube.music.wear.WearMainActivity} attempting to fetch from ResolveInfo
06-30 01:36:13.226 11188 11188 D WindowOnBackDispatcher: setTopOnBackInvokedCallback (unwrapped): android.app.Activity$$ExternalSyntheticLambda0@ad8540d
06-30 01:36:13.226  2285  2334 V WindowManagerShell: onTransitionReady(transaction=7383048791742)
06-30 01:36:13.227  2285  2373 V WindowManagerShell: onTransitionReady (#287) android.os.BinderProxy@d689c74: {id=287 t=OPEN f=0x0 trk=0 r=[0@Point(0, 0)] c=[
06-30 01:36:13.227  2285  2373 V WindowManagerShell:         {m=OPEN f=STARTING_WINDOW_TRANSFER|FILLS_TASK|IS_BEHIND_STARTING_WINDOW leash=Surface(name=ActivityRecord{86200112 u0 com.google.android.dialer/com.google.android.wearable.googledialer.dialpad.outgoingdialpad.impl.ui.OutgoingDialpadActivity t438}#593)/@0x2ad0be0 sb=Rect(0, 0 - 0, 0) eb=Rect(0, 0 - 384, 384) epz=Point(384, 384) d=-1->0 r=-1->0:-1 bc=ff303030 activity=ActivityTransitionInfo { component = ComponentInfo{com.google.android.dialer/com.google.android.wearable.googledialer.dialpad.outgoingdialpad.impl.ui.OutgoingDialpadActivity}, taskId = 438, appCompatTransitionInfo = null }},
06-30 01:36:13.227  2285  2373 V WindowManagerShell:         {m=TO_BACK f=FILLS_TASK|IS_BEHIND_STARTING_WINDOW|IS_OCCLUDED leash=Surface(name=ActivityRecord{266382310 u0 com.google.android.dialer/com.google.android.wearable.googledialer.homescreen.impl.ui.HomeScreenActivity t438}#585)/@0xc8c7e99 sb=Rect(0, 0 - 384, 384) eb=Rect(0, 0 - 384, 384) epz=Point(384, 384) d=0 bc=ff303030 activity=ActivityTransitionInfo { component = ComponentInfo{com.google.android.dialer/com.google.android.wearable.googledialer.homescreen.impl.ui.HomeScreenActivity}, taskId = 438, appCompatTransitionInfo = null }}
06-30 01:36:13.227  2285  2373 V WindowManagerShell:     ]}
06-30 01:36:13.227  1719  2084 D CoreBackPreview: Window{1137806 u0 com.google.android.dialer/com.google.android.wearable.googledialer.homescreen.impl.ui.HomeScreenActivity}: Setting back callback OnBackInvokedCallbackInfo{mCallback=android.window.IOnBackInvokedCallback$Stub$Proxy@300e460, mPriority=-1, mIsAnimationCallback=false, mOverrideBehavior=0}
06-30 01:36:13.227  2285  2373 V WindowManagerShell: Non-visible anim so abort: (#287) android.os.BinderProxy@d689c74@0
06-30 01:36:13.234  2285  2373 V WindowManagerShell: Transition was merged: (#287) android.os.BinderProxy@d689c74@0 into (#286) android.os.BinderProxy@5af1a05@0
06-30 01:36:13.239 11188 11188 D VRI[HomeScreenActivity]: WindowInsets changed: 384x384 
06-30 01:36:13.266  1719  2083 D WindowManager: setClientSurface Surface(name=VRI-com.google.android.dialer/com.google.android.wearable.googledialer.homescreen.impl.ui.HomeScreenActivity#597)/@0x4ffe68c for 1137806 com.google.android.dialer/com.google.android.wearable.googledialer.homescreen.impl.ui.HomeScreenActivity
06-30 01:36:13.270 11188 11188 I Surface : Creating surface for consumer unnamed-11188-11 with slotExpansion=1 for 64 slots
06-30 01:36:13.271 11188 11188 I Surface : Creating surface for consumer VRI[HomeScreenActivity]#11(BLAST Consumer)11 with slotExpansion=1 for 64 slots
06-30 01:36:13.273   489   489 I SnapAlloc: Using graphics libs for alignment calculations
06-30 01:36:13.274   489   489 D SnapAlloc: from handle - reserved size 4287224480 custom content metadata size 0
06-30 01:36:13.274   489   489 D SnapAlloc: Successfully mapped metadata 0x1
06-30 01:36:13.274   489   489 D SnapAlloc: from handle - reserved size 0 custom content metadata size 0
06-30 01:36:13.274   489   489 D SnapAlloc: Successfully mapped metadata 0x1
06-30 01:36:13.275 11188 16425 D SnapAlloc: from handle - reserved size 0 custom content metadata size 0
06-30 01:36:13.275 11188 16425 D SnapAlloc: Successfully mapped metadata 0x1
06-30 01:36:13.275   489   489 I SnapAlloc: Using graphics libs for alignment calculations
06-30 01:36:13.275   489   489 D SnapAlloc: from handle - reserved size 4287224480 custom content metadata size 0
06-30 01:36:13.276   489   489 D SnapAlloc: Successfully mapped metadata 0x1
06-30 01:36:13.276   489   489 D SnapAlloc: from handle - reserved size 0 custom content metadata size 0
06-30 01:36:13.276   489   489 D SnapAlloc: Successfully mapped metadata 0x1
06-30 01:36:13.276 11188 16425 D SnapAlloc: from handle - reserved size 0 custom content metadata size 0
06-30 01:36:13.277 11188 16425 D SnapAlloc: Successfully mapped metadata 0x1
06-30 01:36:13.277   489   489 I SnapAlloc: Using graphics libs for alignment calculations
06-30 01:36:13.277   489   489 D SnapAlloc: from handle - reserved size 4287224480 custom content metadata size 0
06-30 01:36:13.278   489   489 D SnapAlloc: Successfully mapped metadata 0x1
06-30 01:36:13.278   489   489 D SnapAlloc: from handle - reserved size 0 custom content metadata size 0
06-30 01:36:13.278   489   489 D SnapAlloc: Successfully mapped metadata 0x1
06-30 01:36:13.278 11188 16425 D SnapAlloc: from handle - reserved size 0 custom content metadata size 0
06-30 01:36:13.278 11188 16425 D SnapAlloc: Successfully mapped metadata 0x1
06-30 01:36:13.279   489   489 I SnapAlloc: Using graphics libs for alignment calculations
06-30 01:36:13.279   489   489 D SnapAlloc: from handle - reserved size 4287224480 custom content metadata size 0
06-30 01:36:13.279   489   489 D SnapAlloc: Successfully mapped metadata 0x1
06-30 01:36:13.279   489   489 D SnapAlloc: from handle - reserved size 0 custom content metadata size 0
06-30 01:36:13.279   489   489 D SnapAlloc: Successfully mapped metadata 0x1
06-30 01:36:13.280 11188 16425 D SnapAlloc: from handle - reserved size 0 custom content metadata size 0
06-30 01:36:13.281 11188 16425 D SnapAlloc: Successfully mapped metadata 0x1
06-30 01:36:13.323  2076  2484 W SysUI   : [RecentTasksLauncherRepo]getRecentApps matched with a Launcher Activity in the task TaskInfo{userId=0 taskId=438 effectiveUid=10072 displayId=0 isRunning=true baseIntent=Intent { act=android.intent.action.DIAL dat=tel:xxxxxxxxxxx flg=0x10000000 cmp=com.google.android.dialer/com.google.android.wearable.googledialer.homescreen.impl.ui.HomeScreenActivity } baseActivity=ComponentInfo{com.google.android.dialer/com.google.android.wearable.googledialer.homescreen.impl.ui.HomeScreenActivity} topActivity=ComponentInfo{com.google.android.dialer/com.google.android.wearable.googledialer.dialpad.outgoingdialpad.impl.ui.OutgoingDialpadActivity} origActivity=null realActivity=ComponentInfo{com.google.android.dialer/com.google.android.wearable.googledialer.homescreen.impl.ui.HomeScreenActivity} realActivityIsAppLockEnabled=false numActivities=2 lastActiveTime=51793069 supportsMultiWindow=false supportsMultiWindowWithoutConstraints=false resizeMode=1 isResizeable=true minWidth=-1 minHeight=-1 defaultMinSize=220 token=WCT{android.os.BinderProxy@f786ee6} topActivityType=1 pictureInPictureParams=null shouldDockBigOverlays=false launchIntoPipHostTaskId=-1 lastParentTaskIdBeforePip=-1 displayCutoutSafeInsets=Rect(0, 0 - 0, 0) topActivityInfo=ActivityInfo{d93c91f com.google.android.wearable.googledialer.dialpad.outgoingdialpad.impl.ui.OutgoingDialpadActivity} launchCookies=[] positionInParent=Point(0, 0) parentTaskId=-1 isFocused=true isInteractive=true isVisible=true isVisibleRequested=true isTopActivityNoDisplay=false isSleeping=false locusId=null displayAreaFeatureId=1 isTopActivityTransparent=false isActivityStackTransparent=false lastNonFullscreenBounds=Rect(54, 54 - 330, 330) leafTaskBoundsFromOptions= false capturedLink=null capturedLinkTimestamp=0 requestedVisibleTypes=503 topActivityRequestOpenInBrowserEducationTimestamp=0 appCompatTaskInfo=AppCompatTaskInfo { topActivityInSizeCompat=false isLeafTask= true eligibleForLetterboxEducation= false isLetterboxEducationEnabled= false isLetterboxDoubleTapEnabled= false eligibleForUserAspectRatioButton= false topActivityBoundsLetterboxed= false isFromLetterboxDoubleTap= false topActivityLetterboxVerticalPosition= -1 topActivityLetterboxHorizontalPosition= -1 topActivityLetterboxWidth=-1 topActivityLetterboxHeight=-1 topActivityAppBounds=Rect(0, 0 - 384, 384) isUserFullscreenOverrideEnabled=false isSystemFullscreenOverrideEnabled=false hasMinAspectRatioOverride=false topActivityLetterboxBounds=null topNonResizableActivityAspectRatio=-1.0} topActivityMainWindowFrame=null isAppBubble=false} == ActivityLauncherApp(label=Phone, activity=ComponentInfo{com.google.android.dialer/com.google.android.wearable.googledialer.homescreen.impl.ui.HomeScreenActivity}, launcherIconRequest=AllAppsLauncherIconRequest(packageName=com.google.android.dialer, activityName=com.google.android.wearable.googledialer.homescreen.impl.ui.HomeScreenActivity, isDefaultApp=false), loadLauncherIcon=ioi@883eed4)
06-30 01:36:13.324  2076  2484 W SysUI   : [RecentTasksLauncherRepo]getRecentApps matched with a Launcher Activity in the task TaskInfo{userId=0 taskId=435 effectiveUid=1000 displayId=0 isRunning=true baseIntent=Intent { act=android.intent.action.MAIN cat=[android.intent.category.LAUNCHER] flg=0x10000000 cmp=com.google.android.apps.wearable.settings/com.google.android.clockwork.settings.MainSettingsActivity } baseActivity=ComponentInfo{com.google.android.apps.wearable.settings/com.google.android.clockwork.settings.MainSettingsActivity} topActivity=ComponentInfo{com.google.android.apps.wearable.settings/com.google.android.clockwork.settings.MainSettingsActivity} origActivity=null realActivity=ComponentInfo{com.google.android.apps.wearable.settings/com.google.android.clockwork.settings.MainSettingsActivity} realActivityIsAppLockEnabled=false numActivities=1 lastActiveTime=51746088 supportsMultiWindow=false supportsMultiWindowWithoutConstraints=false resizeMode=1 isResizeable=true minWidth=-1 minHeight=-1 defaultMinSize=220 token=WCT{android.os.BinderProxy@775cfa} topActivityType=1 pictureInPictureParams=null shouldDockBigOverlays=false launchIntoPipHostTaskId=-1 lastParentTaskIdBeforePip=-1 displayCutoutSafeInsets=Rect(0, 0 - 0, 0) topActivityInfo=ActivityInfo{c2e446c com.google.android.clockwork.settings.MainSettingsActivity} launchCookies=[] positionInParent=Point(0, 0) parentTaskId=-1 isFocused=false isInteractive=false isVisible=false isVisibleRequested=false isTopActivityNoDisplay=false isSleeping=false locusId=null displayAreaFeatureId=1 isTopActivityTransparent=false isActivityStackTransparent=false lastNonFullscreenBounds=Rect(54, 54 - 330, 330) leafTaskBoundsFromOptions= false capturedLink=null capturedLinkTimestamp=0 requestedVisibleTypes=503 topActivityRequestOpenInBrowserEducationTimestamp=0 appCompatTaskInfo=AppCompatTaskInfo { topActivityInSizeCompat=false isLeafTask= true eligibleForLetterboxEducation= false isLetterboxEducationEnabled= false isLetterboxDoubleTapEnabled= false eligibleForUserAspectRatioButton= false topActivityBoundsLetterboxed= false isFromLetterboxDoubleTap= false topActivityLetterboxVerticalPosition= -1 topActivityLetterboxHorizontalPosition= -1 topActivityLetterboxWidth=-1 topActivityLetterboxHeight=-1 topActivityAppBounds=Rect(0, 0 - 384, 384) isUserFullscreenOverrideEnabled=false isSystemFullscreenOverrideEnabled=false hasMinAspectRatioOverride=false topActivityLetterboxBounds=null topNonResizableActivityAspectRatio=-1.0} topActivityMainWindowFrame=null isAppBubble=false} == ActivityLauncherApp(label=Settings, activity=ComponentInfo{com.google.android.apps.wearable.settings/com.google.android.clockwork.settings.MainSettingsActivity}, launcherIconRequest=AllAppsLauncherIconRequest(packageName=com.google.android.apps.wearable.settings, activityName=com.google.android.clockwork.settings.MainSettingsActivity, isDefaultApp=false), loadLauncherIcon=ioi@cf39d08)
06-30 01:36:13.324  2076  2484 W SysUI   : [RecentTasksLauncherRepo]getRecentApps matched with a Launcher Activity in the task TaskInfo{userId=0 taskId=436 effectiveUid=10066 displayId=-1 isRunning=false baseIntent=Intent { act=android.intent.action.MAIN flg=0x10000000 cmp=com.google.android.apps.walletnfcrel/com.google.commerce.tapandpay.wear.cardlist.WalletThemedWearCardListActivity } baseActivity=null topActivity=null origActivity=null realActivity=ComponentInfo{com.google.android.apps.walletnfcrel/com.google.commerce.tapandpay.wear.cardlist.WalletThemedWearCardListActivity} realActivityIsAppLockEnabled=false numActivities=0 lastActiveTime=51690225 supportsMultiWindow=false supportsMultiWindowWithoutConstraints=false resizeMode=1 isResizeable=true minWidth=-1 minHeight=-1 defaultMinSize=220 token=WCT{android.os.BinderProxy@a3b2b97} topActivityType=1 pictureInPictureParams=null shouldDockBigOverlays=false launchIntoPipHostTaskId=-1 lastParentTaskIdBeforePip=-1 displayCutoutSafeInsets=Rect(0, 0 - 0, 0) topActivityInfo=null launchCookies=[] positionInParent=Point(0, 0) parentTaskId=-1 isFocused=false isInteractive=false isVisible=false isVisibleRequested=false isTopActivityNoDisplay=false isSleeping=false locusId=null displayAreaFeatureId=1 isTopActivityTransparent=false isActivityStackTransparent=true lastNonFullscreenBounds=Rect(54, 54 - 330, 330) leafTaskBoundsFromOptions= false capturedLink=null capturedLinkTimestamp=0 requestedVisibleTypes=503 topActivityRequestOpenInBrowserEducationTimestamp=0 appCompatTaskInfo=AppCompatTaskInfo { topActivityInSizeCompat=false isLeafTask= true eligibleForLetterboxEducation= false isLetterboxEducationEnabled= false isLetterboxDoubleTapEnabled= false eligibleForUserAspectRatioButton= false topActivityBoundsLetterboxed= false isFromLetterboxDoubleTap= false topActivityLetterboxVerticalPosition= -1 topActivityLetterboxHorizontalPosition= -1 topActivityLetterboxWidth=-1 topActivityLetterboxHeight=-1 topActivityAppBounds=Rect(0, 0 - 0, 0) isUserFullscreenOverrideEnabled=false isSystemFullscreenOverrideEnabled=false hasMinAspectRatioOverride=false topActivityLetterboxBounds=null topNonResizableActivityAspectRatio=-1.0} topActivityMainWindowFrame=null isAppBubble=false} == ActivityLauncherApp(label=Wallet, activity=ComponentInfo{com.google.android.apps.walletnfcrel/com.google.commerce.tapandpay.wear.cardlist.WalletThemedWearCardListActivity}, launcherIconRequest=AllAppsLauncherIconRequest(packageName=com.google.android.apps.walletnfcrel, activityName=com.google.commerce.tapandpay.wear.cardlist.WalletThemedWearCardListActivity, isDefaultApp=false), loadLauncherIcon=ioi@dcfe26a)
06-30 01:36:13.324  2076  2484 W SysUI   : [RecentTasksLauncherRepo]getRecentApps matched with a Launcher Activity in the task TaskInfo{userId=0 taskId=419 effectiveUid=10079 displayId=-1 isRunning=false baseIntent=Intent { act=android.intent.action.MAIN cat=[android.intent.category.LAUNCHER] flg=0x10000000 cmp=com.google.android.apps.maps/com.google.android.apps.gmmwearable.MainActivity } baseActivity=null topActivity=null origActivity=null realActivity=ComponentInfo{com.google.android.apps.maps/com.google.android.apps.gmmwearable.MainActivity} realActivityIsAppLockEnabled=false numActivities=0 lastActiveTime=1446032 supportsMultiWindow=false supportsMultiWindowWithoutConstraints=false resizeMode=1 isResizeable=true minWidth=-1 minHeight=-1 defaultMinSize=220 token=WCT{android.os.BinderProxy@d538cc8} topActivityType=0 pictureInPictureParams=null shouldDockBigOverlays=false launchIntoPipHostTaskId=-1 lastParentTaskIdBeforePip=-1 displayCutoutSafeInsets=Rect(0, 0 - 0, 0) topActivityInfo=null launchCookies=[] positionInParent=Point(0, 0) parentTaskId=-1 isFocused=false isInteractive=false isVisible=false isVisibleRequested=false isTopActivityNoDisplay=false isSleeping=false locusId=null displayAreaFeatureId=1 isTopActivityTransparent=false isActivityStackTransparent=true lastNonFullscreenBounds=Rect(54, 54 - 330, 330) leafTaskBoundsFromOptions= false capturedLink=null capturedLinkTimestamp=0 requestedVisibleTypes=503 topActivityRequestOpenInBrowserEducationTimestamp=0 appCompatTaskInfo=AppCompatTaskInfo { topActivityInSizeCompat=false isLeafTask= true eligibleForLetterboxEducation= false isLetterboxEducationEnabled= false isLetterboxDoubleTapEnabled= false eligibleForUserAspectRatioButton= false topActivityBoundsLetterboxed= false isFromLetterboxDoubleTap= false topActivityLetterboxVerticalPosition= -1 topActivityLetterboxHorizontalPosition= -1 topActivityLetterboxWidth=-1 topActivityLetterboxHeight=-1 topActivityAppBounds=Rect(0, 0 - 0, 0) isUserFullscreenOverrideEnabled=false isSystemFullscreenOverrideEnabled=false hasMinAspectRatioOverride=false topActivityLetterboxBounds=null topNonResizableActivityAspectRatio=-1.0} topActivityMainWindowFrame=null isAppBubble=false} == ActivityLauncherApp(label=Maps, activity=ComponentInfo{com.google.android.apps.maps/com.google.android.apps.gmmwearable.MainActivity}, launcherIconRequest=AllAppsLauncherIconRequest(packageName=com.google.android.apps.maps, activityName=com.google.android.apps.gmmwearable.MainActivity, isDefaultApp=false), loadLauncherIcon=ioi@c281161)
06-30 01:36:13.325  2076  2484 E SysUI   : [RecentTaskLauncherApp]Couldn't resolve any Activity for task TaskInfo{userId=0 taskId=414 effectiveUid=10111 displayId=-1 isRunning=false baseIntent=Intent { dat=fitbit://details/... flg=0x10008000 cmp=com.fitbit.FitbitMobile/com.google.android.wearable.fitbit.mainapp.today.TodayMainActivity } baseActivity=null topActivity=null origActivity=null realActivity=ComponentInfo{com.fitbit.FitbitMobile/com.google.android.wearable.fitbit.mainapp.today.TodayMainActivity} realActivityIsAppLockEnabled=false numActivities=0 lastActiveTime=1446031 supportsMultiWindow=false supportsMultiWindowWithoutConstraints=false resizeMode=1 isResizeable=true minWidth=-1 minHeight=-1 defaultMinSize=220 token=WCT{android.os.BinderProxy@4612486} topActivityType=0 pictureInPictureParams=null shouldDockBigOverlays=false launchIntoPipHostTaskId=-1 lastParentTaskIdBeforePip=-1 displayCutoutSafeInsets=Rect(0, 0 - 0, 0) topActivityInfo=null launchCookies=[] positionInParent=Point(0, 0) parentTaskId=-1 isFocused=false isInteractive=false isVisible=false isVisibleRequested=false isTopActivityNoDisplay=false isSleeping=false locusId=null displayAreaFeatureId=1 isTopActivityTransparent=false isActivityStackTransparent=true lastNonFullscreenBounds=Rect(54, 54 - 330, 330) leafTaskBoundsFromOptions= false capturedLink=null capturedLinkTimestamp=0 requestedVisibleTypes=503 topActivityRequestOpenInBrowserEducationTimestamp=0 appCompatTaskInfo=AppCompatTaskInfo { topActivityInSizeCompat=false isLeafTask= true eligibleForLetterboxEducation= false isLetterboxEducationEnabled= false isLetterboxDoubleTapEnabled= false eligibleForUserAspectRatioButton= false topActivityBoundsLetterboxed= false isFromLetterboxDoubleTap= false topActivityLetterboxVerticalPosition= -1 topActivityLetterboxHorizontalPosition= -1 topActivityLetterboxWidth=-1 topActivityLetterboxHeight=-1 topActivityAppBounds=Rect(0, 0 - 0, 0) isUserFullscreenOverrideEnabled=false isSystemFullscreenOverrideEnabled=false hasMinAspectRatioOverride=false topActivityLetterboxBounds=null topNonResizableActivityAspectRatio=-1.0} topActivityMainWindowFrame=null isAppBubble=false}
06-30 01:36:13.325  2076  2484 W SysUI   : [RecentTasksLauncherRepo]Using explicit label and icon from base Activity ComponentInfo{com.fitbit.FitbitMobile/com.google.android.wearable.fitbit.mainapp.today.TodayMainActivity}
06-30 01:36:13.326  2076  2484 W SysUI   : [LauncherDefaultRecentsCombiner]Unable to get ActivityDisplayInfo for {com.google.android.apps.youtube.music/com.google.android.apps.youtube.music.wear.WearMainActivity} attempting to fetch from ResolveInfo
06-30 01:36:13.539   488   661 D SnapAlloc: from handle - reserved size 0 custom content metadata size 0
06-30 01:36:13.539   488   661 D SnapAlloc: Successfully mapped metadata 0x1
06-30 01:36:13.541 11188 11188 D VRI[HomeScreenActivity]: visibilityChanged oldVisibility=true newVisibility=false
06-30 01:36:13.566  2285  2373 V WindowManagerShell: Transition animation finished (aborted=false), notifying core (#286) android.os.BinderProxy@5af1a05@0
06-30 01:36:13.574  1719  1746 V WindowManager: Finish Transition (#286): created at 06-30 01:36:13.085 collect-started=0.047ms request-sent=10.128ms started=29.412ms ready=29.384ms sent=63.188ms commit=17.745ms finished=488.913ms
06-30 01:36:13.574 11188 12093 E perf_hint: createSessionUsingConfig: PerformanceHint cannot create session. PowerHintSessions are not supported!
06-30 01:36:13.575  2076  2076 D VRI[AllAppsLauncherActivity]: visibilityChanged oldVisibility=true newVisibility=false
06-30 01:36:13.578  1719  2157 W InputChannel-JNI: Channel already disposed.
06-30 01:36:13.578  1719  1746 V WindowManager: Finish Transition (#287): created at 06-30 01:36:13.173 collect-started=0.038ms request-sent=5.529ms started=8.782ms ready=42.862ms sent=47.102ms finished=404.941ms
06-30 01:36:13.581  2285  2373 V WindowManagerShell: Track 0 became idle
06-30 01:36:13.582  2285  2373 V WindowManagerShell: All active transition animations finished
06-30 01:36:13.592  1719  2048 I Surface : Creating surface for consumer unnamed-1719-25 with slotExpansion=1 for 64 slots
06-30 01:36:13.594  1719  2048 I Surface : Creating surface for consumer ImageReader-192x192f4m1-1719-25 with slotExpansion=1 for 64 slots
06-30 01:36:13.596  1719  2048 W ImageReader_JNI: Unable to acquire a buffer item, very likely client tried to acquire more than maxImages buffers
06-30 01:36:13.597 11188 11188 D WindowOnBackDispatcher: setTopOnBackInvokedCallback (unwrapped): android.app.Activity$$ExternalSyntheticLambda0@faa280f
06-30 01:36:13.598  1719  2048 E ConsumerBase: [ImageReader-192x192f4m1-1719-25] abandonLocked: ConsumerBase is abandoned!
06-30 01:36:13.604 11188 11188 D VRI[OutgoingDialpadActivity]: WindowInsets changed: 384x384 
06-30 01:36:13.608  1719  2163 D CoreBackPreview: Window{e19ddea u0 com.google.android.dialer/com.google.android.wearable.googledialer.dialpad.outgoingdialpad.impl.ui.OutgoingDialpadActivity}: Setting back callback OnBackInvokedCallbackInfo{mCallback=android.window.IOnBackInvokedCallback$Stub$Proxy@c300e89, mPriority=-1, mIsAnimationCallback=false, mOverrideBehavior=0}
06-30 01:36:13.672  1719  2157 D WindowManager: setClientSurface Surface(name=VRI-com.google.android.dialer/com.google.android.wearable.googledialer.dialpad.outgoingdialpad.impl.ui.OutgoingDialpadActivity#599)/@0x551473e for e19ddea com.google.android.dialer/com.google.android.wearable.googledialer.dialpad.outgoingdialpad.impl.ui.OutgoingDialpadActivity
06-30 01:36:13.675 11188 11188 I Surface : Creating surface for consumer unnamed-11188-12 with slotExpansion=1 for 64 slots
06-30 01:36:13.676  2285  2303 W System  : A resource failed to call release. 
06-30 01:36:13.676 11188 11188 I Surface : Creating surface for consumer VRI[OutgoingDialpadActivity]#12(BLAST Consumer)12 with slotExpansion=1 for 64 slots
06-30 01:36:13.676  2285  2303 W System  : A resource failed to call release. 
06-30 01:36:13.676  2285  2303 W System  : A resource failed to call release. 
06-30 01:36:13.676  2285  2303 W System  : A resource failed to call release. 
06-30 01:36:13.676  2285  2303 W System  : A resource failed to call release. 
06-30 01:36:13.676  1719  3674 D DOS_DisplayControlLock: released: android.os.BinderProxy@f9c2663
06-30 01:36:13.676  2285  2303 W System  : A resource failed to call release. 
06-30 01:36:13.676  1719  3674 I DOS_DisplayControlLock: All released
06-30 01:36:13.678   489   489 I SnapAlloc: Using graphics libs for alignment calculations
06-30 01:36:13.678   489   489 D SnapAlloc: from handle - reserved size 4287224480 custom content metadata size 0
06-30 01:36:13.679   489   489 D SnapAlloc: Successfully mapped metadata 0x1
06-30 01:36:13.679   489   489 D SnapAlloc: from handle - reserved size 0 custom content metadata size 0
06-30 01:36:13.679   489   489 D SnapAlloc: Successfully mapped metadata 0x1
06-30 01:36:13.679 11188 16434 D SnapAlloc: from handle - reserved size 0 custom content metadata size 0
06-30 01:36:13.679 11188 16434 D SnapAlloc: Successfully mapped metadata 0x1
06-30 01:36:13.680   489   489 I SnapAlloc: Using graphics libs for alignment calculations
06-30 01:36:13.680   489   489 D SnapAlloc: from handle - reserved size 4287224480 custom content metadata size 0
06-30 01:36:13.680   489   489 D SnapAlloc: Successfully mapped metadata 0x1
06-30 01:36:13.681   489   489 D SnapAlloc: from handle - reserved size 0 custom content metadata size 0
06-30 01:36:13.681   489   489 D SnapAlloc: Successfully mapped metadata 0x1
06-30 01:36:13.681 11188 16434 D SnapAlloc: from handle - reserved size 0 custom content metadata size 0
06-30 01:36:13.681 11188 16434 D SnapAlloc: Successfully mapped metadata 0x1
06-30 01:36:13.682   489   489 I SnapAlloc: Using graphics libs for alignment calculations
06-30 01:36:13.682   489   489 D SnapAlloc: from handle - reserved size 4287224480 custom content metadata size 0
06-30 01:36:13.682   489   489 D SnapAlloc: Successfully mapped metadata 0x1
06-30 01:36:13.682   489   489 D SnapAlloc: from handle - reserved size 0 custom content metadata size 0
06-30 01:36:13.683   489   489 D SnapAlloc: Successfully mapped metadata 0x1
06-30 01:36:13.683 11188 16434 D SnapAlloc: from handle - reserved size 0 custom content metadata size 0
06-30 01:36:13.683 11188 16434 D SnapAlloc: Successfully mapped metadata 0x1
06-30 01:36:13.684   489   489 I SnapAlloc: Using graphics libs for alignment calculations
06-30 01:36:13.684   489   489 D SnapAlloc: from handle - reserved size 4287224480 custom content metadata size 0
06-30 01:36:13.684   489   489 D SnapAlloc: Successfully mapped metadata 0x1
06-30 01:36:13.685   489   489 D SnapAlloc: from handle - reserved size 0 custom content metadata size 0
06-30 01:36:13.685   489   489 D SnapAlloc: Successfully mapped metadata 0x1
06-30 01:36:13.685 11188 16434 D SnapAlloc: from handle - reserved size 0 custom content metadata size 0
06-30 01:36:13.685 11188 16434 D SnapAlloc: Successfully mapped metadata 0x1
06-30 01:36:13.700   488  2054 D SnapAlloc: from handle - reserved size 0 custom content metadata size 0
06-30 01:36:13.700   488  2054 D SnapAlloc: Successfully mapped metadata 0x1
06-30 01:36:13.705  1719  1746 I ActivityTaskManager: Displayed com.google.android.dialer/com.google.android.wearable.googledialer.dialpad.outgoingdialpad.impl.ui.OutgoingDialpadActivity for user 0: +622ms
06-30 01:36:13.711   488  2054 D SnapAlloc: from handle - reserved size 0 custom content metadata size 0
06-30 01:36:13.711   488  2054 D SnapAlloc: Successfully mapped metadata 0x1
06-30 01:36:13.716   488  2054 D SnapAlloc: from handle - reserved size 0 custom content metadata size 0
06-30 01:36:13.716   488  2054 D SnapAlloc: Successfully mapped metadata 0x1
06-30 01:36:13.719   493  3417 D SnapAlloc: from handle - reserved size 0 custom content metadata size 0
06-30 01:36:13.719   493  3417 D SnapAlloc: Successfully mapped metadata 0x1
06-30 01:36:13.719   493  3417 I SDM     : Using previously loaded IMapper library.
06-30 01:36:13.732   488  2054 D SnapAlloc: from handle - reserved size 0 custom content metadata size 0
06-30 01:36:13.732   488  2054 D SnapAlloc: Successfully mapped metadata 0x1
06-30 01:36:13.735   493  3417 D SnapAlloc: from handle - reserved size 0 custom content metadata size 0
06-30 01:36:13.735   493  3417 D SnapAlloc: Successfully mapped metadata 0x1
06-30 01:36:13.735   493  3417 D SnapAlloc: from handle - reserved size 0 custom content metadata size 0
06-30 01:36:13.735   493  3417 D SnapAlloc: Successfully mapped metadata 0x1
06-30 01:36:13.744  1719  2163 D ConnectivityService: requestNetwork for uid/pid:10072/11188 activeRequest: null callbackRequest: 314 [NetworkRequest [ REQUEST id=315, [ Capabilities: INTERNET&NOT_RESTRICTED&TRUSTED&NOT_VCN_MANAGED&NOT_BANDWIDTH_CONSTRAINED Uid: 10072 RequestorUid: 10072 RequestorPkg: com.google.android.dialer UnderlyingNetworks: Null] ]] callback flags: 0 order: 2147483647 isUidTracked: false declaredMethods: AVAIL|LOST
06-30 01:36:13.745  1719  1974 D NetworkRequestStateStatsMetrics: Registered nr with ID = 315, package_uid = 10072
06-30 01:36:13.749   488  2054 D SnapAlloc: from handle - reserved size 0 custom content metadata size 0
06-30 01:36:13.749   488  2054 D SnapAlloc: Successfully mapped metadata 0x1
06-30 01:36:13.751   493  3417 D SnapAlloc: from handle - reserved size 0 custom content metadata size 0
06-30 01:36:13.751   493  3417 D SnapAlloc: Successfully mapped metadata 0x1
06-30 01:36:13.753  1719  1967 D WifiNetworkFactory: got request NetworkRequest [ REQUEST id=315, [ Capabilities: INTERNET&NOT_RESTRICTED&TRUSTED&NOT_VCN_MANAGED&NOT_BANDWIDTH_CONSTRAINED Uid: 10072 RequestorUid: 10072 RequestorPkg: com.google.android.dialer UnderlyingNetworks: Null] ]
06-30 01:36:13.755  1719  1933 I ImeTracker: com.google.android.dialer:c3483cbd: onRequestHide at ORIGIN_SERVER reason HIDE_UNSPECIFIED_WINDOW fromUser false userId 0 displayId 0
06-30 01:36:13.755  1719  1719 D WEAR_NETWORK_OBSERVER: got request NetworkRequest [ REQUEST id=315, [ Capabilities: INTERNET&NOT_RESTRICTED&TRUSTED&NOT_VCN_MANAGED&NOT_BANDWIDTH_CONSTRAINED Uid: 10072 RequestorUid: 10072 RequestorPkg: com.google.android.dialer UnderlyingNetworks: Null] ]
06-30 01:36:13.756  1719  1967 D UntrustedWifiNetworkFactory: got request NetworkRequest [ REQUEST id=315, [ Capabilities: INTERNET&NOT_RESTRICTED&TRUSTED&NOT_VCN_MANAGED&NOT_BANDWIDTH_CONSTRAINED Uid: 10072 RequestorUid: 10072 RequestorPkg: com.google.android.dialer UnderlyingNetworks: Null] ]
06-30 01:36:13.756  1719  1967 D OemPaidWifiNetworkFactory: got request NetworkRequest [ REQUEST id=315, [ Capabilities: INTERNET&NOT_RESTRICTED&TRUSTED&NOT_VCN_MANAGED&NOT_BANDWIDTH_CONSTRAINED Uid: 10072 RequestorUid: 10072 RequestorPkg: com.google.android.dialer UnderlyingNetworks: Null] ]
06-30 01:36:13.757  1719  1967 D MultiInternetWifiNetworkFactory: got request NetworkRequest [ REQUEST id=315, [ Capabilities: INTERNET&NOT_RESTRICTED&TRUSTED&NOT_VCN_MANAGED&NOT_BANDWIDTH_CONSTRAINED Uid: 10072 RequestorUid: 10072 RequestorPkg: com.google.android.dialer UnderlyingNetworks: Null] ]
06-30 01:36:13.758  1719  1974 D ConnectivityService: NetReassign [315 : null → 108] [c 1] [a 3] [i 9]
06-30 01:36:13.760 11188 11188 D InsetsController: hide(ime())
06-30 01:36:13.760 11188 11188 I ImeTracker: com.google.android.dialer:c3483cbd: onCancelled at PHASE_CLIENT_ALREADY_HIDDEN
06-30 01:36:13.768   493  3417 D SnapAlloc: from handle - reserved size 0 custom content metadata size 0
06-30 01:36:13.768   493  3417 D SnapAlloc: Successfully mapped metadata 0x1
06-30 01:36:13.772  1719  1974 D NetworkRequestStateStatsMetrics: Removed nr with ID = 315
06-30 01:36:13.784 11188 11224 V ClearcutMetricXmitter: Transmission is done.
06-30 01:36:13.985   493  3417 D SnapAlloc: from handle - reserved size 0 custom content metadata size 0
06-30 01:36:13.985   493  3417 D SnapAlloc: Successfully mapped metadata 0x1
06-30 01:36:13.992  1719  1760 W ActivityManager: Bringing down service while still waiting for start foreground: ServiceRecord{bb2a213 u0 com.google.android.crossdeviceaccessservice/.associated.proximityprovider.service.ProximityWearableListenerService c:com.android.shell}
06-30 01:36:13.997  1719  1760 W ActivityManager: Bringing down service while still waiting for start foreground: ServiceRecord{af8de26 u0 com.google.android.crossdeviceaccessservice/.associated.shared.communication.wear.SharedWearableListenerService c:com.android.shell}
06-30 01:36:13.998 16311 16311 I CDAS-ProximityProvider: ProximityWearableListenerService onDestroy
06-30 01:36:13.998 16311 16311 D CDAS-ProximityProvider: ProximityWearableListenerService is wake lock held: null for ProximityWearableListenerService
06-30 01:36:14.000 16311 16311 D AndroidRuntime: Shutting down VM
--------- beginning of crash
06-30 01:36:14.001 16311 16311 E AndroidRuntime: FATAL EXCEPTION: main
06-30 01:36:14.001 16311 16311 E AndroidRuntime: Process: com.google.android.crossdeviceaccessservice, PID: 16311
06-30 01:36:14.001 16311 16311 E AndroidRuntime: android.app.RemoteServiceException$ForegroundServiceDidNotStartInTimeException: Context.startForegroundService() did not then call Service.startForeground(): ServiceRecord{bb2a213 u0 com.google.android.crossdeviceaccessservice/.associated.proximityprovider.service.ProximityWearableListenerService c:com.android.shell}
06-30 01:36:14.001 16311 16311 E AndroidRuntime: 	at android.app.ActivityThread.generateForegroundServiceDidNotStartInTimeException(ActivityThread.java:2598)
06-30 01:36:14.001 16311 16311 E AndroidRuntime: 	at android.app.ActivityThread.throwRemoteServiceException(ActivityThread.java:2563)
06-30 01:36:14.001 16311 16311 E AndroidRuntime: 	at android.app.ActivityThread.-$$Nest$mthrowRemoteServiceException(ActivityThread.java:0)
06-30 01:36:14.001 16311 16311 E AndroidRuntime: 	at android.app.ActivityThread$H.handleMessage(ActivityThread.java:2950)
06-30 01:36:14.001 16311 16311 E AndroidRuntime: 	at android.os.Handler.dispatchMessageImpl(Handler.java:142)
06-30 01:36:14.001 16311 16311 E AndroidRuntime: 	at android.os.Handler.dispatchMessage(Handler.java:125)
06-30 01:36:14.001 16311 16311 E AndroidRuntime: 	at android.os.Looper.loopOnce(Looper.java:296)
06-30 01:36:14.001 16311 16311 E AndroidRuntime: 	at android.os.Looper.loop(Looper.java:397)
06-30 01:36:14.001 16311 16311 E AndroidRuntime: 	at android.app.ActivityThread.main(ActivityThread.java:9523)
06-30 01:36:14.001 16311 16311 E AndroidRuntime: 	at java.lang.reflect.Method.invoke(Native Method)
06-30 01:36:14.001 16311 16311 E AndroidRuntime: 	at com.android.internal.os.RuntimeInit$MethodAndArgsCaller.run(RuntimeInit.java:575)
06-30 01:36:14.001 16311 16311 E AndroidRuntime: 	at com.android.internal.os.ZygoteInit.main(ZygoteInit.java:939)
06-30 01:36:14.010  1719 16436 I DropBoxManagerService: add tag=system_app_crash isTagEnabled=true flags=0x2
06-30 01:36:14.024 16311 16311 I Process : Sending signal. PID: 16311 SIG: 9
06-30 01:36:14.049   752   752 I Zygote  : Process 16311 exited due to signal 9 (Killed)
06-30 01:36:14.049  1719  2157 I ActivityManager: Process com.google.android.crossdeviceaccessservice (pid 16311) has died: fg  SVC 
06-30 01:36:14.051  1719  1762 I libprocessgroup: Removed cgroup /sys/fs/cgroup/apps/uid_10137/pid_16311
06-30 01:36:14.063  1719  1967 I HalDevMgr: bestIfaceCreationProposal is null, requestIface=STA, existingIface=[name=wlan0 type=STA]
06-30 01:36:14.080  2076  2090 W System  : A resource failed to call HardwareBuffer.close. 
06-30 01:36:14.618 15640 16439 I DropBoxUtil: (REDACTED) Reading dropbox entry with tag %s and timestamp %d
06-30 01:36:14.739  1719  1793 D HighBrightnessModeController: onAmbientLuxChange: 19.133749/25000.0, IsHighLux: false
06-30 01:36:14.739  1719  1793 I DisplayOffload: allowAutoBrightnessInDoze: stateOverride=UNKNOWN
06-30 01:36:14.740  1719  1793 I DisplayPowerController[0]: BrightnessEvent: brt=0.0(0.0%), nits=-1.0, lux=19.133749, reason=automatic [ dim ], strat=AutomaticBrightnessStrategy, state=ON, stateReason=DEFAULT_POLICY, policy=DIM, flags=, initBrt=0.0, rcmdBrt=0.025921507, preBrt=0.020708233, preLux=14.651251, lastReadLux=19.133749, wasShortTermModelActive=false, autoBrightness=true (default), unclampedBrt=0.025921507, hbmMax=0.6556, hbmMode=off, thrmMax=1.0, rbcStrength=50, powerFactor=0.5, physDisp=Built-in Screen(local:4630946367249729921), logicalId=0, slowChange=true, rampSpeed=0.0, colorTemp=NaN, thermalStatus=none
06-30 01:36:14.741  1719  1793 I DisplayOffload: allowAutoBrightnessInDoze: stateOverride=UNKNOWN
06-30 01:36:14.743  1719  1749 I BrightnessSynchronizer: [500] New Update 0.025921507(f) set brightness values:  8(i)
06-30 01:36:14.745  1719  1749 I BrightnessSynchronizer: Swallowing update of 8(i) by update: {[500] 0.025921507(f), mUpdatedTypes=1, mConfirmedTypes=1, mTimeUpdated=4334858}
06-30 01:36:14.745  1719  1749 I BrightnessSynchronizer: Completed Update: {[500] 0.025921507(f), mUpdatedTypes=1, mConfirmedTypes=1, mTimeUpdated=4334858}
06-30 01:36:16.079  1719  1914 D ActivityManager: freezing 8905 com.fitbit.FitbitMobile
06-30 01:36:16.081  1719  1901 I SensorService: Setting connection 0xe47359c0 disabled status to 1 for reason 2
06-30 01:36:16.083  1719  1974 D InetDiagMessage: Destroyed 0 sockets, proto=IPPROTO_TCP, family=AF_INET, states=14
06-30 01:36:16.085  1719  1974 D InetDiagMessage: Destroyed 0 sockets, proto=IPPROTO_TCP, family=AF_INET6, states=14
06-30 01:36:16.085  1719  1974 D InetDiagMessage: Destroyed live tcp sockets for uids={10111} in 3ms
06-30 01:36:16.086  1719  1974 D InetDiagMessage: Destroyed 0 sockets, proto=IPPROTO_TCP, family=AF_INET, states=14
06-30 01:36:16.086  1719  1974 D InetDiagMessage: Destroyed 0 sockets, proto=IPPROTO_TCP, family=AF_INET6, states=14
06-30 01:36:16.086  1719  1974 D InetDiagMessage: Destroyed live tcp sockets for uids={20111} in 1ms
06-30 01:36:16.087  1719  1974 D InetDiagMessage: Destroyed 0 sockets, proto=IPPROTO_TCP, family=AF_INET, states=14
06-30 01:36:16.088  1719  1974 D InetDiagMessage: Destroyed 0 sockets, proto=IPPROTO_TCP, family=AF_INET6, states=14
06-30 01:36:16.088  1719  1974 D InetDiagMessage: Destroyed live tcp sockets for uids={10111} in 2ms
06-30 01:36:16.102  1719  3504 E TaskPersister: File error accessing recents directory (directory doesn't exist?).
06-30 01:36:17.104  1719  1967 I HalDevMgr: bestIfaceCreationProposal is null, requestIface=STA, existingIface=[name=wlan0 type=STA]
06-30 01:36:17.343  1719  1793 D HighBrightnessModeController: onAmbientLuxChange: 21.8975/25000.0, IsHighLux: false
06-30 01:36:20.143  1719  1967 I HalDevMgr: bestIfaceCreationProposal is null, requestIface=STA, existingIface=[name=wlan0 type=STA]
06-30 01:36:21.183   391   416 E pixelstats-uevent: Unable to read  - No such file or directory
06-30 01:36:22.526  1719  1901 I SensorService: Setting connection 0xe47359c0 disabled status to 0 for reason 2
06-30 01:36:22.530  1719  3326 D ActivityManager: sync unfroze 8905 com.fitbit.FitbitMobile for 6
06-30 01:36:22.538  1719  1901 I SensorService: Setting connection 0xe47359c0 disabled status to 0 for reason 0
06-30 01:36:22.540  1719  3674 V GrammaticalInflectionUtils: AttributionSource: android.content.AttributionSource@9e348467 does not have READ_SYSTEM_GRAMMATICAL_GENDER permission.
06-30 01:36:22.540  1719  3674 D CompatChangeReporter: Compat change id reported: 151861875; UID 10117; state: ENABLED
06-30 01:36:22.560   752   752 D Zygote  : Forked child process 16441
06-30 01:36:22.562  1719  1761 I ActivityManager: Start proc 16441:com.google.android.wearable.protolayout.renderer/u0a117 for bound-service {com.google.android.wearable.protolayout.renderer/com.google.android.clockwork.prototiles.renderer.service.ProtoTilesRelayService}
06-30 01:36:22.571 16441 16441 I libprocessgroup: Created cgroup /sys/fs/cgroup/apps/uid_10117/pid_16441
06-30 01:36:22.588 16441 16441 I Zygote  : Process 16441 created for com.google.android.wearable.protolayout.renderer
06-30 01:36:22.588 16441 16441 I layout.renderer: Using generational CollectorTypeCMC GC.
06-30 01:36:22.601  8905  8905 W it.FitbitMobile: Monitor::Inflate: Install failed 0x940d3c18
06-30 01:36:22.603 16441 16441 D nativeloader: Load libframework-connectivity-tiramisu-jni.so using APEX ns com_android_tethering for caller /apex/com.android.tethering/javalib/framework-connectivity-t.jar: ok
06-30 01:36:22.624  1719  3674 W ProcessStats: Tracking association SourceState{94ae441 com.google.android.wearable.sysui/10068 Fgs #16608} whose proc state 3 is better than process ProcessState{65aabd3 com.fitbit.FitbitMobile/10111 pkg=com.fitbit.FitbitMobile} proc state 14 (10 skipped)
06-30 01:36:22.637  8905  8933 W it.FitbitMobile: Monitor::Inflate: Install failed 0xcc00d3b8
06-30 01:36:22.651 16441 16441 W layout.renderer: Failed to find entry 'classes.dex': Entry not found
06-30 01:36:22.654 16441 16441 W layout.renderer: Failed to find entry 'classes.dex': Entry not found
06-30 01:36:22.657 16441 16441 W layout.renderer: Failed to find entry 'classes.dex': Entry not found
06-30 01:36:22.661 16441 16441 W layout.renderer: Failed to find entry 'classes.dex': Entry not found
06-30 01:36:22.664 16441 16441 W layout.renderer: Failed to find entry 'classes.dex': Entry not found
06-30 01:36:22.667 16441 16441 W layout.renderer: Failed to find entry 'classes.dex': Entry not found
06-30 01:36:22.670 16441 16441 W layout.renderer: Failed to find entry 'classes.dex': Entry not found
06-30 01:36:22.672   391   416 E pixelstats-uevent: Unable to read  - No such file or directory
06-30 01:36:22.674 16441 16441 W layout.renderer: Failed to find entry 'classes.dex': Entry not found
06-30 01:36:22.677 16441 16441 W layout.renderer: Failed to find entry 'classes.dex': Entry not found
06-30 01:36:22.680 16441 16441 W layout.renderer: Failed to find entry 'classes.dex': Entry not found
06-30 01:36:22.683 16441 16441 D nativeloader: Configuring clns-6 for other apk /data/app/~~jVZf04gc836rggE5Fw4VtQ==/com.google.android.wearable.protolayout.renderer-nKkXQt9vSzaGc8Y1qpv60Q==/base.apk:/data/app/~~jVZf04gc836rggE5Fw4VtQ==/com.google.android.wearable.protolayout.renderer-nKkXQt9vSzaGc8Y1qpv60Q==/split_config.armeabi_v7a.apk:/data/app/~~jVZf04gc836rggE5Fw4VtQ==/com.google.android.wearable.protolayout.renderer-nKkXQt9vSzaGc8Y1qpv60Q==/split_config.bn.apk:/data/app/~~jVZf04gc836rggE5Fw4VtQ==/com.google.android.wearable.protolayout.renderer-nKkXQt9vSzaGc8Y1qpv60Q==/split_config.en.apk:/data/app/~~jVZf04gc836rggE5Fw4VtQ==/com.google.android.wearable.protolayout.renderer-nKkXQt9vSzaGc8Y1qpv60Q==/split_config.gu.apk:/data/app/~~jVZf04gc836rggE5Fw4VtQ==/com.google.android.wearable.protolayout.renderer-nKkXQt9vSzaGc8Y1qpv60Q==/split_config.hi.apk:/data/app/~~jVZf04gc836rggE5Fw4VtQ==/com.google.android.wearable.protolayout.renderer-nKkXQt9vSzaGc8Y1qpv60Q==/split_config.kn.apk:/data/app/~~jVZf04gc836rggE5Fw4VtQ==/com.google.android.wearable.protolayou
06-30 01:36:22.687 16441 16441 D CompatChangeReporter: Compat change id reported: 202956589; UID 10117; state: ENABLED
06-30 01:36:22.697 16441 16441 W layout.renderer: Monitor::Inflate: Install failed 0x719ed798
06-30 01:36:22.704  1435  1435 E BatteryDefender: Failed to read /sys/devices/platform/google,charger/bd_state
06-30 01:36:22.705 16441 16441 V GraphicsEnvironment: Currently set values for:
06-30 01:36:22.705 16441 16441 V GraphicsEnvironment:   angle_gl_driver_selection_pkgs=[]
06-30 01:36:22.705 16441 16441 V GraphicsEnvironment:   angle_gl_driver_selection_values=[]
06-30 01:36:22.705 16441 16441 V GraphicsEnvironment: com.google.android.wearable.protolayout.renderer is not listed in per-application setting
06-30 01:36:22.705 16441 16441 V GraphicsEnvironment: No special selections for ANGLE, returning default driver choice
06-30 01:36:22.707 16441 16441 V GraphicsEnvironment: Neither updatable production driver nor prerelease driver is supported.
06-30 01:36:22.720  2269  2269 D QtiCarrierConfigHelper: WARNING, no carrier configs on phone Id: 0
06-30 01:36:22.741  1435  1435 E BatteryDefender: Failed to read /sys/devices/platform/google,charger/bd_state
06-30 01:36:23.167  1719  2003 I AdbWifiNetworkMonitor: Wi-Fi network available
06-30 01:36:23.167  1719  2003 I AdbWifiNetworkMonitor: Received the same Wi-Fi SSID. Ignoring.
06-30 01:36:23.171  1719  1967 I HalDevMgr: bestIfaceCreationProposal is null, requestIface=STA, existingIface=[name=wlan0 type=STA]
06-30 01:36:23.176  2637  2987 D DeviceStateHelper: Wifi freq: 2412
06-30 01:36:23.176  2304  2982 D QCNEJ/NativeAidlConnector: -> SND notifyDefaultNetworkChanged(1)
06-30 01:36:23.176  2304  2982 D cneJni  : sendDefaultNwMsg start
06-30 01:36:23.178  2304  2982 D cneJni  : sendWifiStatus start
06-30 01:36:23.183  3468  3688 W EdorasConnMonitorState: unhandled onNetworkConnected
06-30 01:36:23.189 11188 11224 V ClearcutMetricXmitter: Transmission is done.
06-30 01:36:23.999  1719  1760 I ActivityManager: Skip zero pid ANR, process=com.google.android.crossdeviceaccessservice
06-30 01:36:23.999  1719  1760 I ActivityManager: Skip zero pid ANR, process=com.google.android.crossdeviceaccessservice
06-30 01:36:24.714  1628  1654 I pixel-thermal: CDEV log 
06-30 01:36:25.706  1226  1226 I adbd    : adbd service requested 'shell,v2,TERM=xterm-256color,raw:dumpsys activity services'
06-30 01:36:25.789  1719  3326 D CompatChangeReporter: Compat change id reported: 313677553; UID 10117; state: ENABLED
06-30 01:36:25.789  1719  3326 D CompatChangeReporter: Compat change id reported: 311208629; UID 10117; state: ENABLED
06-30 01:36:25.789  1719  3326 D CompatChangeReporter: Compat change id reported: 311208749; UID 10117; state: ENABLED
06-30 01:36:25.794  1719  3326 D CompatChangeReporter: Compat change id reported: 313677553; UID 10111; state: ENABLED
06-30 01:36:25.795  1719  3326 D CompatChangeReporter: Compat change id reported: 311208749; UID 10111; state: ENABLED
06-30 01:36:25.827  1226  1226 I adbd    : adbd service requested 'shell,v2,TERM=xterm-256color,raw:am start -a com.google.android.apps.messaging.action.SEND_MESSAGE -d smsto:6385436230 -n com.google.android.apps.messaging/com.google.android.apps.messaging.send.SendToProxyActivityWithPrivilege --es sms_body Security_test -f 0x10008000'
06-30 01:36:25.925  1719  3326 W ActivityTaskManager: callingPackage for (uid=2000, pid=16460) has no WPC
06-30 01:36:25.926  1719  3326 W AppCompatResourceOverlayPolicy: constructor: Failed to find VirtualDeviceManagerService
06-30 01:36:25.959  1719  3326 V GrammaticalInflectionUtils: AttributionSource: android.content.AttributionSource@813221d8 does not have READ_SYSTEM_GRAMMATICAL_GENDER permission.
06-30 01:36:25.972  1719  3326 D CorePackageUpdate: onRecentTaskRemoved Removing task: 258
06-30 01:36:25.972  1719  3326 D CorePackageUpdate: Couldn't find a persistent state for task= 258
06-30 01:36:25.974  1719  3326 V ActivityTaskManager: TaskLaunchParamsModifier: phase=3 task=Task{e3be73f #439 type=standard A=10100:com.google.android.apps.messaging} activity=ActivityRecord{99071838 u0 com.google.android.apps.messaging/.send.SendToProxyActivityWithPrivilege t-1} display-from-task=0 display-id=0 task-display-area-windowing-mode=1 suggested-display-area=DefaultTaskDisplayArea@89885625 inherit-from-task=fullscreen non-freeform-task-display-area display-area=DefaultTaskDisplayArea@89885625 default-portrait freeform-size-mismatch=Rect(54, 54 - 330, 330)
06-30 01:36:25.974  1719  3326 I ActivityTaskManager: START u0 {act=com.google.android.apps.messaging.action.SEND_MESSAGE dat=smsto:xxxxxxxxxx flg=0x10008000 xflg=0x4 cmp=com.google.android.apps.messaging/.send.SendToProxyActivityWithPrivilege (has extras)} with LAUNCH_MULTIPLE from uid 2000 (com.android.shell) (BAL_ALLOW_PERMISSION) result code=0
06-30 01:36:25.976  2285  2373 V WindowManagerShell: Transition requested (#288): android.os.BinderProxy@32476f8 TransitionRequestInfo { type = OPEN, triggerTask = TaskInfo{userId=0 taskId=439 effectiveUid=10100 displayId=0 isRunning=true baseIntent=Intent { act=com.google.android.apps.messaging.action.SEND_MESSAGE dat=smsto:xxxxxxxxxx flg=0x10808000 cmp=com.google.android.apps.messaging/.send.SendToProxyActivityWithPrivilege } baseActivity=ComponentInfo{com.google.android.apps.messaging/com.google.android.apps.messaging.send.SendToProxyActivity} topActivity=ComponentInfo{com.google.android.apps.messaging/com.google.android.apps.messaging.send.SendToProxyActivity} origActivity=ComponentInfo{com.google.android.apps.messaging/com.google.android.apps.messaging.send.SendToProxyActivityWithPrivilege} realActivity=ComponentInfo{com.google.android.apps.messaging/com.google.android.apps.messaging.send.SendToProxyActivity} realActivityIsAppLockEnabled=false numActivities=1 lastActiveTime=51805827 supportsMultiWindow=false supportsMultiWindowWithoutConstraints=false resizeMode=1 isResizeable=true minWidth=-1 minHeight=-1 defaultMinSize=220 token=WCT{android.os.BinderProxy@e9667d1} topActivityType=1 pictureInPictureParams=null shouldDockBigOverlays=false launchIntoPipHostTaskId=-1 lastParentTaskIdBeforePip=-1 displayCutoutSafeInsets=Rect(0, 0 - 0, 0) topActivityInfo=ActivityInfo{6521236 com.google.android.apps.messaging.send.SendToProxyActivityWithPrivilege} launchCookies=[] positionInParent=Point(0, 0) parentTaskId=-1 isFocused=false isInteractive=false isVisible=false isVisibleRequested=false isTopActivityNoDisplay=false isSleeping=false locusId=null displayAreaFeatureId=1 isTopActivityTransparent=true isActivityStackTransparent=true lastNonFullscreenBounds=Rect(54, 54 - 330, 330) leafTaskBoundsFromOptions= false capturedLink=null capturedLinkTimestamp=0 requestedVisibleTypes=503 topActivityRequestOpenInBrowserEducationTimestamp=0 appCompatTaskInfo=AppCompatTaskInfo { topActivityInSizeCompat=false isLeafTask= true eligibleForLetterboxEducation= false isLetterboxEducationEnabled= false isLetterboxDoubleTapEnabled= false eligibleForUserAspectRatioButton= false topActivityBoundsLetterboxed= false isFromLetterboxDoubleTap= false topActivityLetterboxVerticalPosition= -1 topActivityLetterboxHorizontalPosition= -1 topActivityLetterboxWidth=-1 topActivityLetterboxHeight=-1 topActivityAppBounds=Rect(0, 0 - 384, 384) isUserFullscreenOverrideEnabled=false isSystemFullscreenOverrideEnabled=false hasMinAspectRatioOverride=false topActivityLetterboxBounds=null topNonResizableActivityAspectRatio=-1.0} topActivityMainWindowFrame=null isAppBubble=false}, pipChange = null, remoteTransitionInfo = null, displayChanges = null, requestedLocation = null, userChange = null, windowingLayerChange = null, fullscreenRequestChange = null, flags = 0, debugId = 288 }
06-30 01:36:25.977  2285  2373 V WindowManagerShell: Transition (#288): request handled by WearMixedTransitionHandler
06-30 01:36:25.979 11188 11224 V ClearcutMetricXmitter: Transmission is done.
06-30 01:36:25.981  1719  2157 W TransitionChain: Combining kgOccludeChg into #288(OPEN|R|0x0) from startAct
06-30 01:36:25.981  2285  2373 D WindowManagerShell: onKeyguardOccludingTaskChanged displayId=0 taskId=-1
06-30 01:36:25.982  1719  2157 D CorePackageUpdate: Couldn't find a persistent state for task= 439
06-30 01:36:25.983  1719  2157 W libbinder.IPCThreadState: Sending oneway calls to frozen process.
06-30 01:36:25.984  1719  2157 D ActivityManager: quick sync unfreeze 12755 for 1
06-30 01:36:25.992  1719  1749 D ActivityManager: sync unfroze 12755 com.google.android.apps.messaging for 1
06-30 01:36:25.997  2285  2285 I DisplayOffloadManager: updateTopActivity: taskId = 438; activityToFront=ComponentInfo{com.google.android.dialer/com.google.android.wearable.googledialer.dialpad.outgoingdialpad.impl.ui.OutgoingDialpadActivity}
06-30 01:36:25.997  1719  2157 D DisplayOffload: updateTopTask: taskId=438; activityToFront=ComponentInfo{com.google.android.dialer/com.google.android.wearable.googledialer.dialpad.outgoingdialpad.impl.ui.OutgoingDialpadActivity}
06-30 01:36:26.002  1719  1904 D IntervalStats: Unable to parse usage stats packages: [11]
06-30 01:36:26.009 12755 16463 I DisplayManager: Choreographer implicitly registered for the refresh rate.
06-30 01:36:26.016  1719  1904 D IntervalStats: Unable to parse usage stats packages: [11]
06-30 01:36:26.019 12755 16463 I AdrenoGLES-0: QUALCOMM build                   : 3656bb992e, I0abb6f342e
06-30 01:36:26.019 12755 16463 I AdrenoGLES-0: Build Date                       : 09/08/25
06-30 01:36:26.019 12755 16463 I AdrenoGLES-0: OpenGL ES Shader Compiler Version: E031.47.18.42
06-30 01:36:26.019 12755 16463 I AdrenoGLES-0: Local Branch                     : 
06-30 01:36:26.019 12755 16463 I AdrenoGLES-0: Remote Branch                    : refs/tags/AU_LINUX_ANDROID_LA.VENDOR.15.4.1.11.00.00.1186.254
06-30 01:36:26.019 12755 16463 I AdrenoGLES-0: Remote Branch                    : NONE
06-30 01:36:26.019 12755 16463 I AdrenoGLES-0: Reconstruct Branch               : NOTHING
06-30 01:36:26.019 12755 16463 I AdrenoGLES-0: Build Config                     : S P 18.0.0 AArch32
06-30 01:36:26.019 12755 16463 I AdrenoGLES-0: Driver Path                      : /vendor/lib/egl/libGLESv2_adreno.so
06-30 01:36:26.019 12755 16463 I AdrenoGLES-0: Driver Version                   : 0800.56
06-30 01:36:26.019 12755 16463 I AdrenoGLES-0: Process Name                     : com.google.android.apps.messaging
06-30 01:36:26.026  1719  1904 D IntervalStats: Unable to parse usage stats packages: [11]
06-30 01:36:26.031  1719  1904 D IntervalStats: Unable to parse usage stats packages: [11]
06-30 01:36:26.036 12755 16463 D qdgralloc: Fetching IMapper5 from QtiMapper5
06-30 01:36:26.041  1719  1904 D IntervalStats: Unable to parse usage stats packages: [11]
06-30 01:36:26.044 12755 16463 I SnapAlloc: UBWC is disabled
06-30 01:36:26.045 12755 16463 I SnapAlloc: Graphics lib is available
06-30 01:36:26.046 12755 16463 W SnapAlloc: Camera lib is not available - read json file
06-30 01:36:26.062 12755 16463 I AdrenoGLES-0: PFP: 0x017aa048, ME: 0x00000000
06-30 01:36:26.093  2076  2484 W SysUI   : [RecentTasksLauncherRepo]getRecentApps matched with a Launcher Activity in the task TaskInfo{userId=0 taskId=438 effectiveUid=10072 displayId=0 isRunning=true baseIntent=Intent { act=android.intent.action.DIAL dat=tel:xxxxxxxxxxx flg=0x10000000 cmp=com.google.android.dialer/com.google.android.wearable.googledialer.homescreen.impl.ui.HomeScreenActivity } baseActivity=ComponentInfo{com.google.android.dialer/com.google.android.wearable.googledialer.homescreen.impl.ui.HomeScreenActivity} topActivity=ComponentInfo{com.google.android.dialer/com.google.android.wearable.googledialer.dialpad.outgoingdialpad.impl.ui.OutgoingDialpadActivity} origActivity=null realActivity=ComponentInfo{com.google.android.dialer/com.google.android.wearable.googledialer.homescreen.impl.ui.HomeScreenActivity} realActivityIsAppLockEnabled=false numActivities=2 lastActiveTime=51805823 supportsMultiWindow=false supportsMultiWindowWithoutConstraints=false resizeMode=1 isResizeable=true minWidth=-1 minHeight=-1 defaultMinSize=220 token=WCT{android.os.BinderProxy@f786ee6} topActivityType=1 pictureInPictureParams=null shouldDockBigOverlays=false launchIntoPipHostTaskId=-1 lastParentTaskIdBeforePip=-1 displayCutoutSafeInsets=Rect(0, 0 - 0, 0) topActivityInfo=ActivityInfo{9562a88 com.google.android.wearable.googledialer.dialpad.outgoingdialpad.impl.ui.OutgoingDialpadActivity} launchCookies=[] positionInParent=Point(0, 0) parentTaskId=-1 isFocused=false isInteractive=false isVisible=true isVisibleRequested=true isTopActivityNoDisplay=false isSleeping=false locusId=null displayAreaFeatureId=1 isTopActivityTransparent=false isActivityStackTransparent=false lastNonFullscreenBounds=Rect(54, 54 - 330, 330) leafTaskBoundsFromOptions= false capturedLink=null capturedLinkTimestamp=0 requestedVisibleTypes=503 topActivityRequestOpenInBrowserEducationTimestamp=0 appCompatTaskInfo=AppCompatTaskInfo { topActivityInSizeCompat=false isLeafTask= true eligibleForLetterboxEducation= false isLetterboxEducationEnabled= false isLetterboxDoubleTapEnabled= false eligibleForUserAspectRatioButton= false topActivityBoundsLetterboxed= false isFromLetterboxDoubleTap= false topActivityLetterboxVerticalPosition= -1 topActivityLetterboxHorizontalPosition= -1 topActivityLetterboxWidth=-1 topActivityLetterboxHeight=-1 topActivityAppBounds=Rect(0, 0 - 384, 384) isUserFullscreenOverrideEnabled=false isSystemFullscreenOverrideEnabled=false hasMinAspectRatioOverride=false topActivityLetterboxBounds=null topNonResizableActivityAspectRatio=-1.0} topActivityMainWindowFrame=null isAppBubble=false} == ActivityLauncherApp(label=Phone, activity=ComponentInfo{com.google.android.dialer/com.google.android.wearable.googledialer.homescreen.impl.ui.HomeScreenActivity}, launcherIconRequest=AllAppsLauncherIconRequest(packageName=com.google.android.dialer, activityName=com.google.android.wearable.googledialer.homescreen.impl.ui.HomeScreenActivity, isDefaultApp=false), loadLauncherIcon=ioi@883eed4)
06-30 01:36:26.094  2076  2484 W SysUI   : [RecentTasksLauncherRepo]getRecentApps matched with a Launcher Activity in the task TaskInfo{userId=0 taskId=435 effectiveUid=1000 displayId=0 isRunning=true baseIntent=Intent { act=android.intent.action.MAIN cat=[android.intent.category.LAUNCHER] flg=0x10000000 cmp=com.google.android.apps.wearable.settings/com.google.android.clockwork.settings.MainSettingsActivity } baseActivity=ComponentInfo{com.google.android.apps.wearable.settings/com.google.android.clockwork.settings.MainSettingsActivity} topActivity=ComponentInfo{com.google.android.apps.wearable.settings/com.google.android.clockwork.settings.MainSettingsActivity} origActivity=null realActivity=ComponentInfo{com.google.android.apps.wearable.settings/com.google.android.clockwork.settings.MainSettingsActivity} realActivityIsAppLockEnabled=false numActivities=1 lastActiveTime=51746088 supportsMultiWindow=false supportsMultiWindowWithoutConstraints=false resizeMode=1 isResizeable=true minWidth=-1 minHeight=-1 defaultMinSize=220 token=WCT{android.os.BinderProxy@775cfa} topActivityType=1 pictureInPictureParams=null shouldDockBigOverlays=false launchIntoPipHostTaskId=-1 lastParentTaskIdBeforePip=-1 displayCutoutSafeInsets=Rect(0, 0 - 0, 0) topActivityInfo=ActivityInfo{7d5bc21 com.google.android.clockwork.settings.MainSettingsActivity} launchCookies=[] positionInParent=Point(0, 0) parentTaskId=-1 isFocused=false isInteractive=false isVisible=false isVisibleRequested=false isTopActivityNoDisplay=false isSleeping=false locusId=null displayAreaFeatureId=1 isTopActivityTransparent=false isActivityStackTransparent=false lastNonFullscreenBounds=Rect(54, 54 - 330, 330) leafTaskBoundsFromOptions= false capturedLink=null capturedLinkTimestamp=0 requestedVisibleTypes=503 topActivityRequestOpenInBrowserEducationTimestamp=0 appCompatTaskInfo=AppCompatTaskInfo { topActivityInSizeCompat=false isLeafTask= true eligibleForLetterboxEducation= false isLetterboxEducationEnabled= false isLetterboxDoubleTapEnabled= false eligibleForUserAspectRatioButton= false topActivityBoundsLetterboxed= false isFromLetterboxDoubleTap= false topActivityLetterboxVerticalPosition= -1 topActivityLetterboxHorizontalPosition= -1 topActivityLetterboxWidth=-1 topActivityLetterboxHeight=-1 topActivityAppBounds=Rect(0, 0 - 384, 384) isUserFullscreenOverrideEnabled=false isSystemFullscreenOverrideEnabled=false hasMinAspectRatioOverride=false topActivityLetterboxBounds=null topNonResizableActivityAspectRatio=-1.0} topActivityMainWindowFrame=null isAppBubble=false} == ActivityLauncherApp(label=Settings, activity=ComponentInfo{com.google.android.apps.wearable.settings/com.google.android.clockwork.settings.MainSettingsActivity}, launcherIconRequest=AllAppsLauncherIconRequest(packageName=com.google.android.apps.wearable.settings, activityName=com.google.android.clockwork.settings.MainSettingsActivity, isDefaultApp=false), loadLauncherIcon=ioi@cf39d08)
06-30 01:36:26.095  2076  2484 W SysUI   : [RecentTasksLauncherRepo]getRecentApps matched with a Launcher Activity in the task TaskInfo{userId=0 taskId=436 effectiveUid=10066 displayId=-1 isRunning=false baseIntent=Intent { act=android.intent.action.MAIN flg=0x10000000 cmp=com.google.android.apps.walletnfcrel/com.google.commerce.tapandpay.wear.cardlist.WalletThemedWearCardListActivity } baseActivity=null topActivity=null origActivity=null realActivity=ComponentInfo{com.google.android.apps.walletnfcrel/com.google.commerce.tapandpay.wear.cardlist.WalletThemedWearCardListActivity} realActivityIsAppLockEnabled=false numActivities=0 lastActiveTime=51690225 supportsMultiWindow=false supportsMultiWindowWithoutConstraints=false resizeMode=1 isResizeable=true minWidth=-1 minHeight=-1 defaultMinSize=220 token=WCT{android.os.BinderProxy@a3b2b97} topActivityType=1 pictureInPictureParams=null shouldDockBigOverlays=false launchIntoPipHostTaskId=-1 lastParentTaskIdBeforePip=-1 displayCutoutSafeInsets=Rect(0, 0 - 0, 0) topActivityInfo=null launchCookies=[] positionInParent=Point(0, 0) parentTaskId=-1 isFocused=false isInteractive=false isVisible=false isVisibleRequested=false isTopActivityNoDisplay=false isSleeping=false locusId=null displayAreaFeatureId=1 isTopActivityTransparent=false isActivityStackTransparent=true lastNonFullscreenBounds=Rect(54, 54 - 330, 330) leafTaskBoundsFromOptions= false capturedLink=null capturedLinkTimestamp=0 requestedVisibleTypes=503 topActivityRequestOpenInBrowserEducationTimestamp=0 appCompatTaskInfo=AppCompatTaskInfo { topActivityInSizeCompat=false isLeafTask= true eligibleForLetterboxEducation= false isLetterboxEducationEnabled= false isLetterboxDoubleTapEnabled= false eligibleForUserAspectRatioButton= false topActivityBoundsLetterboxed= false isFromLetterboxDoubleTap= false topActivityLetterboxVerticalPosition= -1 topActivityLetterboxHorizontalPosition= -1 topActivityLetterboxWidth=-1 topActivityLetterboxHeight=-1 topActivityAppBounds=Rect(0, 0 - 0, 0) isUserFullscreenOverrideEnabled=false isSystemFullscreenOverrideEnabled=false hasMinAspectRatioOverride=false topActivityLetterboxBounds=null topNonResizableActivityAspectRatio=-1.0} topActivityMainWindowFrame=null isAppBubble=false} == ActivityLauncherApp(label=Wallet, activity=ComponentInfo{com.google.android.apps.walletnfcrel/com.google.commerce.tapandpay.wear.cardlist.WalletThemedWearCardListActivity}, launcherIconRequest=AllAppsLauncherIconRequest(packageName=com.google.android.apps.walletnfcrel, activityName=com.google.commerce.tapandpay.wear.cardlist.WalletThemedWearCardListActivity, isDefaultApp=false), loadLauncherIcon=ioi@dcfe26a)
06-30 01:36:26.096  2076  2484 W SysUI   : [RecentTasksLauncherRepo]getRecentApps matched with a Launcher Activity in the task TaskInfo{userId=0 taskId=419 effectiveUid=10079 displayId=-1 isRunning=false baseIntent=Intent { act=android.intent.action.MAIN cat=[android.intent.category.LAUNCHER] flg=0x10000000 cmp=com.google.android.apps.maps/com.google.android.apps.gmmwearable.MainActivity } baseActivity=null topActivity=null origActivity=null realActivity=ComponentInfo{com.google.android.apps.maps/com.google.android.apps.gmmwearable.MainActivity} realActivityIsAppLockEnabled=false numActivities=0 lastActiveTime=1446032 supportsMultiWindow=false supportsMultiWindowWithoutConstraints=false resizeMode=1 isResizeable=true minWidth=-1 minHeight=-1 defaultMinSize=220 token=WCT{android.os.BinderProxy@d538cc8} topActivityType=0 pictureInPictureParams=null shouldDockBigOverlays=false launchIntoPipHostTaskId=-1 lastParentTaskIdBeforePip=-1 displayCutoutSafeInsets=Rect(0, 0 - 0, 0) topActivityInfo=null launchCookies=[] positionInParent=Point(0, 0) parentTaskId=-1 isFocused=false isInteractive=false isVisible=false isVisibleRequested=false isTopActivityNoDisplay=false isSleeping=false locusId=null displayAreaFeatureId=1 isTopActivityTransparent=false isActivityStackTransparent=true lastNonFullscreenBounds=Rect(54, 54 - 330, 330) leafTaskBoundsFromOptions= false capturedLink=null capturedLinkTimestamp=0 requestedVisibleTypes=503 topActivityRequestOpenInBrowserEducationTimestamp=0 appCompatTaskInfo=AppCompatTaskInfo { topActivityInSizeCompat=false isLeafTask= true eligibleForLetterboxEducation= false isLetterboxEducationEnabled= false isLetterboxDoubleTapEnabled= false eligibleForUserAspectRatioButton= false topActivityBoundsLetterboxed= false isFromLetterboxDoubleTap= false topActivityLetterboxVerticalPosition= -1 topActivityLetterboxHorizontalPosition= -1 topActivityLetterboxWidth=-1 topActivityLetterboxHeight=-1 topActivityAppBounds=Rect(0, 0 - 0, 0) isUserFullscreenOverrideEnabled=false isSystemFullscreenOverrideEnabled=false hasMinAspectRatioOverride=false topActivityLetterboxBounds=null topNonResizableActivityAspectRatio=-1.0} topActivityMainWindowFrame=null isAppBubble=false} == ActivityLauncherApp(label=Maps, activity=ComponentInfo{com.google.android.apps.maps/com.google.android.apps.gmmwearable.MainActivity}, launcherIconRequest=AllAppsLauncherIconRequest(packageName=com.google.android.apps.maps, activityName=com.google.android.apps.gmmwearable.MainActivity, isDefaultApp=false), loadLauncherIcon=ioi@c281161)
06-30 01:36:26.097  2076  2484 W SysUI   : [LauncherDefaultRecentsCombiner]Unable to get ActivityDisplayInfo for {com.google.android.apps.youtube.music/com.google.android.apps.youtube.music.wear.WearMainActivity} attempting to fetch from ResolveInfo
06-30 01:36:26.180 12755 12755 D DesktopExperienceFlags: Toggle override initialized to: false
06-30 01:36:26.187  1719  1967 I HalDevMgr: bestIfaceCreationProposal is null, requestIface=STA, existingIface=[name=wlan0 type=STA]
06-30 01:36:26.194 12755 12755 D AppCompatDelegate: Checking for metadata for AppLocalesMetadataHolderService : Service not found
06-30 01:36:26.306 12755 12773 V ClearcutMetricXmitter: Transmission is done.
06-30 01:36:26.309 12755 12755 D CompatChangeReporter: Compat change id reported: 377864165; UID 10100; state: ENABLED
06-30 01:36:26.319 12755 12755 I SendToProxyActivityPeer: Starting timer for SendTo action latency.
06-30 01:36:26.325 12755 12755 I SendToProxyActivityPeer: Using PHONE account for Google Watch
06-30 01:36:26.441 12755 12785 I BugleTrustedContacts: TrustedContacts not enabled due to preconditions. Does not need to register parental controls listener. [CONTEXT class_name="TrustedContactsSyncManager" ]
06-30 01:36:26.473 12755 12755 W HWUI    : Unknown dataspace 0
06-30 01:36:26.483 12755 16471 E perf_hint: createSessionUsingConfig: PerformanceHint cannot create session. PowerHintSessions are not supported!
06-30 01:36:26.488  1719  2157 D CompatChangeReporter: Compat change id reported: 463899193; UID 10100; state: ENABLED
06-30 01:36:26.490  1719  2157 W InputChannel-JNI: Channel already disposed.
06-30 01:36:26.505 12755 12755 I BugleWearable: loadData [CONTEXT class_name="ConnectivityStatusDataSource" ]
06-30 01:36:26.518 12755 16468 W .apps.messaging: Monitor::Inflate: Install failed 0xcbfe40a8
06-30 01:36:26.538 12755 12773 I BugleWearable: Phone online. [CONTEXT class_name="ConnectivityStatusDataSource" ]
06-30 01:36:26.558 12755 12755 W .apps.messaging: Monitor::Inflate: Install failed 0x94096d00
06-30 01:36:26.564 12755 12755 I Bugle   : TelephonySubscriptionInfoAsOfLMR1: getActiveSubscriptionInfo(): empty sub info [CONTEXT ratelimit_period="1 MINUTES" sub_id=-1 ]
06-30 01:36:26.566 12755 12755 I Bugle   : CountryCodeDetector: updateHomeCountry from system locale as fallback. detected country: US
06-30 01:36:26.610 12755 12755 I Bugle   : CountryCodeDetector: updateHomeCountry from system locale as fallback. detected country: US
06-30 01:36:26.616 12755 12755 W Bugle   : Get mms config failed: invalid subId. subId=-1, real subId=-1, map={} [CONTEXT ratelimit_period="1 MINUTES" ]
06-30 01:36:26.623 12755 12755 W .apps.messaging: Monitor::Inflate: Install failed 0x9407e390
06-30 01:36:26.626 12755 16468 I BugleTrustedContacts: isConversationAllowed: Devices not under supervision, conversation is always allowed. [CONTEXT class_name="ConversationTrustedContactsApi" ratelimit_period="1 MINUTES" ]
06-30 01:36:26.627 12755 12755 D WindowOnBackDispatcher: setTopOnBackInvokedCallback (unwrapped): android.app.Activity$$ExternalSyntheticLambda0@ed7c2ee
06-30 01:36:26.627 12755 12755 D VRI[SendToProxyActivityWithPrivilege]: WindowInsets changed: 384x384 
06-30 01:36:26.627  1719  2163 D CoreBackPreview: Window{d514c6c u0 com.google.android.apps.messaging/com.google.android.apps.messaging.send.SendToProxyActivityWithPrivilege}: Setting back callback OnBackInvokedCallbackInfo{mCallback=android.window.IOnBackInvokedCallback$Stub$Proxy@b742cb1, mPriority=-1, mIsAnimationCallback=false, mOverrideBehavior=0}
06-30 01:36:26.633   488   540 W libbinder.ServiceManagerCppClient: Permission failure: android.permission.ACCESS_SURFACE_FLINGER from uid=10100 pid=12755
06-30 01:36:26.634   488   540 D libbinder.PermissionCache: checking android.permission.ACCESS_SURFACE_FLINGER for uid=10100 => denied (564 us)
06-30 01:36:26.634   488   540 W libbinder.ServiceManagerCppClient: Permission failure: android.permission.ROTATE_SURFACE_FLINGER from uid=10100 pid=12755
06-30 01:36:26.634   488   540 D libbinder.PermissionCache: checking android.permission.ROTATE_SURFACE_FLINGER for uid=10100 => denied (345 us)
06-30 01:36:26.634   488   540 W libbinder.ServiceManagerCppClient: Permission failure: android.permission.INTERNAL_SYSTEM_WINDOW from uid=10100 pid=12755
06-30 01:36:26.634   488   540 D libbinder.PermissionCache: checking android.permission.INTERNAL_SYSTEM_WINDOW for uid=10100 => denied (246 us)
06-30 01:36:26.635   488   540 W libbinder.ServiceManagerCppClient: Permission failure: android.permission.READ_FRAME_BUFFER from uid=10100 pid=12755
06-30 01:36:26.635   488   540 D libbinder.PermissionCache: checking android.permission.READ_FRAME_BUFFER for uid=10100 => denied (253 us)
06-30 01:36:26.636  1719  2163 D WindowManager: setClientSurface Surface(name=VRI-com.google.android.apps.messaging/com.google.android.apps.messaging.send.SendToProxyActivityWithPrivilege#605)/@0x7fb2596 for d514c6c com.google.android.apps.messaging/com.google.android.apps.messaging.send.SendToProxyActivityWithPrivilege
06-30 01:36:26.639 12755 12755 I Surface : Creating surface for consumer unnamed-12755-0 with slotExpansion=1 for 64 slots
06-30 01:36:26.641 12755 12755 I Surface : Creating surface for consumer VRI[SendToProxyActivityWithPrivilege]#0(BLAST Consumer)0 with slotExpansion=1 for 64 slots
06-30 01:36:26.646   489   489 I SnapAlloc: Using graphics libs for alignment calculations
06-30 01:36:26.646   489   489 D SnapAlloc: from handle - reserved size 4287224480 custom content metadata size 0
06-30 01:36:26.646   489   489 D SnapAlloc: Successfully mapped metadata 0x1
06-30 01:36:26.647   489   489 D SnapAlloc: from handle - reserved size 0 custom content metadata size 0
06-30 01:36:26.647   489   489 D SnapAlloc: Successfully mapped metadata 0x1
06-30 01:36:26.647 12755 16476 D SnapAlloc: from handle - reserved size 0 custom content metadata size 0
06-30 01:36:26.647 12755 16476 D SnapAlloc: Successfully mapped metadata 0x1
06-30 01:36:26.648   489   489 I SnapAlloc: Using graphics libs for alignment calculations
06-30 01:36:26.648   489   489 D SnapAlloc: from handle - reserved size 4287224480 custom content metadata size 0
06-30 01:36:26.648   489   489 D SnapAlloc: Successfully mapped metadata 0x1
06-30 01:36:26.648   489   489 D SnapAlloc: from handle - reserved size 0 custom content metadata size 0
06-30 01:36:26.648   489   489 D SnapAlloc: Successfully mapped metadata 0x1
06-30 01:36:26.649 12755 16476 D SnapAlloc: from handle - reserved size 0 custom content metadata size 0
06-30 01:36:26.649 12755 16476 D SnapAlloc: Successfully mapped metadata 0x1
06-30 01:36:26.649   489   489 I SnapAlloc: Using graphics libs for alignment calculations
06-30 01:36:26.650   489   489 D SnapAlloc: from handle - reserved size 4287224480 custom content metadata size 0
06-30 01:36:26.650   489   489 D SnapAlloc: Successfully mapped metadata 0x1
06-30 01:36:26.650   489   489 D SnapAlloc: from handle - reserved size 0 custom content metadata size 0
06-30 01:36:26.650   489   489 D SnapAlloc: Successfully mapped metadata 0x1
06-30 01:36:26.651   488   661 D SnapAlloc: from handle - reserved size 0 custom content metadata size 0
06-30 01:36:26.651   488   661 D SnapAlloc: Successfully mapped metadata 0x1
06-30 01:36:26.651 12755 16476 D SnapAlloc: from handle - reserved size 0 custom content metadata size 0
06-30 01:36:26.651 12755 16476 D SnapAlloc: Successfully mapped metadata 0x1
06-30 01:36:26.652   489   489 I SnapAlloc: Using graphics libs for alignment calculations
06-30 01:36:26.652  1719  2163 W libbinder.ServiceManagerCppClient: Permission failure: android.permission.ACCESS_SURFACE_FLINGER from uid=10100 pid=0
06-30 01:36:26.653  1719  2163 D libbinder.PermissionCache: checking android.permission.ACCESS_SURFACE_FLINGER for uid=10100 => denied (306 us)
06-30 01:36:26.653   489   489 D SnapAlloc: from handle - reserved size 4287224480 custom content metadata size 0
06-30 01:36:26.653   489   489 D SnapAlloc: Successfully mapped metadata 0x1
06-30 01:36:26.653  1719  2163 W libbinder.ServiceManagerCppClient: Permission failure: android.permission.ROTATE_SURFACE_FLINGER from uid=10100 pid=0
06-30 01:36:26.653  1719  2163 D libbinder.PermissionCache: checking android.permission.ROTATE_SURFACE_FLINGER for uid=10100 => denied (165 us)
06-30 01:36:26.653   489   489 D SnapAlloc: from handle - reserved size 0 custom content metadata size 0
06-30 01:36:26.653   489   489 D SnapAlloc: Successfully mapped metadata 0x1
06-30 01:36:26.653  1719  2163 W libbinder.ServiceManagerCppClient: Permission failure: android.permission.INTERNAL_SYSTEM_WINDOW from uid=10100 pid=0
06-30 01:36:26.653  1719  2163 D libbinder.PermissionCache: checking android.permission.INTERNAL_SYSTEM_WINDOW for uid=10100 => denied (98 us)
06-30 01:36:26.653  1719  2163 W libbinder.ServiceManagerCppClient: Permission failure: android.permission.READ_FRAME_BUFFER from uid=10100 pid=0
06-30 01:36:26.653  1719  2163 D libbinder.PermissionCache: checking android.permission.READ_FRAME_BUFFER for uid=10100 => denied (80 us)
06-30 01:36:26.653 12755 16476 D SnapAlloc: from handle - reserved size 0 custom content metadata size 0
06-30 01:36:26.654 12755 16476 D SnapAlloc: Successfully mapped metadata 0x1
06-30 01:36:26.664  1719  1746 I ActivityTaskManager: Displayed com.google.android.apps.messaging/.send.SendToProxyActivityWithPrivilege for user 0: +731ms
06-30 01:36:26.664  1719  1746 V WindowManager: Sent Transition (#288) createdAt=06-30 01:36:25.961 via request=TransitionRequestInfo { type = OPEN, triggerTask = TaskInfo{userId=0 taskId=439 effectiveUid=10100 displayId=0 isRunning=true baseIntent=Intent { act=com.google.android.apps.messaging.action.SEND_MESSAGE dat=smsto:xxxxxxxxxx flg=0x10808000 cmp=com.google.android.apps.messaging/.send.SendToProxyActivityWithPrivilege } baseActivity=ComponentInfo{com.google.android.apps.messaging/com.google.android.apps.messaging.send.SendToProxyActivity} topActivity=ComponentInfo{com.google.android.apps.messaging/com.google.android.apps.messaging.send.SendToProxyActivity} origActivity=ComponentInfo{com.google.android.apps.messaging/com.google.android.apps.messaging.send.SendToProxyActivityWithPrivilege} realActivity=ComponentInfo{com.google.android.apps.messaging/com.google.android.apps.messaging.send.SendToProxyActivity} realActivityIsAppLockEnabled=false numActivities=1 lastActiveTime=51805827 supportsMultiWindow=false supportsMultiWindowWithoutConstraints=false resizeMode=1 isResizeable=true minWidth=-1 minHeight=-1 defaultMinSize=220 token=WCT{RemoteToken{56de2ed Task{e3be73f #439 type=standard A=10100:com.google.android.apps.messaging}}} topActivityType=1 pictureInPictureParams=null shouldDockBigOverlays=false launchIntoPipHostTaskId=-1 lastParentTaskIdBeforePip=-1 displayCutoutSafeInsets=Rect(0, 0 - 0, 0) topActivityInfo=ActivityInfo{b3c0522 com.google.android.apps.messaging.send.SendToProxyActivityWithPrivilege} launchCookies=[] positionInParent=Point(0, 0) parentTaskId=-1 isFocused=false isInteractive=false isVisible=false isVisibleRequested=false isTopActivityNoDisplay=false isSleeping=false locusId=null displayAreaFeatureId=1 isTopActivityTransparent=true isActivityStackTransparent=true lastNonFullscreenBounds=Rect(54, 54 - 330, 330) leafTaskBoundsFromOptions= false capturedLink=null capturedLinkTimestamp=0 requestedVisibleTypes=503 topActivityRequestOpenInBrowserEducationTimestamp=0 appCompatTaskInfo=AppCompatTaskInfo { topActivityInSizeCompat=false isLeafTask= true eligibleForLetterboxEducation= false isLetterboxEducationEnabled= false isLetterboxDoubleTapEnabled= false eligibleForUserAspectRatioButton= false topActivityBoundsLetterboxed= false isFromLetterboxDoubleTap= false topActivityLetterboxVerticalPosition= -1 topActivityLetterboxHorizontalPosition= -1 topActivityLetterboxWidth=-1 topActivityLetterboxHeight=-1 topActivityAppBounds=Rect(0, 0 - 384, 384) isUserFullscreenOverrideEnabled=false isSystemFullscreenOverrideEnabled=false hasMinAspectRatioOverride=false topActivityLetterboxBounds=null topNonResizableActivityAspectRatio=-1.0} topActivityMainWindowFrame=null isAppBubble=false}, pipChange = null, remoteTransitionInfo = null, displayChanges = null, requestedLocation = null, userChange = null, windowingLayerChange = null, fullscreenRequestChange = null, flags = 0, debugId = 288 }
06-30 01:36:26.664  1719  1746 V WindowManager:     startWCT=WindowContainerTransaction { changes= {} hops= [] flags= 0 errorCallbackToken=null taskFragmentOrganizer=null }
06-30 01:36:26.665  1719  1746 V WindowManager:     info={id=288 t=OPEN f=0x0 trk=0 r=[0@Point(0, 0)] c=[
06-30 01:36:26.665  1719  1746 V WindowManager:         {WCT{RemoteToken{56de2ed Task{e3be73f #439 type=standard A=10100:com.google.android.apps.messaging}}} m=OPEN f=TRANSLUCENT|MOVE_TO_TOP|FLAG_CHANGED_INTERACTIVE leash=Surface(name=Task=439#602)/@0x366e517 sb=Rect(0, 0 - 384, 384) eb=Rect(0, 0 - 384, 384) epz=Point(384, 384) d=0 taskParent=-1 winMode=1 userId=0},
06-30 01:36:26.665  1719  1746 V WindowManager:         {WCT{RemoteToken{46095b1 Task{ed7527 #438 type=standard I=com.google.android.dialer/com.google.android.wearable.googledialer.homescreen.impl.ui.HomeScreenActivity}}} m=CHANGE f=FLAG_CHANGED_INTERACTIVE leash=Surface(name=Task=438#584)/@0xa367b35 sb=Rect(0, 0 - 384, 384) eb=Rect(0, 0 - 384, 384) epz=Point(384, 384) d=0 taskParent=-1 winMode=1 userId=0}
06-30 01:36:26.665  1719  1746 V WindowManager:     ]}
06-30 01:36:26.666  2285  2373 V ShellTaskOrganizer: Task appeared taskId=439 listener=FullscreenTaskListener
06-30 01:36:26.666  2285  2373 V ShellTaskOrganizer: Fullscreen Task Appeared: #439
06-30 01:36:26.666  2285  2671 V WindowManagerShell: onTransitionReady(transaction=7383048791832)
06-30 01:36:26.666  2285  2373 V WindowManagerShell: onTransitionReady (#288) android.os.BinderProxy@32476f8: {id=288 t=OPEN f=0x0 trk=0 r=[0@Point(0, 0)] c=[
06-30 01:36:26.666  2285  2373 V WindowManagerShell:         {m=OPEN f=TRANSLUCENT|MOVE_TO_TOP|FLAG_CHANGED_INTERACTIVE leash=Surface(name=Task=439#602)/@0xe2d320e sb=Rect(0, 0 - 384, 384) eb=Rect(0, 0 - 384, 384) epz=Point(384, 384) d=0 taskParent=-1 winMode=1 userId=0},
06-30 01:36:26.666  2285  2373 V WindowManagerShell:         {m=CHANGE f=FLAG_CHANGED_INTERACTIVE leash=Surface(name=Task=438#584)/@0x352c42f sb=Rect(0, 0 - 384, 384) eb=Rect(0, 0 - 384, 384) epz=Point(384, 384) d=0 taskParent=-1 winMode=1 userId=0}
06-30 01:36:26.666  2285  2373 V WindowManagerShell:     ]}
06-30 01:36:26.667  2285  2373 V WindowManagerShell: Playing animation for (#288) android.os.BinderProxy@32476f8@0
06-30 01:36:26.667  2285  2373 V WindowManagerShell:  try firstHandler com.google.android.clockwork.systemui.transition.shelltransition.WearMixedTransitionHandler@30ac255
06-30 01:36:26.669  2285  2285 I WakefulDisplayControlLock: acquire: acquired without timeout, using default, mTag=task-opening
06-30 01:36:26.677  2285  2285 I DisplayOffloadManager: updateTopActivity: taskId = 439; activityToFront=ComponentInfo{com.google.android.apps.messaging/com.google.android.apps.messaging.send.SendToProxyActivity}
06-30 01:36:26.680  2285  2373 V WindowManagerShell:  animated by firstHandler
06-30 01:36:26.681  1719  2157 D DOS_DisplayControlLock: acquired: SystemUIRCDCLock android.os.BinderProxy@f9c2663
06-30 01:36:26.682  1719  2157 I DOS_DisplayControlLock: First acquired
06-30 01:36:26.682  1719  2157 I DisplayControlPolicy: isOffloadStartPending: hasUnreleased lock
06-30 01:36:26.682  1719  3326 W AppCompatResourceOverlayPolicy: constructor: Failed to find VirtualDeviceManagerService
06-30 01:36:26.683  1719  3326 V GrammaticalInflectionUtils: AttributionSource: android.content.AttributionSource@813221d8 does not have READ_SYSTEM_GRAMMATICAL_GENDER permission.
06-30 01:36:26.684  1719  2157 D DisplayOffload: updateTopTask: taskId=439; activityToFront=ComponentInfo{com.google.android.apps.messaging/com.google.android.apps.messaging.send.SendToProxyActivity}
06-30 01:36:26.684  1719  3326 D CompatChangeReporter: Compat change id reported: 358129114; UID 10100; state: ENABLED
06-30 01:36:26.688  2285  2285 W WearTransitions: Skipping app launch animation - invalid surface
06-30 01:36:26.693  1719  3326 V ActivityTaskManager: TaskLaunchParamsModifier: phase=3 task=Task{e3be73f #439 type=standard A=10100:com.google.android.apps.messaging} activity=ActivityRecord{231915753 u0 com.google.android.apps.messaging/.send.SendMessageActivity t-1} display-area-from-source=DefaultTaskDisplayArea@89885625 display-id=0 task-display-area-windowing-mode=1 suggested-display-area=DefaultTaskDisplayArea@89885625 inherit-from-source=fullscreen non-freeform-task-display-area display-area=DefaultTaskDisplayArea@89885625 default-portrait freeform-size-mismatch=Rect(54, 54 - 330, 330)
06-30 01:36:26.693  1719  3326 I ActivityTaskManager: START u0 {act=android.intent.action.SENDTO xflg=0x4 cmp=com.google.android.apps.messaging/.send.SendMessageActivity (has extras)} with LAUNCH_MULTIPLE from uid 10100 (com.google.android.apps.messaging) (sr=99071838) (BAL_ALLOW_VISIBLE_WINDOW) result code=0
06-30 01:36:26.694  2285  2373 V WindowManagerShell: Transition requested (#289): android.os.BinderProxy@3afe741 TransitionRequestInfo { type = OPEN, triggerTask = TaskInfo{userId=0 taskId=439 effectiveUid=10100 displayId=0 isRunning=true baseIntent=Intent { act=com.google.android.apps.messaging.action.SEND_MESSAGE dat=smsto:xxxxxxxxxx flg=0x10808000 cmp=com.google.android.apps.messaging/.send.SendToProxyActivityWithPrivilege } baseActivity=ComponentInfo{com.google.android.apps.messaging/com.google.android.apps.messaging.send.SendToProxyActivity} topActivity=ComponentInfo{com.google.android.apps.messaging/com.google.android.apps.messaging.send.SendMessageActivity} origActivity=ComponentInfo{com.google.android.apps.messaging/com.google.android.apps.messaging.send.SendToProxyActivityWithPrivilege} realActivity=ComponentInfo{com.google.android.apps.messaging/com.google.android.apps.messaging.send.SendToProxyActivity} realActivityIsAppLockEnabled=false numActivities=2 lastActiveTime=51806542 supportsMultiWindow=false supportsMultiWindowWithoutConstraints=false resizeMode=1 isResizeable=true minWidth=-1 minHeight=-1 defaultMinSize=220 token=WCT{android.os.BinderProxy@e9667d1} topActivityType=1 pictureInPictureParams=null shouldDockBigOverlays=false launchIntoPipHostTaskId=-1 lastParentTaskIdBeforePip=-1 displayCutoutSafeInsets=Rect(0, 0 - 0, 0) topActivityInfo=ActivityInfo{7a174e6 com.google.android.apps.messaging.send.SendMessageActivity} launchCookies=[] positionInParent=Point(0, 0) parentTaskId=-1 isFocused=true isInteractive=true isVisible=true isVisibleRequested=true isTopActivityNoDisplay=false isSleeping=false locusId=null displayAreaFeatureId=1 isTopActivityTransparent=true isActivityStackTransparent=true lastNonFullscreenBounds=Rect(54, 54 - 330, 330) leafTaskBoundsFromOptions= false capturedLink=null capturedLinkTimestamp=0 requestedVisibleTypes=503 topActivityRequestOpenInBrowserEducationTimestamp=0 appCompatTaskInfo=AppCompatTaskInfo { topActivityInSizeCompat=false isLeafTask= true eligibleForLetterboxEducation= false isLetterboxEducationEnabled= false isLetterboxDoubleTapEnabled= false eligibleForUserAspectRatioButton= false topActivityBoundsLetterboxed= false isFromLetterboxDoubleTap= false topActivityLetterboxVerticalPosition= -1 topActivityLetterboxHorizontalPosition= -1 topActivityLetterboxWidth=-1 topActivityLetterboxHeight=-1 topActivityAppBounds=Rect(0, 0 - 384, 384) isUserFullscreenOverrideEnabled=false isSystemFullscreenOverrideEnabled=false hasMinAspectRatioOverride=false topActivityLetterboxBounds=null topNonResizableActivityAspectRatio=-1.0} topActivityMainWindowFrame=null isAppBubble=false}, pipChange = null, remoteTransitionInfo = null, displayChanges = null, requestedLocation = null, userChange = null, windowingLayerChange = null, fullscreenRequestChange = null, flags = 0, debugId = 289 }
06-30 01:36:26.694  2285  2373 V WindowManagerShell: Transition (#289): request handled by WearMixedTransitionHandler
06-30 01:36:26.695 12755 12755 I <unknown class>: Successfully processed intent and forwarded to message sender. Account: 1. [CONTEXT class_name="SendToProxyFragmentPeer" ]
06-30 01:36:26.698  2285  2285 I DisplayOffloadManager: updateTopActivity: taskId = 439; activityToFront=ComponentInfo{com.google.android.apps.messaging/com.google.android.apps.messaging.send.SendMessageActivity}
06-30 01:36:26.699  1719  3326 D DisplayOffload: updateTopTask: taskId=439; activityToFront=ComponentInfo{com.google.android.apps.messaging/com.google.android.apps.messaging.send.SendMessageActivity}
06-30 01:36:26.704  2285  2285 W WearTransitions: Skipping app launch animation - invalid surface
06-30 01:36:26.711  1719  2083 D CorePackageUpdate: Couldn't find a persistent state for task= 439
06-30 01:36:26.718  1719  1904 D IntervalStats: Unable to parse usage stats packages: [11]
06-30 01:36:26.721  2285  2285 W WearTransitions: Skipping app launch animation - invalid surface
06-30 01:36:26.723   493  3417 D SnapAlloc: from handle - reserved size 0 custom content metadata size 0
06-30 01:36:26.723   493  3417 D SnapAlloc: Successfully mapped metadata 0x1
06-30 01:36:26.723   493  3417 I SDM     : Using previously loaded IMapper library.
06-30 01:36:26.724  1719  1904 D IntervalStats: Unable to parse usage stats packages: [11]
06-30 01:36:26.735  1719  1904 D IntervalStats: Unable to parse usage stats packages: [11]
06-30 01:36:26.738  2285  2285 W WearTransitions: Skipping app launch animation - invalid surface
06-30 01:36:26.744  1719  1904 D IntervalStats: Unable to parse usage stats packages: [11]
06-30 01:36:26.753  1719  1904 D IntervalStats: Unable to parse usage stats packages: [11]
06-30 01:36:26.754  2285  2285 W WearTransitions: Skipping app launch animation - invalid surface
06-30 01:36:26.760 12755 16471 E perf_hint: createSessionUsingConfig: PerformanceHint cannot create session. PowerHintSessions are not supported!
06-30 01:36:26.761  1719  2083 W InputChannel-JNI: Channel already disposed.
06-30 01:36:26.771  2285  2285 W WearTransitions: Skipping app launch animation - invalid surface
06-30 01:36:26.772 12755 12755 D WindowOnBackDispatcher: setTopOnBackInvokedCallback (unwrapped): android.app.Activity$$ExternalSyntheticLambda0@7be35b
06-30 01:36:26.772 12755 12755 D VRI[SendMessageActivity]: WindowInsets changed: 384x384 
06-30 01:36:26.778  1719  2083 D WindowManager: setClientSurface Surface(name=VRI-com.google.android.apps.messaging/com.google.android.apps.messaging.send.SendMessageActivity#611)/@0xe20b659 for b53fad2 com.google.android.apps.messaging/com.google.android.apps.messaging.send.SendMessageActivity
06-30 01:36:26.781 12755 12755 I Surface : Creating surface for consumer unnamed-12755-1 with slotExpansion=1 for 64 slots
06-30 01:36:26.782 12755 12755 I Surface : Creating surface for consumer VRI[SendMessageActivity]#1(BLAST Consumer)1 with slotExpansion=1 for 64 slots
06-30 01:36:26.781  1719  2157 D CoreBackPreview: Window{b53fad2 u0 com.google.android.apps.messaging/com.google.android.apps.messaging.send.SendMessageActivity}: Setting back callback OnBackInvokedCallbackInfo{mCallback=android.window.IOnBackInvokedCallback$Stub$Proxy@d52f21e, mPriority=-1, mIsAnimationCallback=false, mOverrideBehavior=0}
06-30 01:36:26.784   489   489 I SnapAlloc: Using graphics libs for alignment calculations
06-30 01:36:26.785   489   489 D SnapAlloc: from handle - reserved size 4287224480 custom content metadata size 0
06-30 01:36:26.785   489   489 D SnapAlloc: Successfully mapped metadata 0x1
06-30 01:36:26.785   489   489 D SnapAlloc: from handle - reserved size 0 custom content metadata size 0
06-30 01:36:26.785   489   489 D SnapAlloc: Successfully mapped metadata 0x1
06-30 01:36:26.786 12755 16478 D SnapAlloc: from handle - reserved size 0 custom content metadata size 0
06-30 01:36:26.786 12755 16478 D SnapAlloc: Successfully mapped metadata 0x1
06-30 01:36:26.786   489   489 I SnapAlloc: Using graphics libs for alignment calculations
06-30 01:36:26.787   489   489 D SnapAlloc: from handle - reserved size 4287224480 custom content metadata size 0
06-30 01:36:26.787   489   489 D SnapAlloc: Successfully mapped metadata 0x1
06-30 01:36:26.787   489   489 D SnapAlloc: from handle - reserved size 0 custom content metadata size 0
06-30 01:36:26.787   489   489 D SnapAlloc: Successfully mapped metadata 0x1
06-30 01:36:26.788  2285  2285 W WearTransitions: Skipping app launch animation - invalid surface
06-30 01:36:26.788   488  2054 D SnapAlloc: from handle - reserved size 0 custom content metadata size 0
06-30 01:36:26.788   488  2054 D SnapAlloc: Successfully mapped metadata 0x1
06-30 01:36:26.790 12755 12755 I BugleWearable: Companion version is up to date. Updating phone connectivity status if needed. [CONTEXT class_name="BugleDataLayerImpl" ]
06-30 01:36:26.792 12755 16478 D SnapAlloc: from handle - reserved size 0 custom content metadata size 0
06-30 01:36:26.792 12755 16478 D SnapAlloc: Successfully mapped metadata 0x1
06-30 01:36:26.793   489   489 I SnapAlloc: Using graphics libs for alignment calculations
06-30 01:36:26.793   489   489 D SnapAlloc: from handle - reserved size 4287224480 custom content metadata size 0
06-30 01:36:26.793   489   489 D SnapAlloc: Successfully mapped metadata 0x1
06-30 01:36:26.793   489   489 D SnapAlloc: from handle - reserved size 0 custom content metadata size 0
06-30 01:36:26.793   489   489 D SnapAlloc: Successfully mapped metadata 0x1
06-30 01:36:26.795 12755 16478 D SnapAlloc: from handle - reserved size 0 custom content metadata size 0
06-30 01:36:26.795 12755 16478 D SnapAlloc: Successfully mapped metadata 0x1
06-30 01:36:26.796 12755 12755 I BugleWearable: DIGITS setting not found: SettingNotFoundException [CONTEXT class_name="DigitsStatusCheck" ]
06-30 01:36:26.798   489   489 I SnapAlloc: Using graphics libs for alignment calculations
06-30 01:36:26.798   489   489 D SnapAlloc: from handle - reserved size 4287224480 custom content metadata size 0
06-30 01:36:26.798   489   489 D SnapAlloc: Successfully mapped metadata 0x1
06-30 01:36:26.798   489   489 D SnapAlloc: from handle - reserved size 0 custom content metadata size 0
06-30 01:36:26.798   489   489 D SnapAlloc: Successfully mapped metadata 0x1
06-30 01:36:26.799 12755 16478 D SnapAlloc: from handle - reserved size 0 custom content metadata size 0
06-30 01:36:26.801 12755 16478 D SnapAlloc: Successfully mapped metadata 0x1
06-30 01:36:26.805  2285  2285 W WearTransitions: Skipping app launch animation - invalid surface
06-30 01:36:26.812  2285  2333 V WindowManagerShell: onTransitionReady(transaction=7383048791868)
06-30 01:36:26.813  1719  2157 W AppCompatResourceOverlayPolicy: constructor: Failed to find VirtualDeviceManagerService
06-30 01:36:26.814  1719  1746 I ActivityTaskManager: Displayed com.google.android.apps.messaging/.send.SendMessageActivity for user 0: +115ms
06-30 01:36:26.814  1719  2157 V GrammaticalInflectionUtils: AttributionSource: android.content.AttributionSource@813221d8 does not have READ_SYSTEM_GRAMMATICAL_GENDER permission.
06-30 01:36:26.815  1719  1746 V WindowManager: Sent Transition (#289) createdAt=06-30 01:36:26.684 via request=TransitionRequestInfo { type = OPEN, triggerTask = TaskInfo{userId=0 taskId=439 effectiveUid=10100 displayId=0 isRunning=true baseIntent=Intent { act=com.google.android.apps.messaging.action.SEND_MESSAGE dat=smsto:xxxxxxxxxx flg=0x10808000 cmp=com.google.android.apps.messaging/.send.SendToProxyActivityWithPrivilege } baseActivity=ComponentInfo{com.google.android.apps.messaging/com.google.android.apps.messaging.send.SendToProxyActivity} topActivity=ComponentInfo{com.google.android.apps.messaging/com.google.android.apps.messaging.send.SendMessageActivity} origActivity=ComponentInfo{com.google.android.apps.messaging/com.google.android.apps.messaging.send.SendToProxyActivityWithPrivilege} realActivity=ComponentInfo{com.google.android.apps.messaging/com.google.android.apps.messaging.send.SendToProxyActivity} realActivityIsAppLockEnabled=false numActivities=2 lastActiveTime=51806542 supportsMultiWindow=false supportsMultiWindowWithoutConstraints=false resizeMode=1 isResizeable=true minWidth=-1 minHeight=-1 defaultMinSize=220 token=WCT{RemoteToken{56de2ed Task{e3be73f #439 type=standard A=10100:com.google.android.apps.messaging}}} topActivityType=1 pictureInPictureParams=null shouldDockBigOverlays=false launchIntoPipHostTaskId=-1 lastParentTaskIdBeforePip=-1 displayCutoutSafeInsets=Rect(0, 0 - 0, 0) topActivityInfo=ActivityInfo{fb8122a com.google.android.apps.messaging.send.SendMessageActivity} launchCookies=[] positionInParent=Point(0, 0) parentTaskId=-1 isFocused=true isInteractive=true isVisible=true isVisibleRequested=true isTopActivityNoDisplay=false isSleeping=false locusId=null displayAreaFeatureId=1 isTopActivityTransparent=true isActivityStackTransparent=true lastNonFullscreenBounds=Rect(54, 54 - 330, 330) leafTaskBoundsFromOptions= false capturedLink=null capturedLinkTimestamp=0 requestedVisibleTypes=503 topActivityRequestOpenInBrowserEducationTimestamp=0 appCompatTaskInfo=AppCompatTaskInfo { topActivityInSizeCompat=false isLeafTask= true eligibleForLetterboxEducation= false isLetterboxEducationEnabled= false isLetterboxDoubleTapEnabled= false eligibleForUserAspectRatioButton= false topActivityBoundsLetterboxed= false isFromLetterboxDoubleTap= false topActivityLetterboxVerticalPosition= -1 topActivityLetterboxHorizontalPosition= -1 topActivityLetterboxWidth=-1 topActivityLetterboxHeight=-1 topActivityAppBounds=Rect(0, 0 - 384, 384) isUserFullscreenOverrideEnabled=false isSystemFullscreenOverrideEnabled=false hasMinAspectRatioOverride=false topActivityLetterboxBounds=null topNonResizableActivityAspectRatio=-1.0} topActivityMainWindowFrame=null isAppBubble=false}, pipChange = null, remoteTransitionInfo = null, displayChanges = null, requestedLocation = null, userChange = null, windowingLayerChange = null, fullscreenRequestChange = null, flags = 0, debugId = 289 }
06-30 01:36:26.815  1719  1746 V WindowManager:     startWCT=WindowContainerTransaction { changes= {} hops= [] flags= 0 errorCallbackToken=null taskFragmentOrganizer=null }
06-30 01:36:26.815  1719  1746 V WindowManager:     info={id=289 t=OPEN f=0x0 trk=0 r=[0@Point(0, 0)] c=[
06-30 01:36:26.815  1719  1746 V WindowManager:         {m=OPEN f=TRANSLUCENT|FILLS_TASK leash=Surface(name=ActivityRecord{231915753 u0 com.google.android.apps.messaging/.send.SendMessageActivity t439}#609)/@0x38370cc sb=Rect(0, 0 - 0, 0) eb=Rect(0, 0 - 384, 384) epz=Point(384, 384) d=-1->0 r=-1->0:-1 bc=ff303030 activity=ActivityTransitionInfo { component = ComponentInfo{com.google.android.apps.messaging/com.google.android.apps.messaging.send.SendMessageActivity}, taskId = 439, appCompatTransitionInfo = null } opt={t=FROM_STYLE mUserId=0}},
06-30 01:36:26.815  1719  1746 V WindowManager:         {m=CLOSE f=TRANSLUCENT|FILLS_TASK|IS_OCCLUDED leash=Surface(name=ActivityRecord{99071838 u0 com.google.android.apps.messaging/.send.SendToProxyActivityWithPrivilege t439}#603)/@0x34a6aff sb=Rect(0, 0 - 384, 384) eb=Rect(0, 0 - 384, 384) epz=Point(384, 384) d=0 bc=ff303030 activity=ActivityTransitionInfo { component = ComponentInfo{com.google.android.apps.messaging/com.google.android.apps.messaging.send.SendToProxyActivity}, taskId = 439, appCompatTransitionInfo = null } opt={t=FROM_STYLE mUserId=0}}
06-30 01:36:26.815  1719  1746 V WindowManager:     ]}
06-30 01:36:26.817  2285  2373 V WindowManagerShell: onTransitionReady (#289) android.os.BinderProxy@3afe741: {id=289 t=OPEN f=0x0 trk=0 r=[0@Point(0, 0)] c=[
06-30 01:36:26.817  2285  2373 V WindowManagerShell:         {m=OPEN f=TRANSLUCENT|FILLS_TASK leash=Surface(name=ActivityRecord{231915753 u0 com.google.android.apps.messaging/.send.SendMessageActivity t439}#609)/@0xaf364d4 sb=Rect(0, 0 - 0, 0) eb=Rect(0, 0 - 384, 384) epz=Point(384, 384) d=-1->0 r=-1->0:-1 bc=ff303030 activity=ActivityTransitionInfo { component = ComponentInfo{com.google.android.apps.messaging/com.google.android.apps.messaging.send.SendMessageActivity}, taskId = 439, appCompatTransitionInfo = null } opt={t=FROM_STYLE mUserId=0}},
06-30 01:36:26.817  2285  2373 V WindowManagerShell:         {m=CLOSE f=TRANSLUCENT|FILLS_TASK|IS_OCCLUDED leash=Surface(name=ActivityRecord{99071838 u0 com.google.android.apps.messaging/.send.SendToProxyActivityWithPrivilege t439}#603)/@0x252b67d sb=Rect(0, 0 - 384, 384) eb=Rect(0, 0 - 384, 384) epz=Point(384, 384) d=0 bc=ff303030 activity=ActivityTransitionInfo { component = ComponentInfo{com.google.android.apps.messaging/com.google.android.apps.messaging.send.SendToProxyActivity}, taskId = 439, appCompatTransitionInfo = null } opt={t=FROM_STYLE mUserId=0}}
06-30 01:36:26.817  2285  2373 V WindowManagerShell:     ]}
06-30 01:36:26.817  2285  2373 V WindowManagerShell: Transition (#289) android.os.BinderProxy@3afe741@0 ready while (#288) android.os.BinderProxy@32476f8@0 is still animating. Notify the animating transition in case they can be merged
06-30 01:36:26.818 12755 12785 I BugleWearable: Creating new pending conversation. [CONTEXT class_name="SendAckPendingMessageCache" ]
06-30 01:36:26.821  2285  2285 W WearTransitions: Skipping app launch animation - invalid surface
06-30 01:36:26.821  1719  2157 V ActivityTaskManager: TaskLaunchParamsModifier: phase=3 task=Task{e3be73f #439 type=standard A=10100:com.google.android.apps.messaging} activity=ActivityRecord{64802232 u0 com.google.android.apps.messaging/.confirmation.ConfirmationActivity t-1} display-area-from-source=DefaultTaskDisplayArea@89885625 display-id=0 task-display-area-windowing-mode=1 suggested-display-area=DefaultTaskDisplayArea@89885625 inherit-from-source=fullscreen non-freeform-task-display-area display-area=DefaultTaskDisplayArea@89885625 default-portrait freeform-size-mismatch=Rect(54, 54 - 330, 330)
06-30 01:36:26.821  1719  2157 I ActivityTaskManager: START u0 {xflg=0x4 cmp=com.google.android.apps.messaging/.confirmation.ConfirmationActivity (has extras)} with LAUNCH_MULTIPLE from uid 10100 (com.google.android.apps.messaging) (sr=231915753) (BAL_ALLOW_VISIBLE_WINDOW) result code=0
06-30 01:36:26.823  2285  2373 V WindowManagerShell: Transition requested (#290): android.os.BinderProxy@eaa21c3 TransitionRequestInfo { type = OPEN, triggerTask = TaskInfo{userId=0 taskId=439 effectiveUid=10100 displayId=0 isRunning=true baseIntent=Intent { act=com.google.android.apps.messaging.action.SEND_MESSAGE dat=smsto:xxxxxxxxxx flg=0x10808000 cmp=com.google.android.apps.messaging/.send.SendToProxyActivityWithPrivilege } baseActivity=ComponentInfo{com.google.android.apps.messaging/com.google.android.apps.messaging.send.SendMessageActivity} topActivity=ComponentInfo{com.google.android.apps.messaging/com.google.android.apps.messaging.confirmation.ConfirmationActivity} origActivity=ComponentInfo{com.google.android.apps.messaging/com.google.android.apps.messaging.send.SendToProxyActivityWithPrivilege} realActivity=ComponentInfo{com.google.android.apps.messaging/com.google.android.apps.messaging.send.SendToProxyActivity} realActivityIsAppLockEnabled=false numActivities=2 lastActiveTime=51806673 supportsMultiWindow=false supportsMultiWindowWithoutConstraints=false resizeMode=1 isResizeable=true minWidth=-1 minHeight=-1 defaultMinSize=220 token=WCT{android.os.BinderProxy@e9667d1} topActivityType=1 pictureInPictureParams=null shouldDockBigOverlays=false launchIntoPipHostTaskId=-1 lastParentTaskIdBeforePip=-1 displayCutoutSafeInsets=Rect(0, 0 - 0, 0) topActivityInfo=ActivityInfo{48bfa40 com.google.android.apps.messaging.confirmation.ConfirmationActivity} launchCookies=[] positionInParent=Point(0, 0) parentTaskId=-1 isFocused=true isInteractive=true isVisible=true isVisibleRequested=true isTopActivityNoDisplay=false isSleeping=false locusId=null displayAreaFeatureId=1 isTopActivityTransparent=false isActivityStackTransparent=false lastNonFullscreenBounds=Rect(54, 54 - 330, 330) leafTaskBoundsFromOptions= false capturedLink=null capturedLinkTimestamp=0 requestedVisibleTypes=503 topActivityRequestOpenInBrowserEducationTimestamp=0 appCompatTaskInfo=AppCompatTaskInfo { topActivityInSizeCompat=false isLeafTask= true eligibleForLetterboxEducation= false isLetterboxEducationEnabled= false isLetterboxDoubleTapEnabled= false eligibleForUserAspectRatioButton= false topActivityBoundsLetterboxed= false isFromLetterboxDoubleTap= false topActivityLetterboxVerticalPosition= -1 topActivityLetterboxHorizontalPosition= -1 topActivityLetterboxWidth=-1 topActivityLetterboxHeight=-1 topActivityAppBounds=Rect(0, 0 - 384, 384) isUserFullscreenOverrideEnabled=false isSystemFullscreenOverrideEnabled=false hasMinAspectRatioOverride=false topActivityLetterboxBounds=null topNonResizableActivityAspectRatio=-1.0} topActivityMainWindowFrame=null isAppBubble=false}, pipChange = null, remoteTransitionInfo = null, displayChanges = null, requestedLocation = null, userChange = null, windowingLayerChange = null, fullscreenRequestChange = null, flags = 0, debugId = 290 }
06-30 01:36:26.823  2285  2373 V WindowManagerShell: Transition (#290): request handled by WearMixedTransitionHandler
06-30 01:36:26.828  2285  2285 I DisplayOffloadManager: updateTopActivity: taskId = 439; activityToFront=ComponentInfo{com.google.android.apps.messaging/com.google.android.apps.messaging.confirmation.ConfirmationActivity}
06-30 01:36:26.831 12755 12785 I RcsProvisioningIdMap: getAvailablePhoneNumbers: accessing uninitialized provisioning identities. [CONTEXT ratelimit_period="1 MINUTES" ]
06-30 01:36:26.831 12755 12785 I RcsProvisioningIdMap: chel: FULL
06-30 01:36:26.831 12755 12785 I RcsProvisioningIdMap: 	at bvet.l(PG:60)
06-30 01:36:26.831 12755 12785 I RcsProvisioningIdMap: 	at ahit.a(PG:19)
06-30 01:36:26.831 12755 12785 I RcsProvisioningIdMap: 	at qee.apply(PG:74)
06-30 01:36:26.831 12755 12785 I RcsProvisioningIdMap: 	at j$.util.concurrent.ConcurrentHashMap.compute(r8-map-id-d90231d6ce57eb7f162820616eb3c514d5feaa4beb63a24efe6bf7d1156f2ae0:48)
06-30 01:36:26.831 12755 12785 I RcsProvisioningIdMap: 	at j$.util.concurrent.ConcurrentMap$-EL.compute(r8-map-id-d90231d6ce57eb7f162820616eb3c514d5feaa4beb63a24efe6bf7d1156f2ae0:7)
06-30 01:36:26.831 12755 12785 I RcsProvisioningIdMap: 	at qdp.call(PG:64)
06-30 01:36:26.831 12755 12785 I RcsProvisioningIdMap: 	at cgga.a(PG:3)
06-30 01:36:26.831 12755 12785 I RcsProvisioningIdMap: 	at cgeh.a(PG:17)
06-30 01:36:26.831 12755 12785 I RcsProvisioningIdMap: 	at cjou.a(PG:3)
06-30 01:36:26.831 12755 12785 I RcsProvisioningIdMap: 	at cjnx.run(PG:19)
06-30 01:36:26.831 12755 12785 I RcsProvisioningIdMap: 	at cjow.run(PG:5)
06-30 01:36:26.831 12755 12785 I RcsProvisioningIdMap: 	at bxsc.run(PG:7)
06-30 01:36:26.831 12755 12785 I RcsProvisioningIdMap: 	at chmt.run(PG:44)
06-30 01:36:26.831 12755 12785 I RcsProvisioningIdMap: 	at bxrl.run(PG:89)
06-30 01:36:26.831 12755 12785 I RcsProvisioningIdMap: 	at java.lang.Thread.run(Thread.java:1572)
06-30 01:36:26.831 12755 12785 I RcsProvisioningIdMap: 	at bxsz.run(PG:61)
06-30 01:36:26.832 12755 12783 I BugleWearable: Using present value in local node cache. [CONTEXT class_name="PairedPhoneNodeUpdater" ]
06-30 01:36:26.832 12755 12785 I RcsProvisioningIdMap: No phone numbers available. [CONTEXT ratelimit_period="1 MINUTES" ]
06-30 01:36:26.832 12755 12785 I RcsProvisioningIdMap: chel: FULL
06-30 01:36:26.832 12755 12785 I RcsProvisioningIdMap: 	at bvet.l(PG:137)
06-30 01:36:26.832 12755 12785 I RcsProvisioningIdMap: 	at ahit.a(PG:19)
06-30 01:36:26.832 12755 12785 I RcsProvisioningIdMap: 	at qee.apply(PG:74)
06-30 01:36:26.832 12755 12785 I RcsProvisioningIdMap: 	at j$.util.concurrent.ConcurrentHashMap.compute(r8-map-id-d90231d6ce57eb7f162820616eb3c514d5feaa4beb63a24efe6bf7d1156f2ae0:48)
06-30 01:36:26.832 12755 12785 I RcsProvisioningIdMap: 	at j$.util.concurrent.ConcurrentMap$-EL.compute(r8-map-id-d90231d6ce57eb7f162820616eb3c514d5feaa4beb63a24efe6bf7d1156f2ae0:7)
06-30 01:36:26.832 12755 12785 I RcsProvisioningIdMap: 	at qdp.call(PG:64)
06-30 01:36:26.832 12755 12785 I RcsProvisioningIdMap: 	at cgga.a(PG:3)
06-30 01:36:26.832 12755 12785 I RcsProvisioningIdMap: 	at cgeh.a(PG:17)
06-30 01:36:26.832 12755 12785 I RcsProvisioningIdMap: 	at cjou.a(PG:3)
06-30 01:36:26.832 12755 12785 I RcsProvisioningIdMap: 	at cjnx.run(PG:19)
06-30 01:36:26.832 12755 12785 I RcsProvisioningIdMap: 	at cjow.run(PG:5)
06-30 01:36:26.832 12755 12785 I RcsProvisioningIdMap: 	at bxsc.run(PG:7)
06-30 01:36:26.832 12755 12785 I RcsProvisioningIdMap: 	at chmt.run(PG:44)
06-30 01:36:26.832 12755 12785 I RcsProvisioningIdMap: 	at bxrl.run(PG:89)
06-30 01:36:26.832 12755 12785 I RcsProvisioningIdMap: 	at java.lang.Thread.run(Thread.java:1572)
06-30 01:36:26.832 12755 12785 I RcsProvisioningIdMap: 	at bxsz.run(PG:61)
06-30 01:36:26.835  1719  2163 D CorePackageUpdate: Couldn't find a persistent state for task= 439
06-30 01:36:26.837  1719  3326 D DisplayOffload: updateTopTask: taskId=439; activityToFront=ComponentInfo{com.google.android.apps.messaging/com.google.android.apps.messaging.confirmation.ConfirmationActivity}
06-30 01:36:26.838  2285  2285 W WearTransitions: Skipping app launch animation - invalid surface
06-30 01:36:26.850  2076  2484 W SysUI   : [RecentTasksLauncherRepo]getRecentApps matched with a Launcher Activity in the task TaskInfo{userId=0 taskId=438 effectiveUid=10072 displayId=0 isRunning=true baseIntent=Intent { act=android.intent.action.DIAL dat=tel:xxxxxxxxxxx flg=0x10000000 cmp=com.google.android.dialer/com.google.android.wearable.googledialer.homescreen.impl.ui.HomeScreenActivity } baseActivity=ComponentInfo{com.google.android.dialer/com.google.android.wearable.googledialer.homescreen.impl.ui.HomeScreenActivity} topActivity=ComponentInfo{com.google.android.dialer/com.google.android.wearable.googledialer.dialpad.outgoingdialpad.impl.ui.OutgoingDialpadActivity} origActivity=null realActivity=ComponentInfo{com.google.android.dialer/com.google.android.wearable.googledialer.homescreen.impl.ui.HomeScreenActivity} realActivityIsAppLockEnabled=false numActivities=2 lastActiveTime=51805823 supportsMultiWindow=false supportsMultiWindowWithoutConstraints=false resizeMode=1 isResizeable=true minWidth=-1 minHeight=-1 defaultMinSize=220 token=WCT{android.os.BinderProxy@f786ee6} topActivityType=1 pictureInPictureParams=null shouldDockBigOverlays=false launchIntoPipHostTaskId=-1 lastParentTaskIdBeforePip=-1 displayCutoutSafeInsets=Rect(0, 0 - 0, 0) topActivityInfo=ActivityInfo{34e4fa3 com.google.android.wearable.googledialer.dialpad.outgoingdialpad.impl.ui.OutgoingDialpadActivity} launchCookies=[] positionInParent=Point(0, 0) parentTaskId=-1 isFocused=false isInteractive=false isVisible=true isVisibleRequested=false isTopActivityNoDisplay=false isSleeping=false locusId=null displayAreaFeatureId=1 isTopActivityTransparent=false isActivityStackTransparent=false lastNonFullscreenBounds=Rect(54, 54 - 330, 330) leafTaskBoundsFromOptions= false capturedLink=null capturedLinkTimestamp=0 requestedVisibleTypes=503 topActivityRequestOpenInBrowserEducationTimestamp=0 appCompatTaskInfo=AppCompatTaskInfo { topActivityInSizeCompat=false isLeafTask= true eligibleForLetterboxEducation= false isLetterboxEducationEnabled= false isLetterboxDoubleTapEnabled= false eligibleForUserAspectRatioButton= false topActivityBoundsLetterboxed= false isFromLetterboxDoubleTap= false topActivityLetterboxVerticalPosition= -1 topActivityLetterboxHorizontalPosition= -1 topActivityLetterboxWidth=-1 topActivityLetterboxHeight=-1 topActivityAppBounds=Rect(0, 0 - 384, 384) isUserFullscreenOverrideEnabled=false isSystemFullscreenOverrideEnabled=false hasMinAspectRatioOverride=false topActivityLetterboxBounds=null topNonResizableActivityAspectRatio=-1.0} topActivityMainWindowFrame=null isAppBubble=false} == ActivityLauncherApp(label=Phone, activity=ComponentInfo{com.google.android.dialer/com.google.android.wearable.googledialer.homescreen.impl.ui.HomeScreenActivity}, launcherIconRequest=AllAppsLauncherIconRequest(packageName=com.google.android.dialer, activityName=com.google.android.wearable.googledialer.homescreen.impl.ui.HomeScreenActivity, isDefaultApp=false), loadLauncherIcon=ioi@883eed4)
06-30 01:36:26.851  2076  2484 W SysUI   : [RecentTasksLauncherRepo]getRecentApps matched with a Launcher Activity in the task TaskInfo{userId=0 taskId=435 effectiveUid=1000 displayId=0 isRunning=true baseIntent=Intent { act=android.intent.action.MAIN cat=[android.intent.category.LAUNCHER] flg=0x10000000 cmp=com.google.android.apps.wearable.settings/com.google.android.clockwork.settings.MainSettingsActivity } baseActivity=ComponentInfo{com.google.android.apps.wearable.settings/com.google.android.clockwork.settings.MainSettingsActivity} topActivity=ComponentInfo{com.google.android.apps.wearable.settings/com.google.android.clockwork.settings.MainSettingsActivity} origActivity=null realActivity=ComponentInfo{com.google.android.apps.wearable.settings/com.google.android.clockwork.settings.MainSettingsActivity} realActivityIsAppLockEnabled=false numActivities=1 lastActiveTime=51746088 supportsMultiWindow=false supportsMultiWindowWithoutConstraints=false resizeMode=1 isResizeable=true minWidth=-1 minHeight=-1 defaultMinSize=220 token=WCT{android.os.BinderProxy@775cfa} topActivityType=1 pictureInPictureParams=null shouldDockBigOverlays=false launchIntoPipHostTaskId=-1 lastParentTaskIdBeforePip=-1 displayCutoutSafeInsets=Rect(0, 0 - 0, 0) topActivityInfo=ActivityInfo{fadc2a0 com.google.android.clockwork.settings.MainSettingsActivity} launchCookies=[] positionInParent=Point(0, 0) parentTaskId=-1 isFocused=false isInteractive=false isVisible=false isVisibleRequested=false isTopActivityNoDisplay=false isSleeping=false locusId=null displayAreaFeatureId=1 isTopActivityTransparent=false isActivityStackTransparent=false lastNonFullscreenBounds=Rect(54, 54 - 330, 330) leafTaskBoundsFromOptions= false capturedLink=null capturedLinkTimestamp=0 requestedVisibleTypes=503 topActivityRequestOpenInBrowserEducationTimestamp=0 appCompatTaskInfo=AppCompatTaskInfo { topActivityInSizeCompat=false isLeafTask= true eligibleForLetterboxEducation= false isLetterboxEducationEnabled= false isLetterboxDoubleTapEnabled= false eligibleForUserAspectRatioButton= false topActivityBoundsLetterboxed= false isFromLetterboxDoubleTap= false topActivityLetterboxVerticalPosition= -1 topActivityLetterboxHorizontalPosition= -1 topActivityLetterboxWidth=-1 topActivityLetterboxHeight=-1 topActivityAppBounds=Rect(0, 0 - 384, 384) isUserFullscreenOverrideEnabled=false isSystemFullscreenOverrideEnabled=false hasMinAspectRatioOverride=false topActivityLetterboxBounds=null topNonResizableActivityAspectRatio=-1.0} topActivityMainWindowFrame=null isAppBubble=false} == ActivityLauncherApp(label=Settings, activity=ComponentInfo{com.google.android.apps.wearable.settings/com.google.android.clockwork.settings.MainSettingsActivity}, launcherIconRequest=AllAppsLauncherIconRequest(packageName=com.google.android.apps.wearable.settings, activityName=com.google.android.clockwork.settings.MainSettingsActivity, isDefaultApp=false), loadLauncherIcon=ioi@cf39d08)
06-30 01:36:26.851  2076  2484 W SysUI   : [RecentTasksLauncherRepo]getRecentApps matched with a Launcher Activity in the task TaskInfo{userId=0 taskId=436 effectiveUid=10066 displayId=-1 isRunning=false baseIntent=Intent { act=android.intent.action.MAIN flg=0x10000000 cmp=com.google.android.apps.walletnfcrel/com.google.commerce.tapandpay.wear.cardlist.WalletThemedWearCardListActivity } baseActivity=null topActivity=null origActivity=null realActivity=ComponentInfo{com.google.android.apps.walletnfcrel/com.google.commerce.tapandpay.wear.cardlist.WalletThemedWearCardListActivity} realActivityIsAppLockEnabled=false numActivities=0 lastActiveTime=51690225 supportsMultiWindow=false supportsMultiWindowWithoutConstraints=false resizeMode=1 isResizeable=true minWidth=-1 minHeight=-1 defaultMinSize=220 token=WCT{android.os.BinderProxy@a3b2b97} topActivityType=1 pictureInPictureParams=null shouldDockBigOverlays=false launchIntoPipHostTaskId=-1 lastParentTaskIdBeforePip=-1 displayCutoutSafeInsets=Rect(0, 0 - 0, 0) topActivityInfo=null launchCookies=[] positionInParent=Point(0, 0) parentTaskId=-1 isFocused=false isInteractive=false isVisible=false isVisibleRequested=false isTopActivityNoDisplay=false isSleeping=false locusId=null displayAreaFeatureId=1 isTopActivityTransparent=false isActivityStackTransparent=true lastNonFullscreenBounds=Rect(54, 54 - 330, 330) leafTaskBoundsFromOptions= false capturedLink=null capturedLinkTimestamp=0 requestedVisibleTypes=503 topActivityRequestOpenInBrowserEducationTimestamp=0 appCompatTaskInfo=AppCompatTaskInfo { topActivityInSizeCompat=false isLeafTask= true eligibleForLetterboxEducation= false isLetterboxEducationEnabled= false isLetterboxDoubleTapEnabled= false eligibleForUserAspectRatioButton= false topActivityBoundsLetterboxed= false isFromLetterboxDoubleTap= false topActivityLetterboxVerticalPosition= -1 topActivityLetterboxHorizontalPosition= -1 topActivityLetterboxWidth=-1 topActivityLetterboxHeight=-1 topActivityAppBounds=Rect(0, 0 - 0, 0) isUserFullscreenOverrideEnabled=false isSystemFullscreenOverrideEnabled=false hasMinAspectRatioOverride=false topActivityLetterboxBounds=null topNonResizableActivityAspectRatio=-1.0} topActivityMainWindowFrame=null isAppBubble=false} == ActivityLauncherApp(label=Wallet, activity=ComponentInfo{com.google.android.apps.walletnfcrel/com.google.commerce.tapandpay.wear.cardlist.WalletThemedWearCardListActivity}, launcherIconRequest=AllAppsLauncherIconRequest(packageName=com.google.android.apps.walletnfcrel, activityName=com.google.commerce.tapandpay.wear.cardlist.WalletThemedWearCardListActivity, isDefaultApp=false), loadLauncherIcon=ioi@dcfe26a)
06-30 01:36:26.852  2076  2484 W SysUI   : [RecentTasksLauncherRepo]getRecentApps matched with a Launcher Activity in the task TaskInfo{userId=0 taskId=419 effectiveUid=10079 displayId=-1 isRunning=false baseIntent=Intent { act=android.intent.action.MAIN cat=[android.intent.category.LAUNCHER] flg=0x10000000 cmp=com.google.android.apps.maps/com.google.android.apps.gmmwearable.MainActivity } baseActivity=null topActivity=null origActivity=null realActivity=ComponentInfo{com.google.android.apps.maps/com.google.android.apps.gmmwearable.MainActivity} realActivityIsAppLockEnabled=false numActivities=0 lastActiveTime=1446032 supportsMultiWindow=false supportsMultiWindowWithoutConstraints=false resizeMode=1 isResizeable=true minWidth=-1 minHeight=-1 defaultMinSize=220 token=WCT{android.os.BinderProxy@d538cc8} topActivityType=0 pictureInPictureParams=null shouldDockBigOverlays=false launchIntoPipHostTaskId=-1 lastParentTaskIdBeforePip=-1 displayCutoutSafeInsets=Rect(0, 0 - 0, 0) topActivityInfo=null launchCookies=[] positionInParent=Point(0, 0) parentTaskId=-1 isFocused=false isInteractive=false isVisible=false isVisibleRequested=false isTopActivityNoDisplay=false isSleeping=false locusId=null displayAreaFeatureId=1 isTopActivityTransparent=false isActivityStackTransparent=true lastNonFullscreenBounds=Rect(54, 54 - 330, 330) leafTaskBoundsFromOptions= false capturedLink=null capturedLinkTimestamp=0 requestedVisibleTypes=503 topActivityRequestOpenInBrowserEducationTimestamp=0 appCompatTaskInfo=AppCompatTaskInfo { topActivityInSizeCompat=false isLeafTask= true eligibleForLetterboxEducation= false isLetterboxEducationEnabled= false isLetterboxDoubleTapEnabled= false eligibleForUserAspectRatioButton= false topActivityBoundsLetterboxed= false isFromLetterboxDoubleTap= false topActivityLetterboxVerticalPosition= -1 topActivityLetterboxHorizontalPosition= -1 topActivityLetterboxWidth=-1 topActivityLetterboxHeight=-1 topActivityAppBounds=Rect(0, 0 - 0, 0) isUserFullscreenOverrideEnabled=false isSystemFullscreenOverrideEnabled=false hasMinAspectRatioOverride=false topActivityLetterboxBounds=null topNonResizableActivityAspectRatio=-1.0} topActivityMainWindowFrame=null isAppBubble=false} == ActivityLauncherApp(label=Maps, activity=ComponentInfo{com.google.android.apps.maps/com.google.android.apps.gmmwearable.MainActivity}, launcherIconRequest=AllAppsLauncherIconRequest(packageName=com.google.android.apps.maps, activityName=com.google.android.apps.gmmwearable.MainActivity, isDefaultApp=false), loadLauncherIcon=ioi@c281161)
06-30 01:36:26.853  2076  2484 W SysUI   : [LauncherDefaultRecentsCombiner]Unable to get ActivityDisplayInfo for {com.google.android.apps.youtube.music/com.google.android.apps.youtube.music.wear.WearMainActivity} attempting to fetch from ResolveInfo
06-30 01:36:26.854 12755 12773 I BugleWearable: Sending request which expects a response to path: /bugle/rpc/update_data/, correlationId: 553c6c7d-c27b-4ca2-9e6e-fdd6e338bccb [CONTEXT class_name="PairedPhoneProxy" ]
06-30 01:36:26.855  2285  2285 W WearTransitions: Skipping app launch animation - invalid surface
06-30 01:36:26.858  1719  1904 D IntervalStats: Unable to parse usage stats packages: [11]
06-30 01:36:26.866  2188  2472 I bt_btm_pm: system/stack/acl/btm_pm.cc:239 BTM_SetPowerMode: Setting power mode for peer:xx:xx:xx:xx:d8:c0 current_mode:immediate:sniff[2] new_mode:forced:active[0]
06-30 01:36:26.867  2188  2472 I bt_btm_pm: system/stack/acl/btm_pm.cc:515 btm_pm_snd_md_req: Switching from immediate:sniff[0x02] to immediate:active[0x00]
06-30 01:36:26.867   853   853 D vendor.qti.bluetooth@1.0-wake_lock: Acquire wakelock is acquired 
06-30 01:36:26.869   853   861 D vendor.qti.bluetooth@1.0-ibs_handler: SerialClockVote: vote for UART CLK ON
06-30 01:36:26.869  1719  1904 D IntervalStats: Unable to parse usage stats packages: [11]
06-30 01:36:26.871  2285  2285 W WearTransitions: Skipping app launch animation - invalid surface
06-30 01:36:26.875   853   861 D vendor.qti.bluetooth@1.0-uart_transport: ClockOperation: USERIAL_OP_CLK_ON - after sys fs write-ret:4
06-30 01:36:26.875   853   861 D vendor.qti.bluetooth@1.0-uart_transport: SocRxDWakeup: Flow off->Change UART baudrate to 38.4kbs->send 0x00->Change UART baudrate to max->Flow on
06-30 01:36:26.875   853   861 I vendor.qti.bluetooth@1.0-uart_transport: ## userial_vendor_ioctl: UART Flow Off 
06-30 01:36:26.877   853   861 I vendor.qti.bluetooth@1.0-uart_transport: ## userial_vendor_set_baud: 17
06-30 01:36:26.878 12755 12785 I BugleWearable: Using present value in local node cache. [CONTEXT class_name="PairedPhoneNodeUpdater" ]
06-30 01:36:26.879 12755 12831 I BugleWearable: Sending request which expects a response to path: /bugle/rpc/create_conversation/, correlationId: c883ce2a-1b57-4be7-816a-d5f465b3c517 [CONTEXT class_name="PairedPhoneProxy" ]
06-30 01:36:26.886  1719  1904 D IntervalStats: Unable to parse usage stats packages: [11]
06-30 01:36:26.886   853   861 I vendor.qti.bluetooth@1.0-uart_transport: SetBaudRate: in BOTHER
06-30 01:36:26.887   853   861 I vendor.qti.bluetooth@1.0-uart_transport: ## userial_vendor_ioctl: UART Flow On 
06-30 01:36:26.887   853   861 I vendor.qti.bluetooth@1.0-ibs_handler: DeviceWakeUp: Writing IBS_WAKE_IND
06-30 01:36:26.888  2285  2285 W WearTransitions: Skipping app launch animation - invalid surface
06-30 01:36:26.888   853  2603 I vendor.qti.bluetooth@1.0-ibs_handler: ProcessIbsCmd: Received IBS_WAKE_ACK: 0xFC
06-30 01:36:26.889   853  2603 I vendor.qti.bluetooth@1.0-ibs_handler: ProcessIbsCmd: Signal wack_cond_
06-30 01:36:26.889   853  2603 I vendor.qti.bluetooth@1.0-ibs_handler: ProcessIbsCmd: Received IBS_WAKE_ACK: 0xFC
06-30 01:36:26.889   853   861 D vendor.qti.bluetooth@1.0-ibs_handler: DeviceWakeUp: Unblocked from waiting for FC, pthread_cond_timedwait ret = 0
06-30 01:36:26.889   853  2603 I vendor.qti.bluetooth@1.0-ibs_handler: ProcessIbsCmd: Signal wack_cond_
06-30 01:36:26.889   853  2603 I vendor.qti.bluetooth@1.0-ibs_handler: ProcessIbsCmd: Received IBS_WAKE_IND: 0xFD
06-30 01:36:26.889   853  2603 I vendor.qti.bluetooth@1.0-ibs_handler: ProcessIbsCmd: Writing IBS_WAKE_ACK
06-30 01:36:26.892 12755 16471 E perf_hint: createSessionUsingConfig: PerformanceHint cannot create session. PowerHintSessions are not supported!
06-30 01:36:26.893  1719  1904 D IntervalStats: Unable to parse usage stats packages: [11]
06-30 01:36:26.904  1719  3326 W InputChannel-JNI: Channel already disposed.
06-30 01:36:26.905  2285  2285 W WearTransitions: Skipping app launch animation - invalid surface
06-30 01:36:26.908 12755 12755 D WindowOnBackDispatcher: setTopOnBackInvokedCallback (unwrapped): android.app.Activity$$ExternalSyntheticLambda0@39a5718
06-30 01:36:26.921  2285  2285 W WearTransitions: Skipping app launch animation - invalid surface
06-30 01:36:26.925  1719  1904 D IntervalStats: Unable to parse usage stats packages: [11]
06-30 01:36:26.928  1719  2083 D CoreBackPreview: Window{f4ee7c9 u0 com.google.android.apps.messaging/com.google.android.apps.messaging.confirmation.ConfirmationActivity}: Setting back callback OnBackInvokedCallbackInfo{mCallback=android.window.IOnBackInvokedCallback$Stub$Proxy@c553785, mPriority=-1, mIsAnimationCallback=false, mOverrideBehavior=0}
06-30 01:36:26.930  2285  2285 I DisplayOffloadManager: updateTopActivity: taskId = 439; activityToFront=ComponentInfo{com.google.android.apps.messaging/com.google.android.apps.messaging.confirmation.ConfirmationActivity}
06-30 01:36:26.931  1719  2163 D DisplayOffload: updateTopTask: taskId=439; activityToFront=ComponentInfo{com.google.android.apps.messaging/com.google.android.apps.messaging.confirmation.ConfirmationActivity}
06-30 01:36:26.933   853  2603 I vendor.qti.bluetooth@1.0-ibs_handler: ProcessIbsCmd: Received IBS_SLEEP_IND: 0xFE
06-30 01:36:26.938  2285  2285 W WearTransitions: Skipping app launch animation - invalid surface
06-30 01:36:26.948  2076  2484 W SysUI   : [RecentTasksLauncherRepo]getRecentApps matched with a Launcher Activity in the task TaskInfo{userId=0 taskId=438 effectiveUid=10072 displayId=0 isRunning=true baseIntent=Intent { act=android.intent.action.DIAL dat=tel:xxxxxxxxxxx flg=0x10000000 cmp=com.google.android.dialer/com.google.android.wearable.googledialer.homescreen.impl.ui.HomeScreenActivity } baseActivity=ComponentInfo{com.google.android.dialer/com.google.android.wearable.googledialer.homescreen.impl.ui.HomeScreenActivity} topActivity=ComponentInfo{com.google.android.dialer/com.google.android.wearable.googledialer.dialpad.outgoingdialpad.impl.ui.OutgoingDialpadActivity} origActivity=null realActivity=ComponentInfo{com.google.android.dialer/com.google.android.wearable.googledialer.homescreen.impl.ui.HomeScreenActivity} realActivityIsAppLockEnabled=false numActivities=2 lastActiveTime=51805823 supportsMultiWindow=false supportsMultiWindowWithoutConstraints=false resizeMode=1 isResizeable=true minWidth=-1 minHeight=-1 defaultMinSize=220 token=WCT{android.os.BinderProxy@f786ee6} topActivityType=1 pictureInPictureParams=null shouldDockBigOverlays=false launchIntoPipHostTaskId=-1 lastParentTaskIdBeforePip=-1 displayCutoutSafeInsets=Rect(0, 0 - 0, 0) topActivityInfo=ActivityInfo{f6ef715 com.google.android.wearable.googledialer.dialpad.outgoingdialpad.impl.ui.OutgoingDialpadActivity} launchCookies=[] positionInParent=Point(0, 0) parentTaskId=-1 isFocused=false isInteractive=false isVisible=true isVisibleRequested=false isTopActivityNoDisplay=false isSleeping=false locusId=null displayAreaFeatureId=1 isTopActivityTransparent=false isActivityStackTransparent=false lastNonFullscreenBounds=Rect(54, 54 - 330, 330) leafTaskBoundsFromOptions= false capturedLink=null capturedLinkTimestamp=0 requestedVisibleTypes=503 topActivityRequestOpenInBrowserEducationTimestamp=0 appCompatTaskInfo=AppCompatTaskInfo { topActivityInSizeCompat=false isLeafTask= true eligibleForLetterboxEducation= false isLetterboxEducationEnabled= false isLetterboxDoubleTapEnabled= false eligibleForUserAspectRatioButton= false topActivityBoundsLetterboxed= false isFromLetterboxDoubleTap= false topActivityLetterboxVerticalPosition= -1 topActivityLetterboxHorizontalPosition= -1 topActivityLetterboxWidth=-1 topActivityLetterboxHeight=-1 topActivityAppBounds=Rect(0, 0 - 384, 384) isUserFullscreenOverrideEnabled=false isSystemFullscreenOverrideEnabled=false hasMinAspectRatioOverride=false topActivityLetterboxBounds=null topNonResizableActivityAspectRatio=-1.0} topActivityMainWindowFrame=null isAppBubble=false} == ActivityLauncherApp(label=Phone, activity=ComponentInfo{com.google.android.dialer/com.google.android.wearable.googledialer.homescreen.impl.ui.HomeScreenActivity}, launcherIconRequest=AllAppsLauncherIconRequest(packageName=com.google.android.dialer, activityName=com.google.android.wearable.googledialer.homescreen.impl.ui.HomeScreenActivity, isDefaultApp=false), loadLauncherIcon=ioi@883eed4)
06-30 01:36:26.949  2076  2484 W SysUI   : [RecentTasksLauncherRepo]getRecentApps matched with a Launcher Activity in the task TaskInfo{userId=0 taskId=435 effectiveUid=1000 displayId=0 isRunning=true baseIntent=Intent { act=android.intent.action.MAIN cat=[android.intent.category.LAUNCHER] flg=0x10000000 cmp=com.google.android.apps.wearable.settings/com.google.android.clockwork.settings.MainSettingsActivity } baseActivity=ComponentInfo{com.google.android.apps.wearable.settings/com.google.android.clockwork.settings.MainSettingsActivity} topActivity=ComponentInfo{com.google.android.apps.wearable.settings/com.google.android.clockwork.settings.MainSettingsActivity} origActivity=null realActivity=ComponentInfo{com.google.android.apps.wearable.settings/com.google.android.clockwork.settings.MainSettingsActivity} realActivityIsAppLockEnabled=false numActivities=1 lastActiveTime=51746088 supportsMultiWindow=false supportsMultiWindowWithoutConstraints=false resizeMode=1 isResizeable=true minWidth=-1 minHeight=-1 defaultMinSize=220 token=WCT{android.os.BinderProxy@775cfa} topActivityType=1 pictureInPictureParams=null shouldDockBigOverlays=false launchIntoPipHostTaskId=-1 lastParentTaskIdBeforePip=-1 displayCutoutSafeInsets=Rect(0, 0 - 0, 0) topActivityInfo=ActivityInfo{c5ca2a com.google.android.clockwork.settings.MainSettingsActivity} launchCookies=[] positionInParent=Point(0, 0) parentTaskId=-1 isFocused=false isInteractive=false isVisible=false isVisibleRequested=false isTopActivityNoDisplay=false isSleeping=false locusId=null displayAreaFeatureId=1 isTopActivityTransparent=false isActivityStackTransparent=false lastNonFullscreenBounds=Rect(54, 54 - 330, 330) leafTaskBoundsFromOptions= false capturedLink=null capturedLinkTimestamp=0 requestedVisibleTypes=503 topActivityRequestOpenInBrowserEducationTimestamp=0 appCompatTaskInfo=AppCompatTaskInfo { topActivityInSizeCompat=false isLeafTask= true eligibleForLetterboxEducation= false isLetterboxEducationEnabled= false isLetterboxDoubleTapEnabled= false eligibleForUserAspectRatioButton= false topActivityBoundsLetterboxed= false isFromLetterboxDoubleTap= false topActivityLetterboxVerticalPosition= -1 topActivityLetterboxHorizontalPosition= -1 topActivityLetterboxWidth=-1 topActivityLetterboxHeight=-1 topActivityAppBounds=Rect(0, 0 - 384, 384) isUserFullscreenOverrideEnabled=false isSystemFullscreenOverrideEnabled=false hasMinAspectRatioOverride=false topActivityLetterboxBounds=null topNonResizableActivityAspectRatio=-1.0} topActivityMainWindowFrame=null isAppBubble=false} == ActivityLauncherApp(label=Settings, activity=ComponentInfo{com.google.android.apps.wearable.settings/com.google.android.clockwork.settings.MainSettingsActivity}, launcherIconRequest=AllAppsLauncherIconRequest(packageName=com.google.android.apps.wearable.settings, activityName=com.google.android.clockwork.settings.MainSettingsActivity, isDefaultApp=false), loadLauncherIcon=ioi@cf39d08)
06-30 01:36:26.949  2076  2484 W SysUI   : [RecentTasksLauncherRepo]getRecentApps matched with a Launcher Activity in the task TaskInfo{userId=0 taskId=436 effectiveUid=10066 displayId=-1 isRunning=false baseIntent=Intent { act=android.intent.action.MAIN flg=0x10000000 cmp=com.google.android.apps.walletnfcrel/com.google.commerce.tapandpay.wear.cardlist.WalletThemedWearCardListActivity } baseActivity=null topActivity=null origActivity=null realActivity=ComponentInfo{com.google.android.apps.walletnfcrel/com.google.commerce.tapandpay.wear.cardlist.WalletThemedWearCardListActivity} realActivityIsAppLockEnabled=false numActivities=0 lastActiveTime=51690225 supportsMultiWindow=false supportsMultiWindowWithoutConstraints=false resizeMode=1 isResizeable=true minWidth=-1 minHeight=-1 defaultMinSize=220 token=WCT{android.os.BinderProxy@a3b2b97} topActivityType=1 pictureInPictureParams=null shouldDockBigOverlays=false launchIntoPipHostTaskId=-1 lastParentTaskIdBeforePip=-1 displayCutoutSafeInsets=Rect(0, 0 - 0, 0) topActivityInfo=null launchCookies=[] positionInParent=Point(0, 0) parentTaskId=-1 isFocused=false isInteractive=false isVisible=false isVisibleRequested=false isTopActivityNoDisplay=false isSleeping=false locusId=null displayAreaFeatureId=1 isTopActivityTransparent=false isActivityStackTransparent=true lastNonFullscreenBounds=Rect(54, 54 - 330, 330) leafTaskBoundsFromOptions= false capturedLink=null capturedLinkTimestamp=0 requestedVisibleTypes=503 topActivityRequestOpenInBrowserEducationTimestamp=0 appCompatTaskInfo=AppCompatTaskInfo { topActivityInSizeCompat=false isLeafTask= true eligibleForLetterboxEducation= false isLetterboxEducationEnabled= false isLetterboxDoubleTapEnabled= false eligibleForUserAspectRatioButton= false topActivityBoundsLetterboxed= false isFromLetterboxDoubleTap= false topActivityLetterboxVerticalPosition= -1 topActivityLetterboxHorizontalPosition= -1 topActivityLetterboxWidth=-1 topActivityLetterboxHeight=-1 topActivityAppBounds=Rect(0, 0 - 0, 0) isUserFullscreenOverrideEnabled=false isSystemFullscreenOverrideEnabled=false hasMinAspectRatioOverride=false topActivityLetterboxBounds=null topNonResizableActivityAspectRatio=-1.0} topActivityMainWindowFrame=null isAppBubble=false} == ActivityLauncherApp(label=Wallet, activity=ComponentInfo{com.google.android.apps.walletnfcrel/com.google.commerce.tapandpay.wear.cardlist.WalletThemedWearCardListActivity}, launcherIconRequest=AllAppsLauncherIconRequest(packageName=com.google.android.apps.walletnfcrel, activityName=com.google.commerce.tapandpay.wear.cardlist.WalletThemedWearCardListActivity, isDefaultApp=false), loadLauncherIcon=ioi@dcfe26a)
06-30 01:36:26.950  2076  2484 W SysUI   : [RecentTasksLauncherRepo]getRecentApps matched with a Launcher Activity in the task TaskInfo{userId=0 taskId=419 effectiveUid=10079 displayId=-1 isRunning=false baseIntent=Intent { act=android.intent.action.MAIN cat=[android.intent.category.LAUNCHER] flg=0x10000000 cmp=com.google.android.apps.maps/com.google.android.apps.gmmwearable.MainActivity } baseActivity=null topActivity=null origActivity=null realActivity=ComponentInfo{com.google.android.apps.maps/com.google.android.apps.gmmwearable.MainActivity} realActivityIsAppLockEnabled=false numActivities=0 lastActiveTime=1446032 supportsMultiWindow=false supportsMultiWindowWithoutConstraints=false resizeMode=1 isResizeable=true minWidth=-1 minHeight=-1 defaultMinSize=220 token=WCT{android.os.BinderProxy@d538cc8} topActivityType=0 pictureInPictureParams=null shouldDockBigOverlays=false launchIntoPipHostTaskId=-1 lastParentTaskIdBeforePip=-1 displayCutoutSafeInsets=Rect(0, 0 - 0, 0) topActivityInfo=null launchCookies=[] positionInParent=Point(0, 0) parentTaskId=-1 isFocused=false isInteractive=false isVisible=false isVisibleRequested=false isTopActivityNoDisplay=false isSleeping=false locusId=null displayAreaFeatureId=1 isTopActivityTransparent=false isActivityStackTransparent=true lastNonFullscreenBounds=Rect(54, 54 - 330, 330) leafTaskBoundsFromOptions= false capturedLink=null capturedLinkTimestamp=0 requestedVisibleTypes=503 topActivityRequestOpenInBrowserEducationTimestamp=0 appCompatTaskInfo=AppCompatTaskInfo { topActivityInSizeCompat=false isLeafTask= true eligibleForLetterboxEducation= false isLetterboxEducationEnabled= false isLetterboxDoubleTapEnabled= false eligibleForUserAspectRatioButton= false topActivityBoundsLetterboxed= false isFromLetterboxDoubleTap= false topActivityLetterboxVerticalPosition= -1 topActivityLetterboxHorizontalPosition= -1 topActivityLetterboxWidth=-1 topActivityLetterboxHeight=-1 topActivityAppBounds=Rect(0, 0 - 0, 0) isUserFullscreenOverrideEnabled=false isSystemFullscreenOverrideEnabled=false hasMinAspectRatioOverride=false topActivityLetterboxBounds=null topNonResizableActivityAspectRatio=-1.0} topActivityMainWindowFrame=null isAppBubble=false} == ActivityLauncherApp(label=Maps, activity=ComponentInfo{com.google.android.apps.maps/com.google.android.apps.gmmwearable.MainActivity}, launcherIconRequest=AllAppsLauncherIconRequest(packageName=com.google.android.apps.maps, activityName=com.google.android.apps.gmmwearable.MainActivity, isDefaultApp=false), loadLauncherIcon=ioi@c281161)
06-30 01:36:26.953  2076  2484 W SysUI   : [LauncherDefaultRecentsCombiner]Unable to get ActivityDisplayInfo for {com.google.android.apps.youtube.music/com.google.android.apps.youtube.music.wear.WearMainActivity} attempting to fetch from ResolveInfo
06-30 01:36:26.955  2285  2285 W WearTransitions: Skipping app launch animation - invalid surface
06-30 01:36:26.971  2285  2285 W WearTransitions: Skipping app launch animation - invalid surface
06-30 01:36:26.988  2285  2285 W WearTransitions: Skipping app launch animation - invalid surface
06-30 01:36:26.989 12755 16470 E perf_hint: createSessionUsingConfig: PerformanceHint cannot create session. PowerHintSessions are not supported!
06-30 01:36:26.993  1719  2163 W InputChannel-JNI: Channel already disposed.
06-30 01:36:26.995 12755 12755 D VRI[ConfirmationActivity]: WindowInsets changed: 384x384 
06-30 01:36:27.001  1719  2163 D WindowManager: setClientSurface Surface(name=VRI-com.google.android.apps.messaging/com.google.android.apps.messaging.confirmation.ConfirmationActivity#617)/@0xd14a32 for f4ee7c9 com.google.android.apps.messaging/com.google.android.apps.messaging.confirmation.ConfirmationActivity
06-30 01:36:27.004 12755 12755 I Surface : Creating surface for consumer unnamed-12755-2 with slotExpansion=1 for 64 slots
06-30 01:36:27.004 12755 12755 I Surface : Creating surface for consumer VRI[ConfirmationActivity]#2(BLAST Consumer)2 with slotExpansion=1 for 64 slots
06-30 01:36:27.005  2285  2285 W WearTransitions: Skipping app launch animation - invalid surface
06-30 01:36:27.007   489   489 I SnapAlloc: Using graphics libs for alignment calculations
06-30 01:36:27.007   489   489 D SnapAlloc: from handle - reserved size 4287224480 custom content metadata size 0
06-30 01:36:27.007   489   489 D SnapAlloc: Successfully mapped metadata 0x1
06-30 01:36:27.007   489   489 D SnapAlloc: from handle - reserved size 0 custom content metadata size 0
06-30 01:36:27.008   489   489 D SnapAlloc: Successfully mapped metadata 0x1
06-30 01:36:27.009 12755 16480 D SnapAlloc: from handle - reserved size 0 custom content metadata size 0
06-30 01:36:27.009 12755 16480 D SnapAlloc: Successfully mapped metadata 0x1
06-30 01:36:27.010   489   489 I SnapAlloc: Using graphics libs for alignment calculations
06-30 01:36:27.010   489   489 D SnapAlloc: from handle - reserved size 4287224480 custom content metadata size 0
06-30 01:36:27.011   489   489 D SnapAlloc: Successfully mapped metadata 0x1
06-30 01:36:27.011   489   489 D SnapAlloc: from handle - reserved size 0 custom content metadata size 0
06-30 01:36:27.011   489   489 D SnapAlloc: Successfully mapped metadata 0x1
06-30 01:36:27.011 12755 16480 D SnapAlloc: from handle - reserved size 0 custom content metadata size 0
06-30 01:36:27.011 12755 16480 D SnapAlloc: Successfully mapped metadata 0x1
06-30 01:36:27.011   489  2137 I SnapAlloc: Using graphics libs for alignment calculations
06-30 01:36:27.012   489  2137 D SnapAlloc: from handle - reserved size 4076915048 custom content metadata size 0
06-30 01:36:27.012   489  2137 D SnapAlloc: Successfully mapped metadata 0x1
06-30 01:36:27.012   489  2137 D SnapAlloc: from handle - reserved size 0 custom content metadata size 0
06-30 01:36:27.012   489  2137 D SnapAlloc: Successfully mapped metadata 0x1
06-30 01:36:27.013 12755 16480 D SnapAlloc: from handle - reserved size 0 custom content metadata size 0
06-30 01:36:27.013 12755 16480 D SnapAlloc: Successfully mapped metadata 0x1
06-30 01:36:27.013   489  2137 I SnapAlloc: Using graphics libs for alignment calculations
06-30 01:36:27.014   489  2137 D SnapAlloc: from handle - reserved size 4076915048 custom content metadata size 0
06-30 01:36:27.014   489  2137 D SnapAlloc: Successfully mapped metadata 0x1
06-30 01:36:27.014   489  2137 D SnapAlloc: from handle - reserved size 0 custom content metadata size 0
06-30 01:36:27.014   489  2137 D SnapAlloc: Successfully mapped metadata 0x1
06-30 01:36:27.015 12755 16480 D SnapAlloc: from handle - reserved size 0 custom content metadata size 0
06-30 01:36:27.015 12755 16480 D SnapAlloc: Successfully mapped metadata 0x1
06-30 01:36:27.017   488   661 D SnapAlloc: from handle - reserved size 0 custom content metadata size 0
06-30 01:36:27.017   488   661 D SnapAlloc: Successfully mapped metadata 0x1
06-30 01:36:27.022  2285  2285 W WearTransitions: Skipping app launch animation - invalid surface
06-30 01:36:27.027  1719  1793 I DisplayOffload: allowAutoBrightnessInDoze: stateOverride=UNKNOWN
06-30 01:36:27.027 12755 12755 D WindowOnBackDispatcher: setTopOnBackInvokedCallback (unwrapped): android.app.Dialog$$ExternalSyntheticLambda2@f5a6a9c
06-30 01:36:27.028 12755 12755 D WindowOnBackDispatcher: setTopOnBackInvokedCallback (unwrapped): iim@6a31ca5
06-30 01:36:27.032  1719  2163 D CoreBackPreview: Window{2e09794 u0 com.google.android.apps.messaging/com.google.android.apps.messaging.confirmation.ConfirmationActivity}: Setting back callback OnBackInvokedCallbackInfo{mCallback=android.window.IOnBackInvokedCallback$Stub$Proxy@7e45539, mPriority=-1, mIsAnimationCallback=false, mOverrideBehavior=0}
06-30 01:36:27.032  1719  1793 V DisplayPowerController[0]: Brightness [0.025921507] reason changing to: 'automatic', previous reason: 'automatic [ dim ]'.
06-30 01:36:27.032  1719  2083 D CoreBackPreview: Window{2e09794 u0 com.google.android.apps.messaging/com.google.android.apps.messaging.confirmation.ConfirmationActivity}: Setting back callback OnBackInvokedCallbackInfo{mCallback=android.window.IOnBackInvokedCallback$Stub$Proxy@145d77e, mPriority=0, mIsAnimationCallback=true, mOverrideBehavior=0}
06-30 01:36:27.033  1719  1793 I DisplayPowerController[0]: BrightnessEvent: brt=0.025921507(34.0%), nits=-1.0, lux=21.8975, reason=automatic, strat=AutomaticBrightnessStrategy, state=ON, stateReason=DEFAULT_POLICY, policy=BRIGHT, flags=, initBrt=0.0, rcmdBrt=0.025921507, preBrt=0.020708233, preLux=19.133749, lastReadLux=19.36375, wasShortTermModelActive=false, autoBrightness=true (default), unclampedBrt=0.025921507, hbmMax=0.6556, hbmMode=off, thrmMax=1.0, rbcStrength=50, powerFactor=0.5, physDisp=Built-in Screen(local:4630946367249729921), logicalId=0, slowChange=false, rampSpeed=0.0, colorTemp=NaN, thermalStatus=none
06-30 01:36:27.034  1719  1793 I DisplayOffload: allowAutoBrightnessInDoze: stateOverride=UNKNOWN
06-30 01:36:27.038  2285  2285 W WearTransitions: Skipping app launch animation - invalid surface
06-30 01:36:27.045  1719  1736 I system_server: NativeAlloc concurrent mark compact GC freed 9742KB AllocSpace bytes, 16(320KB) LOS objects, 87% free, 31MB/256MB, paused 7.763ms,8.291ms total 557.455ms
06-30 01:36:27.046 12755 12755 I HWUI    : Using FreeType backend (prop=Auto)
06-30 01:36:27.052   860  1855 I usf_sensor_hal: DisplayInfo msg to sensor:28 (ALS), display_status:1 (ON), panel_status:1 (ON), brightness:3, refresh_rate:60, timestamp_ms=51806906
06-30 01:36:27.054   493  3417 I SDM     : DisplayBuiltIn::SetPanelBrightness: Setting brightness: nbm_dbv = 10 (26.60 nits), aod_dbv = 40 (25.60 nits), requested brightness = 0.025922 (25.921507 nits), ramp duration 300 ms
06-30 01:36:27.055  2285  2285 W WearTransitions: Skipping app launch animation - invalid surface
06-30 01:36:27.056   391   416 E pixelstats-uevent: Unable to read  - No such file or directory
06-30 01:36:27.072  2285  2285 W WearTransitions: Skipping app launch animation - invalid surface
06-30 01:36:27.072  2285  2373 V WindowManagerShell: Transition animation finished (aborted=false), notifying core (#288) android.os.BinderProxy@32476f8@0
06-30 01:36:27.073  1719  3326 D WindowManager: setClientSurface Surface(name=VRI-com.google.android.apps.messaging/com.google.android.apps.messaging.confirmation.ConfirmationActivity#618)/@0x6df452c for 2e09794 com.google.android.apps.messaging/com.google.android.apps.messaging.confirmation.ConfirmationActivity
06-30 01:36:27.075  1719  2163 D DOS_DisplayControlLock: released: android.os.BinderProxy@f9c2663
06-30 01:36:27.075  1719  2163 I DOS_DisplayControlLock: All released
06-30 01:36:27.076 12755 12755 I Surface : Creating surface for consumer unnamed-12755-3 with slotExpansion=1 for 64 slots
06-30 01:36:27.077 12755 12755 I Surface : Creating surface for consumer VRI[ConfirmationActivity]#3(BLAST Consumer)3 with slotExpansion=1 for 64 slots
06-30 01:36:27.080  1719  1746 V WindowManager: Finish Transition (#288): created at 06-30 01:36:25.961 collect-started=0.114ms request-sent=12.697ms started=16.966ms ready=24.56ms sent=697.082ms commit=31.924ms finished=1118.06ms
06-30 01:36:27.081   489  2137 I SnapAlloc: Using graphics libs for alignment calculations
06-30 01:36:27.082  2285  2373 V WindowManagerShell: Playing animation for (#289) android.os.BinderProxy@3afe741@0
06-30 01:36:27.082  2285  2373 V WindowManagerShell:  try firstHandler com.google.android.clockwork.systemui.transition.shelltransition.WearMixedTransitionHandler@30ac255
06-30 01:36:27.082   489  2137 D SnapAlloc: from handle - reserved size 4076915048 custom content metadata size 0
06-30 01:36:27.083   489  2137 D SnapAlloc: Successfully mapped metadata 0x1
06-30 01:36:27.083   489  2137 D SnapAlloc: from handle - reserved size 0 custom content metadata size 0
06-30 01:36:27.083   489  2137 D SnapAlloc: Successfully mapped metadata 0x1
06-30 01:36:27.084 12755 16485 D SnapAlloc: from handle - reserved size 0 custom content metadata size 0
06-30 01:36:27.084 12755 16485 D SnapAlloc: Successfully mapped metadata 0x1
06-30 01:36:27.084   489  2137 I SnapAlloc: Using graphics libs for alignment calculations
06-30 01:36:27.085   489  2137 D SnapAlloc: from handle - reserved size 4076915048 custom content metadata size 0
06-30 01:36:27.086   489  2137 D SnapAlloc: Successfully mapped metadata 0x1
06-30 01:36:27.086   489  2137 D SnapAlloc: from handle - reserved size 0 custom content metadata size 0
06-30 01:36:27.086   489  2137 D SnapAlloc: Successfully mapped metadata 0x1
06-30 01:36:27.086 12755 16485 D SnapAlloc: from handle - reserved size 0 custom content metadata size 0
06-30 01:36:27.086 12755 16485 D SnapAlloc: Successfully mapped metadata 0x1
06-30 01:36:27.087   489   489 I SnapAlloc: Using graphics libs for alignment calculations
06-30 01:36:27.087   489   489 D SnapAlloc: from handle - reserved size 4287224480 custom content metadata size 0
06-30 01:36:27.087   489   489 D SnapAlloc: Successfully mapped metadata 0x1
06-30 01:36:27.087   489   489 D SnapAlloc: from handle - reserved size 0 custom content metadata size 0
06-30 01:36:27.087   489   489 D SnapAlloc: Successfully mapped metadata 0x1
06-30 01:36:27.088 12755 16485 D SnapAlloc: from handle - reserved size 0 custom content metadata size 0
06-30 01:36:27.089 12755 16485 D SnapAlloc: Successfully mapped metadata 0x1
06-30 01:36:27.089   489  2137 I SnapAlloc: Using graphics libs for alignment calculations
06-30 01:36:27.090   489  2137 D SnapAlloc: from handle - reserved size 4076915048 custom content metadata size 0
06-30 01:36:27.090   489  2137 D SnapAlloc: Successfully mapped metadata 0x1
06-30 01:36:27.090   489  2137 D SnapAlloc: from handle - reserved size 0 custom content metadata size 0
06-30 01:36:27.090   489  2137 D SnapAlloc: Successfully mapped metadata 0x1
06-30 01:36:27.091 12755 16485 D SnapAlloc: from handle - reserved size 0 custom content metadata size 0
06-30 01:36:27.091 12755 16485 D SnapAlloc: Successfully mapped metadata 0x1
06-30 01:36:27.094  2285  2373 V WindowManagerShell:  animated by firstHandler
06-30 01:36:27.139 15640 15968 I FontLog : (REDACTED) Received query %s, URI %s
06-30 01:36:27.142   493  3417 D SnapAlloc: from handle - reserved size 0 custom content metadata size 0
06-30 01:36:27.142   493  3417 D SnapAlloc: Successfully mapped metadata 0x1
06-30 01:36:27.142   493  3417 I SDM     : Using previously loaded IMapper library.
06-30 01:36:27.142   493  3417 D SnapAlloc: from handle - reserved size 0 custom content metadata size 0
06-30 01:36:27.142   493  3417 D SnapAlloc: Successfully mapped metadata 0x1
06-30 01:36:27.142   493  3417 I SDM     : Using previously loaded IMapper library.
06-30 01:36:27.150 15640 15968 I FontLog : (REDACTED) Query [%s] resolved to %s
06-30 01:36:27.159 15640 15968 I FontLog : (REDACTED) Font PFD returned from cache for %s
06-30 01:36:27.160 15640 15968 I FontLog : (REDACTED) Fetch %s end status %s
06-30 01:36:27.164 15640 16047 I FontLog : (REDACTED) Pulling font file for id = %d, cache size = %d
06-30 01:36:27.225   853  2603 I vendor.qti.bluetooth@1.0-ibs_handler: ProcessIbsCmd: Received IBS_WAKE_IND: 0xFD
06-30 01:36:27.226   853  2603 I vendor.qti.bluetooth@1.0-ibs_handler: ProcessIbsCmd: Writing IBS_WAKE_ACK
06-30 01:36:27.227 15640 16052 I FontLog : (REDACTED) Updating from directory version %d to %d from disk
06-30 01:36:27.228  2285  2303 W System  : A resource failed to call release. 
06-30 01:36:27.229  2188  2472 I bt_btm_pm: system/stack/acl/btm_pm.cc:648 btm_pm_proc_mode_change: Power mode switched from immediate:pending[4] to immediate:active[0]
06-30 01:36:27.229  2285  2303 W System  : A resource failed to call release. 
06-30 01:36:27.229  2285  2303 W System  : A resource failed to call release. 
06-30 01:36:27.249 15640 16044 I FontLog : (REDACTED) Using directory in FlatBuffer format
06-30 01:36:27.269   853  2603 I vendor.qti.bluetooth@1.0-ibs_handler: ProcessIbsCmd: Received IBS_SLEEP_IND: 0xFE
06-30 01:36:27.279   853  2603 I vendor.qti.bluetooth@1.0-ibs_handler: ProcessIbsCmd: Received IBS_WAKE_IND: 0xFD
06-30 01:36:27.279   853  2603 I vendor.qti.bluetooth@1.0-ibs_handler: ProcessIbsCmd: Writing IBS_WAKE_ACK
06-30 01:36:27.320   853  2603 I vendor.qti.bluetooth@1.0-ibs_handler: ProcessIbsCmd: Received IBS_SLEEP_IND: 0xFE
06-30 01:36:27.342   488   540 D SnapAlloc: from handle - reserved size 0 custom content metadata size 0
06-30 01:36:27.343   488   540 D SnapAlloc: Successfully mapped metadata 0x1
06-30 01:36:27.358  1719  1746 I ActivityTaskManager: Displayed com.google.android.apps.messaging/.confirmation.ConfirmationActivity for user 0: +533ms
06-30 01:36:27.361  2285  2671 V WindowManagerShell: onTransitionReady(transaction=7383048791909)
06-30 01:36:27.363  2285  2373 V WindowManagerShell: onTransitionReady (#290) android.os.BinderProxy@eaa21c3: {id=290 t=OPEN f=0x0 trk=0 r=[0@Point(0, 0)] c=[
06-30 01:36:27.363  2285  2373 V WindowManagerShell:         {m=OPEN f=FILLS_TASK leash=Surface(name=ActivityRecord{64802232 u0 com.google.android.apps.messaging/.confirmation.ConfirmationActivity t439}#613)/@0x223ab04 sb=Rect(0, 0 - 0, 0) eb=Rect(0, 0 - 384, 384) epz=Point(384, 384) d=-1->0 r=-1->0:-1 activity=ActivityTransitionInfo { component = ComponentInfo{com.google.android.apps.messaging/com.google.android.apps.messaging.confirmation.ConfirmationActivity}, taskId = 439, appCompatTransitionInfo = null } opt={t=CUSTOM enterResId=0 changeResId=0 exitResId=0 mUserId=0}},
06-30 01:36:27.363  2285  2373 V WindowManagerShell:         {m=CLOSE f=TRANSLUCENT|FILLS_TASK|IS_OCCLUDED leash=Surface(name=ActivityRecord{231915753 u0 com.google.android.apps.messaging/.send.SendMessageActivity t439}#609)/@0x6338ed sb=Rect(0, 0 - 384, 384) eb=Rect(0, 0 - 384, 384) epz=Point(384, 384) d=0 activity=ActivityTransitionInfo { component = ComponentInfo{com.google.android.apps.messaging/com.google.android.apps.messaging.send.SendMessageActivity}, taskId = 439, appCompatTransitionInfo = null } opt={t=CUSTOM enterResId=0 changeResId=0 exitResId=0 mUserId=0}},
06-30 01:36:27.363  2285  2373 V WindowManagerShell:         {m=TO_BACK f=NONE leash=Surface(name=Task=438#584)/@0x9e5a322 sb=Rect(0, 0 - 384, 384) eb=Rect(0, 0 - 384, 384) epz=Point(384, 384) d=0 taskParent=-1 winMode=1 userId=0}
06-30 01:36:27.363  2285  2373 V WindowManagerShell:     ]}
06-30 01:36:27.366  2285  2373 V WindowManagerShell: Transition (#290) android.os.BinderProxy@eaa21c3@0 ready while (#289) android.os.BinderProxy@3afe741@0 is still animating. Notify the animating transition in case they can be merged
06-30 01:36:27.367   489  2137 I SnapAlloc: Using graphics libs for alignment calculations
06-30 01:36:27.367   489  2137 E SnapAlloc: Failed to get format mapping to use mmm_color_fmt
06-30 01:36:27.367   489  2137 W SnapAlloc: Error while getting constraints from display libs width 192, height 192, format 0
06-30 01:36:27.367   489  2137 D SnapAlloc: from handle - reserved size 4076915048 custom content metadata size 0
06-30 01:36:27.367   489  2137 D SnapAlloc: Successfully mapped metadata 0x1
06-30 01:36:27.367   489  2137 D SnapAlloc: from handle - reserved size 0 custom content metadata size 0
06-30 01:36:27.367   489  2137 D SnapAlloc: Successfully mapped metadata 0x1
06-30 01:36:27.367   488   661 D SnapAlloc: from handle - reserved size 0 custom content metadata size 0
06-30 01:36:27.368   488   661 D SnapAlloc: Successfully mapped metadata 0x1
06-30 01:36:27.371  1719  1750 D SnapAlloc: from handle - reserved size 0 custom content metadata size 0
06-30 01:36:27.371  1719  1750 D SnapAlloc: Successfully mapped metadata 0x1
06-30 01:36:27.374  1719  1746 V WindowManager: Sent Transition (#290) createdAt=06-30 01:36:26.815 via request=TransitionRequestInfo { type = OPEN, triggerTask = TaskInfo{userId=0 taskId=439 effectiveUid=10100 displayId=0 isRunning=true baseIntent=Intent { act=com.google.android.apps.messaging.action.SEND_MESSAGE dat=smsto:xxxxxxxxxx flg=0x10808000 cmp=com.google.android.apps.messaging/.send.SendToProxyActivityWithPrivilege } baseActivity=ComponentInfo{com.google.android.apps.messaging/com.google.android.apps.messaging.send.SendMessageActivity} topActivity=ComponentInfo{com.google.android.apps.messaging/com.google.android.apps.messaging.confirmation.ConfirmationActivity} origActivity=ComponentInfo{com.google.android.apps.messaging/com.google.android.apps.messaging.send.SendToProxyActivityWithPrivilege} realActivity=ComponentInfo{com.google.android.apps.messaging/com.google.android.apps.messaging.send.SendToProxyActivity} realActivityIsAppLockEnabled=false numActivities=2 lastActiveTime=51806673 supportsMultiWindow=false supportsMultiWindowWithoutConstraints=false resizeMode=1 isResizeable=true minWidth=-1 minHeight=-1 defaultMinSize=220 token=WCT{RemoteToken{56de2ed Task{e3be73f #439 type=standard A=10100:com.google.android.apps.messaging}}} topActivityType=1 pictureInPictureParams=null shouldDockBigOverlays=false launchIntoPipHostTaskId=-1 lastParentTaskIdBeforePip=-1 displayCutoutSafeInsets=Rect(0, 0 - 0, 0) topActivityInfo=ActivityInfo{79b5856 com.google.android.apps.messaging.confirmation.ConfirmationActivity} launchCookies=[] positionInParent=Point(0, 0) parentTaskId=-1 isFocused=true isInteractive=true isVisible=true isVisibleRequested=true isTopActivityNoDisplay=false isSleeping=false locusId=null displayAreaFeatureId=1 isTopActivityTransparent=false isActivityStackTransparent=false lastNonFullscreenBounds=Rect(54, 54 - 330, 330) leafTaskBoundsFromOptions= false capturedLink=null capturedLinkTimestamp=0 requestedVisibleTypes=503 topActivityRequestOpenInBrowserEducationTimestamp=0 appCompatTaskInfo=AppCompatTaskInfo { topActivityInSizeCompat=false isLeafTask= true eligibleForLetterboxEducation= false isLetterboxEducationEnabled= false isLetterboxDoubleTapEnabled= false eligibleForUserAspectRatioButton= false topActivityBoundsLetterboxed= false isFromLetterboxDoubleTap= false topActivityLetterboxVerticalPosition= -1 topActivityLetterboxHorizontalPosition= -1 topActivityLetterboxWidth=-1 topActivityLetterboxHeight=-1 topActivityAppBounds=Rect(0, 0 - 384, 384) isUserFullscreenOverrideEnabled=false isSystemFullscreenOverrideEnabled=false hasMinAspectRatioOverride=false topActivityLetterboxBounds=null topNonResizableActivityAspectRatio=-1.0} topActivityMainWindowFrame=null isAppBubble=false}, pipChange = null, remoteTransitionInfo = null, displayChanges = null, requestedLocation = null, userChange = null, windowingLayerChange = null, fullscreenRequestChange = null, flags = 0, debugId = 290 }
06-30 01:36:27.375  1719  1746 V WindowManager:     startWCT=WindowContainerTransaction { changes= {} hops= [] flags= 0 errorCallbackToken=null taskFragmentOrganizer=null }
06-30 01:36:27.375  1719  1746 V WindowManager:     info={id=290 t=OPEN f=0x0 trk=0 r=[0@Point(0, 0)] c=[
06-30 01:36:27.375  1719  1746 V WindowManager:         {m=OPEN f=FILLS_TASK leash=Surface(name=ActivityRecord{64802232 u0 com.google.android.apps.messaging/.confirmation.ConfirmationActivity t439}#613)/@0x285ffb sb=Rect(0, 0 - 0, 0) eb=Rect(0, 0 - 384, 384) epz=Point(384, 384) d=-1->0 r=-1->0:-1 activity=ActivityTransitionInfo { component = ComponentInfo{com.google.android.apps.messaging/com.google.android.apps.messaging.confirmation.ConfirmationActivity}, taskId = 439, appCompatTransitionInfo = null } opt={t=CUSTOM enterResId=0 changeResId=0 exitResId=0 mUserId=0}},
06-30 01:36:27.375  1719  1746 V WindowManager:         {m=CLOSE f=TRANSLUCENT|FILLS_TASK|IS_OCCLUDED leash=Surface(name=ActivityRecord{231915753 u0 com.google.android.apps.messaging/.send.SendMessageActivity t439}#609)/@0x38370cc sb=Rect(0, 0 - 384, 384) eb=Rect(0, 0 - 384, 384) epz=Point(384, 384) d=0 activity=ActivityTransitionInfo { component = ComponentInfo{com.google.android.apps.messaging/com.google.android.apps.messaging.send.SendMessageActivity}, taskId = 439, appCompatTransitionInfo = null } opt={t=CUSTOM enterResId=0 changeResId=0 exitResId=0 mUserId=0}},
06-30 01:36:27.375  1719  1746 V WindowManager:         {WCT{RemoteToken{46095b1 Task{ed7527 #438 type=standard I=com.google.android.dialer/com.google.android.wearable.googledialer.homescreen.impl.ui.HomeScreenActivity}}} m=TO_BACK f=NONE leash=Surface(name=Task=438#584)/@0xa367b35 sb=Rect(0, 0 - 384, 384) eb=Rect(0, 0 - 384, 384) epz=Point(384, 384) d=0 taskParent=-1 winMode=1 userId=0}
06-30 01:36:27.375  1719  1746 V WindowManager:     ]}
06-30 01:36:27.382  2076  2097 D SnapAlloc: from handle - reserved size 0 custom content metadata size 0
06-30 01:36:27.382  2076  2097 D SnapAlloc: Successfully mapped metadata 0x1
06-30 01:36:27.383  2076  2076 E TaskSnapshot: getHardwareBuffer is deprecated!
06-30 01:36:27.421   488   542 D SnapAlloc: from handle - reserved size 0 custom content metadata size 0
06-30 01:36:27.421   488   542 D SnapAlloc: Successfully mapped metadata 0x1
06-30 01:36:27.424   488   540 D SnapAlloc: from handle - reserved size 0 custom content metadata size 0
06-30 01:36:27.424   488   540 D SnapAlloc: Successfully mapped metadata 0x1
06-30 01:36:27.426   488   661 D SnapAlloc: from handle - reserved size 0 custom content metadata size 0
06-30 01:36:27.426   488   661 D SnapAlloc: Successfully mapped metadata 0x1
06-30 01:36:27.516 12755 12759 I .apps.messaging: NativeAlloc concurrent mark compact GC freed 2120KB AllocSpace bytes, 2(40KB) LOS objects, 95% free, 5606KB/128MB, paused 10.109ms,6.212ms total 342.035ms
06-30 01:36:27.594   853  2603 I vendor.qti.bluetooth@1.0-ibs_handler: ProcessIbsCmd: Received IBS_WAKE_IND: 0xFD
06-30 01:36:27.594   853  2603 I vendor.qti.bluetooth@1.0-ibs_handler: ProcessIbsCmd: Writing IBS_WAKE_ACK
06-30 01:36:27.608  2285  2373 V WindowManagerShell: Transition animation finished (aborted=false), notifying core (#289) android.os.BinderProxy@3afe741@0
06-30 01:36:27.611 12755 12831 I BugleWearable: Phone app responded to request for path: /bugle/rpc/update_data/, elapsed time (ms): 754, correlationId: 553c6c7d-c27b-4ca2-9e6e-fdd6e338bccb [CONTEXT class_name="PairedPhoneProxy" ]
06-30 01:36:27.614  1719  1746 V WindowManager: Finish Transition (#289): created at 06-30 01:36:26.684 collect-started=0.051ms request-sent=8.062ms started=10.508ms ready=28.47ms sent=118.187ms commit=289.352ms finished=928.603ms
06-30 01:36:27.616 12755 12755 D VRI[SendToProxyActivityWithPrivilege]: visibilityChanged oldVisibility=true newVisibility=false
06-30 01:36:27.616  2285  2373 V WindowManagerShell: Playing animation for (#290) android.os.BinderProxy@eaa21c3@0
06-30 01:36:27.616  2285  2373 V WindowManagerShell:  try firstHandler com.google.android.clockwork.systemui.transition.shelltransition.WearMixedTransitionHandler@30ac255
06-30 01:36:27.622  2285  2373 W WearTransitions: Unexpected leftovers: [{m=TO_BACK f=NONE leash=Surface(name=Task=438#584)/@0x9e5a322 sb=Rect(0, 0 - 384, 384) eb=Rect(0, 0 - 384, 384) epz=Point(384, 384) d=0 taskParent=-1 winMode=1 userId=0}]
06-30 01:36:27.622  2285  2373 V WindowManagerShell:  animated by firstHandler
06-30 01:36:27.635   853  2603 I vendor.qti.bluetooth@1.0-ibs_handler: ProcessIbsCmd: Received IBS_SLEEP_IND: 0xFE
06-30 01:36:27.637 12755 12831 I BugleWearable: Marking capable node as online. [CONTEXT class_name="PairedPhoneNodeUpdater" ]
06-30 01:36:27.641 12755 12755 D WindowOnBackDispatcher: setTopOnBackInvokedCallback (unwrapped): null
06-30 01:36:27.641   853  2603 I vendor.qti.bluetooth@1.0-ibs_handler: ProcessIbsCmd: Received IBS_WAKE_IND: 0xFD
06-30 01:36:27.641   853  2603 I vendor.qti.bluetooth@1.0-ibs_handler: ProcessIbsCmd: Writing IBS_WAKE_ACK
06-30 01:36:27.645 12755 12755 D ViewRootImpl: Skipping stats log for color mode
06-30 01:36:27.651  1719  3326 W WindowManager: Failed looking up window session=Session{99db72 12755:u0a10100} callers=com.android.server.wm.WindowManagerService.windowForClient:87 com.android.server.wm.Session.setOnBackInvokedCallbackInfo:18 android.view.IWindowSession$Stub.onTransact:1101 
06-30 01:36:27.652  1719  3326 I WindowManager: setOnBackInvokedCallback(): No window state for package:com.google.android.apps.messaging
06-30 01:36:27.655 12755 12774 I BugleWearable: Phone app responded to request for path: /bugle/rpc/create_conversation/, elapsed time (ms): 774, correlationId: c883ce2a-1b57-4be7-816a-d5f465b3c517 [CONTEXT class_name="PairedPhoneProxy" ]
06-30 01:36:27.658 12755 12774 I BugleWearable: Marking capable node as online. [CONTEXT class_name="PairedPhoneNodeUpdater" ]
06-30 01:36:27.677   493  3417 D SnapAlloc: from handle - reserved size 0 custom content metadata size 0
06-30 01:36:27.677   493  3417 D SnapAlloc: Successfully mapped metadata 0x1
06-30 01:36:27.677   493  3417 I SDM     : Using previously loaded IMapper library.
06-30 01:36:27.677   493  3417 D SnapAlloc: from handle - reserved size 0 custom content metadata size 0
06-30 01:36:27.677   493  3417 D SnapAlloc: Successfully mapped metadata 0x1
06-30 01:36:27.677   493  3417 I SDM     : Using previously loaded IMapper library.
06-30 01:36:27.677   493  3417 D SnapAlloc: from handle - reserved size 0 custom content metadata size 0
06-30 01:36:27.677   493  3417 D SnapAlloc: Successfully mapped metadata 0x1
06-30 01:36:27.677   493  3417 I SDM     : Using previously loaded IMapper library.
06-30 01:36:27.691   853  2603 I vendor.qti.bluetooth@1.0-ibs_handler: ProcessIbsCmd: Received IBS_SLEEP_IND: 0xFE
06-30 01:36:27.693   493  3417 D SnapAlloc: from handle - reserved size 0 custom content metadata size 0
06-30 01:36:27.693   493  3417 D SnapAlloc: Successfully mapped metadata 0x1
06-30 01:36:27.709   493  3417 D SnapAlloc: from handle - reserved size 0 custom content metadata size 0
06-30 01:36:27.709   493  3417 D SnapAlloc: Successfully mapped metadata 0x1
06-30 01:36:27.713  1719  1933 I ImeTracker: com.google.android.apps.messaging:cdc2b5cd: onRequestHide at ORIGIN_SERVER reason HIDE_UNSPECIFIED_WINDOW fromUser false userId 0 displayId 0
06-30 01:36:27.716 12755 12755 D InsetsController: hide(ime())
06-30 01:36:27.716 12755 12755 I ImeTracker: com.google.android.apps.messaging:cdc2b5cd: onCancelled at PHASE_CLIENT_ALREADY_HIDDEN
06-30 01:36:27.721  2285  2303 W System  : A resource failed to call release. 
06-30 01:36:27.721  2285  2303 W System  : A resource failed to call release. 
06-30 01:36:27.721  2285  2303 W System  : A resource failed to call release. 
06-30 01:36:27.721  2285  2303 W System  : A resource failed to call release. 
06-30 01:36:27.726   493  3417 D SnapAlloc: from handle - reserved size 0 custom content metadata size 0
06-30 01:36:27.726   493  3417 D SnapAlloc: Successfully mapped metadata 0x1
06-30 01:36:28.046 16255 16261 W d.process.acore: Cleared Reference was only reachable from finalizer (only reported once)
06-30 01:36:28.143  2285  2373 V WindowManagerShell: Transition animation finished (aborted=false), notifying core (#290) android.os.BinderProxy@eaa21c3@0
06-30 01:36:28.151  1719  1746 V WindowManager: Finish Transition (#290): created at 06-30 01:36:26.815 collect-started=0.049ms request-sent=5.156ms started=11.326ms ready=21.273ms sent=536.015ms commit=274.584ms finished=1335.441ms
06-30 01:36:28.152 11188 11188 D VRI[OutgoingDialpadActivity]: visibilityChanged oldVisibility=true newVisibility=false
06-30 01:36:28.152 12755 12755 D VRI[SendMessageActivity]: visibilityChanged oldVisibility=true newVisibility=false
06-30 01:36:28.154  2285  2373 V WindowManagerShell: Track 0 became idle
06-30 01:36:28.154  2285  2373 V WindowManagerShell: All active transition animations finished
06-30 01:36:28.183  1719  2048 I Surface : Creating surface for consumer unnamed-1719-26 with slotExpansion=1 for 64 slots
06-30 01:36:28.183  1719  2048 I Surface : Creating surface for consumer ImageReader-192x192f4m1-1719-26 with slotExpansion=1 for 64 slots
06-30 01:36:28.183  1719  2048 W ImageReader_JNI: Unable to acquire a buffer item, very likely client tried to acquire more than maxImages buffers
06-30 01:36:28.186  1719  2048 E ConsumerBase: [ImageReader-192x192f4m1-1719-26] abandonLocked: ConsumerBase is abandoned!
06-30 01:36:28.198 12755 12755 D WindowOnBackDispatcher: setTopOnBackInvokedCallback (unwrapped): null
06-30 01:36:28.200  1719  2163 D CoreBackPreview: Window{b53fad2 u0 com.google.android.apps.messaging/com.google.android.apps.messaging.send.SendMessageActivity}: Setting back callback null
06-30 01:36:28.203 12755 12755 D ViewRootImpl: Skipping stats log for color mode
06-30 01:36:28.217 11188 11224 V ClearcutMetricXmitter: Transmission is done.
06-30 01:36:28.219 11188 11188 D WindowOnBackDispatcher: setTopOnBackInvokedCallback (unwrapped): null
06-30 01:36:28.220  1719  3326 D CoreBackPreview: Window{e19ddea u0 com.google.android.dialer/com.google.android.wearable.googledialer.dialpad.outgoingdialpad.impl.ui.OutgoingDialpadActivity}: Setting back callback null
06-30 01:36:28.226 11188 11188 D ViewRootImpl: Skipping stats log for color mode
06-30 01:36:28.410 11188 11224 V ClearcutMetricXmitter: Transmission is done.
06-30 01:36:28.411 11188 11224 V ClearcutMetricXmitter: Transmission is done.
06-30 01:36:28.411 11188 11224 V ClearcutMetricXmitter: Transmission is done.
06-30 01:36:28.413 11188 11224 V ClearcutMetricXmitter: Transmission is done.
06-30 01:36:28.414 11188 11224 V ClearcutMetricXmitter: Transmission is done.
06-30 01:36:28.414 11188 11224 V ClearcutMetricXmitter: Transmission is done.
06-30 01:36:28.415 11188 11224 V ClearcutMetricXmitter: Transmission is done.
06-30 01:36:28.416 11188 11224 V ClearcutMetricXmitter: Transmission is done.
06-30 01:36:28.416 11188 11224 V ClearcutMetricXmitter: Transmission is done.
06-30 01:36:28.417 11188 11224 V ClearcutMetricXmitter: Transmission is done.
06-30 01:36:28.418 11188 11224 V ClearcutMetricXmitter: Transmission is done.
06-30 01:36:28.418 11188 11224 V ClearcutMetricXmitter: Transmission is done.
06-30 01:36:28.433 12755 12783 I BugleNetwork: Start tachygram channels binding.
06-30 01:36:28.435 12755 16479 I BugleNetwork: No TG identities in CTC, skipping channel binding.
06-30 01:36:28.635   391   416 E pixelstats-uevent: Unable to read  - No such file or directory
06-30 01:36:28.648   853  2607 I vendor.qti.bluetooth@1.0-ibs_handler: DeviceSleep: TX Awake, Sending SLEEP_IND
06-30 01:36:28.649   853  2607 D vendor.qti.bluetooth@1.0-ibs_handler: SerialClockVote: vote for UART CLK OFF
06-30 01:36:28.649   853  2607 D vendor.qti.bluetooth@1.0-uart_transport: ClockOperation: USERIAL_OP_CLK_OFF - after sys fs write-ret:4
06-30 01:36:28.667  1435  1435 E BatteryDefender: Failed to read /sys/devices/platform/google,charger/bd_state
06-30 01:36:28.682  1435  1435 E BatteryDefender: Failed to read /sys/devices/platform/google,charger/bd_state
06-30 01:36:28.801   853  2495 D vendor.qti.bluetooth@1.0-wake_lock: Release wakelock is released 
06-30 01:36:29.005  1226  1226 I adbd    : adbd service requested 'shell,v2,TERM=xterm-256color,raw:dumpsys activity activities'
06-30 01:36:29.112  1226  1226 I adbd    : adbd service requested 'shell,v2,TERM=xterm-256color:export ANDROID_LOG_TAGS=''; exec logcat '-d' '-t' '30''
06-30 01:36:29.201  1719  2003 I AdbWifiNetworkMonitor: Wi-Fi network available
06-30 01:36:29.202  1719  2003 I AdbWifiNetworkMonitor: Received the same Wi-Fi SSID. Ignoring.
06-30 01:36:29.204  1719  1967 I HalDevMgr: bestIfaceCreationProposal is null, requestIface=STA, existingIface=[name=wlan0 type=STA]
06-30 01:36:29.208  2637  2987 D DeviceStateHelper: Wifi freq: 2412
06-30 01:36:29.210  2304  2982 D QCNEJ/NativeAidlConnector: -> SND notifyDefaultNetworkChanged(1)
06-30 01:36:29.210  2304  2982 D cneJni  : sendDefaultNwMsg start
06-30 01:36:29.214  2304  2982 D cneJni  : sendWifiStatus start
06-30 01:36:29.214  3468  3688 W EdorasConnMonitorState: unhandled onNetworkConnected
06-30 01:36:29.261   853  2603 I vendor.qti.bluetooth@1.0-ibs_handler: ProcessIbsCmd: Received IBS_WAKE_IND: 0xFD
06-30 01:36:29.261   853  2603 D vendor.qti.bluetooth@1.0-ibs_handler: SerialClockVote: vote for UART CLK ON
06-30 01:36:29.262   853  2603 D vendor.qti.bluetooth@1.0-uart_transport: ClockOperation: USERIAL_OP_CLK_ON - after sys fs write-ret:4
06-30 01:36:29.262   853  2603 D vendor.qti.bluetooth@1.0-wake_lock: Acquire wakelock is acquired 
06-30 01:36:29.262   853  2603 I vendor.qti.bluetooth@1.0-ibs_handler: ProcessIbsCmd: Writing IBS_WAKE_ACK
06-30 01:36:29.273   853   861 I vendor.qti.bluetooth@1.0-ibs_handler: DeviceWakeUp: Writing IBS_WAKE_IND
06-30 01:36:29.274   853  2603 I vendor.qti.bluetooth@1.0-ibs_handler: ProcessIbsCmd: Received IBS_WAKE_ACK: 0xFC
06-30 01:36:29.275   853  2603 I vendor.qti.bluetooth@1.0-ibs_handler: ProcessIbsCmd: Signal wack_cond_
06-30 01:36:29.275   853   861 D vendor.qti.bluetooth@1.0-ibs_handler: DeviceWakeUp: Unblocked from waiting for FC, pthread_cond_timedwait ret = 0
06-30 01:36:29.311   853  2603 I vendor.qti.bluetooth@1.0-ibs_handler: ProcessIbsCmd: Received IBS_SLEEP_IND: 0xFE
06-30 01:36:29.312   853  2603 I vendor.qti.bluetooth@1.0-ibs_handler: ProcessIbsCmd: Received IBS_WAKE_IND: 0xFD
06-30 01:36:29.312   853  2603 I vendor.qti.bluetooth@1.0-ibs_handler: ProcessIbsCmd: Writing IBS_WAKE_ACK
06-30 01:36:29.374   853  2603 I vendor.qti.bluetooth@1.0-ibs_handler: ProcessIbsCmd: Received IBS_SLEEP_IND: 0xFE
06-30 01:36:29.388   853  2603 I vendor.qti.bluetooth@1.0-ibs_handler: ProcessIbsCmd: Received IBS_WAKE_IND: 0xFD
06-30 01:36:29.388   853  2603 I vendor.qti.bluetooth@1.0-ibs_handler: ProcessIbsCmd: Writing IBS_WAKE_ACK
06-30 01:36:29.440   853  2603 I vendor.qti.bluetooth@1.0-ibs_handler: ProcessIbsCmd: Received IBS_SLEEP_IND: 0xFE
06-30 01:36:29.455   853  2603 I vendor.qti.bluetooth@1.0-ibs_handler: ProcessIbsCmd: Received IBS_WAKE_IND: 0xFD
06-30 01:36:29.455   853  2603 I vendor.qti.bluetooth@1.0-ibs_handler: ProcessIbsCmd: Writing IBS_WAKE_ACK
06-30 01:36:29.476  1719  3504 E TaskPersister: File error accessing recents directory (directory doesn't exist?).
06-30 01:36:29.521   853  2603 I vendor.qti.bluetooth@1.0-ibs_handler: ProcessIbsCmd: Received IBS_SLEEP_IND: 0xFE
06-30 01:36:29.565   853  2603 I vendor.qti.bluetooth@1.0-ibs_handler: ProcessIbsCmd: Received IBS_WAKE_IND: 0xFD
06-30 01:36:29.565   853  2603 I vendor.qti.bluetooth@1.0-ibs_handler: ProcessIbsCmd: Writing IBS_WAKE_ACK
06-30 01:36:29.626   853  2603 I vendor.qti.bluetooth@1.0-ibs_handler: ProcessIbsCmd: Received IBS_SLEEP_IND: 0xFE
06-30 01:36:29.632   853  2603 I vendor.qti.bluetooth@1.0-ibs_handler: ProcessIbsCmd: Received IBS_WAKE_IND: 0xFD
06-30 01:36:29.633   853  2603 I vendor.qti.bluetooth@1.0-ibs_handler: ProcessIbsCmd: Writing IBS_WAKE_ACK
06-30 01:36:29.698   853  2603 I vendor.qti.bluetooth@1.0-ibs_handler: ProcessIbsCmd: Received IBS_SLEEP_IND: 0xFE
06-30 01:36:29.703   853  2603 I vendor.qti.bluetooth@1.0-ibs_handler: ProcessIbsCmd: Received IBS_WAKE_IND: 0xFD
06-30 01:36:29.703   853  2603 I vendor.qti.bluetooth@1.0-ibs_handler: ProcessIbsCmd: Writing IBS_WAKE_ACK
06-30 01:36:29.755 12755 16223 I GoogleSignatureVerifier: package info is not set correctly
06-30 01:36:29.757   853  2603 I vendor.qti.bluetooth@1.0-ibs_handler: ProcessIbsCmd: Received IBS_SLEEP_IND: 0xFE
06-30 01:36:30.125   853  2603 I vendor.qti.bluetooth@1.0-ibs_handler: ProcessIbsCmd: Received IBS_WAKE_IND: 0xFD
06-30 01:36:30.125   853  2603 I vendor.qti.bluetooth@1.0-ibs_handler: ProcessIbsCmd: Writing IBS_WAKE_ACK
06-30 01:36:30.139 15640 15653 W NearbyShared: BTConnStateMgr: tryReconnectProxy reconnect profile 2 failed. Latency=275986ms
06-30 01:36:30.139 15640 15653 W NearbyShared: ijh: The completer object was garbage collected - this future would otherwise never complete. The tag was: BluetoothDeviceConnectionStateManager:tryReconnectProxy
06-30 01:36:30.140 15640 15653 W System  : A resource failed to call close. 
06-30 01:36:30.200   853  2603 I vendor.qti.bluetooth@1.0-ibs_handler: ProcessIbsCmd: Received IBS_SLEEP_IND: 0xFE
06-30 01:36:30.210   853  2603 I vendor.qti.bluetooth@1.0-ibs_handler: ProcessIbsCmd: Received IBS_WAKE_IND: 0xFD
06-30 01:36:30.211   853  2603 I vendor.qti.bluetooth@1.0-ibs_handler: ProcessIbsCmd: Writing IBS_WAKE_ACK
06-30 01:36:30.278   853  2603 I vendor.qti.bluetooth@1.0-ibs_handler: ProcessIbsCmd: Received IBS_SLEEP_IND: 0xFE
06-30 01:36:30.280   853  2603 I vendor.qti.bluetooth@1.0-ibs_handler: ProcessIbsCmd: Received IBS_WAKE_IND: 0xFD
06-30 01:36:30.281   853  2603 I vendor.qti.bluetooth@1.0-ibs_handler: ProcessIbsCmd: Writing IBS_WAKE_ACK
06-30 01:36:30.340   853  2603 I vendor.qti.bluetooth@1.0-ibs_handler: ProcessIbsCmd: Received IBS_SLEEP_IND: 0xFE
06-30 01:36:30.347   853  2603 I vendor.qti.bluetooth@1.0-ibs_handler: ProcessIbsCmd: Received IBS_WAKE_IND: 0xFD
06-30 01:36:30.347   853  2603 I vendor.qti.bluetooth@1.0-ibs_handler: ProcessIbsCmd: Writing IBS_WAKE_ACK
06-30 01:36:30.401   853  2603 I vendor.qti.bluetooth@1.0-ibs_handler: ProcessIbsCmd: Received IBS_SLEEP_IND: 0xFE
06-30 01:36:30.449   853  2603 I vendor.qti.bluetooth@1.0-ibs_handler: ProcessIbsCmd: Received IBS_WAKE_IND: 0xFD
06-30 01:36:30.449   853  2603 I vendor.qti.bluetooth@1.0-ibs_handler: ProcessIbsCmd: Writing IBS_WAKE_ACK
06-30 01:36:30.494   853  2603 I vendor.qti.bluetooth@1.0-ibs_handler: ProcessIbsCmd: Received IBS_SLEEP_IND: 0xFE
06-30 01:36:30.497   853  2603 I vendor.qti.bluetooth@1.0-ibs_handler: ProcessIbsCmd: Received IBS_WAKE_IND: 0xFD
06-30 01:36:30.497   853  2603 I vendor.qti.bluetooth@1.0-ibs_handler: ProcessIbsCmd: Writing IBS_WAKE_ACK
06-30 01:36:30.551   853  2603 I vendor.qti.bluetooth@1.0-ibs_handler: ProcessIbsCmd: Received IBS_SLEEP_IND: 0xFE
06-30 01:36:30.557   853  2603 I vendor.qti.bluetooth@1.0-ibs_handler: ProcessIbsCmd: Received IBS_WAKE_IND: 0xFD
06-30 01:36:30.557   853  2603 I vendor.qti.bluetooth@1.0-ibs_handler: ProcessIbsCmd: Writing IBS_WAKE_ACK
06-30 01:36:30.625   853  2603 I vendor.qti.bluetooth@1.0-ibs_handler: ProcessIbsCmd: Received IBS_SLEEP_IND: 0xFE
06-30 01:36:30.631   853  2603 I vendor.qti.bluetooth@1.0-ibs_handler: ProcessIbsCmd: Received IBS_WAKE_IND: 0xFD
06-30 01:36:30.632   853  2603 I vendor.qti.bluetooth@1.0-ibs_handler: ProcessIbsCmd: Writing IBS_WAKE_ACK
06-30 01:36:30.673   853  2603 I vendor.qti.bluetooth@1.0-ibs_handler: ProcessIbsCmd: Received IBS_SLEEP_IND: 0xFE
06-30 01:36:31.024 12755 12755 I BugleWearable: Finishing activity. [CONTEXT class_name="ConfirmationActivityPeer" ]
06-30 01:36:31.030  2285  2373 V WindowManagerShell: Transition requested (#291): android.os.BinderProxy@cfd5e46 TransitionRequestInfo { type = CLOSE, triggerTask = TaskInfo{userId=0 taskId=439 effectiveUid=10100 displayId=0 isRunning=false baseIntent=Intent { act=com.google.android.apps.messaging.action.SEND_MESSAGE dat=smsto:xxxxxxxxxx flg=0x10808000 cmp=com.google.android.apps.messaging/.send.SendToProxyActivityWithPrivilege } baseActivity=null topActivity=null origActivity=ComponentInfo{com.google.android.apps.messaging/com.google.android.apps.messaging.send.SendToProxyActivityWithPrivilege} realActivity=ComponentInfo{com.google.android.apps.messaging/com.google.android.apps.messaging.send.SendToProxyActivity} realActivityIsAppLockEnabled=false numActivities=0 lastActiveTime=51806690 supportsMultiWindow=false supportsMultiWindowWithoutConstraints=false resizeMode=1 isResizeable=true minWidth=-1 minHeight=-1 defaultMinSize=220 token=WCT{android.os.BinderProxy@e9667d1} topActivityType=1 pictureInPictureParams=null shouldDockBigOverlays=false launchIntoPipHostTaskId=-1 lastParentTaskIdBeforePip=-1 displayCutoutSafeInsets=Rect(0, 0 - 0, 0) topActivityInfo=null launchCookies=[] positionInParent=Point(0, 0) parentTaskId=-1 isFocused=true isInteractive=true isVisible=true isVisibleRequested=true isTopActivityNoDisplay=false isSleeping=false locusId=null displayAreaFeatureId=1 isTopActivityTransparent=false isActivityStackTransparent=true lastNonFullscreenBounds=Rect(54, 54 - 330, 330) leafTaskBoundsFromOptions= false capturedLink=null capturedLinkTimestamp=0 requestedVisibleTypes=503 topActivityRequestOpenInBrowserEducationTimestamp=0 appCompatTaskInfo=AppCompatTaskInfo { topActivityInSizeCompat=false isLeafTask= true eligibleForLetterboxEducation= false isLetterboxEducationEnabled= false isLetterboxDoubleTapEnabled= false eligibleForUserAspectRatioButton= false topActivityBoundsLetterboxed= false isFromLetterboxDoubleTap= false topActivityLetterboxVerticalPosition= -1 topActivityLetterboxHorizontalPosition= -1 topActivityLetterboxWidth=-1 topActivityLetterboxHeight=-1 topActivityAppBounds=Rect(0, 0 - 0, 0) isUserFullscreenOverrideEnabled=false isSystemFullscreenOverrideEnabled=false hasMinAspectRatioOverride=false topActivityLetterboxBounds=null topNonResizableActivityAspectRatio=-1.0} topActivityMainWindowFrame=null isAppBubble=false}, pipChange = null, remoteTransitionInfo = null, displayChanges = null, requestedLocation = null, userChange = null, windowingLayerChange = null, fullscreenRequestChange = null, flags = 0, debugId = 291 }
06-30 01:36:31.047 11188 11188 D ViewRootImpl: Skipping stats log for color mode
06-30 01:36:31.052  1719  2163 D ConnectivityService: requestNetwork for uid/pid:10072/11188 activeRequest: null callbackRequest: 316 [NetworkRequest [ REQUEST id=317, [ Capabilities: INTERNET&NOT_RESTRICTED&TRUSTED&NOT_VCN_MANAGED&NOT_BANDWIDTH_CONSTRAINED Uid: 10072 RequestorUid: 10072 RequestorPkg: com.google.android.dialer UnderlyingNetworks: Null] ]] callback flags: 0 order: 2147483647 isUidTracked: false declaredMethods: AVAIL|LOST
06-30 01:36:31.057  1719  1974 D NetworkRequestStateStatsMetrics: Registered nr with ID = 317, package_uid = 10072
06-30 01:36:31.060  2285  2285 I DisplayOffloadManager: updateTopActivity: taskId = 439; activityToFront=null
06-30 01:36:31.062  1719  3674 W DisplayOffload: updateTopActivity: activityToFront is null; no-ops.
06-30 01:36:31.064  1719  3674 D WindowManager: setClientSurface Surface(name=VRI-com.google.android.dialer/com.google.android.wearable.googledialer.homescreen.impl.ui.HomeScreenActivity#629)/@0xbb81d8d for 1137806 com.google.android.dialer/com.google.android.wearable.googledialer.homescreen.impl.ui.HomeScreenActivity
06-30 01:36:31.064  1719  1719 D WEAR_NETWORK_OBSERVER: got request NetworkRequest [ REQUEST id=317, [ Capabilities: INTERNET&NOT_RESTRICTED&TRUSTED&NOT_VCN_MANAGED&NOT_BANDWIDTH_CONSTRAINED Uid: 10072 RequestorUid: 10072 RequestorPkg: com.google.android.dialer UnderlyingNetworks: Null] ]
06-30 01:36:31.065  1719  1967 D WifiNetworkFactory: got request NetworkRequest [ REQUEST id=317, [ Capabilities: INTERNET&NOT_RESTRICTED&TRUSTED&NOT_VCN_MANAGED&NOT_BANDWIDTH_CONSTRAINED Uid: 10072 RequestorUid: 10072 RequestorPkg: com.google.android.dialer UnderlyingNetworks: Null] ]
06-30 01:36:31.066  1719  1967 D UntrustedWifiNetworkFactory: got request NetworkRequest [ REQUEST id=317, [ Capabilities: INTERNET&NOT_RESTRICTED&TRUSTED&NOT_VCN_MANAGED&NOT_BANDWIDTH_CONSTRAINED Uid: 10072 RequestorUid: 10072 RequestorPkg: com.google.android.dialer UnderlyingNetworks: Null] ]
06-30 01:36:31.066  1719  1967 D OemPaidWifiNetworkFactory: got request NetworkRequest [ REQUEST id=317, [ Capabilities: INTERNET&NOT_RESTRICTED&TRUSTED&NOT_VCN_MANAGED&NOT_BANDWIDTH_CONSTRAINED Uid: 10072 RequestorUid: 10072 RequestorPkg: com.google.android.dialer UnderlyingNetworks: Null] ]
06-30 01:36:31.066 11188 11188 I Surface : Creating surface for consumer unnamed-11188-13 with slotExpansion=1 for 64 slots
06-30 01:36:31.066  1719  1967 D MultiInternetWifiNetworkFactory: got request NetworkRequest [ REQUEST id=317, [ Capabilities: INTERNET&NOT_RESTRICTED&TRUSTED&NOT_VCN_MANAGED&NOT_BANDWIDTH_CONSTRAINED Uid: 10072 RequestorUid: 10072 RequestorPkg: com.google.android.dialer UnderlyingNetworks: Null] ]
06-30 01:36:31.067  1719  1974 D ConnectivityService: NetReassign [317 : null → 108] [c 2] [a 2] [i 6]
06-30 01:36:31.067 11188 11188 I Surface : Creating surface for consumer VRI[HomeScreenActivity]#13(BLAST Consumer)13 with slotExpansion=1 for 64 slots
06-30 01:36:31.068 11188 12083 I AdrenoGLES-0: QUALCOMM build                   : 3656bb992e, I0abb6f342e
06-30 01:36:31.068 11188 12083 I AdrenoGLES-0: Build Date                       : 09/08/25
06-30 01:36:31.068 11188 12083 I AdrenoGLES-0: OpenGL ES Shader Compiler Version: E031.47.18.42
06-30 01:36:31.068 11188 12083 I AdrenoGLES-0: Local Branch                     : 
06-30 01:36:31.068 11188 12083 I AdrenoGLES-0: Remote Branch                    : refs/tags/AU_LINUX_ANDROID_LA.VENDOR.15.4.1.11.00.00.1186.254
06-30 01:36:31.068 11188 12083 I AdrenoGLES-0: Remote Branch                    : NONE
06-30 01:36:31.068 11188 12083 I AdrenoGLES-0: Reconstruct Branch               : NOTHING
06-30 01:36:31.068 11188 12083 I AdrenoGLES-0: Build Config                     : S P 18.0.0 AArch32
06-30 01:36:31.069 11188 12083 I AdrenoGLES-0: Driver Path                      : /vendor/lib/egl/libGLESv2_adreno.so
06-30 01:36:31.069 11188 12083 I AdrenoGLES-0: Driver Version                   : 0800.56
06-30 01:36:31.069 11188 12083 I AdrenoGLES-0: Process Name                     : com.google.android.dialer
06-30 01:36:31.072 11188 11224 V ClearcutMetricXmitter: Transmission is done.
06-30 01:36:31.091 11188 12083 I AdrenoGLES-0: PFP: 0x017aa048, ME: 0x00000000
06-30 01:36:31.111   489  2137 I SnapAlloc: Using graphics libs for alignment calculations
06-30 01:36:31.112   489  2137 D SnapAlloc: from handle - reserved size 4076915048 custom content metadata size 0
06-30 01:36:31.112   489  2137 D SnapAlloc: Successfully mapped metadata 0x1
06-30 01:36:31.112   489  2137 D SnapAlloc: from handle - reserved size 0 custom content metadata size 0
06-30 01:36:31.112   489  2137 D SnapAlloc: Successfully mapped metadata 0x1
06-30 01:36:31.113 11188 16500 D SnapAlloc: from handle - reserved size 0 custom content metadata size 0
06-30 01:36:31.113 11188 16500 D SnapAlloc: Successfully mapped metadata 0x1
06-30 01:36:31.114   489  2137 I SnapAlloc: Using graphics libs for alignment calculations
06-30 01:36:31.114   489  2137 D SnapAlloc: from handle - reserved size 4076915048 custom content metadata size 0
06-30 01:36:31.114   489  2137 D SnapAlloc: Successfully mapped metadata 0x1
06-30 01:36:31.114   489  2137 D SnapAlloc: from handle - reserved size 0 custom content metadata size 0
06-30 01:36:31.115   489  2137 D SnapAlloc: Successfully mapped metadata 0x1
06-30 01:36:31.115 11188 16500 D SnapAlloc: from handle - reserved size 0 custom content metadata size 0
06-30 01:36:31.115 11188 16500 D SnapAlloc: Successfully mapped metadata 0x1
06-30 01:36:31.116   489  2137 I SnapAlloc: Using graphics libs for alignment calculations
06-30 01:36:31.116   489  2137 D SnapAlloc: from handle - reserved size 4076915048 custom content metadata size 0
06-30 01:36:31.116   489  2137 D SnapAlloc: Successfully mapped metadata 0x1
06-30 01:36:31.116   489  2137 D SnapAlloc: from handle - reserved size 0 custom content metadata size 0
06-30 01:36:31.116   489  2137 D SnapAlloc: Successfully mapped metadata 0x1
06-30 01:36:31.117 11188 16500 D SnapAlloc: from handle - reserved size 0 custom content metadata size 0
06-30 01:36:31.117 11188 16500 D SnapAlloc: Successfully mapped metadata 0x1
06-30 01:36:31.117   489  2137 I SnapAlloc: Using graphics libs for alignment calculations
06-30 01:36:31.117   489  2137 D SnapAlloc: from handle - reserved size 4076915048 custom content metadata size 0
06-30 01:36:31.117   489  2137 D SnapAlloc: Successfully mapped metadata 0x1
06-30 01:36:31.118   489  2137 D SnapAlloc: from handle - reserved size 0 custom content metadata size 0
06-30 01:36:31.118   489  2137 D SnapAlloc: Successfully mapped metadata 0x1
06-30 01:36:31.118 11188 16500 D SnapAlloc: from handle - reserved size 0 custom content metadata size 0
06-30 01:36:31.118 11188 16500 D SnapAlloc: Successfully mapped metadata 0x1
06-30 01:36:31.150  2076  2484 W SysUI   : [RecentTasksLauncherRepo]getRecentApps matched with a Launcher Activity in the task TaskInfo{userId=0 taskId=438 effectiveUid=10072 displayId=0 isRunning=true baseIntent=Intent { act=android.intent.action.DIAL dat=tel:xxxxxxxxxxx flg=0x10000000 cmp=com.google.android.dialer/com.google.android.wearable.googledialer.homescreen.impl.ui.HomeScreenActivity } baseActivity=ComponentInfo{com.google.android.dialer/com.google.android.wearable.googledialer.homescreen.impl.ui.HomeScreenActivity} topActivity=ComponentInfo{com.google.android.dialer/com.google.android.wearable.googledialer.homescreen.impl.ui.HomeScreenActivity} origActivity=null realActivity=ComponentInfo{com.google.android.dialer/com.google.android.wearable.googledialer.homescreen.impl.ui.HomeScreenActivity} realActivityIsAppLockEnabled=false numActivities=1 lastActiveTime=51810895 supportsMultiWindow=false supportsMultiWindowWithoutConstraints=false resizeMode=1 isResizeable=true minWidth=-1 minHeight=-1 defaultMinSize=220 token=WCT{android.os.BinderProxy@f786ee6} topActivityType=1 pictureInPictureParams=null shouldDockBigOverlays=false launchIntoPipHostTaskId=-1 lastParentTaskIdBeforePip=-1 displayCutoutSafeInsets=Rect(0, 0 - 0, 0) topActivityInfo=ActivityInfo{3426793 com.google.android.wearable.googledialer.homescreen.impl.ui.HomeScreenActivity} launchCookies=[] positionInParent=Point(0, 0) parentTaskId=-1 isFocused=true isInteractive=true isVisible=false isVisibleRequested=true isTopActivityNoDisplay=false isSleeping=false locusId=null displayAreaFeatureId=1 isTopActivityTransparent=false isActivityStackTransparent=false lastNonFullscreenBounds=Rect(54, 54 - 330, 330) leafTaskBoundsFromOptions= false capturedLink=null capturedLinkTimestamp=0 requestedVisibleTypes=503 topActivityRequestOpenInBrowserEducationTimestamp=0 appCompatTaskInfo=AppCompatTaskInfo { topActivityInSizeCompat=false isLeafTask= true eligibleForLetterboxEducation= false isLetterboxEducationEnabled= false isLetterboxDoubleTapEnabled= false eligibleForUserAspectRatioButton= false topActivityBoundsLetterboxed= false isFromLetterboxDoubleTap= false topActivityLetterboxVerticalPosition= -1 topActivityLetterboxHorizontalPosition= -1 topActivityLetterboxWidth=-1 topActivityLetterboxHeight=-1 topActivityAppBounds=Rect(0, 0 - 384, 384) isUserFullscreenOverrideEnabled=false isSystemFullscreenOverrideEnabled=false hasMinAspectRatioOverride=false topActivityLetterboxBounds=null topNonResizableActivityAspectRatio=-1.0} topActivityMainWindowFrame=null isAppBubble=false} == ActivityLauncherApp(label=Phone, activity=ComponentInfo{com.google.android.dialer/com.google.android.wearable.googledialer.homescreen.impl.ui.HomeScreenActivity}, launcherIconRequest=AllAppsLauncherIconRequest(packageName=com.google.android.dialer, activityName=com.google.android.wearable.googledialer.homescreen.impl.ui.HomeScreenActivity, isDefaultApp=false), loadLauncherIcon=ioi@883eed4)
06-30 01:36:31.151  2076  2484 W SysUI   : [RecentTasksLauncherRepo]getRecentApps matched with a Launcher Activity in the task TaskInfo{userId=0 taskId=435 effectiveUid=1000 displayId=0 isRunning=true baseIntent=Intent { act=android.intent.action.MAIN cat=[android.intent.category.LAUNCHER] flg=0x10000000 cmp=com.google.android.apps.wearable.settings/com.google.android.clockwork.settings.MainSettingsActivity } baseActivity=ComponentInfo{com.google.android.apps.wearable.settings/com.google.android.clockwork.settings.MainSettingsActivity} topActivity=ComponentInfo{com.google.android.apps.wearable.settings/com.google.android.clockwork.settings.MainSettingsActivity} origActivity=null realActivity=ComponentInfo{com.google.android.apps.wearable.settings/com.google.android.clockwork.settings.MainSettingsActivity} realActivityIsAppLockEnabled=false numActivities=1 lastActiveTime=51746088 supportsMultiWindow=false supportsMultiWindowWithoutConstraints=false resizeMode=1 isResizeable=true minWidth=-1 minHeight=-1 defaultMinSize=220 token=WCT{android.os.BinderProxy@775cfa} topActivityType=1 pictureInPictureParams=null shouldDockBigOverlays=false launchIntoPipHostTaskId=-1 lastParentTaskIdBeforePip=-1 displayCutoutSafeInsets=Rect(0, 0 - 0, 0) topActivityInfo=ActivityInfo{d8713d0 com.google.android.clockwork.settings.MainSettingsActivity} launchCookies=[] positionInParent=Point(0, 0) parentTaskId=-1 isFocused=false isInteractive=false isVisible=false isVisibleRequested=false isTopActivityNoDisplay=false isSleeping=false locusId=null displayAreaFeatureId=1 isTopActivityTransparent=false isActivityStackTransparent=false lastNonFullscreenBounds=Rect(54, 54 - 330, 330) leafTaskBoundsFromOptions= false capturedLink=null capturedLinkTimestamp=0 requestedVisibleTypes=503 topActivityRequestOpenInBrowserEducationTimestamp=0 appCompatTaskInfo=AppCompatTaskInfo { topActivityInSizeCompat=false isLeafTask= true eligibleForLetterboxEducation= false isLetterboxEducationEnabled= false isLetterboxDoubleTapEnabled= false eligibleForUserAspectRatioButton= false topActivityBoundsLetterboxed= false isFromLetterboxDoubleTap= false topActivityLetterboxVerticalPosition= -1 topActivityLetterboxHorizontalPosition= -1 topActivityLetterboxWidth=-1 topActivityLetterboxHeight=-1 topActivityAppBounds=Rect(0, 0 - 384, 384) isUserFullscreenOverrideEnabled=false isSystemFullscreenOverrideEnabled=false hasMinAspectRatioOverride=false topActivityLetterboxBounds=null topNonResizableActivityAspectRatio=-1.0} topActivityMainWindowFrame=null isAppBubble=false} == ActivityLauncherApp(label=Settings, activity=ComponentInfo{com.google.android.apps.wearable.settings/com.google.android.clockwork.settings.MainSettingsActivity}, launcherIconRequest=AllAppsLauncherIconRequest(packageName=com.google.android.apps.wearable.settings, activityName=com.google.android.clockwork.settings.MainSettingsActivity, isDefaultApp=false), loadLauncherIcon=ioi@cf39d08)
06-30 01:36:31.151  2076  2484 W SysUI   : [RecentTasksLauncherRepo]getRecentApps matched with a Launcher Activity in the task TaskInfo{userId=0 taskId=436 effectiveUid=10066 displayId=-1 isRunning=false baseIntent=Intent { act=android.intent.action.MAIN flg=0x10000000 cmp=com.google.android.apps.walletnfcrel/com.google.commerce.tapandpay.wear.cardlist.WalletThemedWearCardListActivity } baseActivity=null topActivity=null origActivity=null realActivity=ComponentInfo{com.google.android.apps.walletnfcrel/com.google.commerce.tapandpay.wear.cardlist.WalletThemedWearCardListActivity} realActivityIsAppLockEnabled=false numActivities=0 lastActiveTime=51690225 supportsMultiWindow=false supportsMultiWindowWithoutConstraints=false resizeMode=1 isResizeable=true minWidth=-1 minHeight=-1 defaultMinSize=220 token=WCT{android.os.BinderProxy@a3b2b97} topActivityType=1 pictureInPictureParams=null shouldDockBigOverlays=false launchIntoPipHostTaskId=-1 lastParentTaskIdBeforePip=-1 displayCutoutSafeInsets=Rect(0, 0 - 0, 0) topActivityInfo=null launchCookies=[] positionInParent=Point(0, 0) parentTaskId=-1 isFocused=false isInteractive=false isVisible=false isVisibleRequested=false isTopActivityNoDisplay=false isSleeping=false locusId=null displayAreaFeatureId=1 isTopActivityTransparent=false isActivityStackTransparent=true lastNonFullscreenBounds=Rect(54, 54 - 330, 330) leafTaskBoundsFromOptions= false capturedLink=null capturedLinkTimestamp=0 requestedVisibleTypes=503 topActivityRequestOpenInBrowserEducationTimestamp=0 appCompatTaskInfo=AppCompatTaskInfo { topActivityInSizeCompat=false isLeafTask= true eligibleForLetterboxEducation= false isLetterboxEducationEnabled= false isLetterboxDoubleTapEnabled= false eligibleForUserAspectRatioButton= false topActivityBoundsLetterboxed= false isFromLetterboxDoubleTap= false topActivityLetterboxVerticalPosition= -1 topActivityLetterboxHorizontalPosition= -1 topActivityLetterboxWidth=-1 topActivityLetterboxHeight=-1 topActivityAppBounds=Rect(0, 0 - 0, 0) isUserFullscreenOverrideEnabled=false isSystemFullscreenOverrideEnabled=false hasMinAspectRatioOverride=false topActivityLetterboxBounds=null topNonResizableActivityAspectRatio=-1.0} topActivityMainWindowFrame=null isAppBubble=false} == ActivityLauncherApp(label=Wallet, activity=ComponentInfo{com.google.android.apps.walletnfcrel/com.google.commerce.tapandpay.wear.cardlist.WalletThemedWearCardListActivity}, launcherIconRequest=AllAppsLauncherIconRequest(packageName=com.google.android.apps.walletnfcrel, activityName=com.google.commerce.tapandpay.wear.cardlist.WalletThemedWearCardListActivity, isDefaultApp=false), loadLauncherIcon=ioi@dcfe26a)
06-30 01:36:31.151  2076  2484 W SysUI   : [RecentTasksLauncherRepo]getRecentApps matched with a Launcher Activity in the task TaskInfo{userId=0 taskId=419 effectiveUid=10079 displayId=-1 isRunning=false baseIntent=Intent { act=android.intent.action.MAIN cat=[android.intent.category.LAUNCHER] flg=0x10000000 cmp=com.google.android.apps.maps/com.google.android.apps.gmmwearable.MainActivity } baseActivity=null topActivity=null origActivity=null realActivity=ComponentInfo{com.google.android.apps.maps/com.google.android.apps.gmmwearable.MainActivity} realActivityIsAppLockEnabled=false numActivities=0 lastActiveTime=1446032 supportsMultiWindow=false supportsMultiWindowWithoutConstraints=false resizeMode=1 isResizeable=true minWidth=-1 minHeight=-1 defaultMinSize=220 token=WCT{android.os.BinderProxy@d538cc8} topActivityType=0 pictureInPictureParams=null shouldDockBigOverlays=false launchIntoPipHostTaskId=-1 lastParentTaskIdBeforePip=-1 displayCutoutSafeInsets=Rect(0, 0 - 0, 0) topActivityInfo=null launchCookies=[] positionInParent=Point(0, 0) parentTaskId=-1 isFocused=false isInteractive=false isVisible=false isVisibleRequested=false isTopActivityNoDisplay=false isSleeping=false locusId=null displayAreaFeatureId=1 isTopActivityTransparent=false isActivityStackTransparent=true lastNonFullscreenBounds=Rect(54, 54 - 330, 330) leafTaskBoundsFromOptions= false capturedLink=null capturedLinkTimestamp=0 requestedVisibleTypes=503 topActivityRequestOpenInBrowserEducationTimestamp=0 appCompatTaskInfo=AppCompatTaskInfo { topActivityInSizeCompat=false isLeafTask= true eligibleForLetterboxEducation= false isLetterboxEducationEnabled= false isLetterboxDoubleTapEnabled= false eligibleForUserAspectRatioButton= false topActivityBoundsLetterboxed= false isFromLetterboxDoubleTap= false topActivityLetterboxVerticalPosition= -1 topActivityLetterboxHorizontalPosition= -1 topActivityLetterboxWidth=-1 topActivityLetterboxHeight=-1 topActivityAppBounds=Rect(0, 0 - 0, 0) isUserFullscreenOverrideEnabled=false isSystemFullscreenOverrideEnabled=false hasMinAspectRatioOverride=false topActivityLetterboxBounds=null topNonResizableActivityAspectRatio=-1.0} topActivityMainWindowFrame=null isAppBubble=false} == ActivityLauncherApp(label=Maps, activity=ComponentInfo{com.google.android.apps.maps/com.google.android.apps.gmmwearable.MainActivity}, launcherIconRequest=AllAppsLauncherIconRequest(packageName=com.google.android.apps.maps, activityName=com.google.android.apps.gmmwearable.MainActivity, isDefaultApp=false), loadLauncherIcon=ioi@c281161)
06-30 01:36:31.153  2076  2484 W SysUI   : [LauncherDefaultRecentsCombiner]Unable to get ActivityDisplayInfo for {com.google.android.apps.youtube.music/com.google.android.apps.youtube.music.wear.WearMainActivity} attempting to fetch from ResolveInfo
06-30 01:36:31.191   488   542 D SnapAlloc: from handle - reserved size 0 custom content metadata size 0
06-30 01:36:31.191   488   542 D SnapAlloc: Successfully mapped metadata 0x1
06-30 01:36:31.198   488   542 D SnapAlloc: from handle - reserved size 0 custom content metadata size 0
06-30 01:36:31.199   488   542 D SnapAlloc: Successfully mapped metadata 0x1
06-30 01:36:31.205  2285  2333 V WindowManagerShell: onTransitionReady(transaction=7383048791971)
06-30 01:36:31.205  2285  2373 V WindowManagerShell: onTransitionReady (#291) android.os.BinderProxy@cfd5e46: {id=291 t=CLOSE f=0x0 trk=0 r=[0@Point(0, 0)] c=[
06-30 01:36:31.205  2285  2373 V WindowManagerShell:         {m=CLOSE f=FLAG_CHANGED_INTERACTIVE leash=Surface(name=Task=439#602)/@0xabea807 sb=Rect(0, 0 - 384, 384) eb=Rect(0, 0 - 384, 384) epz=Point(384, 384) d=0 taskParent=-1 winMode=1 userId=0},
06-30 01:36:31.205  2285  2373 V WindowManagerShell:         {m=TO_FRONT f=MOVE_TO_TOP|FLAG_CHANGED_INTERACTIVE leash=Surface(name=Task=438#584)/@0x6c9dd34 sb=Rect(0, 0 - 384, 384) eb=Rect(0, 0 - 384, 384) epz=Point(384, 384) d=0 taskParent=-1 winMode=1 userId=0}
06-30 01:36:31.205  2285  2373 V WindowManagerShell:     ]}
06-30 01:36:31.206   489  2137 I SnapAlloc: Using graphics libs for alignment calculations
06-30 01:36:31.206  2285  2373 V WindowManagerShell: Playing animation for (#291) android.os.BinderProxy@cfd5e46@0
06-30 01:36:31.206   489  2137 E SnapAlloc: Failed to get format mapping to use mmm_color_fmt
06-30 01:36:31.206   489  2137 W SnapAlloc: Error while getting constraints from display libs width 192, height 192, format 0
06-30 01:36:31.206  2285  2373 V WindowManagerShell: Transition doesn't have explicit remote, search filters for match for {id=291 t=CLOSE f=0x0 trk=0 r=[0@Point(0, 0)] c=[{m=CLOSE f=FLAG_CHANGED_INTERACTIVE leash=Surface(name=Task=439#602)/@0xabea807 sb=Rect(0, 0 - 384, 384) eb=Rect(0, 0 - 384, 384) epz=Point(384, 384) d=0 taskParent=-1 winMode=1 userId=0},{m=TO_FRONT f=MOVE_TO_TOP|FLAG_CHANGED_INTERACTIVE leash=Surface(name=Task=438#584)/@0x6c9dd34 sb=Rect(0, 0 - 384, 384) eb=Rect(0, 0 - 384, 384) epz=Point(384, 384) d=0 taskParent=-1 winMode=1 userId=0}]}
06-30 01:36:31.206  2285  2373 V WindowManagerShell:  Delegate animation for (#291) to null
06-30 01:36:31.206   489  2137 D SnapAlloc: from handle - reserved size 4076915048 custom content metadata size 0
06-30 01:36:31.206   489  2137 D SnapAlloc: Successfully mapped metadata 0x1
06-30 01:36:31.206   489  2137 D SnapAlloc: from handle - reserved size 0 custom content metadata size 0
06-30 01:36:31.206   489  2137 D SnapAlloc: Successfully mapped metadata 0x1
06-30 01:36:31.206  2285  2373 V WindowManagerShell: start default transition animation, info = {id=291 t=CLOSE f=0x0 trk=0 r=[0@Point(0, 0)] c=[{m=CLOSE f=FLAG_CHANGED_INTERACTIVE leash=Surface(name=Task=439#602)/@0xabea807 sb=Rect(0, 0 - 384, 384) eb=Rect(0, 0 - 384, 384) epz=Point(384, 384) d=0 taskParent=-1 winMode=1 userId=0},{m=TO_FRONT f=MOVE_TO_TOP|FLAG_CHANGED_INTERACTIVE leash=Surface(name=Task=438#584)/@0x6c9dd34 sb=Rect(0, 0 - 384, 384) eb=Rect(0, 0 - 384, 384) epz=Point(384, 384) d=0 taskParent=-1 winMode=1 userId=0}]}
06-30 01:36:31.206  2285  2373 V WindowManagerShell: loadAnimation: anim=null animAttr=0xa type=CLOSE isEntrance=true
06-30 01:36:31.207   488   542 D SnapAlloc: from handle - reserved size 0 custom content metadata size 0
06-30 01:36:31.207   488   542 D SnapAlloc: Successfully mapped metadata 0x1
06-30 01:36:31.208  2285  2373 V WindowManagerShell: loadAnimation: anim=android.view.animation.AnimationSet@ea118d2 animAttr=0xb type=CLOSE isEntrance=false
06-30 01:36:31.210  1719  1750 D SnapAlloc: from handle - reserved size 0 custom content metadata size 0
06-30 01:36:31.210  1719  1750 D SnapAlloc: Successfully mapped metadata 0x1
06-30 01:36:31.211   488   542 D SnapAlloc: from handle - reserved size 0 custom content metadata size 0
06-30 01:36:31.211   488   542 D SnapAlloc: Successfully mapped metadata 0x1
06-30 01:36:31.214  1719  1746 V WindowManager: Sent Transition (#291) createdAt=06-30 01:36:31.026 via request=TransitionRequestInfo { type = CLOSE, triggerTask = TaskInfo{userId=0 taskId=439 effectiveUid=10100 displayId=0 isRunning=false baseIntent=Intent { act=com.google.android.apps.messaging.action.SEND_MESSAGE dat=smsto:xxxxxxxxxx flg=0x10808000 cmp=com.google.android.apps.messaging/.send.SendToProxyActivityWithPrivilege } baseActivity=null topActivity=null origActivity=ComponentInfo{com.google.android.apps.messaging/com.google.android.apps.messaging.send.SendToProxyActivityWithPrivilege} realActivity=ComponentInfo{com.google.android.apps.messaging/com.google.android.apps.messaging.send.SendToProxyActivity} realActivityIsAppLockEnabled=false numActivities=0 lastActiveTime=51806690 supportsMultiWindow=false supportsMultiWindowWithoutConstraints=false resizeMode=1 isResizeable=true minWidth=-1 minHeight=-1 defaultMinSize=220 token=WCT{RemoteToken{56de2ed Task{e3be73f #439 type=standard A=10100:com.google.android.apps.messaging}}} topActivityType=1 pictureInPictureParams=null shouldDockBigOverlays=false launchIntoPipHostTaskId=-1 lastParentTaskIdBeforePip=-1 displayCutoutSafeInsets=Rect(0, 0 - 0, 0) topActivityInfo=null launchCookies=[] positionInParent=Point(0, 0) parentTaskId=-1 isFocused=true isInteractive=true isVisible=true isVisibleRequested=true isTopActivityNoDisplay=false isSleeping=false locusId=null displayAreaFeatureId=1 isTopActivityTransparent=false isActivityStackTransparent=true lastNonFullscreenBounds=Rect(54, 54 - 330, 330) leafTaskBoundsFromOptions= false capturedLink=null capturedLinkTimestamp=0 requestedVisibleTypes=503 topActivityRequestOpenInBrowserEducationTimestamp=0 appCompatTaskInfo=AppCompatTaskInfo { topActivityInSizeCompat=false isLeafTask= true eligibleForLetterboxEducation= false isLetterboxEducationEnabled= false isLetterboxDoubleTapEnabled= false eligibleForUserAspectRatioButton= false topActivityBoundsLetterboxed= false isFromLetterboxDoubleTap= false topActivityLetterboxVerticalPosition= -1 topActivityLetterboxHorizontalPosition= -1 topActivityLetterboxWidth=-1 topActivityLetterboxHeight=-1 topActivityAppBounds=Rect(0, 0 - 0, 0) isUserFullscreenOverrideEnabled=false isSystemFullscreenOverrideEnabled=false hasMinAspectRatioOverride=false topActivityLetterboxBounds=null topNonResizableActivityAspectRatio=-1.0} topActivityMainWindowFrame=null isAppBubble=false}, pipChange = null, remoteTransitionInfo = null, displayChanges = null, requestedLocation = null, userChange = null, windowingLayerChange = null, fullscreenRequestChange = null, flags = 0, debugId = 291 }
06-30 01:36:31.214  1719  1746 V WindowManager:     startWCT=WindowContainerTransaction { changes= {} hops= [] flags= 0 errorCallbackToken=null taskFragmentOrganizer=null }
06-30 01:36:31.217   488   540 D SnapAlloc: from handle - reserved size 0 custom content metadata size 0
06-30 01:36:31.217  1719  1746 V WindowManager:     info={id=291 t=CLOSE f=0x0 trk=0 r=[0@Point(0, 0)] c=[
06-30 01:36:31.217  1719  1746 V WindowManager:         {WCT{RemoteToken{56de2ed Task{e3be73f #439 type=standard A=10100:com.google.android.apps.messaging}}} m=CLOSE f=FLAG_CHANGED_INTERACTIVE leash=Surface(name=Task=439#602)/@0x366e517 sb=Rect(0, 0 - 384, 384) eb=Rect(0, 0 - 384, 384) epz=Point(384, 384) d=0 taskParent=-1 winMode=1 userId=0},
06-30 01:36:31.217  1719  1746 V WindowManager:         {WCT{RemoteToken{46095b1 Task{ed7527 #438 type=standard I=com.google.android.dialer/com.google.android.wearable.googledialer.homescreen.impl.ui.HomeScreenActivity}}} m=TO_FRONT f=MOVE_TO_TOP|FLAG_CHANGED_INTERACTIVE leash=Surface(name=Task=438#584)/@0xa367b35 sb=Rect(0, 0 - 384, 384) eb=Rect(0, 0 - 384, 384) epz=Point(384, 384) d=0 taskParent=-1 winMode=1 userId=0}
06-30 01:36:31.217  1719  1746 V WindowManager:     ]}
06-30 01:36:31.217   488   540 D SnapAlloc: Successfully mapped metadata 0x1
06-30 01:36:31.220  2076  2097 D SnapAlloc: from handle - reserved size 0 custom content metadata size 0
06-30 01:36:31.220  2076  2097 D SnapAlloc: Successfully mapped metadata 0x1
06-30 01:36:31.221  2076  2076 E TaskSnapshot: getHardwareBuffer is deprecated!
06-30 01:36:31.226  2285  2373 V WindowManagerShell:  animated by com.android.wm.shell.transition.DefaultTransitionHandler@bda2eb1
06-30 01:36:31.226  2285  2285 I WakefulDisplayControlLock: acquire: acquired without timeout, using default, mTag=task-opening
06-30 01:36:31.228  2285  2285 I DisplayOffloadManager: updateTopActivity: taskId = 438; activityToFront=ComponentInfo{com.google.android.dialer/com.google.android.wearable.googledialer.homescreen.impl.ui.HomeScreenActivity}
06-30 01:36:31.229  1719  3326 D DOS_DisplayControlLock: acquired: SystemUIRCDCLock android.os.BinderProxy@f9c2663
06-30 01:36:31.230  1719  3326 I DOS_DisplayControlLock: First acquired
06-30 01:36:31.230  1719  3326 I DisplayControlPolicy: isOffloadStartPending: hasUnreleased lock
06-30 01:36:31.233  1719  3674 D DisplayOffload: updateTopTask: taskId=438; activityToFront=ComponentInfo{com.google.android.dialer/com.google.android.wearable.googledialer.homescreen.impl.ui.HomeScreenActivity}
06-30 01:36:31.238  1719  1933 I ImeTracker: com.google.android.dialer:d12cac07: onRequestHide at ORIGIN_SERVER reason HIDE_UNSPECIFIED_WINDOW fromUser false userId 0 displayId 0
06-30 01:36:31.239 11188 11188 D InsetsController: hide(ime())
06-30 01:36:31.239 11188 11188 I ImeTracker: com.google.android.dialer:d12cac07: onCancelled at PHASE_CLIENT_ALREADY_HIDDEN
06-30 01:36:31.265   493  3417 D SnapAlloc: from handle - reserved size 0 custom content metadata size 0
06-30 01:36:31.265   493  3417 D SnapAlloc: Successfully mapped metadata 0x1
06-30 01:36:31.265   493  3417 I SDM     : Using previously loaded IMapper library.
06-30 01:36:31.281   493  3417 D SnapAlloc: from handle - reserved size 0 custom content metadata size 0
06-30 01:36:31.281   493  3417 D SnapAlloc: Successfully mapped metadata 0x1
06-30 01:36:31.290   391   416 E pixelstats-uevent: Unable to read  - No such file or directory
06-30 01:36:31.298   493  3417 D SnapAlloc: from handle - reserved size 0 custom content metadata size 0
06-30 01:36:31.298   493  3417 D SnapAlloc: Successfully mapped metadata 0x1
06-30 01:36:31.304  1435  1435 E BatteryDefender: Failed to read /sys/devices/platform/google,charger/bd_state
06-30 01:36:31.314   493  3417 D SnapAlloc: from handle - reserved size 0 custom content metadata size 0
06-30 01:36:31.314   493  3417 D SnapAlloc: Successfully mapped metadata 0x1
06-30 01:36:31.332  1435  1435 E BatteryDefender: Failed to read /sys/devices/platform/google,charger/bd_state
06-30 01:36:31.431 12755 12759 W .apps.messaging: Cleared Reference was only reachable from finalizer (only reported once)
06-30 01:36:31.481  2285  2373 V WindowManagerShell: Transition animation finished (aborted=false), notifying core (#291) android.os.BinderProxy@cfd5e46@0
06-30 01:36:31.489  1719  1746 V WindowManager: Finish Transition (#291): created at 06-30 01:36:31.026 collect-started=0.116ms request-sent=0.399ms started=7.861ms ready=17.257ms sent=172.053ms commit=34.518ms finished=460.146ms
06-30 01:36:31.491 12755 12755 D VRI[ConfirmationActivity]: visibilityChanged oldVisibility=true newVisibility=false
06-30 01:36:31.491 12755 12755 D VRI[ConfirmationActivity]: visibilityChanged oldVisibility=true newVisibility=false
06-30 01:36:31.492  2285  2373 V WindowManagerShell: Track 0 became idle
06-30 01:36:31.492  2285  2373 V WindowManagerShell: All active transition animations finished
06-30 01:36:31.498  1719  2048 I Surface : Creating surface for consumer unnamed-1719-27 with slotExpansion=1 for 64 slots
06-30 01:36:31.498  1719  2048 I Surface : Creating surface for consumer ImageReader-192x192f4m1-1719-27 with slotExpansion=1 for 64 slots
06-30 01:36:31.499  1719  2048 W ImageReader_JNI: Unable to acquire a buffer item, very likely client tried to acquire more than maxImages buffers
06-30 01:36:31.501  1719  2048 E ConsumerBase: [ImageReader-192x192f4m1-1719-27] abandonLocked: ConsumerBase is abandoned!
06-30 01:36:31.517 12755 12755 D WindowOnBackDispatcher: setTopOnBackInvokedCallback (unwrapped): null
06-30 01:36:31.518  1719  3326 D CoreBackPreview: Window{2e09794 u0 com.google.android.apps.messaging/com.google.android.apps.messaging.confirmation.ConfirmationActivity}: Setting back callback null
06-30 01:36:31.519 12755 12755 D ViewRootImpl: Skipping stats log for color mode
06-30 01:36:31.525 12755 12755 D WindowOnBackDispatcher: setTopOnBackInvokedCallback (unwrapped): null
06-30 01:36:31.525  1719  2163 D CoreBackPreview: Window{f4ee7c9 u0 com.google.android.apps.messaging/com.google.android.apps.messaging.confirmation.ConfirmationActivity}: Setting back callback null
06-30 01:36:31.527 12755 12755 D ViewRootImpl: Skipping stats log for color mode
06-30 01:36:31.547  2285  2373 V ShellTaskOrganizer: Task vanished taskId=439
06-30 01:36:31.547  2285  2373 V ShellTaskOrganizer: Fullscreen Task Vanished: #439
06-30 01:36:31.589   853  2607 I vendor.qti.bluetooth@1.0-ibs_handler: DeviceSleep: TX Awake, Sending SLEEP_IND
06-30 01:36:31.590   853  2607 D vendor.qti.bluetooth@1.0-ibs_handler: SerialClockVote: vote for UART CLK OFF
06-30 01:36:31.590   853  2607 D vendor.qti.bluetooth@1.0-uart_transport: ClockOperation: USERIAL_OP_CLK_OFF - after sys fs write-ret:4
06-30 01:36:31.623   853  2603 I vendor.qti.bluetooth@1.0-ibs_handler: ProcessIbsCmd: Received IBS_WAKE_IND: 0xFD
06-30 01:36:31.623   853  2603 D vendor.qti.bluetooth@1.0-ibs_handler: SerialClockVote: vote for UART CLK ON
06-30 01:36:31.623   853  2603 D vendor.qti.bluetooth@1.0-uart_transport: ClockOperation: USERIAL_OP_CLK_ON - after sys fs write-ret:4
06-30 01:36:31.623   853  2603 I vendor.qti.bluetooth@1.0-ibs_handler: ProcessIbsCmd: Writing IBS_WAKE_ACK
06-30 01:36:31.626   853   861 I vendor.qti.bluetooth@1.0-ibs_handler: DeviceWakeUp: Writing IBS_WAKE_IND
06-30 01:36:31.627   853  2603 I vendor.qti.bluetooth@1.0-ibs_handler: ProcessIbsCmd: Received IBS_WAKE_ACK: 0xFC
06-30 01:36:31.627   853  2603 I vendor.qti.bluetooth@1.0-ibs_handler: ProcessIbsCmd: Signal wack_cond_
06-30 01:36:31.627   853   861 D vendor.qti.bluetooth@1.0-ibs_handler: DeviceWakeUp: Unblocked from waiting for FC, pthread_cond_timedwait ret = 0
06-30 01:36:31.690   853  2603 I vendor.qti.bluetooth@1.0-ibs_handler: ProcessIbsCmd: Received IBS_SLEEP_IND: 0xFE
06-30 01:36:31.696   853  2603 I vendor.qti.bluetooth@1.0-ibs_handler: ProcessIbsCmd: Received IBS_WAKE_IND: 0xFD
06-30 01:36:31.696   853  2603 I vendor.qti.bluetooth@1.0-ibs_handler: ProcessIbsCmd: Writing IBS_WAKE_ACK
06-30 01:36:31.729  1719  2157 D DOS_DisplayControlLock: released: android.os.BinderProxy@f9c2663
06-30 01:36:31.729  1719  2157 I DOS_DisplayControlLock: All released
06-30 01:36:31.755   853  2603 I vendor.qti.bluetooth@1.0-ibs_handler: ProcessIbsCmd: Received IBS_SLEEP_IND: 0xFE
06-30 01:36:31.768   853  2603 I vendor.qti.bluetooth@1.0-ibs_handler: ProcessIbsCmd: Received IBS_WAKE_IND: 0xFD
06-30 01:36:31.768   853  2603 I vendor.qti.bluetooth@1.0-ibs_handler: ProcessIbsCmd: Writing IBS_WAKE_ACK
06-30 01:36:31.833   853  2603 I vendor.qti.bluetooth@1.0-ibs_handler: ProcessIbsCmd: Received IBS_SLEEP_IND: 0xFE
06-30 01:36:31.847   391   416 E pixelstats-uevent: Unable to read  - No such file or directory
06-30 01:36:31.856  1435  1435 E BatteryDefender: Failed to read /sys/devices/platform/google,charger/bd_state
06-30 01:36:31.859   853  2603 I vendor.qti.bluetooth@1.0-ibs_handler: ProcessIbsCmd: Received IBS_WAKE_IND: 0xFD
06-30 01:36:31.860   853  2603 I vendor.qti.bluetooth@1.0-ibs_handler: ProcessIbsCmd: Writing IBS_WAKE_ACK
06-30 01:36:31.864  1435  1435 E BatteryDefender: Failed to read /sys/devices/platform/google,charger/bd_state
06-30 01:36:31.910   853  2603 I vendor.qti.bluetooth@1.0-ibs_handler: ProcessIbsCmd: Received IBS_SLEEP_IND: 0xFE
06-30 01:36:31.928   853  2603 I vendor.qti.bluetooth@1.0-ibs_handler: ProcessIbsCmd: Received IBS_WAKE_IND: 0xFD
06-30 01:36:31.928   853  2603 I vendor.qti.bluetooth@1.0-ibs_handler: ProcessIbsCmd: Writing IBS_WAKE_ACK
06-30 01:36:31.957  1719  2157 W ActivityManager: pid 15640 com.google.android.gms.persistent sent binder code 18 with flags 2 and got error -74
06-30 01:36:31.961  2109 16102 W ContextImpl: Calling a method in the system process without a qualified user: android.app.ContextImpl.bindService:2168 android.content.ContextWrapper.bindService:906 com.google.android.gms.wearable.zzz.dispatchMessageTraced:45 com.google.android.gms.libs.punchclock.threads.TracingHandler.dispatchMessage:0 android.os.Looper.loopOnce:296 
06-30 01:36:31.974   853  2603 I vendor.qti.bluetooth@1.0-ibs_handler: ProcessIbsCmd: Received IBS_SLEEP_IND: 0xFE
06-30 01:36:31.981   853  2603 I vendor.qti.bluetooth@1.0-ibs_handler: ProcessIbsCmd: Received IBS_WAKE_IND: 0xFD
06-30 01:36:31.981   853  2603 I vendor.qti.bluetooth@1.0-ibs_handler: ProcessIbsCmd: Writing IBS_WAKE_ACK
06-30 01:36:31.990  1719  2163 W PackageInfo: Large parcel: size=26824 pkg=com.google.android.apps.messaging uid=10100 actv=9924(34) recv=10172(33) serv=3364(21) prevAllowSquashing=false
06-30 01:36:32.001  2109  2291 I WearServices: [WBridgedItemsController]Displaying bridged notification RemoteStreamItemId[creatorNodeId=96eb2ede, notificationKey=0|com.google.android.apps.messaging|2|com.google.android.apps.messaging:incoming_message:87|10145, packageName=com.google.android.apps.messaging, id=2, tag=com.google.android.apps.messaging:incoming_message:87, revision=49080, originalRevision=-1, isLiveUpdate=false] as StreamItemIdAndRevision{streamItemId=StreamItemId{source=2, key=0|com.google.android.apps.messaging|2|com.google.android.apps.messaging:incoming_message:87|10145}, revision=49080, originalRevision=49080, updateCount=0}
06-30 01:36:32.006  2109  2291 D BridgerRecords:   bridged item received updated item id %sStreamItem(StreamItemIdAndRevision{streamItemId=StreamItemId{source=2, key=0|com.google.android.apps.messaging|2|com.google.android.apps.messaging:incoming_message:87|10145}, revision=49080, originalRevision=49080, updateCount=0},StreamItemState{isRead=false, dismissalReasons=[], filteredReasons=[], expiredDueToConnectivity=null, expiredDueToThrottling=null},AutoValue_StreamItemData{hidden=0, packageName=com.google.android.apps.messaging, id=2, tag=com.google.android.apps.messaging:incoming_message:87, flags=16, isOngoing=false, isNotClearable=false, onlyAlertOnce=false, source=GmsBridger, userId=0, isWorkProfile=false, appName=Messages, priority=0, category=msg, group=incoming_message_group_key, groupKey=com.google.android.apps.messaging:0|com.google.android.apps.messaging|g:incoming_message_group_key, hasGroupSummary=false, sortKey=, getChannel=null, postTime=1782763592000, originalPostTime=1782763591413, lastPostedAsInterruptiveTime=1782763592000, shouldVibrate=true, vibrationPattern=[-1], hasSound=false, hasAlreadyShown=false, groupAlertBehavior=2, alertParams=StreamAlertParams{idAndRevision=StreamItemIdAndRevision{streamItemId=StreamItemId{source=2, key=0|com.google.android.apps.messaging|2|com.google.android.apps.messaging:incoming_message:87|10145}, revision=49080, originalRevision=49080, updateCount=0}, isMuted=true, hasSound=false, shouldVibrate=true, vibrationPattern=[-1]}, styleName=androidx.core.app.NotificationCompat$MessagingStyle, progress=unused, isIndeterminateProgress=false, isMediaNotification=false, displayName=[3Chars,hashed3Chars=15bff], conversationTitle=[9Chars,hashed8Chars=7aa992d5], messagesSize=1, message[0]=Message{sender=[9Chars,hashed8Chars=7aa992d5], text=[13Chars,hashed8Chars=3c6cdb60], uri=null, dataMime=null}, isGroupConversation=false, textLinesSize=0, bigText=null, bigTitle=null, summaryText=null, title=[9Chars,hashed8Chars=7aa992d5], ticker=null, contentText=null, subText=null, shortCriticalText=null, peopleSize=0, color=-7686920, hasBigPicture=false, hasLargeIcon=false, hasAppIcon=true, supplementalBitmapKeysSize=0, actionsCount=2, bridgedContentIntent[present]=true, bridgedContentIntentId[present]=true, fullScreenIntent=null, localOnly=true, isEmergency=false, startScrollBottom=false, doesContentIntentLaunchActivity=false, contentActionIndex=-1, wearableActionsCount=3, bridgeTag=null, dismissalId=null, locusId=null, shortcutId=null, hasOngoingActivityData=false, ongoingActivityPackageNameSubstitute=null, filteringData=FilteringData{originalPackageName=null, isMediaStyle=false, tag=null, channelId=null, isEmptyNotification=false, isClockworkForegroundService=false, isFrameworksForegroundNotification=false, hasInvalidWearableExtender=false, isFromAppHandlingMissedCallNotification=false, isFromDefaultSmsApp=false, isEmptySettingsNotification=false, isOngoingActivityStyle=false}, remoteStreamItemId=RemoteStreamItemId[creatorNodeId=96eb2ede, notificationKey=0|com.google.android.apps.messaging|2|com.google.android.apps.messaging:incoming_message:87|10145, packageName=com.google.android.apps.messaging, id=2, tag=com.google.android.apps.messaging:incoming_message:87, revision=49080, originalRevision=-1, isLiveUpdate=false], remoteNodeId=96eb2ede, isMediaStyle=false, isDelayable=false})
06-30 01:36:32.027   853  2603 I vendor.qti.bluetooth@1.0-ibs_handler: ProcessIbsCmd: Received IBS_SLEEP_IND: 0xFE
06-30 01:36:32.046  2076  2076 W SysUI   : [MessageModelConverter]No message model found, noPicOrTextCount=1
06-30 01:36:32.078  2142  2142 D WatchFaceService: Setting Watch Ui State with WatchUiState{ interruptionFilter=1, inAmbientMode=false } and fromSysUi=true. Existing state: firstSetWatchUiState=false, systemHasSentWatchUiState=true, mutableWatchState.interruptionFilter=1, mutableWatchState.isAmbient=false
06-30 01:36:32.179  1719  3674 I ActivityManager: Killing 15132:android.process.media/u0a47 (adj 985): empty #17
06-30 01:36:32.182 12755 12831 I ForwardSyncCache: reclaimMemory: Clearing caches
06-30 01:36:32.209   752   752 I Zygote  : Process 15132 exited due to signal 9 (Killed)
06-30 01:36:32.213  1719  1762 I libprocessgroup: Removed cgroup /sys/fs/cgroup/apps/uid_10047/pid_15132
06-30 01:36:32.218  1719  1967 I HalDevMgr: bestIfaceCreationProposal is null, requestIface=STA, existingIface=[name=wlan0 type=STA]
06-30 01:36:32.938   853  2607 I vendor.qti.bluetooth@1.0-ibs_handler: DeviceSleep: TX Awake, Sending SLEEP_IND
06-30 01:36:32.939   853  2607 D vendor.qti.bluetooth@1.0-ibs_handler: SerialClockVote: vote for UART CLK OFF
06-30 01:36:32.939   853  2607 D vendor.qti.bluetooth@1.0-uart_transport: ClockOperation: USERIAL_OP_CLK_OFF - after sys fs write-ret:4
06-30 01:36:33.090   853  2495 D vendor.qti.bluetooth@1.0-wake_lock: Release wakelock is released 
06-30 01:36:33.269   391   416 E pixelstats-uevent: Unable to read  - No such file or directory
06-30 01:36:33.315  1435  1435 E BatteryDefender: Failed to read /sys/devices/platform/google,charger/bd_state
06-30 01:36:33.328  1435  1435 E BatteryDefender: Failed to read /sys/devices/platform/google,charger/bd_state
06-30 01:36:33.760  1719  1914 D ActivityManager: freezing 8905 com.fitbit.FitbitMobile
06-30 01:36:33.762  1719  1901 I SensorService: Setting connection 0xe47359c0 disabled status to 1 for reason 2
06-30 01:36:33.765  1719  1914 D ActivityManager: freezing 16441 com.google.android.wearable.protolayout.renderer
06-30 01:36:33.766  1719  1974 D InetDiagMessage: Destroyed 0 sockets, proto=IPPROTO_TCP, family=AF_INET, states=14
06-30 01:36:33.768  1719  1974 D InetDiagMessage: Destroyed 0 sockets, proto=IPPROTO_TCP, family=AF_INET6, states=14
06-30 01:36:33.768  1719  1974 D InetDiagMessage: Destroyed live tcp sockets for uids={10111} in 4ms
06-30 01:36:33.769  1719  1974 D InetDiagMessage: Destroyed 0 sockets, proto=IPPROTO_TCP, family=AF_INET, states=14
06-30 01:36:33.770  1719  1974 D InetDiagMessage: Destroyed 0 sockets, proto=IPPROTO_TCP, family=AF_INET6, states=14
06-30 01:36:33.770  1719  1974 D InetDiagMessage: Destroyed live tcp sockets for uids={20111} in 2ms
06-30 01:36:33.771  1719  1974 D InetDiagMessage: Destroyed 0 sockets, proto=IPPROTO_TCP, family=AF_INET, states=14
06-30 01:36:33.772  1719  1974 D InetDiagMessage: Destroyed 0 sockets, proto=IPPROTO_TCP, family=AF_INET6, states=14
06-30 01:36:33.772  1719  1974 D InetDiagMessage: Destroyed live tcp sockets for uids={10111} in 2ms
06-30 01:36:33.961  1719  1974 D InetDiagMessage: Destroyed 0 sockets, proto=IPPROTO_TCP, family=AF_INET, states=14
06-30 01:36:33.961  1719  1974 D InetDiagMessage: Destroyed 0 sockets, proto=IPPROTO_TCP, family=AF_INET6, states=14
06-30 01:36:33.961  1719  1974 D InetDiagMessage: Destroyed live tcp sockets for uids={10117} in 1ms
06-30 01:36:34.061  1719  3504 E TaskPersister: File error accessing recents directory (directory doesn't exist?).
06-30 01:36:35.262  1719  1967 I HalDevMgr: bestIfaceCreationProposal is null, requestIface=STA, existingIface=[name=wlan0 type=STA]
06-30 01:36:36.203   391   416 E pixelstats-uevent: Unable to read  - No such file or directory
06-30 01:36:36.707   853  2603 I vendor.qti.bluetooth@1.0-ibs_handler: ProcessIbsCmd: Received IBS_WAKE_IND: 0xFD
06-30 01:36:36.707   853  2603 D vendor.qti.bluetooth@1.0-ibs_handler: SerialClockVote: vote for UART CLK ON
06-30 01:36:36.707   853  2603 D vendor.qti.bluetooth@1.0-uart_transport: ClockOperation: USERIAL_OP_CLK_ON - after sys fs write-ret:4
06-30 01:36:36.708   853  2603 D vendor.qti.bluetooth@1.0-wake_lock: Acquire wakelock is acquired 
06-30 01:36:36.708   853  2603 I vendor.qti.bluetooth@1.0-ibs_handler: ProcessIbsCmd: Writing IBS_WAKE_ACK
06-30 01:36:36.711  2188  2472 I bt_btm_pm: system/stack/acl/btm_pm.cc:648 btm_pm_proc_mode_change: Power mode switched from immediate:active[0] to immediate:sniff[2]
06-30 01:36:36.749   853  2603 I vendor.qti.bluetooth@1.0-ibs_handler: ProcessIbsCmd: Received IBS_SLEEP_IND: 0xFE
06-30 01:36:36.749   853  2603 D vendor.qti.bluetooth@1.0-ibs_handler: SerialClockVote: vote for UART CLK OFF
06-30 01:36:36.750   853  2603 D vendor.qti.bluetooth@1.0-uart_transport: ClockOperation: USERIAL_OP_CLK_OFF - after sys fs write-ret:4
06-30 01:36:36.900   853  2495 D vendor.qti.bluetooth@1.0-wake_lock: Release wakelock is released 
06-30 01:36:38.221   853  2603 I vendor.qti.bluetooth@1.0-ibs_handler: ProcessIbsCmd: Received IBS_WAKE_IND: 0xFD
06-30 01:36:38.222   853  2603 D vendor.qti.bluetooth@1.0-ibs_handler: SerialClockVote: vote for UART CLK ON
06-30 01:36:38.222   853  2603 D vendor.qti.bluetooth@1.0-uart_transport: ClockOperation: USERIAL_OP_CLK_ON - after sys fs write-ret:4
06-30 01:36:38.222   853  2603 D vendor.qti.bluetooth@1.0-wake_lock: Acquire wakelock is acquired 
06-30 01:36:38.222   853  2603 I vendor.qti.bluetooth@1.0-ibs_handler: ProcessIbsCmd: Writing IBS_WAKE_ACK
06-30 01:36:38.264   853  2603 I vendor.qti.bluetooth@1.0-ibs_handler: ProcessIbsCmd: Received IBS_SLEEP_IND: 0xFE
06-30 01:36:38.264   853  2603 D vendor.qti.bluetooth@1.0-ibs_handler: SerialClockVote: vote for UART CLK OFF
06-30 01:36:38.264   853  2603 D vendor.qti.bluetooth@1.0-uart_transport: ClockOperation: USERIAL_OP_CLK_OFF - after sys fs write-ret:4
06-30 01:36:38.290  1719  1967 I HalDevMgr: bestIfaceCreationProposal is null, requestIface=STA, existingIface=[name=wlan0 type=STA]
06-30 01:36:38.417   853  2495 D vendor.qti.bluetooth@1.0-wake_lock: Release wakelock is released 
06-30 01:36:38.511  1226  1226 I adbd    : adbd service requested 'shell,v2,TERM=xterm-256color:export ANDROID_LOG_TAGS=''; exec logcat '-d''
06-30 01:36:38.636  1226  1226 I adbd    : adbd service requested 'shell,v2,TERM=xterm-256color:export ANDROID_LOG_TAGS=''; exec logcat '-d''
06-30 01:36:38.760  1226  1226 I adbd    : adbd service requested 'shell,v2,TERM=xterm-256color:export ANDROID_LOG_TAGS=''; exec logcat '-d''
06-30 01:36:38.875  1226  1226 I adbd    : adbd service requested 'shell,v2,TERM=xterm-256color:export ANDROID_LOG_TAGS=''; exec logcat '-d''
06-30 01:36:38.986  1226  1226 I adbd    : adbd service requested 'shell,v2,TERM=xterm-256color:export ANDROID_LOG_TAGS=''; exec logcat '-d''
06-30 01:36:41.056 11188 11224 V ClearcutMetricXmitter: Transmission is done.
06-30 01:36:41.340  1719  1967 I HalDevMgr: bestIfaceCreationProposal is null, requestIface=STA, existingIface=[name=wlan0 type=STA]
06-30 01:36:41.504  1719  1793 I DisplayOffload: allowAutoBrightnessInDoze: stateOverride=UNKNOWN
06-30 01:36:41.507  1719  1793 V DisplayPowerController[0]: Brightness [0.0] reason changing to: 'automatic [ dim ]', previous reason: 'automatic'.
06-30 01:36:41.508  1719  1793 I DisplayPowerController[0]: BrightnessEvent: brt=0.0(0.0%), nits=-1.0, lux=21.8975, reason=automatic [ dim ], strat=AutomaticBrightnessStrategy, state=ON, stateReason=DEFAULT_POLICY, policy=DIM, flags=, initBrt=0.025921507, rcmdBrt=0.025921507, preBrt=0.020708233, preLux=19.133749, lastReadLux=12.69625, wasShortTermModelActive=false, autoBrightness=true (default), unclampedBrt=0.025921507, hbmMax=0.6556, hbmMode=off, thrmMax=1.0, rbcStrength=50, powerFactor=0.5, physDisp=Built-in Screen(local:4630946367249729921), logicalId=0, slowChange=false, rampSpeed=0.0, colorTemp=NaN, thermalStatus=none
06-30 01:36:41.509  1719  1793 I DisplayOffload: allowAutoBrightnessInDoze: stateOverride=UNKNOWN
06-30 01:36:41.531   860  1855 I usf_sensor_hal: DisplayInfo msg to sensor:28 (ALS), display_status:1 (ON), panel_status:1 (ON), brightness:0, refresh_rate:60, timestamp_ms=51821385
06-30 01:36:41.532   391   416 E pixelstats-uevent: Unable to read  - No such file or directory
06-30 01:36:41.544   493  3417 I SDM     : DisplayBuiltIn::SetPanelBrightness: Setting brightness: nbm_dbv = 1 (2.70 nits), aod_dbv = 0 (0.00 nits), requested brightness = 0.000000 (0.000000 nits), ramp duration 300 ms
06-30 01:36:44.380  1719  1967 I HalDevMgr: bestIfaceCreationProposal is null, requestIface=STA, existingIface=[name=wlan0 type=STA]
06-30 01:36:45.579  1226  1226 I adbd    : adbd service requested 'shell,v2,TERM=xterm-256color:export ANDROID_LOG_TAGS=''; exec logcat '-d''
