--------- beginning of system
06-30 02:49:55.692  1719  1756 I PackageManager: getInstalledPackages: callingUid=2000 flags=0 updatedFlags=786432 userId=0
06-30 02:49:56.398  1719  1756 D ActivityManager: freezer override set to true
06-30 02:49:56.399  1719  1756 D ActivityManager: sync unfroze 17381 com.google.android.rkpdapp for 19
06-30 02:49:56.400  1719  1756 D ActivityManager: sync unfroze 17420 com.google.android.wearable.dwf.receiver for 19
06-30 02:49:56.401  1719  1756 D ActivityManager: sync unfroze 17469 android.process.media for 19
06-30 02:49:56.403  1719  1756 D ActivityManager: sync unfroze 15190 com.google.android.permissioncontroller for 19
06-30 02:49:56.404  1719  1756 D ActivityManager: sync unfroze 17105 com.android.vending:background for 19
06-30 02:49:56.407  1719  1756 D ActivityManager: sync unfroze 16989 com.android.vending for 19
06-30 02:49:56.409  1719  1756 D ActivityManager: sync unfroze 17691 com.whatsapp for 19
06-30 02:49:56.410  1719  1756 D ActivityManager: sync unfroze 12755 com.google.android.apps.messaging for 19
06-30 02:49:56.412  1719  1756 D ActivityManager: sync unfroze 17577 com.google.android.calendar for 19
06-30 02:49:56.413  1719  1756 D ActivityManager: sync unfroze 17734 com.google.android.crossdeviceaccessservice for 19
06-30 02:49:56.416  1719  1756 D ActivityManager: sync unfroze 15265 com.google.android.gms for 19
06-30 02:49:56.417  1719  1756 D ActivityManager: sync unfroze 18444 com.google.android.apps.weather for 19
06-30 02:49:56.418  1719  1756 D ActivityManager: sync unfroze 16255 android.process.acore for 19
06-30 02:49:56.419  1719  1756 D ActivityManager: sync unfroze 16360 com.android.calllogbackup for 19
06-30 02:49:56.421  1719  1756 D ActivityManager: sync unfroze 17828 com.google.android.wearable.protolayout.renderer for 19
06-30 02:49:56.423  1719  1756 D ActivityManager: sync unfroze 8905 com.fitbit.FitbitMobile for 19
06-30 02:49:56.425  1719  1756 D ActivityManager: sync unfroze 15311 com.google.android.apps.wearable.settings for 19
06-30 02:49:56.427  1719  1756 D ActivityManager: sync unfroze 18073 com.poc.silentsms for 19
06-30 02:49:56.430  1719  1756 D ActivityManager: sync unfroze 11188 com.google.android.dialer for 19
06-30 02:49:56.470 17469 17484 W Looper  : Slow delivery took 2850395ms android.bg app=android.process.media main=false group=BACKGROUND h=android.database.sqlite.SQLiteConnectionPool$IdleConnectionHandler c=null m=0
06-30 02:49:56.530  1719  1756 D ActivityManager: freezer override set to false
06-30 02:49:56.556  1719  2003 I AdbWifiNetworkMonitor: Wi-Fi network available
06-30 02:49:56.558  1719  2003 I AdbWifiNetworkMonitor: Received the same Wi-Fi SSID. Ignoring.
06-30 02:49:56.666  1719  1756 I ProcessStatsService: Added stats: 2026-06-29-11-13-27, over +12h15m10s251ms
06-30 02:49:56.683  1719  1756 I ProcessStatsService: Added stats: 2026-06-28-15-38-53, over +17h36m14s465ms
06-30 02:49:57.090  1719  1793 D HighBrightnessModeController: onAmbientLuxChange: 0.9899999/25000.0, IsHighLux: false
06-30 02:49:57.291  1719  1793 D HighBrightnessModeController: onAmbientLuxChange: 2.345/25000.0, IsHighLux: false
06-30 02:50:01.556  1719  1914 D ActivityManager: freezing 17381 com.google.android.rkpdapp
06-30 02:50:01.560  1719  1914 D ActivityManager: freezing 17420 com.google.android.wearable.dwf.receiver
06-30 02:50:01.565  1719  1914 D ActivityManager: freezing 17469 android.process.media
06-30 02:50:01.567  1719  1914 D ActivityManager: freezing 15190 com.google.android.permissioncontroller
06-30 02:50:01.568  1719  1914 D ActivityManager: freezing 17105 com.android.vending:background
06-30 02:50:01.571  1719  1914 D ActivityManager: freezing 16989 com.android.vending
06-30 02:50:01.573  1719  1914 D ActivityManager: freezing 17691 com.whatsapp
06-30 02:50:01.575  1719  1914 D ActivityManager: freezing 12755 com.google.android.apps.messaging
06-30 02:50:01.577  1719  1914 D ActivityManager: freezing 17577 com.google.android.calendar
06-30 02:50:01.579  1719  1914 D ActivityManager: freezing 17734 com.google.android.crossdeviceaccessservice
06-30 02:50:01.580  1719  1914 D ActivityManager: freezing 15265 com.google.android.gms
06-30 02:50:01.751  1719  1914 D ActivityManager: freezing 18444 com.google.android.apps.weather
06-30 02:50:01.753  1719  1914 D ActivityManager: freezing 16255 android.process.acore
06-30 02:50:01.755  1719  1914 D ActivityManager: freezing 16360 com.android.calllogbackup
06-30 02:50:01.756  1719  1914 D ActivityManager: freezing 17828 com.google.android.wearable.protolayout.renderer
06-30 02:50:01.759  1719  1914 D ActivityManager: freezing 8905 com.fitbit.FitbitMobile
06-30 02:50:01.761  1719  1914 D ActivityManager: freezing 15311 com.google.android.apps.wearable.settings
06-30 02:50:01.763  1719  1914 D ActivityManager: freezing 18073 com.poc.silentsms
06-30 02:50:01.765  1719  1914 D ActivityManager: freezing 11188 com.google.android.dialer
--------- beginning of main
06-30 02:50:07.979 18968 18970 I artd    : GetBestInfo: odex next to the dex file (/system/priv-app/UserDictionaryProvider/oat/arm/UserDictionaryProvider.odex) is kOatUpToDate with filter 'speed' executable 'false'
06-30 02:50:07.991 18968 18970 I artd    : GetBestInfo: odex next to the dex file (/product/priv-app/ConnMO/oat/arm/ConnMO.odex) is kOatUpToDate with filter 'speed' executable 'false'
06-30 02:50:08.001 18968 18970 I artd    : GetBestInfo: odex next to the dex file (/product/priv-app/DCMO/oat/arm/DCMO.odex) is kOatUpToDate with filter 'speed' executable 'false'
06-30 02:50:08.008 18968 18970 I artd    : GetBestInfo: odex next to the dex file (/product/priv-app/DiagMon/oat/arm/DiagMon.odex) is kOatUpToDate with filter 'speed' executable 'false'
06-30 02:50:08.016 18968 18969 I artd    : GetBestInfo: odex next to the dex file (/system/app/SecureElement/oat/arm/SecureElement.odex) is kOatUpToDate with filter 'speed' executable 'false'
06-30 02:50:08.018 18968 18969 I artd    : GetBestInfo: /vendor/overlay/SecureElementResTarget_Vendor.apk has no usable artifacts
06-30 02:50:08.020 18968 18969 I artd    : No dex file found in /vendor/overlay/SecureElementResTarget_Vendor.apk
06-30 02:50:08.025 18968 18970 I artd    : GetBestInfo: odex next to the dex file (/system/priv-app/TelecomShim/oat/arm/TelecomShim.odex) is kOatUpToDate with filter 'speed' executable 'false'
06-30 02:50:08.035 18968 18970 I artd    : GetBestInfo: odex next to the dex file (/system/priv-app/ClockworkShell/oat/arm/ClockworkShell.odex) is kOatUpToDate with filter 'speed' executable 'false'
06-30 02:50:08.048 18968 18970 I artd    : GetBestInfo: odex next to the dex file (/system/priv-app/SoundPicker/oat/arm/SoundPicker.odex) is kOatUpToDate with filter 'speed' executable 'false'
06-30 02:50:08.061 18968 18970 I artd    : GetBestInfo: odex next to the dex file (/system/app/Stk/oat/arm/Stk.odex) is kOatUpToDate with filter 'speed' executable 'false'
06-30 02:50:08.087 18968 18969 I artd    : GetBestInfo: odex next to the dex file (/data/app/~~nWJmGE10DWp2cSSU2E3PVQ==/com.android.vending-2A9eziEQo0gEN9yo0eoLQw==/oat/arm/base.odex) is kOatUpToDate with filter 'speed-profile' executable 'false'
06-30 02:50:08.097 18968 18969 I artd    : GetBestInfo: odex next to the dex file (/data/user/0/com.android.vending/app_dg_cache/3C8D300F08874D8E2D82450614C8E29D0EBB3C5E/oat/arm/the.odex) is kOatUpToDate with filter 'verify' executable 'false'
06-30 02:50:08.110 18968 18970 I artd    : GetBestInfo: odex in dalvik-cache (/data/dalvik-cache/arm/apex@com.android.webapp@priv-app@WebAppService@CP2A.260603.001@WebAppService.apk@classes.dex) is kOatUpToDate with filter 'verify' executable 'false'
06-30 02:50:08.130 18968 18969 I artd    : GetBestInfo: odex next to the dex file (/data/app/~~nTqgrv6-zWr1ZKVxuFbRBg==/com.fitbit.FitbitMobile-jmO8Iy0JDOaq0wwiCKu_2Q==/oat/arm/base.odex) is kOatUpToDate with filter 'speed-profile' executable 'false'
06-30 02:50:08.145 18968 18969 I artd    : GetBestInfo: vdex next to the dex file (/data/app/~~VaoIhcpeMbaXFS1DGLLQNQ==/com.fitbit.ecg-v27GGzxr2EkeUA30GtAjYQ==/oat/arm/base.vdex) is kOatUpToDate with filter 'verify' executable 'false'
06-30 02:50:08.158 18968 18969 I artd    : GetBestInfo: odex next to the dex file (/system_ext/priv-app/SSRestartDetector/oat/arm/SSRestartDetector.odex) is kOatUpToDate with filter 'speed' executable 'false'
06-30 02:50:08.175 18968 18970 I artd    : GetBestInfo: odex next to the dex file (/product/priv-app/GoogleCameraWear/oat/arm/GoogleCameraWear.odex) is kOatUpToDate with filter 'speed' executable 'false'
06-30 02:50:08.178 18968 18970 I artd    : GetBestInfo: /apex/com.android.adservices/priv-app/AdServicesApkGoogle@370546200/AdServicesApkGoogle.apk has no usable artifacts
06-30 02:50:08.202 18968 18970 I artd    : GetBestInfo: vdex next to the dex file (/data/app/~~VA-p8me3JZZxXS6XJKRoxw==/com.google.android.apps.adm-oK3kwlJD79pndpyYePeFaw==/oat/arm/base.vdex) is kOatUpToDate with filter 'verify' executable 'false'
06-30 02:50:08.215 18968 18969 I artd    : GetBestInfo: odex next to the dex file (/product/priv-app/CarrierMetrics/oat/arm/CarrierMetrics.odex) is kOatUpToDate with filter 'speed' executable 'false'
06-30 02:50:08.222 18968 18969 I artd    : GetBestInfo: vdex next to the dex file (/data/app/~~2ktbH33pSjTyQmUZMAMvyQ==/com.google.android.apps.chromecast.app-Ew_4GS-ypdWQzD150668xA==/oat/arm/base.vdex) is kOatUpToDate with filter 'verify' executable 'false'
06-30 02:50:08.241 18968 18970 I artd    : GetBestInfo: odex next to the dex file (/data/app/~~j2Ub7FaZurhIolUgC0GnEw==/com.google.android.apps.maps-OiA0r2D5cZnYNdWlbldQSw==/oat/arm/base.odex) is kOatUpToDate with filter 'speed-profile' executable 'false'
06-30 02:50:08.259 18968 18969 I artd    : GetBestInfo: odex next to the dex file (/data/app/~~wFL8cvlshUvmRoKvI3spWA==/com.google.android.apps.messaging-HsnZGoSIB7G6ZjJNuihrtw==/oat/arm/base.odex) is kOatUpToDate with filter 'speed-profile' executable 'false'
06-30 02:50:08.278 18968 18969 W artd    : ClassLoaderContext shared library size mismatch. Expected=1, found=0 (PCL[]{PCL[/system/framework/clockwork-ambient.jar*395305307]{PCL[/system_ext/framework/pele-runtime.jar*2816955534]{PCL[/system/framework/com.google.android.wearable.jar*709817027]}}#PCL[/system/framework/com.google.android.wearable.jar*709817027]} | PCL[]{PCL[/system/framework/clockwork-ambient.jar*395305307]#PCL[/system/framework/com.google.android.wearable.jar*709817027]})
06-30 02:50:08.279 18968 18969 I artd    : GetBestInfo: odex next to the dex file (/product/priv-app/GooglePhotosClockwork/oat/arm/GooglePhotosClockwork.odex) is kOatContextOutOfDate with filter 'speed' executable 'false': ClassLoaderContext check failed. Context was PCL[]{PCL[/system/framework/clockwork-ambient.jar*395305307]{PCL[/system_ext/framework/pele-runtime.jar*2816955534]{PCL[/system/framework/com.google.android.wearable.jar*709817027]}}#PCL[/system/framework/com.google.android.wearable.jar*709817027]}. The expected context is PCL[]{PCL[/system/framework/clockwork-ambient.jar*395305307]#PCL[/system/framework/com.google.android.wearable.jar*709817027]}
06-30 02:50:08.282 18968 18969 I artd    : GetBestInfo: vdex next to the dex file (/product/priv-app/GooglePhotosClockwork/oat/arm/GooglePhotosClockwork.vdex) is kOatUpToDate with filter 'verify' executable 'false'
06-30 02:50:08.297 18968 18969 I artd    : GetBestInfo: odex next to the dex file (/system_ext/priv-app/DeviceConnectivityServiceWearPrebuilt_26.02.00/oat/arm/DeviceConnectivityServiceWearPrebuilt_26.02.00.odex) is kOatUpToDate with filter 'speed' executable 'false'
06-30 02:50:08.312 18968 18970 I artd    : GetBestInfo: odex next to the dex file (/data/app/~~DWgkYyNPkkggebgaqrzYXg==/com.google.android.apps.safetyhub-notSShUWXGlmpLJenigEOg==/oat/arm/base.odex) is kOatUpToDate with filter 'speed-profile' executable 'false'
06-30 02:50:08.332 18968 18970 I artd    : GetBestInfo: odex in dalvik-cache (/data/dalvik-cache/arm/product@priv-app@SCONE-WEAR-v60982@SCONE-WEAR-v60982.apk@classes.dex) is kOatUpToDate with filter 'speed-profile' executable 'false'
06-30 02:50:08.348 18968 18970 I artd    : GetBestInfo: odex next to the dex file (/data/app/~~VwzQHO1rEerUm_Vp_Fm-mw==/com.google.android.apps.walletnfcrel-4N9Rq_W47mYvjj-4yQ5MlA==/oat/arm/base.odex) is kOatUpToDate with filter 'speed-profile' executable 'false'
06-30 02:50:08.359 18968 18970 I artd    : GetBestInfo: odex next to the dex file (/system/priv-app/ClockworkRetailAttractLoop/oat/arm/ClockworkRetailAttractLoop.odex) is kOatUpToDate with filter 'speed-profile' executable 'false'
06-30 02:50:08.379 18968 18969 I artd    : GetBestInfo: odex next to the dex file (/system_ext/priv-app/PixelWatchSettingsCompose/oat/arm/PixelWatchSettingsCompose.odex) is kOatUpToDate with filter 'speed' executable 'false'
06-30 02:50:08.394 18968 18969 I artd    : GetBestInfo: odex in dalvik-cache (/data/dalvik-cache/arm/system_ext@priv-app@ClockworkSystemUI@ClockworkSystemUI.apk@classes.dex) is kOatUpToDate with filter 'speed' executable 'false'
06-30 02:50:08.403 18968 18970 I artd    : GetBestInfo: odex in dalvik-cache (/data/dalvik-cache/arm/product@priv-app@WeatherPixelWatch@WeatherPixelWatch.apk@classes.dex) is kOatUpToDate with filter 'speed-profile' executable 'false'
06-30 02:50:08.424 18968 18970 I artd    : GetBestInfo: vdex next to the dex file (/data/app/~~JDeficYWm1Kt3MY0sbcTMg==/com.google.android.apps.youtube.music-YAcKYWOOp84sfynIfKbLkw==/oat/arm/base.vdex) is kOatUpToDate with filter 'verify' executable 'false'
06-30 02:50:08.427 18968 18970 I artd    : GetBestInfo: /apex/com.android.appsearch/priv-app/com.google.android.appsearch.apk@370546200/com.google.android.appsearch.apk.apk has no usable artifacts
06-30 02:50:08.443 18968 18970 I artd    : GetBestInfo: odex in dalvik-cache (/data/dalvik-cache/arm/apex@com.android.bt@app@BluetoothGoogle@370546320@BluetoothGoogle.apk@classes.dex) is kOatUpToDate with filter 'speed-profile' executable 'false'
06-30 02:50:08.463 18968 18970 I artd    : GetBestInfo: odex next to the dex file (/data/app/~~IdvRJxd3_xSRW5aZUpHZPA==/com.google.android.calendar-RY0AAqRjC4MedzwfxTW8Uw==/oat/arm/base.odex) is kOatUpToDate with filter 'speed-profile' executable 'false'
06-30 02:50:08.476 18968 18970 I artd    : GetBestInfo: odex next to the dex file (/system/app/CaptivePortalLoginGoogle/oat/arm/CaptivePortalLoginGoogle.odex) is kOatUpToDate with filter 'speed' executable 'false'
06-30 02:50:08.493 18968 18970 I artd    : GetBestInfo: odex next to the dex file (/product/priv-app/CarrierSettingsGwear/oat/arm/CarrierSettingsGwear.odex) is kOatUpToDate with filter 'speed' executable 'false'
06-30 02:50:08.507 18968 18970 I artd    : GetBestInfo: odex in dalvik-cache (/data/dalvik-cache/arm/apex@com.android.cellbroadcast@priv-app@GoogleCellBroadcastApp@370546200@GoogleCellBroadcastApp.apk@classes.dex) is kOatUpToDate with filter 'verify' executable 'false'
06-30 02:50:08.515 18968 18969 I artd    : GetBestInfo: odex in dalvik-cache (/data/dalvik-cache/arm/apex@com.android.cellbroadcast@priv-app@GoogleCellBroadcastServiceModule@370546200@GoogleCellBroadcastServiceModule.apk@classes.dex) is kOatUpToDate with filter 'verify' executable 'false'
06-30 02:50:08.523 18968 18969 I artd    : GetBestInfo: odex next to the dex file (/system/app/ClockworkFlashlight/oat/arm/ClockworkFlashlight.odex) is kOatUpToDate with filter 'speed-profile' executable 'false'
06-30 02:50:08.534 18968 18969 I artd    : GetBestInfo: odex next to the dex file (/system/app/DeclarativeWatchFaceFontSandboxPrebuilt/oat/arm/DeclarativeWatchFaceFontSandboxPrebuilt.odex) is kOatUpToDate with filter 'speed' executable 'false'
06-30 02:50:08.541 18968 18969 I artd    : GetBestInfo: odex next to the dex file (/system/app/NfcPlacement/oat/arm/NfcPlacement.odex) is kOatUpToDate with filter 'speed' executable 'false'
06-30 02:50:08.558 18968 18969 I artd    : GetBestInfo: odex next to the dex file (/product/priv-app/ConfigUpdater/oat/arm/ConfigUpdater.odex) is kOatUpToDate with filter 'speed' executable 'false'
06-30 02:50:08.560 18968 18970 I artd    : GetBestInfo: /apex/com.android.tethering/priv-app/ServiceConnectivityResourcesGoogle@370546320/ServiceConnectivityResourcesGoogle.apk has no usable artifacts
06-30 02:50:08.582 18968 18970 I artd    : GetBestInfo: odex next to the dex file (/data/app/~~noy54E7PEuvnY05f1AG4Xg==/com.google.android.contacts-6VH9My4K9bJ1LubKzRLdKg==/oat/arm/base.odex) is kOatUpToDate with filter 'speed-profile' executable 'false'
06-30 02:50:08.598 18968 18969 I artd    : GetBestInfo: odex next to the dex file (/system_ext/app/CrossDeviceAccessServiceAssociated2023/oat/arm/CrossDeviceAccessServiceAssociated2023.odex) is kOatUpToDate with filter 'speed' executable 'false'
06-30 02:50:08.619 18968 18970 I artd    : GetBestInfo: odex in dalvik-cache (/data/dalvik-cache/arm/system@priv-app@PrebuiltDeskClockMicroApp@PrebuiltDeskClockMicroApp.apk@classes.dex) is kOatUpToDate with filter 'speed-profile' executable 'false'
06-30 02:50:08.622 18968 18970 I artd    : GetBestInfo: /apex/com.android.devicelock/priv-app/DeviceLockControllerGoogle@CP2A.260603.001/DeviceLockControllerGoogle.apk has no usable artifacts
06-30 02:50:08.643 18968 18970 I artd    : GetBestInfo: odex next to the dex file (/data/app/~~nYFR63ztlk85Fcb7jjer4A==/com.google.android.dialer-EjUTEg6gsXb63y_9KRQDvA==/oat/arm/base.odex) is kOatUpToDate with filter 'speed-profile' executable 'false'
06-30 02:50:08.662 18968 18970 I artd    : GetBestInfo: odex next to the dex file (/system/priv-app/EuiccWearPrebuilt/oat/arm/EuiccWearPrebuilt.odex) is kOatUpToDate with filter 'speed' executable 'false'
06-30 02:50:08.670 18968 18969 I artd    : GetBestInfo: odex next to the dex file (/system/app/GoogleExtShared/oat/arm/GoogleExtShared.odex) is kOatUpToDate with filter 'speed' executable 'false'
06-30 02:50:08.683 18968 18970 I artd    : GetBestInfo: odex in dalvik-cache (/data/dalvik-cache/arm/apex@com.android.ondevicepersonalization@app@FederatedComputeGoogle@370546200@FederatedComputeGoogle.apk@classes.dex) is kOatUpToDate with filter 'verify' executable 'false'
06-30 02:50:08.693  1719  1967 I HalDevMgr: bestIfaceCreationProposal is null, requestIface=STA, existingIface=[name=wlan0 type=STA]
06-30 02:50:08.702 18968 18970 I artd    : GetBestInfo: odex next to the dex file (/data/app/~~UavsgA7wnYpAaPg-HwWoOg==/com.google.android.gm-DPZSRo50fWTnmthBUtmVIg==/oat/arm/base.odex) is kOatUpToDate with filter 'speed-profile' executable 'false'
06-30 02:50:08.724 18968 18970 I artd    : GetBestInfo: odex next to the dex file (/data/app/~~XmzU6J-gwPPqWSUhug5SEw==/com.google.android.gms-2SyoG-91M3Npbh7UuEz62Q==/oat/arm/base.odex) is kOatUpToDate with filter 'speed-profile' executable 'false'
06-30 02:50:08.735 18968 18969 I artd    : GetBestInfo: odex next to the dex file (/data/app/~~XmzU6J-gwPPqWSUhug5SEw==/com.google.android.gms-2SyoG-91M3Npbh7UuEz62Q==/oat/arm/split_CronetDynamite_installtime.odex) is kOatUpToDate with filter 'speed-profile' executable 'false'
06-30 02:50:08.746 18968 18970 I artd    : GetBestInfo: dm (/data/app/~~XmzU6J-gwPPqWSUhug5SEw==/com.google.android.gms-2SyoG-91M3Npbh7UuEz62Q==/split_DynamiteLoader_installtime.dm) is kOatUpToDate with filter 'verify' executable 'false'
06-30 02:50:08.758 18968 18969 I artd    : GetBestInfo: dm (/data/app/~~XmzU6J-gwPPqWSUhug5SEw==/com.google.android.gms-2SyoG-91M3Npbh7UuEz62Q==/split_DynamiteModulesA_installtime.dm) is kOatUpToDate with filter 'verify' executable 'false'
06-30 02:50:08.770 18968 18970 I artd    : GetBestInfo: dm (/data/app/~~XmzU6J-gwPPqWSUhug5SEw==/com.google.android.gms-2SyoG-91M3Npbh7UuEz62Q==/split_DynamiteModulesC_installtime.dm) is kOatUpToDate with filter 'verify' executable 'false'
06-30 02:50:08.782 18968 18969 I artd    : GetBestInfo: dm (/data/app/~~XmzU6J-gwPPqWSUhug5SEw==/com.google.android.gms-2SyoG-91M3Npbh7UuEz62Q==/split_GoogleCertificates_installtime.dm) is kOatUpToDate with filter 'verify' executable 'false'
06-30 02:50:08.796 18968 18969 I artd    : GetBestInfo: dm (/data/app/~~XmzU6J-gwPPqWSUhug5SEw==/com.google.android.gms-2SyoG-91M3Npbh7UuEz62Q==/split_MapsDynamite_installtime.dm) is kOatUpToDate with filter 'verify' executable 'false'
06-30 02:50:08.816 18968 18969 I artd    : GetBestInfo: dm (/data/app/~~XmzU6J-gwPPqWSUhug5SEw==/com.google.android.gms-2SyoG-91M3Npbh7UuEz62Q==/split_maps_core_dynamite_ondemand.dm) is kOatUpToDate with filter 'verify' executable 'false'
06-30 02:50:08.829 18968 18970 I artd    : GetBestInfo: odex next to the dex file (/data/user/0/com.google.android.gms/app_dg_cache/3C8D300F08874D8E2D82450614C8E29D0EBB3C5E/oat/arm/the.odex) is kOatUpToDate with filter 'verify' executable 'false'
06-30 02:50:08.856 18968 18970 I artd    : GetBestInfo: odex next to the dex file (/product/priv-app/KidsSupervisionWearFull/oat/arm/KidsSupervisionWearFull.odex) is kOatUpToDate with filter 'speed' executable 'false'
06-30 02:50:08.867 18968 18970 I artd    : GetBestInfo: odex next to the dex file (/system_ext/priv-app/grilservice/oat/arm/grilservice.odex) is kOatUpToDate with filter 'speed' executable 'false'
06-30 02:50:08.870 18968 18970 I artd    : GetBestInfo: /system/app/WearGoogleServicesMediator/WearGoogleServicesMediator.apk has no usable artifacts
06-30 02:50:08.884 18968 18969 I artd    : GetBestInfo: odex in dalvik-cache (/data/dalvik-cache/arm/vendor@app@HardwareInfo@HardwareInfo.apk@classes.dex) is kOatUpToDate with filter 'verify' executable 'false'
06-30 02:50:08.893 18968 18969 I artd    : GetBestInfo: odex in dalvik-cache (/data/dalvik-cache/arm/apex@com.android.healthfitness@app@HealthConnectBackupRestoreGoogle@370546200@HealthConnectBackupRestoreGoogle.apk@classes.dex) is kOatUpToDate with filter 'verify' executable 'false'
06-30 02:50:08.907 18968 18969 I artd    : GetBestInfo: odex in dalvik-cache (/data/dalvik-cache/arm/apex@com.android.healthfitness@priv-app@HealthConnectControllerGoogle@370546200@HealthConnectControllerGoogle.apk@classes.dex) is kOatUpToDate with filter 'verify' executable 'false'
06-30 02:50:08.911 18968 18970 I artd    : GetBestInfo: /apex/com.android.wifi/app/OsuLoginGoogle@370546200/OsuLoginGoogle.apk has no usable artifacts
06-30 02:50:08.935 18968 18969 I artd    : GetBestInfo: odex next to the dex file (/data/app/~~qbh1RsX0Qx3F6-F_MGNdyg==/com.google.android.inputmethod.latin-5iU0dMzaUMbBmaOpHt2xVQ==/oat/arm/base.odex) is kOatUpToDate with filter 'speed-profile' executable 'false'
06-30 02:50:08.953 18968 18969 I artd    : GetBestInfo: odex next to the dex file (/data/app/~~ZAmUIZ8mN-Ft43lISCD3vw==/com.google.android.keep-cZmM8ePw3dBx4eLfWlxYVQ==/oat/arm/base.odex) is kOatUpToDate with filter 'speed-profile' executable 'false'
06-30 02:50:08.973 18968 18970 I artd    : GetBestInfo: odex next to the dex file (/data/app/~~s4qE_U2N7Dp08Zoo-ljTRw==/com.google.android.marvin.talkback-pdRMEMIVU5iAPcaGhyqo3Q==/oat/arm/base.odex) is kOatUpToDate with filter 'speed-profile' executable 'false'
06-30 02:50:08.984 18968 18970 I artd    : GetBestInfo: odex next to the dex file (/system/priv-app/NetworkStackGoogle/oat/arm/NetworkStackGoogle.odex) is kOatUpToDate with filter 'speed' executable 'false'
06-30 02:50:08.994 18968 18970 I artd    : GetBestInfo: odex in dalvik-cache (/data/dalvik-cache/arm/apex@com.android.tethering@priv-app@TetheringGoogle@370546320@TetheringGoogle.apk@classes.dex) is kOatUpToDate with filter 'verify' executable 'false'
06-30 02:50:09.003 18968 18970 I artd    : GetBestInfo: odex in dalvik-cache (/data/dalvik-cache/arm/apex@com.android.nfcservices@priv-app@NfcNciApexGoogle@370546220@NfcNciApexGoogle.apk@classes.dex) is kOatUpToDate with filter 'verify' executable 'false'
06-30 02:50:09.005 18968 18969 I artd    : GetBestInfo: /apex/com.android.ondevicepersonalization/priv-app/OnDevicePersonalizationGoogle@370546200/OnDevicePersonalizationGoogle.apk has no usable artifacts
06-30 02:50:09.021 18968 18969 I artd    : GetBestInfo: odex next to the dex file (/system/priv-app/GooglePackageInstaller/oat/arm/GooglePackageInstaller.odex) is kOatUpToDate with filter 'speed' executable 'false'
06-30 02:50:09.037 18968 18969 I artd    : GetBestInfo: odex in dalvik-cache (/data/dalvik-cache/arm/apex@com.android.permission@priv-app@GooglePermissionController@370546320@GooglePermissionController.apk@classes.dex) is kOatUpToDate with filter 'verify' executable 'false'
06-30 02:50:09.045 18968 18970 I artd    : GetBestInfo: odex in dalvik-cache (/data/dalvik-cache/arm/apex@com.android.mediaprovider@priv-app@PhotopickerGoogle@370546200@PhotopickerGoogle.apk@classes.dex) is kOatUpToDate with filter 'verify' executable 'false'
06-30 02:50:09.052 18968 18970 I artd    : GetBestInfo: odex next to the dex file (/system_ext/priv-app/PixelNfc/oat/arm/PixelNfc.odex) is kOatUpToDate with filter 'speed' executable 'false'
06-30 02:50:09.059 18968 18970 I artd    : GetBestInfo: odex next to the dex file (/system_ext/priv-app/PersistentBackgroundServices-watch/oat/arm/PersistentBackgroundServices-watch.odex) is kOatUpToDate with filter 'speed' executable 'false'
06-30 02:50:09.067 18968 18970 I artd    : GetBestInfo: odex in dalvik-cache (/data/dalvik-cache/arm/apex@com.android.mediaprovider@priv-app@MediaProviderGoogle@370546200@MediaProviderGoogle.apk@classes.dex) is kOatUpToDate with filter 'verify' executable 'false'
06-30 02:50:09.075 18968 18970 I artd    : GetBestInfo: odex in dalvik-cache (/data/dalvik-cache/arm/apex@com.android.rkpd@priv-app@rkpdapp.google@370546200@rkpdapp.google.apk@classes.dex) is kOatUpToDate with filter 'speed-profile' executable 'false'
06-30 02:50:09.078 18968 18970 I artd    : GetBestInfo: /apex/com.android.permission/priv-app/GoogleSafetyCenterResources@370546320/GoogleSafetyCenterResources.apk has no usable artifacts
06-30 02:50:09.081 18968 18970 I artd    : No dex file found in /apex/com.android.permission/priv-app/GoogleSafetyCenterResources@370546320/GoogleSafetyCenterResources.apk
06-30 02:50:09.083 18968 18970 I artd    : GetBestInfo: /apex/com.android.adservices/app/SdkSandboxGoogle@370546200/SdkSandboxGoogle.apk has no usable artifacts
06-30 02:50:09.096 18968 18970 I artd    : GetBestInfo: odex in dalvik-cache (/data/dalvik-cache/arm/apex@com.android.telephonycore@priv-app@TelecomUiGoogle@370546200@TelecomUiGoogle.apk@classes.dex) is kOatUpToDate with filter 'verify' executable 'false'
06-30 02:50:09.103 18968 18970 I artd    : GetBestInfo: odex next to the dex file (/data/app/~~ONrC3gIi_UQCHqMYD7WStg==/com.google.android.tts-CIdFQv_bPKzOgqgjJr9LPw==/oat/arm/base.odex) is kOatUpToDate with filter 'speed-profile' executable 'false'
06-30 02:50:09.111 18968 18970 I artd    : GetBestInfo: odex next to the dex file (/data/app/~~xUX0DQOHRKKOXOrSWpdqEQ==/com.google.android.wearable.app-wn8fl-G-JwpbprIhfirLrQ==/oat/arm/base.odex) is kOatUpToDate with filter 'speed-profile' executable 'false'
06-30 02:50:09.120 18968 18969 I artd    : GetBestInfo: odex next to the dex file (/data/app/~~aiQq-Oex-zMelkGg63B7-g==/com.google.android.wearable.assistant-MWqwoF4PrnaGk6Fs6padpA==/oat/arm/base.odex) is kOatUpToDate with filter 'speed-profile' executable 'false'
06-30 02:50:09.129 18968 18969 I artd    : GetBestInfo: odex next to the dex file (/product/priv-app/cavalry/oat/arm/cavalry.odex) is kOatUpToDate with filter 'speed' executable 'false'
06-30 02:50:09.139 18968 18969 I artd    : GetBestInfo: odex next to the dex file (/product/priv-app/DiagnosticsToolWearPrebuilt/oat/arm/DiagnosticsToolWearPrebuilt.odex) is kOatUpToDate with filter 'speed' executable 'false'
06-30 02:50:09.147 18968 18969 I artd    : GetBestInfo: odex next to the dex file (/data/app/~~YnVlcj2XUh-n8-LVbOBsWw==/com.google.android.wearable.dwf.receiver-tJdLta_zEB4QFIkpJw-FFw==/oat/arm/base.odex) is kOatUpToDate with filter 'speed-profile' executable 'false'
06-30 02:50:09.155 18968 18970 I artd    : GetBestInfo: odex next to the dex file (/product/priv-app/FitbitRetailClockwork2023/oat/arm/FitbitRetailClockwork2023.odex) is kOatUpToDate with filter 'speed' executable 'false'
06-30 02:50:09.162 18968 18970 I artd    : GetBestInfo: odex next to the dex file (/system/priv-app/ClockworkFrameworkPackageStubs/oat/arm/ClockworkFrameworkPackageStubs.odex) is kOatUpToDate with filter 'speed' executable 'false'
06-30 02:50:09.170 18968 18970 I artd    : GetBestInfo: odex next to the dex file (/data/app/~~t-pIbQSfSWY89zyaTD-ZGQ==/com.google.android.wearable.healthservices-kqsw_877JhpGMgF8PXDSPg==/oat/arm/base.odex) is kOatUpToDate with filter 'speed-profile' executable 'false'
06-30 02:50:09.179 18968 18970 I artd    : GetBestInfo: odex next to the dex file (/system/priv-app/LwClockworkPrebuilt/oat/arm/LwClockworkPrebuilt.odex) is kOatUpToDate with filter 'speed' executable 'false'
06-30 02:50:09.188 18968 18969 I artd    : GetBestInfo: odex in dalvik-cache (/data/dalvik-cache/arm/system@priv-app@MediaSessionsClockworkPrebuilt@MediaSessionsClockworkPrebuilt.apk@classes.dex) is kOatUpToDate with filter 'speed-profile' executable 'false'
06-30 02:50:09.197 18968 18969 I artd    : GetBestInfo: odex next to the dex file (/product/priv-app/WearConnectedFitnessPrebuilt/oat/arm/WearConnectedFitnessPrebuilt.odex) is kOatUpToDate with filter 'speed' executable 'false'
06-30 02:50:09.206 18968 18969 I artd    : GetBestInfo: odex next to the dex file (/data/app/~~TuRZ8Mt62OKm6f7MrbKw3A==/com.google.android.wearable.pixel.pdms-Um5BFwMIEDPOBqflabjKhA==/oat/arm/base.odex) is kOatUpToDate with filter 'speed-profile' executable 'false'
06-30 02:50:09.213 18968 18970 I artd    : GetBestInfo: odex next to the dex file (/system_ext/priv-app/PixelWatchSettingsProvider/oat/arm/PixelWatchSettingsProvider.odex) is kOatUpToDate with filter 'speed' executable 'false'
06-30 02:50:09.221 18968 18970 I artd    : GetBestInfo: odex next to the dex file (/data/app/~~jVZf04gc836rggE5Fw4VtQ==/com.google.android.wearable.protolayout.renderer-nKkXQt9vSzaGc8Y1qpv60Q==/oat/arm/base.odex) is kOatUpToDate with filter 'speed-profile' executable 'false'
06-30 02:50:09.230 18968 18970 I artd    : GetBestInfo: odex next to the dex file (/system/priv-app/ClockworkSetupWizard/oat/arm/ClockworkSetupWizard.odex) is kOatUpToDate with filter 'speed' executable 'false'
06-30 02:50:09.237 18968 18970 I artd    : GetBestInfo: odex in dalvik-cache (/data/dalvik-cache/arm/system_ext@priv-app@PixelWatchSysUi@PixelWatchSysUi.apk@classes.dex) is kOatUpToDate with filter 'speed-profile' executable 'false'
06-30 02:50:09.247 18968 18970 I artd    : GetBestInfo: odex next to the dex file (/data/app/~~zFnWDcZqo2rvGf_A1_T-CA==/com.google.android.wearable.watchface.rwf-Ybvv2KlbpDytXBZolMbrPw==/oat/arm/base.odex) is kOatUpToDate with filter 'speed-profile' executable 'false'
06-30 02:50:09.254 18968 18970 I artd    : GetBestInfo: odex next to the dex file (/system/priv-app/WeatherClockworkStub/oat/arm/WeatherClockworkStub.odex) is kOatUpToDate with filter 'speed' executable 'false'
06-30 02:50:09.256 18968 18969 I artd    : GetBestInfo: /apex/com.android.wifi/app/WifiDialogGoogle@370546200/WifiDialogGoogle.apk has no usable artifacts
06-30 02:50:09.267 18968 18969 I artd    : GetBestInfo: odex next to the dex file (/system_ext/priv-app/EuiccSupportWear/oat/arm/EuiccSupportWear.odex) is kOatUpToDate with filter 'speed' executable 'false'
06-30 02:50:09.274 18968 18969 I artd    : GetBestInfo: odex next to the dex file (/product/priv-app/OemDmTrigger/oat/arm/OemDmTrigger.odex) is kOatUpToDate with filter 'speed' executable 'false'
06-30 02:50:09.283 18968 18970 I artd    : GetBestInfo: odex next to the dex file (/system/priv-app/WearServicesGoogle/oat/arm/WearServicesGoogle.odex) is kOatUpToDate with filter 'speed' executable 'false'
06-30 02:50:09.291 18968 18969 W artd    : ClassLoaderContext shared library size mismatch. Expected=1, found=0 (PCL[]{PCL[/system/framework/clockwork-ambient.jar*395305307]{PCL[/system_ext/framework/pele-runtime.jar*2816955534]{PCL[/system/framework/com.google.android.wearable.jar*709817027]}}#PCL[/system/framework/com.google.android.wearable.jar*709817027]} | PCL[]{PCL[/system/framework/clockwork-ambient.jar*395305307]#PCL[/system/framework/com.google.android.wearable.jar*709817027]})
06-30 02:50:09.291 18968 18969 I artd    : GetBestInfo: odex next to the dex file (/system/priv-app/DeclarativeWatchFaceRuntimePrebuilt/oat/arm/DeclarativeWatchFaceRuntimePrebuilt.odex) is kOatContextOutOfDate with filter 'speed' executable 'false': ClassLoaderContext check failed. Context was PCL[]{PCL[/system/framework/clockwork-ambient.jar*395305307]{PCL[/system_ext/framework/pele-runtime.jar*2816955534]{PCL[/system/framework/com.google.android.wearable.jar*709817027]}}#PCL[/system/framework/com.google.android.wearable.jar*709817027]}. The expected context is PCL[]{PCL[/system/framework/clockwork-ambient.jar*395305307]#PCL[/system/framework/com.google.android.wearable.jar*709817027]}
06-30 02:50:09.293 18968 18969 I artd    : GetBestInfo: vdex next to the dex file (/system/priv-app/DeclarativeWatchFaceRuntimePrebuilt/oat/arm/DeclarativeWatchFaceRuntimePrebuilt.vdex) is kOatUpToDate with filter 'verify' executable 'false'
06-30 02:50:09.298 18968 18970 I artd    : GetBestInfo: /data/app/~~xK6NoaAdt7FcIwLbXNaYlQ==/com.poc.silentsms-ljXPFQ7XEkVn7eSBSC1YVg==/base.apk has no usable artifacts
06-30 02:50:09.312 18968 18970 I artd    : GetBestInfo: odex next to the dex file (/system_ext/priv-app/QtiTelephonyWear/oat/arm/QtiTelephonyWear.odex) is kOatUpToDate with filter 'speed' executable 'false'
06-30 02:50:09.320 18968 18969 I artd    : GetBestInfo: odex next to the dex file (/product/app/datastatusnotification/oat/arm/datastatusnotification.odex) is kOatUpToDate with filter 'speed' executable 'false'
06-30 02:50:09.328 18968 18969 I artd    : GetBestInfo: odex next to the dex file (/system_ext/priv-app/qcrilmsgtunnel/oat/arm/qcrilmsgtunnel.odex) is kOatUpToDate with filter 'speed' executable 'false'
06-30 02:50:09.334 18968 18969 I artd    : GetBestInfo: odex next to the dex file (/vendor/app/CneApp/oat/arm/CneApp.odex) is kOatUpToDate with filter 'speed' executable 'false'
06-30 02:50:09.342 18968 18969 I artd    : GetBestInfo: odex next to the dex file (/product/app/ConferenceDialer/oat/arm/ConferenceDialer.odex) is kOatUpToDate with filter 'speed' executable 'false'
06-30 02:50:09.351 18968 18970 I artd    : GetBestInfo: odex next to the dex file (/system_ext/app/imssettings/oat/arm/imssettings.odex) is kOatUpToDate with filter 'speed' executable 'false'
06-30 02:50:09.358 18968 18970 I artd    : GetBestInfo: odex next to the dex file (/system_ext/app/QtiTelephonyService/oat/arm/QtiTelephonyService.odex) is kOatUpToDate with filter 'speed' executable 'false'
06-30 02:50:09.363 18968 18970 I artd    : GetBestInfo: odex next to the dex file (/vendor/app/TimeService/oat/arm/TimeService.odex) is kOatUpToDate with filter 'speed' executable 'false'
06-30 02:50:09.373 18968 18970 I artd    : GetBestInfo: odex next to the dex file (/product/app/uimremoteclient/oat/arm/uimremoteclient.odex) is kOatUpToDate with filter 'speed' executable 'false'
06-30 02:50:09.380 18968 18969 I artd    : GetBestInfo: odex next to the dex file (/product/app/uimremoteserver/oat/arm/uimremoteserver.odex) is kOatUpToDate with filter 'speed' executable 'false'
06-30 02:50:09.389 18968 18969 I artd    : GetBestInfo: odex next to the dex file (/data/app/~~W_ePlVrxEk__-ff0ltOcqQ==/com.spotify.music-44XhnBB6YljHZv5mrlMGFA==/oat/arm/base.odex) is kOatUpToDate with filter 'speed-profile' executable 'false'
06-30 02:50:09.399 18968 18969 I artd    : GetBestInfo: odex next to the dex file (/data/app/~~BPbe8XgNUIadeY1smuu61Q==/com.whatsapp-MN4pRE7kNDYr_rdGQTsdpw==/oat/arm/base.odex) is kOatUpToDate with filter 'speed-profile' executable 'false'
06-30 02:50:09.408 18968 18969 I artd    : GetBestInfo: odex next to the dex file (/system_ext/priv-app/ims/oat/arm/ims.odex) is kOatUpToDate with filter 'speed' executable 'false'
06-30 02:50:09.412 18968 18969 I artd    : GetBestInfo: odex next to the dex file (/vendor/app/CACertService/oat/arm/CACertService.odex) is kOatUpToDate with filter 'speed' executable 'false'
06-30 02:50:09.419 18968 18970 I artd    : GetBestInfo: odex next to the dex file (/vendor/app/IWlanService/oat/arm/IWlanService.odex) is kOatUpToDate with filter 'speed' executable 'false'
06-30 02:50:09.515   350   350 I Checkpoint: cp_needsCheckpoint called
06-30 02:50:09.631  1719  2081 W libbinder.Binder: Binder transaction to android.content.pm.IPackageManager, function: UNKNOWN_FUNCTION_NAME, code: 1598311760, took 2352ms. Data bytes: 28 Reply bytes: 4 Flags: 16
06-30 02:50:09.648  1226  1226 I adbd    : adbd service requested 'shell,v2,TERM=xterm-256color,raw:dumpsys alarm'
06-30 02:50:10.393   721   859 D MCU     : usf_sensor.cc:1920               16:04:05.565 [USF] Received start sampling request for Skin temperature sensor (active:1).
06-30 02:50:10.393   721   859 D MCU     : device.cc:154                    16:04:05.566 AS6221Device Set conversion timer: 60000000 ns
06-30 02:50:10.393   721   859 D MCU     : device.cc:173                    16:04:05.566 AS6221Device Set sampling timer:180000000
06-30 02:50:10.394   721   859 D MCU     : skin_temperature_manager.cc:333  16:04:05.629 [SkinTemperature] [Record Processing Incomplete] Processed 0 temperature samples.
06-30 02:50:11.718  1719  1967 I HalDevMgr: bestIfaceCreationProposal is null, requestIface=STA, existingIface=[name=wlan0 type=STA]
06-30 02:50:14.400   721   859 I MCU     : nano_calibration.cc:343          16:04:09.773 [ImuCal] [GYRO_RPS] (s0, c0) Offset | Temp [C] | Quality: 0.001357, -0.005698, -0.000226 | 33.56 | 4
06-30 02:50:14.401   721   859 I MCU     : nano_calibration.cc:349          16:04:09.773 [ImuCal] [GYRO_RPS] (s0) Temp Sensitivity: 0.000056, -0.000018, -0.000045
06-30 02:50:14.402   721   859 I MCU     : nano_calibration.cc:352          16:04:09.773 [ImuCal] [GYRO_RPS] (s0) Temp Intercept: -0.000645, -0.005043, 0.001131
06-30 02:50:14.764  1719  1967 I HalDevMgr: bestIfaceCreationProposal is null, requestIface=STA, existingIface=[name=wlan0 type=STA]
06-30 02:50:15.499   855   880 D ContextHubHal: Got message from nanoapp: ID 0x476f6f676c003000
06-30 02:50:15.896   721   859 D MCU     : site_data_provider.cc:220        16:04:10.924 [SiteDataProvider] Flushing 1 GROK records
06-30 02:50:15.897   721   859 D MCU     : site_data_provider.cc:220        16:04:10.924 [SiteDataProvider] Flushing 1 GROK records
06-30 02:50:16.683  1719  1793 D HighBrightnessModeController: onAmbientLuxChange: 5.7049994/25000.0, IsHighLux: false
06-30 02:50:17.822  1719  1967 I HalDevMgr: bestIfaceCreationProposal is null, requestIface=STA, existingIface=[name=wlan0 type=STA]
06-30 02:50:18.114  2171 15015 D IpClient/wlan0: interfaceLinkStateChanged: ifindex 26 up
06-30 02:50:18.318   391   416 E pixelstats-uevent: Unable to read  - No such file or directory
06-30 02:50:18.322  1435  1435 E BatteryDefender: Failed to read /sys/devices/platform/google,charger/bd_state
06-30 02:50:18.332  1435  1435 E BatteryDefender: Failed to read /sys/devices/platform/google,charger/bd_state
06-30 02:50:20.874  1719  2003 I AdbWifiNetworkMonitor: Wi-Fi network available
06-30 02:50:20.875  1719  2003 I AdbWifiNetworkMonitor: Received the same Wi-Fi SSID. Ignoring.
06-30 02:50:20.877  2637  2987 D DeviceStateHelper: Wifi freq: 2412
06-30 02:50:20.889  2304  2982 D cneJni  : sendWifiStatus start
06-30 02:50:20.891  1719  1967 I HalDevMgr: bestIfaceCreationProposal is null, requestIface=STA, existingIface=[name=wlan0 type=STA]
06-30 02:50:20.891  2304  2982 D QCNEJ/NativeAidlConnector: -> SND notifyDefaultNetworkChanged(1)
06-30 02:50:20.891  2304  2982 D cneJni  : sendDefaultNwMsg start
06-30 02:50:20.892  3468  3688 W EdorasConnMonitorState: unhandled onNetworkConnected
06-30 02:50:21.896  1719  1793 D HighBrightnessModeController: onAmbientLuxChange: 0.02625/25000.0, IsHighLux: false
06-30 02:50:21.906  1719  1793 D HighBrightnessModeController: onAmbientLuxChange: 0.9340775/25000.0, IsHighLux: false
06-30 02:50:22.495  1719  1793 D HighBrightnessModeController: onAmbientLuxChange: 5.10875/25000.0, IsHighLux: false
06-30 02:50:23.875  1226  1226 I adbd    : adbd service requested 'shell,v2,TERM=xterm-256color,raw:service list'
06-30 02:50:23.926  1719  1967 I HalDevMgr: bestIfaceCreationProposal is null, requestIface=STA, existingIface=[name=wlan0 type=STA]
06-30 02:50:23.945 19076 19076 W libbinder.BackendUnifiedServiceManager: Thread Pool max thread count is 0. Cannot cache binder as linkToDeath cannot be implemented. serviceName: DisplayOffloadService
06-30 02:50:23.946 19076 19076 W libbinder.BackendUnifiedServiceManager: Thread Pool max thread count is 0. Cannot cache binder as linkToDeath cannot be implemented. serviceName: DockObserver
06-30 02:50:23.947 19076 19076 E libbinder.Parcel: Reading a NULL string not supported here.
06-30 02:50:23.947 19076 19076 W libbinder.BackendUnifiedServiceManager: Thread Pool max thread count is 0. Cannot cache binder as linkToDeath cannot be implemented. serviceName: HealthService
06-30 02:50:23.948 19076 19076 W libbinder.BackendUnifiedServiceManager: Thread Pool max thread count is 0. Cannot cache binder as linkToDeath cannot be implemented. serviceName: ModeManager
06-30 02:50:23.949 19076 19076 W libbinder.BackendUnifiedServiceManager: Thread Pool max thread count is 0. Cannot cache binder as linkToDeath cannot be implemented. serviceName: SurfaceFlinger
06-30 02:50:23.950 19076 19076 W libbinder.BackendUnifiedServiceManager: Thread Pool max thread count is 0. Cannot cache binder as linkToDeath cannot be implemented. serviceName: SurfaceFlingerAIDL
06-30 02:50:23.951 19076 19076 W libbinder.BackendUnifiedServiceManager: Thread Pool max thread count is 0. Cannot cache binder as linkToDeath cannot be implemented. serviceName: ThermalObserver
06-30 02:50:23.951 19076 19076 E libbinder.Parcel: Reading a NULL string not supported here.
06-30 02:50:23.952 19076 19076 W libbinder.BackendUnifiedServiceManager: Thread Pool max thread count is 0. Cannot cache binder as linkToDeath cannot be implemented. serviceName: WearConnectivityService
06-30 02:50:23.953 19076 19076 E libbinder.Parcel: Reading a NULL string not supported here.
06-30 02:50:23.953 19076 19076 W libbinder.BackendUnifiedServiceManager: Thread Pool max thread count is 0. Cannot cache binder as linkToDeath cannot be implemented. serviceName: WearPowerService
06-30 02:50:23.954 19076 19076 W libbinder.BackendUnifiedServiceManager: Thread Pool max thread count is 0. Cannot cache binder as linkToDeath cannot be implemented. serviceName: accessibility
06-30 02:50:23.955 19076 19076 W libbinder.BackendUnifiedServiceManager: Thread Pool max thread count is 0. Cannot cache binder as linkToDeath cannot be implemented. serviceName: account
06-30 02:50:23.956 19076 19076 W libbinder.BackendUnifiedServiceManager: Thread Pool max thread count is 0. Cannot cache binder as linkToDeath cannot be implemented. serviceName: activity
06-30 02:50:23.958 19076 19076 W libbinder.BackendUnifiedServiceManager: Thread Pool max thread count is 0. Cannot cache binder as linkToDeath cannot be implemented. serviceName: activity_structured
06-30 02:50:23.959 19076 19076 W libbinder.BackendUnifiedServiceManager: Thread Pool max thread count is 0. Cannot cache binder as linkToDeath cannot be implemented. serviceName: activity_task
06-30 02:50:23.959 19076 19076 W libbinder.BackendUnifiedServiceManager: Thread Pool max thread count is 0. Cannot cache binder as linkToDeath cannot be implemented. serviceName: adb
06-30 02:50:23.960 19076 19076 W libbinder.BackendUnifiedServiceManager: Thread Pool max thread count is 0. Cannot cache binder as linkToDeath cannot be implemented. serviceName: alarm
06-30 02:50:23.961 19076 19076 W libbinder.BackendUnifiedServiceManager: Thread Pool max thread count is 0. Cannot cache binder as linkToDeath cannot be implemented. serviceName: allowlist
06-30 02:50:23.966 19076 19076 W libbinder.BackendUnifiedServiceManager: Thread Pool max thread count is 0. Cannot cache binder as linkToDeath cannot be implemented. serviceName: android.frameworks.location.altitude.IAltitudeService/default
06-30 02:50:23.971 19076 19076 W libbinder.BackendUnifiedServiceManager: Thread Pool max thread count is 0. Cannot cache binder as linkToDeath cannot be implemented. serviceName: android.frameworks.sensorservice.ISensorManager/default
06-30 02:50:23.974 19076 19076 W libbinder.BackendUnifiedServiceManager: Thread Pool max thread count is 0. Cannot cache binder as linkToDeath cannot be implemented. serviceName: android.frameworks.stats.IStats/default
06-30 02:50:23.978 19076 19076 W libbinder.BackendUnifiedServiceManager: Thread Pool max thread count is 0. Cannot cache binder as linkToDeath cannot be implemented. serviceName: android.frameworks.vibrator.IVibratorControlService/default
06-30 02:50:23.980 19076 19076 W libbinder.BackendUnifiedServiceManager: Thread Pool max thread count is 0. Cannot cache binder as linkToDeath cannot be implemented. serviceName: android.hardware.audio.core.IConfig/default
06-30 02:50:23.980 19076 19076 E libbinder.IPCThreadState: Binder transaction failure. id: 1617971, cmd: BR_FAILED_REPLY (29201), error: -1 (Operation not permitted)
06-30 02:50:23.975 19076 19076 W service : type=1400 audit(0.0:2954): avc:  denied  { call } for  scontext=u:r:shell:s0 tcontext=u:r:hal_audio_default:s0 tclass=binder permissive=0
06-30 02:50:23.981 19076 19076 W libbinder.BackendUnifiedServiceManager: Thread Pool max thread count is 0. Cannot cache binder as linkToDeath cannot be implemented. serviceName: android.hardware.audio.core.IModule/default
06-30 02:50:23.981 19076 19076 E libbinder.IPCThreadState: Binder transaction failure. id: 1617975, cmd: BR_FAILED_REPLY (29201), error: -1 (Operation not permitted)
06-30 02:50:23.979 19076 19076 W service : type=1400 audit(0.0:2955): avc:  denied  { call } for  scontext=u:r:shell:s0 tcontext=u:r:hal_audio_default:s0 tclass=binder permissive=0
06-30 02:50:23.982 19076 19076 W libbinder.BackendUnifiedServiceManager: Thread Pool max thread count is 0. Cannot cache binder as linkToDeath cannot be implemented. serviceName: android.hardware.audio.core.IModule/r_submix
06-30 02:50:23.979 19076 19076 W service : type=1400 audit(0.0:2956): avc:  denied  { call } for  scontext=u:r:shell:s0 tcontext=u:r:hal_audio_default:s0 tclass=binder permissive=0
06-30 02:50:23.983 19076 19076 E libbinder.IPCThreadState: Binder transaction failure. id: 1617979, cmd: BR_FAILED_REPLY (29201), error: -1 (Operation not permitted)
06-30 02:50:23.984 19076 19076 W libbinder.BackendUnifiedServiceManager: Thread Pool max thread count is 0. Cannot cache binder as linkToDeath cannot be implemented. serviceName: android.hardware.audio.core.IModule/usb
06-30 02:50:23.984 19076 19076 E libbinder.IPCThreadState: Binder transaction failure. id: 1617983, cmd: BR_FAILED_REPLY (29201), error: -1 (Operation not permitted)
06-30 02:50:23.979 19076 19076 W service : type=1400 audit(0.0:2957): avc:  denied  { call } for  scontext=u:r:shell:s0 tcontext=u:r:hal_audio_default:s0 tclass=binder permissive=0
06-30 02:50:23.983 19076 19076 W service : type=1400 audit(0.0:2958): avc:  denied  { call } for  scontext=u:r:shell:s0 tcontext=u:r:hal_audio_default:s0 tclass=binder permissive=0
06-30 02:50:23.985 19076 19076 W libbinder.BackendUnifiedServiceManager: Thread Pool max thread count is 0. Cannot cache binder as linkToDeath cannot be implemented. serviceName: android.hardware.audio.effect.IFactory/default
06-30 02:50:23.985 19076 19076 E libbinder.IPCThreadState: Binder transaction failure. id: 1617987, cmd: BR_FAILED_REPLY (29201), error: -1 (Operation not permitted)
06-30 02:50:23.987 19076 19076 W libbinder.BackendUnifiedServiceManager: Thread Pool max thread count is 0. Cannot cache binder as linkToDeath cannot be implemented. serviceName: android.hardware.bluetooth.audio.IBluetoothAudioProviderFactory/default
06-30 02:50:23.987 19076 19076 E libbinder.IPCThreadState: Binder transaction failure. id: 1617991, cmd: BR_FAILED_REPLY (29201), error: -1 (Operation not permitted)
06-30 02:50:23.988 19076 19076 W libbinder.BackendUnifiedServiceManager: Thread Pool max thread count is 0. Cannot cache binder as linkToDeath cannot be implemented. serviceName: android.hardware.boot.IBootControl/default
06-30 02:50:23.988 19076 19076 E libbinder.IPCThreadState: Binder transaction failure. id: 1617995, cmd: BR_FAILED_REPLY (29201), error: -1 (Operation not permitted)
06-30 02:50:23.990 19076 19076 W libbinder.BackendUnifiedServiceManager: Thread Pool max thread count is 0. Cannot cache binder as linkToDeath cannot be implemented. serviceName: android.hardware.contexthub.IContextHub/default
06-30 02:50:23.990 19076 19076 E libbinder.IPCThreadState: Binder transaction failure. id: 1617999, cmd: BR_FAILED_REPLY (29201), error: -1 (Operation not permitted)
06-30 02:50:23.992 19076 19076 W libbinder.BackendUnifiedServiceManager: Thread Pool max thread count is 0. Cannot cache binder as linkToDeath cannot be implemented. serviceName: android.hardware.drm.IDrmFactory/widevine
06-30 02:50:23.994 19076 19076 W libbinder.BackendUnifiedServiceManager: Thread Pool max thread count is 0. Cannot cache binder as linkToDeath cannot be implemented. serviceName: android.hardware.gatekeeper.IGatekeeper/default
06-30 02:50:23.994 19076 19076 E libbinder.IPCThreadState: Binder transaction failure. id: 1618008, cmd: BR_FAILED_REPLY (29201), error: -1 (Operation not permitted)
06-30 02:50:23.995 19076 19076 W libbinder.BackendUnifiedServiceManager: Thread Pool max thread count is 0. Cannot cache binder as linkToDeath cannot be implemented. serviceName: android.hardware.gnss.IGnss/default
06-30 02:50:23.996 19076 19076 E libbinder.IPCThreadState: Binder transaction failure. id: 1618012, cmd: BR_FAILED_REPLY (29201), error: -1 (Operation not permitted)
06-30 02:50:23.997 19076 19076 W libbinder.BackendUnifiedServiceManager: Thread Pool max thread count is 0. Cannot cache binder as linkToDeath cannot be implemented. serviceName: android.hardware.graphics.allocator.IAllocator/default
06-30 02:50:23.999 19076 19076 W libbinder.BackendUnifiedServiceManager: Thread Pool max thread count is 0. Cannot cache binder as linkToDeath cannot be implemented. serviceName: android.hardware.graphics.composer3.IComposer/default
06-30 02:50:24.001 19076 19076 W libbinder.BackendUnifiedServiceManager: Thread Pool max thread count is 0. Cannot cache binder as linkToDeath cannot be implemented. serviceName: android.hardware.health.IHealth/default
06-30 02:50:24.001 19076 19076 E libbinder.IPCThreadState: Binder transaction failure. id: 1618026, cmd: BR_FAILED_REPLY (29201), error: -1 (Operation not permitted)
06-30 02:50:24.002 19076 19076 W libbinder.BackendUnifiedServiceManager: Thread Pool max thread count is 0. Cannot cache binder as linkToDeath cannot be implemented. serviceName: android.hardware.media.c2.IComponentStore/default
06-30 02:50:24.005 19076 19076 W libbinder.BackendUnifiedServiceManager: Thread Pool max thread count is 0. Cannot cache binder as linkToDeath cannot be implemented. serviceName: android.hardware.media.c2.IComponentStore/software
06-30 02:50:24.008 19076 19076 W libbinder.BackendUnifiedServiceManager: Thread Pool max thread count is 0. Cannot cache binder as linkToDeath cannot be implemented. serviceName: android.hardware.nfc.INfc/default
06-30 02:50:24.008 19076 19076 E libbinder.IPCThreadState: Binder transaction failure. id: 1618040, cmd: BR_FAILED_REPLY (29201), error: -1 (Operation not permitted)
06-30 02:50:24.010 19076 19076 W libbinder.BackendUnifiedServiceManager: Thread Pool max thread count is 0. Cannot cache binder as linkToDeath cannot be implemented. serviceName: android.hardware.power.IPower/default
06-30 02:50:24.010 19076 19076 E libbinder.IPCThreadState: Binder transaction failure. id: 1618044, cmd: BR_FAILED_REPLY (29201), error: -1 (Operation not permitted)
06-30 02:50:24.012 19076 19076 W libbinder.BackendUnifiedServiceManager: Thread Pool max thread count is 0. Cannot cache binder as linkToDeath cannot be implemented. serviceName: android.hardware.power.stats.IPowerStats/default
06-30 02:50:24.012 19076 19076 E libbinder.IPCThreadState: Binder transaction failure. id: 1618048, cmd: BR_FAILED_REPLY (29201), error: -1 (Operation not permitted)
06-30 02:50:24.013 19076 19076 W libbinder.BackendUnifiedServiceManager: Thread Pool max thread count is 0. Cannot cache binder as linkToDeath cannot be implemented. serviceName: android.hardware.radio.config.IRadioConfig/default
06-30 02:50:24.015 19076 19076 W libbinder.BackendUnifiedServiceManager: Thread Pool max thread count is 0. Cannot cache binder as linkToDeath cannot be implemented. serviceName: android.hardware.radio.data.IRadioData/slot1
06-30 02:50:24.017 19076 19076 W libbinder.BackendUnifiedServiceManager: Thread Pool max thread count is 0. Cannot cache binder as linkToDeath cannot be implemented. serviceName: android.hardware.radio.messaging.IRadioMessaging/slot1
06-30 02:50:24.018 19076 19076 W libbinder.BackendUnifiedServiceManager: Thread Pool max thread count is 0. Cannot cache binder as linkToDeath cannot be implemented. serviceName: android.hardware.radio.modem.IRadioModem/slot1
06-30 02:50:24.020 19076 19076 W libbinder.BackendUnifiedServiceManager: Thread Pool max thread count is 0. Cannot cache binder as linkToDeath cannot be implemented. serviceName: android.hardware.radio.network.IRadioNetwork/slot1
06-30 02:50:24.022 19076 19076 W libbinder.BackendUnifiedServiceManager: Thread Pool max thread count is 0. Cannot cache binder as linkToDeath cannot be implemented. serviceName: android.hardware.radio.sap.ISap/slot1
06-30 02:50:24.024 19076 19076 W libbinder.BackendUnifiedServiceManager: Thread Pool max thread count is 0. Cannot cache binder as linkToDeath cannot be implemented. serviceName: android.hardware.radio.sim.IRadioSim/slot1
06-30 02:50:24.026 19076 19076 W libbinder.BackendUnifiedServiceManager: Thread Pool max thread count is 0. Cannot cache binder as linkToDeath cannot be implemented. serviceName: android.hardware.radio.voice.IRadioVoice/slot1
06-30 02:50:24.028 19076 19076 W libbinder.BackendUnifiedServiceManager: Thread Pool max thread count is 0. Cannot cache binder as linkToDeath cannot be implemented. serviceName: android.hardware.secure_element.ISecureElement/SIM1
06-30 02:50:24.030 19076 19076 W libbinder.BackendUnifiedServiceManager: Thread Pool max thread count is 0. Cannot cache binder as linkToDeath cannot be implemented. serviceName: android.hardware.secure_element.ISecureElement/eSE1
06-30 02:50:24.030 19076 19076 E libbinder.IPCThreadState: Binder transaction failure. id: 1618097, cmd: BR_FAILED_REPLY (29201), error: -1 (Operation not permitted)
06-30 02:50:24.038 19076 19076 W libbinder.BackendUnifiedServiceManager: Thread Pool max thread count is 0. Cannot cache binder as linkToDeath cannot be implemented. serviceName: android.hardware.security.keymint.IRemotelyProvisionedComponent/default
06-30 02:50:24.053 19076 19076 W libbinder.BackendUnifiedServiceManager: Thread Pool max thread count is 0. Cannot cache binder as linkToDeath cannot be implemented. serviceName: android.hardware.sensors.ISensors/default
06-30 02:50:24.053 19076 19076 E libbinder.IPCThreadState: Binder transaction failure. id: 1618118, cmd: BR_FAILED_REPLY (29201), error: -1 (Operation not permitted)
06-30 02:50:24.055 19076 19076 W libbinder.BackendUnifiedServiceManager: Thread Pool max thread count is 0. Cannot cache binder as linkToDeath cannot be implemented. serviceName: android.hardware.soundtrigger3.ISoundTriggerHw/default
06-30 02:50:24.055 19076 19076 E libbinder.IPCThreadState: Binder transaction failure. id: 1618122, cmd: BR_FAILED_REPLY (29201), error: -1 (Operation not permitted)
06-30 02:50:24.057 19076 19076 W libbinder.BackendUnifiedServiceManager: Thread Pool max thread count is 0. Cannot cache binder as linkToDeath cannot be implemented. serviceName: android.hardware.tetheroffload.IOffload/default
06-30 02:50:24.058 19076 19076 E libbinder.IPCThreadState: Binder transaction failure. id: 1618126, cmd: BR_FAILED_REPLY (29201), error: -1 (Operation not permitted)
06-30 02:50:24.059 19076 19076 W libbinder.BackendUnifiedServiceManager: Thread Pool max thread count is 0. Cannot cache binder as linkToDeath cannot be implemented. serviceName: android.hardware.thermal.IThermal/default
06-30 02:50:24.060 19076 19076 E libbinder.IPCThreadState: Binder transaction failure. id: 1618130, cmd: BR_FAILED_REPLY (29201), error: -1 (Operation not permitted)
06-30 02:50:24.061 19076 19076 W libbinder.BackendUnifiedServiceManager: Thread Pool max thread count is 0. Cannot cache binder as linkToDeath cannot be implemented. serviceName: android.hardware.usb.IUsb/default
06-30 02:50:24.062 19076 19076 E libbinder.IPCThreadState: Binder transaction failure. id: 1618134, cmd: BR_FAILED_REPLY (29201), error: -1 (Operation not permitted)
06-30 02:50:24.063 19076 19076 W libbinder.BackendUnifiedServiceManager: Thread Pool max thread count is 0. Cannot cache binder as linkToDeath cannot be implemented. serviceName: android.hardware.usb.gadget.IUsbGadget/default
06-30 02:50:24.064 19076 19076 E libbinder.IPCThreadState: Binder transaction failure. id: 1618138, cmd: BR_FAILED_REPLY (29201), error: -1 (Operation not permitted)
06-30 02:50:24.066 19076 19076 W libbinder.BackendUnifiedServiceManager: Thread Pool max thread count is 0. Cannot cache binder as linkToDeath cannot be implemented. serviceName: android.hardware.vibrator.IVibrator/default
06-30 02:50:24.066 19076 19076 E libbinder.IPCThreadState: Binder transaction failure. id: 1618142, cmd: BR_FAILED_REPLY (29201), error: -1 (Operation not permitted)
06-30 02:50:24.068 19076 19076 W libbinder.BackendUnifiedServiceManager: Thread Pool max thread count is 0. Cannot cache binder as linkToDeath cannot be implemented. serviceName: android.hardware.weaver.IWeaver/default
06-30 02:50:24.068 19076 19076 E libbinder.IPCThreadState: Binder transaction failure. id: 1618146, cmd: BR_FAILED_REPLY (29201), error: -1 (Operation not permitted)
06-30 02:50:24.071 19076 19076 E libbinder.IPCThreadState: Binder transaction failure. id: 1618150, cmd: BR_FAILED_REPLY (29201), error: -1 (Operation not permitted)
06-30 02:50:24.073 19076 19076 W libbinder.BackendUnifiedServiceManager: Thread Pool max thread count is 0. Cannot cache binder as linkToDeath cannot be implemented. serviceName: android.hardware.wifi.supplicant.ISupplicant/default
06-30 02:50:24.073 19076 19076 E libbinder.IPCThreadState: Binder transaction failure. id: 1618154, cmd: BR_FAILED_REPLY (29201), error: -1 (Operation not permitted)
06-30 02:50:24.076 19076 19076 W libbinder.BackendUnifiedServiceManager: Thread Pool max thread count is 0. Cannot cache binder as linkToDeath cannot be implemented. serviceName: android.media.audio.IHalAdapterVendorExtension/default
06-30 02:50:24.078 19076 19076 W libbinder.BackendUnifiedServiceManager: Thread Pool max thread count is 0. Cannot cache binder as linkToDeath cannot be implemented. serviceName: android.os.UpdateEngineService
06-30 02:50:24.078 19076 19076 E libbinder.IPCThreadState: Binder transaction failure. id: 1618163, cmd: BR_FAILED_REPLY (29201), error: -1 (Operation not permitted)
06-30 02:50:24.079 19076 19076 W libbinder.BackendUnifiedServiceManager: Thread Pool max thread count is 0. Cannot cache binder as linkToDeath cannot be implemented. serviceName: android.os.UpdateEngineStableService
06-30 02:50:24.079 19076 19076 E libbinder.IPCThreadState: Binder transaction failure. id: 1618167, cmd: BR_FAILED_REPLY (29201), error: -1 (Operation not permitted)
06-30 02:50:24.081 19076 19076 W libbinder.BackendUnifiedServiceManager: Thread Pool max thread count is 0. Cannot cache binder as linkToDeath cannot be implemented. serviceName: android.se.omapi.ISecureElementService/default
06-30 02:50:24.082 19076 19076 W libbinder.BackendUnifiedServiceManager: Thread Pool max thread count is 0. Cannot cache binder as linkToDeath cannot be implemented. serviceName: android.security.apc
06-30 02:50:24.083 19076 19076 W libbinder.BackendUnifiedServiceManager: Thread Pool max thread count is 0. Cannot cache binder as linkToDeath cannot be implemented. serviceName: android.security.authorization
06-30 02:50:24.084 19076 19076 W libbinder.BackendUnifiedServiceManager: Thread Pool max thread count is 0. Cannot cache binder as linkToDeath cannot be implemented. serviceName: android.security.identity
06-30 02:50:24.085 19076 19076 W libbinder.BackendUnifiedServiceManager: Thread Pool max thread count is 0. Cannot cache binder as linkToDeath cannot be implemented. serviceName: android.security.legacykeystore
06-30 02:50:24.086 19076 19076 W libbinder.BackendUnifiedServiceManager: Thread Pool max thread count is 0. Cannot cache binder as linkToDeath cannot be implemented. serviceName: android.security.maintenance
06-30 02:50:24.087 19076 19076 W libbinder.BackendUnifiedServiceManager: Thread Pool max thread count is 0. Cannot cache binder as linkToDeath cannot be implemented. serviceName: android.security.metrics
06-30 02:50:24.091 19076 19076 W libbinder.BackendUnifiedServiceManager: Thread Pool max thread count is 0. Cannot cache binder as linkToDeath cannot be implemented. serviceName: android.system.keystore2.IKeystoreService/default
06-30 02:50:24.094 19076 19076 W libbinder.BackendUnifiedServiceManager: Thread Pool max thread count is 0. Cannot cache binder as linkToDeath cannot be implemented. serviceName: android.system.net.netd.INetd/default
06-30 02:50:24.094 19076 19076 E libbinder.IPCThreadState: Binder transaction failure. id: 1618213, cmd: BR_FAILED_REPLY (29201), error: -1 (Operation not permitted)
06-30 02:50:24.096 19076 19076 W libbinder.BackendUnifiedServiceManager: Thread Pool max thread count is 0. Cannot cache binder as linkToDeath cannot be implemented. serviceName: android.system.suspend.ISystemSuspend/default
06-30 02:50:24.097 19076 19076 E libbinder.IPCThreadState: Binder transaction failure. id: 1618217, cmd: BR_FAILED_REPLY (29201), error: -1 (Operation not permitted)
06-30 02:50:24.099 19076 19076 W libbinder.BackendUnifiedServiceManager: Thread Pool max thread count is 0. Cannot cache binder as linkToDeath cannot be implemented. serviceName: android.system.vold.IVold/default
06-30 02:50:24.100 19076 19076 E libbinder.IPCThreadState: Binder transaction failure. id: 1618228, cmd: BR_FAILED_REPLY (29201), error: -1 (Operation not permitted)
06-30 02:50:24.100 19076 19076 W libbinder.BackendUnifiedServiceManager: Thread Pool max thread count is 0. Cannot cache binder as linkToDeath cannot be implemented. serviceName: anomaly_detector
06-30 02:50:24.102 19076 19076 W libbinder.BackendUnifiedServiceManager: Thread Pool max thread count is 0. Cannot cache binder as linkToDeath cannot be implemented. serviceName: app_binding
06-30 02:50:24.102 19076 19076 E libbinder.Parcel: Reading a NULL string not supported here.
06-30 02:50:24.103 19076 19076 W libbinder.BackendUnifiedServiceManager: Thread Pool max thread count is 0. Cannot cache binder as linkToDeath cannot be implemented. serviceName: app_function
06-30 02:50:24.104 19076 19076 W libbinder.BackendUnifiedServiceManager: Thread Pool max thread count is 0. Cannot cache binder as linkToDeath cannot be implemented. serviceName: app_hibernation
06-30 02:50:24.105 19076 19076 W libbinder.BackendUnifiedServiceManager: Thread Pool max thread count is 0. Cannot cache binder as linkToDeath cannot be implemented. serviceName: app_integrity
06-30 02:50:24.106 19076 19076 W libbinder.BackendUnifiedServiceManager: Thread Pool max thread count is 0. Cannot cache binder as linkToDeath cannot be implemented. serviceName: app_search
06-30 02:50:24.107 19076 19076 W libbinder.BackendUnifiedServiceManager: Thread Pool max thread count is 0. Cannot cache binder as linkToDeath cannot be implemented. serviceName: appops
06-30 02:50:24.108 19076 19076 E libbinder.IPCThreadState: Binder transaction failure. id: 1618269, cmd: BR_FAILED_REPLY (29201), error: -1 (Operation not permitted)
06-30 02:50:24.109 19076 19076 W libbinder.BackendUnifiedServiceManager: Thread Pool max thread count is 0. Cannot cache binder as linkToDeath cannot be implemented. serviceName: attestation_verification
06-30 02:50:24.110 19076 19076 W libbinder.BackendUnifiedServiceManager: Thread Pool max thread count is 0. Cannot cache binder as linkToDeath cannot be implemented. serviceName: audio
06-30 02:50:24.111 19076 19076 W libbinder.BackendUnifiedServiceManager: Thread Pool max thread count is 0. Cannot cache binder as linkToDeath cannot be implemented. serviceName: auth
06-30 02:50:24.111 19076 19076 W libbinder.BackendUnifiedServiceManager: Thread Pool max thread count is 0. Cannot cache binder as linkToDeath cannot be implemented. serviceName: backup
06-30 02:50:24.112 19076 19076 W libbinder.BackendUnifiedServiceManager: Thread Pool max thread count is 0. Cannot cache binder as linkToDeath cannot be implemented. serviceName: battery
06-30 02:50:24.113 19076 19076 E libbinder.Parcel: Reading a NULL string not supported here.
06-30 02:50:24.113 19076 19076 W libbinder.BackendUnifiedServiceManager: Thread Pool max thread count is 0. Cannot cache binder as linkToDeath cannot be implemented. serviceName: batteryproperties
06-30 02:50:24.114 19076 19076 W libbinder.BackendUnifiedServiceManager: Thread Pool max thread count is 0. Cannot cache binder as linkToDeath cannot be implemented. serviceName: batterystats
06-30 02:50:24.115 19076 19076 W libbinder.BackendUnifiedServiceManager: Thread Pool max thread count is 0. Cannot cache binder as linkToDeath cannot be implemented. serviceName: binder_calls_stats
06-30 02:50:24.116 19076 19076 E libbinder.Parcel: Reading a NULL string not supported here.
06-30 02:50:24.116 19076 19076 W libbinder.BackendUnifiedServiceManager: Thread Pool max thread count is 0. Cannot cache binder as linkToDeath cannot be implemented. serviceName: binder_stats_consumer
06-30 02:50:24.117 19076 19076 W libbinder.BackendUnifiedServiceManager: Thread Pool max thread count is 0. Cannot cache binder as linkToDeath cannot be implemented. serviceName: biometric
06-30 02:50:24.118 19076 19076 W libbinder.BackendUnifiedServiceManager: Thread Pool max thread count is 0. Cannot cache binder as linkToDeath cannot be implemented. serviceName: blob_store
06-30 02:50:24.119 19076 19076 W libbinder.BackendUnifiedServiceManager: Thread Pool max thread count is 0. Cannot cache binder as linkToDeath cannot be implemented. serviceName: bluetooth_manager
06-30 02:50:24.121 19076 19076 W libbinder.BackendUnifiedServiceManager: Thread Pool max thread count is 0. Cannot cache binder as linkToDeath cannot be implemented. serviceName: bugreport
06-30 02:50:24.122 19076 19076 W libbinder.BackendUnifiedServiceManager: Thread Pool max thread count is 0. Cannot cache binder as linkToDeath cannot be implemented. serviceName: cacheinfo
06-30 02:50:24.123 19076 19076 E libbinder.Parcel: Reading a NULL string not supported here.
06-30 02:50:24.123 19076 19076 W libbinder.BackendUnifiedServiceManager: Thread Pool max thread count is 0. Cannot cache binder as linkToDeath cannot be implemented. serviceName: carrier_config
06-30 02:50:24.124 19076 19076 W libbinder.BackendUnifiedServiceManager: Thread Pool max thread count is 0. Cannot cache binder as linkToDeath cannot be implemented. serviceName: clipboard
06-30 02:50:24.125 19076 19076 W libbinder.BackendUnifiedServiceManager: Thread Pool max thread count is 0. Cannot cache binder as linkToDeath cannot be implemented. serviceName: color_display
06-30 02:50:24.128 19076 19076 W libbinder.BackendUnifiedServiceManager: Thread Pool max thread count is 0. Cannot cache binder as linkToDeath cannot be implemented. serviceName: com.google.android.wearable.pixel.wac.aidl.IWacManagementService/default
06-30 02:50:24.129 19076 19076 E libbinder.IPCThreadState: Binder transaction failure. id: 1618358, cmd: BR_FAILED_REPLY (29201), error: -1 (Operation not permitted)
06-30 02:50:24.130 19076 19076 W libbinder.BackendUnifiedServiceManager: Thread Pool max thread count is 0. Cannot cache binder as linkToDeath cannot be implemented. serviceName: companiondevice
06-30 02:50:24.131 19076 19076 W libbinder.BackendUnifiedServiceManager: Thread Pool max thread count is 0. Cannot cache binder as linkToDeath cannot be implemented. serviceName: connectivity
06-30 02:50:24.132 19076 19076 W libbinder.BackendUnifiedServiceManager: Thread Pool max thread count is 0. Cannot cache binder as linkToDeath cannot be implemented. serviceName: connectivity_native
06-30 02:50:24.133 19076 19076 W libbinder.BackendUnifiedServiceManager: Thread Pool max thread count is 0. Cannot cache binder as linkToDeath cannot be implemented. serviceName: connmetrics
06-30 02:50:24.134 19076 19076 W libbinder.BackendUnifiedServiceManager: Thread Pool max thread count is 0. Cannot cache binder as linkToDeath cannot be implemented. serviceName: content
06-30 02:50:24.135 19076 19076 W libbinder.BackendUnifiedServiceManager: Thread Pool max thread count is 0. Cannot cache binder as linkToDeath cannot be implemented. serviceName: content_safety
06-30 02:50:24.136 19076 19076 W libbinder.BackendUnifiedServiceManager: Thread Pool max thread count is 0. Cannot cache binder as linkToDeath cannot be implemented. serviceName: contexthub
06-30 02:50:24.138 19076 19076 W libbinder.BackendUnifiedServiceManager: Thread Pool max thread count is 0. Cannot cache binder as linkToDeath cannot be implemented. serviceName: contextual_mode
06-30 02:50:24.139 19076 19076 W libbinder.BackendUnifiedServiceManager: Thread Pool max thread count is 0. Cannot cache binder as linkToDeath cannot be implemented. serviceName: country_detector
06-30 02:50:24.140 19076 19076 W libbinder.BackendUnifiedServiceManager: Thread Pool max thread count is 0. Cannot cache binder as linkToDeath cannot be implemented. serviceName: cpuinfo
06-30 02:50:24.140 19076 19076 E libbinder.Parcel: Reading a NULL string not supported here.
06-30 02:50:24.141 19076 19076 W libbinder.BackendUnifiedServiceManager: Thread Pool max thread count is 0. Cannot cache binder as linkToDeath cannot be implemented. serviceName: credential
06-30 02:50:24.142 19076 19076 W libbinder.BackendUnifiedServiceManager: Thread Pool max thread count is 0. Cannot cache binder as linkToDeath cannot be implemented. serviceName: crossprofileapps
06-30 02:50:24.142 19076 19076 W libbinder.BackendUnifiedServiceManager: Thread Pool max thread count is 0. Cannot cache binder as linkToDeath cannot be implemented. serviceName: dataloader_manager
06-30 02:50:24.143 19076 19076 W libbinder.BackendUnifiedServiceManager: Thread Pool max thread count is 0. Cannot cache binder as linkToDeath cannot be implemented. serviceName: dbinfo
06-30 02:50:24.144 19076 19076 E libbinder.Parcel: Reading a NULL string not supported here.
06-30 02:50:24.144 19076 19076 W libbinder.BackendUnifiedServiceManager: Thread Pool max thread count is 0. Cannot cache binder as linkToDeath cannot be implemented. serviceName: device_config
06-30 02:50:24.145 19076 19076 E libbinder.Parcel: Reading a NULL string not supported here.
06-30 02:50:24.145 19076 19076 W libbinder.BackendUnifiedServiceManager: Thread Pool max thread count is 0. Cannot cache binder as linkToDeath cannot be implemented. serviceName: device_identifiers
06-30 02:50:24.146 19076 19076 W libbinder.BackendUnifiedServiceManager: Thread Pool max thread count is 0. Cannot cache binder as linkToDeath cannot be implemented. serviceName: device_policy
06-30 02:50:24.147 19076 19076 W libbinder.BackendUnifiedServiceManager: Thread Pool max thread count is 0. Cannot cache binder as linkToDeath cannot be implemented. serviceName: device_state
06-30 02:50:24.148 19076 19076 W libbinder.BackendUnifiedServiceManager: Thread Pool max thread count is 0. Cannot cache binder as linkToDeath cannot be implemented. serviceName: deviceidle
06-30 02:50:24.149 19076 19076 W libbinder.BackendUnifiedServiceManager: Thread Pool max thread count is 0. Cannot cache binder as linkToDeath cannot be implemented. serviceName: devicestoragemonitor
06-30 02:50:24.149 19076 19076 E libbinder.Parcel: Reading a NULL string not supported here.
06-30 02:50:24.150 19076 19076 W libbinder.BackendUnifiedServiceManager: Thread Pool max thread count is 0. Cannot cache binder as linkToDeath cannot be implemented. serviceName: diskstats
06-30 02:50:24.152 19076 19076 E libbinder.Parcel: Reading a NULL string not supported here.
06-30 02:50:24.152 19076 19076 W libbinder.BackendUnifiedServiceManager: Thread Pool max thread count is 0. Cannot cache binder as linkToDeath cannot be implemented. serviceName: display
06-30 02:50:24.154 19076 19076 W libbinder.BackendUnifiedServiceManager: Thread Pool max thread count is 0. Cannot cache binder as linkToDeath cannot be implemented. serviceName: domain_verification
06-30 02:50:24.155 19076 19076 W libbinder.BackendUnifiedServiceManager: Thread Pool max thread count is 0. Cannot cache binder as linkToDeath cannot be implemented. serviceName: dreams
06-30 02:50:24.156 19076 19076 W libbinder.BackendUnifiedServiceManager: Thread Pool max thread count is 0. Cannot cache binder as linkToDeath cannot be implemented. serviceName: dropbox
06-30 02:50:24.158 19076 19076 W libbinder.BackendUnifiedServiceManager: Thread Pool max thread count is 0. Cannot cache binder as linkToDeath cannot be implemented. serviceName: dynamic_instrumentation
06-30 02:50:24.159 19076 19076 W libbinder.BackendUnifiedServiceManager: Thread Pool max thread count is 0. Cannot cache binder as linkToDeath cannot be implemented. serviceName: dynamic_system
06-30 02:50:24.160 19076 19076 W libbinder.BackendUnifiedServiceManager: Thread Pool max thread count is 0. Cannot cache binder as linkToDeath cannot be implemented. serviceName: ecm_enhanced_confirmation
06-30 02:50:24.161 19076 19076 W libbinder.BackendUnifiedServiceManager: Thread Pool max thread count is 0. Cannot cache binder as linkToDeath cannot be implemented. serviceName: econtroller
06-30 02:50:24.162 19076 19076 W libbinder.BackendUnifiedServiceManager: Thread Pool max thread count is 0. Cannot cache binder as linkToDeath cannot be implemented. serviceName: emergency_affordance
06-30 02:50:24.163 19076 19076 E libbinder.Parcel: Reading a NULL string not supported here.
06-30 02:50:24.163 19076 19076 W libbinder.BackendUnifiedServiceManager: Thread Pool max thread count is 0. Cannot cache binder as linkToDeath cannot be implemented. serviceName: euicc_card_controller
06-30 02:50:24.164 19076 19076 W libbinder.BackendUnifiedServiceManager: Thread Pool max thread count is 0. Cannot cache binder as linkToDeath cannot be implemented. serviceName: external_vibrator_service
06-30 02:50:24.165 19076 19076 W libbinder.BackendUnifiedServiceManager: Thread Pool max thread count is 0. Cannot cache binder as linkToDeath cannot be implemented. serviceName: feature_flags
06-30 02:50:24.166 19076 19076 W libbinder.BackendUnifiedServiceManager: Thread Pool max thread count is 0. Cannot cache binder as linkToDeath cannot be implemented. serviceName: file
06-30 02:50:24.167 19076 19076 W libbinder.BackendUnifiedServiceManager: Thread Pool max thread count is 0. Cannot cache binder as linkToDeath cannot be implemented. serviceName: file_integrity
06-30 02:50:24.169 19076 19076 W libbinder.BackendUnifiedServiceManager: Thread Pool max thread count is 0. Cannot cache binder as linkToDeath cannot be implemented. serviceName: font
06-30 02:50:24.171 19076 19076 W libbinder.BackendUnifiedServiceManager: Thread Pool max thread count is 0. Cannot cache binder as linkToDeath cannot be implemented. serviceName: gfxinfo
06-30 02:50:24.171 19076 19076 E libbinder.Parcel: Reading a NULL string not supported here.
06-30 02:50:24.172 19076 19076 W libbinder.BackendUnifiedServiceManager: Thread Pool max thread count is 0. Cannot cache binder as linkToDeath cannot be implemented. serviceName: gnss_time_update_service
06-30 02:50:24.172 19076 19076 E libbinder.Parcel: Reading a NULL string not supported here.
06-30 02:50:24.173 19076 19076 W libbinder.BackendUnifiedServiceManager: Thread Pool max thread count is 0. Cannot cache binder as linkToDeath cannot be implemented. serviceName: gpu
06-30 02:50:24.174 19076 19076 W libbinder.BackendUnifiedServiceManager: Thread Pool max thread count is 0. Cannot cache binder as linkToDeath cannot be implemented. serviceName: grammatical_inflection
06-30 02:50:24.175 19076 19076 W libbinder.BackendUnifiedServiceManager: Thread Pool max thread count is 0. Cannot cache binder as linkToDeath cannot be implemented. serviceName: graphicsstats
06-30 02:50:24.176 19076 19076 W libbinder.BackendUnifiedServiceManager: Thread Pool max thread count is 0. Cannot cache binder as linkToDeath cannot be implemented. serviceName: hardware_properties
06-30 02:50:24.177 19076 19076 W libbinder.BackendUnifiedServiceManager: Thread Pool max thread count is 0. Cannot cache binder as linkToDeath cannot be implemented. serviceName: healthconnect
06-30 02:50:24.178 19076 19076 W libbinder.BackendUnifiedServiceManager: Thread Pool max thread count is 0. Cannot cache binder as linkToDeath cannot be implemented. serviceName: imms
06-30 02:50:24.180 19076 19076 W libbinder.BackendUnifiedServiceManager: Thread Pool max thread count is 0. Cannot cache binder as linkToDeath cannot be implemented. serviceName: incidentcompanion
06-30 02:50:24.181 19076 19076 W libbinder.BackendUnifiedServiceManager: Thread Pool max thread count is 0. Cannot cache binder as linkToDeath cannot be implemented. serviceName: incremental
06-30 02:50:24.182 19076 19076 W libbinder.BackendUnifiedServiceManager: Thread Pool max thread count is 0. Cannot cache binder as linkToDeath cannot be implemented. serviceName: input
06-30 02:50:24.183 19076 19076 W libbinder.BackendUnifiedServiceManager: Thread Pool max thread count is 0. Cannot cache binder as linkToDeath cannot be implemented. serviceName: input_method
06-30 02:50:24.185 19076 19076 W libbinder.BackendUnifiedServiceManager: Thread Pool max thread count is 0. Cannot cache binder as linkToDeath cannot be implemented. serviceName: inputflinger
06-30 02:50:24.187 19076 19076 W libbinder.BackendUnifiedServiceManager: Thread Pool max thread count is 0. Cannot cache binder as linkToDeath cannot be implemented. serviceName: ions
06-30 02:50:24.192 19076 19076 W libbinder.BackendUnifiedServiceManager: Thread Pool max thread count is 0. Cannot cache binder as linkToDeath cannot be implemented. serviceName: iphonesubinfo
06-30 02:50:24.194 19076 19076 W libbinder.BackendUnifiedServiceManager: Thread Pool max thread count is 0. Cannot cache binder as linkToDeath cannot be implemented. serviceName: ipsec
06-30 02:50:24.194 19076 19076 W libbinder.BackendUnifiedServiceManager: Thread Pool max thread count is 0. Cannot cache binder as linkToDeath cannot be implemented. serviceName: isms
06-30 02:50:24.195 19076 19076 W libbinder.BackendUnifiedServiceManager: Thread Pool max thread count is 0. Cannot cache binder as linkToDeath cannot be implemented. serviceName: isub
06-30 02:50:24.196 19076 19076 W libbinder.BackendUnifiedServiceManager: Thread Pool max thread count is 0. Cannot cache binder as linkToDeath cannot be implemented. serviceName: jobscheduler
06-30 02:50:24.198 19076 19076 W libbinder.BackendUnifiedServiceManager: Thread Pool max thread count is 0. Cannot cache binder as linkToDeath cannot be implemented. serviceName: launcherapps
06-30 02:50:24.199 19076 19076 W libbinder.BackendUnifiedServiceManager: Thread Pool max thread count is 0. Cannot cache binder as linkToDeath cannot be implemented. serviceName: legacy_permission
06-30 02:50:24.200 19076 19076 W libbinder.BackendUnifiedServiceManager: Thread Pool max thread count is 0. Cannot cache binder as linkToDeath cannot be implemented. serviceName: lights
06-30 02:50:24.201 19076 19076 W libbinder.BackendUnifiedServiceManager: Thread Pool max thread count is 0. Cannot cache binder as linkToDeath cannot be implemented. serviceName: locale
06-30 02:50:24.202 19076 19076 W libbinder.BackendUnifiedServiceManager: Thread Pool max thread count is 0. Cannot cache binder as linkToDeath cannot be implemented. serviceName: location
06-30 02:50:24.203 19076 19076 W libbinder.BackendUnifiedServiceManager: Thread Pool max thread count is 0. Cannot cache binder as linkToDeath cannot be implemented. serviceName: location_time_zone_manager
06-30 02:50:24.203 19076 19076 E libbinder.Parcel: Reading a NULL string not supported here.
06-30 02:50:24.204 19076 19076 W libbinder.BackendUnifiedServiceManager: Thread Pool max thread count is 0. Cannot cache binder as linkToDeath cannot be implemented. serviceName: lock_settings
06-30 02:50:24.205 19076 19076 W libbinder.BackendUnifiedServiceManager: Thread Pool max thread count is 0. Cannot cache binder as linkToDeath cannot be implemented. serviceName: logcat
06-30 02:50:24.206 19076 19076 W libbinder.BackendUnifiedServiceManager: Thread Pool max thread count is 0. Cannot cache binder as linkToDeath cannot be implemented. serviceName: looper_stats
06-30 02:50:24.207 19076 19076 E libbinder.Parcel: Reading a NULL string not supported here.
06-30 02:50:24.207 19076 19076 W libbinder.BackendUnifiedServiceManager: Thread Pool max thread count is 0. Cannot cache binder as linkToDeath cannot be implemented. serviceName: manager
06-30 02:50:24.209 19076 19076 W libbinder.BackendUnifiedServiceManager: Thread Pool max thread count is 0. Cannot cache binder as linkToDeath cannot be implemented. serviceName: media.aaudio
06-30 02:50:24.210 19076 19076 W libbinder.BackendUnifiedServiceManager: Thread Pool max thread count is 0. Cannot cache binder as linkToDeath cannot be implemented. serviceName: media.audio_flinger
06-30 02:50:24.211 19076 19076 W libbinder.BackendUnifiedServiceManager: Thread Pool max thread count is 0. Cannot cache binder as linkToDeath cannot be implemented. serviceName: media.audio_policy
06-30 02:50:24.212 19076 19076 W libbinder.BackendUnifiedServiceManager: Thread Pool max thread count is 0. Cannot cache binder as linkToDeath cannot be implemented. serviceName: media.extractor
06-30 02:50:24.213 19076 19076 W libbinder.BackendUnifiedServiceManager: Thread Pool max thread count is 0. Cannot cache binder as linkToDeath cannot be implemented. serviceName: media.metrics
06-30 02:50:24.214 19076 19076 W libbinder.BackendUnifiedServiceManager: Thread Pool max thread count is 0. Cannot cache binder as linkToDeath cannot be implemented. serviceName: media.player
06-30 02:50:24.215 19076 19076 W libbinder.BackendUnifiedServiceManager: Thread Pool max thread count is 0. Cannot cache binder as linkToDeath cannot be implemented. serviceName: media.resource_manager
06-30 02:50:24.216 19076 19076 W libbinder.BackendUnifiedServiceManager: Thread Pool max thread count is 0. Cannot cache binder as linkToDeath cannot be implemented. serviceName: media.resource_observer
06-30 02:50:24.218 19076 19076 W libbinder.BackendUnifiedServiceManager: Thread Pool max thread count is 0. Cannot cache binder as linkToDeath cannot be implemented. serviceName: media_communication
06-30 02:50:24.219 19076 19076 W libbinder.BackendUnifiedServiceManager: Thread Pool max thread count is 0. Cannot cache binder as linkToDeath cannot be implemented. serviceName: media_metrics
06-30 02:50:24.220 19076 19076 W libbinder.BackendUnifiedServiceManager: Thread Pool max thread count is 0. Cannot cache binder as linkToDeath cannot be implemented. serviceName: media_projection
06-30 02:50:24.221 19076 19076 W libbinder.BackendUnifiedServiceManager: Thread Pool max thread count is 0. Cannot cache binder as linkToDeath cannot be implemented. serviceName: media_router
06-30 02:50:24.222 19076 19076 W libbinder.BackendUnifiedServiceManager: Thread Pool max thread count is 0. Cannot cache binder as linkToDeath cannot be implemented. serviceName: media_session
06-30 02:50:24.223 19076 19076 W libbinder.BackendUnifiedServiceManager: Thread Pool max thread count is 0. Cannot cache binder as linkToDeath cannot be implemented. serviceName: meminfo
06-30 02:50:24.223 19076 19076 E libbinder.Parcel: Reading a NULL string not supported here.
06-30 02:50:24.224 19076 19076 W libbinder.BackendUnifiedServiceManager: Thread Pool max thread count is 0. Cannot cache binder as linkToDeath cannot be implemented. serviceName: memtrack.proxy
06-30 02:50:24.225 19076 19076 W libbinder.BackendUnifiedServiceManager: Thread Pool max thread count is 0. Cannot cache binder as linkToDeath cannot be implemented. serviceName: mount
06-30 02:50:24.226 19076 19076 W libbinder.BackendUnifiedServiceManager: Thread Pool max thread count is 0. Cannot cache binder as linkToDeath cannot be implemented. serviceName: nearby
06-30 02:50:24.228 19076 19076 W libbinder.BackendUnifiedServiceManager: Thread Pool max thread count is 0. Cannot cache binder as linkToDeath cannot be implemented. serviceName: netd_listener
06-30 02:50:24.230 19076 19076 W libbinder.BackendUnifiedServiceManager: Thread Pool max thread count is 0. Cannot cache binder as linkToDeath cannot be implemented. serviceName: netpolicy
06-30 02:50:24.231 19076 19076 W libbinder.BackendUnifiedServiceManager: Thread Pool max thread count is 0. Cannot cache binder as linkToDeath cannot be implemented. serviceName: netstats
06-30 02:50:24.232 19076 19076 W libbinder.BackendUnifiedServiceManager: Thread Pool max thread count is 0. Cannot cache binder as linkToDeath cannot be implemented. serviceName: network_management
06-30 02:50:24.233 19076 19076 W libbinder.BackendUnifiedServiceManager: Thread Pool max thread count is 0. Cannot cache binder as linkToDeath cannot be implemented. serviceName: network_score
06-30 02:50:24.234 19076 19076 W libbinder.BackendUnifiedServiceManager: Thread Pool max thread count is 0. Cannot cache binder as linkToDeath cannot be implemented. serviceName: network_stack
06-30 02:50:24.234 19076 19076 W libbinder.BackendUnifiedServiceManager: Thread Pool max thread count is 0. Cannot cache binder as linkToDeath cannot be implemented. serviceName: network_time_update_service
06-30 02:50:24.235 19076 19076 E libbinder.Parcel: Reading a NULL string not supported here.
06-30 02:50:24.236 19076 19076 W libbinder.BackendUnifiedServiceManager: Thread Pool max thread count is 0. Cannot cache binder as linkToDeath cannot be implemented. serviceName: network_watchlist
06-30 02:50:24.237 19076 19076 W libbinder.BackendUnifiedServiceManager: Thread Pool max thread count is 0. Cannot cache binder as linkToDeath cannot be implemented. serviceName: nfc
06-30 02:50:24.238 19076 19076 W libbinder.BackendUnifiedServiceManager: Thread Pool max thread count is 0. Cannot cache binder as linkToDeath cannot be implemented. serviceName: notification
06-30 02:50:24.239 19076 19076 W libbinder.BackendUnifiedServiceManager: Thread Pool max thread count is 0. Cannot cache binder as linkToDeath cannot be implemented. serviceName: oem_lock
06-30 02:50:24.240 19076 19076 W libbinder.BackendUnifiedServiceManager: Thread Pool max thread count is 0. Cannot cache binder as linkToDeath cannot be implemented. serviceName: on_device_intelligence
06-30 02:50:24.241 19076 19076 W libbinder.BackendUnifiedServiceManager: Thread Pool max thread count is 0. Cannot cache binder as linkToDeath cannot be implemented. serviceName: overlay
06-30 02:50:24.242 19076 19076 W libbinder.BackendUnifiedServiceManager: Thread Pool max thread count is 0. Cannot cache binder as linkToDeath cannot be implemented. serviceName: pac_proxy
06-30 02:50:24.243 19076 19076 W libbinder.BackendUnifiedServiceManager: Thread Pool max thread count is 0. Cannot cache binder as linkToDeath cannot be implemented. serviceName: package
06-30 02:50:24.244 19076 19076 W libbinder.BackendUnifiedServiceManager: Thread Pool max thread count is 0. Cannot cache binder as linkToDeath cannot be implemented. serviceName: package_native
06-30 02:50:24.245 19076 19076 W libbinder.BackendUnifiedServiceManager: Thread Pool max thread count is 0. Cannot cache binder as linkToDeath cannot be implemented. serviceName: pcc_sandbox
06-30 02:50:24.246 19076 19076 W libbinder.BackendUnifiedServiceManager: Thread Pool max thread count is 0. Cannot cache binder as linkToDeath cannot be implemented. serviceName: pcc_sandbox_native
06-30 02:50:24.247 19076 19076 W libbinder.BackendUnifiedServiceManager: Thread Pool max thread count is 0. Cannot cache binder as linkToDeath cannot be implemented. serviceName: people
06-30 02:50:24.248 19076 19076 W libbinder.BackendUnifiedServiceManager: Thread Pool max thread count is 0. Cannot cache binder as linkToDeath cannot be implemented. serviceName: performance_hint
06-30 02:50:24.248 19076 19076 W libbinder.BackendUnifiedServiceManager: Thread Pool max thread count is 0. Cannot cache binder as linkToDeath cannot be implemented. serviceName: permission
06-30 02:50:24.250 19076 19076 W libbinder.BackendUnifiedServiceManager: Thread Pool max thread count is 0. Cannot cache binder as linkToDeath cannot be implemented. serviceName: permission_checker
06-30 02:50:24.251 19076 19076 W libbinder.BackendUnifiedServiceManager: Thread Pool max thread count is 0. Cannot cache binder as linkToDeath cannot be implemented. serviceName: permissionmgr
06-30 02:50:24.251 19076 19076 W libbinder.BackendUnifiedServiceManager: Thread Pool max thread count is 0. Cannot cache binder as linkToDeath cannot be implemented. serviceName: persistent_data_block
06-30 02:50:24.252 19076 19076 W libbinder.BackendUnifiedServiceManager: Thread Pool max thread count is 0. Cannot cache binder as linkToDeath cannot be implemented. serviceName: phone
06-30 02:50:24.253 19076 19076 W libbinder.BackendUnifiedServiceManager: Thread Pool max thread count is 0. Cannot cache binder as linkToDeath cannot be implemented. serviceName: pinner
06-30 02:50:24.254 19076 19076 W libbinder.BackendUnifiedServiceManager: Thread Pool max thread count is 0. Cannot cache binder as linkToDeath cannot be implemented. serviceName: platform_compat
06-30 02:50:24.255 19076 19076 W libbinder.BackendUnifiedServiceManager: Thread Pool max thread count is 0. Cannot cache binder as linkToDeath cannot be implemented. serviceName: platform_compat_native
06-30 02:50:24.256 19076 19076 W libbinder.BackendUnifiedServiceManager: Thread Pool max thread count is 0. Cannot cache binder as linkToDeath cannot be implemented. serviceName: power
06-30 02:50:24.256 19076 19076 W libbinder.BackendUnifiedServiceManager: Thread Pool max thread count is 0. Cannot cache binder as linkToDeath cannot be implemented. serviceName: powerstats
06-30 02:50:24.257 19076 19076 W libbinder.BackendUnifiedServiceManager: Thread Pool max thread count is 0. Cannot cache binder as linkToDeath cannot be implemented. serviceName: processinfo
06-30 02:50:24.259 19076 19076 W libbinder.BackendUnifiedServiceManager: Thread Pool max thread count is 0. Cannot cache binder as linkToDeath cannot be implemented. serviceName: procstats
06-30 02:50:24.260 19076 19076 W libbinder.BackendUnifiedServiceManager: Thread Pool max thread count is 0. Cannot cache binder as linkToDeath cannot be implemented. serviceName: profiling_service
06-30 02:50:24.261 19076 19076 W libbinder.BackendUnifiedServiceManager: Thread Pool max thread count is 0. Cannot cache binder as linkToDeath cannot be implemented. serviceName: protolog_configuration
06-30 02:50:24.262 19076 19076 W libbinder.BackendUnifiedServiceManager: Thread Pool max thread count is 0. Cannot cache binder as linkToDeath cannot be implemented. serviceName: ranging
06-30 02:50:24.268 19076 19076 W libbinder.BackendUnifiedServiceManager: Thread Pool max thread count is 0. Cannot cache binder as linkToDeath cannot be implemented. serviceName: reboot_readiness
06-30 02:50:24.270 19076 19076 W libbinder.BackendUnifiedServiceManager: Thread Pool max thread count is 0. Cannot cache binder as linkToDeath cannot be implemented. serviceName: recovery
06-30 02:50:24.271 19076 19076 W libbinder.BackendUnifiedServiceManager: Thread Pool max thread count is 0. Cannot cache binder as linkToDeath cannot be implemented. serviceName: remote_provisioning
06-30 02:50:24.272 19076 19076 W libbinder.BackendUnifiedServiceManager: Thread Pool max thread count is 0. Cannot cache binder as linkToDeath cannot be implemented. serviceName: resources
06-30 02:50:24.273 19076 19076 W libbinder.BackendUnifiedServiceManager: Thread Pool max thread count is 0. Cannot cache binder as linkToDeath cannot be implemented. serviceName: restrictions
06-30 02:50:24.275 19076 19076 W libbinder.BackendUnifiedServiceManager: Thread Pool max thread count is 0. Cannot cache binder as linkToDeath cannot be implemented. serviceName: role
06-30 02:50:24.276 19076 19076 W libbinder.BackendUnifiedServiceManager: Thread Pool max thread count is 0. Cannot cache binder as linkToDeath cannot be implemented. serviceName: rollback
06-30 02:50:24.278 19076 19076 W libbinder.BackendUnifiedServiceManager: Thread Pool max thread count is 0. Cannot cache binder as linkToDeath cannot be implemented. serviceName: runtime
06-30 02:50:24.278 19076 19076 E libbinder.Parcel: Reading a NULL string not supported here.
06-30 02:50:24.279 19076 19076 W libbinder.BackendUnifiedServiceManager: Thread Pool max thread count is 0. Cannot cache binder as linkToDeath cannot be implemented. serviceName: safety_center
06-30 02:50:24.279 19076 19076 W libbinder.BackendUnifiedServiceManager: Thread Pool max thread count is 0. Cannot cache binder as linkToDeath cannot be implemented. serviceName: scheduling_policy
06-30 02:50:24.281 19076 19076 W libbinder.BackendUnifiedServiceManager: Thread Pool max thread count is 0. Cannot cache binder as linkToDeath cannot be implemented. serviceName: sdk_sandbox
06-30 02:50:24.282 19076 19076 W libbinder.BackendUnifiedServiceManager: Thread Pool max thread count is 0. Cannot cache binder as linkToDeath cannot be implemented. serviceName: sec_key_att_app_id_provider
06-30 02:50:24.283 19076 19076 W libbinder.BackendUnifiedServiceManager: Thread Pool max thread count is 0. Cannot cache binder as linkToDeath cannot be implemented. serviceName: secure_element
06-30 02:50:24.284 19076 19076 W libbinder.BackendUnifiedServiceManager: Thread Pool max thread count is 0. Cannot cache binder as linkToDeath cannot be implemented. serviceName: security_state
06-30 02:50:24.285 19076 19076 W libbinder.BackendUnifiedServiceManager: Thread Pool max thread count is 0. Cannot cache binder as linkToDeath cannot be implemented. serviceName: sensitive_content_protection_service
06-30 02:50:24.286 19076 19076 W libbinder.BackendUnifiedServiceManager: Thread Pool max thread count is 0. Cannot cache binder as linkToDeath cannot be implemented. serviceName: sensor_privacy
06-30 02:50:24.287 19076 19076 W libbinder.BackendUnifiedServiceManager: Thread Pool max thread count is 0. Cannot cache binder as linkToDeath cannot be implemented. serviceName: sensorservice
06-30 02:50:24.288 19076 19076 W libbinder.BackendUnifiedServiceManager: Thread Pool max thread count is 0. Cannot cache binder as linkToDeath cannot be implemented. serviceName: serial
06-30 02:50:24.289 19076 19076 W libbinder.BackendUnifiedServiceManager: Thread Pool max thread count is 0. Cannot cache binder as linkToDeath cannot be implemented. serviceName: servicediscovery
06-30 02:50:24.290 19076 19076 W libbinder.BackendUnifiedServiceManager: Thread Pool max thread count is 0. Cannot cache binder as linkToDeath cannot be implemented. serviceName: settings
06-30 02:50:24.291 19076 19076 E libbinder.Parcel: Reading a NULL string not supported here.
06-30 02:50:24.292 19076 19076 W libbinder.BackendUnifiedServiceManager: Thread Pool max thread count is 0. Cannot cache binder as linkToDeath cannot be implemented. serviceName: shortcut
06-30 02:50:24.293 19076 19076 W libbinder.BackendUnifiedServiceManager: Thread Pool max thread count is 0. Cannot cache binder as linkToDeath cannot be implemented. serviceName: simphonebook
06-30 02:50:24.294 19076 19076 W libbinder.BackendUnifiedServiceManager: Thread Pool max thread count is 0. Cannot cache binder as linkToDeath cannot be implemented. serviceName: soundtrigger
06-30 02:50:24.295 19076 19076 W libbinder.BackendUnifiedServiceManager: Thread Pool max thread count is 0. Cannot cache binder as linkToDeath cannot be implemented. serviceName: soundtrigger_middleware
06-30 02:50:24.296 19076 19076 W libbinder.BackendUnifiedServiceManager: Thread Pool max thread count is 0. Cannot cache binder as linkToDeath cannot be implemented. serviceName: speech_recognition
06-30 02:50:24.297 19076 19076 W libbinder.BackendUnifiedServiceManager: Thread Pool max thread count is 0. Cannot cache binder as linkToDeath cannot be implemented. serviceName: stats
06-30 02:50:24.299 19076 19076 W libbinder.BackendUnifiedServiceManager: Thread Pool max thread count is 0. Cannot cache binder as linkToDeath cannot be implemented. serviceName: statsbootstrap
06-30 02:50:24.300 19076 19076 W libbinder.BackendUnifiedServiceManager: Thread Pool max thread count is 0. Cannot cache binder as linkToDeath cannot be implemented. serviceName: statscompanion
06-30 02:50:24.301 19076 19076 W libbinder.BackendUnifiedServiceManager: Thread Pool max thread count is 0. Cannot cache binder as linkToDeath cannot be implemented. serviceName: statsmanager
06-30 02:50:24.302 19076 19076 W libbinder.BackendUnifiedServiceManager: Thread Pool max thread count is 0. Cannot cache binder as linkToDeath cannot be implemented. serviceName: statusbar
06-30 02:50:24.303 19076 19076 W libbinder.BackendUnifiedServiceManager: Thread Pool max thread count is 0. Cannot cache binder as linkToDeath cannot be implemented. serviceName: storaged
06-30 02:50:24.304 19076 19076 W libbinder.BackendUnifiedServiceManager: Thread Pool max thread count is 0. Cannot cache binder as linkToDeath cannot be implemented. serviceName: storaged_pri
06-30 02:50:24.305 19076 19076 W libbinder.BackendUnifiedServiceManager: Thread Pool max thread count is 0. Cannot cache binder as linkToDeath cannot be implemented. serviceName: storagestats
06-30 02:50:24.307 19076 19076 W libbinder.BackendUnifiedServiceManager: Thread Pool max thread count is 0. Cannot cache binder as linkToDeath cannot be implemented. serviceName: supervision
06-30 02:50:24.310 19076 19076 W libbinder.BackendUnifiedServiceManager: Thread Pool max thread count is 0. Cannot cache binder as linkToDeath cannot be implemented. serviceName: system_config
06-30 02:50:24.311 19076 19076 W libbinder.BackendUnifiedServiceManager: Thread Pool max thread count is 0. Cannot cache binder as linkToDeath cannot be implemented. serviceName: system_server_dumper
06-30 02:50:24.311 19076 19076 E libbinder.Parcel: Reading a NULL string not supported here.
06-30 02:50:24.312 19076 19076 W libbinder.BackendUnifiedServiceManager: Thread Pool max thread count is 0. Cannot cache binder as linkToDeath cannot be implemented. serviceName: system_update
06-30 02:50:24.313 19076 19076 W libbinder.BackendUnifiedServiceManager: Thread Pool max thread count is 0. Cannot cache binder as linkToDeath cannot be implemented. serviceName: task_continuity
06-30 02:50:24.314 19076 19076 W libbinder.BackendUnifiedServiceManager: Thread Pool max thread count is 0. Cannot cache binder as linkToDeath cannot be implemented. serviceName: telecom
06-30 02:50:24.315 19076 19076 W libbinder.BackendUnifiedServiceManager: Thread Pool max thread count is 0. Cannot cache binder as linkToDeath cannot be implemented. serviceName: telephony.registry
06-30 02:50:24.316 19076 19076 W libbinder.BackendUnifiedServiceManager: Thread Pool max thread count is 0. Cannot cache binder as linkToDeath cannot be implemented. serviceName: telephony_ims
06-30 02:50:24.317 19076 19076 W libbinder.BackendUnifiedServiceManager: Thread Pool max thread count is 0. Cannot cache binder as linkToDeath cannot be implemented. serviceName: telephony_phone_number
06-30 02:50:24.318 19076 19076 W libbinder.BackendUnifiedServiceManager: Thread Pool max thread count is 0. Cannot cache binder as linkToDeath cannot be implemented. serviceName: testharness
06-30 02:50:24.318 19076 19076 E libbinder.Parcel: Reading a NULL string not supported here.
06-30 02:50:24.319 19076 19076 W libbinder.BackendUnifiedServiceManager: Thread Pool max thread count is 0. Cannot cache binder as linkToDeath cannot be implemented. serviceName: tethering
06-30 02:50:24.320 19076 19076 W libbinder.BackendUnifiedServiceManager: Thread Pool max thread count is 0. Cannot cache binder as linkToDeath cannot be implemented. serviceName: textclassification
06-30 02:50:24.321 19076 19076 W libbinder.BackendUnifiedServiceManager: Thread Pool max thread count is 0. Cannot cache binder as linkToDeath cannot be implemented. serviceName: texttospeech
06-30 02:50:24.321 19076 19076 W libbinder.BackendUnifiedServiceManager: Thread Pool max thread count is 0. Cannot cache binder as linkToDeath cannot be implemented. serviceName: thermalservice
06-30 02:50:24.323 19076 19076 W libbinder.BackendUnifiedServiceManager: Thread Pool max thread count is 0. Cannot cache binder as linkToDeath cannot be implemented. serviceName: time_detector
06-30 02:50:24.324 19076 19076 W libbinder.BackendUnifiedServiceManager: Thread Pool max thread count is 0. Cannot cache binder as linkToDeath cannot be implemented. serviceName: time_zone_detector
06-30 02:50:24.325 19076 19076 W libbinder.BackendUnifiedServiceManager: Thread Pool max thread count is 0. Cannot cache binder as linkToDeath cannot be implemented. serviceName: tracing.proxy
06-30 02:50:24.326 19076 19076 W libbinder.BackendUnifiedServiceManager: Thread Pool max thread count is 0. Cannot cache binder as linkToDeath cannot be implemented. serviceName: transparency
06-30 02:50:24.327 19076 19076 W libbinder.BackendUnifiedServiceManager: Thread Pool max thread count is 0. Cannot cache binder as linkToDeath cannot be implemented. serviceName: trust
06-30 02:50:24.329 19076 19076 W libbinder.BackendUnifiedServiceManager: Thread Pool max thread count is 0. Cannot cache binder as linkToDeath cannot be implemented. serviceName: uimode
06-30 02:50:24.330 19076 19076 W libbinder.BackendUnifiedServiceManager: Thread Pool max thread count is 0. Cannot cache binder as linkToDeath cannot be implemented. serviceName: updatelock
06-30 02:50:24.331 19076 19076 W libbinder.BackendUnifiedServiceManager: Thread Pool max thread count is 0. Cannot cache binder as linkToDeath cannot be implemented. serviceName: uprobestats_bridge
06-30 02:50:24.332 19076 19076 W libbinder.BackendUnifiedServiceManager: Thread Pool max thread count is 0. Cannot cache binder as linkToDeath cannot be implemented. serviceName: uri_grants
06-30 02:50:24.333 19076 19076 W libbinder.BackendUnifiedServiceManager: Thread Pool max thread count is 0. Cannot cache binder as linkToDeath cannot be implemented. serviceName: usagestats
06-30 02:50:24.334 19076 19076 W libbinder.BackendUnifiedServiceManager: Thread Pool max thread count is 0. Cannot cache binder as linkToDeath cannot be implemented. serviceName: usb
06-30 02:50:24.334 19076 19076 W libbinder.BackendUnifiedServiceManager: Thread Pool max thread count is 0. Cannot cache binder as linkToDeath cannot be implemented. serviceName: user
06-30 02:50:24.335 19076 19076 W libbinder.BackendUnifiedServiceManager: Thread Pool max thread count is 0. Cannot cache binder as linkToDeath cannot be implemented. serviceName: vcn_management
06-30 02:50:24.337 19076 19076 W libbinder.BackendUnifiedServiceManager: Thread Pool max thread count is 0. Cannot cache binder as linkToDeath cannot be implemented. serviceName: vendor.google.google_battery.IGoogleBattery/default
06-30 02:50:24.338 19076 19076 E libbinder.IPCThreadState: Binder transaction failure. id: 1619262, cmd: BR_FAILED_REPLY (29201), error: -1 (Operation not permitted)
06-30 02:50:24.340 19076 19076 W libbinder.BackendUnifiedServiceManager: Thread Pool max thread count is 0. Cannot cache binder as linkToDeath cannot be implemented. serviceName: vendor.google_clockwork.displayoffload2.IDisplayOffload/default
06-30 02:50:24.340 19076 19076 E libbinder.IPCThreadState: Binder transaction failure. id: 1619266, cmd: BR_FAILED_REPLY (29201), error: -1 (Operation not permitted)
06-30 02:50:24.343 19076 19076 W libbinder.BackendUnifiedServiceManager: Thread Pool max thread count is 0. Cannot cache binder as linkToDeath cannot be implemented. serviceName: vendor.google_clockwork.healthservices.IHealthServices/default
06-30 02:50:24.344 19076 19076 E libbinder.IPCThreadState: Binder transaction failure. id: 1619270, cmd: BR_FAILED_REPLY (29201), error: -1 (Operation not permitted)
06-30 02:50:24.346 19076 19076 W libbinder.BackendUnifiedServiceManager: Thread Pool max thread count is 0. Cannot cache binder as linkToDeath cannot be implemented. serviceName: vendor.google_clockwork.wristorientation.IWristOrientation/default
06-30 02:50:24.346 19076 19076 E libbinder.IPCThreadState: Binder transaction failure. id: 1619274, cmd: BR_FAILED_REPLY (29201), error: -1 (Operation not permitted)
06-30 02:50:24.348 19076 19076 W libbinder.BackendUnifiedServiceManager: Thread Pool max thread count is 0. Cannot cache binder as linkToDeath cannot be implemented. serviceName: vendor.nxp.nxpnfc_aidl.INxpNfc/default
06-30 02:50:24.348 19076 19076 E libbinder.IPCThreadState: Binder transaction failure. id: 1619278, cmd: BR_FAILED_REPLY (29201), error: -1 (Operation not permitted)
06-30 02:50:24.350 19076 19076 W libbinder.BackendUnifiedServiceManager: Thread Pool max thread count is 0. Cannot cache binder as linkToDeath cannot be implemented. serviceName: vendor.qti.data.factoryservice.IFactory/default
06-30 02:50:24.350 19076 19076 E libbinder.IPCThreadState: Binder transaction failure. id: 1619282, cmd: BR_FAILED_REPLY (29201), error: -1 (Operation not permitted)
06-30 02:50:24.352 19076 19076 W libbinder.BackendUnifiedServiceManager: Thread Pool max thread count is 0. Cannot cache binder as linkToDeath cannot be implemented. serviceName: vendor.qti.data.ntn.IQmsSatelliteService/default
06-30 02:50:24.353 19076 19076 E libbinder.IPCThreadState: Binder transaction failure. id: 1619286, cmd: BR_FAILED_REPLY (29201), error: -1 (Operation not permitted)
06-30 02:50:24.355 19076 19076 W libbinder.BackendUnifiedServiceManager: Thread Pool max thread count is 0. Cannot cache binder as linkToDeath cannot be implemented. serviceName: vendor.qti.gnss.ILocAidlGnss/default
06-30 02:50:24.355 19076 19076 E libbinder.IPCThreadState: Binder transaction failure. id: 1619290, cmd: BR_FAILED_REPLY (29201), error: -1 (Operation not permitted)
06-30 02:50:24.358 19076 19076 W libbinder.BackendUnifiedServiceManager: Thread Pool max thread count is 0. Cannot cache binder as linkToDeath cannot be implemented. serviceName: vendor.qti.hardware.ListenSoundModelAidl.IListenSoundModel/default
06-30 02:50:24.358 19076 19076 E libbinder.IPCThreadState: Binder transaction failure. id: 1619294, cmd: BR_FAILED_REPLY (29201), error: -1 (Operation not permitted)
06-30 02:50:24.360 19076 19076 W libbinder.BackendUnifiedServiceManager: Thread Pool max thread count is 0. Cannot cache binder as linkToDeath cannot be implemented. serviceName: vendor.qti.hardware.agm.IAGM/default
06-30 02:50:24.360 19076 19076 E libbinder.IPCThreadState: Binder transaction failure. id: 1619298, cmd: BR_FAILED_REPLY (29201), error: -1 (Operation not permitted)
06-30 02:50:24.363 19076 19076 W libbinder.BackendUnifiedServiceManager: Thread Pool max thread count is 0. Cannot cache binder as linkToDeath cannot be implemented. serviceName: vendor.qti.hardware.cacertaidlservice.IService/default
06-30 02:50:24.366 19076 19076 W libbinder.BackendUnifiedServiceManager: Thread Pool max thread count is 0. Cannot cache binder as linkToDeath cannot be implemented. serviceName: vendor.qti.hardware.data.iwlandata.IIWlan/slot1
06-30 02:50:24.368 19076 19076 W libbinder.BackendUnifiedServiceManager: Thread Pool max thread count is 0. Cannot cache binder as linkToDeath cannot be implemented. serviceName: vendor.qti.hardware.mwqemadapteraidlservice.IMwqemAdapter/MwqemAdapter
06-30 02:50:24.369 19076 19076 E libbinder.IPCThreadState: Binder transaction failure. id: 1619312, cmd: BR_FAILED_REPLY (29201), error: -1 (Operation not permitted)
06-30 02:50:24.371 19076 19076 W libbinder.BackendUnifiedServiceManager: Thread Pool max thread count is 0. Cannot cache binder as linkToDeath cannot be implemented. serviceName: vendor.qti.hardware.pal.IPAL/default
06-30 02:50:24.371 19076 19076 E libbinder.IPCThreadState: Binder transaction failure. id: 1619316, cmd: BR_FAILED_REPLY (29201), error: -1 (Operation not permitted)
06-30 02:50:24.374 19076 19076 W libbinder.BackendUnifiedServiceManager: Thread Pool max thread count is 0. Cannot cache binder as linkToDeath cannot be implemented. serviceName: vendor.qti.hardware.qseecom.IQSEECom/default
06-30 02:50:24.374 19076 19076 E libbinder.IPCThreadState: Binder transaction failure. id: 1619320, cmd: BR_FAILED_REPLY (29201), error: -1 (Operation not permitted)
06-30 02:50:24.378 19076 19076 W libbinder.BackendUnifiedServiceManager: Thread Pool max thread count is 0. Cannot cache binder as linkToDeath cannot be implemented. serviceName: vendor.qti.hardware.qteeconnector.IAppConnector/default
06-30 02:50:24.379 19076 19076 E libbinder.IPCThreadState: Binder transaction failure. id: 1619324, cmd: BR_FAILED_REPLY (29201), error: -1 (Operation not permitted)
06-30 02:50:24.383 19076 19076 W libbinder.BackendUnifiedServiceManager: Thread Pool max thread count is 0. Cannot cache binder as linkToDeath cannot be implemented. serviceName: vendor.qti.hardware.qteeconnector.IGPAppConnector/default
06-30 02:50:24.383 19076 19076 E libbinder.IPCThreadState: Binder transaction failure. id: 1619328, cmd: BR_FAILED_REPLY (29201), error: -1 (Operation not permitted)
06-30 02:50:24.385 19076 19076 W libbinder.BackendUnifiedServiceManager: Thread Pool max thread count is 0. Cannot cache binder as linkToDeath cannot be implemented. serviceName: vendor.qti.hardware.radio.am.IQcRilAudio/slot1
06-30 02:50:24.388 19076 19076 W libbinder.BackendUnifiedServiceManager: Thread Pool max thread count is 0. Cannot cache binder as linkToDeath cannot be implemented. serviceName: vendor.qti.hardware.radio.ims.IImsRadio/imsradio0
06-30 02:50:24.391 19076 19076 W libbinder.BackendUnifiedServiceManager: Thread Pool max thread count is 0. Cannot cache binder as linkToDeath cannot be implemented. serviceName: vendor.qti.hardware.radio.lpa.IUimLpa/UimLpa0
06-30 02:50:24.395 19076 19076 W libbinder.BackendUnifiedServiceManager: Thread Pool max thread count is 0. Cannot cache binder as linkToDeath cannot be implemented. serviceName: vendor.qti.hardware.radio.qcrilhook.IQtiOemHook/oemhook0
06-30 02:50:24.400 19076 19076 W libbinder.BackendUnifiedServiceManager: Thread Pool max thread count is 0. Cannot cache binder as linkToDeath cannot be implemented. serviceName: vendor.qti.hardware.radio.qtiradio.IQtiRadioStable/slot1
06-30 02:50:24.403 19076 19076 W libbinder.BackendUnifiedServiceManager: Thread Pool max thread count is 0. Cannot cache binder as linkToDeath cannot be implemented. serviceName: vendor.qti.hardware.radio.qtiradioconfig.IQtiRadioConfig/default
06-30 02:50:24.405 19076 19076 W libbinder.BackendUnifiedServiceManager: Thread Pool max thread count is 0. Cannot cache binder as linkToDeath cannot be implemented. serviceName: vendor.qti.hardware.radio.uim.IUim/Uim0
06-30 02:50:24.408 19076 19076 W libbinder.BackendUnifiedServiceManager: Thread Pool max thread count is 0. Cannot cache binder as linkToDeath cannot be implemented. serviceName: vendor.qti.hardware.radio.uim_remote_client.IUimRemoteServiceClient/uimRemoteClient0
06-30 02:50:24.412 19076 19076 W libbinder.BackendUnifiedServiceManager: Thread Pool max thread count is 0. Cannot cache binder as linkToDeath cannot be implemented. serviceName: vendor.qti.hardware.radio.uim_remote_server.IUimRemoteServiceServer/uimRemoteServer0
06-30 02:50:24.415 19076 19076 W libbinder.BackendUnifiedServiceManager: Thread Pool max thread count is 0. Cannot cache binder as linkToDeath cannot be implemented. serviceName: vendor.qti.ims.factoryaidlservice.IImsFactory/default
06-30 02:50:24.415 19076 19076 E libbinder.IPCThreadState: Binder transaction failure. id: 1619377, cmd: BR_FAILED_REPLY (29201), error: -1 (Operation not permitted)
06-30 02:50:24.416 19076 19076 W libbinder.BackendUnifiedServiceManager: Thread Pool max thread count is 0. Cannot cache binder as linkToDeath cannot be implemented. serviceName: vibrator_manager
06-30 02:50:24.416 19076 19076 W libbinder.BackendUnifiedServiceManager: Thread Pool max thread count is 0. Cannot cache binder as linkToDeath cannot be implemented. serviceName: voiceinteraction
06-30 02:50:24.418 19076 19076 W libbinder.BackendUnifiedServiceManager: Thread Pool max thread count is 0. Cannot cache binder as linkToDeath cannot be implemented. serviceName: wallpaper
06-30 02:50:24.419 19076 19076 W libbinder.BackendUnifiedServiceManager: Thread Pool max thread count is 0. Cannot cache binder as linkToDeath cannot be implemented. serviceName: wear_service
06-30 02:50:24.420 19076 19076 W libbinder.BackendUnifiedServiceManager: Thread Pool max thread count is 0. Cannot cache binder as linkToDeath cannot be implemented. serviceName: wifi
06-30 02:50:24.421 19076 19076 W libbinder.BackendUnifiedServiceManager: Thread Pool max thread count is 0. Cannot cache binder as linkToDeath cannot be implemented. serviceName: wifinl80211
06-30 02:50:24.421 19076 19076 E libbinder.IPCThreadState: Binder transaction failure. id: 1619408, cmd: BR_FAILED_REPLY (29201), error: -1 (Operation not permitted)
06-30 02:50:24.422 19076 19076 W libbinder.BackendUnifiedServiceManager: Thread Pool max thread count is 0. Cannot cache binder as linkToDeath cannot be implemented. serviceName: wifiscanner
06-30 02:50:24.430 19076 19076 W libbinder.BackendUnifiedServiceManager: Thread Pool max thread count is 0. Cannot cache binder as linkToDeath cannot be implemented. serviceName: window
06-30 02:50:24.448  1226  1226 I adbd    : adbd service requested 'shell,v2,TERM=xterm-256color,raw:service call lock_settings 1'
06-30 02:50:24.512 19078 19078 W libbinder.BackendUnifiedServiceManager: Thread Pool max thread count is 0. Cannot cache binder as linkToDeath cannot be implemented. serviceName: lock_settings
06-30 02:50:24.541  1226  1226 I adbd    : adbd service requested 'shell,v2,TERM=xterm-256color,raw:service call credential 1'
06-30 02:50:24.608 19080 19080 W libbinder.BackendUnifiedServiceManager: Thread Pool max thread count is 0. Cannot cache binder as linkToDeath cannot be implemented. serviceName: credential
06-30 02:50:24.610  1719  2156 I CredentialManager: starting executeGetCredential with callingPackage: null
06-30 02:50:24.641  1226  1226 I adbd    : adbd service requested 'shell,v2,TERM=xterm-256color,raw:am startservice -a com.google.android.gms.wearable.ANCS_NOTIFICATION -n com.google.wear.services/com.google.wear.services.infra.gcore.service.GcoreWearableListenerService -d wear://x/notification'
06-30 02:50:24.761  1226  1226 I adbd    : adbd service requested 'shell,v2,TERM=xterm-256color,raw:am startservice -a com.google.android.gms.wearable.NODE_CHANGED -n com.google.wear.services/com.google.wear.services.infra.gcore.service.GcoreWearableListenerService -d wear://x/node'
06-30 02:50:24.869  1226  1226 I adbd    : adbd service requested 'shell,v2,TERM=xterm-256color,raw:dumpsys activity services'
06-30 02:50:25.725  1719  1736 I system_server: Background young concurrent mark compact GC freed 19MB AllocSpace bytes, 67(3316KB) LOS objects, 87% free, 31MB/256MB, paused 4.270ms,7.876ms total 153.888ms
06-30 02:50:25.727  1719  1737 I libbinder.BpBinder: onLastStrongRef automatically unlinking death recipients for binder (0xe4ff82b0) with descriptor: '(not cached)'
06-30 02:50:26.972  1719  1967 I HalDevMgr: bestIfaceCreationProposal is null, requestIface=STA, existingIface=[name=wlan0 type=STA]
06-30 02:50:28.085   391   416 E pixelstats-uevent: Unable to read  - No such file or directory
06-30 02:50:30.029  1719  1967 I HalDevMgr: bestIfaceCreationProposal is null, requestIface=STA, existingIface=[name=wlan0 type=STA]
06-30 02:50:30.225 18968 18970 I libbinder.AidlLazyServiceRegistrar: Process has 0 (of 1 available) client(s) in use after notification artd has clients: 0
06-30 02:50:30.225 18968 18970 I libbinder.AidlLazyServiceRegistrar: Trying to shut down the service. No clients in use for any service in process.
06-30 02:50:30.226 18968 18970 I libbinder.AidlLazyServiceRegistrar: Unregistered all clients and exiting
06-30 02:50:33.077  1719  1967 I HalDevMgr: bestIfaceCreationProposal is null, requestIface=STA, existingIface=[name=wlan0 type=STA]
06-30 02:50:36.125  1719  1967 I HalDevMgr: bestIfaceCreationProposal is null, requestIface=STA, existingIface=[name=wlan0 type=STA]
06-30 02:50:36.161  1628  1654 I pixel-thermal: CDEV log 
06-30 02:50:37.492  1719  1793 D HighBrightnessModeController: onAmbientLuxChange: 0.02625/25000.0, IsHighLux: false
06-30 02:50:37.707  1719  1793 D HighBrightnessModeController: onAmbientLuxChange: 0.042999584/25000.0, IsHighLux: false
06-30 02:50:37.892  1719  1793 D HighBrightnessModeController: onAmbientLuxChange: 0.05125/25000.0, IsHighLux: false
06-30 02:50:38.098  1719  1793 D HighBrightnessModeController: onAmbientLuxChange: 0.2707939/25000.0, IsHighLux: false
06-30 02:50:38.294  1719  1793 D HighBrightnessModeController: onAmbientLuxChange: 0.39125/25000.0, IsHighLux: false
06-30 02:50:38.299  1719  1793 D HighBrightnessModeController: onAmbientLuxChange: 1.7169797/25000.0, IsHighLux: false
06-30 02:50:39.169  1719  1967 I HalDevMgr: bestIfaceCreationProposal is null, requestIface=STA, existingIface=[name=wlan0 type=STA]
06-30 02:50:41.644  1226  1226 I adbd    : adbd service requested 'shell,v2,TERM=xterm-256color,raw:dumpsys activity services'
06-30 02:50:41.742   391   416 E pixelstats-uevent: Unable to read  - No such file or directory
06-30 02:50:41.750  1435  1435 E BatteryDefender: Failed to read /sys/devices/platform/google,charger/bd_state
06-30 02:50:41.755  1226  1226 I adbd    : adbd service requested 'shell,v2,TERM=xterm-256color,raw:cmd package dump com.google.android.apps.safetyhub'
06-30 02:50:41.759  1435  1435 E BatteryDefender: Failed to read /sys/devices/platform/google,charger/bd_state
06-30 02:50:41.992 19107 19107 I artd    : Starting artd
06-30 02:50:41.994 19107 19107 I libbinder.AidlLazyServiceRegistrar: Registering service artd
06-30 02:50:41.996 19107 19107 I libbinder.AidlLazyServiceRegistrar: Process has 1 (of 1 available) client(s) in use after notification artd has clients: 1
06-30 02:50:42.136 19107 19107 I artd    : GetBestInfo: odex next to the dex file (/data/app/~~DWgkYyNPkkggebgaqrzYXg==/com.google.android.apps.safetyhub-notSShUWXGlmpLJenigEOg==/oat/arm/base.odex) is kOatUpToDate with filter 'speed-profile' executable 'false'
06-30 02:50:42.195  1719  1967 I HalDevMgr: bestIfaceCreationProposal is null, requestIface=STA, existingIface=[name=wlan0 type=STA]
06-30 02:50:42.205  1719  2156 D TelephonyManager: requestModemActivityInfo: Sending result to app: ModemActivityInfo{ mTimestamp=56262058 mSleepTimeMs=51006511 mIdleTimeMs=1821558 mActivityStatsTechSpecificInfo=[{mRat=UNKNOWN,mFrequencyRange=UNKNOWN,mTxTimeMs[]=[0, 0, 0, 0, 0],mRxTimeMs=0}]}
06-30 02:50:42.238   853   853 D vendor.qti.bluetooth@1.0-wake_lock: Acquire wakelock is acquired 
06-30 02:50:42.239   853   861 D vendor.qti.bluetooth@1.0-ibs_handler: SerialClockVote: vote for UART CLK ON
06-30 02:50:42.244   853   861 D vendor.qti.bluetooth@1.0-uart_transport: ClockOperation: USERIAL_OP_CLK_ON - after sys fs write-ret:4
06-30 02:50:42.244   853   861 D vendor.qti.bluetooth@1.0-uart_transport: SocRxDWakeup: Flow off->Change UART baudrate to 38.4kbs->send 0x00->Change UART baudrate to max->Flow on
06-30 02:50:42.245   853   861 I vendor.qti.bluetooth@1.0-uart_transport: ## userial_vendor_ioctl: UART Flow Off 
06-30 02:50:42.247   853   861 I vendor.qti.bluetooth@1.0-uart_transport: ## userial_vendor_set_baud: 17
06-30 02:50:42.256   853   861 I vendor.qti.bluetooth@1.0-uart_transport: SetBaudRate: in BOTHER
06-30 02:50:42.256   853   861 I vendor.qti.bluetooth@1.0-uart_transport: ## userial_vendor_ioctl: UART Flow On 
06-30 02:50:42.257   853   861 I vendor.qti.bluetooth@1.0-ibs_handler: DeviceWakeUp: Writing IBS_WAKE_IND
06-30 02:50:42.257   853  2603 I vendor.qti.bluetooth@1.0-ibs_handler: ProcessIbsCmd: Received IBS_WAKE_ACK: 0xFC
06-30 02:50:42.257   853  2603 I vendor.qti.bluetooth@1.0-ibs_handler: ProcessIbsCmd: Signal wack_cond_
06-30 02:50:42.258   853  2603 I vendor.qti.bluetooth@1.0-ibs_handler: ProcessIbsCmd: Received IBS_WAKE_ACK: 0xFC
06-30 02:50:42.258   853  2603 I vendor.qti.bluetooth@1.0-ibs_handler: ProcessIbsCmd: Signal wack_cond_
06-30 02:50:42.258   853   861 D vendor.qti.bluetooth@1.0-ibs_handler: DeviceWakeUp: Unblocked from waiting for FC, pthread_cond_timedwait ret = 0
06-30 02:50:42.259   853  2603 I vendor.qti.bluetooth@1.0-ibs_handler: ProcessIbsCmd: Received IBS_WAKE_IND: 0xFD
06-30 02:50:42.259   853  2603 I vendor.qti.bluetooth@1.0-ibs_handler: ProcessIbsCmd: Writing IBS_WAKE_ACK
06-30 02:50:42.269   857   857 I CpuStateResidencyDataProvider:  Reading : /sys/devices/system/cpu/cpu0/cpufreq/stats/trans_table
06-30 02:50:42.272   857   857 I CpuStateResidencyDataProvider:  Reading : /sys/devices/system/cpu/cpu1/cpufreq/stats/trans_table
06-30 02:50:42.275   857   857 I CpuStateResidencyDataProvider:  Reading : /sys/devices/system/cpu/cpu2/cpufreq/stats/trans_table
06-30 02:50:42.278   857   857 I CpuStateResidencyDataProvider:  Reading : /sys/devices/system/cpu/cpu3/cpufreq/stats/trans_table
06-30 02:50:42.301   853  2603 I vendor.qti.bluetooth@1.0-ibs_handler: ProcessIbsCmd: Received IBS_SLEEP_IND: 0xFE
06-30 02:50:42.325   394  3408 E android.system.suspend-service: Error opening kernel wakelock stats for: wakeup7/name (../../devices/platform/soc/4ac0000.qcom,qupv3_0_geni_se/4a90000.spi/spi_master/spi0/spi0.0/wakeup/wakeup7/name): Permission denied
06-30 02:50:42.326   394  3408 E android.system.suspend-service: Error opening kernel wakelock stats for: wakeup7/active_count (../../devices/platform/soc/4ac0000.qcom,qupv3_0_geni_se/4a90000.spi/spi_master/spi0/spi0.0/wakeup/wakeup7/active_count): Permission denied
06-30 02:50:42.323   394   394 W binder:394_7: type=1400 audit(0.0:3003): avc:  denied  { read } for  name="name" dev="sysfs" ino=63748 scontext=u:r:system_suspend:s0 tcontext=u:object_r:sysfs:s0 tclass=file permissive=0
06-30 02:50:42.326   394  3408 E android.system.suspend-service: Error opening kernel wakelock stats for: wakeup7/last_change_ms (../../devices/platform/soc/4ac0000.qcom,qupv3_0_geni_se/4a90000.spi/spi_master/spi0/spi0.0/wakeup/wakeup7/last_change_ms): Permission denied
06-30 02:50:42.327   394  3408 E android.system.suspend-service: Error opening kernel wakelock stats for: wakeup7/max_time_ms (../../devices/platform/soc/4ac0000.qcom,qupv3_0_geni_se/4a90000.spi/spi_master/spi0/spi0.0/wakeup/wakeup7/max_time_ms): Permission denied
06-30 02:50:42.327   394  3408 E android.system.suspend-service: Error opening kernel wakelock stats for: wakeup7/total_time_ms (../../devices/platform/soc/4ac0000.qcom,qupv3_0_geni_se/4a90000.spi/spi_master/spi0/spi0.0/wakeup/wakeup7/total_time_ms): Permission denied
06-30 02:50:42.323   394   394 W binder:394_7: type=1400 audit(0.0:3004): avc:  denied  { read } for  name="active_count" dev="sysfs" ino=63749 scontext=u:r:system_suspend:s0 tcontext=u:object_r:sysfs:s0 tclass=file permissive=0
06-30 02:50:42.327   394  3408 E android.system.suspend-service: Error opening kernel wakelock stats for: wakeup7/active_time_ms (../../devices/platform/soc/4ac0000.qcom,qupv3_0_geni_se/4a90000.spi/spi_master/spi0/spi0.0/wakeup/wakeup7/active_time_ms): Permission denied
06-30 02:50:42.323   394   394 W binder:394_7: type=1400 audit(0.0:3005): avc:  denied  { read } for  name="last_change_ms" dev="sysfs" ino=63756 scontext=u:r:system_suspend:s0 tcontext=u:object_r:sysfs:s0 tclass=file permissive=0
06-30 02:50:42.323   394   394 W binder:394_7: type=1400 audit(0.0:3006): avc:  denied  { read } for  name="max_time_ms" dev="sysfs" ino=63755 scontext=u:r:system_suspend:s0 tcontext=u:object_r:sysfs:s0 tclass=file permissive=0
06-30 02:50:42.323   394   394 W binder:394_7: type=1400 audit(0.0:3007): avc:  denied  { read } for  name="total_time_ms" dev="sysfs" ino=63754 scontext=u:r:system_suspend:s0 tcontext=u:object_r:sysfs:s0 tclass=file permissive=0
06-30 02:50:42.328   394  3408 E android.system.suspend-service: Error opening kernel wakelock stats for: wakeup7/event_count (../../devices/platform/soc/4ac0000.qcom,qupv3_0_geni_se/4a90000.spi/spi_master/spi0/spi0.0/wakeup/wakeup7/event_count): Permission denied
06-30 02:50:42.328   394  3408 E android.system.suspend-service: Error opening kernel wakelock stats for: wakeup7/expire_count (../../devices/platform/soc/4ac0000.qcom,qupv3_0_geni_se/4a90000.spi/spi_master/spi0/spi0.0/wakeup/wakeup7/expire_count): Permission denied
06-30 02:50:42.328   394  3408 E android.system.suspend-service: Error opening kernel wakelock stats for: wakeup7/prevent_suspend_time_ms (../../devices/platform/soc/4ac0000.qcom,qupv3_0_geni_se/4a90000.spi/spi_master/spi0/spi0.0/wakeup/wakeup7/prevent_suspend_time_ms): Permission denied
06-30 02:50:42.329   394  3408 E android.system.suspend-service: Error opening kernel wakelock stats for: wakeup7/wakeup_count (../../devices/platform/soc/4ac0000.qcom,qupv3_0_geni_se/4a90000.spi/spi_master/spi0/spi0.0/wakeup/wakeup7/wakeup_count): Permission denied
06-30 02:50:42.381  2305  2305 E PhoneInterfaceManager: queryModemActivityInfo: invalid response
06-30 02:50:42.382  1719  2081 D TelephonyManager: requestModemActivityInfo: Sending result to app: ModemActivityInfo{ mTimestamp=56262058 mSleepTimeMs=51006511 mIdleTimeMs=1821558 mActivityStatsTechSpecificInfo=[{mRat=UNKNOWN,mFrequencyRange=UNKNOWN,mTxTimeMs[]=[0, 0, 0, 0, 0],mRxTimeMs=0}]}
06-30 02:50:42.419   853  2603 I vendor.qti.bluetooth@1.0-ibs_handler: ProcessIbsCmd: Received IBS_WAKE_IND: 0xFD
06-30 02:50:42.419   853  2603 I vendor.qti.bluetooth@1.0-ibs_handler: ProcessIbsCmd: Writing IBS_WAKE_ACK
06-30 02:50:42.460   853  2603 I vendor.qti.bluetooth@1.0-ibs_handler: ProcessIbsCmd: Received IBS_SLEEP_IND: 0xFE
06-30 02:50:42.503  1719  1756 D ActivityManager: freezer override set to true
06-30 02:50:42.504  1719  1756 D ActivityManager: sync unfroze 17381 com.google.android.rkpdapp for 19
06-30 02:50:42.505  1719  1756 D ActivityManager: sync unfroze 17420 com.google.android.wearable.dwf.receiver for 19
06-30 02:50:42.506  1719  1756 D ActivityManager: sync unfroze 17469 android.process.media for 19
06-30 02:50:42.507  1719  1756 D ActivityManager: sync unfroze 15190 com.google.android.permissioncontroller for 19
06-30 02:50:42.509  1719  1756 D ActivityManager: sync unfroze 17105 com.android.vending:background for 19
06-30 02:50:42.510  1719  1756 D ActivityManager: sync unfroze 16989 com.android.vending for 19
06-30 02:50:42.512  1719  1756 D ActivityManager: sync unfroze 17691 com.whatsapp for 19
06-30 02:50:42.515  1719  1756 D ActivityManager: sync unfroze 12755 com.google.android.apps.messaging for 19
06-30 02:50:42.518  1719  1756 D ActivityManager: sync unfroze 17577 com.google.android.calendar for 19
06-30 02:50:42.520  1719  1756 D ActivityManager: sync unfroze 17734 com.google.android.crossdeviceaccessservice for 19
06-30 02:50:42.522 16989 16993 W android.vending: Suspending all threads took: 8.388ms
06-30 02:50:42.523  1719  1756 D ActivityManager: sync unfroze 15265 com.google.android.gms for 19
06-30 02:50:42.524 17420 17427 W le.dwf.receiver: Suspending all threads took: 18.490ms
06-30 02:50:42.525  1719  1756 D ActivityManager: sync unfroze 18444 com.google.android.apps.weather for 19
06-30 02:50:42.528  1719  1756 D ActivityManager: sync unfroze 16255 android.process.acore for 19
06-30 02:50:42.531 17105 17111 W ding:background: Suspending all threads took: 22.359ms
06-30 02:50:42.533  1719  1756 D ActivityManager: sync unfroze 16360 com.android.calllogbackup for 19
06-30 02:50:42.528 17691 17695 W com.whatsapp: Suspending all threads took: 8.014ms
06-30 02:50:42.534  1719  1756 D ActivityManager: sync unfroze 17828 com.google.android.wearable.protolayout.renderer for 19
06-30 02:50:42.535  1719  1901 I SensorService: Setting connection 0xe47359c0 disabled status to 0 for reason 2
06-30 02:50:42.537  1719  1756 D ActivityManager: sync unfroze 8905 com.fitbit.FitbitMobile for 19
06-30 02:50:42.538  1719  1756 D ActivityManager: sync unfroze 15311 com.google.android.apps.wearable.settings for 19
06-30 02:50:42.539  1719  1756 D ActivityManager: sync unfroze 18073 com.poc.silentsms for 19
06-30 02:50:42.541  1719  1756 D ActivityManager: sync unfroze 11188 com.google.android.dialer for 19
06-30 02:50:42.627  1719  1756 D ActivityManager: freezer override set to false
06-30 02:50:42.635 17105 17105 I Finsky:background: [2] Memory trim requested to level 40
06-30 02:50:42.640 16989 16989 I Finsky  : [2] Memory trim requested to level 40
06-30 02:50:42.648 16989 16989 I Finsky  : [2] Flushing in-memory image cache
06-30 02:50:42.668  1719  1756 I ProcessStatsService: Added stats: 2026-06-29-11-13-27, over +12h15m10s251ms
06-30 02:50:42.675  1719  1756 I ProcessStatsService: Added stats: 2026-06-28-15-38-53, over +17h36m14s465ms
06-30 02:50:42.681 16989 19110 I libbinder.IPCThreadState: oneway function results for code 2 on binder at 0xe5360ca0 will be dropped but finished with status UNKNOWN_TRANSACTION
06-30 02:50:42.756 12755 12776 I ForwardSyncCache: reclaimMemory: Clearing caches
06-30 02:50:42.756  2305  2305 E PhoneInterfaceManager: queryModemActivityInfo: invalid response
06-30 02:50:42.757  1719  2160 D TelephonyManager: requestModemActivityInfo: Sending result to app: ModemActivityInfo{ mTimestamp=56262058 mSleepTimeMs=51006511 mIdleTimeMs=1821558 mActivityStatsTechSpecificInfo=[{mRat=UNKNOWN,mFrequencyRange=UNKNOWN,mTxTimeMs[]=[0, 0, 0, 0, 0],mRxTimeMs=0}]}
06-30 02:50:42.781 17105 17105 I Finsky:background: [2] Memory trim requested to level 40
06-30 02:50:42.784   853  2603 I vendor.qti.bluetooth@1.0-ibs_handler: ProcessIbsCmd: Received IBS_WAKE_IND: 0xFD
06-30 02:50:42.784   853  2603 I vendor.qti.bluetooth@1.0-ibs_handler: ProcessIbsCmd: Writing IBS_WAKE_ACK
06-30 02:50:42.821   394   404 E android.system.suspend-service: Error opening kernel wakelock stats for: wakeup7/name (../../devices/platform/soc/4ac0000.qcom,qupv3_0_geni_se/4a90000.spi/spi_master/spi0/spi0.0/wakeup/wakeup7/name): Permission denied
06-30 02:50:42.822   394   404 E android.system.suspend-service: Error opening kernel wakelock stats for: wakeup7/active_count (../../devices/platform/soc/4ac0000.qcom,qupv3_0_geni_se/4a90000.spi/spi_master/spi0/spi0.0/wakeup/wakeup7/active_count): Permission denied
06-30 02:50:42.822   394   404 E android.system.suspend-service: Error opening kernel wakelock stats for: wakeup7/last_change_ms (../../devices/platform/soc/4ac0000.qcom,qupv3_0_geni_se/4a90000.spi/spi_master/spi0/spi0.0/wakeup/wakeup7/last_change_ms): Permission denied
06-30 02:50:42.822   394   404 E android.system.suspend-service: Error opening kernel wakelock stats for: wakeup7/max_time_ms (../../devices/platform/soc/4ac0000.qcom,qupv3_0_geni_se/4a90000.spi/spi_master/spi0/spi0.0/wakeup/wakeup7/max_time_ms): Permission denied
06-30 02:50:42.822   394   404 E android.system.suspend-service: Error opening kernel wakelock stats for: wakeup7/total_time_ms (../../devices/platform/soc/4ac0000.qcom,qupv3_0_geni_se/4a90000.spi/spi_master/spi0/spi0.0/wakeup/wakeup7/total_time_ms): Permission denied
06-30 02:50:42.822   394   404 E android.system.suspend-service: Error opening kernel wakelock stats for: wakeup7/active_time_ms (../../devices/platform/soc/4ac0000.qcom,qupv3_0_geni_se/4a90000.spi/spi_master/spi0/spi0.0/wakeup/wakeup7/active_time_ms): Permission denied
06-30 02:50:42.823   394   404 E android.system.suspend-service: Error opening kernel wakelock stats for: wakeup7/event_count (../../devices/platform/soc/4ac0000.qcom,qupv3_0_geni_se/4a90000.spi/spi_master/spi0/spi0.0/wakeup/wakeup7/event_count): Permission denied
06-30 02:50:42.823   394   404 E android.system.suspend-service: Error opening kernel wakelock stats for: wakeup7/expire_count (../../devices/platform/soc/4ac0000.qcom,qupv3_0_geni_se/4a90000.spi/spi_master/spi0/spi0.0/wakeup/wakeup7/expire_count): Permission denied
06-30 02:50:42.823   394   404 E android.system.suspend-service: Error opening kernel wakelock stats for: wakeup7/prevent_suspend_time_ms (../../devices/platform/soc/4ac0000.qcom,qupv3_0_geni_se/4a90000.spi/spi_master/spi0/spi0.0/wakeup/wakeup7/prevent_suspend_time_ms): Permission denied
06-30 02:50:42.823   394   404 E android.system.suspend-service: Error opening kernel wakelock stats for: wakeup7/wakeup_count (../../devices/platform/soc/4ac0000.qcom,qupv3_0_geni_se/4a90000.spi/spi_master/spi0/spi0.0/wakeup/wakeup7/wakeup_count): Permission denied
06-30 02:50:42.825   853  2603 I vendor.qti.bluetooth@1.0-ibs_handler: ProcessIbsCmd: Received IBS_SLEEP_IND: 0xFE
06-30 02:50:42.872 15265 15269 W gle.android.gms: Reducing the number of considered missed Gc histogram windows from 121 to 100
06-30 02:50:42.906   391   416 E pixelstats-uevent: Unable to read  - No such file or directory
06-30 02:50:42.917  1719  1756 W libbinder.Binder: Binder transaction to android.content.pm.IPackageManager, function: UNKNOWN_FUNCTION_NAME, code: 1598246212, took 1110ms. Data bytes: 220 Reply bytes: 4 Flags: 16
06-30 02:50:42.934  1226  1226 I adbd    : adbd service requested 'shell,v2,TERM=xterm-256color,raw:content query --uri content://com.google.android.apps.maps.data'
06-30 02:50:43.353 19113 19113 D AndroidRuntime: >>>>>> START com.android.internal.os.RuntimeInit uid 2000 <<<<<<
06-30 02:50:43.390 19113 19113 I AndroidRuntime: Using default boot image
06-30 02:50:43.390 19113 19113 I AndroidRuntime: Leaving lock profiling enabled
06-30 02:50:43.408 19113 19113 I app_process: Core platform API enforcement enabled from the hiddenapi_platform_enforcement flag and the device API level
06-30 02:50:43.411 19113 19113 I app_process: Using generational CollectorTypeCMC GC.
06-30 02:50:43.722 19113 19113 D nativeloader: InitDefaultPublicLibraries for_preload=1: libandroid.so:libaaudio.so:libamidi.so:libbinder_ndk.so:libc.so:libcamera2ndk.so:libdl.so:libEGL.so:libGLESv1_CM.so:libGLESv2.so:libGLESv3.so:libicu.so:libicui18n.so:libicuuc.so:libjnigraphics.so:liblog.so:libmediandk.so:libm.so:libnativehelper.so:libnativewindow.so:libneuralnetworks.so:libOpenMAXAL.so:libOpenSLES.so:libRS.so:libstdc++.so:libsync.so:libvulkan.so:libz.so
06-30 02:50:43.767 19113 19113 D nativeloader: Load libicu_jni.so using APEX ns com_android_art for caller /apex/com.android.art/javalib/core-oj.jar: ok
06-30 02:50:43.767 19113 19113 D app_process: u_setTimeZoneFilesDirectory("/apex/com.android.tzdata/etc/tz/versioned/10/icu") succeeded. 
06-30 02:50:43.768 19113 19113 D app_process: I18n APEX ICU file found: /apex/com.android.i18n/etc/icu/icudt78l.dat
06-30 02:50:43.771 19113 19113 D nativeloader: Load libjavacore.so using APEX ns com_android_art for caller /apex/com.android.art/javalib/core-oj.jar: ok
06-30 02:50:43.775 19113 19113 D nativeloader: Load libopenjdk.so using APEX ns com_android_art for caller /apex/com.android.art/javalib/core-oj.jar: ok
06-30 02:50:43.779 19113 19113 I app_process: Priority-to-niceness mapping: 19, 16, 13, 10, 0, -2, -4, -5, -6, -8
06-30 02:50:43.784   853  2607 I vendor.qti.bluetooth@1.0-ibs_handler: DeviceSleep: TX Awake, Sending SLEEP_IND
06-30 02:50:43.784   853  2607 D vendor.qti.bluetooth@1.0-ibs_handler: SerialClockVote: vote for UART CLK OFF
06-30 02:50:43.784   853  2607 D vendor.qti.bluetooth@1.0-uart_transport: ClockOperation: USERIAL_OP_CLK_OFF - after sys fs write-ret:4
06-30 02:50:43.901 19113 19113 D nativeloader: Load libframework-connectivity-tiramisu-jni.so using APEX ns com_android_tethering for caller /apex/com.android.tethering/javalib/framework-connectivity-t.jar: ok
06-30 02:50:43.902 19113 19113 D AndroidRuntime: Calling main entry com.android.commands.content.Content
06-30 02:50:43.914 19113 19113 I AconfigPackage: com.android.os.statsd.flags is mapped to com.android.os.statsd
06-30 02:50:43.915 19113 19113 I AconfigPackage: com.android.uprobestats.flags is mapped to com.android.uprobestats
06-30 02:50:43.915 19113 19113 I AconfigPackage: android.uprobestats.mainline.flags is mapped to com.android.uprobestats
06-30 02:50:43.916 19113 19113 I AconfigPackage: com.android.media.extractor.flags is mapped to com.android.media
06-30 02:50:43.916 19113 19113 I AconfigPackage: com.android.media.metrics.flags is mapped to com.android.media
06-30 02:50:43.916 19113 19113 I AconfigPackage: com.android.media.mainline.flags is mapped to com.android.media
06-30 02:50:43.917 19113 19113 I AconfigPackage: com.android.adservices.flags is mapped to com.android.adservices
06-30 02:50:43.917 19113 19113 I AconfigPackage: com.android.sdksandbox.flags is mapped to com.android.adservices
06-30 02:50:43.917 19113 19113 I AconfigPackage: android.app.sdksandbox.flags is mapped to com.android.adservices
06-30 02:50:43.917 19113 19113 I AconfigPackage: com.android.npumanager is mapped to com.android.npumanager
06-30 02:50:43.918 19113 19113 I AconfigPackage: com.android.appsearch.flags is mapped to com.android.appsearch
06-30 02:50:43.918 19113 19113 I AconfigPackage: com.android.crashrecovery.flags is mapped to com.android.crashrecovery
06-30 02:50:43.919 19113 19113 I AconfigPackage: com.android.tethering.mainline.beta is mapped to com.android.tethering
06-30 02:50:43.919 19113 19113 I AconfigPackage: android.net.http is mapped to com.android.tethering
06-30 02:50:43.919 19113 19113 I AconfigPackage: com.android.tethering.readonly.flags is mapped to com.android.tethering
06-30 02:50:43.919 19113 19113 I AconfigPackage: android.net.vcn is mapped to com.android.tethering
06-30 02:50:43.919 19113 19113 I AconfigPackage: com.android.net.flags is mapped to com.android.tethering
06-30 02:50:43.919 19113 19113 I AconfigPackage: com.android.tethering.flags is mapped to com.android.tethering
06-30 02:50:43.919 19113 19113 I AconfigPackage: com.android.tethering.beta.test is mapped to com.android.tethering
06-30 02:50:43.919 19113 19113 I AconfigPackage: com.android.nearby.flags is mapped to com.android.tethering
06-30 02:50:43.919 19113 19113 I AconfigPackage: com.android.net.thread.flags is mapped to com.android.tethering
06-30 02:50:43.919 19113 19113 I AconfigPackage: com.android.net.ct.flags is mapped to com.android.tethering
06-30 02:50:43.920 19113 19113 I AconfigPackage: com.android.nfc.module.flags is mapped to com.android.nfcservices
06-30 02:50:43.920 19113 19113 I AconfigPackage: com.android.nfc.module.nonexported.flags is mapped to com.android.nfcservices
06-30 02:50:43.921 19113 19113 I AconfigPackage: com.android.uwb.flags is mapped to com.android.uwb
06-30 02:50:43.922 19113 19113 I AconfigPackage: com.android.ranging.flags is mapped to com.android.uwb
06-30 02:50:43.922 19113 19113 I AconfigPackage: com.android.rkpd.flags is mapped to com.android.rkpd
06-30 02:50:43.923 19113 19113 I AconfigPackage: com.android.system.virtualmachine.flags is mapped to com.android.virt
06-30 02:50:43.924 19113 19113 I AconfigPackage: com.android.org.conscrypt.flags is mapped to com.android.conscrypt
06-30 02:50:43.924 19113 19113 I AconfigPackage: com.android.org.conscrypt.net.flags is mapped to com.android.conscrypt
06-30 02:50:43.925 19113 19113 I AconfigPackage: android.media.swcodec.flags is mapped to com.android.media.swcodec
06-30 02:50:43.926 19113 19113 I AconfigPackage: com.android.ipsec.flags is mapped to com.android.ipsec
06-30 02:50:43.927 19113 19113 I AconfigPackage: com.android.cellbroadcastreceiver.flags is mapped to com.android.cellbroadcast
06-30 02:50:43.928 19113 19113 I AconfigPackage: android.telecom.flags is mapped to com.android.telephonycore
06-30 02:50:43.928 19113 19113 I AconfigPackage: com.android.internal.telecom.flags is mapped to com.android.telephonycore
06-30 02:50:43.928 19113 19113 I AconfigPackage: com.android.telephony.flags is mapped to com.android.telephonycore
06-30 02:50:43.929 19113 19113 I AconfigPackage: com.android.devicelock.flags is mapped to com.android.devicelock
06-30 02:50:43.930 19113 19113 I AconfigPackage: com.android.permission.flags is mapped to com.android.permission
06-30 02:50:43.930 19113 19113 I AconfigPackage: com.android.permissioncontroller.flags is mapped to com.android.permission
06-30 02:50:43.931 19113 19113 I AconfigPackage: com.android.icu is mapped to com.android.i18n
06-30 02:50:43.932 19113 19113 I AconfigPackage: com.android.adservices.ondevicepersonalization.flags is mapped to com.android.ondevicepersonalization
06-30 02:50:43.932 19113 19113 I AconfigPackage: com.android.wifi.flags is mapped to com.android.wifi
06-30 02:50:43.933 19113 19113 I AconfigPackage: com.android.webapp.flags is mapped to com.android.webapp
06-30 02:50:43.934 19113 19113 I AconfigPackage: android.os.profiling is mapped to com.android.profiling
06-30 02:50:43.934 19113 19113 I AconfigPackage: android.os.profiling.anomaly.flags is mapped to com.android.profiling
06-30 02:50:43.935 19113 19113 I AconfigPackage: com.android.healthfitness.flags is mapped to com.android.healthfitness
06-30 02:50:43.935   853  2495 D vendor.qti.bluetooth@1.0-wake_lock: Release wakelock is released 
06-30 02:50:43.936 19113 19113 I AconfigPackage: com.android.art.flags is mapped to com.android.art
06-30 02:50:43.936 19113 19113 I AconfigPackage: com.android.art.rw.flags is mapped to com.android.art
06-30 02:50:43.936 19113 19113 I AconfigPackage: com.android.libcore is mapped to com.android.art
06-30 02:50:43.937 19113 19113 I AconfigPackage: android.provider.flags is mapped to com.android.configinfrastructure
06-30 02:50:43.937 19113 19113 I AconfigPackage: com.android.server.deviceconfig is mapped to com.android.configinfrastructure
06-30 02:50:43.938 19113 19113 I AconfigPackage: com.google.android.widevine.flags is mapped to com.google.android.widevine
06-30 02:50:43.939 19113 19113 I AconfigPackage: com.android.adbd.flags is mapped to com.android.adbd
06-30 02:50:43.940 19113 19113 I AconfigPackage: android.graphics.pdf.flags is mapped to com.android.mediaprovider
06-30 02:50:43.940 19113 19113 I AconfigPackage: com.android.providers.media.flags is mapped to com.android.mediaprovider
06-30 02:50:43.940 19113 19113 I AconfigPackage: android.graphics.pdf.flags.readonly is mapped to com.android.mediaprovider
06-30 02:50:43.940 19113 19113 I AconfigPackage: com.android.bluetooth.beta.flags is mapped to com.android.bt
06-30 02:50:43.940 19113 19113 I AconfigPackage: com.android.bluetooth.flags is mapped to com.android.bt
06-30 02:50:43.941 19113 19113 E FeatureFlagsImplExport: android.os.flagging.AconfigStorageReadException: ERROR_PACKAGE_NOT_FOUND: package android.xr cannot be found on the device
06-30 02:50:43.950 19113 19123 W libbinder.IPCThreadState: call to talkWithDriver in joinThreadPool returned error: -9 (Bad file descriptor), FD: -1
06-30 02:50:43.950 19113 19113 D AndroidRuntime: Shutting down VM
06-30 02:50:43.950 19113 19124 W libbinder.IPCThreadState: call to talkWithDriver in joinThreadPool returned error: -9 (Bad file descriptor), FD: -1
06-30 02:50:44.843  1226  1226 I adbd    : adbd service requested 'shell,v2,TERM=xterm-256color,raw:find /data/local/tmp -type f'
06-30 02:50:44.933  1226  1226 I adbd    : adbd service requested 'shell,v2,TERM=xterm-256color,raw:find /sdcard -name *.db -o -name *.sqlite'
06-30 02:50:45.021  1226  1226 I adbd    : adbd service requested 'shell,v2,TERM=xterm-256color,raw:cmd wifi list-networks'
06-30 02:50:45.148  1719  1756 E SystemServiceRegistry: No service published for: wifiaware
06-30 02:50:45.148  1719  1756 E SystemServiceRegistry: android.os.ServiceManager$ServiceNotFoundException: No service published for: wifiaware
06-30 02:50:45.148  1719  1756 E SystemServiceRegistry: 	at android.os.ServiceManager.getServiceOrThrow(ServiceManager.java:176)
06-30 02:50:45.148  1719  1756 E SystemServiceRegistry: 	at android.app.SystemServiceRegistry$169.createService(SystemServiceRegistry.java:2654)
06-30 02:50:45.148  1719  1756 E SystemServiceRegistry: 	at android.app.SystemServiceRegistry$CachedServiceFetcher.getService(SystemServiceRegistry.java:2784)
06-30 02:50:45.148  1719  1756 E SystemServiceRegistry: 	at android.app.SystemServiceRegistry.getSystemService(SystemServiceRegistry.java:2297)
06-30 02:50:45.148  1719  1756 E SystemServiceRegistry: 	at android.app.ContextImpl.getSystemService(ContextImpl.java:2450)
06-30 02:50:45.148  1719  1756 E SystemServiceRegistry: 	at android.content.ContextWrapper.getSystemService(ContextWrapper.java:991)
06-30 02:50:45.148  1719  1756 E SystemServiceRegistry: 	at android.content.Context.getSystemService(Context.java:4916)
06-30 02:50:45.148  1719  1756 E SystemServiceRegistry: 	at com.android.server.wifi.WifiShellCommand.<init>(WifiShellCommand.java:582)
06-30 02:50:45.148  1719  1756 E SystemServiceRegistry: 	at com.android.server.wifi.WifiInjector.makeWifiShellCommand(WifiInjector.java:898)
06-30 02:50:45.148  1719  1756 E SystemServiceRegistry: 	at com.android.server.wifi.WifiServiceImpl.handleShellCommand(WifiServiceImpl.java:6258)
06-30 02:50:45.148  1719  1756 E SystemServiceRegistry: 	at android.os.Binder.onShellCommand(Binder.java:1141)
06-30 02:50:45.148  1719  1756 E SystemServiceRegistry: 	at android.os.Binder.shellCommand(Binder.java:1088)
06-30 02:50:45.148  1719  1756 E SystemServiceRegistry: 	at android.os.Binder.onTransact(Binder.java:946)
06-30 02:50:45.148  1719  1756 E SystemServiceRegistry: 	at android.net.wifi.IWifiManager$Stub.onTransact(IWifiManager.java:3858)
06-30 02:50:45.148  1719  1756 E SystemServiceRegistry: 	at android.os.Binder.execTransactInternal(Binder.java:1369)
06-30 02:50:45.148  1719  1756 E SystemServiceRegistry: 	at android.os.Binder.execTransact(Binder.java:1323)
06-30 02:50:45.221  1719  2003 I AdbWifiNetworkMonitor: Wi-Fi network available
06-30 02:50:45.221  1719  2003 I AdbWifiNetworkMonitor: Received the same Wi-Fi SSID. Ignoring.
06-30 02:50:45.224  1719  1967 I HalDevMgr: bestIfaceCreationProposal is null, requestIface=STA, existingIface=[name=wlan0 type=STA]
06-30 02:50:45.230  2637  2987 D DeviceStateHelper: Wifi freq: 2412
06-30 02:50:45.230  2304  2982 D QCNEJ/NativeAidlConnector: -> SND notifyDefaultNetworkChanged(1)
06-30 02:50:45.230  2304  2982 D cneJni  : sendDefaultNwMsg start
06-30 02:50:45.231  3468  3688 W EdorasConnMonitorState: unhandled onNetworkConnected
06-30 02:50:45.233  2304  2982 D cneJni  : sendWifiStatus start
06-30 02:50:45.262  1226  1226 I adbd    : adbd service requested 'shell,v2,TERM=xterm-256color,raw:pm list packages -3'
06-30 02:50:45.342  1719  1756 I PackageManager: getInstalledPackages: callingUid=2000 flags=0 updatedFlags=786432 userId=0
06-30 02:50:45.371  1719  1736 I system_server: Background young concurrent mark compact GC freed 10134KB AllocSpace bytes, 50(2912KB) LOS objects, 87% free, 31MB/256MB, paused 3.949ms,8.263ms total 134.817ms
06-30 02:50:46.948  2817  2828 W adsp_wdog: vendor/qcom/proprietary/monaco/adsprpc/src/fastrpc_apps_user.c:1425:Warning: remote_handle_invoke: Non-domain usage of FastRPC will be deprecated, use domains to offload to DSP using FastRPC
06-30 02:50:46.952  2817  2828 I adsp_wdog: rpcversion_getSerialNum() returned: 9d5cd6d4
06-30 02:50:47.655  1719  1914 D ActivityManager: freezing 17381 com.google.android.rkpdapp
06-30 02:50:47.660  1719  1914 D ActivityManager: freezing 17420 com.google.android.wearable.dwf.receiver
06-30 02:50:47.663  1719  1914 D ActivityManager: freezing 17469 android.process.media
06-30 02:50:47.665  1719  1914 D ActivityManager: freezing 15190 com.google.android.permissioncontroller
06-30 02:50:47.667  1719  1914 D ActivityManager: freezing 16989 com.android.vending
06-30 02:50:47.669  1719  1914 D ActivityManager: freezing 17691 com.whatsapp
06-30 02:50:47.672  1719  1914 D ActivityManager: freezing 12755 com.google.android.apps.messaging
06-30 02:50:47.674  1719  1914 D ActivityManager: freezing 17577 com.google.android.calendar
06-30 02:50:47.676  1719  1914 D ActivityManager: freezing 17734 com.google.android.crossdeviceaccessservice
06-30 02:50:47.677  1719  1914 D ActivityManager: freezing 15265 com.google.android.gms
06-30 02:50:47.679  1719  1914 D ActivityManager: freezing 18444 com.google.android.apps.weather
06-30 02:50:47.681  1719  1914 D ActivityManager: freezing 16255 android.process.acore
06-30 02:50:47.682  1719  1914 D ActivityManager: freezing 16360 com.android.calllogbackup
06-30 02:50:47.684  1719  1914 D ActivityManager: freezing 17828 com.google.android.wearable.protolayout.renderer
06-30 02:50:47.685  1719  1914 D ActivityManager: freezing 8905 com.fitbit.FitbitMobile
06-30 02:50:47.685  1719  1901 I SensorService: Setting connection 0xe47359c0 disabled status to 1 for reason 2
06-30 02:50:47.688  1719  1914 D ActivityManager: freezing 15311 com.google.android.apps.wearable.settings
06-30 02:50:47.689  1719  1914 D ActivityManager: freezing 18073 com.poc.silentsms
06-30 02:50:47.691  1719  1914 D ActivityManager: freezing 11188 com.google.android.dialer
06-30 02:50:47.695  1719  1974 D InetDiagMessage: Destroyed 0 sockets, proto=IPPROTO_TCP, family=AF_INET, states=14
06-30 02:50:47.696  1719  1974 D InetDiagMessage: Destroyed 0 sockets, proto=IPPROTO_TCP, family=AF_INET6, states=14
06-30 02:50:47.696  1719  1974 D InetDiagMessage: Destroyed live tcp sockets for uids={10151} in 2ms
06-30 02:50:47.697  1719  1974 D InetDiagMessage: Destroyed 0 sockets, proto=IPPROTO_TCP, family=AF_INET, states=14
06-30 02:50:47.698  1719  1974 D InetDiagMessage: Destroyed 0 sockets, proto=IPPROTO_TCP, family=AF_INET6, states=14
06-30 02:50:47.698  1719  1974 D InetDiagMessage: Destroyed live tcp sockets for uids={10063} in 2ms
06-30 02:50:47.699  1719  1974 D InetDiagMessage: Destroyed 0 sockets, proto=IPPROTO_TCP, family=AF_INET, states=14
06-30 02:50:47.699  1719  1974 D InetDiagMessage: Destroyed 0 sockets, proto=IPPROTO_TCP, family=AF_INET6, states=14
06-30 02:50:47.699  1719  1974 D InetDiagMessage: Destroyed live tcp sockets for uids={10047} in 1ms
06-30 02:50:47.700  1719  1974 D InetDiagMessage: Destroyed 0 sockets, proto=IPPROTO_TCP, family=AF_INET, states=14
06-30 02:50:47.701  1719  1974 D InetDiagMessage: Destroyed 0 sockets, proto=IPPROTO_TCP, family=AF_INET6, states=14
06-30 02:50:47.701  1719  1974 D InetDiagMessage: Destroyed live tcp sockets for uids={10161} in 2ms
06-30 02:50:47.747  1719  1974 D InetDiagMessage: Destroyed 0 sockets, proto=IPPROTO_TCP, family=AF_INET, states=14
06-30 02:50:47.748  1719  1974 D InetDiagMessage: Destroyed 0 sockets, proto=IPPROTO_TCP, family=AF_INET6, states=14
06-30 02:50:47.749  1719  1974 D InetDiagMessage: Destroyed live tcp sockets for uids={10163} in 2ms
06-30 02:50:47.750  1719  1974 D InetDiagMessage: Destroyed 0 sockets, proto=IPPROTO_TCP, family=AF_INET, states=14
06-30 02:50:47.751  1719  1974 D InetDiagMessage: Destroyed 0 sockets, proto=IPPROTO_TCP, family=AF_INET6, states=14
06-30 02:50:47.751  1719  1974 D InetDiagMessage: Destroyed live tcp sockets for uids={10100} in 2ms
06-30 02:50:47.789   853  2603 I vendor.qti.bluetooth@1.0-ibs_handler: ProcessIbsCmd: Received IBS_WAKE_IND: 0xFD
06-30 02:50:47.789   853  2603 D vendor.qti.bluetooth@1.0-ibs_handler: SerialClockVote: vote for UART CLK ON
06-30 02:50:47.789   853  2603 D vendor.qti.bluetooth@1.0-uart_transport: ClockOperation: USERIAL_OP_CLK_ON - after sys fs write-ret:4
06-30 02:50:47.789   853  2603 D vendor.qti.bluetooth@1.0-wake_lock: Acquire wakelock is acquired 
06-30 02:50:47.789   853  2603 I vendor.qti.bluetooth@1.0-ibs_handler: ProcessIbsCmd: Writing IBS_WAKE_ACK
06-30 02:50:47.799  2188  2472 I bt_btm_pm: system/stack/acl/btm_pm.cc:648 btm_pm_proc_mode_change: Power mode switched from immediate:sniff[2] to immediate:active[0]
06-30 02:50:47.801   853   861 I vendor.qti.bluetooth@1.0-ibs_handler: DeviceWakeUp: Writing IBS_WAKE_IND
06-30 02:50:47.804   853  2603 I vendor.qti.bluetooth@1.0-ibs_handler: ProcessIbsCmd: Received IBS_WAKE_ACK: 0xFC
06-30 02:50:47.805   853  2603 I vendor.qti.bluetooth@1.0-ibs_handler: ProcessIbsCmd: Signal wack_cond_
06-30 02:50:47.805   853   861 D vendor.qti.bluetooth@1.0-ibs_handler: DeviceWakeUp: Unblocked from waiting for FC, pthread_cond_timedwait ret = 0
06-30 02:50:47.808  1719  1974 D InetDiagMessage: Destroyed 0 sockets, proto=IPPROTO_TCP, family=AF_INET, states=14
06-30 02:50:47.809  1719  1974 D InetDiagMessage: Destroyed 0 sockets, proto=IPPROTO_TCP, family=AF_INET6, states=14
06-30 02:50:47.809  1719  1974 D InetDiagMessage: Destroyed live tcp sockets for uids={10080} in 2ms
06-30 02:50:47.810  1719  1974 D InetDiagMessage: Destroyed 0 sockets, proto=IPPROTO_TCP, family=AF_INET, states=14
06-30 02:50:47.811  1719  1974 D InetDiagMessage: Destroyed 0 sockets, proto=IPPROTO_TCP, family=AF_INET6, states=14
06-30 02:50:47.811  1719  1974 D InetDiagMessage: Destroyed live tcp sockets for uids={10137} in 2ms
06-30 02:50:47.837  1719  2160 W ActivityManager: pid 15640 com.google.android.gms.persistent sent binder code 18 with flags 2 and got error -74
06-30 02:50:47.838  1719  2081 D ActivityManager: sync unfroze 15311 com.google.android.apps.wearable.settings for 10
06-30 02:50:47.841  2109 16102 W ContextImpl: Calling a method in the system process without a qualified user: android.app.ContextImpl.bindService:2168 android.content.ContextWrapper.bindService:906 com.google.android.gms.wearable.zzz.dispatchMessageTraced:45 com.google.android.gms.libs.punchclock.threads.TracingHandler.dispatchMessage:0 android.os.Looper.loopOnce:296 
06-30 02:50:47.854   853  2603 I vendor.qti.bluetooth@1.0-ibs_handler: ProcessIbsCmd: Received IBS_SLEEP_IND: 0xFE
06-30 02:50:47.862  2109  2291 I WearServices: [WBridgedItemsController]Displaying bridged notification RemoteStreamItemId[creatorNodeId=96eb2ede, notificationKey=10|com.microsoft.teams|503043313|null|1010340, packageName=com.microsoft.teams, id=503043313, tag=null, revision=49281, originalRevision=-1, isLiveUpdate=false] as StreamItemIdAndRevision{streamItemId=StreamItemId{source=2, key=10|com.microsoft.teams|503043313|null|1010340}, revision=49281, originalRevision=49281, updateCount=0}
06-30 02:50:47.871  2109  2291 D BridgerRecords:   bridged item received updated item id %sStreamItem(StreamItemIdAndRevision{streamItemId=StreamItemId{source=2, key=10|com.microsoft.teams|503043313|null|1010340}, revision=49281, originalRevision=49281, updateCount=0},StreamItemState{isRead=false, dismissalReasons=[], filteredReasons=[], expiredDueToConnectivity=null, expiredDueToThrottling=null},AutoValue_StreamItemData{hidden=0, packageName=com.microsoft.teams, id=503043313, tag=null, flags=16, isOngoing=false, isNotClearable=false, onlyAlertOnce=false, source=GmsBridger, userId=10, isWorkProfile=true, appName=Teams, priority=0, category=msg, group=null, groupKey=com.microsoft.teams:10|com.microsoft.teams|g:Aggregate_AlertingSection, hasGroupSummary=false, sortKey=, getChannel=null, postTime=1782768047862, originalPostTime=1782768047876, lastPostedAsInterruptiveTime=1782768047862, shouldVibrate=true, vibrationPattern=[-1], hasSound=false, hasAlreadyShown=false, groupAlertBehavior=0, alertParams=StreamAlertParams{idAndRevision=StreamItemIdAndRevision{streamItemId=StreamItemId{source=2, key=10|com.microsoft.teams|503043313|null|1010340}, revision=49281, originalRevision=49281, updateCount=0}, isMuted=true, hasSound=false, shouldVibrate=true, vibrationPattern=[-1]}, styleName=androidx.core.app.NotificationCompat$MessagingStyle, progress=unused, isIndeterminateProgress=false, isMediaNotification=false, displayName=[3Chars,hashed3Chars=15bff], conversationTitle=[45Chars,hashed8Chars=d09b4e2c], messagesSize=1, message[0]=Message{sender=[23Chars,hashed8Chars=b1034c5], text=[570Chars,hashed8Chars=252d1990], uri=null, dataMime=null}, isGroupConversation=true, textLinesSize=0, bigText=null, bigTitle=null, summaryText=null, title=[70Chars,hashed8Chars=d09b4e2c], ticker=null, contentText=null, subText=[14Chars,hashed8Chars=a83d23c6], shortCriticalText=null, peopleSize=0, color=-8419851, hasBigPicture=false, hasLargeIcon=false, hasAppIcon=false, supplementalBitmapKeysSize=0, actionsCount=1, bridgedContentIntent[present]=true, bridgedContentIntentId[present]=true, fullScreenIntent=null, localOnly=true, isEmergency=false, startScrollBottom=false, doesContentIntentLaunchActivity=false, contentActionIndex=-1, wearableActionsCount=0, bridgeTag=null, dismissalId=null, locusId=null, shortcutId=null, hasOngoingActivityData=false, ongoingActivityPackageNameSubstitute=null, filteringData=FilteringData{originalPackageName=null, isMediaStyle=false, tag=null, channelId=null, isEmptyNotification=false, isClockworkForegroundService=false, isFrameworksForegroundNotification=false, hasInvalidWearableExtender=false, isFromAppHandlingMissedCallNotification=false, isFromDefaultSmsApp=false, isEmptySettingsNotification=false, isOngoingActivityStyle=false}, remoteStreamItemId=RemoteStreamItemId[creatorNodeId=96eb2ede, notificationKey=10|com.microsoft.teams|503043313|null|1010340, packageName=com.microsoft.teams, id=503043313, tag=null, revision=49281, originalRevision=-1, isLiveUpdate=false], remoteNodeId=96eb2ede, isMediaStyle=false, isDelayable=false})
06-30 02:50:47.926  2142  2142 D WatchFaceService: Setting Watch Ui State with WatchUiState{ interruptionFilter=1, inAmbientMode=false } and fromSysUi=true. Existing state: firstSetWatchUiState=false, systemHasSentWatchUiState=true, mutableWatchState.interruptionFilter=1, mutableWatchState.isAmbient=false
06-30 02:50:47.958  1719  1974 D InetDiagMessage: Destroyed 0 sockets, proto=IPPROTO_TCP, family=AF_INET, states=14
06-30 02:50:47.959  1719  1974 D InetDiagMessage: Destroyed 0 sockets, proto=IPPROTO_TCP, family=AF_INET6, states=14
06-30 02:50:47.959  1719  1974 D InetDiagMessage: Destroyed live tcp sockets for uids={10119} in 2ms
06-30 02:50:47.960  1719  1974 D InetDiagMessage: Destroyed 0 sockets, proto=IPPROTO_TCP, family=AF_INET, states=14
06-30 02:50:47.961  1719  1974 D InetDiagMessage: Destroyed 0 sockets, proto=IPPROTO_TCP, family=AF_INET6, states=14
06-30 02:50:47.961  1719  1974 D InetDiagMessage: Destroyed live tcp sockets for uids={10044} in 2ms
06-30 02:50:47.962  1719  1974 D InetDiagMessage: Destroyed 0 sockets, proto=IPPROTO_TCP, family=AF_INET, states=14
06-30 02:50:47.963  1719  1974 D InetDiagMessage: Destroyed 0 sockets, proto=IPPROTO_TCP, family=AF_INET6, states=14
06-30 02:50:47.963  1719  1974 D InetDiagMessage: Destroyed live tcp sockets for uids={10117} in 1ms
06-30 02:50:47.964  1719  1974 D InetDiagMessage: Destroyed 0 sockets, proto=IPPROTO_TCP, family=AF_INET, states=14
06-30 02:50:47.964  1719  1974 D InetDiagMessage: Destroyed 0 sockets, proto=IPPROTO_TCP, family=AF_INET6, states=14
06-30 02:50:47.964  1719  1974 D InetDiagMessage: Destroyed live tcp sockets for uids={10111} in 1ms
06-30 02:50:47.965  1719  1974 D InetDiagMessage: Destroyed 0 sockets, proto=IPPROTO_TCP, family=AF_INET, states=14
06-30 02:50:47.966  1719  1974 D InetDiagMessage: Destroyed 0 sockets, proto=IPPROTO_TCP, family=AF_INET6, states=14
06-30 02:50:47.967  1719  1974 D InetDiagMessage: Destroyed live tcp sockets for uids={10004} in 1ms
06-30 02:50:47.967  1719  1974 D InetDiagMessage: Destroyed 0 sockets, proto=IPPROTO_TCP, family=AF_INET, states=14
06-30 02:50:47.968  1719  1974 D InetDiagMessage: Destroyed 0 sockets, proto=IPPROTO_TCP, family=AF_INET6, states=14
06-30 02:50:47.969  1719  1974 D InetDiagMessage: Destroyed live tcp sockets for uids={10072} in 1ms
06-30 02:50:48.005  1719  1914 D ActivityManager: freezing 17105 com.android.vending:background
06-30 02:50:48.011  1719  1974 D InetDiagMessage: Destroyed 0 sockets, proto=IPPROTO_TCP, family=AF_INET, states=14
06-30 02:50:48.012  1719  1974 D InetDiagMessage: Destroyed 0 sockets, proto=IPPROTO_TCP, family=AF_INET6, states=14
06-30 02:50:48.012  1719  1974 D InetDiagMessage: Destroyed live tcp sockets for uids={10064} in 3ms
06-30 02:50:48.251  1719  2003 I AdbWifiNetworkMonitor: Wi-Fi network available
06-30 02:50:48.252  1719  2003 I AdbWifiNetworkMonitor: Received the same Wi-Fi SSID. Ignoring.
06-30 02:50:48.261  1719  1967 I HalDevMgr: bestIfaceCreationProposal is null, requestIface=STA, existingIface=[name=wlan0 type=STA]
06-30 02:50:48.261  2637  2987 D DeviceStateHelper: Wifi freq: 2412
06-30 02:50:48.263  2304  2982 D QCNEJ/NativeAidlConnector: -> SND notifyDefaultNetworkChanged(1)
06-30 02:50:48.263  2304  2982 D cneJni  : sendDefaultNwMsg start
06-30 02:50:48.266  2304  2982 D cneJni  : sendWifiStatus start
06-30 02:50:48.268  3468  3688 W EdorasConnMonitorState: unhandled onNetworkConnected
06-30 02:50:48.811   853  2607 I vendor.qti.bluetooth@1.0-ibs_handler: DeviceSleep: TX Awake, Sending SLEEP_IND
06-30 02:50:48.812   853  2607 D vendor.qti.bluetooth@1.0-ibs_handler: SerialClockVote: vote for UART CLK OFF
06-30 02:50:48.812   853  2607 D vendor.qti.bluetooth@1.0-uart_transport: ClockOperation: USERIAL_OP_CLK_OFF - after sys fs write-ret:4
06-30 02:50:48.963   853  2495 D vendor.qti.bluetooth@1.0-wake_lock: Release wakelock is released 
06-30 02:50:51.320  1719  1967 I HalDevMgr: bestIfaceCreationProposal is null, requestIface=STA, existingIface=[name=wlan0 type=STA]
06-30 02:50:52.591   853  2603 I vendor.qti.bluetooth@1.0-ibs_handler: ProcessIbsCmd: Received IBS_WAKE_IND: 0xFD
06-30 02:50:52.591   853  2603 D vendor.qti.bluetooth@1.0-ibs_handler: SerialClockVote: vote for UART CLK ON
06-30 02:50:52.591   853  2603 D vendor.qti.bluetooth@1.0-uart_transport: ClockOperation: USERIAL_OP_CLK_ON - after sys fs write-ret:4
06-30 02:50:52.595   853  2603 D vendor.qti.bluetooth@1.0-wake_lock: Acquire wakelock is acquired 
06-30 02:50:52.595   853  2603 I vendor.qti.bluetooth@1.0-ibs_handler: ProcessIbsCmd: Writing IBS_WAKE_ACK
06-30 02:50:52.598  2188  2472 I bt_btm_pm: system/stack/acl/btm_pm.cc:648 btm_pm_proc_mode_change: Power mode switched from immediate:active[0] to immediate:sniff[2]
06-30 02:50:52.636   853  2603 I vendor.qti.bluetooth@1.0-ibs_handler: ProcessIbsCmd: Received IBS_SLEEP_IND: 0xFE
06-30 02:50:52.636   853  2603 D vendor.qti.bluetooth@1.0-ibs_handler: SerialClockVote: vote for UART CLK OFF
06-30 02:50:52.637   853  2603 D vendor.qti.bluetooth@1.0-uart_transport: ClockOperation: USERIAL_OP_CLK_OFF - after sys fs write-ret:4
06-30 02:50:52.790   853  2495 D vendor.qti.bluetooth@1.0-wake_lock: Release wakelock is released 
06-30 02:50:54.031   853  2603 I vendor.qti.bluetooth@1.0-ibs_handler: ProcessIbsCmd: Received IBS_WAKE_IND: 0xFD
06-30 02:50:54.031   853  2603 D vendor.qti.bluetooth@1.0-ibs_handler: SerialClockVote: vote for UART CLK ON
06-30 02:50:54.031   853  2603 D vendor.qti.bluetooth@1.0-uart_transport: ClockOperation: USERIAL_OP_CLK_ON - after sys fs write-ret:4
06-30 02:50:54.031   853  2603 D vendor.qti.bluetooth@1.0-wake_lock: Acquire wakelock is acquired 
06-30 02:50:54.031   853  2603 I vendor.qti.bluetooth@1.0-ibs_handler: ProcessIbsCmd: Writing IBS_WAKE_ACK
06-30 02:50:54.036   853   861 I vendor.qti.bluetooth@1.0-ibs_handler: DeviceWakeUp: Writing IBS_WAKE_IND
06-30 02:50:54.039  2188  2472 I bt_btm_pm: system/stack/acl/btm_pm.cc:648 btm_pm_proc_mode_change: Power mode switched from immediate:sniff[2] to immediate:active[0]
06-30 02:50:54.041   853  2603 I vendor.qti.bluetooth@1.0-ibs_handler: ProcessIbsCmd: Received IBS_WAKE_ACK: 0xFC
06-30 02:50:54.041   853  2603 I vendor.qti.bluetooth@1.0-ibs_handler: ProcessIbsCmd: Signal wack_cond_
06-30 02:50:54.041   853   861 D vendor.qti.bluetooth@1.0-ibs_handler: DeviceWakeUp: Unblocked from waiting for FC, pthread_cond_timedwait ret = 0
06-30 02:50:54.061 15640 15742 D ActivityThread: Too many transaction errors, throttling transaction error callback.
06-30 02:50:54.063  2109 16102 W ContextImpl: Calling a method in the system process without a qualified user: android.app.ContextImpl.bindService:2168 android.content.ContextWrapper.bindService:906 com.google.android.gms.wearable.zzz.dispatchMessageTraced:45 com.google.android.gms.libs.punchclock.threads.TracingHandler.dispatchMessage:0 android.os.Looper.loopOnce:296 
06-30 02:50:54.109   853  2603 I vendor.qti.bluetooth@1.0-ibs_handler: ProcessIbsCmd: Received IBS_SLEEP_IND: 0xFE
06-30 02:50:54.112  2142  2142 D WatchFaceService: Setting Watch Ui State with WatchUiState{ interruptionFilter=1, inAmbientMode=false } and fromSysUi=true. Existing state: firstSetWatchUiState=false, systemHasSentWatchUiState=true, mutableWatchState.interruptionFilter=1, mutableWatchState.isAmbient=false
06-30 02:50:54.384  1719  1967 I HalDevMgr: bestIfaceCreationProposal is null, requestIface=STA, existingIface=[name=wlan0 type=STA]
06-30 02:50:55.042   853  2607 I vendor.qti.bluetooth@1.0-ibs_handler: DeviceSleep: TX Awake, Sending SLEEP_IND
06-30 02:50:55.042   853  2607 D vendor.qti.bluetooth@1.0-ibs_handler: SerialClockVote: vote for UART CLK OFF
06-30 02:50:55.043   853  2607 D vendor.qti.bluetooth@1.0-uart_transport: ClockOperation: USERIAL_OP_CLK_OFF - after sys fs write-ret:4
06-30 02:50:55.194   853  2495 D vendor.qti.bluetooth@1.0-wake_lock: Release wakelock is released 
06-30 02:50:55.293  1719  1793 D HighBrightnessModeController: onAmbientLuxChange: 6.4624996/25000.0, IsHighLux: false
06-30 02:50:57.456  1719  1967 I HalDevMgr: bestIfaceCreationProposal is null, requestIface=STA, existingIface=[name=wlan0 type=STA]
06-30 02:50:58.026   391   416 E pixelstats-uevent: Unable to read  - No such file or directory
06-30 02:50:58.224 15640 15653 W System  : A resource failed to call AbstractCursor.close. 
06-30 02:50:58.602   853  2603 I vendor.qti.bluetooth@1.0-ibs_handler: ProcessIbsCmd: Received IBS_WAKE_IND: 0xFD
06-30 02:50:58.602   853  2603 D vendor.qti.bluetooth@1.0-ibs_handler: SerialClockVote: vote for UART CLK ON
06-30 02:50:58.603   853  2603 D vendor.qti.bluetooth@1.0-uart_transport: ClockOperation: USERIAL_OP_CLK_ON - after sys fs write-ret:4
06-30 02:50:58.603   853  2603 D vendor.qti.bluetooth@1.0-wake_lock: Acquire wakelock is acquired 
06-30 02:50:58.603   853  2603 I vendor.qti.bluetooth@1.0-ibs_handler: ProcessIbsCmd: Writing IBS_WAKE_ACK
06-30 02:50:58.605  2188  2472 I bt_btm_pm: system/stack/acl/btm_pm.cc:648 btm_pm_proc_mode_change: Power mode switched from immediate:active[0] to immediate:sniff[2]
06-30 02:50:58.647   853  2603 I vendor.qti.bluetooth@1.0-ibs_handler: ProcessIbsCmd: Received IBS_SLEEP_IND: 0xFE
06-30 02:50:58.648   853  2603 D vendor.qti.bluetooth@1.0-ibs_handler: SerialClockVote: vote for UART CLK OFF
06-30 02:50:58.648   853  2603 D vendor.qti.bluetooth@1.0-uart_transport: ClockOperation: USERIAL_OP_CLK_OFF - after sys fs write-ret:4
06-30 02:50:58.798   853  2495 D vendor.qti.bluetooth@1.0-wake_lock: Release wakelock is released 
06-30 02:51:00.270   853  2603 I vendor.qti.bluetooth@1.0-ibs_handler: ProcessIbsCmd: Received IBS_WAKE_IND: 0xFD
06-30 02:51:00.270   853  2603 D vendor.qti.bluetooth@1.0-ibs_handler: SerialClockVote: vote for UART CLK ON
06-30 02:51:00.270   853  2603 D vendor.qti.bluetooth@1.0-uart_transport: ClockOperation: USERIAL_OP_CLK_ON - after sys fs write-ret:4
06-30 02:51:00.270   853  2603 D vendor.qti.bluetooth@1.0-wake_lock: Acquire wakelock is acquired 
06-30 02:51:00.270   853  2603 I vendor.qti.bluetooth@1.0-ibs_handler: ProcessIbsCmd: Writing IBS_WAKE_ACK
06-30 02:51:00.314   853  2603 I vendor.qti.bluetooth@1.0-ibs_handler: ProcessIbsCmd: Received IBS_SLEEP_IND: 0xFE
06-30 02:51:00.314   853  2603 D vendor.qti.bluetooth@1.0-ibs_handler: SerialClockVote: vote for UART CLK OFF
06-30 02:51:00.314   853  2603 D vendor.qti.bluetooth@1.0-uart_transport: ClockOperation: USERIAL_OP_CLK_OFF - after sys fs write-ret:4
06-30 02:51:00.466   853  2495 D vendor.qti.bluetooth@1.0-wake_lock: Release wakelock is released 
06-30 02:51:00.505  1719  1967 I HalDevMgr: bestIfaceCreationProposal is null, requestIface=STA, existingIface=[name=wlan0 type=STA]
06-30 02:51:00.927   721   859 D MCU     : calories_consumer.cc:157         16:04:57.687 Calories OnSample timestamp_ns=56265807647705 total=1.05
06-30 02:51:00.928   721   859 D MCU     : offload_data_provider_app.cc:1190 16:04:57.687 [OffloadDataProvider] Got Calories, total=260.29
06-30 02:51:00.928   855   880 D ContextHubHal: Got message from nanoapp: ID 0x476f6f676c003000
06-30 02:51:01.048  1435  1435 E BatteryDefender: Failed to read /sys/devices/platform/google,charger/bd_state
06-30 02:51:01.062  1435  1435 E BatteryDefender: Failed to read /sys/devices/platform/google,charger/bd_state
06-30 02:51:01.941  1719  1760 D ActivityManager: sync unfroze 8905 com.fitbit.FitbitMobile for 3
06-30 02:51:01.942  1719  1901 I SensorService: Setting connection 0xe47359c0 disabled status to 0 for reason 2
06-30 02:51:02.093  1719  1793 D HighBrightnessModeController: onAmbientLuxChange: 3.7262502/25000.0, IsHighLux: false
06-30 02:51:03.545  1719  1967 I HalDevMgr: bestIfaceCreationProposal is null, requestIface=STA, existingIface=[name=wlan0 type=STA]
06-30 02:51:05.200   391   416 E pixelstats-uevent: Unable to read  - No such file or directory
06-30 02:51:05.203  1435  1435 E BatteryDefender: Failed to read /sys/devices/platform/google,charger/bd_state
06-30 02:51:05.217  1435  1435 E BatteryDefender: Failed to read /sys/devices/platform/google,charger/bd_state
06-30 02:51:06.604  1719  1967 I HalDevMgr: bestIfaceCreationProposal is null, requestIface=STA, existingIface=[name=wlan0 type=STA]
06-30 02:51:06.785   855   880 D ContextHubHal: Got message from nanoapp: ID 0x476f6f676c003000
06-30 02:51:06.923   721   859 D MCU     : site_data_provider.cc:220        16:05:03.729 [SiteDataProvider] Flushing 1 GROK records
06-30 02:51:06.923   721   859 D MCU     : site_data_provider.cc:220        16:05:03.729 [SiteDataProvider] Flushing 1 GROK records
06-30 02:51:07.074  1719  1974 D InetDiagMessage: Destroyed 0 sockets, proto=IPPROTO_TCP, family=AF_INET, states=14
06-30 02:51:07.076  1719  1974 D InetDiagMessage: Destroyed 0 sockets, proto=IPPROTO_TCP, family=AF_INET6, states=14
06-30 02:51:07.076  1719  1974 D InetDiagMessage: Destroyed live tcp sockets for uids={10111} in 4ms
06-30 02:51:07.078  1719  1974 D InetDiagMessage: Destroyed 0 sockets, proto=IPPROTO_TCP, family=AF_INET, states=14
06-30 02:51:07.079  1719  1974 D InetDiagMessage: Destroyed 0 sockets, proto=IPPROTO_TCP, family=AF_INET6, states=14
06-30 02:51:07.080  1719  1974 D InetDiagMessage: Destroyed live tcp sockets for uids={20111} in 4ms
06-30 02:51:07.086  1719  1914 D ActivityManager: freezing 8905 com.fitbit.FitbitMobile
06-30 02:51:07.087  1719  1901 I SensorService: Setting connection 0xe47359c0 disabled status to 1 for reason 2
06-30 02:51:07.094  1719  1974 D InetDiagMessage: Destroyed 0 sockets, proto=IPPROTO_TCP, family=AF_INET, states=14
06-30 02:51:07.095  1719  1974 D InetDiagMessage: Destroyed 0 sockets, proto=IPPROTO_TCP, family=AF_INET6, states=14
06-30 02:51:07.096  1719  1974 D InetDiagMessage: Destroyed live tcp sockets for uids={10111} in 4ms
06-30 02:51:08.891  1719  1793 D HighBrightnessModeController: onAmbientLuxChange: 0.05125/25000.0, IsHighLux: false
06-30 02:51:09.095  1719  1793 D HighBrightnessModeController: onAmbientLuxChange: 0.66369605/25000.0, IsHighLux: false
06-30 02:51:09.489  1719  1793 D HighBrightnessModeController: onAmbientLuxChange: 5.68/25000.0, IsHighLux: false
06-30 02:51:09.644  1719  1967 I HalDevMgr: bestIfaceCreationProposal is null, requestIface=STA, existingIface=[name=wlan0 type=STA]
06-30 02:51:10.352   855   880 D ContextHubHal: Got message from nanoapp: ID 0x476f6f676c003003
06-30 02:51:10.379  2076  2088 I .wearable.sysui: Background young concurrent mark compact GC freed 2387KB AllocSpace bytes, 0(0B) LOS objects, 89% free, 13MB/128MB, paused 1.113ms,4.945ms total 118.793ms
06-30 02:51:10.424   721   859 D MCU     : usf_sensor.cc:1920               16:05:07.334 [USF] Received start sampling request for Skin temperature sensor (active:1).
06-30 02:51:10.424   721   859 D MCU     : device.cc:154                    16:05:07.335 AS6221Device Set conversion timer: 60000000 ns
06-30 02:51:10.424   721   859 D MCU     : device.cc:173                    16:05:07.335 AS6221Device Set sampling timer:180000000
06-30 02:51:10.425   721   859 I MCU     : skin_temperature_manager.cc:321  16:05:07.398 [SkinTemperature] [Processed Record] Timestamp: 1782767230 Encoded absolute temperature: 6200 Sensor_Type 1
06-30 02:51:10.425   721   859 I MCU     : site_data_provider.cc:96         16:05:07.398 [SiteDataProvider] Site Data Provider flush from type 13
06-30 02:51:10.425   721   859 D MCU     : site_data_provider.cc:220        16:05:07.398 [SiteDataProvider] Flushing 16 TEMPERATURE records
06-30 02:51:10.426   721   859 D MCU     : site_data_provider.cc:220        16:05:07.398 [SiteDataProvider] Flushing 16 TEMPERATURE records
06-30 02:51:12.682  1719  1967 I HalDevMgr: bestIfaceCreationProposal is null, requestIface=STA, existingIface=[name=wlan0 type=STA]
06-30 02:51:12.910   391   416 E pixelstats-uevent: Unable to read  - No such file or directory
06-30 02:51:14.900  1719  1793 D HighBrightnessModeController: onAmbientLuxChange: 3.7262502/25000.0, IsHighLux: false
06-30 02:51:15.722  1719  2003 I AdbWifiNetworkMonitor: Wi-Fi network available
06-30 02:51:15.722  1719  2003 I AdbWifiNetworkMonitor: Received the same Wi-Fi SSID. Ignoring.
06-30 02:51:15.727  1719  1967 I HalDevMgr: bestIfaceCreationProposal is null, requestIface=STA, existingIface=[name=wlan0 type=STA]
06-30 02:51:15.730  2637  2987 D DeviceStateHelper: Wifi freq: 2412
06-30 02:51:15.736  3468  3688 W EdorasConnMonitorState: unhandled onNetworkConnected
06-30 02:51:15.737  2304  2982 D QCNEJ/NativeAidlConnector: -> SND notifyDefaultNetworkChanged(1)
06-30 02:51:15.737  2304  2982 D cneJni  : sendDefaultNwMsg start
06-30 02:51:15.739  2304  2982 D cneJni  : sendWifiStatus start
06-30 02:51:18.765  1719  2003 I AdbWifiNetworkMonitor: Wi-Fi network available
06-30 02:51:18.766  1719  2003 I AdbWifiNetworkMonitor: Received the same Wi-Fi SSID. Ignoring.
06-30 02:51:18.769  1719  1967 I HalDevMgr: bestIfaceCreationProposal is null, requestIface=STA, existingIface=[name=wlan0 type=STA]
06-30 02:51:18.771  2637  2987 D DeviceStateHelper: Wifi freq: 2412
06-30 02:51:18.777  2304  2982 D cneJni  : sendWifiStatus start
06-30 02:51:18.779  2304  2982 D QCNEJ/NativeAidlConnector: -> SND notifyDefaultNetworkChanged(1)
06-30 02:51:18.779  2304  2982 D cneJni  : sendDefaultNwMsg start
06-30 02:51:18.779  3468  3688 W EdorasConnMonitorState: unhandled onNetworkConnected
06-30 02:51:20.095  1719  1793 D HighBrightnessModeController: onAmbientLuxChange: 0.02625/25000.0, IsHighLux: false
06-30 02:51:20.500  1719  1793 D HighBrightnessModeController: onAmbientLuxChange: 0.67960817/25000.0, IsHighLux: false
06-30 02:51:21.197   857   857 E ODPM    : readEnergyMeter()
06-30 02:51:21.494  1719  1793 D HighBrightnessModeController: onAmbientLuxChange: 7.4512496/25000.0, IsHighLux: false
06-30 02:51:21.824  1719  1967 I HalDevMgr: bestIfaceCreationProposal is null, requestIface=STA, existingIface=[name=wlan0 type=STA]
06-30 02:51:24.898  1719  1967 I HalDevMgr: bestIfaceCreationProposal is null, requestIface=STA, existingIface=[name=wlan0 type=STA]
06-30 02:51:27.951  1719  1967 I HalDevMgr: bestIfaceCreationProposal is null, requestIface=STA, existingIface=[name=wlan0 type=STA]
06-30 02:51:27.979   391   416 E pixelstats-uevent: Unable to read  - No such file or directory
06-30 02:51:28.636   391   416 E pixelstats-uevent: Unable to read  - No such file or directory
06-30 02:51:28.643  1435  1435 E BatteryDefender: Failed to read /sys/devices/platform/google,charger/bd_state
06-30 02:51:28.651  1435  1435 E BatteryDefender: Failed to read /sys/devices/platform/google,charger/bd_state
06-30 02:51:29.097  1719  1914 D ActivityManager: freezing 15311 com.google.android.apps.wearable.settings
06-30 02:51:31.002  1719  1967 I HalDevMgr: bestIfaceCreationProposal is null, requestIface=STA, existingIface=[name=wlan0 type=STA]
06-30 02:51:31.899  1719  1793 D HighBrightnessModeController: onAmbientLuxChange: 2.7862496/25000.0, IsHighLux: false
06-30 02:51:34.043  1719  1967 I HalDevMgr: bestIfaceCreationProposal is null, requestIface=STA, existingIface=[name=wlan0 type=STA]
06-30 02:51:36.748  1628  1654 I pixel-thermal: CDEV log 
06-30 02:51:37.112  1719  1967 I HalDevMgr: bestIfaceCreationProposal is null, requestIface=STA, existingIface=[name=wlan0 type=STA]
06-30 02:51:40.164  1719  1967 I HalDevMgr: bestIfaceCreationProposal is null, requestIface=STA, existingIface=[name=wlan0 type=STA]
06-30 02:51:40.635  1719  1736 I system_server: NativeAlloc concurrent mark compact GC freed 4925KB AllocSpace bytes, 2(40KB) LOS objects, 88% free, 30MB/256MB, paused 4.162ms,6.828ms total 469.343ms
06-30 02:51:40.637  1719  1737 I libbinder.BpBinder: onLastStrongRef automatically unlinking death recipients for binder (0xe4ff9b10) with descriptor: '(not cached)'
06-30 02:51:41.419  1719  1901 I SensorService: Setting connection 0xe47359c0 disabled status to 0 for reason 2
06-30 02:51:41.422  1719  2081 D ActivityManager: sync unfroze 8905 com.fitbit.FitbitMobile for 6
06-30 02:51:41.428  1719  1901 I SensorService: Setting connection 0xe47359c0 disabled status to 0 for reason 0
06-30 02:51:41.429  1719  1756 D ActivityManager: sync unfroze 17828 com.google.android.wearable.protolayout.renderer for 6
06-30 02:51:41.439  1719  1756 W ProcessStats: Tracking association SourceState{b68883f com.google.android.wearable.sysui/10068 BTop #19240} whose proc state 2 is better than process ProcessState{68b7ba9 com.google.android.wearable.protolayout.renderer/10117 pkg=com.google.android.wearable.protolayout.renderer} proc state 14 (1 skipped)
06-30 02:51:41.495  8905  8905 W it.FitbitMobile: Monitor::Inflate: Install failed 0x940d3c18
06-30 02:51:41.516  8905  8925 W it.FitbitMobile: Monitor::Inflate: Install failed 0xcc00d3b8
06-30 02:51:42.918   391   416 E pixelstats-uevent: Unable to read  - No such file or directory
06-30 02:51:43.201  1719  2003 I AdbWifiNetworkMonitor: Wi-Fi network available
06-30 02:51:43.202  1719  2003 I AdbWifiNetworkMonitor: Received the same Wi-Fi SSID. Ignoring.
06-30 02:51:43.211  1719  1967 I HalDevMgr: bestIfaceCreationProposal is null, requestIface=STA, existingIface=[name=wlan0 type=STA]
06-30 02:51:43.211  2304  2982 D QCNEJ/NativeAidlConnector: -> SND notifyDefaultNetworkChanged(1)
06-30 02:51:43.211  2304  2982 D cneJni  : sendDefaultNwMsg start
06-30 02:51:43.212  2637  2987 D DeviceStateHelper: Wifi freq: 2412
06-30 02:51:43.213  2304  2982 D cneJni  : sendWifiStatus start
06-30 02:51:43.214  3468  3688 W EdorasConnMonitorState: unhandled onNetworkConnected
06-30 02:51:45.226 19107 19107 I libbinder.AidlLazyServiceRegistrar: Process has 0 (of 1 available) client(s) in use after notification artd has clients: 0
06-30 02:51:45.226 19107 19107 I libbinder.AidlLazyServiceRegistrar: Trying to shut down the service. No clients in use for any service in process.
06-30 02:51:45.227 19107 19107 I libbinder.AidlLazyServiceRegistrar: Unregistered all clients and exiting
06-30 02:51:46.254  1719  1967 I HalDevMgr: bestIfaceCreationProposal is null, requestIface=STA, existingIface=[name=wlan0 type=STA]
06-30 02:51:49.300  1719  2003 I AdbWifiNetworkMonitor: Wi-Fi network available
06-30 02:51:49.300  1719  2003 I AdbWifiNetworkMonitor: Received the same Wi-Fi SSID. Ignoring.
06-30 02:51:49.304  1719  1967 I HalDevMgr: bestIfaceCreationProposal is null, requestIface=STA, existingIface=[name=wlan0 type=STA]
06-30 02:51:49.307  2637  2987 D DeviceStateHelper: Wifi freq: 2412
06-30 02:51:49.310  2304  2982 D QCNEJ/NativeAidlConnector: -> SND notifyDefaultNetworkChanged(1)
06-30 02:51:49.310  2304  2982 D cneJni  : sendDefaultNwMsg start
06-30 02:51:49.310  3468  3688 W EdorasConnMonitorState: unhandled onNetworkConnected
06-30 02:51:49.312  2304  2982 D cneJni  : sendWifiStatus start
06-30 02:51:52.081   391   416 E pixelstats-uevent: Unable to read  - No such file or directory
06-30 02:51:52.091  1435  1435 E BatteryDefender: Failed to read /sys/devices/platform/google,charger/bd_state
06-30 02:51:52.100  1435  1435 E BatteryDefender: Failed to read /sys/devices/platform/google,charger/bd_state
06-30 02:51:52.367  1719  1967 I HalDevMgr: bestIfaceCreationProposal is null, requestIface=STA, existingIface=[name=wlan0 type=STA]
06-30 02:51:52.647  1719  1914 D ActivityManager: freezing 8905 com.fitbit.FitbitMobile
06-30 02:51:52.648  1719  1901 I SensorService: Setting connection 0xe47359c0 disabled status to 1 for reason 2
06-30 02:51:52.648  1719  1974 D InetDiagMessage: Destroyed 0 sockets, proto=IPPROTO_TCP, family=AF_INET, states=14
06-30 02:51:52.650  1719  1974 D InetDiagMessage: Destroyed 0 sockets, proto=IPPROTO_TCP, family=AF_INET6, states=14
06-30 02:51:52.650  1719  1974 D InetDiagMessage: Destroyed live tcp sockets for uids={10111} in 3ms
06-30 02:51:52.651  1719  1914 D ActivityManager: freezing 17828 com.google.android.wearable.protolayout.renderer
06-30 02:51:52.652  1719  1974 D InetDiagMessage: Destroyed 0 sockets, proto=IPPROTO_TCP, family=AF_INET, states=14
06-30 02:51:52.653  1719  1974 D InetDiagMessage: Destroyed 0 sockets, proto=IPPROTO_TCP, family=AF_INET6, states=14
06-30 02:51:52.653  1719  1974 D InetDiagMessage: Destroyed live tcp sockets for uids={20111} in 2ms
06-30 02:51:52.655  1719  1974 D InetDiagMessage: Destroyed 0 sockets, proto=IPPROTO_TCP, family=AF_INET, states=14
06-30 02:51:52.656  1719  1974 D InetDiagMessage: Destroyed 0 sockets, proto=IPPROTO_TCP, family=AF_INET6, states=14
06-30 02:51:52.656  1719  1974 D InetDiagMessage: Destroyed live tcp sockets for uids={10111} in 2ms
06-30 02:51:52.826  1719  1974 D InetDiagMessage: Destroyed 0 sockets, proto=IPPROTO_TCP, family=AF_INET, states=14
06-30 02:51:52.827  1719  1974 D InetDiagMessage: Destroyed 0 sockets, proto=IPPROTO_TCP, family=AF_INET6, states=14
06-30 02:51:52.827  1719  1974 D InetDiagMessage: Destroyed live tcp sockets for uids={10117} in 1ms
06-30 02:51:55.428  1719  1967 I HalDevMgr: bestIfaceCreationProposal is null, requestIface=STA, existingIface=[name=wlan0 type=STA]
06-30 02:51:57.937   391   416 E pixelstats-uevent: Unable to read  - No such file or directory
06-30 02:51:58.076   855   880 D ContextHubHal: Got message from nanoapp: ID 0x476f6f676c003000
06-30 02:51:58.449   721   859 D MCU     : site_data_provider.cc:220        16:05:56.505 [SiteDataProvider] Flushing 1 GROK records
06-30 02:51:58.449   721   859 D MCU     : site_data_provider.cc:220        16:05:56.505 [SiteDataProvider] Flushing 1 GROK records
06-30 02:51:58.479  1719  1967 I HalDevMgr: bestIfaceCreationProposal is null, requestIface=STA, existingIface=[name=wlan0 type=STA]
06-30 02:52:00.927   855   880 D ContextHubHal: Got message from nanoapp: ID 0x476f6f676c003000
06-30 02:52:00.951   721   859 D MCU     : calories_consumer.cc:157         16:05:59.433 Calories OnSample timestamp_ns=56325807647705 total=1.05
06-30 02:52:00.951   721   859 D MCU     : offload_data_provider_app.cc:1190 16:05:59.434 [OffloadDataProvider] Got Calories, total=261.34
06-30 02:52:01.530  1719  1967 I HalDevMgr: bestIfaceCreationProposal is null, requestIface=STA, existingIface=[name=wlan0 type=STA]
06-30 02:52:01.953  1719  1901 I SensorService: Setting connection 0xe47359c0 disabled status to 0 for reason 2
06-30 02:52:01.953  1719  1760 D ActivityManager: sync unfroze 8905 com.fitbit.FitbitMobile for 3
06-30 02:52:04.581  1719  1967 I HalDevMgr: bestIfaceCreationProposal is null, requestIface=STA, existingIface=[name=wlan0 type=STA]
06-30 02:52:07.016  1719  1914 D ActivityManager: freezing 8905 com.fitbit.FitbitMobile
06-30 02:52:07.019  1719  1901 I SensorService: Setting connection 0xe47359c0 disabled status to 1 for reason 2
06-30 02:52:07.027  1719  1974 D InetDiagMessage: Destroyed 0 sockets, proto=IPPROTO_TCP, family=AF_INET, states=14
06-30 02:52:07.028  1719  1974 D InetDiagMessage: Destroyed 0 sockets, proto=IPPROTO_TCP, family=AF_INET6, states=14
06-30 02:52:07.029  1719  1974 D InetDiagMessage: Destroyed live tcp sockets for uids={10111} in 3ms
06-30 02:52:07.030  1719  1974 D InetDiagMessage: Destroyed 0 sockets, proto=IPPROTO_TCP, family=AF_INET, states=14
06-30 02:52:07.030  1719  1974 D InetDiagMessage: Destroyed 0 sockets, proto=IPPROTO_TCP, family=AF_INET6, states=14
06-30 02:52:07.031  1719  1974 D InetDiagMessage: Destroyed live tcp sockets for uids={10111} in 1ms
06-30 02:52:07.031  1719  1974 D InetDiagMessage: Destroyed 0 sockets, proto=IPPROTO_TCP, family=AF_INET, states=14
06-30 02:52:07.032  1719  1974 D InetDiagMessage: Destroyed 0 sockets, proto=IPPROTO_TCP, family=AF_INET6, states=14
06-30 02:52:07.032  1719  1974 D InetDiagMessage: Destroyed live tcp sockets for uids={20111} in 1ms
06-30 02:52:07.636  1719  1967 I HalDevMgr: bestIfaceCreationProposal is null, requestIface=STA, existingIface=[name=wlan0 type=STA]
06-30 02:52:10.456   721   859 D MCU     : usf_sensor.cc:1920               16:06:09.088 [USF] Received start sampling request for Skin temperature sensor (active:1).
06-30 02:52:10.456   721   859 D MCU     : device.cc:154                    16:06:09.088 AS6221Device Set conversion timer: 60000000 ns
06-30 02:52:10.456   721   859 D MCU     : device.cc:173                    16:06:09.088 AS6221Device Set sampling timer:180000000
06-30 02:52:10.457   721   859 D MCU     : skin_temperature_manager.cc:333  16:06:09.151 [SkinTemperature] [Record Processing Incomplete] Processed 0 temperature samples.
06-30 02:52:10.676  1719  1967 I HalDevMgr: bestIfaceCreationProposal is null, requestIface=STA, existingIface=[name=wlan0 type=STA]
06-30 02:52:11.095  1719  1793 D HighBrightnessModeController: onAmbientLuxChange: 0.02625/25000.0, IsHighLux: false
06-30 02:52:11.515  1719  1793 D HighBrightnessModeController: onAmbientLuxChange: 0.042999584/25000.0, IsHighLux: false
06-30 02:52:11.696  1719  1793 D HighBrightnessModeController: onAmbientLuxChange: 0.05125/25000.0, IsHighLux: false
06-30 02:52:12.105  1719  1793 D HighBrightnessModeController: onAmbientLuxChange: 1.5965238/25000.0, IsHighLux: false
06-30 02:52:12.927   391   416 E pixelstats-uevent: Unable to read  - No such file or directory
06-30 02:52:13.719  1719  2003 I AdbWifiNetworkMonitor: Wi-Fi network available
06-30 02:52:13.720  1719  2003 I AdbWifiNetworkMonitor: Received the same Wi-Fi SSID. Ignoring.
06-30 02:52:13.722  1719  1967 I HalDevMgr: bestIfaceCreationProposal is null, requestIface=STA, existingIface=[name=wlan0 type=STA]
06-30 02:52:13.730  2637  2987 D DeviceStateHelper: Wifi freq: 2412
06-30 02:52:13.730  2304  2982 D cneJni  : sendWifiStatus start
06-30 02:52:13.734  3468  3688 W EdorasConnMonitorState: unhandled onNetworkConnected
06-30 02:52:13.736  2304  2982 D QCNEJ/NativeAidlConnector: -> SND notifyDefaultNetworkChanged(1)
06-30 02:52:13.736  2304  2982 D cneJni  : sendDefaultNwMsg start
06-30 02:52:15.517   391   416 E pixelstats-uevent: Unable to read  - No such file or directory
06-30 02:52:15.524  1435  1435 E BatteryDefender: Failed to read /sys/devices/platform/google,charger/bd_state
06-30 02:52:15.532  1435  1435 E BatteryDefender: Failed to read /sys/devices/platform/google,charger/bd_state
06-30 02:52:16.763  1719  1967 I HalDevMgr: bestIfaceCreationProposal is null, requestIface=STA, existingIface=[name=wlan0 type=STA]
06-30 02:52:16.892  1719  1793 D HighBrightnessModeController: onAmbientLuxChange: 3.7262502/25000.0, IsHighLux: false
06-30 02:52:19.788  1719  2003 I AdbWifiNetworkMonitor: Wi-Fi network available
06-30 02:52:19.788  1719  2003 I AdbWifiNetworkMonitor: Received the same Wi-Fi SSID. Ignoring.
06-30 02:52:19.789  1719  1967 I HalDevMgr: bestIfaceCreationProposal is null, requestIface=STA, existingIface=[name=wlan0 type=STA]
06-30 02:52:19.796  2637  2987 D DeviceStateHelper: Wifi freq: 2412
06-30 02:52:19.803  3468  3688 W EdorasConnMonitorState: unhandled onNetworkConnected
06-30 02:52:19.804  2304  2982 D QCNEJ/NativeAidlConnector: -> SND notifyDefaultNetworkChanged(1)
06-30 02:52:19.804  2304  2982 D cneJni  : sendDefaultNwMsg start
06-30 02:52:19.806  2304  2982 D cneJni  : sendWifiStatus start
06-30 02:52:22.828  1719  1967 I HalDevMgr: bestIfaceCreationProposal is null, requestIface=STA, existingIface=[name=wlan0 type=STA]
06-30 02:52:25.876  1719  1967 I HalDevMgr: bestIfaceCreationProposal is null, requestIface=STA, existingIface=[name=wlan0 type=STA]
06-30 02:52:28.143   391   416 E pixelstats-uevent: Unable to read  - No such file or directory
06-30 02:52:28.549 15640 18765 I NetworkScheduler.Stats: (REDACTED) Task %s/%s started execution. cause:%s exec_start_elapsed_seconds: %s
06-30 02:52:28.608  1719  2081 D ActivityManager: sync unfroze 15265 com.google.android.gms for 6
06-30 02:52:28.613 15265 15265 W gle.android.gms: Monitor::Inflate: Install failed 0xcbf8be08
06-30 02:52:28.637  1719  2081 W ProcessStats: Tracking association SourceState{209b0fa com.google.android.gms.persistent/10120 BTop #19254} whose proc state 2 is better than process ProcessState{4349d46 com.google.android.gms/10120 pkg=com.google.android.gms} proc state 14 (1 skipped)
06-30 02:52:28.642 15265 18973 W Dck     : reporting API failure since DCK module is disabled [CONTEXT service_id=289 ]
06-30 02:52:28.643 15640 15686 W GoogleApiManager: Not showing notification since connectionResult is not user-facing: ConnectionResult{statusCode=API_UNAVAILABLE, resolution=null, message=null, clientMethodKey=null}
06-30 02:52:28.656 15640 18765 I NetworkScheduler.Stats: (REDACTED) Task %s/%s finished executing. cause:%s result: %s elapsed_millis: %s uptime_millis: %s exec_start_elapsed_seconds: %s
06-30 02:52:28.717 15640 19151 I NetworkScheduler.Stats: (REDACTED) Task %s/%s started execution. cause:%s exec_start_elapsed_seconds: %s
06-30 02:52:28.745 15640 18765 I NetworkScheduler.Stats: (REDACTED) Task %s/%s started execution. cause:%s exec_start_elapsed_seconds: %s
06-30 02:52:28.753 15265 18151 I MdiSyncModule: (REDACTED) Dispatching task '%s'...
06-30 02:52:28.755 15265 18151 I MdiSyncModule: (REDACTED) Running account-scoped task '%s'...
06-30 02:52:28.896 15640 15697 I FacsCacheGmsModule: (REDACTED) Receiving API connection to FACS API from package '%s'...
06-30 02:52:28.899 15640 15697 I FacsCacheGmsModule: API connection successful!
06-30 02:52:28.905  1719  1967 I HalDevMgr: bestIfaceCreationProposal is null, requestIface=STA, existingIface=[name=wlan0 type=STA]
06-30 02:52:28.907 15265 18220 I FacsCacheGmsModule: Receiving API connection to internal FACS API...
06-30 02:52:28.907 15640 15697 I FacsCacheGmsModule: (REDACTED) Received 'readDeviceLevelSettings' request from package '%s'...
06-30 02:52:28.908 15265 18220 I FacsCacheGmsModule: API connection successful!
06-30 02:52:28.909 15640 18765 I FacsCacheGmsModule: (REDACTED) Executing operation '%s'...
06-30 02:52:28.909 15640 15697 I FacsCacheGmsModule: Operation 'readDeviceLevelSettings' dispatched!
06-30 02:52:28.913 15640 18765 I FacsCacheGmsModule: (REDACTED) Operation '%s' successful!
06-30 02:52:28.918 15265 19154 I GmsCoreXrpcWrapper: (REDACTED) Returning a channel provider with trafficStatsTag=%d trafficStatsUid=%d
06-30 02:52:28.927 15265 15307 D nativeloader: Configuring clns-10 for other apk . target_sdk_version=37, uses_libraries=ALL, library_path=/data/app/~~XmzU6J-gwPPqWSUhug5SEw==/com.google.android.gms-2SyoG-91M3Npbh7UuEz62Q==/split_CronetDynamite_installtime.apk!/lib/armeabi-v7a:/data/app/~~XmzU6J-gwPPqWSUhug5SEw==/com.google.android.gms-2SyoG-91M3Npbh7UuEz62Q==/split_CronetDynamite_installtime.apk!/lib/armeabi, permitted_path=/data:/mnt/expand
06-30 02:52:28.936 15265 15307 D nativeloader: Load /data/app/~~XmzU6J-gwPPqWSUhug5SEw==/com.google.android.gms-2SyoG-91M3Npbh7UuEz62Q==/split_CronetDynamite_installtime.apk!/lib/armeabi-v7a/libcronet.149.0.7827.48.so using isolated ns clns-10 (caller=/data/app/~~XmzU6J-gwPPqWSUhug5SEw==/com.google.android.gms-2SyoG-91M3Npbh7UuEz62Q==/split_CronetDynamite_installtime.apk!classes2.dex): ok
06-30 02:52:28.938  1719  3725 D ConnectivityService: requestNetwork for uid/pid:10120/15265 activeRequest: null callbackRequest: 382 [NetworkRequest [ TRACK_DEFAULT id=383, [ Capabilities: INTERNET&NOT_RESTRICTED&TRUSTED&NOT_VCN_MANAGED&NOT_BANDWIDTH_CONSTRAINED Uid: 10120 RequestorUid: 10120 RequestorPkg: com.google.android.gms UnderlyingNetworks: Null] ], NetworkRequest [ REQUEST id=384, [ Transports: SATELLITE Capabilities: INTERNET&NOT_RESTRICTED&TRUSTED&NOT_VCN_MANAGED Uid: 10120 RequestorUid: 10120 RequestorPkg: com.google.android.gms UnderlyingNetworks: Null] ]] callback flags: 0 order: 2147483647 isUidTracked: false declaredMethods: AVAIL|LOST|NC|LP
06-30 02:52:28.939  1719  1974 D NetworkRequestStateStatsMetrics: Registered nr with ID = 384, package_uid = 10120
06-30 02:52:28.942 15265 15307 I cn_CronetLibraryLoader: Cronet version: 149.0.7827.48, arch: armv8l
06-30 02:52:28.942  1719  3725 D CompatChangeReporter: Compat change id reported: 349487600; UID 10120; state: ENABLED
06-30 02:52:28.948  1719  1974 D ConnectivityService: NetReassign [383 : null → 108] [c 1] [a 2] [i 6]
06-30 02:52:28.959  1719  1974 D ConnectivityService: NetReassign [no changes] [c 1] [a 3] [i 6]
06-30 02:52:28.994   391   416 E pixelstats-uevent: Unable to read  - No such file or directory
06-30 02:52:29.079 15265 19160 W gle.android.gms: Monitor::Inflate: Install failed 0xcbfb3df8
06-30 02:52:29.245 15265 19161 I cn_CronetUrlRequestContext: destroyNativeStreamLocked org.chromium.net.impl.CronetBidirectionalStream@9718ee
06-30 02:52:29.255 15640 15697 I FacsCacheGmsModule: (REDACTED) Received 'writeDeviceLevelSettings' request from package '%s'...
06-30 02:52:29.256 15640 18765 I FacsCacheGmsModule: (REDACTED) Executing operation '%s'...
06-30 02:52:29.256 15640 15697 I FacsCacheGmsModule: Operation 'writeDeviceLevelSettings' dispatched!
06-30 02:52:29.267 15640 18765 W GmsIntents: Google now certificate not valid. UDC settings broadcast will not be sent.
06-30 02:52:29.268 15640 18765 I FacsCacheGmsModule: (REDACTED) Operation '%s' successful!
06-30 02:52:29.275 15265 19161 I cn_CronetUrlRequestContext: destroyNativeStreamLocked org.chromium.net.impl.CronetBidirectionalStream@8e632b4
06-30 02:52:29.303 15265 18151 I MdiSyncModule: (REDACTED) Task '%s' finished with result '%d'!
06-30 02:52:29.307 15640 19151 I NetworkScheduler.Stats: (REDACTED) Task %s/%s finished executing. cause:%s result: %s elapsed_millis: %s uptime_millis: %s exec_start_elapsed_seconds: %s
06-30 02:52:29.360 15640 18765 I NetworkScheduler.Stats: (REDACTED) Task %s/%s started execution. cause:%s exec_start_elapsed_seconds: %s
06-30 02:52:29.392 15640 19151 I NetworkScheduler.Stats: (REDACTED) Task %s/%s finished executing. cause:%s result: %s elapsed_millis: %s uptime_millis: %s exec_start_elapsed_seconds: %s
06-30 02:52:29.430 15640 19144 I NetworkScheduler.Stats: (REDACTED) Task %s/%s started execution. cause:%s exec_start_elapsed_seconds: %s
06-30 02:52:29.444 15640 19151 I NetworkScheduler.Stats: (REDACTED) Task %s/%s finished executing. cause:%s result: %s elapsed_millis: %s uptime_millis: %s exec_start_elapsed_seconds: %s
06-30 02:52:29.454 15265 18151 D nativeloader: Load /data/app/~~XmzU6J-gwPPqWSUhug5SEw==/com.google.android.gms-2SyoG-91M3Npbh7UuEz62Q==/base.apk!/lib/armeabi-v7a/libgeller_jni_lite_lib.so using class loader ns clns-8 (caller=/data/app/~~XmzU6J-gwPPqWSUhug5SEw==/com.google.android.gms-2SyoG-91M3Npbh7UuEz62Q==/base.apk): ok
06-30 02:52:29.477 15265 18151 I dbbm    : (REDACTED) Setting isLegacySQLite mode to %s.
06-30 02:52:29.481 15640 19144 I NetworkScheduler.Stats: (REDACTED) Task %s/%s started execution. cause:%s exec_start_elapsed_seconds: %s
06-30 02:52:29.493 15640 19144 I NetworkScheduler.Stats: (REDACTED) Task %s/%s finished executing. cause:%s result: %s elapsed_millis: %s uptime_millis: %s exec_start_elapsed_seconds: %s
06-30 02:52:29.495  1719  1793 D HighBrightnessModeController: onAmbientLuxChange: 0.02625/25000.0, IsHighLux: false
06-30 02:52:29.500 15265 15292 I native  : I0000 00:00:1782768149.500308   15292 geller_cache.cc:2003] Data size config for ENCRYPTED_ONDEVICE_LOCATION_HISTORY_TRIAL is 41943040 bytes
06-30 02:52:29.500 15265 15292 I native  : I0000 00:00:1782768149.500751   15292 geller_cache.cc:2005] Actual data size for ENCRYPTED_ONDEVICE_LOCATION_HISTORY_TRIAL is 0 bytes
06-30 02:52:29.503 15265 15292 W native  : W0000 00:00:1782768149.502968   15292 geller_cache.cc:1887] Sync timestamp is empty for ONDEVICE_AD_EVENTS, so cleanup for data_retention_days config cannot run
06-30 02:52:29.506 15265 15292 I native  : I0000 00:00:1782768149.506103   15292 geller_cache.cc:2003] Data size config for ONDEVICE_AD_EVENTS is 8388608 bytes
06-30 02:52:29.506 15265 15292 I native  : I0000 00:00:1782768149.506355   15292 geller_cache.cc:2005] Actual data size for ONDEVICE_AD_EVENTS is 0 bytes
06-30 02:52:29.517 15265 15292 W native  : W0000 00:00:1782768149.517362   15292 geller_cache.cc:1887] Sync timestamp is empty for ACCOUNT_LOCATIONS_WORK_ICONS, so cleanup for data_retention_days config cannot run
06-30 02:52:29.519 15265 15292 I native  : I0000 00:00:1782768149.519538   15292 geller_cache.cc:2003] Data size config for ACCOUNT_LOCATIONS_WORK_ICONS is 8388608 bytes
06-30 02:52:29.519 15265 15292 I native  : I0000 00:00:1782768149.519800   15292 geller_cache.cc:2005] Actual data size for ACCOUNT_LOCATIONS_WORK_ICONS is 0 bytes
06-30 02:52:29.524 15265 15292 I native  : I0000 00:00:1782768149.524286   15292 geller_cache.cc:1950] Removing additional copies for PRIVACY_SETTINGS
06-30 02:52:29.526 15265 15292 I dbbm    : (REDACTED) Deleting with GellerDeleteParams:
06-30 02:52:29.526 15265 15292 I dbbm    :  %s
06-30 02:52:29.543 15265 15292 I native  : I0000 00:00:1782768149.542892   15292 geller_cache.cc:2003] Data size config for PRIVACY_SETTINGS is 4194304 bytes
06-30 02:52:29.543 15265 15292 I native  : I0000 00:00:1782768149.543318   15292 geller_cache.cc:2005] Actual data size for PRIVACY_SETTINGS is 2464 bytes
06-30 02:52:29.545 15265 15292 W native  : W0000 00:00:1782768149.545718   15292 geller_cache.cc:1887] Sync timestamp is empty for HULK_ONDEVICE_PERSONALIZATION, so cleanup for data_retention_days config cannot run
06-30 02:52:29.547 15265 15292 I native  : I0000 00:00:1782768149.547866   15292 geller_cache.cc:2003] Data size config for HULK_ONDEVICE_PERSONALIZATION is 8388608 bytes
06-30 02:52:29.548 15265 15292 I native  : I0000 00:00:1782768149.548029   15292 geller_cache.cc:2005] Actual data size for HULK_ONDEVICE_PERSONALIZATION is 0 bytes
06-30 02:52:29.555 15265 15292 I native  : I0000 00:00:1782768149.555091   15292 geller_cache.cc:2003] Data size config for GELLER_CONFIG is 8388608 bytes
06-30 02:52:29.555 15265 15292 I native  : I0000 00:00:1782768149.555367   15292 geller_cache.cc:2005] Actual data size for GELLER_CONFIG is 933 bytes
06-30 02:52:29.555 15265 15292 W native  : W0000 00:00:1782768149.555763   15292 geller_cache.cc:1887] Sync timestamp is empty for ACCOUNT_LOCATIONS_HOME_ICONS, so cleanup for data_retention_days config cannot run
06-30 02:52:29.557 15265 15292 I native  : I0000 00:00:1782768149.557813   15292 geller_cache.cc:2003] Data size config for ACCOUNT_LOCATIONS_HOME_ICONS is 8388608 bytes
06-30 02:52:29.558 15265 15292 I native  : I0000 00:00:1782768149.558085   15292 geller_cache.cc:2005] Actual data size for ACCOUNT_LOCATIONS_HOME_ICONS is 0 bytes
06-30 02:52:29.561 15265 15292 I native  : I0000 00:00:1782768149.561043   15292 geller_cache.cc:2003] Data size config for ENCRYPTED_ONDEVICE_LOCATION_HISTORY is 314572800 bytes
06-30 02:52:29.561 15265 15292 I native  : I0000 00:00:1782768149.561230   15292 geller_cache.cc:2005] Actual data size for ENCRYPTED_ONDEVICE_LOCATION_HISTORY is 0 bytes
06-30 02:52:29.561 15265 15292 W native  : W0000 00:00:1782768149.561617   15292 geller_cache.cc:1887] Sync timestamp is empty for ODLH_PERSONALIZATION_AGGREGATES, so cleanup for data_retention_days config cannot run
06-30 02:52:29.564 15265 15292 I native  : I0000 00:00:1782768149.564747   15292 geller_cache.cc:2003] Data size config for ODLH_PERSONALIZATION_AGGREGATES is 8388608 bytes
06-30 02:52:29.565 15265 15292 I native  : I0000 00:00:1782768149.565084   15292 geller_cache.cc:2005] Actual data size for ODLH_PERSONALIZATION_AGGREGATES is 0 bytes
06-30 02:52:29.566 15265 15292 W native  : W0000 00:00:1782768149.565955   15292 geller_cache.cc:1887] Sync timestamp is empty for ODLH_BACKUP_METADATA, so cleanup for data_retention_days config cannot run
06-30 02:52:29.568 15265 15292 I native  : I0000 00:00:1782768149.568476   15292 geller_cache.cc:2003] Data size config for ODLH_BACKUP_METADATA is 8388608 bytes
06-30 02:52:29.568 15265 15292 I native  : I0000 00:00:1782768149.568891   15292 geller_cache.cc:2005] Actual data size for ODLH_BACKUP_METADATA is 0 bytes
06-30 02:52:29.583 15265 18151 I GellerCleanup: GellerCleanupService succeeded. [CONTEXT service_id=251 ]
06-30 02:52:29.589 15640 19174 I NetworkScheduler.Stats: (REDACTED) Task %s/%s finished executing. cause:%s result: %s elapsed_millis: %s uptime_millis: %s exec_start_elapsed_seconds: %s
06-30 02:52:29.711  1719  1793 D HighBrightnessModeController: onAmbientLuxChange: 0.67194647/25000.0, IsHighLux: false
06-30 02:52:30.703  1719  1793 D HighBrightnessModeController: onAmbientLuxChange: 3.36/25000.0, IsHighLux: false
06-30 02:52:30.917   855   880 D ContextHubHal: Got message from nanoapp: ID 0x476f6f676c003000
06-30 02:52:30.966   721   859 D MCU     : site_data_provider.cc:220        16:06:30.314 [SiteDataProvider] Flushing 1 SLEEP_300S records
06-30 02:52:30.967   721   859 D MCU     : site_data_provider.cc:220        16:06:30.314 [SiteDataProvider] Flushing 1 SLEEP_300S records
06-30 02:52:31.948  1719  2003 I AdbWifiNetworkMonitor: Wi-Fi network available
06-30 02:52:31.949  1719  2003 I AdbWifiNetworkMonitor: Received the same Wi-Fi SSID. Ignoring.
06-30 02:52:31.955  2637  2987 D DeviceStateHelper: Wifi freq: 2412
06-30 02:52:31.965  1719  1967 I HalDevMgr: bestIfaceCreationProposal is null, requestIface=STA, existingIface=[name=wlan0 type=STA]
06-30 02:52:31.965  2304  2982 D QCNEJ/NativeAidlConnector: -> SND notifyDefaultNetworkChanged(1)
06-30 02:52:31.965  2304  2982 D cneJni  : sendDefaultNwMsg start
06-30 02:52:31.967  3468  3688 W EdorasConnMonitorState: unhandled onNetworkConnected
06-30 02:52:31.968  2304  2982 D cneJni  : sendWifiStatus start
06-30 02:52:34.060  2171 15015 D IpClient/wlan0: interfaceLinkStateChanged: ifindex 26 up
06-30 02:52:35.003  1719  1967 I HalDevMgr: bestIfaceCreationProposal is null, requestIface=STA, existingIface=[name=wlan0 type=STA]
06-30 02:52:37.072  1628  1654 I pixel-thermal: CDEV log 
06-30 02:52:38.053  1719  1967 I HalDevMgr: bestIfaceCreationProposal is null, requestIface=STA, existingIface=[name=wlan0 type=STA]
06-30 02:52:38.962   391   416 E pixelstats-uevent: Unable to read  - No such file or directory
06-30 02:52:38.965  1435  1435 E BatteryDefender: Failed to read /sys/devices/platform/google,charger/bd_state
06-30 02:52:38.974  1435  1435 E BatteryDefender: Failed to read /sys/devices/platform/google,charger/bd_state
06-30 02:52:41.100  1719  1967 I HalDevMgr: bestIfaceCreationProposal is null, requestIface=STA, existingIface=[name=wlan0 type=STA]
06-30 02:52:43.886  1719  3725 W ProcessStats: Tracking association SourceState{9b48ab7 com.google.android.gms.persistent/10120 BTop #19280} whose proc state 2 is better than process ProcessState{4349d46 com.google.android.gms/10120 pkg=com.google.android.gms} proc state 14 (65 skipped)
06-30 02:52:44.140  1719  2003 I AdbWifiNetworkMonitor: Wi-Fi network available
06-30 02:52:44.142  1719  2003 I AdbWifiNetworkMonitor: Received the same Wi-Fi SSID. Ignoring.
06-30 02:52:44.147  2637  2987 D DeviceStateHelper: Wifi freq: 2412
06-30 02:52:44.147  2304  2982 D QCNEJ/NativeAidlConnector: -> SND notifyDefaultNetworkChanged(1)
06-30 02:52:44.147  2304  2982 D cneJni  : sendDefaultNwMsg start
06-30 02:52:44.149  3468  3688 W EdorasConnMonitorState: unhandled onNetworkConnected
06-30 02:52:44.150  2304  2982 D cneJni  : sendWifiStatus start
06-30 02:52:44.151  1719  1967 I HalDevMgr: bestIfaceCreationProposal is null, requestIface=STA, existingIface=[name=wlan0 type=STA]
06-30 02:52:46.954  2817  2828 W adsp_wdog: vendor/qcom/proprietary/monaco/adsprpc/src/fastrpc_apps_user.c:1425:Warning: remote_handle_invoke: Non-domain usage of FastRPC will be deprecated, use domains to offload to DSP using FastRPC
06-30 02:52:46.957  2817  2828 I adsp_wdog: rpcversion_getSerialNum() returned: 9d5cd6d4
06-30 02:52:47.123 15265 15271 W System  : A resource failed to call close. 
06-30 02:52:47.123 15265 15271 W System  : A resource failed to call close. 
06-30 02:52:47.123 15265 15271 W System  : A resource failed to call close. 
06-30 02:52:47.123 15265 15271 W System  : A resource failed to call close. 
06-30 02:52:47.123 15265 15271 W System  : A resource failed to call close. 
06-30 02:52:47.178  1719  2003 I AdbWifiNetworkMonitor: Wi-Fi network available
06-30 02:52:47.178  1719  2003 I AdbWifiNetworkMonitor: Received the same Wi-Fi SSID. Ignoring.
06-30 02:52:47.179  1719  1967 I HalDevMgr: bestIfaceCreationProposal is null, requestIface=STA, existingIface=[name=wlan0 type=STA]
06-30 02:52:47.186  2304  2982 D QCNEJ/NativeAidlConnector: -> SND notifyDefaultNetworkChanged(1)
06-30 02:52:47.186  2304  2982 D cneJni  : sendDefaultNwMsg start
06-30 02:52:47.188  2637  2987 D DeviceStateHelper: Wifi freq: 2412
06-30 02:52:47.188  3468  3688 W EdorasConnMonitorState: unhandled onNetworkConnected
06-30 02:52:47.189  2304  2982 D cneJni  : sendWifiStatus start
06-30 02:52:47.632  1719  1901 I SensorService: Setting connection 0xe47359c0 disabled status to 1 for reason 0
06-30 02:52:48.114  2171 15015 D IpClient/wlan0: interfaceLinkStateChanged: ifindex 26 up
06-30 02:52:48.957  1719  1914 D ActivityManager: freezing 15265 com.google.android.gms
06-30 02:52:49.117   855   880 D ContextHubHal: Got message from nanoapp: ID 0x476f6f676c003000
06-30 02:52:49.475   721   859 D MCU     : site_data_provider.cc:220        16:06:49.037 [SiteDataProvider] Flushing 1 GROK records
06-30 02:52:49.476   721   859 D MCU     : site_data_provider.cc:220        16:06:49.037 [SiteDataProvider] Flushing 1 GROK records
06-30 02:52:50.207  1719  2003 I AdbWifiNetworkMonitor: Wi-Fi network available
06-30 02:52:50.209  1719  2003 I AdbWifiNetworkMonitor: Received the same Wi-Fi SSID. Ignoring.
06-30 02:52:50.211  2637  2987 D DeviceStateHelper: Wifi freq: 2412
06-30 02:52:50.213  1719  1974 W libbinder.IPCThreadState: Sending oneway calls to frozen process.
06-30 02:52:50.214  1719  1974 W libbinder.IPCThreadState: Sending oneway calls to frozen process.
06-30 02:52:50.218  2304  2982 D QCNEJ/NativeAidlConnector: -> SND notifyDefaultNetworkChanged(1)
06-30 02:52:50.218  2304  2982 D cneJni  : sendDefaultNwMsg start
06-30 02:52:50.219  3468  3688 W EdorasConnMonitorState: unhandled onNetworkConnected
06-30 02:52:50.220  2304  2982 D cneJni  : sendWifiStatus start
06-30 02:52:50.222  1719  1967 I HalDevMgr: bestIfaceCreationProposal is null, requestIface=STA, existingIface=[name=wlan0 type=STA]
06-30 02:52:53.281  1719  1967 I HalDevMgr: bestIfaceCreationProposal is null, requestIface=STA, existingIface=[name=wlan0 type=STA]
06-30 02:52:56.322  1719  1967 I HalDevMgr: bestIfaceCreationProposal is null, requestIface=STA, existingIface=[name=wlan0 type=STA]
06-30 02:52:57.305  1719  1793 D HighBrightnessModeController: onAmbientLuxChange: 0.00125/25000.0, IsHighLux: false
06-30 02:52:57.309  1719  1793 D HighBrightnessModeController: onAmbientLuxChange: 3.1417973/25000.0, IsHighLux: false
06-30 02:52:58.091   391   416 E pixelstats-uevent: Unable to read  - No such file or directory
06-30 02:52:59.387  1719  1967 I HalDevMgr: bestIfaceCreationProposal is null, requestIface=STA, existingIface=[name=wlan0 type=STA]
06-30 02:53:00.914   855   880 D ContextHubHal: Got message from nanoapp: ID 0x476f6f676c003000
06-30 02:53:00.983   721   859 D MCU     : calories_consumer.cc:157         16:07:01.171 Calories OnSample timestamp_ns=56385807678222 total=1.05
06-30 02:53:00.983   721   859 D MCU     : offload_data_provider_app.cc:1190 16:07:01.172 [OffloadDataProvider] Got Calories, total=262.40
06-30 02:53:01.048  1435  1435 E BatteryDefender: Failed to read /sys/devices/platform/google,charger/bd_state
06-30 02:53:01.060  1435  1435 E BatteryDefender: Failed to read /sys/devices/platform/google,charger/bd_state
06-30 02:53:02.406   391   416 E pixelstats-uevent: Unable to read  - No such file or directory
06-30 02:53:02.416  1435  1435 E BatteryDefender: Failed to read /sys/devices/platform/google,charger/bd_state
06-30 02:53:02.420  1719  1967 I HalDevMgr: bestIfaceCreationProposal is null, requestIface=STA, existingIface=[name=wlan0 type=STA]
06-30 02:53:02.424  1435  1435 E BatteryDefender: Failed to read /sys/devices/platform/google,charger/bd_state
06-30 02:53:03.698  1719  1793 D HighBrightnessModeController: onAmbientLuxChange: 0.00125/25000.0, IsHighLux: false
06-30 02:53:03.704  1719  1793 D HighBrightnessModeController: onAmbientLuxChange: 0.017999586/25000.0, IsHighLux: false
06-30 02:53:03.898  1719  1793 D HighBrightnessModeController: onAmbientLuxChange: 0.02625/25000.0, IsHighLux: false
06-30 02:53:03.904  1719  1793 D HighBrightnessModeController: onAmbientLuxChange: 1.8594922/25000.0, IsHighLux: false
06-30 02:53:05.462  1719  1967 I HalDevMgr: bestIfaceCreationProposal is null, requestIface=STA, existingIface=[name=wlan0 type=STA]
06-30 02:53:08.509  1719  1967 I HalDevMgr: bestIfaceCreationProposal is null, requestIface=STA, existingIface=[name=wlan0 type=STA]
06-30 02:53:10.496   721   859 D MCU     : usf_sensor.cc:1920               16:07:10.819 [USF] Received start sampling request for Skin temperature sensor (active:1).
06-30 02:53:10.497   721   859 D MCU     : device.cc:154                    16:07:10.820 AS6221Device Set conversion timer: 60000000 ns
06-30 02:53:10.497   721   859 D MCU     : device.cc:173                    16:07:10.820 AS6221Device Set sampling timer:180000000
06-30 02:53:10.498   721   859 D MCU     : skin_temperature_manager.cc:333  16:07:10.883 [SkinTemperature] [Record Processing Incomplete] Processed 0 temperature samples.
06-30 02:53:11.568  1719  1967 I HalDevMgr: bestIfaceCreationProposal is null, requestIface=STA, existingIface=[name=wlan0 type=STA]
06-30 02:53:13.032   391   416 E pixelstats-uevent: Unable to read  - No such file or directory
06-30 02:53:14.598  1719  2003 I AdbWifiNetworkMonitor: Wi-Fi network available
06-30 02:53:14.598  1719  2003 I AdbWifiNetworkMonitor: Received the same Wi-Fi SSID. Ignoring.
06-30 02:53:14.606  2637  2987 D DeviceStateHelper: Wifi freq: 2412
06-30 02:53:14.608  1719  1967 I HalDevMgr: bestIfaceCreationProposal is null, requestIface=STA, existingIface=[name=wlan0 type=STA]
06-30 02:53:14.609  1719  1974 W libbinder.IPCThreadState: Sending oneway calls to frozen process.
06-30 02:53:14.610  1719  1974 W libbinder.IPCThreadState: Sending oneway calls to frozen process.
06-30 02:53:14.613  2304  2982 D cneJni  : sendWifiStatus start
06-30 02:53:14.615  2304  2982 D QCNEJ/NativeAidlConnector: -> SND notifyDefaultNetworkChanged(1)
06-30 02:53:14.615  2304  2982 D cneJni  : sendDefaultNwMsg start
06-30 02:53:14.616  3468  3688 W EdorasConnMonitorState: unhandled onNetworkConnected
06-30 02:53:17.640  1719  1967 I HalDevMgr: bestIfaceCreationProposal is null, requestIface=STA, existingIface=[name=wlan0 type=STA]
06-30 02:53:20.683  1719  2003 I AdbWifiNetworkMonitor: Wi-Fi network available
06-30 02:53:20.683  1719  2003 I AdbWifiNetworkMonitor: Received the same Wi-Fi SSID. Ignoring.
06-30 02:53:20.686  1719  1967 I HalDevMgr: bestIfaceCreationProposal is null, requestIface=STA, existingIface=[name=wlan0 type=STA]
06-30 02:53:20.695  2304  2982 D QCNEJ/NativeAidlConnector: -> SND notifyDefaultNetworkChanged(1)
06-30 02:53:20.696  2304  2982 D cneJni  : sendDefaultNwMsg start
06-30 02:53:20.696  2637  2987 D DeviceStateHelper: Wifi freq: 2412
06-30 02:53:20.697  2304  2982 D cneJni  : sendWifiStatus start
06-30 02:53:20.700  3468  3688 W EdorasConnMonitorState: unhandled onNetworkConnected
06-30 02:53:20.703  1719  1974 W libbinder.IPCThreadState: Sending oneway calls to frozen process.
06-30 02:53:20.703  1719  1974 W libbinder.IPCThreadState: Sending oneway calls to frozen process.
06-30 02:53:21.201   857   857 E ODPM    : readEnergyMeter()
06-30 02:53:23.717  1719  1967 I HalDevMgr: bestIfaceCreationProposal is null, requestIface=STA, existingIface=[name=wlan0 type=STA]
06-30 02:53:24.104  1719  1793 D HighBrightnessModeController: onAmbientLuxChange: 1.015/25000.0, IsHighLux: false
06-30 02:53:25.230   853  2603 I vendor.qti.bluetooth@1.0-ibs_handler: ProcessIbsCmd: Received IBS_WAKE_IND: 0xFD
06-30 02:53:25.230   853  2603 D vendor.qti.bluetooth@1.0-ibs_handler: SerialClockVote: vote for UART CLK ON
06-30 02:53:25.231   853  2603 D vendor.qti.bluetooth@1.0-uart_transport: ClockOperation: USERIAL_OP_CLK_ON - after sys fs write-ret:4
06-30 02:53:25.231   853  2603 D vendor.qti.bluetooth@1.0-wake_lock: Acquire wakelock is acquired 
06-30 02:53:25.231   853  2603 I vendor.qti.bluetooth@1.0-ibs_handler: ProcessIbsCmd: Writing IBS_WAKE_ACK
06-30 02:53:25.242  2188  2472 I bt_btm_pm: system/stack/acl/btm_pm.cc:648 btm_pm_proc_mode_change: Power mode switched from immediate:sniff[2] to immediate:active[0]
06-30 02:53:25.246   853   861 I vendor.qti.bluetooth@1.0-ibs_handler: DeviceWakeUp: Writing IBS_WAKE_IND
06-30 02:53:25.253   853  2603 I vendor.qti.bluetooth@1.0-ibs_handler: ProcessIbsCmd: Received IBS_WAKE_ACK: 0xFC
06-30 02:53:25.253   853  2603 I vendor.qti.bluetooth@1.0-ibs_handler: ProcessIbsCmd: Signal wack_cond_
06-30 02:53:25.253   853   861 D vendor.qti.bluetooth@1.0-ibs_handler: DeviceWakeUp: Unblocked from waiting for FC, pthread_cond_timedwait ret = 0
06-30 02:53:25.312  1719  4356 W ActivityManager: pid 15640 com.google.android.gms.persistent sent binder code 18 with flags 2 and got error -74
06-30 02:53:25.314   853  2603 I vendor.qti.bluetooth@1.0-ibs_handler: ProcessIbsCmd: Received IBS_SLEEP_IND: 0xFE
06-30 02:53:25.315  1719  2156 D ActivityManager: sync unfroze 15311 com.google.android.apps.wearable.settings for 10
06-30 02:53:25.323  2109 16102 W ContextImpl: Calling a method in the system process without a qualified user: android.app.ContextImpl.bindService:2168 android.content.ContextWrapper.bindService:906 com.google.android.gms.wearable.zzz.dispatchMessageTraced:45 com.google.android.gms.libs.punchclock.threads.TracingHandler.dispatchMessage:0 android.os.Looper.loopOnce:296 
06-30 02:53:25.343  2109  2291 I WearServices: [WBridgedItemsController]Displaying bridged notification RemoteStreamItemId[creatorNodeId=96eb2ede, notificationKey=0|org.telegram.messenger|1|null|10343, packageName=org.telegram.messenger, id=1, tag=null, revision=49284, originalRevision=-1, isLiveUpdate=false] as StreamItemIdAndRevision{streamItemId=StreamItemId{source=2, key=0|org.telegram.messenger|1|null|10343}, revision=49284, originalRevision=49099, updateCount=0}
06-30 02:53:25.349  2109  2291 D BridgerRecords:   bridged item received updated item id %sStreamItem(StreamItemIdAndRevision{streamItemId=StreamItemId{source=2, key=0|org.telegram.messenger|1|null|10343}, revision=49284, originalRevision=49099, updateCount=10},StreamItemState{isRead=false, dismissalReasons=[], filteredReasons=[], expiredDueToConnectivity=null, expiredDueToThrottling=null},AutoValue_StreamItemData{hidden=0, packageName=org.telegram.messenger, id=1, tag=null, flags=529, isOngoing=false, isNotClearable=false, onlyAlertOnce=false, source=GmsBridger, userId=0, isWorkProfile=false, appName=Telegram, priority=0, category=msg, group=messages, groupKey=org.telegram.messenger:0|org.telegram.messenger|g:messages, hasGroupSummary=true, sortKey=, getChannel=null, postTime=1782768205343, originalPostTime=1782768204899, lastPostedAsInterruptiveTime=1782768205343, shouldVibrate=true, vibrationPattern=[-1], hasSound=false, hasAlreadyShown=false, groupAlertBehavior=0, alertParams=StreamAlertParams{idAndRevision=StreamItemIdAndRevision{streamItemId=StreamItemId{source=2, key=0|org.telegram.messenger|1|null|10343}, revision=49284, originalRevision=49099, updateCount=10}, isMuted=true, hasSound=false, shouldVibrate=true, vibrationPattern=[-1]}, styleName=androidx.core.app.NotificationCompat$InboxStyle, progress=unused, isIndeterminateProgress=false, isMediaNotification=false, displayName=null, conversationTitle=null, messagesSize=0, isGroupConversation=false, textLinesSize=0, bigText=[2981Chars,hashed8Chars=6ced1d44], bigTitle=[8Chars,hashed8Chars=b2c34d21], summaryText=null, title=[8Chars,hashed8Chars=b2c34d21], ticker=null, contentText=[33Chars,hashed8Chars=749c2348], subText=null, shortCriticalText=null, peopleSize=0, color=-15618822, hasBigPicture=false, hasLargeIcon=false, hasAppIcon=true, supplementalBitmapKeysSize=0, actionsCount=0, bridgedContentIntent[present]=true, bridgedContentIntentId[present]=true, fullScreenIntent=null, localOnly=true, isEmergency=false, startScrollBottom=false, doesContentIntentLaunchActivity=false, contentActionIndex=-1, wearableActionsCount=0, bridgeTag=null, dismissalId=null, locusId=null, shortcutId=null, hasOngoingActivityData=false, ongoingActivityPackageNameSubstitute=null, filteringData=FilteringData{originalPackageName=null, isMediaStyle=false, tag=null, channelId=null, isEmptyNotification=false, isClockworkForegroundService=false, isFrameworksForegroundNotification=false, hasInvalidWearableExtender=false, isFromAppHandlingMissedCallNotification=false, isFromDefaultSmsApp=false, isEmptySettingsNotification=false, isOngoingActivityStyle=false}, remoteStreamItemId=RemoteStreamItemId[creatorNodeId=96eb2ede, notificationKey=0|org.telegram.messenger|1|null|10343, packageName=org.telegram.messenger, id=1, tag=null, revision=49284, originalRevision=-1, isLiveUpdate=false], remoteNodeId=96eb2ede, isMediaStyle=false, isDelayable=false})
06-30 02:53:25.654  2076  2088 I .wearable.sysui: Background concurrent mark compact GC freed 1527KB AllocSpace bytes, 0(0B) LOS objects, 89% free, 13MB/128MB, paused 1.311ms,4.733ms total 265.213ms
06-30 02:53:25.833   391   416 E pixelstats-uevent: Unable to read  - No such file or directory
06-30 02:53:25.836  1435  1435 E BatteryDefender: Failed to read /sys/devices/platform/google,charger/bd_state
06-30 02:53:25.846  1435  1435 E BatteryDefender: Failed to read /sys/devices/platform/google,charger/bd_state
06-30 02:53:26.042   853  2603 I vendor.qti.bluetooth@1.0-ibs_handler: ProcessIbsCmd: Received IBS_WAKE_IND: 0xFD
06-30 02:53:26.042   853  2603 I vendor.qti.bluetooth@1.0-ibs_handler: ProcessIbsCmd: Writing IBS_WAKE_ACK
06-30 02:53:26.299  2109 16102 W ContextImpl: Calling a method in the system process without a qualified user: android.app.ContextImpl.bindService:2168 android.content.ContextWrapper.bindService:906 com.google.android.gms.wearable.zzz.dispatchMessageTraced:45 com.google.android.gms.libs.punchclock.threads.TracingHandler.dispatchMessage:0 android.os.Looper.loopOnce:296 
06-30 02:53:26.314  2109 16102 W ContextImpl: Calling a method in the system process without a qualified user: android.app.ContextImpl.bindService:2168 android.content.ContextWrapper.bindService:906 com.google.android.gms.wearable.zzz.dispatchMessageTraced:45 com.google.android.gms.libs.punchclock.threads.TracingHandler.dispatchMessage:0 android.os.Looper.loopOnce:296 
06-30 02:53:26.326  2109 16102 W ContextImpl: Calling a method in the system process without a qualified user: android.app.ContextImpl.bindService:2168 android.content.ContextWrapper.bindService:906 com.google.android.gms.wearable.zzz.dispatchMessageTraced:45 com.google.android.gms.libs.punchclock.threads.TracingHandler.dispatchMessage:0 android.os.Looper.loopOnce:296 
06-30 02:53:26.330  2109  2291 I WearServices: [WBridgedItemsController]Displaying bridged notification RemoteStreamItemId[creatorNodeId=96eb2ede, notificationKey=0|org.telegram.messenger|-1129491013|null|10343, packageName=org.telegram.messenger, id=-1129491013, tag=null, revision=49285, originalRevision=-1, isLiveUpdate=false] as StreamItemIdAndRevision{streamItemId=StreamItemId{source=2, key=0|org.telegram.messenger|-1129491013|null|10343}, revision=49285, originalRevision=49100, updateCount=0}
06-30 02:53:26.348  2109  2291 I WearServices: [WBridgedItemsController]Displaying bridged notification RemoteStreamItemId[creatorNodeId=96eb2ede, notificationKey=0|org.telegram.messenger|-1829660403|null|10343, packageName=org.telegram.messenger, id=-1829660403, tag=null, revision=49286, originalRevision=-1, isLiveUpdate=false] as StreamItemIdAndRevision{streamItemId=StreamItemId{source=2, key=0|org.telegram.messenger|-1829660403|null|10343}, revision=49286, originalRevision=49262, updateCount=0}
06-30 02:53:26.351  2109  2291 D BridgerRecords:   bridged item received updated item id %sStreamItem(StreamItemIdAndRevision{streamItemId=StreamItemId{source=2, key=0|org.telegram.messenger|-1129491013|null|10343}, revision=49285, originalRevision=49100, updateCount=36},StreamItemState{isRead=false, dismissalReasons=[], filteredReasons=[], expiredDueToConnectivity=null, expiredDueToThrottling=null},AutoValue_StreamItemData{hidden=0, packageName=org.telegram.messenger, id=-1129491013, tag=null, flags=16, isOngoing=false, isNotClearable=false, onlyAlertOnce=false, source=GmsBridger, userId=0, isWorkProfile=false, appName=Telegram, priority=0, category=msg, group=messages, groupKey=org.telegram.messenger:0|org.telegram.messenger|g:messages, hasGroupSummary=false, sortKey=9223370254086572807, getChannel=null, postTime=1782768206330, originalPostTime=1782768205076, lastPostedAsInterruptiveTime=0, shouldVibrate=false, vibrationPattern=null, hasSound=false, hasAlreadyShown=false, groupAlertBehavior=1, alertParams=StreamAlertParams{idAndRevision=StreamItemIdAndRevision{streamItemId=StreamItemId{source=2, key=0|org.telegram.messenger|-1129491013|null|10343}, revision=49285, originalRevision=49100, updateCount=36}, isMuted=true, hasSound=false, shouldVibrate=false, vibrationPattern=null}, styleName=androidx.core.app.NotificationCompat$MessagingStyle, progress=unused, isIndeterminateProgress=false, isMediaNotification=false, displayName=[3Chars,hashed3Chars=15bff], conversationTitle=null, messagesSize=25, message[0]=Message{sender=[10Chars,hashed8Chars=6ced1d44], text=[257Chars,hashed8Chars=57707502], uri=null, dataMime=null}, message[1]=Message{sender=[10Chars,hashed8Chars=6ced1d44], text=[246Chars,hashed8Chars=57707502], uri=null, dataMime=null}, message[2]=Message{sender=[10Chars,hashed8Chars=6ced1d44], text=[213Chars,hashed8Chars=57707502], uri=null, dataMime=null}, message[3]=Message{sender=[10Chars,hashed8Chars=6ced1d44], text=[244Chars,hashed8Chars=57707502], uri=null, dataMime=null}, message[4]=Message{sender=[10Chars,hashed8Chars=6ced1d44], text=[996Chars,hashed8Chars=57707502], uri=null, dataMime=null}, message[5]=Message{sender=[10Chars,hashed8Chars=6ced1d44], text=[262Chars,hashed8Chars=57707502], uri=null, dataMime=null}, message[6]=Message{sender=[10Chars,hashed8Chars=6ced1d44], text=[273Chars,hashed8Chars=57707502], uri=null, dataMime=null}, message[7]=Message{sender=[10Chars,hashed8Chars=6ced1d44], text=[272Chars,hashed8Chars=57707502], uri=null, dataMime=null}, message[8]=Message{sender=[10Chars,hashed8Chars=6ced1d44], text=[263Chars,hashed8Chars=57707502], uri=null, dataMime=null}, message[9]=Message{sender=[10Chars,hashed8Chars=6ced1d44], text=[265Chars,hashed8Chars=57707502], uri=null, dataMime=null}, message[10]=Message{sender=[10Chars,hashed8Chars=6ced1d44], text=[273Chars,hashed8Chars=57707502], uri=null, dataMime=null}, message[11]=Message{sender=[10Chars,hashed8Chars=6ced1d44], text=[219Chars,hashed8Chars=57707502], uri=null, dataMime=null}, message[12]=Message{sender=[10Chars,hashed8Chars=6ced1d44], text=[724Chars,hashed8Chars=57707502], uri=null, dataMime=null}, message[13]=Message{sender=[10Chars,hashed8Chars=6ced1d44], text=[265Chars,hashed8Chars=57707502], uri=null, dataMime=null}, message[14]=Message{sender=[10Chars,hashed8Chars=6ced1d44], text=[273Chars,hashed8Chars=57707502], uri=null, dataMime=null}, message[15]=Message{sender=[10Chars,hashed8Chars=6ced1d44], text=[224Chars,hashed8Chars=57707502], uri=null, dataMime=null}, message[16]=Message{sender=[10Chars,hashed8Chars=6ced1d44], text=[277Chars,hashed8Chars=57707502], uri=null, dataMime=null}, message[17]=Message{sender=[10Chars,hashed8Chars=6ced1d44], text=[272Chars,hashed8Chars=57707502], uri=null, dataMime=null}, message[18]=Message{sender=[10Chars,hashed8Chars=6ced1d44], text=[985Chars,hashed8Chars=57707502], uri=null, dataMime=null}, message[19]=Message{sender=[10Chars,hashed8Chars=6ced1d44], text=[1024Chars,hashed8Chars=57707502], uri=null, dataMime=null}, message[20]=Message{sender=[10Chars,hashed8Chars=6ced1d44], text=[1024Chars,hashed8Chars
06-30 02:53:26.389  2109 16102 W ContextImpl: Calling a method in the system process without a qualified user: android.app.ContextImpl.bindService:2168 android.content.ContextWrapper.bindService:906 com.google.android.gms.wearable.zzz.dispatchMessageTraced:45 com.google.android.gms.libs.punchclock.threads.TracingHandler.dispatchMessage:0 android.os.Looper.loopOnce:296 
06-30 02:53:26.396  2109 16102 W ContextImpl: Calling a method in the system process without a qualified user: android.app.ContextImpl.bindService:2168 android.content.ContextWrapper.bindService:906 com.google.android.gms.wearable.zzz.dispatchMessageTraced:45 com.google.android.gms.libs.punchclock.threads.TracingHandler.dispatchMessage:0 android.os.Looper.loopOnce:296 
06-30 02:53:26.396  2109  2291 I WearServices: [WBridgedItemsController]Displaying bridged notification RemoteStreamItemId[creatorNodeId=96eb2ede, notificationKey=0|org.telegram.messenger|-2130036964|null|10343, packageName=org.telegram.messenger, id=-2130036964, tag=null, revision=49287, originalRevision=-1, isLiveUpdate=false] as StreamItemIdAndRevision{streamItemId=StreamItemId{source=2, key=0|org.telegram.messenger|-2130036964|null|10343}, revision=49287, originalRevision=49208, updateCount=0}
06-30 02:53:26.399  2109  2291 D BridgerRecords:   bridged item received updated item id %sStreamItem(StreamItemIdAndRevision{streamItemId=StreamItemId{source=2, key=0|org.telegram.messenger|-1829660403|null|10343}, revision=49286, originalRevision=49262, updateCount=2},StreamItemState{isRead=false, dismissalReasons=[], filteredReasons=[], expiredDueToConnectivity=null, expiredDueToThrottling=null},AutoValue_StreamItemData{hidden=0, packageName=org.telegram.messenger, id=-1829660403, tag=null, flags=16, isOngoing=false, isNotClearable=false, onlyAlertOnce=false, source=GmsBridger, userId=0, isWorkProfile=false, appName=Telegram, priority=0, category=msg, group=messages, groupKey=org.telegram.messenger:0|org.telegram.messenger|g:messages, hasGroupSummary=false, sortKey=9223370254087469807, getChannel=null, postTime=1782768206348, originalPostTime=1782768205181, lastPostedAsInterruptiveTime=0, shouldVibrate=false, vibrationPattern=null, hasSound=false, hasAlreadyShown=false, groupAlertBehavior=1, alertParams=StreamAlertParams{idAndRevision=StreamItemIdAndRevision{streamItemId=StreamItemId{source=2, key=0|org.telegram.messenger|-1829660403|null|10343}, revision=49286, originalRevision=49262, updateCount=2}, isMuted=true, hasSound=false, shouldVibrate=false, vibrationPattern=null}, styleName=androidx.core.app.NotificationCompat$MessagingStyle, progress=unused, isIndeterminateProgress=false, isMediaNotification=false, displayName=[3Chars,hashed3Chars=15bff], conversationTitle=[16Chars,hashed8Chars=14258ca9], messagesSize=2, message[0]=Message{sender=[7Chars,hashed7Chars=ac94be81], text=[8Chars,hashed8Chars=4b7060a9], uri=null, dataMime=null}, message[1]=Message{sender=[8Chars,hashed8Chars=90b63577], text=[8Chars,hashed8Chars=4b7060a9], uri=null, dataMime=null}, isGroupConversation=true, textLinesSize=0, bigText=null, bigTitle=null, summaryText=null, title=[26Chars,hashed8Chars=14258ca9], ticker=null, contentText=null, subText=null, shortCriticalText=null, peopleSize=0, color=-15618822, hasBigPicture=false, hasLargeIcon=false, hasAppIcon=true, supplementalBitmapKeysSize=0, actionsCount=2, bridgedContentIntent[present]=true, bridgedContentIntentId[present]=true, fullScreenIntent=null, localOnly=true, isEmergency=false, startScrollBottom=false, doesContentIntentLaunchActivity=false, contentActionIndex=-1, wearableActionsCount=1, bridgeTag=tgaccount6275317298, dismissalId=null, locusId=null, shortcutId=null, hasOngoingActivityData=false, ongoingActivityPackageNameSubstitute=null, filteringData=FilteringData{originalPackageName=null, isMediaStyle=false, tag=null, channelId=null, isEmptyNotification=false, isClockworkForegroundService=false, isFrameworksForegroundNotification=false, hasInvalidWearableExtender=false, isFromAppHandlingMissedCallNotification=false, isFromDefaultSmsApp=false, isEmptySettingsNotification=false, isOngoingActivityStyle=false}, remoteStreamItemId=RemoteStreamItemId[creatorNodeId=96eb2ede, notificationKey=0|org.telegram.messenger|-1829660403|null|10343, packageName=org.telegram.messenger, id=-1829660403, tag=null, revision=49286, originalRevision=-1, isLiveUpdate=false], remoteNodeId=96eb2ede, isMediaStyle=false, isDelayable=false})
06-30 02:53:26.412  2109  2291 I WearServices: [WBridgedItemsController]Displaying bridged notification RemoteStreamItemId[creatorNodeId=96eb2ede, notificationKey=0|org.telegram.messenger|-2018899172|null|10343, packageName=org.telegram.messenger, id=-2018899172, tag=null, revision=49288, originalRevision=-1, isLiveUpdate=false] as StreamItemIdAndRevision{streamItemId=StreamItemId{source=2, key=0|org.telegram.messenger|-2018899172|null|10343}, revision=49288, originalRevision=49216, updateCount=0}
06-30 02:53:26.414  2109  2291 D BridgerRecords:   bridged item received updated item id %sStreamItem(StreamItemIdAndRevision{streamItemId=StreamItemId{source=2, key=0|org.telegram.messenger|-2130036964|null|10343}, revision=49287, originalRevision=49208, updateCount=8},StreamItemState{isRead=false, dismissalReasons=[], filteredReasons=[], expiredDueToConnectivity=null, expiredDueToThrottling=null},AutoValue_StreamItemData{hidden=0, packageName=org.telegram.messenger, id=-2130036964, tag=null, flags=16, isOngoing=false, isNotClearable=false, onlyAlertOnce=false, source=GmsBridger, userId=0, isWorkProfile=false, appName=Telegram, priority=0, category=msg, group=messages, groupKey=org.telegram.messenger:0|org.telegram.messenger|g:messages, hasGroupSummary=false, sortKey=9223370254088481807, getChannel=null, postTime=1782768206396, originalPostTime=1782768205211, lastPostedAsInterruptiveTime=0, shouldVibrate=false, vibrationPattern=null, hasSound=false, hasAlreadyShown=false, groupAlertBehavior=1, alertParams=StreamAlertParams{idAndRevision=StreamItemIdAndRevision{streamItemId=StreamItemId{source=2, key=0|org.telegram.messenger|-2130036964|null|10343}, revision=49287, originalRevision=49208, updateCount=8}, isMuted=true, hasSound=false, shouldVibrate=false, vibrationPattern=null}, styleName=androidx.core.app.NotificationCompat$MessagingStyle, progress=unused, isIndeterminateProgress=false, isMediaNotification=false, displayName=[3Chars,hashed3Chars=15bff], conversationTitle=null, messagesSize=2, message[0]=Message{sender=[35Chars,hashed8Chars=5d6c2e9e], text=[390Chars,hashed8Chars=93c35d72], uri=null, dataMime=null}, message[1]=Message{sender=[35Chars,hashed8Chars=5d6c2e9e], text=[361Chars,hashed8Chars=93d63005], uri=null, dataMime=null}, isGroupConversation=false, textLinesSize=0, bigText=null, bigTitle=null, summaryText=null, title=[35Chars,hashed8Chars=5d6c2e9e], ticker=null, contentText=null, subText=null, shortCriticalText=null, peopleSize=0, color=-15618822, hasBigPicture=false, hasLargeIcon=false, hasAppIcon=true, supplementalBitmapKeysSize=0, actionsCount=1, bridgedContentIntent[present]=true, bridgedContentIntentId[present]=true, fullScreenIntent=null, localOnly=true, isEmergency=false, startScrollBottom=false, doesContentIntentLaunchActivity=false, contentActionIndex=-1, wearableActionsCount=0, bridgeTag=tgaccount6275317298, dismissalId=null, locusId=null, shortcutId=null, hasOngoingActivityData=false, ongoingActivityPackageNameSubstitute=null, filteringData=FilteringData{originalPackageName=null, isMediaStyle=false, tag=null, channelId=null, isEmptyNotification=false, isClockworkForegroundService=false, isFrameworksForegroundNotification=false, hasInvalidWearableExtender=false, isFromAppHandlingMissedCallNotification=false, isFromDefaultSmsApp=false, isEmptySettingsNotification=false, isOngoingActivityStyle=false}, remoteStreamItemId=RemoteStreamItemId[creatorNodeId=96eb2ede, notificationKey=0|org.telegram.messenger|-2130036964|null|10343, packageName=org.telegram.messenger, id=-2130036964, tag=null, revision=49287, originalRevision=-1, isLiveUpdate=false], remoteNodeId=96eb2ede, isMediaStyle=false, isDelayable=false})
06-30 02:53:26.430   853  2603 I vendor.qti.bluetooth@1.0-ibs_handler: ProcessIbsCmd: Received IBS_SLEEP_IND: 0xFE
06-30 02:53:26.432  2109  2291 I WearServices: [WBridgedItemsController]Displaying bridged notification RemoteStreamItemId[creatorNodeId=96eb2ede, notificationKey=0|org.telegram.messenger|1837156378|null|10343, packageName=org.telegram.messenger, id=1837156378, tag=null, revision=49289, originalRevision=-1, isLiveUpdate=false] as StreamItemIdAndRevision{streamItemId=StreamItemId{source=2, key=0|org.telegram.messenger|1837156378|null|10343}, revision=49289, originalRevision=49084, updateCount=0}
06-30 02:53:26.434  2109  2291 D BridgerRecords:   bridged item received updated item id %sStreamItem(StreamItemIdAndRevision{streamItemId=StreamItemId{source=2, key=0|org.telegram.messenger|-2018899172|null|10343}, revision=49288, originalRevision=49216, updateCount=7},StreamItemState{isRead=false, dismissalReasons=[], filteredReasons=[], expiredDueToConnectivity=null, expiredDueToThrottling=null},AutoValue_StreamItemData{hidden=0, packageName=org.telegram.messenger, id=-2018899172, tag=null, flags=16, isOngoing=false, isNotClearable=false, onlyAlertOnce=false, source=GmsBridger, userId=0, isWorkProfile=false, appName=Telegram, priority=0, category=msg, group=messages, groupKey=org.telegram.messenger:0|org.telegram.messenger|g:messages, hasGroupSummary=false, sortKey=9223370254089467807, getChannel=null, postTime=1782768206411, originalPostTime=1782768205223, lastPostedAsInterruptiveTime=0, shouldVibrate=false, vibrationPattern=null, hasSound=false, hasAlreadyShown=false, groupAlertBehavior=1, alertParams=StreamAlertParams{idAndRevision=StreamItemIdAndRevision{streamItemId=StreamItemId{source=2, key=0|org.telegram.messenger|-2018899172|null|10343}, revision=49288, originalRevision=49216, updateCount=7}, isMuted=true, hasSound=false, shouldVibrate=false, vibrationPattern=null}, styleName=androidx.core.app.NotificationCompat$MessagingStyle, progress=unused, isIndeterminateProgress=false, isMediaNotification=false, displayName=[3Chars,hashed3Chars=15bff], conversationTitle=null, messagesSize=1, message[0]=Message{sender=[20Chars,hashed8Chars=a6ec6e12], text=[80Chars,hashed8Chars=de069a80], uri=null, dataMime=null}, isGroupConversation=false, textLinesSize=0, bigText=null, bigTitle=null, summaryText=null, title=[20Chars,hashed8Chars=a6ec6e12], ticker=null, contentText=null, subText=null, shortCriticalText=null, peopleSize=0, color=-15618822, hasBigPicture=false, hasLargeIcon=false, hasAppIcon=true, supplementalBitmapKeysSize=0, actionsCount=1, bridgedContentIntent[present]=true, bridgedContentIntentId[present]=true, fullScreenIntent=null, localOnly=true, isEmergency=false, startScrollBottom=false, doesContentIntentLaunchActivity=false, contentActionIndex=-1, wearableActionsCount=0, bridgeTag=tgaccount6275317298, dismissalId=null, locusId=null, shortcutId=null, hasOngoingActivityData=false, ongoingActivityPackageNameSubstitute=null, filteringData=FilteringData{originalPackageName=null, isMediaStyle=false, tag=null, channelId=null, isEmptyNotification=false, isClockworkForegroundService=false, isFrameworksForegroundNotification=false, hasInvalidWearableExtender=false, isFromAppHandlingMissedCallNotification=false, isFromDefaultSmsApp=false, isEmptySettingsNotification=false, isOngoingActivityStyle=false}, remoteStreamItemId=RemoteStreamItemId[creatorNodeId=96eb2ede, notificationKey=0|org.telegram.messenger|-2018899172|null|10343, packageName=org.telegram.messenger, id=-2018899172, tag=null, revision=49288, originalRevision=-1, isLiveUpdate=false], remoteNodeId=96eb2ede, isMediaStyle=false, isDelayable=false})
06-30 02:53:26.448  2109  2291 I WearServices: [WBridgedItemsController]Displaying bridged notification RemoteStreamItemId[creatorNodeId=96eb2ede, notificationKey=0|org.telegram.messenger|1|null|10343, packageName=org.telegram.messenger, id=1, tag=null, revision=49290, originalRevision=-1, isLiveUpdate=false] as StreamItemIdAndRevision{streamItemId=StreamItemId{source=2, key=0|org.telegram.messenger|1|null|10343}, revision=49290, originalRevision=49099, updateCount=0}
06-30 02:53:26.450  2109  2291 D BridgerRecords:   bridged item received updated item id %sStreamItem(StreamItemIdAndRevision{streamItemId=StreamItemId{source=2, key=0|org.telegram.messenger|1837156378|null|10343}, revision=49289, originalRevision=49084, updateCount=37},StreamItemState{isRead=false, dismissalReasons=[], filteredReasons=[], expiredDueToConnectivity=null, expiredDueToThrottling=null},AutoValue_StreamItemData{hidden=0, packageName=org.telegram.messenger, id=1837156378, tag=null, flags=16, isOngoing=false, isNotClearable=false, onlyAlertOnce=false, source=GmsBridger, userId=0, isWorkProfile=false, appName=Telegram, priority=0, category=msg, group=messages, groupKey=org.telegram.messenger:0|org.telegram.messenger|g:messages, hasGroupSummary=false, sortKey=9223370254090779807, getChannel=null, postTime=1782768206431, originalPostTime=1782768205305, lastPostedAsInterruptiveTime=1782763998225, shouldVibrate=false, vibrationPattern=null, hasSound=false, hasAlreadyShown=false, groupAlertBehavior=1, alertParams=StreamAlertParams{idAndRevision=StreamItemIdAndRevision{streamItemId=StreamItemId{source=2, key=0|org.telegram.messenger|1837156378|null|10343}, revision=49289, originalRevision=49084, updateCount=37}, isMuted=true, hasSound=false, shouldVibrate=false, vibrationPattern=null}, styleName=androidx.core.app.NotificationCompat$MessagingStyle, progress=unused, isIndeterminateProgress=false, isMediaNotification=false, displayName=[3Chars,hashed3Chars=15bff], conversationTitle=[25Chars,hashed8Chars=71797bfd], messagesSize=1, message[0]=Message{sender=[34Chars,hashed8Chars=716dee54], text=[558Chars,hashed8Chars=dc676831], uri=null, dataMime=null}, isGroupConversation=true, textLinesSize=0, bigText=null, bigTitle=null, summaryText=null, title=[69Chars,hashed8Chars=35210822], ticker=null, contentText=null, subText=null, shortCriticalText=null, peopleSize=0, color=-15618822, hasBigPicture=false, hasLargeIcon=false, hasAppIcon=true, supplementalBitmapKeysSize=0, actionsCount=2, bridgedContentIntent[present]=true, bridgedContentIntentId[present]=true, fullScreenIntent=null, localOnly=true, isEmergency=false, startScrollBottom=false, doesContentIntentLaunchActivity=false, contentActionIndex=-1, wearableActionsCount=1, bridgeTag=tgaccount6275317298, dismissalId=null, locusId=null, shortcutId=null, hasOngoingActivityData=false, ongoingActivityPackageNameSubstitute=null, filteringData=FilteringData{originalPackageName=null, isMediaStyle=false, tag=null, channelId=null, isEmptyNotification=false, isClockworkForegroundService=false, isFrameworksForegroundNotification=false, hasInvalidWearableExtender=false, isFromAppHandlingMissedCallNotification=false, isFromDefaultSmsApp=false, isEmptySettingsNotification=false, isOngoingActivityStyle=false}, remoteStreamItemId=RemoteStreamItemId[creatorNodeId=96eb2ede, notificationKey=0|org.telegram.messenger|1837156378|null|10343, packageName=org.telegram.messenger, id=1837156378, tag=null, revision=49289, originalRevision=-1, isLiveUpdate=false], remoteNodeId=96eb2ede, isMediaStyle=false, isDelayable=false})
06-30 02:53:26.454  2109  2291 D BridgerRecords:   bridged item received updated item id %sStreamItem(StreamItemIdAndRevision{streamItemId=StreamItemId{source=2, key=0|org.telegram.messenger|1|null|10343}, revision=49290, originalRevision=49099, updateCount=11},StreamItemState{isRead=false, dismissalReasons=[], filteredReasons=[], expiredDueToConnectivity=null, expiredDueToThrottling=null},AutoValue_StreamItemData{hidden=0, packageName=org.telegram.messenger, id=1, tag=null, flags=529, isOngoing=false, isNotClearable=false, onlyAlertOnce=false, source=GmsBridger, userId=0, isWorkProfile=false, appName=Telegram, priority=0, category=msg, group=messages, groupKey=org.telegram.messenger:0|org.telegram.messenger|g:messages, hasGroupSummary=true, sortKey=, getChannel=null, postTime=1782768206448, originalPostTime=1782768205378, lastPostedAsInterruptiveTime=1782768206448, shouldVibrate=true, vibrationPattern=[-1], hasSound=false, hasAlreadyShown=false, groupAlertBehavior=0, alertParams=StreamAlertParams{idAndRevision=StreamItemIdAndRevision{streamItemId=StreamItemId{source=2, key=0|org.telegram.messenger|1|null|10343}, revision=49290, originalRevision=49099, updateCount=11}, isMuted=true, hasSound=false, shouldVibrate=true, vibrationPattern=[-1]}, styleName=androidx.core.app.NotificationCompat$InboxStyle, progress=unused, isIndeterminateProgress=false, isMediaNotification=false, displayName=null, conversationTitle=null, messagesSize=0, isGroupConversation=false, textLinesSize=0, bigText=[2783Chars,hashed8Chars=6ced1d44], bigTitle=[8Chars,hashed8Chars=b2c34d21], summaryText=null, title=[8Chars,hashed8Chars=b2c34d21], ticker=null, contentText=[33Chars,hashed8Chars=749c97a7], subText=null, shortCriticalText=null, peopleSize=0, color=-15618822, hasBigPicture=false, hasLargeIcon=false, hasAppIcon=true, supplementalBitmapKeysSize=0, actionsCount=0, bridgedContentIntent[present]=true, bridgedContentIntentId[present]=true, fullScreenIntent=null, localOnly=true, isEmergency=false, startScrollBottom=false, doesContentIntentLaunchActivity=false, contentActionIndex=-1, wearableActionsCount=0, bridgeTag=null, dismissalId=null, locusId=null, shortcutId=null, hasOngoingActivityData=false, ongoingActivityPackageNameSubstitute=null, filteringData=FilteringData{originalPackageName=null, isMediaStyle=false, tag=null, channelId=null, isEmptyNotification=false, isClockworkForegroundService=false, isFrameworksForegroundNotification=false, hasInvalidWearableExtender=false, isFromAppHandlingMissedCallNotification=false, isFromDefaultSmsApp=false, isEmptySettingsNotification=false, isOngoingActivityStyle=false}, remoteStreamItemId=RemoteStreamItemId[creatorNodeId=96eb2ede, notificationKey=0|org.telegram.messenger|1|null|10343, packageName=org.telegram.messenger, id=1, tag=null, revision=49290, originalRevision=-1, isLiveUpdate=false], remoteNodeId=96eb2ede, isMediaStyle=false, isDelayable=false})
06-30 02:53:26.771  1719  1967 I HalDevMgr: bestIfaceCreationProposal is null, requestIface=STA, existingIface=[name=wlan0 type=STA]
06-30 02:53:27.299  1719  1793 D HighBrightnessModeController: onAmbientLuxChange: 2.39625/25000.0, IsHighLux: false
06-30 02:53:27.382   853  2607 I vendor.qti.bluetooth@1.0-ibs_handler: DeviceSleep: TX Awake, Sending SLEEP_IND
06-30 02:53:27.383   853  2607 D vendor.qti.bluetooth@1.0-ibs_handler: SerialClockVote: vote for UART CLK OFF
06-30 02:53:27.383   853  2607 D vendor.qti.bluetooth@1.0-uart_transport: ClockOperation: USERIAL_OP_CLK_OFF - after sys fs write-ret:4
06-30 02:53:27.536   853  2495 D vendor.qti.bluetooth@1.0-wake_lock: Release wakelock is released 
06-30 02:53:28.046   391   416 E pixelstats-uevent: Unable to read  - No such file or directory
06-30 02:53:29.418  1719  3771 I AppSearchIcing: icing-search-engine.cc:2487: Persisting data to disk with mode 3
06-30 02:53:29.429  1719  3771 I AppSearchIcing: icing-search-engine.cc:2502: PersistToDisk completed.
06-30 02:53:29.827  1719  1967 I HalDevMgr: bestIfaceCreationProposal is null, requestIface=STA, existingIface=[name=wlan0 type=STA]
06-30 02:53:30.824  1719  1736 I system_server: Background young concurrent mark compact GC freed 7126KB AllocSpace bytes, 1(36KB) LOS objects, 88% free, 30MB/256MB, paused 4.140ms,7.056ms total 148.729ms
06-30 02:53:31.936  1719  1901 I SensorService: Setting connection 0xe47359c0 disabled status to 0 for reason 2
06-30 02:53:31.937  1719  1760 D ActivityManager: sync unfroze 8905 com.fitbit.FitbitMobile for 3
06-30 02:53:32.299   853  2603 I vendor.qti.bluetooth@1.0-ibs_handler: ProcessIbsCmd: Received IBS_WAKE_IND: 0xFD
06-30 02:53:32.299   853  2603 D vendor.qti.bluetooth@1.0-ibs_handler: SerialClockVote: vote for UART CLK ON
06-30 02:53:32.299   853  2603 D vendor.qti.bluetooth@1.0-uart_transport: ClockOperation: USERIAL_OP_CLK_ON - after sys fs write-ret:4
06-30 02:53:32.299   853  2603 D vendor.qti.bluetooth@1.0-wake_lock: Acquire wakelock is acquired 
06-30 02:53:32.300   853  2603 I vendor.qti.bluetooth@1.0-ibs_handler: ProcessIbsCmd: Writing IBS_WAKE_ACK
06-30 02:53:32.302  2188  2472 I bt_btm_pm: system/stack/acl/btm_pm.cc:648 btm_pm_proc_mode_change: Power mode switched from immediate:active[0] to immediate:sniff[2]
06-30 02:53:32.341   853  2603 I vendor.qti.bluetooth@1.0-ibs_handler: ProcessIbsCmd: Received IBS_SLEEP_IND: 0xFE
06-30 02:53:32.341   853  2603 D vendor.qti.bluetooth@1.0-ibs_handler: SerialClockVote: vote for UART CLK OFF
06-30 02:53:32.341   853  2603 D vendor.qti.bluetooth@1.0-uart_transport: ClockOperation: USERIAL_OP_CLK_OFF - after sys fs write-ret:4
06-30 02:53:32.492   853  2495 D vendor.qti.bluetooth@1.0-wake_lock: Release wakelock is released 
06-30 02:53:32.885  1719  1967 I HalDevMgr: bestIfaceCreationProposal is null, requestIface=STA, existingIface=[name=wlan0 type=STA]
06-30 02:53:33.868   853  2603 I vendor.qti.bluetooth@1.0-ibs_handler: ProcessIbsCmd: Received IBS_WAKE_IND: 0xFD
06-30 02:53:33.869   853  2603 D vendor.qti.bluetooth@1.0-ibs_handler: SerialClockVote: vote for UART CLK ON
06-30 02:53:33.869   853  2603 D vendor.qti.bluetooth@1.0-uart_transport: ClockOperation: USERIAL_OP_CLK_ON - after sys fs write-ret:4
06-30 02:53:33.869   853  2603 D vendor.qti.bluetooth@1.0-wake_lock: Acquire wakelock is acquired 
06-30 02:53:33.869   853  2603 I vendor.qti.bluetooth@1.0-ibs_handler: ProcessIbsCmd: Writing IBS_WAKE_ACK
06-30 02:53:33.913   853  2603 I vendor.qti.bluetooth@1.0-ibs_handler: ProcessIbsCmd: Received IBS_SLEEP_IND: 0xFE
06-30 02:53:33.914   853  2603 D vendor.qti.bluetooth@1.0-ibs_handler: SerialClockVote: vote for UART CLK OFF
06-30 02:53:33.914   853  2603 D vendor.qti.bluetooth@1.0-uart_transport: ClockOperation: USERIAL_OP_CLK_OFF - after sys fs write-ret:4
06-30 02:53:34.064   853  2495 D vendor.qti.bluetooth@1.0-wake_lock: Release wakelock is released 
06-30 02:53:35.943  1719  1967 I HalDevMgr: bestIfaceCreationProposal is null, requestIface=STA, existingIface=[name=wlan0 type=STA]
06-30 02:53:37.016  1719  1974 D InetDiagMessage: Destroyed 0 sockets, proto=IPPROTO_TCP, family=AF_INET, states=14
06-30 02:53:37.019  1719  1974 D InetDiagMessage: Destroyed 0 sockets, proto=IPPROTO_TCP, family=AF_INET6, states=14
06-30 02:53:37.020  1719  1974 D InetDiagMessage: Destroyed live tcp sockets for uids={10111} in 6ms
06-30 02:53:37.021  1719  1974 D InetDiagMessage: Destroyed 0 sockets, proto=IPPROTO_TCP, family=AF_INET, states=14
06-30 02:53:37.023  1719  1974 D InetDiagMessage: Destroyed 0 sockets, proto=IPPROTO_TCP, family=AF_INET6, states=14
06-30 02:53:37.023  1719  1974 D InetDiagMessage: Destroyed live tcp sockets for uids={20111} in 3ms
06-30 02:53:37.029  1719  1914 D ActivityManager: freezing 8905 com.fitbit.FitbitMobile
06-30 02:53:37.030  1719  1901 I SensorService: Setting connection 0xe47359c0 disabled status to 1 for reason 2
06-30 02:53:37.035  1719  1974 D InetDiagMessage: Destroyed 0 sockets, proto=IPPROTO_TCP, family=AF_INET, states=14
06-30 02:53:37.036  1719  1974 D InetDiagMessage: Destroyed 0 sockets, proto=IPPROTO_TCP, family=AF_INET6, states=14
06-30 02:53:37.037  1719  1974 D InetDiagMessage: Destroyed live tcp sockets for uids={10111} in 3ms
06-30 02:53:38.146  1628  1654 I pixel-thermal: CDEV log 
06-30 02:53:38.991  1719  1967 I HalDevMgr: bestIfaceCreationProposal is null, requestIface=STA, existingIface=[name=wlan0 type=STA]
06-30 02:53:40.415   855   880 D ContextHubHal: Got message from nanoapp: ID 0x476f6f676c003000
06-30 02:53:40.505   721   859 D MCU     : site_data_provider.cc:220        16:07:41.812 [SiteDataProvider] Flushing 1 GROK records
06-30 02:53:40.505   721   859 D MCU     : site_data_provider.cc:220        16:07:41.812 [SiteDataProvider] Flushing 1 GROK records
06-30 02:53:42.039  1719  1967 I HalDevMgr: bestIfaceCreationProposal is null, requestIface=STA, existingIface=[name=wlan0 type=STA]
06-30 02:53:43.032   391   416 E pixelstats-uevent: Unable to read  - No such file or directory
06-30 02:53:45.066  1719  2003 I AdbWifiNetworkMonitor: Wi-Fi network available
06-30 02:53:45.067  1719  2003 I AdbWifiNetworkMonitor: Received the same Wi-Fi SSID. Ignoring.
06-30 02:53:45.070  1719  1967 I HalDevMgr: bestIfaceCreationProposal is null, requestIface=STA, existingIface=[name=wlan0 type=STA]
06-30 02:53:45.076  2637  2987 D DeviceStateHelper: Wifi freq: 2412
06-30 02:53:45.079  1719  1974 W libbinder.IPCThreadState: Sending oneway calls to frozen process.
06-30 02:53:45.080  1719  1974 W libbinder.IPCThreadState: Sending oneway calls to frozen process.
06-30 02:53:45.081  3468  3688 W EdorasConnMonitorState: unhandled onNetworkConnected
06-30 02:53:45.081  2304  2982 D QCNEJ/NativeAidlConnector: -> SND notifyDefaultNetworkChanged(1)
06-30 02:53:45.082  2304  2982 D cneJni  : sendDefaultNwMsg start
06-30 02:53:45.083  2304  2982 D cneJni  : sendWifiStatus start
06-30 02:53:48.100  1719  1967 I HalDevMgr: bestIfaceCreationProposal is null, requestIface=STA, existingIface=[name=wlan0 type=STA]
06-30 02:53:49.271   391   416 E pixelstats-uevent: Unable to read  - No such file or directory
06-30 02:53:49.280  1435  1435 E BatteryDefender: Failed to read /sys/devices/platform/google,charger/bd_state
06-30 02:53:49.291  1435  1435 E BatteryDefender: Failed to read /sys/devices/platform/google,charger/bd_state
06-30 02:53:51.036  1226  1226 I adbd    : adbd service requested 'shell,v2,TERM=xterm-256color:export ANDROID_LOG_TAGS=''; exec logcat '-d''
06-30 02:53:51.123  1719  2003 I AdbWifiNetworkMonitor: Wi-Fi network available
06-30 02:53:51.123  1719  2003 I AdbWifiNetworkMonitor: Received the same Wi-Fi SSID. Ignoring.
06-30 02:53:51.129  2637  2987 D DeviceStateHelper: Wifi freq: 2412
06-30 02:53:51.134  1719  1974 W libbinder.IPCThreadState: Sending oneway calls to frozen process.
06-30 02:53:51.135  1719  1974 W libbinder.IPCThreadState: Sending oneway calls to frozen process.
06-30 02:53:51.137  1719  1967 I HalDevMgr: bestIfaceCreationProposal is null, requestIface=STA, existingIface=[name=wlan0 type=STA]
06-30 02:53:51.139  2304  2982 D QCNEJ/NativeAidlConnector: -> SND notifyDefaultNetworkChanged(1)
06-30 02:53:51.139  2304  2982 D cneJni  : sendDefaultNwMsg start
06-30 02:53:51.140  3468  3688 W EdorasConnMonitorState: unhandled onNetworkConnected
06-30 02:53:51.142  2304  2982 D cneJni  : sendWifiStatus start
