--------- beginning of crash
09-10 09:42:33.354 26593 26593 E AndroidRuntime: *** FATAL EXCEPTION IN SYSTEM PROCESS: main
09-10 09:42:33.354 26593 26593 E AndroidRuntime: java.lang.NullPointerException: Attempt to invoke interface method 'android.os.IBinder com.android.clockwork.modes.IStateChangeListener.asBinder()' on a null object reference
09-10 09:42:33.354 26593 26593 E AndroidRuntime: 	at com.android.clockwork.modes.ListenerManager.findRemoteObserverWrapperLocked(go/retraceme cfe317e26c3e2829cc9d3bf73fa23c109c948b7d6c857f2317d8882bdc7d34b9:0)
09-10 09:42:33.354 26593 26593 E AndroidRuntime: 	at com.android.clockwork.modes.ListenerManager$$ExternalSyntheticLambda5.run(go/retraceme cfe317e26c3e2829cc9d3bf73fa23c109c948b7d6c857f2317d8882bdc7d34b9:21)
09-10 09:42:33.354 26593 26593 E AndroidRuntime: 	at android.os.Handler.handleCallback(Handler.java:1095)
09-10 09:42:33.354 26593 26593 E AndroidRuntime: 	at android.os.Handler.dispatchMessageImpl(Handler.java:135)
09-10 09:42:33.354 26593 26593 E AndroidRuntime: 	at android.os.Handler.dispatchMessage(Handler.java:125)
09-10 09:42:33.354 26593 26593 E AndroidRuntime: 	at android.os.Looper.loopOnce(Looper.java:296)
09-10 09:42:33.354 26593 26593 E AndroidRuntime: 	at android.os.Looper.loop(Looper.java:397)
09-10 09:42:33.354 26593 26593 E AndroidRuntime: 	at com.android.server.SystemServer.main(go/retraceme 56cb9c0977ae9f67603f451f002522c463042b44293aaef01295dafee5e0332e:696)
09-10 09:42:33.354 26593 26593 E AndroidRuntime: 	at java.lang.reflect.Method.invoke(Native Method)
09-10 09:42:33.354 26593 26593 E AndroidRuntime: 	at com.android.internal.os.RuntimeInit$MethodAndArgsCaller.run(RuntimeInit.java:575)
09-10 09:42:33.354 26593 26593 E AndroidRuntime: 	at com.android.internal.os.ZygoteInit.main(ZygoteInit.java:917)
09-10 09:42:35.981 28618 28793 E AndroidRuntime: FATAL EXCEPTION: GoogleApiHandler
09-10 09:42:35.981 28618 28793 E AndroidRuntime: Process: com.google.android.apps.safetyhub, PID: 28618
09-10 09:42:35.981 28618 28793 E AndroidRuntime: DeadSystemException: The system died; earlier logs will point to the root cause
09-10 09:42:36.445 29272 29272 E AndroidRuntime: FATAL EXCEPTION: main
09-10 09:42:36.445 29272 29272 E AndroidRuntime: Process: com.vrp.poc, PID: 29272
09-10 09:42:36.445 29272 29272 E AndroidRuntime: DeadSystemException: The system died; earlier logs will point to the root cause
09-10 09:42:36.634 27030 27498 E AndroidRuntime: FATAL EXCEPTION: HeadsetClient.SM
09-10 09:42:36.634 27030 27498 E AndroidRuntime: Process: com.google.android.bluetooth, PID: 27030
09-10 09:42:36.634 27030 27498 E AndroidRuntime: DeadSystemException: The system died; earlier logs will point to the root cause
09-10 09:42:36.638 29172 29326 E AndroidRuntime: FATAL EXCEPTION: GoogleApiHandler
09-10 09:42:36.638 29172 29326 E AndroidRuntime: Process: com.google.android.apps.messaging, PID: 29172
09-10 09:42:36.638 29172 29326 E AndroidRuntime: DeadSystemException: The system died; earlier logs will point to the root cause
09-10 09:42:36.638 26977 26977 E AndroidRuntime: FATAL EXCEPTION: main
09-10 09:42:36.638 26977 26977 E AndroidRuntime: Process: com.google.android.gms, PID: 26977
09-10 09:42:36.638 26977 26977 E AndroidRuntime: DeadSystemException: The system died; earlier logs will point to the root cause
09-10 09:42:36.668 28644 28842 E AndroidRuntime: FATAL EXCEPTION: GoogleApiHandler
09-10 09:42:36.668 28644 28842 E AndroidRuntime: Process: com.google.android.dialer, PID: 28644
09-10 09:42:36.668 28644 28842 E AndroidRuntime: DeadSystemException: The system died; earlier logs will point to the root cause
09-10 09:42:36.685 29172 29172 E AndroidRuntime: FATAL EXCEPTION: main
09-10 09:42:36.685 29172 29172 E AndroidRuntime: Process: com.google.android.apps.messaging, PID: 29172
09-10 09:42:36.685 29172 29172 E AndroidRuntime: DeadSystemException: The system died; earlier logs will point to the root cause
09-10 09:42:36.695 29258 29258 E AndroidRuntime: FATAL EXCEPTION: main
09-10 09:42:36.695 29258 29258 E AndroidRuntime: Process: com.google.android.calendar, PID: 29258
09-10 09:42:36.695 29258 29258 E AndroidRuntime: DeadSystemException: The system died; earlier logs will point to the root cause
--------- beginning of main
09-10 09:42:40.635 29524 29524 I AconfigPackage: com.android.server.deviceconfig is mapped to com.android.configinfrastructure
09-10 09:42:40.639 29524 29524 I AconfigPackage: com.google.android.widevine.flags is mapped to com.google.android.widevine
09-10 09:42:40.641 29524 29524 I AconfigPackage: com.android.adbd.flags is mapped to com.android.adbd
09-10 09:42:40.642 29524 29524 I AconfigPackage: android.graphics.pdf.flags is mapped to com.android.mediaprovider
09-10 09:42:40.642 29524 29524 I AconfigPackage: com.android.providers.media.flags is mapped to com.android.mediaprovider
09-10 09:42:40.642 29524 29524 I AconfigPackage: android.graphics.pdf.flags.readonly is mapped to com.android.mediaprovider
09-10 09:42:40.643 29524 29524 I AconfigPackage: com.android.bluetooth.beta.flags is mapped to com.android.bt
09-10 09:42:40.643 29524 29524 I AconfigPackage: com.android.bluetooth.flags is mapped to com.android.bt
09-10 09:42:40.644 29524 29524 E FeatureFlagsImplExport: android.os.flagging.AconfigStorageReadException: ERROR_PACKAGE_NOT_FOUND: package android.xr cannot be found on the device
09-10 09:42:40.655 29524 29524 D AndroidRuntime: Shutting down VM
09-10 09:42:40.656 29524 29585 W libbinder.IPCThreadState: call to talkWithDriver in joinThreadPool returned error: -9 (Bad file descriptor), FD: -1
09-10 09:42:40.656 29524 29584 W libbinder.IPCThreadState: call to talkWithDriver in joinThreadPool returned error: -9 (Bad file descriptor), FD: -1
09-10 09:42:40.689 29468 29503 D Diag_Lib: diag: Diag_LSM_Init: invoked for pid: 29468 with init_count: 0
09-10 09:42:40.690 29468 29503 D Diag_Lib: diag:failed to connect to diag socket
09-10 09:42:40.690 29468 29503 D Diag_Lib:  Diag_LSM_Init: Failed to open handle to diag driver, error = 111
09-10 09:42:40.691 29468 29503 I ATS     : vendor/qcom/sw5100-lw4/proprietary-audio/args/acdb/ats/transports/diag/linux/actp/src/actp.c:actp_diag_init:105 Error[1]: Failed to initialize DIAG
09-10 09:42:40.691 29468 29503 E ATS     : vendor/qcom/sw5100-lw4/proprietary-audio/args/acdb/ats/src/ats.c:ats_init:143 Error[1]: Failed to initialize Diag
09-10 09:42:40.691 29468 29503 E ATS     : vendor/qcom/sw5100-lw4/proprietary-audio/args/acdb/ats/src/ats.c:ats_init:263 Error[1]: Failed to initialize ATS
09-10 09:42:40.691 29468 29503 E AGM: API: ats_init_thread: 64 ats_init failed retry 6 err 1
09-10 09:42:40.804   397   419 W libbinder.ServiceManagerCppClient: Waited one second for android.frameworks.stats.IStats/default (is service started? Number of threads started in the threadpool: 16. Are binder threads started and available?)
09-10 09:42:40.810   329 29586 W libc    : Unable to set property "ctl.interface_start" to "aidl/android.frameworks.stats.IStats/default": PROP_ERROR_HANDLE_CONTROL_MESSAGE (0x20)
09-10 09:42:41.084 29463 29463 D nativeloader: Load libmedia_jni.so using system ns (caller=/system/framework/framework.jar!classes2.dex): ok
09-10 09:42:41.085 29463 29463 D MtpDeviceJNI: register_android_mtp_MtpDevice
09-10 09:42:41.128 29463 29463 D nativeloader: Load libsoundpool.so using system ns (caller=/system/framework/framework.jar!classes2.dex): ok
09-10 09:42:41.138 29463 29463 D nativeloader: Load libaudioeffect_jni.so using system ns (caller=/system/framework/framework.jar!classes2.dex): ok
09-10 09:42:41.191 29468 29503 D Diag_Lib: diag: Diag_LSM_Init: invoked for pid: 29468 with init_count: 0
09-10 09:42:41.191 29468 29503 D Diag_Lib: diag:failed to connect to diag socket
09-10 09:42:41.191 29468 29503 D Diag_Lib:  Diag_LSM_Init: Failed to open handle to diag driver, error = 111
09-10 09:42:41.191 29468 29503 I ATS     : vendor/qcom/sw5100-lw4/proprietary-audio/args/acdb/ats/transports/diag/linux/actp/src/actp.c:actp_diag_init:105 Error[1]: Failed to initialize DIAG
09-10 09:42:41.191 29468 29503 E ATS     : vendor/qcom/sw5100-lw4/proprietary-audio/args/acdb/ats/src/ats.c:ats_init:143 Error[1]: Failed to initialize Diag
09-10 09:42:41.191 29468 29503 E ATS     : vendor/qcom/sw5100-lw4/proprietary-audio/args/acdb/ats/src/ats.c:ats_init:263 Error[1]: Failed to initialize ATS
09-10 09:42:41.191 29468 29503 E AGM: API: ats_init_thread: 64 ats_init failed retry 7 err 1
09-10 09:42:41.198 29463 29463 W Zygote  : Class not found for preloading: android.os.Binder$TransactionTraceNamesCacheHolder
09-10 09:42:41.218 29463 29463 W Zygote  : Class not found for preloading: android.os.PerfettoTrace
09-10 09:42:41.218 29463 29463 W Zygote  : Class not found for preloading: android.os.PerfettoTrace$Category
09-10 09:42:41.219 29463 29463 W Zygote  : Class not found for preloading: android.os.PerfettoTrackEventExtra
09-10 09:42:41.219 29463 29463 W Zygote  : Class not found for preloading: android.os.PerfettoTrackEventExtra$$ExternalSyntheticLambda0
09-10 09:42:41.219 29463 29463 W Zygote  : Class not found for preloading: android.os.PerfettoTrackEventExtra$$ExternalSyntheticLambda1
09-10 09:42:41.220 29463 29463 W Zygote  : Class not found for preloading: android.os.PerfettoTrackEventExtra$$ExternalSyntheticLambda2
09-10 09:42:41.220 29463 29463 W Zygote  : Class not found for preloading: android.os.PerfettoTrackEventExtra$$ExternalSyntheticLambda3
09-10 09:42:41.220 29463 29463 W Zygote  : Class not found for preloading: android.os.PerfettoTrackEventExtra$$ExternalSyntheticLambda4
09-10 09:42:41.221 29463 29463 W Zygote  : Class not found for preloading: android.os.PerfettoTrackEventExtra$$ExternalSyntheticLambda5
09-10 09:42:41.222 29463 29463 W Zygote  : Class not found for preloading: android.os.PerfettoTrackEventExtra$$ExternalSyntheticLambda6
09-10 09:42:41.223 29463 29463 W Zygote  : Class not found for preloading: android.os.PerfettoTrackEventExtra$ArgBool
09-10 09:42:41.224 29463 29463 W Zygote  : Class not found for preloading: android.os.PerfettoTrackEventExtra$ArgDouble
09-10 09:42:41.224 29463 29463 W Zygote  : Class not found for preloading: android.os.PerfettoTrackEventExtra$ArgInt64
09-10 09:42:41.225 29463 29463 W Zygote  : Class not found for preloading: android.os.PerfettoTrackEventExtra$ArgString
09-10 09:42:41.226 29463 29463 W Zygote  : Class not found for preloading: android.os.PerfettoTrackEventExtra$Builder
09-10 09:42:41.227 29463 29463 W Zygote  : Class not found for preloading: android.os.PerfettoTrackEventExtra$CounterDouble
09-10 09:42:41.227 29463 29463 W Zygote  : Class not found for preloading: android.os.PerfettoTrackEventExtra$CounterInt64
09-10 09:42:41.228 29463 29463 W Zygote  : Class not found for preloading: android.os.PerfettoTrackEventExtra$CounterTrack
09-10 09:42:41.229 29463 29463 W Zygote  : Class not found for preloading: android.os.PerfettoTrackEventExtra$FieldContainer
09-10 09:42:41.229 29463 29463 W Zygote  : Class not found for preloading: android.os.PerfettoTrackEventExtra$FieldDouble
09-10 09:42:41.230 29463 29463 W Zygote  : Class not found for preloading: android.os.PerfettoTrackEventExtra$FieldInt64
09-10 09:42:41.230 29463 29463 W Zygote  : Class not found for preloading: android.os.PerfettoTrackEventExtra$FieldNested
09-10 09:42:41.231 29463 29463 W Zygote  : Class not found for preloading: android.os.PerfettoTrackEventExtra$FieldString
09-10 09:42:41.231 29463 29463 W Zygote  : Class not found for preloading: android.os.PerfettoTrackEventExtra$Flow
09-10 09:42:41.231 29463 29463 W Zygote  : Class not found for preloading: android.os.PerfettoTrackEventExtra$NamedTrack
09-10 09:42:41.232 29463 29463 W Zygote  : Class not found for preloading: android.os.PerfettoTrackEventExtra$PerfettoPointer
09-10 09:42:41.233 29463 29463 W Zygote  : Class not found for preloading: android.os.PerfettoTrackEventExtra$Pool
09-10 09:42:41.233 29463 29463 W Zygote  : Class not found for preloading: android.os.PerfettoTrackEventExtra$Proto
09-10 09:42:41.233 29463 29463 W Zygote  : Class not found for preloading: android.os.PerfettoTrackEventExtra$RingBuffer
09-10 09:42:41.234 29463 29463 W Zygote  : Class not found for preloading: android.os.PerfettoTrackEventExtra-IA
09-10 09:42:41.258 29463 29463 D nativeloader: Load libvintf_jni.so using system ns (caller=/system/framework/framework.jar!classes3.dex): ok
09-10 09:42:41.274 29463 29463 W Zygote  : Class not found for preloading: android.os.vibrator.RampSegment
09-10 09:42:41.274 29463 29463 W Zygote  : Class not found for preloading: android.os.vibrator.RampSegment$1
09-10 09:42:41.362 29463 29463 D nativeloader: Load librs_jni.so using system ns (caller=/system/framework/framework.jar!classes3.dex): ok
09-10 09:42:41.368 29463 29463 W Zygote  : Class not found for preloading: android.security.KeyStoreSecurityLevel$$ExternalSyntheticLambda3
09-10 09:42:41.380 29464 29464 W libbinder.ServiceManagerCppClient: Waited one second for activity (is service started? Number of threads started in the threadpool: 16. Are binder threads started and available?)
09-10 09:42:41.383   329 29588 W libc    : Unable to set property "ctl.interface_start" to "aidl/activity": PROP_ERROR_HANDLE_CONTROL_MESSAGE (0x20)
09-10 09:42:41.391 29463 29463 W Zygote  : Class not found for preloading: android.service.notification.IStatusBarNotificationHolder
09-10 09:42:41.391 29463 29463 W Zygote  : Class not found for preloading: android.service.notification.IStatusBarNotificationHolder$Stub
09-10 09:42:41.392 29463 29463 W Zygote  : Class not found for preloading: android.service.notification.IStatusBarNotificationHolder$Stub$Proxy
09-10 09:42:41.568 29463 29463 W Zygote  : Class not found for preloading: android.view.BatchedInputEventReceiver$BatchedInputRunnable
09-10 09:42:41.604 29463 29463 W Zygote  : Class not found for preloading: android.view.ViewRootImpl$ConsumeBatchedInputRunnable
09-10 09:42:41.606 29463 29463 W Zygote  : Class not found for preloading: android.view.ViewRootImpl$TraversalRunnable
09-10 09:42:41.609 29463 29463 W Zygote  : Class not found for preloading: android.view.ViewTreeObserver$OnWindowShownListener
09-10 09:42:41.692 29468 29503 D Diag_Lib: diag: Diag_LSM_Init: invoked for pid: 29468 with init_count: 0
09-10 09:42:41.692 29468 29503 D Diag_Lib: diag:failed to connect to diag socket
09-10 09:42:41.692 29468 29503 D Diag_Lib:  Diag_LSM_Init: Failed to open handle to diag driver, error = 111
09-10 09:42:41.692 29468 29503 I ATS     : vendor/qcom/sw5100-lw4/proprietary-audio/args/acdb/ats/transports/diag/linux/actp/src/actp.c:actp_diag_init:105 Error[1]: Failed to initialize DIAG
09-10 09:42:41.692 29468 29503 E ATS     : vendor/qcom/sw5100-lw4/proprietary-audio/args/acdb/ats/src/ats.c:ats_init:143 Error[1]: Failed to initialize Diag
09-10 09:42:41.692 29468 29503 E ATS     : vendor/qcom/sw5100-lw4/proprietary-audio/args/acdb/ats/src/ats.c:ats_init:263 Error[1]: Failed to initialize ATS
09-10 09:42:41.692 29468 29503 E AGM: API: ats_init_thread: 64 ats_init failed retry 8 err 1
09-10 09:42:41.698 29463 29463 W Zygote  : Class not found for preloading: android.window.DesktopExperienceFlags$$ExternalSyntheticLambda38
09-10 09:42:41.698 29463 29463 W Zygote  : Class not found for preloading: android.window.DesktopExperienceFlags$$ExternalSyntheticLambda39
09-10 09:42:41.699 29463 29463 W Zygote  : Class not found for preloading: android.window.DesktopExperienceFlags$$ExternalSyntheticLambda40
09-10 09:42:41.699 29463 29463 W Zygote  : Class not found for preloading: android.window.DesktopExperienceFlags$$ExternalSyntheticLambda41
09-10 09:42:41.699 29463 29463 W Zygote  : Class not found for preloading: android.window.DesktopExperienceFlags$$ExternalSyntheticLambda42
09-10 09:42:41.700 29463 29463 W Zygote  : Class not found for preloading: android.window.DesktopExperienceFlags$$ExternalSyntheticLambda43
09-10 09:42:41.700 29463 29463 W Zygote  : Class not found for preloading: android.window.DesktopExperienceFlags$$ExternalSyntheticLambda44
09-10 09:42:41.701 29463 29463 W Zygote  : Class not found for preloading: android.window.DesktopExperienceFlags$$ExternalSyntheticLambda45
09-10 09:42:41.701 29463 29463 W Zygote  : Class not found for preloading: android.window.DesktopExperienceFlags$$ExternalSyntheticLambda46
09-10 09:42:41.702 29463 29463 W Zygote  : Class not found for preloading: android.window.DesktopExperienceFlags$$ExternalSyntheticLambda47
09-10 09:42:41.702 29463 29463 W Zygote  : Class not found for preloading: android.window.DesktopExperienceFlags$$ExternalSyntheticLambda48
09-10 09:42:41.703 29463 29463 W Zygote  : Class not found for preloading: android.window.DesktopExperienceFlags$$ExternalSyntheticLambda49
09-10 09:42:41.703 29463 29463 W Zygote  : Class not found for preloading: android.window.DesktopExperienceFlags$$ExternalSyntheticLambda50
09-10 09:42:41.703 29463 29463 W Zygote  : Class not found for preloading: android.window.DesktopExperienceFlags$$ExternalSyntheticLambda51
09-10 09:42:41.704 29463 29463 W Zygote  : Class not found for preloading: android.window.DesktopExperienceFlags$$ExternalSyntheticLambda52
09-10 09:42:41.704 29463 29463 W Zygote  : Class not found for preloading: android.window.DesktopExperienceFlags$$ExternalSyntheticLambda53
09-10 09:42:41.704 29463 29463 W Zygote  : Class not found for preloading: android.window.DesktopExperienceFlags$$ExternalSyntheticLambda54
09-10 09:42:41.705 29463 29463 W Zygote  : Class not found for preloading: android.window.DesktopExperienceFlags$$ExternalSyntheticLambda55
09-10 09:42:41.705 29463 29463 W Zygote  : Class not found for preloading: android.window.DesktopExperienceFlags$$ExternalSyntheticLambda56
09-10 09:42:41.705 29463 29463 W Zygote  : Class not found for preloading: android.window.DesktopExperienceFlags$$ExternalSyntheticLambda57
09-10 09:42:41.706 29463 29463 W Zygote  : Class not found for preloading: android.window.DesktopExperienceFlags$$ExternalSyntheticLambda58
09-10 09:42:41.706 29463 29463 W Zygote  : Class not found for preloading: android.window.DesktopExperienceFlags$$ExternalSyntheticLambda59
09-10 09:42:41.706 29463 29463 W Zygote  : Class not found for preloading: android.window.DesktopExperienceFlags$$ExternalSyntheticLambda60
09-10 09:42:41.707 29463 29463 W Zygote  : Class not found for preloading: android.window.DesktopExperienceFlags$$ExternalSyntheticLambda61
09-10 09:42:41.707 29463 29463 W Zygote  : Class not found for preloading: android.window.DesktopExperienceFlags$$ExternalSyntheticLambda62
09-10 09:42:41.707 29463 29463 W Zygote  : Class not found for preloading: android.window.DesktopExperienceFlags$$ExternalSyntheticLambda63
09-10 09:42:41.707 29463 29463 W Zygote  : Class not found for preloading: android.window.DesktopExperienceFlags$$ExternalSyntheticLambda64
09-10 09:42:41.708 29463 29463 W Zygote  : Class not found for preloading: android.window.DesktopExperienceFlags$$ExternalSyntheticLambda65
09-10 09:42:41.708 29463 29463 W Zygote  : Class not found for preloading: android.window.DesktopExperienceFlags$$ExternalSyntheticLambda66
09-10 09:42:41.709 29463 29463 W Zygote  : Class not found for preloading: android.window.DesktopExperienceFlags$$ExternalSyntheticLambda67
09-10 09:42:41.709 29463 29463 W Zygote  : Class not found for preloading: android.window.DesktopExperienceFlags$$ExternalSyntheticLambda68
09-10 09:42:41.709 29463 29463 W Zygote  : Class not found for preloading: android.window.DesktopExperienceFlags$$ExternalSyntheticLambda69
09-10 09:42:41.710 29463 29463 W Zygote  : Class not found for preloading: android.window.DesktopExperienceFlags$$ExternalSyntheticLambda70
09-10 09:42:41.710 29463 29463 W Zygote  : Class not found for preloading: android.window.DesktopExperienceFlags$$ExternalSyntheticLambda71
09-10 09:42:41.710 29463 29463 W Zygote  : Class not found for preloading: android.window.DesktopExperienceFlags$$ExternalSyntheticLambda72
09-10 09:42:41.710 29463 29463 W Zygote  : Class not found for preloading: android.window.DesktopExperienceFlags$$ExternalSyntheticLambda73
09-10 09:42:41.711 29463 29463 W Zygote  : Class not found for preloading: android.window.DesktopExperienceFlags$$ExternalSyntheticLambda74
09-10 09:42:41.711 29463 29463 W Zygote  : Class not found for preloading: android.window.DesktopExperienceFlags$$ExternalSyntheticLambda75
09-10 09:42:41.711 29463 29463 W Zygote  : Class not found for preloading: android.window.DesktopExperienceFlags$$ExternalSyntheticLambda76
09-10 09:42:41.711 29463 29463 W Zygote  : Class not found for preloading: android.window.DesktopExperienceFlags$$ExternalSyntheticLambda77
09-10 09:42:41.711 29463 29463 W Zygote  : Class not found for preloading: android.window.DesktopExperienceFlags$$ExternalSyntheticLambda78
09-10 09:42:41.712 29463 29463 W Zygote  : Class not found for preloading: android.window.DesktopExperienceFlags$$ExternalSyntheticLambda79
09-10 09:42:41.712 29463 29463 W Zygote  : Class not found for preloading: android.window.DesktopExperienceFlags$$ExternalSyntheticLambda80
09-10 09:42:41.712 29463 29463 W Zygote  : Class not found for preloading: android.window.DesktopExperienceFlags$$ExternalSyntheticLambda81
09-10 09:42:41.712 29463 29463 W Zygote  : Class not found for preloading: android.window.DesktopExperienceFlags$$ExternalSyntheticLambda82
09-10 09:42:41.712 29463 29463 W Zygote  : Class not found for preloading: android.window.DesktopExperienceFlags$$ExternalSyntheticLambda83
09-10 09:42:41.713 29463 29463 W Zygote  : Class not found for preloading: android.window.DesktopExperienceFlags$$ExternalSyntheticLambda84
09-10 09:42:41.713 29463 29463 W Zygote  : Class not found for preloading: android.window.DesktopExperienceFlags$$ExternalSyntheticLambda85
09-10 09:42:41.713 29463 29463 W Zygote  : Class not found for preloading: android.window.DesktopExperienceFlags$$ExternalSyntheticLambda86
09-10 09:42:41.713 29463 29463 W Zygote  : Class not found for preloading: android.window.DesktopExperienceFlags$$ExternalSyntheticLambda87
09-10 09:42:41.713 29463 29463 W Zygote  : Class not found for preloading: android.window.DesktopExperienceFlags$$ExternalSyntheticLambda88
09-10 09:42:41.714 29463 29463 W Zygote  : Class not found for preloading: android.window.DesktopExperienceFlags$$ExternalSyntheticLambda89
09-10 09:42:41.714 29463 29463 W Zygote  : Class not found for preloading: android.window.DesktopExperienceFlags$$ExternalSyntheticLambda90
09-10 09:42:41.715 29463 29463 W Zygote  : Class not found for preloading: android.window.DesktopModeFlags$$ExternalSyntheticLambda13
09-10 09:42:41.715 29463 29463 W Zygote  : Class not found for preloading: android.window.DesktopModeFlags$$ExternalSyntheticLambda14
09-10 09:42:41.715 29463 29463 W Zygote  : Class not found for preloading: android.window.DesktopModeFlags$$ExternalSyntheticLambda15
09-10 09:42:41.716 29463 29463 W Zygote  : Class not found for preloading: android.window.DesktopModeFlags$$ExternalSyntheticLambda16
09-10 09:42:41.716 29463 29463 W Zygote  : Class not found for preloading: android.window.DesktopModeFlags$$ExternalSyntheticLambda17
09-10 09:42:41.716 29463 29463 W Zygote  : Class not found for preloading: android.window.DesktopModeFlags$$ExternalSyntheticLambda18
09-10 09:42:41.716 29463 29463 W Zygote  : Class not found for preloading: android.window.DesktopModeFlags$$ExternalSyntheticLambda19
09-10 09:42:41.717 29463 29463 W Zygote  : Class not found for preloading: android.window.DesktopModeFlags$$ExternalSyntheticLambda20
09-10 09:42:41.717 29463 29463 W Zygote  : Class not found for preloading: android.window.DesktopModeFlags$$ExternalSyntheticLambda21
09-10 09:42:41.718 29463 29463 W Zygote  : Class not found for preloading: android.window.DesktopModeFlags$$ExternalSyntheticLambda22
09-10 09:42:41.718 29463 29463 W Zygote  : Class not found for preloading: android.window.DesktopModeFlags$$ExternalSyntheticLambda23
09-10 09:42:41.718 29463 29463 W Zygote  : Class not found for preloading: android.window.DesktopModeFlags$$ExternalSyntheticLambda24
09-10 09:42:41.719 29463 29463 W Zygote  : Class not found for preloading: android.window.DesktopModeFlags$$ExternalSyntheticLambda25
09-10 09:42:41.719 29463 29463 W Zygote  : Class not found for preloading: android.window.DesktopModeFlags$$ExternalSyntheticLambda26
09-10 09:42:41.720 29463 29463 W Zygote  : Class not found for preloading: android.window.DesktopModeFlags$$ExternalSyntheticLambda27
09-10 09:42:41.720 29463 29463 W Zygote  : Class not found for preloading: android.window.DesktopModeFlags$$ExternalSyntheticLambda28
09-10 09:42:41.720 29463 29463 W Zygote  : Class not found for preloading: android.window.DesktopModeFlags$$ExternalSyntheticLambda29
09-10 09:42:41.721 29463 29463 W Zygote  : Class not found for preloading: android.window.DesktopModeFlags$$ExternalSyntheticLambda30
09-10 09:42:41.808   397   419 W libbinder.ServiceManagerCppClient: Waited one second for android.frameworks.stats.IStats/default (is service started? Number of threads started in the threadpool: 16. Are binder threads started and available?)
09-10 09:42:41.813   329 29589 W libc    : Unable to set property "ctl.interface_start" to "aidl/android.frameworks.stats.IStats/default": PROP_ERROR_HANDLE_CONTROL_MESSAGE (0x20)
09-10 09:42:41.846 29463 29463 W Zygote  : Class not found for preloading: com.android.internal.dev.perfetto.sdk.PerfettoTrackEventBuilder$$ExternalSyntheticLambda6
09-10 09:42:41.847 29463 29463 W Zygote  : Class not found for preloading: com.android.internal.dev.perfetto.sdk.PerfettoTrackEventBuilder$$ExternalSyntheticLambda7
09-10 09:42:41.848 29463 29463 W Zygote  : Class not found for preloading: com.android.internal.dev.perfetto.sdk.PerfettoTrackEventExtra$ArgBool
09-10 09:42:41.848 29463 29463 W Zygote  : Class not found for preloading: com.android.internal.dev.perfetto.sdk.PerfettoTrackEventExtra$ArgDouble
09-10 09:42:41.849 29463 29463 W Zygote  : Class not found for preloading: com.android.internal.dev.perfetto.sdk.PerfettoTrackEventExtra$ArgInt64
09-10 09:42:41.850 29463 29463 W Zygote  : Class not found for preloading: com.android.internal.dev.perfetto.sdk.PerfettoTrackEventExtra$ArgString
09-10 09:42:41.850 29463 29463 W Zygote  : Class not found for preloading: com.android.internal.dev.perfetto.sdk.PerfettoTrackEventExtra$CounterDouble
09-10 09:42:41.851 29463 29463 W Zygote  : Class not found for preloading: com.android.internal.dev.perfetto.sdk.PerfettoTrackEventExtra$CounterInt64
09-10 09:42:41.852 29463 29463 W Zygote  : Class not found for preloading: com.android.internal.dev.perfetto.sdk.PerfettoTrackEventExtra$FieldDouble
09-10 09:42:41.853 29463 29463 W Zygote  : Class not found for preloading: com.android.internal.dev.perfetto.sdk.PerfettoTrackEventExtra$FieldInt64
09-10 09:42:41.854 29463 29463 W Zygote  : Class not found for preloading: com.android.internal.dev.perfetto.sdk.PerfettoTrackEventExtra$FieldString
09-10 09:42:41.860 29463 29463 W Zygote  : Class not found for preloading: com.android.internal.hidden_from_bootclasspath.android.adpf.FeatureFlags
09-10 09:42:41.861 29463 29463 W Zygote  : Class not found for preloading: com.android.internal.hidden_from_bootclasspath.android.adpf.FeatureFlagsImpl
09-10 09:42:41.861 29463 29463 W Zygote  : Class not found for preloading: com.android.internal.hidden_from_bootclasspath.android.aiseal.FeatureFlags
09-10 09:42:41.861 29463 29463 W Zygote  : Class not found for preloading: com.android.internal.hidden_from_bootclasspath.android.aiseal.FeatureFlagsImpl
09-10 09:42:41.862 29463 29463 W Zygote  : Class not found for preloading: com.android.internal.hidden_from_bootclasspath.android.app.FeatureFlags
09-10 09:42:41.863 29463 29463 W Zygote  : Class not found for preloading: com.android.internal.hidden_from_bootclasspath.android.app.FeatureFlagsImpl
09-10 09:42:41.863 29463 29463 W Zygote  : Class not found for preloading: com.android.internal.hidden_from_bootclasspath.android.app.admin.flags.FeatureFlags
09-10 09:42:41.864 29463 29463 W Zygote  : Class not found for preloading: com.android.internal.hidden_from_bootclasspath.android.app.admin.flags.FeatureFlagsImpl
09-10 09:42:41.865 29463 29463 W Zygote  : Class not found for preloading: com.android.internal.hidden_from_bootclasspath.android.app.appfunctions.flags.FeatureFlags
09-10 09:42:41.865 29463 29463 W Zygote  : Class not found for preloading: com.android.internal.hidden_from_bootclasspath.android.app.appfunctions.flags.FeatureFlagsImpl
09-10 09:42:41.866 29463 29463 W Zygote  : Class not found for preloading: com.android.internal.hidden_from_bootclasspath.android.app.assist.flags.FeatureFlags
09-10 09:42:41.867 29463 29463 W Zygote  : Class not found for preloading: com.android.internal.hidden_from_bootclasspath.android.app.assist.flags.FeatureFlagsImpl
09-10 09:42:41.868 29463 29463 W Zygote  : Class not found for preloading: com.android.internal.hidden_from_bootclasspath.android.app.jank.FeatureFlags
09-10 09:42:41.869 29463 29463 W Zygote  : Class not found for preloading: com.android.internal.hidden_from_bootclasspath.android.app.jank.FeatureFlagsImpl
09-10 09:42:41.870 29463 29463 W Zygote  : Class not found for preloading: com.android.internal.hidden_from_bootclasspath.android.app.job.FeatureFlags
09-10 09:42:41.870 29463 29463 W Zygote  : Class not found for preloading: com.android.internal.hidden_from_bootclasspath.android.app.job.FeatureFlagsImpl
09-10 09:42:41.871 29463 29463 W Zygote  : Class not found for preloading: com.android.internal.hidden_from_bootclasspath.android.app.lskfreset.flags.FeatureFlags
09-10 09:42:41.872 29463 29463 W Zygote  : Class not found for preloading: com.android.internal.hidden_from_bootclasspath.android.app.lskfreset.flags.FeatureFlagsImpl
09-10 09:42:41.873 29463 29463 W Zygote  : Class not found for preloading: com.android.internal.hidden_from_bootclasspath.android.app.privatecompute.flags.FeatureFlags
09-10 09:42:41.874 29463 29463 W Zygote  : Class not found for preloading: com.android.internal.hidden_from_bootclasspath.android.app.privatecompute.flags.FeatureFlagsImpl
09-10 09:42:41.875 29463 29463 W Zygote  : Class not found for preloading: com.android.internal.hidden_from_bootclasspath.android.app.supervision.flags.FeatureFlags
09-10 09:42:41.875 29463 29463 W Zygote  : Class not found for preloading: com.android.internal.hidden_from_bootclasspath.android.app.supervision.flags.FeatureFlagsImpl
09-10 09:42:41.876 29463 29463 W Zygote  : Class not found for preloading: com.android.internal.hidden_from_bootclasspath.android.app.usage.FeatureFlags
09-10 09:42:41.877 29463 29463 W Zygote  : Class not found for preloading: com.android.internal.hidden_from_bootclasspath.android.app.usage.FeatureFlagsImpl
09-10 09:42:41.877 29463 29463 W Zygote  : Class not found for preloading: com.android.internal.hidden_from_bootclasspath.android.appwidget.flags.FeatureFlags
09-10 09:42:41.878 29463 29463 W Zygote  : Class not found for preloading: com.android.internal.hidden_from_bootclasspath.android.appwidget.flags.FeatureFlagsImpl
09-10 09:42:41.879 29463 29463 W Zygote  : Class not found for preloading: com.android.internal.hidden_from_bootclasspath.android.companion.FeatureFlags
09-10 09:42:41.879 29463 29463 W Zygote  : Class not found for preloading: com.android.internal.hidden_from_bootclasspath.android.companion.FeatureFlagsImpl
09-10 09:42:41.880 29463 29463 W Zygote  : Class not found for preloading: com.android.internal.hidden_from_bootclasspath.android.companion.virtualdevice.flags.FeatureFlags
09-10 09:42:41.880 29463 29463 W Zygote  : Class not found for preloading: com.android.internal.hidden_from_bootclasspath.android.companion.virtualdevice.flags.FeatureFlagsImpl
09-10 09:42:41.881 29463 29463 W Zygote  : Class not found for preloading: com.android.internal.hidden_from_bootclasspath.android.content.flags.FeatureFlags
09-10 09:42:41.881 29463 29463 W Zygote  : Class not found for preloading: com.android.internal.hidden_from_bootclasspath.android.content.flags.FeatureFlagsImpl
09-10 09:42:41.882 29463 29463 W Zygote  : Class not found for preloading: com.android.internal.hidden_from_bootclasspath.android.content.pm.FeatureFlags
09-10 09:42:41.883 29463 29463 W Zygote  : Class not found for preloading: com.android.internal.hidden_from_bootclasspath.android.content.pm.FeatureFlagsImpl
09-10 09:42:41.885 29463 29463 W Zygote  : Class not found for preloading: com.android.internal.hidden_from_bootclasspath.android.content.res.FeatureFlags
09-10 09:42:41.885 29463 29463 W Zygote  : Class not found for preloading: com.android.internal.hidden_from_bootclasspath.android.content.res.FeatureFlagsImpl
09-10 09:42:41.886 29463 29463 W Zygote  : Class not found for preloading: com.android.internal.hidden_from_bootclasspath.android.database.sqlite.FeatureFlags
09-10 09:42:41.887 29463 29463 W Zygote  : Class not found for preloading: com.android.internal.hidden_from_bootclasspath.android.database.sqlite.FeatureFlagsImpl
09-10 09:42:41.888 29463 29463 W Zygote  : Class not found for preloading: com.android.internal.hidden_from_bootclasspath.android.hardware.biometrics.FeatureFlags
09-10 09:42:41.888 29463 29463 W Zygote  : Class not found for preloading: com.android.internal.hidden_from_bootclasspath.android.hardware.biometrics.FeatureFlagsImpl
09-10 09:42:41.889 29463 29463 W Zygote  : Class not found for preloading: com.android.internal.hidden_from_bootclasspath.android.hardware.devicestate.feature.flags.FeatureFlags
09-10 09:42:41.890 29463 29463 W Zygote  : Class not found for preloading: com.android.internal.hidden_from_bootclasspath.android.hardware.devicestate.feature.flags.FeatureFlagsImpl
09-10 09:42:41.891 29463 29463 W Zygote  : Class not found for preloading: com.android.internal.hidden_from_bootclasspath.android.hardware.flags.FeatureFlags
09-10 09:42:41.892 29463 29463 W Zygote  : Class not found for preloading: com.android.internal.hidden_from_bootclasspath.android.hardware.flags.FeatureFlagsImpl
09-10 09:42:41.893 29463 29463 W Zygote  : Class not found for preloading: com.android.internal.hidden_from_bootclasspath.android.hardware.serial.flags.FeatureFlags
09-10 09:42:41.894 29463 29463 W Zygote  : Class not found for preloading: com.android.internal.hidden_from_bootclasspath.android.hardware.serial.flags.FeatureFlagsImpl
09-10 09:42:41.894 29463 29463 W Zygote  : Class not found for preloading: com.android.internal.hidden_from_bootclasspath.android.location.flags.FeatureFlags
09-10 09:42:41.895 29463 29463 W Zygote  : Class not found for preloading: com.android.internal.hidden_from_bootclasspath.android.location.flags.FeatureFlagsImpl
09-10 09:42:41.895 29463 29463 W Zygote  : Class not found for preloading: com.android.internal.hidden_from_bootclasspath.android.media.audio.FeatureFlags
09-10 09:42:41.896 29463 29463 W Zygote  : Class not found for preloading: com.android.internal.hidden_from_bootclasspath.android.media.audio.FeatureFlagsImpl
09-10 09:42:41.897 29463 29463 W Zygote  : Class not found for preloading: com.android.internal.hidden_from_bootclasspath.android.media.codec.FeatureFlags
09-10 09:42:41.897 29463 29463 W Zygote  : Class not found for preloading: com.android.internal.hidden_from_bootclasspath.android.media.codec.FeatureFlagsImpl
09-10 09:42:41.898 29463 29463 W Zygote  : Class not found for preloading: com.android.internal.hidden_from_bootclasspath.android.media.tv.flags.FeatureFlags
09-10 09:42:41.899 29463 29463 W Zygote  : Class not found for preloading: com.android.internal.hidden_from_bootclasspath.android.media.tv.flags.FeatureFlagsImpl
09-10 09:42:41.899 29463 29463 W Zygote  : Class not found for preloading: com.android.internal.hidden_from_bootclasspath.android.multiuser.FeatureFlags
09-10 09:42:41.900 29463 29463 W Zygote  : Class not found for preloading: com.android.internal.hidden_from_bootclasspath.android.multiuser.FeatureFlagsImpl
09-10 09:42:41.901 29463 29463 W Zygote  : Class not found for preloading: com.android.internal.hidden_from_bootclasspath.android.net.http.FeatureFlags
09-10 09:42:41.902 29463 29463 W Zygote  : Class not found for preloading: com.android.internal.hidden_from_bootclasspath.android.net.http.FeatureFlagsImpl
09-10 09:42:41.902 29463 29463 W Zygote  : Class not found for preloading: com.android.internal.hidden_from_bootclasspath.android.net.platform.flags.FeatureFlags
09-10 09:42:41.903 29463 29463 W Zygote  : Class not found for preloading: com.android.internal.hidden_from_bootclasspath.android.net.platform.flags.FeatureFlagsImpl
09-10 09:42:41.903 29463 29463 W Zygote  : Class not found for preloading: com.android.internal.hidden_from_bootclasspath.android.os.FeatureFlags
09-10 09:42:41.904 29463 29463 W Zygote  : Class not found for preloading: com.android.internal.hidden_from_bootclasspath.android.os.FeatureFlagsImpl
09-10 09:42:41.905 29463 29463 W Zygote  : Class not found for preloading: com.android.internal.hidden_from_bootclasspath.android.provider.FeatureFlags
09-10 09:42:41.906 29463 29463 W Zygote  : Class not found for preloading: com.android.internal.hidden_from_bootclasspath.android.provider.FeatureFlagsImpl
09-10 09:42:41.908 29463 29463 W Zygote  : Class not found for preloading: com.android.internal.hidden_from_bootclasspath.android.security.FeatureFlags
09-10 09:42:41.908 29463 29463 W Zygote  : Class not found for preloading: com.android.internal.hidden_from_bootclasspath.android.security.FeatureFlagsImpl
09-10 09:42:41.909 29463 29463 W Zygote  : Class not found for preloading: com.android.internal.hidden_from_bootclasspath.android.server.FeatureFlags
09-10 09:42:41.910 29463 29463 W Zygote  : Class not found for preloading: com.android.internal.hidden_from_bootclasspath.android.server.FeatureFlagsImpl
09-10 09:42:41.911 29463 29463 W Zygote  : Class not found for preloading: com.android.internal.hidden_from_bootclasspath.android.service.autofill.FeatureFlags
09-10 09:42:41.911 29463 29463 W Zygote  : Class not found for preloading: com.android.internal.hidden_from_bootclasspath.android.service.autofill.FeatureFlagsImpl
09-10 09:42:41.911 29463 29463 W Zygote  : Class not found for preloading: com.android.internal.hidden_from_bootclasspath.android.service.chooser.FeatureFlags
09-10 09:42:41.912 29463 29463 W Zygote  : Class not found for preloading: com.android.internal.hidden_from_bootclasspath.android.service.chooser.FeatureFlagsImpl
09-10 09:42:41.913 29463 29463 W Zygote  : Class not found for preloading: com.android.internal.hidden_from_bootclasspath.android.service.dreams.FeatureFlags
09-10 09:42:41.914 29463 29463 W Zygote  : Class not found for preloading: com.android.internal.hidden_from_bootclasspath.android.service.dreams.FeatureFlagsImpl
09-10 09:42:41.915 29463 29463 W Zygote  : Class not found for preloading: com.android.internal.hidden_from_bootclasspath.android.service.notification.FeatureFlags
09-10 09:42:41.915 29463 29463 W Zygote  : Class not found for preloading: com.android.internal.hidden_from_bootclasspath.android.service.notification.FeatureFlagsImpl
09-10 09:42:41.916 29463 29463 W Zygote  : Class not found for preloading: com.android.internal.hidden_from_bootclasspath.android.service.personalcontext.FeatureFlags
09-10 09:42:41.917 29463 29463 W Zygote  : Class not found for preloading: com.android.internal.hidden_from_bootclasspath.android.service.personalcontext.FeatureFlagsImpl
09-10 09:42:41.917 29463 29463 W Zygote  : Class not found for preloading: com.android.internal.hidden_from_bootclasspath.android.service.voice.flags.FeatureFlags
09-10 09:42:41.918 29463 29463 W Zygote  : Class not found for preloading: com.android.internal.hidden_from_bootclasspath.android.service.voice.flags.FeatureFlagsImpl
09-10 09:42:41.920 29463 29463 W Zygote  : Class not found for preloading: com.android.internal.hidden_from_bootclasspath.android.tracing.FeatureFlags
09-10 09:42:41.920 29463 29463 W Zygote  : Class not found for preloading: com.android.internal.hidden_from_bootclasspath.android.tracing.FeatureFlagsImpl
09-10 09:42:41.921 29463 29463 W Zygote  : Class not found for preloading: com.android.internal.hidden_from_bootclasspath.android.view.accessibility.FeatureFlags
09-10 09:42:41.922 29463 29463 W Zygote  : Class not found for preloading: com.android.internal.hidden_from_bootclasspath.android.view.accessibility.FeatureFlagsImpl
09-10 09:42:41.923 29463 29463 W Zygote  : Class not found for preloading: com.android.internal.hidden_from_bootclasspath.android.view.contentcapture.flags.FeatureFlags
09-10 09:42:41.924 29463 29463 W Zygote  : Class not found for preloading: com.android.internal.hidden_from_bootclasspath.android.view.contentcapture.flags.FeatureFlagsImpl
09-10 09:42:41.925 29463 29463 W Zygote  : Class not found for preloading: com.android.internal.hidden_from_bootclasspath.android.view.flags.FeatureFlags
09-10 09:42:41.926 29463 29463 W Zygote  : Class not found for preloading: com.android.internal.hidden_from_bootclasspath.android.view.flags.FeatureFlagsImpl
09-10 09:42:41.926 29463 29463 W Zygote  : Class not found for preloading: com.android.internal.hidden_from_bootclasspath.android.view.inputmethod.FeatureFlags
09-10 09:42:41.927 29463 29463 W Zygote  : Class not found for preloading: com.android.internal.hidden_from_bootclasspath.android.view.inputmethod.FeatureFlagsImpl
09-10 09:42:41.928 29463 29463 W Zygote  : Class not found for preloading: com.android.internal.hidden_from_bootclasspath.android.webkit.FeatureFlags
09-10 09:42:41.928 29463 29463 W Zygote  : Class not found for preloading: com.android.internal.hidden_from_bootclasspath.android.webkit.FeatureFlagsImpl
09-10 09:42:41.929 29463 29463 W Zygote  : Class not found for preloading: com.android.internal.hidden_from_bootclasspath.android.widget.flags.FeatureFlags
09-10 09:42:41.929 29463 29463 W Zygote  : Class not found for preloading: com.android.internal.hidden_from_bootclasspath.android.widget.flags.FeatureFlagsImpl
09-10 09:42:41.931 29463 29463 W Zygote  : Class not found for preloading: com.android.internal.hidden_from_bootclasspath.com.android.graphics.flags.FeatureFlags
09-10 09:42:41.931 29463 29463 W Zygote  : Class not found for preloading: com.android.internal.hidden_from_bootclasspath.com.android.graphics.flags.FeatureFlagsImpl
09-10 09:42:41.932 29463 29463 W Zygote  : Class not found for preloading: com.android.internal.hidden_from_bootclasspath.com.android.graphics.hwui.flags.FeatureFlags
09-10 09:42:41.933 29463 29463 W Zygote  : Class not found for preloading: com.android.internal.hidden_from_bootclasspath.com.android.graphics.hwui.flags.FeatureFlagsImpl
09-10 09:42:41.934 29463 29463 W Zygote  : Class not found for preloading: com.android.internal.hidden_from_bootclasspath.com.android.graphics.surfaceflinger.flags.FeatureFlags
09-10 09:42:41.934 29463 29463 W Zygote  : Class not found for preloading: com.android.internal.hidden_from_bootclasspath.com.android.graphics.surfaceflinger.flags.FeatureFlagsImpl
09-10 09:42:41.935 29463 29463 W Zygote  : Class not found for preloading: com.android.internal.hidden_from_bootclasspath.com.android.hardware.input.FeatureFlags
09-10 09:42:41.936 29463 29463 W Zygote  : Class not found for preloading: com.android.internal.hidden_from_bootclasspath.com.android.hardware.input.FeatureFlagsImpl
09-10 09:42:41.936 29463 29463 W Zygote  : Class not found for preloading: com.android.internal.hidden_from_bootclasspath.com.android.internal.app.procstats.FeatureFlags
09-10 09:42:41.937 29463 29463 W Zygote  : Class not found for preloading: com.android.internal.hidden_from_bootclasspath.com.android.internal.app.procstats.FeatureFlagsImpl
09-10 09:42:41.938 29463 29463 W Zygote  : Class not found for preloading: com.android.internal.hidden_from_bootclasspath.com.android.internal.camera.flags.FeatureFlags
09-10 09:42:41.939 29463 29463 W Zygote  : Class not found for preloading: com.android.internal.hidden_from_bootclasspath.com.android.internal.camera.flags.FeatureFlagsImpl
09-10 09:42:41.940 29463 29463 W Zygote  : Class not found for preloading: com.android.internal.hidden_from_bootclasspath.com.android.internal.compat.flags.FeatureFlags
09-10 09:42:41.941 29463 29463 W Zygote  : Class not found for preloading: com.android.internal.hidden_from_bootclasspath.com.android.internal.compat.flags.FeatureFlagsImpl
09-10 09:42:41.942 29463 29463 W Zygote  : Class not found for preloading: com.android.internal.hidden_from_bootclasspath.com.android.internal.os.FeatureFlags
09-10 09:42:41.942 29463 29463 W Zygote  : Class not found for preloading: com.android.internal.hidden_from_bootclasspath.com.android.internal.os.FeatureFlagsImpl
09-10 09:42:41.943 29463 29463 W Zygote  : Class not found for preloading: com.android.internal.hidden_from_bootclasspath.com.android.internal.pm.pkg.component.flags.FeatureFlags
09-10 09:42:41.944 29463 29463 W Zygote  : Class not found for preloading: com.android.internal.hidden_from_bootclasspath.com.android.internal.pm.pkg.component.flags.FeatureFlagsImpl
09-10 09:42:41.945 29463 29463 W Zygote  : Class not found for preloading: com.android.internal.hidden_from_bootclasspath.com.android.libcore.readonly.FeatureFlags
09-10 09:42:41.946 29463 29463 W Zygote  : Class not found for preloading: com.android.internal.hidden_from_bootclasspath.com.android.libcore.readonly.FeatureFlagsImpl
09-10 09:42:41.946 29463 29463 W Zygote  : Class not found for preloading: com.android.internal.hidden_from_bootclasspath.com.android.media.flags.FeatureFlags
09-10 09:42:41.946 29463 29463 W Zygote  : Class not found for preloading: com.android.internal.hidden_from_bootclasspath.com.android.media.flags.FeatureFlagsImpl
09-10 09:42:41.947 29463 29463 W Zygote  : Class not found for preloading: com.android.internal.hidden_from_bootclasspath.com.android.media.projection.flags.FeatureFlags
09-10 09:42:41.947 29463 29463 W Zygote  : Class not found for preloading: com.android.internal.hidden_from_bootclasspath.com.android.media.projection.flags.FeatureFlagsImpl
09-10 09:42:41.949 29463 29463 W Zygote  : Class not found for preloading: com.android.internal.hidden_from_bootclasspath.com.android.server.display.feature.flags.FeatureFlags
09-10 09:42:41.949 29463 29463 W Zygote  : Class not found for preloading: com.android.internal.hidden_from_bootclasspath.com.android.server.display.feature.flags.FeatureFlagsImpl
09-10 09:42:41.950 29463 29463 W Zygote  : Class not found for preloading: com.android.internal.hidden_from_bootclasspath.com.android.server.power.feature.flags.FeatureFlags
09-10 09:42:41.951 29463 29463 W Zygote  : Class not found for preloading: com.android.internal.hidden_from_bootclasspath.com.android.server.power.feature.flags.FeatureFlagsImpl
09-10 09:42:41.952 29463 29463 W Zygote  : Class not found for preloading: com.android.internal.hidden_from_bootclasspath.com.android.server.power.optimization.FeatureFlags
09-10 09:42:41.952 29463 29463 W Zygote  : Class not found for preloading: com.android.internal.hidden_from_bootclasspath.com.android.server.power.optimization.FeatureFlagsImpl
09-10 09:42:41.953 29463 29463 W Zygote  : Class not found for preloading: com.android.internal.hidden_from_bootclasspath.com.android.settingslib.flags.FeatureFlags
09-10 09:42:41.954 29463 29463 W Zygote  : Class not found for preloading: com.android.internal.hidden_from_bootclasspath.com.android.settingslib.flags.FeatureFlagsImpl
09-10 09:42:41.955 29463 29463 W Zygote  : Class not found for preloading: com.android.internal.hidden_from_bootclasspath.com.android.text.flags.FeatureFlags
09-10 09:42:41.955 29463 29463 W Zygote  : Class not found for preloading: com.android.internal.hidden_from_bootclasspath.com.android.text.flags.FeatureFlagsImpl
09-10 09:42:41.957 29463 29463 W Zygote  : Class not found for preloading: com.android.internal.hidden_from_bootclasspath.com.android.window.flags.FeatureFlags
09-10 09:42:41.958 29463 29463 W Zygote  : Class not found for preloading: com.android.internal.hidden_from_bootclasspath.com.android.window.flags.FeatureFlagsImpl
09-10 09:42:41.969 29463 29463 W Zygote  : Class not found for preloading: com.android.internal.inputmethod.InputMethodSubtypeHandle$1
09-10 09:42:42.003 29463 29463 W Zygote  : Class not found for preloading: com.android.internal.protolog.ProcessedPerfettoProtoLogImpl$1
09-10 09:42:42.005 29463 29463 W Zygote  : Class not found for preloading: com.android.internal.protolog.ProtoLogDataSource$$ExternalSyntheticLambda3
09-10 09:42:42.006 29463 29463 W Zygote  : Class not found for preloading: com.android.internal.protolog.ProtoLogDataSource$Instance$TracingFlushCallback
09-10 09:42:42.007 29463 29463 W Zygote  : Class not found for preloading: com.android.internal.protolog.ProtoLogDataSource$Instance$TracingInstanceStartCallback
09-10 09:42:42.007 29463 29463 W Zygote  : Class not found for preloading: com.android.internal.protolog.ProtoLogDataSource$Instance$TracingInstanceStopCallback
09-10 09:42:42.049 29463 29463 W OverlayConfig: partition_order.xml does not exist.
09-10 09:42:42.155  1168  2070 D AidlBufferPoolAcc: evictor expired: 1, evicted: 0
09-10 09:42:42.192 29468 29503 D Diag_Lib: diag: Diag_LSM_Init: invoked for pid: 29468 with init_count: 0
09-10 09:42:42.193 29468 29503 D Diag_Lib: diag:failed to connect to diag socket
09-10 09:42:42.193 29468 29503 D Diag_Lib:  Diag_LSM_Init: Failed to open handle to diag driver, error = 111
09-10 09:42:42.193 29468 29503 I ATS     : vendor/qcom/sw5100-lw4/proprietary-audio/args/acdb/ats/transports/diag/linux/actp/src/actp.c:actp_diag_init:105 Error[1]: Failed to initialize DIAG
09-10 09:42:42.193 29468 29503 E ATS     : vendor/qcom/sw5100-lw4/proprietary-audio/args/acdb/ats/src/ats.c:ats_init:143 Error[1]: Failed to initialize Diag
09-10 09:42:42.193 29468 29503 E ATS     : vendor/qcom/sw5100-lw4/proprietary-audio/args/acdb/ats/src/ats.c:ats_init:263 Error[1]: Failed to initialize ATS
09-10 09:42:42.193 29468 29503 E AGM: API: ats_init_thread: 64 ats_init failed retry 9 err 1
09-10 09:42:42.298  1638  1642 I pixel-thermal: audio-therm:42.354 raw data: audio-therm:42354 
09-10 09:42:42.300  1638  1642 I pixel-thermal: sdm-skin-therm:43.296 raw data: sdm-skin-therm:43296 
09-10 09:42:42.382 29464 29464 W libbinder.ServiceManagerCppClient: Waited one second for activity (is service started? Number of threads started in the threadpool: 16. Are binder threads started and available?)
09-10 09:42:42.384   329 29592 W libc    : Unable to set property "ctl.interface_start" to "aidl/activity": PROP_ERROR_HANDLE_CONTROL_MESSAGE (0x20)
09-10 09:42:42.451 29591 29591 W idmap2  : failed to create idmap
09-10 09:42:42.565 29463 29463 W Zygote  : Class not found for preloading: com.android.internal.telephony.GsmCdmaPhone$$ExternalSyntheticLambda6
09-10 09:42:42.633 29463 29463 W Zygote  : Class not found for preloading: com.android.internal.telephony.data.DataServiceManager$$ExternalSyntheticLambda0
09-10 09:42:42.635 29463 29463 W Zygote  : Class not found for preloading: com.android.internal.telephony.data.DataSettingsManager$5
09-10 09:42:42.639 29463 29463 W Zygote  : Class not found for preloading: com.android.internal.telephony.data.PhoneSwitcher$7
09-10 09:42:42.641 29463 29463 W Zygote  : Class not found for preloading: com.android.internal.telephony.data.TelephonyNetworkRequest$$ExternalSyntheticLambda10
09-10 09:42:42.668 29463 29463 W Zygote  : Class not found for preloading: com.android.internal.telephony.imsphone.ImsPhone$$ExternalSyntheticLambda5
09-10 09:42:42.669 29463 29463 W Zygote  : Class not found for preloading: com.android.internal.telephony.imsphone.ImsPhone$$ExternalSyntheticLambda8
09-10 09:42:42.686  1419  1419 E BatteryDefender: Failed to read /sys/devices/platform/google,charger/bd_state
09-10 09:42:42.694 29468 29503 D Diag_Lib: diag: Diag_LSM_Init: invoked for pid: 29468 with init_count: 0
09-10 09:42:42.694 29468 29503 D Diag_Lib: diag:failed to connect to diag socket
09-10 09:42:42.694 29468 29503 D Diag_Lib:  Diag_LSM_Init: Failed to open handle to diag driver, error = 111
09-10 09:42:42.695 29468 29503 I ATS     : vendor/qcom/sw5100-lw4/proprietary-audio/args/acdb/ats/transports/diag/linux/actp/src/actp.c:actp_diag_init:105 Error[1]: Failed to initialize DIAG
09-10 09:42:42.695 29468 29503 E ATS     : vendor/qcom/sw5100-lw4/proprietary-audio/args/acdb/ats/src/ats.c:ats_init:143 Error[1]: Failed to initialize Diag
09-10 09:42:42.695 29468 29503 E ATS     : vendor/qcom/sw5100-lw4/proprietary-audio/args/acdb/ats/src/ats.c:ats_init:263 Error[1]: Failed to initialize ATS
09-10 09:42:42.695 29468 29503 E AGM: API: ats_init_thread: 64 ats_init failed retry 10 err 1
09-10 09:42:42.698  1419  1419 E BatteryDefender: Failed to read /sys/devices/platform/google,charger/bd_state
09-10 09:42:42.739 29463 29463 W Zygote  : Class not found for preloading: com.android.internal.telephony.satellite.nano.SatelliteConfigData$CarrierRoamingConfigProto
09-10 09:42:42.740 29463 29463 W Zygote  : Class not found for preloading: com.android.internal.telephony.satellite.nano.SatelliteConfigData$CarrierSupportedSatelliteServicesProto
09-10 09:42:42.740 29463 29463 W Zygote  : Class not found for preloading: com.android.internal.telephony.satellite.nano.SatelliteConfigData$SatelliteConfigProto
09-10 09:42:42.740 29463 29463 W Zygote  : Class not found for preloading: com.android.internal.telephony.satellite.nano.SatelliteConfigData$SatelliteProviderCapabilityProto
09-10 09:42:42.740 29463 29463 W Zygote  : Class not found for preloading: com.android.internal.telephony.satellite.nano.SatelliteConfigData$SatelliteRegionProto
09-10 09:42:42.740 29463 29463 W Zygote  : Class not found for preloading: com.android.internal.telephony.satellite.nano.SatelliteConfigData$TelephonyConfigProto
09-10 09:42:42.774 29463 29463 D nativeloader: Load libframework-connectivity-jni.so using APEX ns com_android_tethering for caller /apex/com.android.tethering/javalib/framework-connectivity.jar: ok
09-10 09:42:42.812   397   419 W libbinder.ServiceManagerCppClient: Waited one second for android.frameworks.stats.IStats/default (is service started? Number of threads started in the threadpool: 16. Are binder threads started and available?)
09-10 09:42:42.817   329 29594 W libc    : Unable to set property "ctl.interface_start" to "aidl/android.frameworks.stats.IStats/default": PROP_ERROR_HANDLE_CONTROL_MESSAGE (0x20)
09-10 09:42:42.830 29463 29463 W zygote  : Monitor::Inflate: Install failed 0x71fa4188
09-10 09:42:42.835 29463 29463 W Zygote  : Class not found for preloading: com.google.wear.modes.EnduranceMode
09-10 09:42:42.840 29463 29463 W Zygote  : Class not found for preloading: com.google.wear.services.internal.flags.com.google.wear.services.infra.flags.FeatureFlags
09-10 09:42:42.841 29463 29463 W Zygote  : Class not found for preloading: com.google.wear.services.internal.flags.com.google.wear.services.infra.flags.FeatureFlagsImpl
09-10 09:42:42.858 29463 29463 I Zygote  : ...preloaded 17995 classes in 3432ms.
09-10 09:42:42.873 29463 29463 D nativeloader: InitApexLibraries:
09-10 09:42:42.873 29463 29463 D nativeloader:   com_android_art: libnativehelper.so
09-10 09:42:42.873 29463 29463 D nativeloader:   com_android_i18n: libicui18n.so:libicuuc.so:libicu.so
09-10 09:42:42.873 29463 29463 D nativeloader:   com_android_neuralnetworks: libneuralnetworks.so
09-10 09:42:42.873 29463 29463 D nativeloader: InitDefaultPublicLibraries for_preload=0: libandroid.so:libaaudio.so:libamidi.so:libbinder_ndk.so:libc.so:libcamera2ndk.so:libdl.so:libEGL.so:libGLESv1_CM.so:libGLESv2.so:libGLESv3.so:libjnigraphics.so:liblog.so:libmediandk.so:libm.so:libnativewindow.so:libOpenMAXAL.so:libOpenSLES.so:libRS.so:libstdc++.so:libsync.so:libvulkan.so:libz.so
09-10 09:42:42.873 29463 29463 D nativeloader: Configuring clns-shared-1 for other apk /system/framework/android.hidl.base-V1.0-java.jar. target_sdk_version=37, uses_libraries=, library_path=, permitted_path=/data:/mnt/expand
09-10 09:42:42.876 29463 29463 D nativeloader: InitExtendedPublicLibraries: 
09-10 09:42:42.881 29463 29463 D nativeloader: InitApexLibraries:
09-10 09:42:42.881 29463 29463 D nativeloader:   
09-10 09:42:42.884 29463 29463 D nativeloader: InitVendorPublicLibraries: libadsprpc.so:libcdsprpc.so:libsdsprpc.so:libOpenCL.so
09-10 09:42:42.884 29463 29463 D nativeloader: InitProductPublicLibraries: 
09-10 09:42:42.885 29463 29463 D ApplicationLoaders: Created zygote-cached class loader: /system/framework/android.hidl.base-V1.0-java.jar
09-10 09:42:42.893 29463 29463 D nativeloader: Configuring clns-shared-2 for other apk /system/framework/android.hidl.manager-V1.0-java.jar. target_sdk_version=37, uses_libraries=, library_path=, permitted_path=/data:/mnt/expand
09-10 09:42:42.894 29463 29463 D ApplicationLoaders: Created zygote-cached class loader: /system/framework/android.hidl.manager-V1.0-java.jar
09-10 09:42:42.905 29463 29463 D nativeloader: Configuring clns-shared-3 for other apk /system/framework/android.test.base.jar. target_sdk_version=37, uses_libraries=, library_path=, permitted_path=/data:/mnt/expand
09-10 09:42:42.907 29463 29463 D ApplicationLoaders: Created zygote-cached class loader: /system/framework/android.test.base.jar
09-10 09:42:42.915 29463 29463 D nativeloader: Configuring clns-shared-4 for other apk /system/framework/org.apache.http.legacy.jar. target_sdk_version=37, uses_libraries=, library_path=, permitted_path=/data:/mnt/expand
09-10 09:42:42.917 29463 29463 D ApplicationLoaders: Created zygote-cached class loader: /system/framework/org.apache.http.legacy.jar
09-10 09:42:42.925 29463 29463 D nativeloader: Configuring clns-shared-5 for other apk /system/framework/com.android.location.provider.jar. target_sdk_version=37, uses_libraries=, library_path=, permitted_path=/data:/mnt/expand
09-10 09:42:42.927 29463 29463 D ApplicationLoaders: Created zygote-cached class loader: /system/framework/com.android.location.provider.jar
09-10 09:42:42.927 29463 29463 I Resources: Preloading resources...
09-10 09:42:42.927 29463 29463 I Resources: ...preloaded 0 resources in 0ms.
09-10 09:42:42.927 29463 29463 I Resources: ...preloaded 0 resources in 0ms.
09-10 09:42:43.114 29469 29512 D BootAnimation: Playing files = /product/media/bootanimation-eos-384.zip/part2, Requested repeat = 0, playUntilComplete = false
09-10 09:42:43.155  1168  2070 D AidlBufferPoolAcc: evictor expired: 2, evicted: 0
09-10 09:42:43.196 29468 29503 D Diag_Lib: diag: Diag_LSM_Init: invoked for pid: 29468 with init_count: 0
09-10 09:42:43.196 29468 29503 D Diag_Lib: diag:failed to connect to diag socket
09-10 09:42:43.196 29468 29503 D Diag_Lib:  Diag_LSM_Init: Failed to open handle to diag driver, error = 111
09-10 09:42:43.196 29468 29503 I ATS     : vendor/qcom/sw5100-lw4/proprietary-audio/args/acdb/ats/transports/diag/linux/actp/src/actp.c:actp_diag_init:105 Error[1]: Failed to initialize DIAG
09-10 09:42:43.197 29468 29503 E ATS     : vendor/qcom/sw5100-lw4/proprietary-audio/args/acdb/ats/src/ats.c:ats_init:143 Error[1]: Failed to initialize Diag
09-10 09:42:43.197 29468 29503 E ATS     : vendor/qcom/sw5100-lw4/proprietary-audio/args/acdb/ats/src/ats.c:ats_init:263 Error[1]: Failed to initialize ATS
09-10 09:42:43.197 29468 29503 E AGM: API: ats_init_thread: 64 ats_init failed retry 11 err 1
09-10 09:42:43.347 29463 29463 I Zygote  : Preloading shared libraries...
09-10 09:42:43.349 29463 29463 D nativeloader: Load libandroid.so using system ns (caller=/system/framework/framework.jar!classes5.dex): ok
09-10 09:42:43.351 29463 29463 D nativeloader: Load libjnigraphics.so using system ns (caller=/system/framework/framework.jar!classes5.dex): ok
09-10 09:42:43.352 29463 29463 D nativeloader: Load libperfetto_framework_jni.so using system ns (caller=/system/framework/framework.jar!classes5.dex): ok
09-10 09:42:43.361 29463 29463 D nativeloader: Load libcompiler_rt.so using system ns (caller=/system/framework/framework.jar!classes5.dex): ok
09-10 09:42:43.383 29464 29464 W libbinder.ServiceManagerCppClient: Waited one second for activity (is service started? Number of threads started in the threadpool: 16. Are binder threads started and available?)
09-10 09:42:43.385   329 29595 W libc    : Unable to set property "ctl.interface_start" to "aidl/activity": PROP_ERROR_HANDLE_CONTROL_MESSAGE (0x20)
09-10 09:42:43.449 29463 29463 I Zygote  : Preloading compat config...
09-10 09:42:43.450 29463 29463 I CompatibilityRules: Loading configs from /system/etc/compatconfig
09-10 09:42:43.453 29463 29463 I CompatibilityRules: Reading config file: /system/etc/compatconfig/services-platform-compat-config.xml
09-10 09:42:43.460 29463 29463 I CompatibilityRules: Reading config file: /system/etc/compatconfig/TeleService-platform-compat-config.xml
09-10 09:42:43.463 29463 29463 I CompatibilityRules: Reading config file: /system/etc/compatconfig/calendar-provider-compat-config.xml
09-10 09:42:43.465 29463 29463 I CompatibilityRules: Reading config file: /system/etc/compatconfig/framework-ondeviceintelligence-platform-compat-config.xml
09-10 09:42:43.467 29463 29463 I CompatibilityRules: Reading config file: /system/etc/compatconfig/SystemUI-application-compat-config.xml
09-10 09:42:43.469 29463 29463 I CompatibilityRules: Reading config file: /system/etc/compatconfig/framework-location-compat-config.xml
09-10 09:42:43.472 29463 29463 I CompatibilityRules: Reading config file: /system/etc/compatconfig/contacts-provider-platform-compat-config.xml
09-10 09:42:43.474 29463 29463 I CompatibilityRules: Reading config file: /system/etc/compatconfig/documents-ui-compat-config.xml
09-10 09:42:43.476 29463 29463 I CompatibilityRules: Reading config file: /system/etc/compatconfig/icu4j-platform-compat-config.xml
09-10 09:42:43.481 29463 29463 I CompatibilityRules: Reading config file: /system/etc/compatconfig/framework-platform-compat-config.xml
09-10 09:42:43.490 29463 29463 I CompatibilityRules: Loading configs from /system/system_ext/etc/compatconfig
09-10 09:42:43.493 29463 29463 W CompatibilityRules: Directory does not exist: /system/system_ext/etc/compatconfig
09-10 09:42:43.493 29463 29463 I CompatibilityRules: Compatibility rules initialized with 333 rules.
09-10 09:42:43.529 29463 29463 D nativeloader: Load libhttpengine.so using APEX ns com_android_tethering for caller /apex/com.android.tethering/javalib/framework-connectivity.jar: ok
09-10 09:42:43.697 29468 29503 D Diag_Lib: diag: Diag_LSM_Init: invoked for pid: 29468 with init_count: 0
09-10 09:42:43.697 29468 29503 D Diag_Lib: diag:failed to connect to diag socket
09-10 09:42:43.697 29468 29503 D Diag_Lib:  Diag_LSM_Init: Failed to open handle to diag driver, error = 111
09-10 09:42:43.697 29468 29503 I ATS     : vendor/qcom/sw5100-lw4/proprietary-audio/args/acdb/ats/transports/diag/linux/actp/src/actp.c:actp_diag_init:105 Error[1]: Failed to initialize DIAG
09-10 09:42:43.697 29468 29503 E ATS     : vendor/qcom/sw5100-lw4/proprietary-audio/args/acdb/ats/src/ats.c:ats_init:143 Error[1]: Failed to initialize Diag
09-10 09:42:43.697 29468 29503 E ATS     : vendor/qcom/sw5100-lw4/proprietary-audio/args/acdb/ats/src/ats.c:ats_init:263 Error[1]: Failed to initialize ATS
09-10 09:42:43.697 29468 29503 E AGM: API: ats_init_thread: 64 ats_init failed retry 12 err 1
09-10 09:42:43.713 29463 29463 D nativeloader: Load libwebviewchromium_loader.so using system ns (caller=/system/framework/framework.jar!classes4.dex): ok
09-10 09:42:43.719 29463 29463 I Zygote  : Called ZygoteHooks.endPreload()
09-10 09:42:43.720 29463 29463 I Zygote  : Installed AndroidKeyStoreProvider in 1ms.
09-10 09:42:43.739 29463 29463 I Zygote  : Warmed up JCA providers in 20ms.
09-10 09:42:43.739 29463 29463 D Zygote  : end preload
09-10 09:42:43.816   397   419 W libbinder.ServiceManagerCppClient: Waited one second for android.frameworks.stats.IStats/default (is service started? Number of threads started in the threadpool: 16. Are binder threads started and available?)
09-10 09:42:43.820   329 29596 W libc    : Unable to set property "ctl.interface_start" to "aidl/android.frameworks.stats.IStats/default": PROP_ERROR_HANDLE_CONTROL_MESSAGE (0x20)
09-10 09:42:43.914 29463 29463 I zygote  : Explicit concurrent mark compact GC freed 9944KB AllocSpace bytes, 23(496KB) LOS objects, 93% free, 8261KB/128MB, paused 302us,6.463ms total 174.765ms
09-10 09:42:44.051 29463 29463 I zygote  : Explicit concurrent mark compact GC freed 332KB AllocSpace bytes, 0(0B) LOS objects, 93% free, 8025KB/128MB, paused 238us,4.109ms total 125.041ms
09-10 09:42:44.083 29463 29463 W libprocessgroup: A JoinCgroup action in the SystemMemoryProcess profile is used for controller memory in the cgroup v2 hierarchy and will be ignored
09-10 09:42:44.198 29468 29503 D Diag_Lib: diag: Diag_LSM_Init: invoked for pid: 29468 with init_count: 0
09-10 09:42:44.198 29468 29503 D Diag_Lib: diag:failed to connect to diag socket
09-10 09:42:44.198 29468 29503 D Diag_Lib:  Diag_LSM_Init: Failed to open handle to diag driver, error = 111
09-10 09:42:44.198 29468 29503 I ATS     : vendor/qcom/sw5100-lw4/proprietary-audio/args/acdb/ats/transports/diag/linux/actp/src/actp.c:actp_diag_init:105 Error[1]: Failed to initialize DIAG
09-10 09:42:44.198 29468 29503 E ATS     : vendor/qcom/sw5100-lw4/proprietary-audio/args/acdb/ats/src/ats.c:ats_init:143 Error[1]: Failed to initialize Diag
09-10 09:42:44.198 29468 29503 E ATS     : vendor/qcom/sw5100-lw4/proprietary-audio/args/acdb/ats/src/ats.c:ats_init:263 Error[1]: Failed to initialize ATS
09-10 09:42:44.198 29468 29503 E AGM: API: ats_init_thread: 64 ats_init failed retry 13 err 1
09-10 09:42:44.245 29463 29463 I zygote  : Background concurrent mark compact GC freed 128KB AllocSpace bytes, 0(0B) LOS objects, 93% free, 8025KB/128MB, paused 161us,4.109ms total 122.081ms
09-10 09:42:44.310  1638  1642 I pixel-thermal: audio-therm:42.341 raw data: audio-therm:42341 
09-10 09:42:44.312  1638  1642 I pixel-thermal: sdm-skin-therm:43.282 raw data: sdm-skin-therm:43282 
09-10 09:42:44.384 29464 29464 W libbinder.ServiceManagerCppClient: Waited one second for activity (is service started? Number of threads started in the threadpool: 16. Are binder threads started and available?)
09-10 09:42:44.389   329 29597 W libc    : Unable to set property "ctl.interface_start" to "aidl/activity": PROP_ERROR_HANDLE_CONTROL_MESSAGE (0x20)
09-10 09:42:44.414 29463 29463 D Zygote  : Forked child process 29598
09-10 09:42:44.414 29463 29463 I Zygote  : System server process 29598 has been created
09-10 09:42:44.416 29463 29463 I Zygote  : Accepting command socket connections
09-10 09:42:44.420 29598 29598 I libprocessgroup: Created cgroup /sys/fs/cgroup/system/uid_1000/pid_29598
09-10 09:42:44.698 29468 29503 D Diag_Lib: diag: Diag_LSM_Init: invoked for pid: 29468 with init_count: 0
09-10 09:42:44.699 29598 29598 D nativeloader: Configuring clns-shared-6 for other apk /system/framework/services.jar:/system/framework/wear-service.jar:/apex/com.android.adservices/javalib/service-adservices.jar:/apex/com.android.adservices/javalib/service-sdksandbox.jar:/apex/com.android.appsearch/javalib/service-appsearch.jar:/apex/com.android.art/javalib/service-art.jar:/apex/com.android.configinfrastructure/javalib/service-configinfrastructure.jar:/apex/com.android.crashrecovery/javalib/service-crashrecovery.jar:/apex/com.android.healthfitness/javalib/service-healthfitness.jar:/apex/com.android.media/javalib/service-media-s.jar:/apex/com.android.npumanager/javalib/service-npumanager.jar:/apex/com.android.ondevicepersonalization/javalib/service-ondevicepersonalization.jar:/apex/com.android.permission/javalib/service-permission.jar:/apex/com.android.profiling/javalib/service-anomaly-detector.jar:/apex/com.android.rkpd/javalib/service-rkp.jar:/apex/com.android.telephonycore/javalib/service-telecom.jar:/apex/com.android.virt/javalib/service-virtualizati
09-10 09:42:44.699 29468 29503 D Diag_Lib: diag:failed to connect to diag socket
09-10 09:42:44.699 29468 29503 D Diag_Lib:  Diag_LSM_Init: Failed to open handle to diag driver, error = 111
09-10 09:42:44.699 29468 29503 I ATS     : vendor/qcom/sw5100-lw4/proprietary-audio/args/acdb/ats/transports/diag/linux/actp/src/actp.c:actp_diag_init:105 Error[1]: Failed to initialize DIAG
09-10 09:42:44.699 29468 29503 E ATS     : vendor/qcom/sw5100-lw4/proprietary-audio/args/acdb/ats/src/ats.c:ats_init:143 Error[1]: Failed to initialize Diag
09-10 09:42:44.699 29468 29503 E ATS     : vendor/qcom/sw5100-lw4/proprietary-audio/args/acdb/ats/src/ats.c:ats_init:263 Error[1]: Failed to initialize ATS
09-10 09:42:44.699 29468 29503 E AGM: API: ats_init_thread: 64 ats_init failed retry 14 err 1
09-10 09:42:44.703 29598 29598 D nativeloader: InitApexLibraries:
09-10 09:42:44.703 29598 29598 D nativeloader:   com_android_adservices: libhpke_jni.so:libtflite_support_classifiers_native.so
09-10 09:42:44.703 29598 29598 D nativeloader:   com_android_appsearch: libappsearchservice.so:libicing_anywhere.so
09-10 09:42:44.703 29598 29598 D nativeloader:   com_android_art: libartservice.so
09-10 09:42:44.703 29598 29598 D nativeloader:   com_android_bt: libbluetooth_jni.so
09-10 09:42:44.703 29598 29598 D nativeloader:   com_android_conscrypt: libjavacrypto.so
09-10 09:42:44.703 29598 29598 D nativeloader:   com_android_extservices: libtflite_support_classifiers_native.so
09-10 09:42:44.703 29598 29598 D nativeloader:   com_android_mediaprovider: libpdfclient.so
09-10 09:42:44.703 29598 29598 D nativeloader:   com_android_nfcservices: libnfc_nci_jni.so
09-10 09:42:44.703 29598 29598 D nativeloader:   com_android_npumanager: libnpumanager_service_jni.so
09-10 09:42:44.703 29598 29598 D nativeloader:   com_android_ondevicepersonalization: libfcp_cpp_dep_jni.so:libfcp_hpke_jni.so
09-10 09:42:44.703 29598 29598 D nativeloader:   com_android_os_statsd: libstats_jni.so
09-10 09:42:44.703 29598 29598 D nativeloader:   com_android_tethering: libandroid_net_connectivity_com_android_net_module_util_jni.so:libandroid_net_connectivity_com_android_net_module_util_jni_CommonConnectivityJni.so:libcrypto_httpengine.so:libframework-connectivity-jni.so:libframework-connectivity-tiramisu-jni.so:libhttpengine.so:libservice-connectivity.so:libservice-thread-jni.so
09-10 09:42:44.703 29598 29598 D nativeloader:   com_android_uwb: libuwb_uci_jni_rust.so
09-10 09:42:44.703 29598 29598 D nativeloader:   com_android_virt: Mi
09-10 09:42:44.724 29598 29598 D nativeloader: Configuring clns-shared-7 for other apk /apex/com.android.bt/javalib/service-bluetooth.jar. target_sdk_version=37, uses_libraries=ALL, library_path=, permitted_path=/data:/mnt/expand
09-10 09:42:44.738 29598 29598 D nativeloader: Configuring clns-shared-8 for other apk /apex/com.android.devicelock/javalib/service-devicelock.jar. target_sdk_version=37, uses_libraries=ALL, library_path=, permitted_path=/data:/mnt/expand
09-10 09:42:44.750 29598 29598 D nativeloader: Configuring clns-shared-9 for other apk /apex/com.android.os.statsd/javalib/service-statsd.jar. target_sdk_version=37, uses_libraries=ALL, library_path=, permitted_path=/data:/mnt/expand
09-10 09:42:44.766 29598 29598 D nativeloader: Configuring clns-shared-10 for other apk /apex/com.android.profiling/javalib/service-profiling.jar. target_sdk_version=37, uses_libraries=ALL, library_path=, permitted_path=/data:/mnt/expand
09-10 09:42:44.780 29598 29598 D nativeloader: Configuring clns-shared-11 for other apk /apex/com.android.scheduling/javalib/service-scheduling.jar. target_sdk_version=37, uses_libraries=ALL, library_path=, permitted_path=/data:/mnt/expand
09-10 09:42:44.798 29598 29598 D nativeloader: Configuring clns-shared-12 for other apk /apex/com.android.tethering/javalib/service-connectivity.jar. target_sdk_version=37, uses_libraries=ALL, library_path=, permitted_path=/data:/mnt/expand
09-10 09:42:44.811 29598 29598 D nativeloader: Configuring clns-shared-13 for other apk /apex/com.android.uprobestats/javalib/service-uprobestats-bridge.jar. target_sdk_version=37, uses_libraries=ALL, library_path=, permitted_path=/data:/mnt/expand
09-10 09:42:44.819   397   419 W libbinder.ServiceManagerCppClient: Waited one second for android.frameworks.stats.IStats/default (is service started? Number of threads started in the threadpool: 16. Are binder threads started and available?)
09-10 09:42:44.825   329 29610 W libc    : Unable to set property "ctl.interface_start" to "aidl/android.frameworks.stats.IStats/default": PROP_ERROR_HANDLE_CONTROL_MESSAGE (0x20)
09-10 09:42:44.839 29598 29598 D nativeloader: Configuring clns-shared-14 for other apk /apex/com.android.uwb/javalib/service-uwb.jar. target_sdk_version=37, uses_libraries=ALL, library_path=, permitted_path=/data:/mnt/expand
09-10 09:42:44.867 29598 29598 D nativeloader: Configuring clns-shared-15 for other apk /apex/com.android.uwb/javalib/service-ranging.jar. target_sdk_version=37, uses_libraries=ALL, library_path=, permitted_path=/data:/mnt/expand
09-10 09:42:44.953 29598 29598 D nativeloader: Configuring clns-shared-16 for other apk /apex/com.android.wifi/javalib/service-wifi.jar. target_sdk_version=37, uses_libraries=ALL, library_path=, permitted_path=/data:/mnt/expand
09-10 09:42:45.005 29598 29598 I system_server: Using generational CollectorTypeCMC GC.
09-10 09:42:45.014 29598 29598 W system_server: Failed to upload odrefresh metrics: Unable to open or parse metrics file /data/misc/odrefresh/odrefresh-metrics.xml (error: Error=XML_ERROR_FILE_NOT_FOUND ErrorID=3 (0x3) Line number=0: filename=/data/misc/odrefresh/odrefresh-metrics.xml)
09-10 09:42:45.025 29598 29598 D nativeloader: Load libframework-connectivity-tiramisu-jni.so using APEX ns com_android_tethering for caller /apex/com.android.tethering/javalib/framework-connectivity-t.jar: ok
--------- beginning of system
09-10 09:42:45.155 29598 29624 I SystemConfig: Reading permissions from /system/etc/permissions/com.google.android.networkstack.xml
09-10 09:42:45.157 29598 29624 I SystemConfig: Reading permissions from /system/etc/permissions/protolayout_renderer_feature.xml
09-10 09:42:45.159 29598 29624 I SystemConfig: Reading permissions from /system/etc/permissions/split-permissions-google-clockwork.xml
09-10 09:42:45.162 29598 29624 I SystemConfig: Reading permissions from /system/etc/permissions/android.test.mock.xml
09-10 09:42:45.163 29598 29624 I SystemConfig: Reading permissions from /system/etc/permissions/privapp-permissions_tapandpay.xml
09-10 09:42:45.166 29598 29624 I SystemConfig: Reading permissions from /system/etc/permissions/active_unlock_feature.xml
09-10 09:42:45.168 29598 29624 I SystemConfig: Reading permissions from /system/etc/permissions/com.google.android.wearable.xml
09-10 09:42:45.170 29598 29624 I SystemConfig: Reading permissions from /system/etc/permissions/factory_reset_protection.xml
09-10 09:42:45.172 29598 29624 I SystemConfig: Reading permissions from /system/etc/permissions/org.apache.http.legacy.xml
09-10 09:42:45.174 29598 29624 I SystemConfig: Reading permissions from /system/etc/permissions/android.software.window_magnification.xml
09-10 09:42:45.176 29598 29624 I SystemConfig: Reading permissions from /system/etc/permissions/android.test.base.xml
09-10 09:42:45.178 29598 29624 I SystemConfig: Reading permissions from /system/etc/permissions/watch_features.xml
09-10 09:42:45.180 29598 29624 I SystemConfig: Reading permissions from /system/etc/permissions/clockwork-system.xml
09-10 09:42:45.182 29598 29624 I SystemConfig: Reading permissions from /system/etc/permissions/ExtServices-tplus.xml
09-10 09:42:45.184 29598 29624 I SystemConfig: Reading permissions from /system/etc/permissions/privapp-permissions-watch.xml
09-10 09:42:45.185 29598 29624 I SystemConfig: Reading permissions from /system/etc/permissions/com.qualcomm.qti.FASTRPCPRIVILEGE_vendor.xml
09-10 09:42:45.190 29598 29624 I SystemConfig: Reading permissions from /system/etc/permissions/wear-sdk.xml
09-10 09:42:45.193 29598 29624 I SystemConfig: Reading permissions from /system/etc/permissions/privapp-permissions_deskclock.xml
09-10 09:42:45.195 29598 29624 I SystemConfig: Reading permissions from /system/etc/permissions/android.test.runner.xml
09-10 09:42:45.197 29598 29624 I SystemConfig: Reading permissions from /system/etc/permissions/uimremoteserver.xml
09-10 09:42:45.199 29598 29624 I SystemConfig: Reading permissions from /system/etc/permissions/wear_services_priv_permissions.xml
09-10 09:42:45.199 29468 29503 D Diag_Lib: diag: Diag_LSM_Init: invoked for pid: 29468 with init_count: 0
09-10 09:42:45.199 29468 29503 D Diag_Lib: diag:failed to connect to diag socket
09-10 09:42:45.200 29468 29503 D Diag_Lib:  Diag_LSM_Init: Failed to open handle to diag driver, error = 111
09-10 09:42:45.200 29468 29503 I ATS     : vendor/qcom/sw5100-lw4/proprietary-audio/args/acdb/ats/transports/diag/linux/actp/src/actp.c:actp_diag_init:105 Error[1]: Failed to initialize DIAG
09-10 09:42:45.200 29468 29503 E ATS     : vendor/qcom/sw5100-lw4/proprietary-audio/args/acdb/ats/src/ats.c:ats_init:143 Error[1]: Failed to initialize Diag
09-10 09:42:45.200 29468 29503 E ATS     : vendor/qcom/sw5100-lw4/proprietary-audio/args/acdb/ats/src/ats.c:ats_init:263 Error[1]: Failed to initialize ATS
09-10 09:42:45.200 29468 29503 E AGM: API: ats_init_thread: 64 ats_init failed retry 15 err 1
09-10 09:42:45.202 29598 29624 I SystemConfig: Reading permissions from /system/etc/permissions/dialer_feature.xml
09-10 09:42:45.204 29598 29624 I SystemConfig: Reading permissions from /system/etc/permissions/clockwork-ambient.xml
09-10 09:42:45.206 29598 29624 I SystemConfig: Reading permissions from /system/etc/permissions/feature_DeclarativeWatchFaceRuntimePrebuilt.xml
09-10 09:42:45.208 29598 29624 I SystemConfig: Reading permissions from /system/etc/permissions/privapp-permissions-clockwork-media-sessions.xml
09-10 09:42:45.210 29598 29624 I SystemConfig: Reading permissions from /system/etc/permissions/clockwork-healthservices.xml
09-10 09:42:45.211 29598 29624 I SystemConfig: Reading permissions from /system/etc/permissions/javax.obex.xml
09-10 09:42:45.213 29598 29624 I SystemConfig: Reading permissions from /system/etc/permissions/platform.xml
09-10 09:42:45.216 29598 29624 I AconfigFlags: Using new flag storage
09-10 09:42:45.224 29598 29624 I SystemConfig: Reading permissions from /vendor/etc/sysconfig/cacert-oem-defined-uids.xml
09-10 09:42:45.227 29598 29624 I SystemConfig: Reading permissions from /vendor/etc/permissions/android.software.opengles.deqp.level.xml
09-10 09:42:45.228 29598 29624 I SystemConfig: Reading permissions from /vendor/etc/permissions/android.hardware.vulkan.compute-0.xml
09-10 09:42:45.230 29598 29624 I SystemConfig: Reading permissions from /vendor/etc/permissions/android.hardware.sensor.barometer.xml
09-10 09:42:45.232 29598 29624 I SystemConfig: Reading permissions from /vendor/etc/permissions/com.google.android.hardwareinfo.xml
09-10 09:42:45.234 29598 29624 I SystemConfig: Reading permissions from /vendor/etc/permissions/android.software.device_id_attestation.xml
09-10 09:42:45.236 29598 29624 I SystemConfig: Reading permissions from /vendor/etc/permissions/android.hardware.bluetooth.xml
09-10 09:42:45.237 29598 29624 I SystemConfig: Reading permissions from /vendor/etc/permissions/android.hardware.se.omapi.ese.xml
09-10 09:42:45.239 29598 29624 I SystemConfig: Reading permissions from /vendor/etc/permissions/wearable_core_hardware.xml
09-10 09:42:45.241 29598 29624 I SystemConfig: Reading permissions from /vendor/etc/permissions/android.software.sip.voip.xml
09-10 09:42:45.242 29598 29624 I SystemConfig: Reading permissions from /vendor/etc/permissions/android.hardware.location.gps.xml
09-10 09:42:45.244 29598 29624 I SystemConfig: Reading permissions from /vendor/etc/permissions/android.hardware.nfc.hcef.prebuilt.xml
09-10 09:42:45.246 29598 29624 I SystemConfig: Reading permissions from /vendor/etc/permissions/com.android.se.xml
09-10 09:42:45.248 29598 29624 I SystemConfig: Reading permissions from /vendor/etc/permissions/android.hardware.sensor.heartrate.xml
09-10 09:42:45.250 29598 29624 I SystemConfig: Reading permissions from /vendor/etc/permissions/android.software.device_admin.prebuilt.xml
09-10 09:42:45.251 29598 29624 I SystemConfig: Reading permissions from /vendor/etc/permissions/android.software.vulkan.deqp.level.xml
09-10 09:42:45.253 29598 29624 I SystemConfig: Reading permissions from /vendor/etc/permissions/android.hardware.nfc.hce.prebuilt.xml
09-10 09:42:45.255 29598 29624 I SystemConfig: Reading permissions from /vendor/etc/permissions/kids_wear_experience_feature.xml
09-10 09:42:45.256 29598 29624 I SystemConfig: Reading permissions from /vendor/etc/permissions/android.hardware.sensor.stepcounter.xml
09-10 09:42:45.258 29598 29624 I SystemConfig: Reading permissions from /vendor/etc/permissions/android.hardware.nfc.ese.prebuilt.xml
09-10 09:42:45.260 29598 29624 I SystemConfig: Reading permissions from /vendor/etc/permissions/android.hardware.se.omapi.uicc.prebuilt.xml
09-10 09:42:45.262 29598 29624 I SystemConfig: Reading permissions from /vendor/etc/permissions/android.hardware.vulkan.version-1_1.xml
09-10 09:42:45.263 29598 29624 I SystemConfig: Reading permissions from /vendor/etc/permissions/android.hardware.bluetooth_le.xml
09-10 09:42:45.265 29598 29624 I SystemConfig: Reading permissions from /vendor/etc/permissions/android.hardware.hardware_keystore.xml
09-10 09:42:45.267 29598 29624 I SystemConfig: Reading permissions from /vendor/etc/permissions/android.hardware.wifi.passpoint.xml
09-10 09:42:45.269 29598 29624 I SystemConfig: Reading permissions from /vendor/etc/permissions/android.hardware.touchscreen.multitouch.distinct.xml
09-10 09:42:45.270 29598 29624 I SystemConfig: Reading permissions from /vendor/etc/permissions/android.hardware.usb.accessory.xml
09-10 09:42:45.272 29598 29624 I SystemConfig: Reading permissions from /vendor/etc/permissions/android.software.backup.prebuilt.xml
09-10 09:42:45.274 29598 29624 I SystemConfig: Reading permissions from /vendor/etc/permissions/android.hardware.wifi.xml
09-10 09:42:45.275 29598 29624 I SystemConfig: Reading permissions from /vendor/etc/permissions/android.software.ipsec_tunnels.xml
09-10 09:42:45.277 29598 29624 I SystemConfig: Reading permissions from /vendor/etc/permissions/android.hardware.telephony.gsm.prebuilt.xml
09-10 09:42:45.279 29598 29624 I SystemConfig: Reading permissions from /vendor/etc/permissions/android.hardware.location.prebuilt.xml
09-10 09:42:45.280 29598 29624 I SystemConfig: Reading permissions from /vendor/etc/permissions/android.hardware.audio.output.prebuilt.xml
09-10 09:42:45.282 29598 29624 I SystemConfig: Reading permissions from /vendor/etc/permissions/com.google.clockwork.hardware.sensor.llob.xml
09-10 09:42:45.284 29598 29624 I SystemConfig: Reading permissions from /vendor/etc/permissions/android.hardware.screen.portrait.xml
09-10 09:42:45.286 29598 29624 I SystemConfig: Reading permissions from /vendor/etc/permissions/android.hardware.keystore.app_attest_key.xml
09-10 09:42:45.287 29598 29624 I SystemConfig: Reading permissions from /vendor/etc/permissions/android.hardware.sensor.light.xml
09-10 09:42:45.289 29598 29624 I SystemConfig: Reading permissions from /vendor/etc/permissions/android.hardware.audio.output.xml
09-10 09:42:45.291 29598 29624 I SystemConfig: Reading permissions from /vendor/etc/permissions/android.hardware.vulkan.level-0.xml
09-10 09:42:45.293 29598 29624 I SystemConfig: Reading permissions from /vendor/etc/permissions/android.hardware.context_hub.xml
09-10 09:42:45.294 29598 29624 I SystemConfig: Reading permissions from /vendor/etc/permissions/android.software.verified_boot.xml
09-10 09:42:45.296 29598 29624 I SystemConfig: Reading permissions from /vendor/etc/permissions/android.hardware.sensor.heartrate.ecg.xml
09-10 09:42:45.298 29598 29624 I SystemConfig: Reading permissions from /vendor/etc/permissions/android.hardware.telephony.euicc.prebuilt.xml
09-10 09:42:45.299 29598 29624 I SystemConfig: Reading permissions from /vendor/etc/permissions/android.hardware.vulkan.version-1_3.xml
09-10 09:42:45.301 29598 29624 I SystemConfig: Reading permissions from /vendor/etc/permissions/android.hardware.strongbox_keystore.nxp.xml
09-10 09:42:45.306 29598 29624 I SystemConfig: Reading permissions from /vendor/etc/permissions/android.hardware.sensor.compass.xml
09-10 09:42:45.308 29598 29624 I SystemConfig: Reading permissions from /vendor/etc/permissions/android.hardware.sensor.stepdetector.xml
09-10 09:42:45.311 29598 29624 I SystemConfig: Reading permissions from /vendor/etc/permissions/android.hardware.telephony.ims.prebuilt.xml
09-10 09:42:45.313 29598 29624 I SystemConfig: Reading permissions from /vendor/etc/permissions/android.hardware.se.omapi.ese.prebuilt.xml
09-10 09:42:45.318 29598 29624 I SystemConfig: Reading permissions from /odm/etc/permissions/sku_sdw5100/unavailable-feature.xml
09-10 09:42:45.321 29598 29624 I SystemConfig: Reading permissions from /product/etc/sysconfig/eos_feature.xml
09-10 09:42:45.323 29598 29624 I SystemConfig: Reading permissions from /product/etc/sysconfig/preinstalled-packages-clockwork-google-product.xml
09-10 09:42:45.324 29598 29624 I SystemConfig: Reading permissions from /product/etc/sysconfig/component-overrides-clockwork.xml
09-10 09:42:45.327 29598 29624 I SystemConfig: Reading permissions from /product/etc/sysconfig/preinstalled-packages-com.google.android.apps.carrier.log.xml
09-10 09:42:45.328 29598 29624 I SystemConfig: Reading permissions from /product/etc/sysconfig/pixel_watch_experience_2023.xml
09-10 09:42:45.330 29598 29624 I SystemConfig: Reading permissions from /product/etc/sysconfig/pdms-apex-allowlist-sysconfig.xml
09-10 09:42:45.332 29598 29624 I SystemConfig: Reading permissions from /product/etc/sysconfig/pdms-sysconfig.xml
09-10 09:42:45.334 29598 29624 I SystemConfig: Adding association: com.google.android.wearable.pixel.pdms <- com.android.phone
09-10 09:42:45.334 29598 29624 I SystemConfig: Adding association: com.google.android.wearable.pixel.pdms <- com.fitbit.FitbitMobile
09-10 09:42:45.334 29598 29624 I SystemConfig: Adding association: com.google.android.wearable.pixel.pdms <- com.google.android.apps.safetyhub
09-10 09:42:45.334 29598 29624 I SystemConfig: Adding association: com.google.android.wearable.pixel.pdms <- com.google.android.apps.wearable.systemui
09-10 09:42:45.334 29598 29624 I SystemConfig: Adding association: com.google.android.wearable.pixel.pdms <- com.google.android.crossdeviceaccessservice
09-10 09:42:45.334 29598 29624 I SystemConfig: Adding association: com.google.android.wearable.pixel.pdms <- com.google.android.gms
09-10 09:42:45.334 29598 29624 I SystemConfig: Adding association: com.google.android.wearable.pixel.pdms <- com.google.android.pixelsystemservice
09-10 09:42:45.334 29598 29624 I SystemConfig: Adding association: com.google.android.wearable.pixel.pdms <- com.google.android.wearable.diagnosticstool
09-10 09:42:45.335 29598 29624 I SystemConfig: Adding association: com.google.android.wearable.pixel.pdms <- com.google.android.wearable.sysui
09-10 09:42:45.335 29598 29624 I SystemConfig: Adding association: com.google.android.wearable.pixel.pdms <- com.google.hardware.techeng.sensors.datacollection.weardcfreeliving
09-10 09:42:45.335 29598 29624 I SystemConfig: Reading permissions from /product/etc/sysconfig/preinstalled-packages-pixel-watch-pixelnfc.xml
09-10 09:42:45.337 29598 29624 I SystemConfig: Reading permissions from /product/etc/sysconfig/eos.xml
09-10 09:42:45.339 29598 29624 I SystemConfig: Reading permissions from /product/etc/sysconfig/component-overrides-mainline.xml
09-10 09:42:45.341 29598 29624 I SystemConfig: Reading permissions from /product/etc/sysconfig/sysui_google_feature.xml
09-10 09:42:45.342 29598 29624 I SystemConfig: Reading permissions from /product/etc/sysconfig/watchfaces.xml
09-10 09:42:45.344 29598 29624 I SystemConfig: Reading permissions from /product/etc/sysconfig/allowed_apex_com.google.android.gmssystem.xml
09-10 09:42:45.346 29598 29624 I SystemConfig: Reading permissions from /product/etc/sysconfig/adaptivecharging.xml
09-10 09:42:45.348 29598 29624 I SystemConfig: Reading permissions from /product/etc/sysconfig/felica_feature.xml
09-10 09:42:45.350 29598 29624 I SystemConfig: Reading permissions from /product/etc/sysconfig/ramdump_service_feature.xml
09-10 09:42:45.351 29598 29624 I SystemConfig: Reading permissions from /product/etc/sysconfig/pixel_watch_experience_2022.xml
09-10 09:42:45.353 29598 29624 I SystemConfig: Reading permissions from /product/etc/sysconfig/allowlist_com.android.omadm.service.xml
09-10 09:42:45.355 29598 29624 I SystemConfig: Reading permissions from /product/etc/sysconfig/wear-initial-package-stopped-states.xml
09-10 09:42:45.357 29598 29624 I SystemConfig: Reading permissions from /product/etc/sysconfig/preinstalled-packages-base-product.xml
09-10 09:42:45.359 29598 29624 I SystemConfig: Reading permissions from /product/etc/sysconfig/preinstalled-packages-pixel-watch-telephony.xml
09-10 09:42:45.362 29598 29624 I SystemConfig: Reading permissions from /product/etc/permissions/google_contacts_feature.xml
09-10 09:42:45.363 29598 29624 I SystemConfig: Reading permissions from /product/etc/permissions/vendor.qti.hardware.data.connectionaidl-V1-java.xml
09-10 09:42:45.365 29598 29624 I SystemConfig: Ignore shared library vendor.qti.hardware.data.connectionaidl-V1-java: /system/product/framework/vendor.qti.hardware.data.connectionaidl-V1-java.jar does not exist
09-10 09:42:45.366 29598 29624 I SystemConfig: Reading permissions from /product/etc/permissions/com.android.sdm.plugins.dcmo.xml
09-10 09:42:45.368 29598 29624 I SystemConfig: Reading permissions from /product/etc/permissions/privapp-permissions-google-spoon.xml
09-10 09:42:45.368 29469 29512 D BootAnimation: Playing files = /product/media/bootanimation-eos-384.zip/part2, Requested repeat = 0, playUntilComplete = false
09-10 09:42:45.373 29598 29624 I SystemConfig: Reading permissions from /product/etc/permissions/qti_telephony_hidl_wrapper_prd.xml
09-10 09:42:45.374 29598 29624 I SystemConfig: Reading permissions from /product/etc/permissions/privapp-permissions_com.google.android.apps.messaging_wear.xml
09-10 09:42:45.376 29598 29624 I SystemConfig: Reading permissions from /product/etc/permissions/privapp-permissions-pdms.xml
09-10 09:42:45.379 29598 29624 I SystemConfig: Reading permissions from /product/etc/permissions/vendor.qti.hardware.data.connection-V1.1-java.xml
09-10 09:42:45.381 29598 29624 I SystemConfig: Ignore shared library vendor.qti.hardware.data.connection-V1.1-java: /system/product/framework/vendor.qti.hardware.data.connection-V1.1-java.jar does not exist
09-10 09:42:45.382 29598 29624 I SystemConfig: Reading permissions from /product/etc/permissions/telephony_product_privapp-permissions-qti.xml
09-10 09:42:45.384 29598 29624 I SystemConfig: Reading permissions from /product/etc/permissions/privapp-permissions_com.google.android.apps.scone_wear.xml
09-10 09:42:45.386 29598 29624 I SystemConfig: Reading permissions from /product/etc/permissions/qti_telephony_utils_prd.xml
09-10 09:42:45.387 29464 29464 W libbinder.ServiceManagerCppClient: Waited one second for activity (is service started? Number of threads started in the threadpool: 16. Are binder threads started and available?)
09-10 09:42:45.388 29598 29624 I SystemConfig: Reading permissions from /product/etc/permissions/lpa.xml
09-10 09:42:45.390   329 29625 W libc    : Unable to set property "ctl.interface_start" to "aidl/activity": PROP_ERROR_HANDLE_CONTROL_MESSAGE (0x20)
09-10 09:42:45.390 29598 29624 I SystemConfig: Reading permissions from /product/etc/permissions/2023fitbit_wear_retail_app_feature.xml
09-10 09:42:45.391 29598 29624 I SystemConfig: Reading permissions from /product/etc/permissions/com.android.sdm.plugins.connmo.xml
09-10 09:42:45.393 29598 29624 I SystemConfig: Reading permissions from /product/etc/permissions/extphonelib_product.xml
09-10 09:42:45.396 29598 29624 I SystemConfig: Reading permissions from /product/etc/permissions/com.android.omadm.service.xml
09-10 09:42:45.398 29598 29624 I SystemConfig: Reading permissions from /product/etc/permissions/privapp-permissions-aspen.xml
09-10 09:42:45.405 29598 29624 I SystemConfig: Reading permissions from /product/etc/permissions/vendor.qti.hardware.data.connection-V1.0-java.xml
09-10 09:42:45.407 29598 29624 I SystemConfig: Ignore shared library vendor.qti.hardware.data.connection-V1.0-java: /system/product/framework/vendor.qti.hardware.data.connection-V1.0-java.jar does not exist
09-10 09:42:45.408 29598 29624 I SystemConfig: Reading permissions from /product/etc/permissions/com.qti.snapdragon.sdk.display.xml
09-10 09:42:45.410 29598 29624 I SystemConfig: Reading permissions from /product/etc/permissions/privapp-permissions-clockwork_product.xml
09-10 09:42:45.414 29598 29624 I SystemConfig: Reading permissions from /product/etc/permissions/com.google.SSRestartDetector.xml
09-10 09:42:45.417 29598 29624 I SystemConfig: Reading permissions from /product/etc/permissions/fitbit_ecg_feature.xml
09-10 09:42:45.419 29598 29624 I SystemConfig: Reading permissions from /product/etc/permissions/fitbit_app_feature.xml
09-10 09:42:45.421 29598 29624 I SystemConfig: Reading permissions from /product/etc/permissions/privapp-permissions_lw.xml
09-10 09:42:45.424 29598 29624 I SystemConfig: Reading permissions from /product/etc/permissions/com.android.sdm.plugins.diagmon.xml
09-10 09:42:45.426 29598 29624 I SystemConfig: Reading permissions from /product/etc/permissions/ims_ext_common.xml
09-10 09:42:45.428 29598 29624 I SystemConfig: Reading permissions from /product/etc/permissions/com.google.omadm.trigger.xml
09-10 09:42:45.430 29598 29624 I SystemConfig: Reading permissions from /product/etc/permissions/split-permissions-google.xml
09-10 09:42:45.432 29598 29624 I SystemConfig: Reading permissions from /product/etc/permissions/privapp-permissions_WeatherPixelWatch.xml
09-10 09:42:45.434 29598 29624 I SystemConfig: Reading permissions from /product/etc/permissions/privapp-permissions-google-p.xml
09-10 09:42:45.461 29598 29624 I SystemConfig: Reading permissions from /product/etc/permissions/privapp-permissions_fitbit_ecg.xml
09-10 09:42:45.465 29598 29624 I SystemConfig: Reading permissions from /product/etc/permissions/privapp-permissions-photos.xml
09-10 09:42:45.467 29598 29624 I SystemConfig: Reading permissions from /product/etc/permissions/privapp-permissions-google-pearl.xml
09-10 09:42:45.470 29598 29624 I SystemConfig: Reading permissions from /product/etc/permissions/com.google.android.wearable.diagnosticstool.xml
09-10 09:42:45.473 29598 29624 I SystemConfig: Reading permissions from /product/etc/permissions/default-permissions_lw.xml
09-10 09:42:45.476 29598 29624 W SystemConfig: Got exception parsing permissions.
09-10 09:42:45.476 29598 29624 W SystemConfig: org.xmlpull.v1.XmlPullParserException: Unexpected start tag in /product/etc/permissions/default-permissions_lw.xml: found exceptions, expected 'permissions' or 'config'
09-10 09:42:45.476 29598 29624 W SystemConfig: 	at com.android.server.SystemConfig.readPermissionsFromXml(go/retraceme 56cb9c0977ae9f67603f451f002522c463042b44293aaef01295dafee5e0332e:117)
09-10 09:42:45.476 29598 29624 W SystemConfig: 	at com.android.server.SystemConfig.readPermissions(go/retraceme 56cb9c0977ae9f67603f451f002522c463042b44293aaef01295dafee5e0332e:148)
09-10 09:42:45.476 29598 29624 W SystemConfig: 	at com.android.server.SystemConfig.readAllPermissions(go/retraceme 56cb9c0977ae9f67603f451f002522c463042b44293aaef01295dafee5e0332e:281)
09-10 09:42:45.476 29598 29624 W SystemConfig: 	at com.android.server.SystemConfig.<init>(go/retraceme 56cb9c0977ae9f67603f451f002522c463042b44293aaef01295dafee5e0332e:331)
09-10 09:42:45.476 29598 29624 W SystemConfig: 	at com.android.server.SystemConfig.getInstance(go/retraceme 56cb9c0977ae9f67603f451f002522c463042b44293aaef01295dafee5e0332e:25)
09-10 09:42:45.476 29598 29624 W SystemConfig: 	at com.android.server.SystemServer$$ExternalSyntheticLambda4.call(go/retraceme 56cb9c0977ae9f67603f451f002522c463042b44293aaef01295dafee5e0332e:0)
09-10 09:42:45.476 29598 29624 W SystemConfig: 	at com.android.server.SystemServerInitThreadPool$$ExternalSyntheticLambda1.call(go/retraceme 56cb9c0977ae9f67603f451f002522c463042b44293aaef01295dafee5e0332e:34)
09-10 09:42:45.476 29598 29624 W SystemConfig: 	at java.util.concurrent.FutureTask.run(FutureTask.java:328)
09-10 09:42:45.476 29598 29624 W SystemConfig: 	at java.util.concurrent.ThreadPoolExecutor.runWorker(ThreadPoolExecutor.java:1100)
09-10 09:42:45.476 29598 29624 W SystemConfig: 	at java.util.concurrent.ThreadPoolExecutor$Worker.run(ThreadPoolExecutor.java:624)
09-10 09:42:45.476 29598 29624 W SystemConfig: 	at com.android.internal.util.ConcurrentUtils$1$1.run(ConcurrentUtils.java:65)
09-10 09:42:45.477 29598 29624 I SystemConfig: Reading permissions from /product/etc/permissions/privapp-permissions_WatchFaces.xml
09-10 09:42:45.479 29598 29624 I SystemConfig: Reading permissions from /product/etc/permissions/privapp-permissions_fitbit_app.xml
09-10 09:42:45.482 29598 29624 I SystemConfig: Reading permissions from /system_ext/etc/sysconfig/preinstalled-packages-dcservice.xml
09-10 09:42:45.485 29598 29624 I SystemConfig: Reading permissions from /system_ext/etc/sysconfig/preinstalled-packages-device-vendor.xml
09-10 09:42:45.487 29598 29624 I SystemConfig: Reading permissions from /system_ext/etc/sysconfig/android.telephony.satellite.xml
09-10 09:42:45.490 29598 29624 I SystemConfig: Reading permissions from /system_ext/etc/sysconfig/pss-watch-sysconfig.xml
09-10 09:42:45.491 29598 29624 I SystemConfig: Reading permissions from /system_ext/etc/sysconfig/preinstalled-packages-device-vendor-eos.xml
09-10 09:42:45.493 29598 29624 I SystemConfig: Reading permissions from /system_ext/etc/sysconfig/preinstalled-packages-pixel-watch-experience-2022-and-newer.xml
09-10 09:42:45.495 29598 29624 I SystemConfig: Reading permissions from /system_ext/etc/sysconfig/sysconfig-pixel-watch-sysui.xml
09-10 09:42:45.497 29598 29624 I SystemConfig: Reading permissions from /system_ext/etc/sysconfig/qti_telephony_system_packages_config.xml
09-10 09:42:45.500 29598 29598 D nativeloader: Load /system/lib/libandroid_servers.so using ns default for caller /system/framework/services.jar in same partition (is_bridged=0): ok
09-10 09:42:45.501 29598 29624 I SystemConfig: Reading permissions from /system_ext/etc/permissions/datachannellib.xml
09-10 09:42:45.503 29598 29624 I SystemConfig: Reading permissions from /system_ext/etc/permissions/privapp-permissions-pixel-watch-settings-provider.xml
09-10 09:42:45.506 29598 29624 I SystemConfig: Reading permissions from /system_ext/etc/permissions/qti_telephony_utils.xml
09-10 09:42:45.507 29598 29624 I SystemConfig: Reading permissions from /system_ext/etc/permissions/qcrilhook.xml
09-10 09:42:45.509 29598 29624 I SystemConfig: Reading permissions from /system_ext/etc/permissions/com.qualcomm.qti.imscmservice-V2.0-java.xml
09-10 09:42:45.511 29598 29624 I SystemConfig: Reading permissions from /system_ext/etc/permissions/privapp-permissions-google-se.xml
09-10 09:42:45.522 29598 29624 I SystemConfig: Reading permissions from /system_ext/etc/permissions/com.google.euiccpixel.wear.xml
09-10 09:42:45.526 29598 29624 I SystemConfig: Reading permissions from /system_ext/etc/permissions/com.google.android.apps.wearable.systemui.xml
09-10 09:42:45.529 29598 29624 I SystemConfig: Reading permissions from /system_ext/etc/permissions/privapp-permissions-pixel-watch-settings.xml
09-10 09:42:45.529 29598 29598 D SystemServerTiming: StartServices
09-10 09:42:45.530 29598 29598 D SystemServerTiming: startBootstrapServices
09-10 09:42:45.530 29598 29598 D SystemServerTiming: ArtModuleServiceInitializer
09-10 09:42:45.530 29598 29598 D SystemServerTiming: StartWatchdog
09-10 09:42:45.533 29598 29624 I SystemConfig: Reading permissions from /system_ext/etc/permissions/android.hardware.telephony.ims.xml
09-10 09:42:45.536 29598 29624 I SystemConfig: Reading permissions from /system_ext/etc/permissions/com.android.hotwordenrollment.common.util.xml
09-10 09:42:45.538 29598 29624 I SystemConfig: Reading permissions from /system_ext/etc/permissions/com.qualcomm.qti.imscmservice-V2.1-java.xml
09-10 09:42:45.540 29598 29624 I SystemConfig: Reading permissions from /system_ext/etc/permissions/qti_libpermissions.xml
09-10 09:42:45.541 29598 29598 D SystemServerTiming: StartProtoLogConfigurationService
09-10 09:42:45.541 29598 29624 I SystemConfig: Reading permissions from /system_ext/etc/permissions/android.hardware.telephony.cdma.xml
09-10 09:42:45.543 29598 29598 D SystemServerTiming: InitializeProtoLog
09-10 09:42:45.543 29598 29624 I SystemConfig: Reading permissions from /system_ext/etc/permissions/com.android.carrierconfig.xml
09-10 09:42:45.544 29598 29598 D SystemServerTiming: PlatformCompat
09-10 09:42:45.545 29598 29624 I SystemConfig: Reading permissions from /system_ext/etc/permissions/com.android.omadm.radioconfig.xml
09-10 09:42:45.546 29598 29598 D ApexManagerTiming: getActiveApexInfos_noCache
09-10 09:42:45.547 29598 29624 I SystemConfig: Reading permissions from /system_ext/etc/permissions/qti_telephony_hidl_wrapper.xml
09-10 09:42:45.549 29598 29624 I SystemConfig: Reading permissions from /system_ext/etc/permissions/telephony_system-ext_privapp-permissions-qti.xml
09-10 09:42:45.553 29598 29624 I SystemConfig: Reading permissions from /system_ext/etc/permissions/dcservice_permission_watch.xml
09-10 09:42:45.557 29598 29624 I SystemConfig: Reading permissions from /system_ext/etc/permissions/com.qualcomm.qti.imscmservice-V2.2-java.xml
09-10 09:42:45.559 29598 29624 I SystemConfig: Reading permissions from /system_ext/etc/permissions/com.qualcomm.qti.VENDORSSGTZD.xml
09-10 09:42:45.562 29598 29624 I SystemConfig: Reading permissions from /system_ext/etc/permissions/vendor.qti.hardware.c2pa-V1-java.xml
09-10 09:42:45.563 29598 29624 I SystemConfig: Reading permissions from /system_ext/etc/permissions/privapp-permissions-clockwork_ext.xml
09-10 09:42:45.566 29598 29624 I SystemConfig: Reading permissions from /system_ext/etc/permissions/qti_permissions.xml
09-10 09:42:45.568 29598 29624 I SystemConfig: Reading permissions from /system_ext/etc/permissions/privapp-permissions-pss-watch.xml
09-10 09:42:45.572 29598 29624 I SystemConfig: Reading permissions from /system_ext/etc/permissions/vendor.qti.imsdatachannel.xml
09-10 09:42:45.574 29598 29624 I SystemConfig: Reading permissions from /system_ext/etc/permissions/android.hardware.telephony.gsm.xml
09-10 09:42:45.576 29598 29624 I SystemConfig: Reading permissions from /system_ext/etc/permissions/privapp-permissions-pixel-watch-sysui.xml
09-10 09:42:45.579 29598 29624 I SystemConfig: Reading permissions from /system_ext/etc/permissions/health_services_feature.xml
09-10 09:42:45.581 29598 29624 I SystemConfig: Reading permissions from /system_ext/etc/permissions/com.qualcomm.qti.imscmservice.xml
09-10 09:42:45.582 29598 29624 I SystemConfig: Ignore shared library com.qualcomm.qti.imscmservice@1.0-java: /system/framework/com.qualcomm.qti.imscmservice@1.0-java.jar does not exist
09-10 09:42:45.584 29598 29624 I SystemConfig: Reading permissions from /system_ext/etc/permissions/extphonelib.xml
09-10 09:42:45.586 29598 29624 I SystemConfig: Reading permissions from /system_ext/etc/permissions/google-ril.xml
09-10 09:42:45.588 29598 29624 I SystemConfig: Reading permissions from /system_ext/etc/permissions/display_offload_feature.xml
09-10 09:42:45.593 29598 29624 I SystemConfig: Reading permissions from /apex/com.android.tethering/etc/sysconfig/preinstall_allowlist_com.google.android.connectivity.resources.xml
09-10 09:42:45.595 29598 29624 I SystemConfig: Reading permissions from /apex/com.android.tethering/etc/sysconfig/preinstall_allowlist_com.google.android.networkstack.tethering.xml
09-10 09:42:45.598 29598 29624 I SystemConfig: Reading permissions from /apex/com.android.tethering/etc/permissions/privapp_allowlist_com.google.android.networkstack.tethering.xml
09-10 09:42:45.605 29598 29624 I SystemConfig: Reading permissions from /apex/com.android.ipsec/etc/permissions/android.net.ipsec.ike.xml
09-10 09:42:45.612 29598 29624 I SystemConfig: Reading permissions from /apex/com.android.apex.cts.shim/etc/permissions/signature-permission-allowlist.xml
09-10 09:42:45.618 29598 29624 I SystemConfig: Reading permissions from /apex/com.android.devicelock/etc/sysconfig/preinstalled-packages-com.android.devicelockcontroller.xml
09-10 09:42:45.621 29598 29624 I SystemConfig: Reading permissions from /apex/com.android.devicelock/etc/permissions/com.google.android.devicelockcontroller.xml
09-10 09:42:45.628 29598 29624 I SystemConfig: Reading permissions from /apex/com.android.webapp/etc/sysconfig/preinstalled-packages-com.android.webapp.service.xml
09-10 09:42:45.630 29598 29624 I SystemConfig: Reading permissions from /apex/com.android.webapp/etc/permissions/com.android.webapp.service.xml
09-10 09:42:45.635 29598 29624 I SystemConfig: Reading permissions from /apex/com.android.bt/etc/sysconfig/preinstall_allowlist_com.google.android.bluetooth.xml
09-10 09:42:45.638 29598 29624 I SystemConfig: Reading permissions from /apex/com.android.bt/etc/permissions/privapp_allowlist_com.google.android.bluetooth.xml
09-10 09:42:45.646 29598 29624 I SystemConfig: Reading permissions from /apex/com.android.nfcservices/etc/sysconfig/preinstall_allowlist_com.google.android.nfc.xml
09-10 09:42:45.649 29598 29624 I SystemConfig: Reading permissions from /apex/com.android.nfcservices/etc/permissions/privapp_allowlist_com.google.android.nfc.xml
09-10 09:42:45.654 29598 29624 I SystemConfig: Reading permissions from /apex/com.android.nfcservices/etc/permissions/privapp_allowlist_com.android.nfc.xml
09-10 09:42:45.659 29598 29624 I SystemConfig: Reading permissions from /apex/com.android.rkpd/etc/sysconfig/preinstall_allowlist_com.google.android.rkpdapp.xml
09-10 09:42:45.675 29598 29624 I SystemConfig: Reading permissions from /apex/com.android.mediaprovider/etc/sysconfig/preinstall_allowlist_com.google.android.photopicker.xml
09-10 09:42:45.677 29598 29624 I SystemConfig: Reading permissions from /apex/com.android.mediaprovider/etc/permissions/privapp_allowlist_com.google.android.providers.media.module.xml
09-10 09:42:45.680 29598 29624 I SystemConfig: Reading permissions from /apex/com.android.mediaprovider/etc/permissions/privapp_allowlist_com.google.android.photopicker.xml
09-10 09:42:45.684 29598 29624 I SystemConfig: Reading permissions from /apex/com.android.telephonycore/etc/sysconfig/preinstall_allowlist_com.google.android.telecomresources.xml
09-10 09:42:45.686 29598 29624 I SystemConfig: Reading permissions from /apex/com.android.telephonycore/etc/sysconfig/preinstall_allowlist_com.google.android.telecomui.xml
09-10 09:42:45.690 29598 29624 I SystemConfig: Reading permissions from /apex/com.android.telephonycore/etc/permissions/privapp_allowlist_com.google.android.telecomui.xml
09-10 09:42:45.691   353   353 I Checkpoint: cp_needsCheckpoint called
09-10 09:42:45.698 29598 29624 I SystemConfig: Reading permissions from /apex/com.android.cellbroadcast/etc/sysconfig/preinstall_allowlist_com.google.android.cellbroadcastservice.xml
09-10 09:42:45.700 29598 29624 I SystemConfig: Reading permissions from /apex/com.android.cellbroadcast/etc/sysconfig/preinstall_allowlist_com.google.android.cellbroadcastreceiver.xml
09-10 09:42:45.701 29468 29503 D Diag_Lib: diag: Diag_LSM_Init: invoked for pid: 29468 with init_count: 0
09-10 09:42:45.701 29468 29503 D Diag_Lib: diag:failed to connect to diag socket
09-10 09:42:45.702 29468 29503 D Diag_Lib:  Diag_LSM_Init: Failed to open handle to diag driver, error = 111
09-10 09:42:45.703 29468 29503 I ATS     : vendor/qcom/sw5100-lw4/proprietary-audio/args/acdb/ats/transports/diag/linux/actp/src/actp.c:actp_diag_init:105 Error[1]: Failed to initialize DIAG
09-10 09:42:45.703 29598 29624 I SystemConfig: Reading permissions from /apex/com.android.cellbroadcast/etc/permissions/privapp_allowlist_com.google.android.cellbroadcastreceiver.xml
09-10 09:42:45.703 29468 29503 E ATS     : vendor/qcom/sw5100-lw4/proprietary-audio/args/acdb/ats/src/ats.c:ats_init:143 Error[1]: Failed to initialize Diag
09-10 09:42:45.704 29468 29503 E ATS     : vendor/qcom/sw5100-lw4/proprietary-audio/args/acdb/ats/src/ats.c:ats_init:263 Error[1]: Failed to initialize ATS
09-10 09:42:45.705 29468 29503 E AGM: API: ats_init_thread: 64 ats_init failed retry 16 err 1
09-10 09:42:45.707 29598 29624 I SystemConfig: Reading permissions from /apex/com.android.cellbroadcast/etc/permissions/privapp_allowlist_com.google.android.cellbroadcastservice.xml
09-10 09:42:45.775 29598 29624 I SystemConfig: Reading permissions from /apex/com.android.appsearch/etc/sysconfig/preinstall_allowlist_com.google.android.appsearch.apk.xml
09-10 09:42:45.780 29598 29624 I SystemConfig: Reading permissions from /apex/com.android.adservices/etc/sysconfig/preinstall_allowlist_com.google.android.sdksandbox.xml
09-10 09:42:45.781 29598 29624 I SystemConfig: Reading permissions from /apex/com.android.adservices/etc/sysconfig/preinstall_allowlist_com.google.android.adservices.api.xml
09-10 09:42:45.788 29598 29624 I SystemConfig: Reading permissions from /apex/com.android.adservices/etc/permissions/privapp_allowlist_com.google.android.adservices.api.xml
09-10 09:42:45.794 29598 29624 I SystemConfig: Reading permissions from /apex/com.android.wifi/etc/sysconfig/preinstall_allowlist_com.google.android.wifi.dialog.xml
09-10 09:42:45.796 29598 29624 I SystemConfig: Reading permissions from /apex/com.android.wifi/etc/sysconfig/preinstall_allowlist_com.google.android.wifi.resources.xml
09-10 09:42:45.798 29598 29624 I SystemConfig: Reading permissions from /apex/com.android.wifi/etc/sysconfig/preinstall_allowlist_com.google.android.hotspot2.osulogin.xml
09-10 09:42:45.811 29598 29624 I SystemConfig: Reading permissions from /apex/com.android.extservices/etc/permissions/android.ext_sminus.services.xml
09-10 09:42:45.819 29598 29624 I SystemConfig: Reading permissions from /apex/com.google.android.gmssystem/etc/sysconfig/preinstalled_packages_com.google.android.gmssystem.xml
09-10 09:42:45.821 29598 29624 I SystemConfig: Reading permissions from /apex/com.google.android.gmssystem/etc/permissions/privapp_allowlist_com.google.android.gmssystem.xml
09-10 09:42:45.823   397   419 W libbinder.ServiceManagerCppClient: Waited one second for android.frameworks.stats.IStats/default (is service started? Number of threads started in the threadpool: 16. Are binder threads started and available?)
09-10 09:42:45.828   329 29678 W libc    : Unable to set property "ctl.interface_start" to "aidl/android.frameworks.stats.IStats/default": PROP_ERROR_HANDLE_CONTROL_MESSAGE (0x20)
09-10 09:42:45.830 29598 29624 I SystemConfig: Reading permissions from /apex/com.android.healthfitness/etc/sysconfig/preinstall_allowlist_com.google.android.health.connect.backuprestore.xml
09-10 09:42:45.832 29598 29624 I SystemConfig: Reading permissions from /apex/com.android.healthfitness/etc/sysconfig/preinstall_allowlist_com.google.android.healthconnect.controller.xml
09-10 09:42:45.841 29598 29624 I SystemConfig: Reading permissions from /apex/com.android.healthfitness/etc/permissions/privapp_allowlist_com.google.android.healthconnect.controller.xml
09-10 09:42:45.846 29598 29624 I SystemConfig: Reading permissions from /apex/com.android.permission/etc/sysconfig/preinstall_allowlist_com.google.android.permissioncontroller.xml
09-10 09:42:45.848 29598 29624 I SystemConfig: Reading permissions from /apex/com.android.permission/etc/sysconfig/preinstalled-packages-com.google.android.safetycenter.resources.xml
09-10 09:42:45.855 29598 29624 I SystemConfig: Reading permissions from /apex/com.android.permission/etc/permissions/privapp_allowlist_com.google.android.permissioncontroller.xml
09-10 09:42:45.867 29598 29598 D CompatConfig: No directory /apex/com.android.extservices/etc/compatconfig, skipping
09-10 09:42:45.867 29598 29598 D CompatConfig: No directory /apex/com.android.hardware.biometrics.fingerprint.virtual/etc/compatconfig, skipping
09-10 09:42:45.868 29598 29598 D CompatConfig: No directory /apex/com.android.healthfitness/etc/compatconfig, skipping
09-10 09:42:45.868 29598 29624 I incfs   : Initial API level of the device: 33
09-10 09:42:45.869 29598 29624 I incfs   : ro.incremental.enable: yes
09-10 09:42:45.869 29598 29624 I incfs   : isFsAvailable: true
09-10 09:42:45.869 29598 29624 I incfs   : isFsAvailable: true
09-10 09:42:45.870 29598 29598 D CompatConfig: Found a config file: /apex/com.android.conscrypt/etc/compatconfig/framework-conscrypt-nsc-compat-config.xml
09-10 09:42:45.870 29598 29624 I incfs   : IncFs_Features: v2
09-10 09:42:45.874 29598 29624 D SystemConfig: Removed unavailable feature android.hardware.telephony.cdma
09-10 09:42:45.874 29598 29624 D SystemConfig: Removed unavailable feature android.software.device_lock
09-10 09:42:45.874 29598 29598 D CompatConfig: Found a config file: /apex/com.android.mediaprovider/etc/compatconfig/framework-pdf-v-platform-compat-config.xml
09-10 09:42:45.876 29598 29598 D CompatConfig: Found a config file: /apex/com.android.mediaprovider/etc/compatconfig/media-provider-platform-compat-config.xml
09-10 09:42:45.878 29598 29598 D CompatConfig: No directory /apex/com.android.neuralnetworks/etc/compatconfig, skipping
09-10 09:42:45.879 29598 29598 D CompatConfig: No directory /apex/com.android.devicelock/etc/compatconfig, skipping
09-10 09:42:45.879 29598 29598 D CompatConfig: No directory /apex/com.android.configinfrastructure/etc/compatconfig, skipping
09-10 09:42:45.879 29598 29598 D CompatConfig: No directory /apex/com.android.npumanager/etc/compatconfig, skipping
09-10 09:42:45.880 29598 29598 D CompatConfig: Found a config file: /apex/com.android.bt/etc/compatconfig/bluetoothapk-platform-compat-config.xml
09-10 09:42:45.882 29598 29598 D CompatConfig: Found a config file: /apex/com.android.bt/etc/compatconfig/bluetooth-compat-config.xml
09-10 09:42:45.884 29598 29598 D CompatConfig: Found a config file: /apex/com.android.bt/etc/compatconfig/framework-bluetooth-compat-config.xml
09-10 09:42:45.886 29598 29598 D CompatConfig: No directory /apex/com.android.appsearch/etc/compatconfig, skipping
09-10 09:42:45.887 29598 29598 D CompatConfig: No directory /apex/com.android.cellbroadcast/etc/compatconfig, skipping
09-10 09:42:45.887 29598 29598 D CompatConfig: No directory /apex/com.android.os.statsd/etc/compatconfig, skipping
09-10 09:42:45.888 29598 29598 D CompatConfig: Found a config file: /apex/com.android.art/etc/compatconfig/libcore-platform-compat-config.xml
09-10 09:42:45.891 29598 29598 D CompatConfig: No directory /apex/com.android.crashrecovery/etc/compatconfig, skipping
09-10 09:42:45.891 29598 29598 D CompatConfig: No directory /apex/com.android.adservices/etc/compatconfig, skipping
09-10 09:42:45.891 29598 29598 D CompatConfig: No directory /apex/com.android.rkpd/etc/compatconfig, skipping
09-10 09:42:45.893 29598 29598 D CompatConfig: Found a config file: /apex/com.android.wifi/etc/compatconfig/wifi-compat-config.xml
09-10 09:42:45.895 29598 29598 D CompatConfig: No directory /apex/com.android.uwb/etc/compatconfig, skipping
09-10 09:42:45.895 29598 29598 D CompatConfig: No directory /apex/com.google.android.gmssystem/etc/compatconfig, skipping
09-10 09:42:45.896 29598 29598 D CompatConfig: No directory /apex/com.android.nfcservices/etc/compatconfig, skipping
09-10 09:42:45.896 29598 29598 D CompatConfig: No directory /apex/com.android.runtime/etc/compatconfig, skipping
09-10 09:42:45.896 29598 29598 D CompatConfig: No directory /apex/com.android.media/etc/compatconfig, skipping
09-10 09:42:45.897 29598 29598 D CompatConfig: Found a config file: /apex/com.android.permission/etc/compatconfig/framework-permission-s-compat-config.xml
09-10 09:42:45.899 29598 29598 D CompatConfig: No directory /apex/com.android.resolv/etc/compatconfig, skipping
09-10 09:42:45.899 29598 29598 D CompatConfig: No directory /apex/com.google.android.widevine/etc/compatconfig, skipping
09-10 09:42:45.899 29598 29598 D CompatConfig: No directory /apex/com.android.media.swcodec/etc/compatconfig, skipping
09-10 09:42:45.899 29598 29598 D CompatConfig: No directory /apex/com.android.profiling/etc/compatconfig, skipping
09-10 09:42:45.899 29598 29598 D CompatConfig: No directory /apex/com.android.ondevicepersonalization/etc/compatconfig, skipping
09-10 09:42:45.900 29598 29598 D CompatConfig: No directory /apex/com.google.pixelwatchambient/etc/compatconfig, skipping
09-10 09:42:45.900 29598 29598 D CompatConfig: No directory /apex/com.android.tzdata/etc/compatconfig, skipping
09-10 09:42:45.900 29598 29598 D CompatConfig: No directory /apex/com.android.adbd/etc/compatconfig, skipping
09-10 09:42:45.901 29598 29598 D CompatConfig: No directory /apex/com.android.i18n/etc/compatconfig, skipping
09-10 09:42:45.901 29598 29598 D CompatConfig: No directory /apex/com.android.uprobestats/etc/compatconfig, skipping
09-10 09:42:45.904 29598 29598 D CompatConfig: Found a config file: /apex/com.android.tethering/etc/compatconfig/connectivity-platform-compat-config.xml
09-10 09:42:45.906 29598 29598 D CompatConfig: No directory /apex/com.android.sdkext/etc/compatconfig, skipping
09-10 09:42:45.907 29598 29598 D CompatConfig: No directory /apex/com.android.scheduling/etc/compatconfig, skipping
09-10 09:42:45.907 29598 29598 D CompatConfig: No directory /apex/com.android.apex.cts.shim/etc/compatconfig, skipping
09-10 09:42:45.908 29598 29598 D CompatConfig: Found a config file: /apex/com.android.telephonycore/etc/compatconfig/framework-telecom-compat-config.xml
09-10 09:42:45.910 29598 29598 D CompatConfig: No directory /apex/com.android.ipsec/etc/compatconfig, skipping
09-10 09:42:45.910 29598 29598 D CompatConfig: No directory /apex/com.android.virt/etc/compatconfig, skipping
09-10 09:42:45.911 29598 29598 D CompatConfig: No directory /apex/com.android.webapp/etc/compatconfig, skipping
09-10 09:42:45.914 29598 29598 D SystemServerTiming: StartFileIntegrityService
09-10 09:42:45.914 29598 29598 I SystemServiceManager: Starting com.android.server.security.FileIntegrityService
09-10 09:42:45.916 29598 29598 D SystemServerTiming: StartInstaller
09-10 09:42:45.916 29598 29598 I SystemServiceManager: Starting com.android.server.pm.Installer
09-10 09:42:45.929  1115  1115 D installd: Found quota mount /dev/block/dm-16 at /data
09-10 09:42:45.930  1115  1115 D installd: Found quota mount /dev/block/dm-16 at /data/user/0
09-10 09:42:45.930  1115  1115 D installd: Found quota mount /dev/block/dm-16 at /mnt/pass_through/0/emulated
09-10 09:42:45.943  1115  1115 D installd: Found storage mount /dev/block/dm-16 at /mnt/pass_through/0/emulated
09-10 09:42:45.944  1115  1115 D installd: Found storage mount  at /mnt/pass_through/0/emulated
09-10 09:42:45.945 29598 29598 D SystemServerTiming: DeviceIdentifiersPolicyService
09-10 09:42:45.945 29598 29598 I SystemServiceManager: Starting com.android.server.os.DeviceIdentifiersPolicyService
09-10 09:42:45.947 29598 29598 D SystemServerTiming: StartFeatureFlagsService
09-10 09:42:45.947 29598 29598 I SystemServiceManager: Starting com.android.server.flags.FeatureFlagsService
09-10 09:42:45.947 29598 29598 D FeatureFlagsService: Started Feature Flag Service
09-10 09:42:45.949 29598 29598 D SystemServerTiming: UriGrantsManagerService
09-10 09:42:45.949 29598 29598 I SystemServiceManager: Starting com.android.server.uri.UriGrantsManagerService$Lifecycle
09-10 09:42:45.955 29598 29598 D SystemServerTiming: StartPowerStatsService
09-10 09:42:45.955 29598 29598 I SystemServiceManager: Starting com.android.server.powerstats.PowerStatsService
09-10 09:42:45.960 29598 29598 D SystemServerTiming: StartIStatsService
09-10 09:42:45.964 29598 29598 D SystemServerTiming: MemtrackProxyService
09-10 09:42:45.967   397   419 E pixelstats-uevent: Unable to read  - No such file or directory
09-10 09:42:45.971 29598 29598 I libbinder.Stability: Interface set with vintf stability downgraded to system stability stability
09-10 09:42:45.975   397   419 E pixelstats-uevent: Unable to read  - No such file or directory
09-10 09:42:45.975   397   419 E pixelstats-uevent: Unable to read  - No such file or directory
09-10 09:42:45.975   397   419 E pixelstats-uevent: Unable to read  - No such file or directory
09-10 09:42:45.975 29598 29598 D SystemServerTiming: StartAccessCheckingService
09-10 09:42:45.976   397   419 E pixelstats-uevent: Unable to read  - No such file or directory
09-10 09:42:45.976 29598 29598 I SystemServiceManager: Starting com.android.server.permission.access.AccessCheckingService
09-10 09:42:45.980   397   419 E pixelstats-uevent: Unable to read  - No such file or directory
09-10 09:42:45.980   397   419 E pixelstats-uevent: Unable to read  - No such file or directory
09-10 09:42:45.980 29598 29598 D SystemServerTiming: StartActivityManager
09-10 09:42:45.980   397   419 E pixelstats-uevent: Unable to read  - No such file or directory
09-10 09:42:45.980 29598 29598 I SystemServiceManager: Starting com.android.server.wm.ActivityTaskManagerService$Lifecycle
09-10 09:42:45.980   397   419 E pixelstats-uevent: Unable to read  - No such file or directory
09-10 09:42:45.980   397   419 E pixelstats-uevent: Unable to read  - No such file or directory
09-10 09:42:45.981   397   419 E pixelstats-uevent: Unable to read  - No such file or directory
09-10 09:42:45.981   397   419 E pixelstats-uevent: Unable to read  - No such file or directory
09-10 09:42:45.981   397   419 E pixelstats-uevent: Unable to read  - No such file or directory
09-10 09:42:45.986 29598 29598 I SystemServiceManager: Starting com.android.server.am.ActivityManagerService$Lifecycle
09-10 09:42:45.994 29598 29598 I ActivityManager: Memory class: 128
09-10 09:42:45.997 29598 29684 I Binder  : Setting heavy hitter watcher config: false, 0, 0.0
09-10 09:42:46.029 29598 29598 I PackageWatchdog: Updated health check state for package com.google.android.networkstack: INACTIVE -> PASSED
09-10 09:42:46.036 29598 29598 W PowerProfile: ambient.on is deprecated! Use ambient.on.display0 instead.
09-10 09:42:46.036 29598 29598 W PowerProfile: screen.on is deprecated! Use screen.on.display0 instead.
09-10 09:42:46.036 29598 29598 W PowerProfile: screen.full is deprecated! Use screen.full.display0 instead.
09-10 09:42:46.036 29598 29598 W ModemPowerProfile: getAverageBatteryDrainMaH called with unexpected key: 0x0, drain:SLEEP,RAT:DEFAULT
09-10 09:42:46.036 29598 29598 W ModemPowerProfile: getAverageBatteryDrainMaH called with unexpected key: 0x10000000, drain:IDLE,RAT:DEFAULT
09-10 09:42:46.036 29598 29598 W ModemPowerProfile: getAverageBatteryDrainMaH called with unexpected key: 0x20000000, drain:RX,RAT:DEFAULT
09-10 09:42:46.036 29598 29598 W ModemPowerProfile: getAverageBatteryDrainMaH called with unexpected key: 0x30000000, drain:TX,level:0,RAT:DEFAULT
09-10 09:42:46.036 29598 29598 W ModemPowerProfile: getAverageBatteryDrainMaH called with unexpected key: 0x31000000, drain:TX,level:1,RAT:DEFAULT
09-10 09:42:46.036 29598 29598 W ModemPowerProfile: getAverageBatteryDrainMaH called with unexpected key: 0x32000000, drain:TX,level:2,RAT:DEFAULT
09-10 09:42:46.036 29598 29598 W ModemPowerProfile: getAverageBatteryDrainMaH called with unexpected key: 0x33000000, drain:TX,level:3,RAT:DEFAULT
09-10 09:42:46.036 29598 29598 W ModemPowerProfile: getAverageBatteryDrainMaH called with unexpected key: 0x34000000, drain:TX,level:4,RAT:DEFAULT
09-10 09:42:46.066 29598 29598 D nativeloader: Load libstats_jni.so using APEX ns com_android_os_statsd for caller /apex/com.android.os.statsd/javalib/framework-statsd.jar: ok
09-10 09:42:46.071 29598 29598 D BatteryStatsImpl: Reading daily items from /data/system/batterystats-daily.xml
09-10 09:42:46.141 29598 29598 W system_server: Method void com.android.server.appop.HistoricalRegistry.systemReady(android.content.ContentResolver) failed lock verification and will run slower.
09-10 09:42:46.141 29598 29598 W system_server: Common causes for lock verification issues are non-optimized dex code
09-10 09:42:46.141 29598 29598 W system_server: and incorrect proguard optimizations.
09-10 09:42:46.147 29598 29598 I MemoryLimiter: no config file: /vendor/etc/memory-limiter-config.xml
09-10 09:42:46.151 29598 29598 I IntentFirewall: Read new rules (A:0 B:0 S:0)
09-10 09:42:46.157 29598 29598 D OomAdjuster: Not killing cached processes
09-10 09:42:46.159 29598 29598 E libprocessgroup: Failed to add task into cgroup
09-10 09:42:46.162 29598 29598 D AppOps  : AppOpsService published
09-10 09:42:46.165 29598 29598 D SystemServerTiming: StartDataLoaderManagerService
09-10 09:42:46.165 29598 29598 I SystemServiceManager: Starting com.android.server.pm.DataLoaderManagerService
09-10 09:42:46.168 29598 29598 D SystemServerTiming: StartIncrementalService
09-10 09:42:46.174 29598 29598 I incfs-mounts: [incfs] Loaded incremental-fs mount info: 5 instances, 10 mount points
09-10 09:42:46.174 29598 29598 I IncrementalService: Existing mount: /data/incremental/MT_data_app_vmdl167/backing_store->/data/incremental/MT_data_app_vmdl167/mount
09-10 09:42:46.174 29598 29598 I IncrementalService:   bind: ''->'/data/incremental/MT_data_app_vmdl167/mount'
09-10 09:42:46.174 29598 29598 I IncrementalService:          /data/incremental/MT_data_app_vmdl167/mount
09-10 09:42:46.174 29598 29598 I IncrementalService:   bind: '/st_29_1'->'/data/app/~~wTnOjv00M3KkmdMIKDBIfQ=='
09-10 09:42:46.174 29598 29598 I IncrementalService:          /data/incremental/MT_data_app_vmdl167/mount/st_29_1
09-10 09:42:46.174 29598 29598 I IncrementalService: Looks like an IncrementalService-owned: /data/incremental/MT_data_app_vmdl167
09-10 09:42:46.182 29598 29598 I IncrementalService: Permanent bind record: '/data/incremental/MT_data_app_vmdl167/mount/st_29_1'->'/data/app/~~wTnOjv00M3KkmdMIKDBIfQ=='
09-10 09:42:46.182 29598 29598 I IncrementalService: Matched permanent bound /data/incremental/MT_data_app_vmdl167/mount/st_29_1 to mount /st_29_1
09-10 09:42:46.183 29598 29598 I IncrementalService: Existing mount: /data/incremental/MT_data_app_vmdl385/backing_store->/data/incremental/MT_data_app_vmdl385/mount
09-10 09:42:46.183 29598 29598 I IncrementalService:   bind: ''->'/data/incremental/MT_data_app_vmdl385/mount'
09-10 09:42:46.183 29598 29598 I IncrementalService:          /data/incremental/MT_data_app_vmdl385/mount
09-10 09:42:46.183 29598 29598 I IncrementalService:   bind: '/st_14_1'->'/data/app/~~vhy8U0WGA3kllTKhkzVqoA=='
09-10 09:42:46.183 29598 29598 I IncrementalService:          /data/incremental/MT_data_app_vmdl385/mount/st_14_1
09-10 09:42:46.183 29598 29598 I IncrementalService: Looks like an IncrementalService-owned: /data/incremental/MT_data_app_vmdl385
09-10 09:42:46.187 29598 29598 I IncrementalService: Permanent bind record: '/data/incremental/MT_data_app_vmdl385/mount/st_14_1'->'/data/app/~~vhy8U0WGA3kllTKhkzVqoA=='
09-10 09:42:46.188 29598 29598 I IncrementalService: Matched permanent bound /data/incremental/MT_data_app_vmdl385/mount/st_14_1 to mount /st_14_1
09-10 09:42:46.188 29598 29598 I IncrementalService: Existing mount: /data/incremental/MT_data_app_vmdl203/backing_store->/data/incremental/MT_data_app_vmdl203/mount
09-10 09:42:46.188 29598 29598 I IncrementalService:   bind: ''->'/data/incremental/MT_data_app_vmdl203/mount'
09-10 09:42:46.188 29598 29598 I IncrementalService:          /data/incremental/MT_data_app_vmdl203/mount
09-10 09:42:46.189 29598 29598 I IncrementalService:   bind: '/st_81_1'->'/data/app/~~NTxMH-7jnwcjWuWKHml7Tg=='
09-10 09:42:46.189 29598 29598 I IncrementalService:          /data/incremental/MT_data_app_vmdl203/mount/st_81_1
09-10 09:42:46.189 29598 29598 I IncrementalService: Looks like an IncrementalService-owned: /data/incremental/MT_data_app_vmdl203
09-10 09:42:46.192 29598 29598 I IncrementalService: Permanent bind record: '/data/incremental/MT_data_app_vmdl203/mount/st_81_1'->'/data/app/~~NTxMH-7jnwcjWuWKHml7Tg=='
09-10 09:42:46.192 29598 29598 I IncrementalService: Matched permanent bound /data/incremental/MT_data_app_vmdl203/mount/st_81_1 to mount /st_81_1
09-10 09:42:46.193 29598 29598 I IncrementalService: Existing mount: /data/incremental/MT_data_app_vmdl139/backing_store->/data/incremental/MT_data_app_vmdl139/mount
09-10 09:42:46.193 29598 29598 I IncrementalService:   bind: ''->'/data/incremental/MT_data_app_vmdl139/mount'
09-10 09:42:46.193 29598 29598 I IncrementalService:          /data/incremental/MT_data_app_vmdl139/mount
09-10 09:42:46.193 29598 29598 I IncrementalService:   bind: '/st_24_1'->'/data/app/~~oO5f2Sc_IPoLSX4A1xTLuA=='
09-10 09:42:46.193 29598 29598 I IncrementalService:          /data/incremental/MT_data_app_vmdl139/mount/st_24_1
09-10 09:42:46.193 29598 29598 I IncrementalService: Looks like an IncrementalService-owned: /data/incremental/MT_data_app_vmdl139
09-10 09:42:46.197 29598 29598 I IncrementalService: Permanent bind record: '/data/incremental/MT_data_app_vmdl139/mount/st_24_1'->'/data/app/~~oO5f2Sc_IPoLSX4A1xTLuA=='
09-10 09:42:46.197 29598 29598 I IncrementalService: Matched permanent bound /data/incremental/MT_data_app_vmdl139/mount/st_24_1 to mount /st_24_1
09-10 09:42:46.197 29598 29598 I IncrementalService: Existing mount: /data/incremental/MT_data_app_vmdl157/backing_store->/data/incremental/MT_data_app_vmdl157/mount
09-10 09:42:46.197 29598 29598 I IncrementalService:   bind: ''->'/data/incremental/MT_data_app_vmdl157/mount'
09-10 09:42:46.197 29598 29598 I IncrementalService:          /data/incremental/MT_data_app_vmdl157/mount
09-10 09:42:46.197 29598 29598 I IncrementalService:   bind: '/st_7_1'->'/data/app/~~gfNiJ7zvh0W6Bs_VdQ05mw=='
09-10 09:42:46.198 29598 29598 I IncrementalService:          /data/incremental/MT_data_app_vmdl157/mount/st_7_1
09-10 09:42:46.198 29598 29598 I IncrementalService: Looks like an IncrementalService-owned: /data/incremental/MT_data_app_vmdl157
09-10 09:42:46.201 29598 29598 I IncrementalService: Permanent bind record: '/data/incremental/MT_data_app_vmdl157/mount/st_7_1'->'/data/app/~~gfNiJ7zvh0W6Bs_VdQ05mw=='
09-10 09:42:46.201 29598 29598 I IncrementalService: Matched permanent bound /data/incremental/MT_data_app_vmdl157/mount/st_7_1 to mount /st_7_1
09-10 09:42:46.204 29598 29598 D SystemServerTiming: StartPowerManager
09-10 09:42:46.204 29598 29598 I SystemServiceManager: Starting com.android.server.power.PowerManagerService
09-10 09:42:46.205 29468 29503 D Diag_Lib: diag: Diag_LSM_Init: invoked for pid: 29468 with init_count: 0
09-10 09:42:46.205 29468 29503 D Diag_Lib: diag:failed to connect to diag socket
09-10 09:42:46.205 29468 29503 D Diag_Lib:  Diag_LSM_Init: Failed to open handle to diag driver, error = 111
09-10 09:42:46.205 29468 29503 I ATS     : vendor/qcom/sw5100-lw4/proprietary-audio/args/acdb/ats/transports/diag/linux/actp/src/actp.c:actp_diag_init:105 Error[1]: Failed to initialize DIAG
09-10 09:42:46.205 29468 29503 E ATS     : vendor/qcom/sw5100-lw4/proprietary-audio/args/acdb/ats/src/ats.c:ats_init:143 Error[1]: Failed to initialize Diag
09-10 09:42:46.205 29468 29503 E ATS     : vendor/qcom/sw5100-lw4/proprietary-audio/args/acdb/ats/src/ats.c:ats_init:263 Error[1]: Failed to initialize ATS
09-10 09:42:46.205 29468 29503 E AGM: API: ats_init_thread: 64 ats_init failed retry 17 err 1
09-10 09:42:46.221 29598 29598 I PowerHalLoader: Successfully connected to Power HAL AIDL service.
09-10 09:42:46.225   519   519 I powerhal-libperfmgr: Power Mode INTERACTIVE isModeSupported: 0
09-10 09:42:46.226   519   519 I powerhal-libperfmgr: Power Mode DOUBLE_TAP_TO_WAKE isModeSupported: 0
09-10 09:42:46.228 29598 29598 D SystemServerTiming: StartThermalManager
09-10 09:42:46.228 29598 29598 I SystemServiceManager: Starting com.android.server.power.thermal.ThermalManagerService
09-10 09:42:46.231 29598 29598 D SystemServerTiming: InitPowerManagement
09-10 09:42:46.233 29598 29598 W PowerManagerService: Battery saver is not supported, no low power mode observer registered
09-10 09:42:46.235 29598 29598 D SystemServerTiming: StartRecoverySystemService
09-10 09:42:46.235 29598 29598 I SystemServiceManager: Starting com.android.server.recoverysystem.RecoverySystemService$Lifecycle
09-10 09:42:46.237 29598 29598 D SystemServerTiming: StartLightsService
09-10 09:42:46.238 29598 29598 I SystemServiceManager: Starting com.android.server.lights.LightsService
09-10 09:42:46.242 29598 29598 E LightsService: Failed to populate available lights, no ILights HAL service available
09-10 09:42:46.243 29598 29598 D SystemServerTiming: StartDisplayOffloadService
09-10 09:42:46.244 29598 29598 I SystemServiceManager: Starting com.android.clockwork.displayoffload.DisplayOffloadService
09-10 09:42:46.257 29598 29598 D DisplayOffload: onStart
09-10 09:42:46.261 29598 29622 D DOHalAdapter: [HAL] onRegistration: service notification name=vendor.google_clockwork.displayoffload2.IDisplayOffload/default
09-10 09:42:46.262 29598 29622 I DOHalAdapter: [HAL] Got hal.
09-10 09:42:46.263 29598 29622 W Binder  : Outgoing transactions from this process must be FLAG_ONEWAY
09-10 09:42:46.263 29598 29622 W Binder  : java.lang.Throwable
09-10 09:42:46.263 29598 29622 W Binder  : 	at android.os.BinderProxy.transact(BinderProxy.java:587)
09-10 09:42:46.263 29598 29622 W Binder  : 	at vendor.google_clockwork.displayoffload2.IDisplayOffload$Stub$Proxy.reset(go/retraceme cfe317e26c3e2829cc9d3bf73fa23c109c948b7d6c857f2317d8882bdc7d34b9:20)
09-10 09:42:46.263 29598 29622 W Binder  : 	at com.android.clockwork.displayoffload.AidlHalV2Adapter.resetResource(go/retraceme cfe317e26c3e2829cc9d3bf73fa23c109c948b7d6c857f2317d8882bdc7d34b9:22)
09-10 09:42:46.263 29598 29622 W Binder  : 	at com.android.clockwork.displayoffload.AidlHalV2Adapter.onHalRegistered(go/retraceme cfe317e26c3e2829cc9d3bf73fa23c109c948b7d6c857f2317d8882bdc7d34b9:52)
09-10 09:42:46.263 29598 29622 W Binder  : 	at com.android.clockwork.displayoffload.AidlHalAdapter.onRegistration(go/retraceme cfe317e26c3e2829cc9d3bf73fa23c109c948b7d6c857f2317d8882bdc7d34b9:22)
09-10 09:42:46.263 29598 29622 W Binder  : 	at android.os.IServiceCallback$Stub.onTransact(IServiceCallback.java:92)
09-10 09:42:46.263 29598 29622 W Binder  : 	at android.os.Binder.execTransactInternal(Binder.java:1369)
09-10 09:42:46.263 29598 29622 W Binder  : 	at android.os.Binder.execTransact(Binder.java:1323)
09-10 09:42:46.265 29598 29598 D SystemServerTiming: StartDisplayManager
09-10 09:42:46.265 29598 29598 I SystemServiceManager: Starting com.android.server.display.DisplayManagerService
09-10 09:42:46.271  1101  1371 I vendor.google_clockwork.displayoffload-service: reset
09-10 09:42:46.276  1101  1371 I vendor.google_clockwork.displayoffload-service: :end display
09-10 09:42:46.276  1101  1371 I vendor.google_clockwork.displayoffload-service: Set display mux select to 1
09-10 09:42:46.277 29598 29598 D PluginManager: loading plugins from:
09-10 09:42:46.277 29598 29598 D PluginManager: loaded Plugins:[]
09-10 09:42:46.282 29598 29598 D SystemServerTiming: WaitForDisplay
09-10 09:42:46.282 29598 29598 I SystemServiceManager: Starting phase 100
09-10 09:42:46.283 29598 29598 D SystemServerTiming: OnBootPhase_100
09-10 09:42:46.283 29598 29598 D SystemServerTiming: OnBootPhase_100_com.android.server.security.FileIntegrityService
09-10 09:42:46.283 29598 29598 D SystemServerTiming: OnBootPhase_100_com.android.server.pm.Installer
09-10 09:42:46.283 29598 29598 D SystemServerTiming: OnBootPhase_100_com.android.server.os.DeviceIdentifiersPolicyService
09-10 09:42:46.283 29598 29598 D SystemServerTiming: OnBootPhase_100_com.android.server.flags.FeatureFlagsService
09-10 09:42:46.283 29598 29598 D SystemServerTiming: OnBootPhase_100_com.android.server.uri.UriGrantsManagerService$Lifecycle
09-10 09:42:46.283 29598 29598 D SystemServerTiming: OnBootPhase_100_com.android.server.powerstats.PowerStatsService
09-10 09:42:46.283 29598 29598 D SystemServerTiming: OnBootPhase_100_com.android.server.permission.access.AccessCheckingService
09-10 09:42:46.283 29598 29598 D SystemServerTiming: OnBootPhase_100_com.android.server.wm.ActivityTaskManagerService$Lifecycle
09-10 09:42:46.283 29598 29598 D SystemServerTiming: OnBootPhase_100_com.android.server.am.ActivityManagerService$Lifecycle
09-10 09:42:46.283 29598 29598 D SystemServerTiming: OnBootPhase_100_com.android.server.pm.DataLoaderManagerService
09-10 09:42:46.283 29598 29598 D SystemServerTiming: OnBootPhase_100_com.android.server.power.PowerManagerService
09-10 09:42:46.283 29598 29598 D SystemServerTiming: OnBootPhase_100_com.android.server.power.thermal.ThermalManagerService
09-10 09:42:46.283 29598 29598 D SystemServerTiming: OnBootPhase_100_com.android.server.recoverysystem.RecoverySystemService$Lifecycle
09-10 09:42:46.283 29598 29598 D SystemServerTiming: OnBootPhase_100_com.android.server.lights.LightsService
09-10 09:42:46.283 29598 29598 D SystemServerTiming: OnBootPhase_100_com.android.clockwork.displayoffload.DisplayOffloadService
09-10 09:42:46.283 29598 29598 D SystemServerTiming: OnBootPhase_100_com.android.server.display.DisplayManagerService
09-10 09:42:46.288 29598 29630 E LocalDisplayAdapter: Can't find display mode with id -1
09-10 09:42:46.288 29598 29630 W LocalDisplayAdapter: DisplayModeSpecs base mode no longer available, using currently active mode.
09-10 09:42:46.290 29598 29630 W DisplayManagerService: Default display not found in cache
09-10 09:42:46.290 29598 29630 E DisplayManagerService: Default display is null for info request from uid 1000
09-10 09:42:46.290 29598 29630 W DisplayManagerService: getDisplayInfoInternal: display not found 0
09-10 09:42:46.299 29598 29630 I DisplayDeviceConfig: No thermal throttling config found
09-10 09:42:46.304 29598 29630 D DesktopExperienceFlags: Toggle override initialized to: false
09-10 09:42:46.307 29598 29630 I DisplayDeviceRepository: Display device added: DisplayDeviceInfo{"Built-in Screen": uniqueId="local:4630946367249729921", 384 x 384, modeId 1, renderFrameRate 60.000004, hasArrSupport false, frameRateCategoryRate FrameRateCategoryRate {normal=60.0, high=90.0}, supportedRefreshRates [60.000004, 30.000002, 20.0], defaultModeId 1, userPreferredModeId -1, supportedModes [{id=1, parentModeId=-1, sfModeId=0, flags=, width=384, height=384, fps=60.000004, vsync=60.000004, alternativeRefreshRates=[], supportedHdrTypes=[2, 3, 4]}], colorMode 0, supportedColorModes [0], hdrCapabilities HdrCapabilities{mSupportedHdrTypes=[2, 3, 4], mMaxLuminance=500.0, mMaxAverageLuminance=500.0, mMinLuminance=0.0}, isForceSdr false, allmSupported false, gameContentTypeSupported false, density 320, 325.12 x 325.12 dpi, appVsyncOff 14499998, presDeadline 16000000, touch INTERNAL, rotation 0, type INTERNAL, address StablePhysical{id=4630946367249729921, port=129}, deviceProductInfo DeviceProductInfo{name=, manufacturerPnpId=QCM, productId=1, modelYear=null, manufactureDate=ManufactureDate{week=27, year=2006}, connectionToSinkType=1, edidStructureMetadata=EdidStructureMetadata{version=0, revision=0}, videoInputType=0}, state UNKNOWN, committedState UNKNOWN, frameRateOverride , brightnessMinimum 0.0, brightnessMaximum 1.0, brightnessDefault 0.314688, brightnessDim 0.235, hdrSdrRatio NaN, FLAG_ALLOWED_TO_BE_DEFAULT_DISPLAY, FLAG_ROTATES_WITH_CONTENT, FLAG_SECURE, FLAG_SUPPORTS_PROTECTED_BUFFERS, FLAG_ROUND, FLAG_TRUSTED, installOrientation 0, displayShape DisplayShape{type=2, displayWidth=384, displayHeight=384, physicalPixelDisplaySizeRatio=1.0, rotation=0, offsetX=0, offsetY=0, scale=1.0}}
09-10 09:42:46.309 29598 29630 I LogicalDisplayMapper: Applying layout: [default_layout: [{dispId: 0(ON), displayGroupName: , addr: StablePhysical{id=4630946367249729921, port=129}, mThermalBrightnessThrottlingMapId: null, mRefreshRateZoneId: null, mLeadDisplayId: -1, mLeadDisplayAddress: null, mThermalRefreshRateThrottlingMapId: null, mPowerThrottlingMapId: null}]], Previous layout: null
09-10 09:42:46.309 29598 29630 I LogicalDisplayMapper: Setting new display group 0 for display 0, from previous group: null, for reason: 0, with flags: 0
09-10 09:42:46.321  1638  1642 I pixel-thermal: audio-therm:42.287 raw data: audio-therm:42287 
09-10 09:42:46.325  1638  1642 I pixel-thermal: sdm-skin-therm:43.241 raw data: sdm-skin-therm:43241 
09-10 09:42:46.325 29598 29630 E SystemServiceRegistry: No service published for: user
09-10 09:42:46.325 29598 29630 E SystemServiceRegistry: android.os.ServiceManager$ServiceNotFoundException: No service published for: user
09-10 09:42:46.325 29598 29630 E SystemServiceRegistry: 	at android.os.ServiceManager.getServiceOrThrow(ServiceManager.java:176)
09-10 09:42:46.325 29598 29630 E SystemServiceRegistry: 	at android.app.SystemServiceRegistry$68.createService(SystemServiceRegistry.java:1037)
09-10 09:42:46.325 29598 29630 E SystemServiceRegistry: 	at android.app.SystemServiceRegistry$68.createService(SystemServiceRegistry.java:1034)
09-10 09:42:46.325 29598 29630 E SystemServiceRegistry: 	at android.app.SystemServiceRegistry$CachedServiceFetcher.getService(SystemServiceRegistry.java:2784)
09-10 09:42:46.325 29598 29630 E SystemServiceRegistry: 	at android.app.SystemServiceRegistry.getSystemService(SystemServiceRegistry.java:2297)
09-10 09:42:46.325 29598 29630 E SystemServiceRegistry: 	at android.app.ContextImpl.getSystemService(ContextImpl.java:2450)
09-10 09:42:46.325 29598 29630 E SystemServiceRegistry: 	at android.content.Context.getSystemService(Context.java:4916)
09-10 09:42:46.325 29598 29630 E SystemServiceRegistry: 	at com.android.server.display.DisplayManagerService.getUserManager(go/retraceme 56cb9c0977ae9f67603f451f002522c463042b44293aaef01295dafee5e0332e:4)
09-10 09:42:46.325 29598 29630 E SystemServiceRegistry: 	at com.android.server.display.DisplayManagerService.getStoredUserPreferredModeLocked(go/retraceme 56cb9c0977ae9f67603f451f002522c463042b44293aaef01295dafee5e0332e:0)
09-10 09:42:46.325 29598 29630 E SystemServiceRegistry: 	at com.android.server.display.LogicalDisplayMapper.sendUpdatesForDisplaysLocked(go/retraceme 56cb9c0977ae9f67603f451f002522c463042b44293aaef01295dafee5e0332e:549)
09-10 09:42:46.325 29598 29630 E SystemServiceRegistry: 	at com.android.server.display.LogicalDisplayMapper.updateLogicalDisplaysLocked(go/retraceme 56cb9c0977ae9f67603f451f002522c463042b44293aaef01295dafee5e0332e:875)
09-10 09:42:46.325 29598 29630 E SystemServiceRegistry: 	at com.android.server.display.LogicalDisplayMapper.updateLogicalDisplaysLocked$1(go/retraceme 56cb9c0977ae9f67603f451f002522c463042b44293aaef01295dafee5e0332e:2)
09-10 09:42:46.325 29598 29630 E SystemServiceRegistry: 	at com.android.server.display.DisplayDeviceRepository.sendEventLocked(go/retraceme 56cb9c0977ae9f67603f451f002522c463042b44293aaef01295dafee5e0332e:395)
09-10 09:42:46.325 29598 29630 E SystemServiceRegistry: 	at com.android.server.display.DisplayDeviceRepository.onDisplayDeviceEvent(go/retraceme 56cb9c0977ae9f67603f451f002522c463042b44293aaef01295dafee5e0332e:540)
09-10 09:42:46.325 29598 29630 E SystemServiceRegistry: 	at com.android.server.display.DisplayAdapter$$ExternalSyntheticLambda1.run(go/retraceme 56cb9c0977ae9f67603f451f002522c463042b44293aaef01295dafee5e0332e:10)
09-10 09:42:46.325 29598 29630 E SystemServiceRegistry: 	at android.os.Handler.handleCallback(Handler.java:1095)
09-10 09:42:46.325 29598 29630 E SystemServiceRegistry: 	at android.os.Handler.dispatchMessageImpl(Handler.java:135)
09-10 09:42:46.325 29598 29630 E SystemServiceRegistry: 	at android.os.Handler.dispatchMessage(Handler.java:125)
09-10 09:42:46.325 29598 29630 E SystemServiceRegistry: 	at android.os.Looper.loopOnce(Looper.java:296)
09-10 09:42:46.325 29598 29630 E SystemServiceRegistry: 	at android.os.Looper.loop(Looper.java:397)
09-10 09:42:46.325 29598 29630 E SystemServiceRegistry: 	at android.os.HandlerThread.run(HandlerThread.java:139)
09-10 09:42:46.325 29598 29630 E SystemServiceRegistry: 	at com.android.server.ServiceThread.run(ServiceThread.java:46)
09-10 09:42:46.327 29598 29630 E SystemServiceRegistry: Manager wrapper not available: user
09-10 09:42:46.331 29598 29630 I DisplayTopologyCoordinator: Display 0 added, new topology: DisplayTopology:
09-10 09:42:46.331 29598 29630 I DisplayTopologyCoordinator: --------------------
09-10 09:42:46.331 29598 29630 I DisplayTopologyCoordinator:   mPrimaryDisplayId: 0
09-10 09:42:46.331 29598 29630 I DisplayTopologyCoordinator:   Topology tree:
09-10 09:42:46.331 29598 29630 I DisplayTopologyCoordinator:     Display {id=0, logical width=384, logical height=384, logical density=320, position=left, offset=0.0}
09-10 09:42:46.332 29598 29630 W DisplayManagerService: Not sending topology, mInputManagerInternal is null
09-10 09:42:46.332 29598 29598 D SystemServerTiming: StartDomainVerificationService
09-10 09:42:46.335 29598 29598 D SystemServerTiming: StartPackageManagerService
09-10 09:42:46.335 29598 29598 I Watchdog: Pausing HandlerChecker: main thread for reason: packagemanagermain. Pause count: 1
09-10 09:42:46.336 29598 29598 D PackageManagerTiming: create package manager
09-10 09:42:46.341 29598 29598 D PackageManagerTiming: createSubComponents
09-10 09:42:46.358 29598 29598 I UserManagerService: Upgrading users from userVersion 11 to 11
09-10 09:42:46.358 29598 29598 I UserManagerService: Forcing an upgrade due to flagged changes
09-10 09:42:46.377 29598 29598 I SELinux : SELinux: Loaded file context from:
09-10 09:42:46.378 29598 29598 I SELinux : 		/system/etc/selinux/plat_file_contexts
09-10 09:42:46.378 29598 29598 I SELinux : 		/system_ext/etc/selinux/system_ext_file_contexts
09-10 09:42:46.378 29598 29598 I SELinux : 		/product/etc/selinux/product_file_contexts
09-10 09:42:46.378 29598 29598 I SELinux : 		/vendor/etc/selinux/vendor_file_contexts
09-10 09:42:46.378 29598 29598 I SELinux : 		/odm/etc/selinux/odm_file_contexts
09-10 09:42:46.388 29464 29464 W libbinder.ServiceManagerCppClient: Waited one second for activity (is service started? Number of threads started in the threadpool: 16. Are binder threads started and available?)
09-10 09:42:46.391   329 29713 W libc    : Unable to set property "ctl.interface_start" to "aidl/activity": PROP_ERROR_HANDLE_CONTROL_MESSAGE (0x20)
09-10 09:42:46.398 29598 29598 D PackageManagerTiming: get system config
09-10 09:42:46.398 29598 29598 D PackageManagerTiming: addSharedUsers
09-10 09:42:46.405 29598 29598 D SELinuxMMAC: Using policy file /system/etc/selinux/plat_mac_permissions.xml
09-10 09:42:46.414 29598 29598 D SELinuxMMAC: Using policy file /system_ext/etc/selinux/system_ext_mac_permissions.xml
09-10 09:42:46.416 29598 29598 D SELinuxMMAC: Using policy file /product/etc/selinux/product_mac_permissions.xml
09-10 09:42:46.418 29598 29598 D SELinuxMMAC: Using policy file /vendor/etc/selinux/vendor_mac_permissions.xml
09-10 09:42:46.420 29598 29598 D SELinuxMMAC: Using policy file /odm/etc/selinux/odm_mac_permissions.xml
09-10 09:42:46.422 29598 29598 D PackageManagerTiming: loadFallbacks
09-10 09:42:46.425 29598 29598 D FallbackCategoryProvider: Found 1 fallback categories
09-10 09:42:46.425 29598 29598 D PackageManagerTiming: read user settings
09-10 09:42:46.654 29598 29598 W PackageManager: No package known for package restrictions com.google.android.devicelock
09-10 09:42:46.656 29598 29598 W PackageManager: No package known for package restrictions com.google.android.tzdata6
09-10 09:42:46.657 29598 29598 W PackageManager: No package known for package restrictions com.google.android.ondevicepersonalization
09-10 09:42:46.659 29598 29598 W PackageManager: No package known for package restrictions com.google.android.media.swcodec
09-10 09:42:46.660 29598 29598 W PackageManager: No package known for package restrictions com.google.android.os.statsd
09-10 09:42:46.660 29598 29598 W PackageManager: No package known for package restrictions com.google.android.widevine.nonupdatable
09-10 09:42:46.665 29598 29598 W PackageManager: No package known for package restrictions com.google.android.bt
09-10 09:42:46.666 29598 29598 W PackageManager: No package known for package restrictions com.google.android.healthfitness
09-10 09:42:46.666 29598 29598 W PackageManager: No package known for package restrictions com.google.android.gmssystem
09-10 09:42:46.667 29598 29598 W PackageManager: No package known for package restrictions com.google.android.ipsec
09-10 09:42:46.667 29598 29598 W PackageManager: No package known for package restrictions com.google.android.media
09-10 09:42:46.668 29598 29598 W PackageManager: No package known for package restrictions com.google.android.uprobestats
09-10 09:42:46.669 29598 29598 W PackageManager: No package known for package restrictions com.android.i18n
09-10 09:42:46.669 29598 29598 W PackageManager: No package known for package restrictions com.android.virt
09-10 09:42:46.669 29598 29598 W PackageManager: No package known for package restrictions com.google.android.nfcservices
09-10 09:42:46.670 29598 29598 W PackageManager: No package known for package restrictions com.google.android.appsearch
09-10 09:42:46.670 29598 29598 W PackageManager: No package known for package restrictions com.google.android.configinfrastructure
09-10 09:42:46.672 29598 29598 W PackageManager: No package known for package restrictions com.google.android.cellbroadcast
09-10 09:42:46.672 29598 29598 W PackageManager: No package known for package restrictions com.android.apex.cts.shim
09-10 09:42:46.672 29598 29598 W PackageManager: No package known for package restrictions com.google.android.resolv
09-10 09:42:46.672 29598 29598 W PackageManager: No package known for package restrictions com.google.android.sdkext
09-10 09:42:46.672 29598 29598 W PackageManager: No package known for package restrictions com.google.android.art
09-10 09:42:46.673 29598 29598 W PackageManager: No package known for package restrictions com.google.android.uwb
09-10 09:42:46.675 29598 29598 W PackageManager: No package known for package restrictions com.android.hardware.biometrics.fingerprint.virtual
09-10 09:42:46.675 29598 29598 W PackageManager: No package known for package restrictions com.google.android.runtime
09-10 09:42:46.676 29598 29598 W PackageManager: No package known for package restrictions com.google.android.adservices
09-10 09:42:46.677 29598 29598 W PackageManager: No package known for package restrictions com.google.android.crashrecovery
09-10 09:42:46.677 29598 29598 W PackageManager: No package known for package restrictions com.google.android.scheduling
09-10 09:42:46.678 29598 29598 W PackageManager: No package known for package restrictions com.google.android.mediaprovider
09-10 09:42:46.678 29598 29598 W PackageManager: No package known for package restrictions com.android.webapp
09-10 09:42:46.679 29598 29598 W PackageManager: No package known for package restrictions com.google.android.permission
09-10 09:42:46.679 29598 29598 W PackageManager: No package known for package restrictions com.google.android.profiling
09-10 09:42:46.680  1235  1235 I adbd    : adbd service requested 'shell,v2,TERM=xterm-256color:export ANDROID_LOG_TAGS=''; exec logcat '-d''
09-10 09:42:46.681 29598 29598 W PackageManager: No package known for package restrictions com.android.extservices
09-10 09:42:46.684 29598 29598 W PackageManager: No package known for package restrictions com.google.android.neuralnetworks
09-10 09:42:46.684 29598 29598 W PackageManager: No package known for package restrictions com.google.android.tethering
09-10 09:42:46.685 29598 29598 W PackageManager: No package known for package restrictions com.google.pixelwatchambient
09-10 09:42:46.685 29598 29598 W PackageManager: No package known for package restrictions com.google.android.adbd
09-10 09:42:46.686 29598 29598 W PackageManager: No package known for package restrictions com.google.android.rkpd
09-10 09:42:46.686 29598 29598 W PackageManager: No package known for package restrictions com.google.android.wifi
09-10 09:42:46.686 29598 29598 W PackageManager: No package known for package restrictions com.google.android.telephonycore
09-10 09:42:46.686 29598 29598 W PackageManager: No package known for package restrictions com.android.npumanager
09-10 09:42:46.687 29598 29598 W PackageManager: No package known for package restrictions com.google.android.conscrypt
09-10 09:42:46.702 29598 29598 W PackageSettings: Missing permission state for package com.google.omadm.trigger on user 0
09-10 09:42:46.702 29598 29598 W PackageSettings: Missing permission state for package com.google.android.apps.wearable.settings.overlay.pixel.watch on user 0
09-10 09:42:46.703 29598 29598 W PackageSettings: Missing permission state for package com.android.cts.priv.ctsshim on user 0
09-10 09:42:46.703 29598 29598 W PackageSettings: Missing permission state for package com.google.android.apps.weather on user 0
09-10 09:42:46.703 29598 29598 W PackageSettings: Missing permission state for package com.android.sdm.plugins.connmo on user 0
09-10 09:42:46.703 29598 29598 W PackageSettings: Missing permission state for package com.google.android.crossdeviceaccessservice on user 0
09-10 09:42:46.703 29598 29598 W PackageSettings: Missing permission state for package com.google.android.telecomresources.dialer.overlay on user 0
09-10 09:42:46.703 29598 29598 W PackageSettings: Missing permission state for package com.google.android.pixelsystemservice on user 0
09-10 09:42:46.703 29598 29598 W PackageSettings: Missing permission state for package com.google.android.apps.wearable.pixelwatchpermissions on user 0
09-10 09:42:46.703 29598 29598 W PackageSettings: Missing permission state for package android.overlay.disallow.speaker.use on user 0
09-10 09:42:46.703 29598 29598 W PackageSettings: Missing permission state for package com.google.android.ext.shared on user 0
09-10 09:42:46.704 29598 29598 W PackageSettings: Missing permission state for package com.android.virtualmachine.res on user 0
09-10 09:42:46.704 29598 29598 W PackageSettings: Missing permission state for package com.google.android.clockwork.flashlight on user 0
09-10 09:42:46.704 29598 29598 W PackageSettings: Missing permission state for package com.google.android.federatedcompute on user 0
09-10 09:42:46.704 29598 29598 W PackageSettings: Missing permission state for package com.google.android.wearable.sysui on user 0
09-10 09:42:46.704 29598 29598 W PackageSettings: Missing permission state for package com.google.android.wearable.sysui.overlay.quickactions.pixelwatch on user 0
09-10 09:42:46.704 29598 29598 W PackageSettings: Missing permission state for package com.android.wearable.overlay.com.google.android.wearable.sysui on user 0
09-10 09:42:46.704 29598 29598 W PackageSettings: Missing permission state for package com.google.android.apps.messaging.overlay.wearmaterial.pixelwatch on user 0
09-10 09:42:46.704 29598 29598 W PackageSettings: Missing permission state for package com.google.euiccpixel on user 0
09-10 09:42:46.704 29598 29598 W PackageSettings: Missing permission state for package com.google.android.wearable.weather on user 0
09-10 09:42:46.705 29598 29598 W PackageSettings: Missing permission state for package com.android.providers.telephony.auto_generated_characteristics_rro on user 0
09-10 09:42:46.705 29598 29598 W PackageSettings: Missing permission state for package com.google.android.wearable.setupwizard.overlay.fastpair.pixelwatch.eos on user 0
09-10 09:42:46.705 29598 29598 W PackageSettings: Missing permission state for package com.qualcomm.uimremoteclient on user 0
09-10 09:42:46.705 29598 29598 W PackageSettings: Missing permission state for package com.google.android.grilservice.overlay.pixelwatch on user 0
09-10 09:42:46.705 29598 29598 W PackageSettings: Missing permission state for package com.whatsapp on user 0
09-10 09:42:46.705 29598 29598 W PackageSettings: Missing permission state for package com.google.android.telecomui on user 0
09-10 09:42:46.705 29598 29598 W PackageSettings: Missing permission state for package android.service.displayoffload.resources on user 0
09-10 09:42:46.705 29598 29598 W PackageSettings: Missing permission state for package com.google.android.wearable.setupwizard on user 0
09-10 09:42:46.705 29468 29503 D Diag_Lib: diag: Diag_LSM_Init: invoked for pid: 29468 with init_count: 0
09-10 09:42:46.705 29598 29598 W PackageSettings: Missing permission state for package com.google.android.resources.overlay.batterystats on user 0
09-10 09:42:46.706 29598 29598 W PackageSettings: Missing permission state for package com.google.android.health.connect.backuprestore on user 0
09-10 09:42:46.706 29598 29598 W PackageSettings: Missing permission state for package com.google.android.apps.messaging on user 0
09-10 09:42:46.706 29598 29598 W PackageSettings: Missing permission state for package com.google.android.wearable.setupwizard.overlay.pixel.watch on user 0
09-10 09:42:46.706 29468 29503 D Diag_Lib: diag:failed to connect to diag socket
09-10 09:42:46.706 29598 29598 W PackageSettings: Missing permission state for package com.google.android.configupdater on user 0
09-10 09:42:46.706 29598 29598 W PackageSettings: Missing permission state for package com.google.android.providers.media.module on user 0
09-10 09:42:46.706 29468 29503 D Diag_Lib:  Diag_LSM_Init: Failed to open handle to diag driver, error = 111
09-10 09:42:46.706 29468 29503 I ATS     : vendor/qcom/sw5100-lw4/proprietary-audio/args/acdb/ats/transports/diag/linux/actp/src/actp.c:actp_diag_init:105 Error[1]: Failed to initialize DIAG
09-10 09:42:46.706 29598 29598 W PackageSettings: Missing permission state for package com.google.android.pixel.watch.wearable.resources.overlayEnableBIP on user 0
09-10 09:42:46.706 29468 29503 E ATS     : vendor/qcom/sw5100-lw4/proprietary-audio/args/acdb/ats/src/ats.c:ats_init:143 Error[1]: Failed to initialize Diag
09-10 09:42:46.706 29468 29503 E ATS     : vendor/qcom/sw5100-lw4/proprietary-audio/args/acdb/ats/src/ats.c:ats_init:263 Error[1]: Failed to initialize ATS
09-10 09:42:46.706 29468 29503 E AGM: API: ats_init_thread: 64 ats_init failed retry 18 err 1
09-10 09:42:46.706 29598 29598 W PackageSettings: Missing permission state for package com.qualcomm.uimremoteserver on user 0
09-10 09:42:46.706 29598 29598 W PackageSettings: Missing permission state for package com.android.se.overlay.target on user 0
09-10 09:42:46.707 29598 29598 W PackageSettings: Missing permission state for package com.google.android.apps.safetyhub on user 0
09-10 09:42:46.707 29598 29598 W PackageSettings: Missing permission state for package com.google.android.hotspot2.osulogin on user 0
09-10 09:42:46.707 29598 29598 W PackageSettings: Missing permission state for package com.android.vending on user 0
09-10 09:42:46.707 29598 29598 W PackageSettings: Missing permission state for package com.google.android.adservices.api on user 0
09-10 09:42:46.707 29598 29598 W PackageSettings: Missing permission state for package android.autoinstalls.config.google.wear on user 0
09-10 09:42:46.707 29598 29598 W PackageSettings: Missing permission state for package com.google.android.wearable.app.overlay.wearmaterial.pixelwatch on user 0
09-10 09:42:46.707 29598 29598 W PackageSettings: Missing permission state for package com.google.android.clockwork.nfc on user 0
09-10 09:42:46.707 29598 29598 W PackageSettings: Missing permission state for package com.android.modulemetadata on user 0
09-10 09:42:46.707 29598 29598 W PackageSettings: Missing permission state for package com.android.certinstaller on user 0
09-10 09:42:46.708 29598 29598 W PackageSettings: Missing permission state for package com.google.android.wearable.lw on user 0
09-10 09:42:46.708 29598 29598 W PackageSettings: Missing permission state for package com.google.android.marvin.talkback on user 0
09-10 09:42:46.708 29598 29598 W PackageSettings: Missing permission state for package com.android.phone.overlay.lte.pixelwatch on user 0
09-10 09:42:46.708 29598 29598 W PackageSettings: Missing permission state for package com.google.android.connectivity.resources.overlay.pixelwatch on user 0
09-10 09:42:46.708 29598 29598 W PackageSettings: Missing permission state for package com.android.hotwordenrollment.xgoogle on user 0
09-10 09:42:46.708 29598 29598 W PackageSettings: Missing permission state for package com.google.android.wearable.dwf.receiver on user 0
09-10 09:42:46.708 29598 29598 W PackageSettings: Missing permission state for package com.google.android.grilservice on user 0
09-10 09:42:46.708 29598 29598 W PackageSettings: Missing permission state for package com.android.appsearch.aiseal.config on user 0
09-10 09:42:46.708 29598 29598 W PackageSettings: Missing permission state for package com.google.android.sdksandbox on user 0
09-10 09:42:46.710 29598 29598 W PackageSettings: Missing permission state for package com.test.watchprobe on user 0
09-10 09:42:46.710 29598 29598 W PackageSettings: Missing permission state for package com.android.backupconfirm on user 0
09-10 09:42:46.710 29598 29598 W PackageSettings: Missing permission state for package com.google.android.deskclock on user 0
09-10 09:42:46.710 29598 29598 W PackageSettings: Missing permission state for package com.test.crossdevicepoc on user 0
09-10 09:42:46.710 29598 29598 W PackageSettings: Missing permission state for package org.codeaurora.ims on user 0
09-10 09:42:46.710 29598 29598 W PackageSettings: Missing permission state for package com.google.android.gm on user 0
09-10 09:42:46.711 29598 29598 W PackageSettings: Missing permission state for package com.google.android.carrier on user 0
09-10 09:42:46.711 29598 29598 W PackageSettings: Missing permission state for package com.google.android.permissioncontroller on user 0
09-10 09:42:46.711 29598 29598 W PackageSettings: Missing permission state for package com.android.wearable.resources on user 0
09-10 09:42:46.711 29598 29598 W PackageSettings: Missing permission state for package com.android.hotwordenrollment.okgoogle on user 0
09-10 09:42:46.711 29598 29598 W PackageSettings: Missing permission state for package com.google.android.wearable.pixel.pdms on user 0
09-10 09:42:46.711 29598 29598 W PackageSettings: Missing permission state for package com.android.sdm.plugins.diagmon on user 0
09-10 09:42:46.711 29598 29598 W PackageSettings: Missing permission state for package com.christan.google_ass_tv_poc on user 0
09-10 09:42:46.711 29598 29598 W PackageSettings: Missing permission state for package com.google.android.devicelockcontroller on user 0
09-10 09:42:46.711 29598 29598 W PackageSettings: Missing permission state for package com.google.android.dialer on user 0
09-10 09:42:46.711 29598 29598 W PackageSettings: Missing permission state for package com.fitbit.ecg on user 0
09-10 09:42:46.711 29598 29598 W PackageSettings: Missing permission state for package com.google.android.captiveportallogin on user 0
09-10 09:42:46.711 29598 29598 W PackageSettings: Missing permission state for package com.google.android.wearable.protolayout.renderer on user 0
09-10 09:42:46.711 29598 29598 W PackageSettings: Missing permission state for package android.auto_generated_characteristics_rro on user 0
09-10 09:42:46.711 29598 29598 W PackageSettings: Missing permission state for package com.google.android.appsearch.apk on user 0
09-10 09:42:46.711 29598 29598 W PackageSettings: Missing permission state for package com.google.android.gsmediator on user 0
09-10 09:42:46.711 29598 29598 W PackageSettings: Missing permission state for package com.google.android.apps.maps on user 0
09-10 09:42:46.711 29598 29598 W PackageSettings: Missing permission state for package com.google.android.apps.wearable.settings.overlay.preferences.pixelwatch on user 0
09-10 09:42:46.711 29598 29598 W PackageSettings: Missing permission state for package com.android.webapp.service on user 0
09-10 09:42:46.711 29598 29598 W PackageSettings: Missing permission state for package com.google.android.pixel.watch.android.resources.overlay2023 on user 0
09-10 09:42:46.711 29598 29598 W PackageSettings: Missing permission state for package com.google.clockwork.watchface.runtime.overlay on user 0
09-10 09:42:46.711 29598 29598 W PackageSettings: Missing permission state for package com.android.cellbroadcastreceiver on user 0
09-10 09:42:46.711 29598 29598 W PackageSettings: Missing permission state for package com.google.android.apps.carrier.log on user 0
09-10 09:42:46.712 29598 29598 W PackageSettings: Missing permission state for package com.google.android.rkpdapp on user 0
09-10 09:42:46.712 29598 29598 W PackageSettings: Missing permission state for package com.google.android.contacts on user 0
09-10 09:42:46.712 29598 29598 W PackageSettings: Missing permission state for package com.poc.avatarleak on user 0
09-10 09:42:46.712 29598 29598 W PackageSettings: Missing permission state for package com.android.phone.auto_generated_characteristics_rro on user 0
09-10 09:42:46.712 29598 29598 W PackageSettings: Missing permission state for package com.google.android.packageinstaller on user 0
09-10 09:42:46.712 29598 29598 W PackageSettings: Missing permission state for package com.google.android.gms on user 0
09-10 09:42:46.712 29598 29598 W PackageSettings: Missing permission state for package com.google.android.tts on user 0
09-10 09:42:46.712 29598 29598 W PackageSettings: Missing permission state for package android.ext.services on user 0
09-10 09:42:46.712 29598 29598 W PackageSettings: Missing permission state for package com.google.android.apps.walletnfcrel on user 0
09-10 09:42:46.712 29598 29598 W PackageSettings: Missing permission state for package com.android.carrierdefaultapp on user 0
09-10 09:42:46.712 29598 29598 W PackageSettings: Missing permission state for package com.google.android.apps.wearable.settings.overlay.pixel.watch2023 on user 0
09-10 09:42:46.712 29598 29598 W PackageSettings: Missing permission state for package com.google.wear.services.overlay.pixelwatch.watchfaces.v2 on user 0
09-10 09:42:46.712 29598 29598 W PackageSettings: Missing permission state for package com.android.credentialmanager on user 0
09-10 09:42:46.712 29598 29598 W PackageSettings: Missing permission state for package com.google.android.safetycenter.resources on user 0
09-10 09:42:46.712 29598 29598 W PackageSettings: Missing permission state for package com.google.clockwork.overlay.frameworks on user 0
09-10 09:42:46.712 29598 29598 W PackageSettings: Missing permission state for package com.android.intentresolver on user 0
09-10 09:42:46.712 29598 29598 W PackageSettings: Missing permission state for package com.google.android.connectivity.resources on user 0
09-10 09:42:46.712 29598 29598 W PackageSettings: Missing permission state for package com.google.android.apps.photos on user 0
09-10 09:42:46.712 29598 29598 W PackageSettings: Missing permission state for package com.google.android.calendar on user 0
09-10 09:42:46.713 29598 29598 W PackageSettings: Missing permission state for package com.android.managedprovisioning on user 0
09-10 09:42:46.713 29598 29598 W PackageSettings: Missing permission state for package com.google.android.apps.wearable.settings.overlay.wearmaterial.pixelwatch on user 0
09-10 09:42:46.713 29598 29598 W PackageSettings: Missing permission state for package com.spotify.music on user 0
09-10 09:42:46.713 29598 29598 W PackageSettings: Missing permission state for package com.google.android.pixelnfc on user 0
09-10 09:42:46.713 29598 29598 W PackageSettings: Missing permission state for package com.google.android.pixel.watch.wearable.resources.overlay on user 0
09-10 09:42:46.713 29598 29598 W PackageSettings: Missing permission state for package com.google.android.apps.wearable.systemui.wearmaterial.pixelwatch on user 0
09-10 09:42:46.713 29598 29598 W PackageSettings: Missing permission state for package com.android.sdm.plugins.dcmo on user 0
09-10 09:42:46.713 29598 29598 W PackageSettings: Missing permission state for package com.google.android.wearable.watchface.rwf on user 0
09-10 09:42:46.713 29598 29598 W PackageSettings: Missing permission state for package com.google.android.pixel.watch.android.resources.haptics on user 0
09-10 09:42:46.713 29598 29598 W PackageSettings: Missing permission state for package com.google.android.euicc.wear on user 0
09-10 09:42:46.713 29598 29598 W PackageSettings: Missing permission state for package com.google.android.wearable.healthservices on user 0
09-10 09:42:46.713 29598 29598 W PackageSettings: Missing permission state for package com.poc.bal on user 0
09-10 09:42:46.713 29598 29598 W PackageSettings: Missing permission state for package com.google.android.apps.wearable.retailattractloop on user 0
09-10 09:42:46.713 29598 29598 W PackageSettings: Missing permission state for package com.google.android.pixel.watch.wearable.resources.overlay2023 on user 0
09-10 09:42:46.713 29598 29598 W PackageSettings: Missing permission state for package com.google.android.clockwork.font.sandbox.impl on user 0
09-10 09:42:46.713 29598 29598 W PackageSettings: Missing permission state for package com.google.android.telecomresources on user 0
09-10 09:42:46.714 29598 29598 W PackageSettings: Missing permission state for package com.poc.silentsms on user 0
09-10 09:42:46.714 29598 29598 W PackageSettings: Missing permission state for package com.google.android.healthconnect.controller on user 0
09-10 09:42:46.714 29598 29598 W PackageSettings: Missing permission state for package com.google.android.wearable.pixel.aspen on user 0
09-10 09:42:46.714 29598 29598 W PackageSettings: Missing permission state for package com.google.android.wearable.assistant on user 0
09-10 09:42:46.714 29598 29598 W PackageSettings: Missing permission state for package com.google.android.wearable.media.sessions on user 0
09-10 09:42:46.714 29598 29598 W PackageSettings: Missing permission state for package com.google.android.wearable.sysui.overlay.pixelwatch2023 on user 0
09-10 09:42:46.714 29598 29598 W PackageSettings: Missing permission state for package com.google.android.gms.supervision on user 0
09-10 09:42:46.714 29598 29598 W PackageSettings: Missing permission state for package com.google.android.wearable.watchface.rwf.overlay.wearmaterial.pixelwatch on user 0
09-10 09:42:46.714 29598 29598 W PackageSettings: Missing permission state for package com.android.wifi.resources.overlay.pixelwatch on user 0
09-10 09:42:46.714 29598 29598 W PackageSettings: Missing permission state for package com.google.android.wearable.sysui.overlay.notification.pixelwatch on user 0
09-10 09:42:46.714 29598 29598 W PackageSettings: Missing permission state for package com.qualcomm.qti.ims on user 0
09-10 09:42:46.715 29598 29598 W PackageSettings: Missing permission state for package com.fitbit.FitbitMobile on user 0
09-10 09:42:46.715 29598 29598 W PackageSettings: Missing permission state for package com.google.android.apps.scone on user 0
09-10 09:42:46.715 29598 29598 W PackageSettings: Missing permission state for package com.google.android.wearable.app on user 0
09-10 09:42:46.715 29598 29598 W PackageSettings: Missing permission state for package android.overlay.com.google.android.wearable.sysui on user 0
09-10 09:42:46.715 29598 29598 W PackageSettings: Missing permission state for package com.google.android.uwb.resources on user 0
09-10 09:42:46.715 29598 29598 W PackageSettings: Missing permission state for package com.google.android.permissioncontroller.overlay.pixel.watch.config on user 0
09-10 09:42:46.715 29598 29598 W PackageSettings: Missing permission state for package com.google.android.apps.chromecast.app on user 0
09-10 09:42:46.715 29598 29598 W PackageSettings: Missing permission state for package com.android.cts.ctsshim on user 0
09-10 09:42:46.715 29598 29598 W PackageSettings: Missing permission state for package com.google.android.wifi.resources on user 0
09-10 09:42:46.716 29598 29598 W PackageSettings: Missing permission state for package com.google.android.wifi.dialog on user 0
09-10 09:42:46.716 29598 29598 W PackageSettings: Missing permission state for package com.google.android.wearable.settings.overlay.pdms.autobedtimemode on user 0
09-10 09:42:46.716 29598 29598 W PackageSettings: Missing permission state for package com.google.android.inputmethod.latin.overlay.wearmaterial.pixelwatch on user 0
09-10 09:42:46.716 29598 29598 W PackageSettings: Missing permission state for package com.google.android.keep on user 0
09-10 09:42:46.716 29598 29598 W PackageSettings: Missing permission state for package com.test.datalayer on user 0
09-10 09:42:46.716 29598 29598 W PackageSettings: Missing permission state for package com.google.wear.services.overlay2023 on user 0
09-10 09:42:46.716 29598 29598 W PackageSettings: Missing permission state for package com.google.android.wearable.sysui.overlay.wearmaterial.pixelwatch on user 0
09-10 09:42:46.716 29598 29598 W PackageSettings: Missing permission state for package com.google.android.ondevicepersonalization.services on user 0
09-10 09:42:46.716 29598 29598 W PackageSettings: Missing permission state for package com.google.android.hardwareinfo on user 0
09-10 09:42:46.716 29598 29598 W PackageSettings: Missing permission state for package com.google.android.apps.youtube.music on user 0
09-10 09:42:46.716 29598 29598 W PackageSettings: Missing permission state for package com.qualcomm.qti.confdialer on user 0
09-10 09:42:46.716 29598 29598 W PackageSettings: Missing permission state for package com.google.android.cellbroadcastreceiver on user 0
09-10 09:42:46.716 29598 29598 W PackageSettings: Missing permission state for package com.google.android.apps.scone.coex.overlay.pixelwatch on user 0
09-10 09:42:46.716 29598 29598 W PackageSettings: Missing permission state for package com.google.android.wearable.app.overlay.tiles.pixelwatch on user 0
09-10 09:42:46.716 29598 29598 W PackageSettings: Missing permission state for package com.research.providerprobe on user 0
09-10 09:42:46.716 29598 29598 W PackageSettings: Missing permission state for package com.google.android.wearable.fitbit.retaildemo on user 0
09-10 09:42:46.717 29598 29598 W PackageSettings: Missing permission state for package com.google.android.wearable.setupwizard.overlay.wearmaterial.pixelwatch on user 0
09-10 09:42:46.717 29598 29598 W PackageSettings: Missing permission state for package com.google.android.apps.adm on user 0
09-10 09:42:46.717 29598 29598 W PackageSettings: Missing permission state for package com.poc.lockbypass on user 0
09-10 09:42:46.717 29598 29598 W PackageSettings: Missing permission state for package com.qualcomm.timeservice on user 0
09-10 09:42:46.717 29598 29598 W PackageSettings: Missing permission state for package com.google.android.telecomresources.clockwork.overlay on user 0
09-10 09:42:46.717 29598 29598 W PackageSettings: Missing permission state for package com.google.android.wearable.cavalry on user 0
09-10 09:42:46.717 29598 29598 W PackageSettings: Missing permission state for package com.vrp.poc on user 0
09-10 09:42:46.717 29598 29598 W PackageSettings: Missing permission state for package com.google.android.wearable.diagnosticstool on user 0
09-10 09:42:46.717 29598 29598 W PackageSettings: Missing permission state for package com.google.android.wearable.frameworkpackagestubs on user 0
09-10 09:42:46.717 29598 29598 W PackageSettings: Missing permission state for package com.google.wear.watchface.runtime on user 0
09-10 09:42:46.717 29598 29598 W PackageSettings: Missing permission state for package com.google.android.GoogleCamera on user 0
09-10 09:42:46.717 29598 29598 W PackageSettings: Missing permission state for package com.google.android.apps.pixel.dcservice on user 0
09-10 09:42:46.717 29598 29598 W PackageSettings: Missing permission state for package com.google.android.photopicker on user 0
09-10 09:42:46.717 29598 29598 W PackageSettings: Missing permission state for package com.google.android.inputmethod.latin on user 0
09-10 09:42:46.717 29598 29598 W PackageSettings: Missing permission state for shared user: android.uid.log
09-10 09:42:46.717 29598 29598 W PackageSettings: Missing permission state for shared user: android.uid.uwb
09-10 09:42:46.721 29598 29598 W PackageManager: Could not find package com.android.companiondevicemanager
09-10 09:42:46.862 29598 29598 D PackageManager: Directories scanned as system partitions: [/system:0, /vendor:524288, /odm:4194304, /oem:262144, /product:1048576, /system_ext:2097152, /apex/com.android.extservices:41943040, /apex/com.android.hardware.biometrics.fingerprint.virtual:44040192, /apex/com.android.healthfitness:41943040, /apex/com.android.conscrypt:41943040, /apex/com.android.mediaprovider:41943040, /apex/com.android.neuralnetworks:41943040, /apex/com.android.devicelock:41943040, /apex/com.android.configinfrastructure:41943040, /apex/com.android.npumanager:41943040, /apex/com.android.bt:41943040, /apex/com.android.appsearch:41943040, /apex/com.android.cellbroadcast:41943040, /apex/com.android.os.statsd:41943040, /apex/com.android.art:41943040, /apex/com.android.crashrecovery:41943040, /apex/com.android.adservices:41943040, /apex/com.android.rkpd:41943040, /apex/com.android.wifi:41943040, /apex/com.android.uwb:41943040, /apex/com.google.android.gmssystem:42991616, /apex/com.android.nfcservices:41943040, /apex/com.android.runtime:41943040, /apex/com.android.media:41943040, /apex/com.android.permission:41943040, /apex/com.android.resolv:41943040, /apex/com.google.android.widevine:42467328, /apex/com.android.media.swcodec:41943040, /apex/com.android.profiling:41943040, /apex/com.android.ondevicepersonalization:41943040, /apex/com.google.pixelwatchambient:42467328, /apex/com.android.tzdata:41943040, /apex/com.android.adbd:41943040, /apex/com.android.i18n:41943040, /apex/com.android.uprobestats:41943040, /apex/com.android.tethering:41943040, /apex/com.android.sdkext:41943040, /apex/com.android.scheduling:41943040, /apex/com.android.apex.cts.shim:41943040, /apex/com.android.telephonycore:41943040, /apex/com.android.ipsec:41943040, /apex/com.android.virt:41943040, /apex/com.android.webapp:41943040]
09-10 09:42:46.867 29598 29598 D PackageManager: Keeping known cache bf811039d2dd0b3a344154423d4bf126f803e4cc
09-10 09:42:46.953 29598 29723 D PackageCacher: Feature flags for package /system/apex/com.google.android.appsearch.apex: {android.permission.flags.access_local_network_permission_enabled=true}
09-10 09:42:46.953 29598 29720 D PackageCacher: Feature flags for package /system/apex/com.google.android.adbd.apex: {android.permission.flags.access_local_network_permission_enabled=true}
09-10 09:42:46.953 29598 29721 D PackageCacher: Feature flags for package /system/apex/com.google.android.adservices.apex: {android.permission.flags.access_local_network_permission_enabled=true}
09-10 09:42:46.953 29598 29722 D PackageCacher: Feature flags for package /system/apex/com.android.apex.cts.shim.apex: {android.permission.flags.access_local_network_permission_enabled=true}
09-10 09:42:46.955 29598 29721 D PackageCacher: Feature flags for package /system/apex/com.google.android.bt.apex: {android.permission.flags.access_local_network_permission_enabled=true}
09-10 09:42:46.955 29598 29720 D PackageCacher: Feature flags for package /system/apex/com.google.android.configinfrastructure.apex: {android.permission.flags.access_local_network_permission_enabled=true}
09-10 09:42:46.955 29598 29722 D PackageCacher: Feature flags for package /system/apex/com.google.android.art.apex: {android.permission.flags.access_local_network_permission_enabled=true}
09-10 09:42:46.955 29598 29723 D PackageCacher: Feature flags for package /system/apex/com.google.android.cellbroadcast.apex: {android.permission.flags.access_local_network_permission_enabled=true}
09-10 09:42:46.958 29598 29721 D PackageCacher: Feature flags for package /system/apex/com.google.android.devicelock.apex: {android.permission.flags.access_local_network_permission_enabled=true}
09-10 09:42:46.958 29598 29723 D PackageCacher: Feature flags for package /system/apex/com.google.android.crashrecovery.apex: {android.permission.flags.access_local_network_permission_enabled=true}
09-10 09:42:46.958 29598 29722 D PackageCacher: Feature flags for package /system/apex/com.android.extservices.apex: {android.permission.flags.access_local_network_permission_enabled=true}
09-10 09:42:46.958 29598 29720 D PackageCacher: Feature flags for package /system/apex/com.google.android.conscrypt.apex: {android.permission.flags.access_local_network_permission_enabled=true}
09-10 09:42:46.960 29598 29720 D PackageCacher: Feature flags for package /system/apex/com.android.i18n.apex: {android.permission.flags.access_local_network_permission_enabled=true}
09-10 09:42:46.960 29598 29723 D PackageCacher: Feature flags for package /system/apex/com.google.android.healthfitness.apex: {android.permission.flags.access_local_network_permission_enabled=true}
09-10 09:42:46.960 29598 29721 D PackageCacher: Feature flags for package /system/apex/com.google.android.ipsec.apex: {android.permission.flags.access_local_network_permission_enabled=true}
09-10 09:42:46.960 29598 29722 D PackageCacher: Feature flags for package /system_ext/apex/com.android.hardware.biometrics.fingerprint.virtual.apex: {android.permission.flags.access_local_network_permission_enabled=true}
09-10 09:42:46.962 29598 29722 D PackageCacher: Feature flags for package /system/apex/com.google.android.neuralnetworks.apex: {android.permission.flags.access_local_network_permission_enabled=true}
09-10 09:42:46.962 29598 29721 D PackageCacher: Feature flags for package /system/apex/com.google.android.media.swcodec.apex: {android.permission.flags.access_local_network_permission_enabled=true}
09-10 09:42:46.962 29598 29720 D PackageCacher: Feature flags for package /system/apex/com.google.android.mediaprovider.apex: {android.permission.flags.access_local_network_permission_enabled=true}
09-10 09:42:46.962 29598 29723 D PackageCacher: Feature flags for package /system/apex/com.google.android.media.apex: {android.permission.flags.access_local_network_permission_enabled=true}
09-10 09:42:46.965 29598 29721 D PackageCacher: Feature flags for package /system/apex/com.google.android.ondevicepersonalization.apex: {android.permission.flags.access_local_network_permission_enabled=true}
09-10 09:42:46.965 29598 29722 D PackageCacher: Feature flags for package /system/apex/com.google.android.os.statsd.apex: {android.permission.flags.access_local_network_permission_enabled=true}
09-10 09:42:46.965 29598 29720 D PackageCacher: Feature flags for package /system/apex/com.google.android.nfcservices.apex: {android.permission.flags.access_local_network_permission_enabled=true}
09-10 09:42:46.965 29598 29723 D PackageCacher: Feature flags for package /system/apex/com.android.npumanager.apex: {android.permission.flags.access_local_network_permission_enabled=true}
09-10 09:42:46.967 29598 29720 D PackageCacher: Feature flags for package /system/apex/com.google.android.permission.apex: {android.permission.flags.access_local_network_permission_enabled=true}
09-10 09:42:46.967 29598 29721 D PackageCacher: Feature flags for package /system/apex/com.google.android.resolv.apex: {android.permission.flags.access_local_network_permission_enabled=true}
09-10 09:42:46.967 29598 29723 D PackageCacher: Feature flags for package /system/apex/com.google.android.rkpd.apex: {android.permission.flags.access_local_network_permission_enabled=true}
09-10 09:42:46.968 29598 29722 D PackageCacher: Feature flags for package /system/apex/com.google.android.profiling.apex: {android.permission.flags.access_local_network_permission_enabled=true}
09-10 09:42:46.970 29598 29723 D PackageCacher: Feature flags for package /system/apex/com.google.android.sdkext.apex: {android.permission.flags.access_local_network_permission_enabled=true}
09-10 09:42:46.970 29598 29720 D PackageCacher: Feature flags for package /system/apex/com.android.runtime.apex: {android.permission.flags.access_local_network_permission_enabled=true}
09-10 09:42:46.970 29598 29721 D PackageCacher: Feature flags for package /system/apex/com.google.android.scheduling.apex: {android.permission.flags.access_local_network_permission_enabled=true}
09-10 09:42:46.970 29598 29722 D PackageCacher: Feature flags for package /system/apex/com.google.android.telephonycore.apex: {android.permission.flags.access_local_network_permission_enabled=true}
09-10 09:42:46.972 29598 29720 D PackageCacher: Feature flags for package /system/apex/com.google.android.tethering.apex: {android.permission.flags.access_local_network_permission_enabled=true}
09-10 09:42:46.972 29598 29721 D PackageCacher: Feature flags for package /system/apex/com.google.android.uprobestats.apex: {android.permission.flags.access_local_network_permission_enabled=true}
09-10 09:42:46.972 29598 29723 D PackageCacher: Feature flags for package /system/apex/com.google.android.tzdata6.apex: {android.permission.flags.access_local_network_permission_enabled=true}
09-10 09:42:46.972 29598 29722 D PackageCacher: Feature flags for package /system/apex/com.google.android.uwb.apex: {android.permission.flags.access_local_network_permission_enabled=true}
09-10 09:42:46.974 29598 29720 D PackageCacher: Feature flags for package /product/apex/com.google.android.gmssystem.wearable.apex: {android.permission.flags.access_local_network_permission_enabled=true}
09-10 09:42:46.974 29598 29722 D PackageCacher: Feature flags for package /system/apex/com.android.virt.apex: {android.permission.flags.access_local_network_permission_enabled=true}
09-10 09:42:46.975 29598 29723 D PackageCacher: Feature flags for package /system/apex/com.android.webapp.apex: {android.permission.flags.access_local_network_permission_enabled=true}
09-10 09:42:46.975 29598 29721 D PackageCacher: Feature flags for package /system/apex/com.google.android.wifi.apex: {android.permission.flags.access_local_network_permission_enabled=true}
09-10 09:42:46.977 29598 29721 D PackageCacher: Feature flags for package /vendor/apex/com.google.pixelwatchambient.apex: {android.permission.flags.access_local_network_permission_enabled=true}
09-10 09:42:46.977 29598 29722 D PackageCacher: Feature flags for package /vendor/apex/com.google.android.widevine-15027108-cp2a.apex: {android.permission.flags.access_local_network_permission_enabled=true}
09-10 09:42:46.981 29598 29598 I PackageManager: /system/apex/com.android.apex.cts.shim.apex changed; collecting certs
09-10 09:42:47.005 29598 29598 I PackageBackwardCompatibility: Loaded android.content.pm.AndroidTestBaseUpdater
09-10 09:42:47.014 29598 29598 I PackageManager: /system/apex/com.google.android.adservices.apex changed; collecting certs
09-10 09:42:47.026 29598 29598 I PackageManager: /system/apex/com.google.android.appsearch.apex changed; collecting certs
09-10 09:42:47.037 29598 29598 I PackageManager: /system/apex/com.google.android.adbd.apex changed; collecting certs
09-10 09:42:47.048 29598 29598 I PackageManager: /system/apex/com.google.android.configinfrastructure.apex changed; collecting certs
09-10 09:42:47.059 29598 29598 I PackageManager: /system/apex/com.google.android.cellbroadcast.apex changed; collecting certs
09-10 09:42:47.070 29598 29598 I PackageManager: /system/apex/com.google.android.bt.apex changed; collecting certs
09-10 09:42:47.081 29598 29598 I PackageManager: /system/apex/com.google.android.art.apex changed; collecting certs
09-10 09:42:47.092 29598 29598 I PackageManager: /system/apex/com.android.extservices.apex changed; collecting certs
09-10 09:42:47.103 29598 29598 I PackageManager: /system/apex/com.google.android.crashrecovery.apex changed; collecting certs
09-10 09:42:47.114 29598 29598 I PackageManager: /system/apex/com.google.android.conscrypt.apex changed; collecting certs
09-10 09:42:47.125 29598 29598 I PackageManager: /system/apex/com.google.android.devicelock.apex changed; collecting certs
09-10 09:42:47.135 29598 29598 I PackageManager: /system/apex/com.google.android.healthfitness.apex changed; collecting certs
09-10 09:42:47.146 29598 29598 I PackageManager: /system/apex/com.google.android.ipsec.apex changed; collecting certs
09-10 09:42:47.157 29598 29598 I PackageManager: /system/apex/com.android.i18n.apex changed; collecting certs
09-10 09:42:47.169 29598 29598 I PackageManager: /system_ext/apex/com.android.hardware.biometrics.fingerprint.virtual.apex changed; collecting certs
09-10 09:42:47.180 29598 29598 I PackageManager: /system/apex/com.google.android.mediaprovider.apex changed; collecting certs
09-10 09:42:47.191 29598 29598 I PackageManager: /system/apex/com.google.android.media.swcodec.apex changed; collecting certs
09-10 09:42:47.202 29598 29598 I PackageManager: /system/apex/com.google.android.media.apex changed; collecting certs
09-10 09:42:47.207 29468 29503 D Diag_Lib: diag: Diag_LSM_Init: invoked for pid: 29468 with init_count: 0
09-10 09:42:47.207 29468 29503 D Diag_Lib: diag:failed to connect to diag socket
09-10 09:42:47.207 29468 29503 D Diag_Lib:  Diag_LSM_Init: Failed to open handle to diag driver, error = 111
09-10 09:42:47.207 29468 29503 I ATS     : vendor/qcom/sw5100-lw4/proprietary-audio/args/acdb/ats/transports/diag/linux/actp/src/actp.c:actp_diag_init:105 Error[1]: Failed to initialize DIAG
09-10 09:42:47.207 29468 29503 E ATS     : vendor/qcom/sw5100-lw4/proprietary-audio/args/acdb/ats/src/ats.c:ats_init:143 Error[1]: Failed to initialize Diag
09-10 09:42:47.207 29468 29503 E ATS     : vendor/qcom/sw5100-lw4/proprietary-audio/args/acdb/ats/src/ats.c:ats_init:263 Error[1]: Failed to initialize ATS
09-10 09:42:47.207 29468 29503 E AGM: API: ats_init_thread: 64 ats_init failed retry 19 err 1
09-10 09:42:47.213 29598 29598 I PackageManager: /system/apex/com.google.android.neuralnetworks.apex changed; collecting certs
09-10 09:42:47.224 29598 29598 I PackageManager: /system/apex/com.google.android.nfcservices.apex changed; collecting certs
09-10 09:42:47.235 29598 29598 I PackageManager: /system/apex/com.google.android.os.statsd.apex changed; collecting certs
09-10 09:42:47.246 29598 29598 I PackageManager: /system/apex/com.google.android.ondevicepersonalization.apex changed; collecting certs
09-10 09:42:47.257 29598 29598 I PackageManager: /system/apex/com.android.npumanager.apex changed; collecting certs
09-10 09:42:47.267 29598 29598 I PackageManager: /system/apex/com.google.android.permission.apex changed; collecting certs
09-10 09:42:47.278 29598 29598 I PackageManager: /system/apex/com.google.android.resolv.apex changed; collecting certs
09-10 09:42:47.289 29598 29598 I PackageManager: /system/apex/com.google.android.rkpd.apex changed; collecting certs
09-10 09:42:47.300 29598 29598 I PackageManager: /system/apex/com.google.android.profiling.apex changed; collecting certs
09-10 09:42:47.310 29598 29598 I PackageManager: /system/apex/com.google.android.scheduling.apex changed; collecting certs
09-10 09:42:47.322 29598 29598 I PackageManager: /system/apex/com.android.runtime.apex changed; collecting certs
09-10 09:42:47.333 29598 29598 I PackageManager: /system/apex/com.google.android.sdkext.apex changed; collecting certs
09-10 09:42:47.344 29598 29598 I PackageManager: /system/apex/com.google.android.telephonycore.apex changed; collecting certs
09-10 09:42:47.355 29598 29598 I PackageManager: /system/apex/com.google.android.tzdata6.apex changed; collecting certs
09-10 09:42:47.369 29598 29598 I PackageManager: /system/apex/com.google.android.uwb.apex changed; collecting certs
09-10 09:42:47.380 29598 29598 I PackageManager: /system/apex/com.google.android.uprobestats.apex changed; collecting certs
09-10 09:42:47.390 29464 29464 W libbinder.ServiceManagerCppClient: Waited one second for activity (is service started? Number of threads started in the threadpool: 16. Are binder threads started and available?)
09-10 09:42:47.391 29598 29598 I PackageManager: /system/apex/com.google.android.tethering.apex changed; collecting certs
09-10 09:42:47.393   329 29724 W libc    : Unable to set property "ctl.interface_start" to "aidl/activity": PROP_ERROR_HANDLE_CONTROL_MESSAGE (0x20)
09-10 09:42:47.401 29598 29598 I PackageManager: /system/apex/com.android.virt.apex changed; collecting certs
09-10 09:42:47.413 29598 29598 I PackageManager: /system/apex/com.google.android.wifi.apex changed; collecting certs
09-10 09:42:47.424 29598 29598 I PackageManager: /system/apex/com.android.webapp.apex changed; collecting certs
09-10 09:42:47.434 29598 29598 I PackageManager: /product/apex/com.google.android.gmssystem.wearable.apex changed; collecting certs
09-10 09:42:47.448 29598 29598 I PackageManager: /vendor/apex/com.google.android.widevine-15027108-cp2a.apex changed; collecting certs
09-10 09:42:47.480 29598 29598 I PackageManager: /vendor/apex/com.google.pixelwatchambient.apex changed; collecting certs
09-10 09:42:47.496 29598 29617 I system_server: Background concurrent mark compact GC freed 10MB AllocSpace bytes, 263(10MB) LOS objects, 97% free, 6823KB/256MB, paused 1.838ms,3.855ms total 182.839ms
09-10 09:42:47.511 29598 29598 D PackageManager: No files in app dir /apex/com.google.pixelwatchambient/overlay
09-10 09:42:47.512 29598 29598 D PackageManager: No files in app dir /apex/com.google.android.widevine/overlay
09-10 09:42:47.512 29598 29598 D PackageManager: No files in app dir /apex/com.google.android.gmssystem/overlay
09-10 09:42:47.512 29598 29598 D PackageManager: No files in app dir /apex/com.android.hardware.biometrics.fingerprint.virtual/overlay
09-10 09:42:47.514 29598 29598 D PackageManager: No files in app dir /oem/overlay
09-10 09:42:47.517 29598 29722 D PackageCacher: Feature flags for package /product/overlay/SetupWizardOverlayFastPairEos.apk: {android.permission.flags.access_local_network_permission_enabled=true}
09-10 09:42:47.517 29598 29723 D PackageCacher: Feature flags for package /system_ext/overlay/AndroidWearableOverlayPixelWatchSysUi.apk: {android.permission.flags.access_local_network_permission_enabled=true}
09-10 09:42:47.518 29598 29721 D PackageCacher: Feature flags for package /product/overlay/PixelWatchAndroidOverlay2023.apk: {android.permission.flags.access_local_network_permission_enabled=true}
09-10 09:42:47.518 29598 29720 D PackageCacher: Feature flags for package /system_ext/overlay/AndroidOverlayPixelWatchSysUi.apk: {android.permission.flags.access_local_network_permission_enabled=true}
09-10 09:42:47.520 29598 29723 D PackageCacher: Feature flags for package /product/overlay/DwfRuntimeOverlay: {android.permission.flags.access_local_network_permission_enabled=true}
09-10 09:42:47.520 29598 29720 D PackageCacher: Feature flags for package /product/overlay/SysUIWearMaterialOverlayPixelWatch.apk: {android.permission.flags.access_local_network_permission_enabled=true}
09-10 09:42:47.521 29598 29722 D PackageCacher: Feature flags for package /product/overlay/SetupWizardOverlay.apk: {android.permission.flags.access_local_network_permission_enabled=true}
09-10 09:42:47.521 29598 29721 D PackageCacher: Feature flags for package /product/overlay/SysUIQuickActionsOverlayPixelWatch: {android.permission.flags.access_local_network_permission_enabled=true}
09-10 09:42:47.524 29598 29722 D PackageCacher: Feature flags for package /product/overlay/PixelWatchWearOverlayEnableBIP.apk: {android.permission.flags.access_local_network_permission_enabled=true}
09-10 09:42:47.525 29598 29720 D PackageCacher: Feature flags for package /product/overlay/WearServicesOverlayPixelWatchWatchfacesV2.apk: {android.permission.flags.access_local_network_permission_enabled=true}
09-10 09:42:47.525 29598 29723 D PackageCacher: Feature flags for package /product/overlay/SconeCoexOverlayPixelWatch: {android.permission.flags.access_local_network_permission_enabled=true}
09-10 09:42:47.526 29598 29721 D PackageCacher: Feature flags for package /product/overlay/TelecomDialerOverlayGoogle.apk: {android.permission.flags.access_local_network_permission_enabled=true}
09-10 09:42:47.527 29598 29722 D PackageCacher: Feature flags for package /product/overlay/FrameworksOverlayClockwork.apk: {android.permission.flags.access_local_network_permission_enabled=true}
09-10 09:42:47.527 29598 29723 D PackageCacher: Feature flags for package /product/overlay/MessageWearMaterialOverlayPixelWatch.apk: {android.permission.flags.access_local_network_permission_enabled=true}
09-10 09:42:47.527 29598 29720 D PackageCacher: Feature flags for package /product/overlay/GboardWearMaterialOverlayPixelWatch.apk: {android.permission.flags.access_local_network_permission_enabled=true}
09-10 09:42:47.528 29598 29598 D PackageManager: No files in app dir /odm/priv-app
09-10 09:42:47.528 29598 29598 D PackageManager: No files in app dir /odm/app
09-10 09:42:47.528 29598 29598 D PackageManager: No files in app dir /oem/app
09-10 09:42:47.528 29598 29721 D PackageCacher: Feature flags for package /product/overlay/SettingsWearMaterialOverlayPixelWatch.apk: {android.permission.flags.access_local_network_permission_enabled=true}
09-10 09:42:47.530 29598 29720 D PackageCacher: Feature flags for package /product/overlay/PermissionControllerOverlay.apk: {android.permission.flags.access_local_network_permission_enabled=true}
09-10 09:42:47.530 29598 29723 D PackageCacher: Feature flags for package /product/overlay/PhoneOverlayLtePixelWatch.apk: {android.permission.flags.access_local_network_permission_enabled=true}
09-10 09:42:47.531 29598 29721 D PackageCacher: Feature flags for package /product/overlay/SettingsPreferencesAutoBedtimeModeOverlay.apk: {android.permission.flags.access_local_network_permission_enabled=true}
09-10 09:42:47.531 29598 29722 D PackageCacher: Feature flags for package /product/overlay/PixelWatchWearServicesOverlay2023: {android.permission.flags.access_local_network_permission_enabled=true}
09-10 09:42:47.532 29598 29720 D PackageCacher: Feature flags for package /product/overlay/PixelWatchWearOverlay2023.apk: {android.permission.flags.access_local_network_permission_enabled=true}
09-10 09:42:47.534 29598 29722 D PackageCacher: Feature flags for package /product/overlay/framework-res__nosdcard_watch__auto_generated_characteristics_rro.apk: {android.permission.flags.access_local_network_permission_enabled=true}
09-10 09:42:47.534 29598 29723 D PackageCacher: Feature flags for package /product/overlay/ClockworkSettingsOverlayPixelWatch.apk: {android.permission.flags.access_local_network_permission_enabled=true}
09-10 09:42:47.535 29598 29721 D PackageCacher: Feature flags for package /product/overlay/TelecomOverlayClockworkGoogle.apk: {android.permission.flags.access_local_network_permission_enabled=true}
09-10 09:42:47.535 29598 29720 D PackageCacher: Feature flags for package /product/overlay/WcsWearMaterialOverlayPixelWatch.apk: {android.permission.flags.access_local_network_permission_enabled=true}
09-10 09:42:47.537 29598 29721 D PackageCacher: Feature flags for package /product/overlay/RWFWearMaterialOverlayPixelWatch.apk: {android.permission.flags.access_local_network_permission_enabled=true}
09-10 09:42:47.537 29598 29722 D PackageCacher: Feature flags for package /product/overlay/PixelWatchHapticsOverlay2023Newer.apk: {android.permission.flags.access_local_network_permission_enabled=true}
09-10 09:42:47.537 29598 29723 D PackageCacher: Feature flags for package /product/overlay/SettingsPreferencesOverlayPixelWatch: {android.permission.flags.access_local_network_permission_enabled=true}
09-10 09:42:47.538 29598 29720 D PackageCacher: Feature flags for package /product/overlay/SysUIOverlayPixelWatch2023.apk: {android.permission.flags.access_local_network_permission_enabled=true}
09-10 09:42:47.539 29598 29598 D PackageManager: No files in app dir /apex/com.android.extservices/app
09-10 09:42:47.539 29598 29598 D PackageManager: No files in app dir /apex/com.android.hardware.biometrics.fingerprint.virtual/priv-app
09-10 09:42:47.539 29598 29598 D PackageManager: No files in app dir /apex/com.android.hardware.biometrics.fingerprint.virtual/app
09-10 09:42:47.540 29598 29721 D PackageCacher: Feature flags for package /product/overlay/ClockworkSettingsOverlayPixelWatch2023.apk: {android.permission.flags.access_local_network_permission_enabled=true}
09-10 09:42:47.541 29598 29722 D PackageCacher: Feature flags for package /product/overlay/WcsOverlayPixelWatch: {android.permission.flags.access_local_network_permission_enabled=true}
09-10 09:42:47.541 29598 29723 D PackageCacher: Feature flags for package /product/overlay/PixelWatchFrameworksWearOverlay.apk: {android.permission.flags.access_local_network_permission_enabled=true}
09-10 09:42:47.542 29598 29598 D PackageManager: No files in app dir /apex/com.android.conscrypt/priv-app
09-10 09:42:47.542 29598 29720 D PackageCacher: Feature flags for package /product/overlay/SysUINotificationOverlayPixelWatch: {android.permission.flags.access_local_network_permission_enabled=true}
09-10 09:42:47.542 29598 29598 D PackageManager: No files in app dir /apex/com.android.conscrypt/app
09-10 09:42:47.543 29598 29721 D PackageCacher: Feature flags for package /product/overlay/GrilServiceOverlayPixelWatch: {android.permission.flags.access_local_network_permission_enabled=true}
09-10 09:42:47.544 29598 29598 D PackageManager: No files in app dir /apex/com.android.mediaprovider/app
09-10 09:42:47.544 29598 29720 D PackageCacher: Feature flags for package /product/overlay/TeleService__nosdcard_watch__auto_generated_characteristics_rro.apk: {android.permission.flags.access_local_network_permission_enabled=true}
09-10 09:42:47.544 29598 29598 D PackageManager: No files in app dir /apex/com.android.neuralnetworks/priv-app
09-10 09:42:47.544 29598 29722 D PackageCacher: Feature flags for package /product/overlay/SetupWizardWearMaterialOverlayPixelWatch.apk: {android.permission.flags.access_local_network_permission_enabled=true}
09-10 09:42:47.545 29598 29598 D PackageManager: No files in app dir /apex/com.android.neuralnetworks/app
09-10 09:42:47.545 29598 29723 D PackageCacher: Feature flags for package /product/overlay/TelephonyProvider__nosdcard_watch__auto_generated_characteristics_rro.apk: {android.permission.flags.access_local_network_permission_enabled=true}
09-10 09:42:47.546 29598 29721 D PackageCacher: Feature flags for package /product/overlay/AndroidOverlayBatteryStats.apk: {android.permission.flags.access_local_network_permission_enabled=true}
09-10 09:42:47.546 29598 29598 D PackageManager: No files in app dir /apex/com.android.devicelock/app
09-10 09:42:47.547 29598 29598 D PackageManager: No files in app dir /apex/com.android.configinfrastructure/priv-app
09-10 09:42:47.547 29598 29598 D PackageManager: No files in app dir /apex/com.android.configinfrastructure/app
09-10 09:42:47.547 29598 29598 D PackageManager: No files in app dir /apex/com.android.npumanager/priv-app
09-10 09:42:47.547 29598 29598 D PackageManager: No files in app dir /apex/com.android.npumanager/app
09-10 09:42:47.547 29598 29598 D PackageManager: No files in app dir /apex/com.android.bt/priv-app
09-10 09:42:47.547 29598 29723 D PackageCacher: Feature flags for package /odm/overlay/AndroidOverlayDisallowSpeakerUse.apk: {android.permission.flags.access_local_network_permission_enabled=true}
09-10 09:42:47.548 29598 29720 I ApkLiteParseUtils: Skipping target and overlay pair com.google.android.wearable.setupwizard and /product/overlay/SetupWizardOverlayFastPairAurora.apk: overlay ignored due to required system property: ro.boot.product.hardware.sku with value: swp5100
09-10 09:42:47.549 29598 29722 D PackageCacher: Feature flags for package /product/overlay/ClockworkSystemUIWearMaterialOverlayPixelWatch.apk: {android.permission.flags.access_local_network_permission_enabled=true}
09-10 09:42:47.549 29598 29721 D PackageCacher: Feature flags for package /odm/overlay/WifiOverlayPixelWatch: {android.permission.flags.access_local_network_permission_enabled=true}
09-10 09:42:47.550 29598 29723 D PackageCacher: Feature flags for package /vendor/overlay/SecureElementResTarget_Vendor.apk: {android.permission.flags.access_local_network_permission_enabled=true}
09-10 09:42:47.550 29598 29598 D PackageManager: No files in app dir /apex/com.android.appsearch/app
09-10 09:42:47.551 29598 29720 D PackageCacher: Feature flags for package /vendor/overlay/ConnectivityOverlayPixelWatch: {android.permission.flags.access_local_network_permission_enabled=true}
09-10 09:42:47.553 29598 29598 D PackageManager: No files in app dir /apex/com.android.cellbroadcast/app
09-10 09:42:47.554 29598 29598 D PackageManager: No files in app dir /apex/com.android.os.statsd/priv-app
09-10 09:42:47.554 29598 29598 D PackageManager: No files in app dir /apex/com.android.os.statsd/app
09-10 09:42:47.554 29598 29598 D PackageManager: No files in app dir /apex/com.android.art/priv-app
09-10 09:42:47.554 29598 29598 D PackageManager: No files in app dir /apex/com.android.art/app
09-10 09:42:47.554 29598 29598 D PackageManager: No files in app dir /apex/com.android.crashrecovery/priv-app
09-10 09:42:47.554 29598 29598 D PackageManager: No files in app dir /apex/com.android.crashrecovery/app
09-10 09:42:47.557 29598 29723 D PackageCacher: Feature flags for package /system/priv-app/NetworkStackGoogle: {android.permission.flags.access_local_network_permission_enabled=true}
09-10 09:42:47.558 29598 29720 D PackageCacher: Feature flags for package /system/priv-app/InputDevices: {android.permission.flags.access_local_network_permission_enabled=true}
09-10 09:42:47.559 29598 29598 D PackageManager: No files in app dir /apex/com.android.rkpd/app
09-10 09:42:47.564 29598 29598 D PackageManager: No files in app dir /apex/com.android.uwb/app
09-10 09:42:47.564 29598 29723 D PackageCacher: Feature flags for package /system/priv-app/ClockworkCredentialManager: {android.permission.flags.access_local_network_permission_enabled=true}
09-10 09:42:47.565 29598 29598 D PackageManager: No files in app dir /apex/com.google.android.gmssystem/app
09-10 09:42:47.566 29598 29598 D PackageManager: No files in app dir /apex/com.android.nfcservices/app
09-10 09:42:47.566 29598 29598 D PackageManager: No files in app dir /apex/com.android.runtime/priv-app
09-10 09:42:47.566 29598 29598 D PackageManager: No files in app dir /apex/com.android.runtime/app
09-10 09:42:47.566 29598 29598 D PackageManager: No files in app dir /apex/com.android.media/priv-app
09-10 09:42:47.567 29598 29598 D PackageManager: No files in app dir /apex/com.android.media/app
09-10 09:42:47.567 29598 29721 D PackageCacher: Feature flags for package /system/priv-app/ExtServices-tplus: {android.permission.flags.access_local_network_permission_enabled=true}
09-10 09:42:47.569 29598 29598 D PackageManager: No files in app dir /apex/com.android.permission/app
09-10 09:42:47.569 29598 29598 D PackageManager: No files in app dir /apex/com.android.resolv/priv-app
09-10 09:42:47.569 29598 29598 D PackageManager: No files in app dir /apex/com.android.resolv/app
09-10 09:42:47.569 29598 29598 D PackageManager: No files in app dir /apex/com.google.android.widevine/priv-app
09-10 09:42:47.569 29598 29598 D PackageManager: No files in app dir /apex/com.google.android.widevine/app
09-10 09:42:47.569 29598 29598 D PackageManager: No files in app dir /apex/com.android.media.swcodec/priv-app
09-10 09:42:47.569 29598 29598 D PackageManager: No files in app dir /apex/com.android.media.swcodec/app
09-10 09:42:47.570 29598 29598 D PackageManager: No files in app dir /apex/com.android.profiling/priv-app
09-10 09:42:47.570 29598 29598 D PackageManager: No files in app dir /apex/com.android.profiling/app
09-10 09:42:47.570 29598 29720 D PackageCacher: Feature flags for package /system/priv-app/TelecomShim: {android.permission.flags.access_local_network_permission_enabled=true}
09-10 09:42:47.573 29598 29598 D PackageManager: No files in app dir /apex/com.google.pixelwatchambient/priv-app
09-10 09:42:47.573 29598 29598 D PackageManager: No files in app dir /apex/com.google.pixelwatchambient/app
09-10 09:42:47.573 29598 29598 D PackageManager: No files in app dir /apex/com.android.tzdata/priv-app
09-10 09:42:47.573 29598 29598 D PackageManager: No files in app dir /apex/com.android.tzdata/app
09-10 09:42:47.573 29598 29598 D PackageManager: No files in app dir /apex/com.android.adbd/priv-app
09-10 09:42:47.574 29598 29598 D PackageManager: No files in app dir /apex/com.android.adbd/app
09-10 09:42:47.574 29598 29598 D PackageManager: No files in app dir /apex/com.android.i18n/priv-app
09-10 09:42:47.574 29598 29598 D PackageManager: No files in app dir /apex/com.android.i18n/app
09-10 09:42:47.574 29598 29598 D PackageManager: No files in app dir /apex/com.android.uprobestats/priv-app
09-10 09:42:47.574 29598 29598 D PackageManager: No files in app dir /apex/com.android.uprobestats/app
09-10 09:42:47.575 29598 29598 D PackageManager: No files in app dir /apex/com.android.tethering/app
09-10 09:42:47.576 29598 29598 D PackageManager: No files in app dir /apex/com.android.sdkext/priv-app
09-10 09:42:47.576 29598 29598 D PackageManager: No files in app dir /apex/com.android.sdkext/app
09-10 09:42:47.576 29598 29598 D PackageManager: No files in app dir /apex/com.android.scheduling/priv-app
09-10 09:42:47.576 29598 29598 D PackageManager: No files in app dir /apex/com.android.scheduling/app
09-10 09:42:47.577 29598 29720 D PackageCacher: Feature flags for package /system/priv-app/SoundPicker: {android.permission.flags.access_local_network_permission_enabled=true}
09-10 09:42:47.577 29598 29723 D PackageCacher: Feature flags for package /system/priv-app/DeclarativeWatchFaceRuntimePrebuilt: {android.permission.flags.access_local_network_permission_enabled=true}
09-10 09:42:47.580 29598 29598 D PackageManager: No files in app dir /apex/com.android.telephonycore/app
09-10 09:42:47.580 29598 29598 D PackageManager: No files in app dir /apex/com.android.ipsec/priv-app
09-10 09:42:47.580 29598 29598 D PackageManager: No files in app dir /apex/com.android.ipsec/app
09-10 09:42:47.580 29598 29598 D PackageManager: No files in app dir /apex/com.android.virt/priv-app
09-10 09:42:47.582 29598 29598 D PackageManager: No files in app dir /apex/com.android.webapp/app
09-10 09:42:47.583 29598 29723 D PackageCacher: Feature flags for package /system/priv-app/SettingsProvider: {android.permission.flags.access_local_network_permission_enabled=true}
09-10 09:42:47.584 29598 29720 D PackageCacher: Feature flags for package /system/priv-app/ContactsProvider: {android.permission.flags.access_local_network_permission_enabled=true}
09-10 09:42:47.587 29598 29723 D PackageCacher: Feature flags for package /system/priv-app/E2eeContactKeysProvider: {android.permission.flags.access_local_network_permission_enabled=true}
09-10 09:42:47.592 29598 29720 D PackageCacher: Feature flags for package /system/priv-app/DownloadProvider: {android.permission.flags.access_local_network_permission_enabled=true}
09-10 09:42:47.600 29598 29720 D PackageCacher: Feature flags for package /system/priv-app/GooglePackageInstaller: {android.permission.flags.access_local_network_permission_enabled=true}
09-10 09:42:47.601 29598 29723 D PackageCacher: Feature flags for package /system/priv-app/ClockworkSetupWizard: {android.permission.flags.access_local_network_permission_enabled=true}
09-10 09:42:47.608 29598 29721 D PackageCacher: Feature flags for package /system/priv-app/PrebuiltWearsky: {android.permission.flags.access_local_network_permission_enabled=true}
09-10 09:42:47.612 29598 29720 D PackageCacher: Feature flags for package /system/priv-app/WearGboard: {android.permission.flags.access_local_network_permission_enabled=true}
09-10 09:42:47.612 29598 29721 D PackageCacher: Feature flags for package /system/priv-app/BlockedNumberProvider: {android.permission.flags.access_local_network_permission_enabled=true}
09-10 09:42:47.614 29598 29723 D PackageCacher: Feature flags for package /system/priv-app/PrebuiltDeskClockMicroApp: {android.permission.flags.access_local_network_permission_enabled=true}
09-10 09:42:47.621 29598 29720 D PackageCacher: Feature flags for package /system/priv-app/CalendarProvider: {android.permission.flags.access_local_network_permission_enabled=true}
09-10 09:42:47.622 29598 29721 D PackageCacher: Feature flags for package /system/priv-app/GoogleTTSPrebuiltWearable: {android.permission.flags.access_local_network_permission_enabled=true}
09-10 09:42:47.624 29598 29723 D PackageCacher: Feature flags for package /system/priv-app/ManagedProvisioning: {android.permission.flags.access_local_network_permission_enabled=true}
09-10 09:42:47.624 29469 29512 D BootAnimation: Playing files = /product/media/bootanimation-eos-384.zip/part2, Requested repeat = 0, playUntilComplete = false
09-10 09:42:47.628 29598 29720 D PackageCacher: Feature flags for package /system/priv-app/MmsService: {android.permission.flags.access_local_network_permission_enabled=true}
09-10 09:42:47.633 29598 29720 D PackageCacher: Feature flags for package /system/priv-app/CallLogBackup: {android.permission.flags.access_local_network_permission_enabled=true}
09-10 09:42:47.633 29598 29723 D PackageCacher: Feature flags for package /system/priv-app/TelephonyProvider: {android.permission.flags.access_local_network_permission_enabled=true}
09-10 09:42:47.645 29598 29723 D PackageCacher: Feature flags for package /system/priv-app/IntentResolver: {android.permission.flags.access_local_network_permission_enabled=true}
09-10 09:42:47.646 29598 29722 D PackageCacher: Feature flags for package /system/framework/framework-res.apk: {android.permission.flags.access_local_network_permission_enabled=true}
09-10 09:42:47.646 29598 29721 D PackageCacher: Feature flags for package /system/priv-app/SafetyHubClockwork: {android.permission.flags.access_local_network_permission_enabled=true}
09-10 09:42:47.650 29598 29720 D PackageCacher: Feature flags for package /system/priv-app/TeleService: {android.permission.flags.access_local_network_permission_enabled=true}
09-10 09:42:47.650 29598 29721 D PackageCacher: Feature flags for package /system/priv-app/LocalTransport: {android.permission.flags.access_local_network_permission_enabled=true}
09-10 09:42:47.652 29598 29723 D PackageCacher: Feature flags for package /system/priv-app/DeclarativeWatchFaceReceiverPrebuilt: {android.permission.flags.access_local_network_permission_enabled=true}
09-10 09:42:47.660 29598 29723 D PackageCacher: Feature flags for package /system/priv-app/FusedLocation: {android.permission.flags.access_local_network_permission_enabled=true}
09-10 09:42:47.669 29598 29720 D PackageCacher: Feature flags for package /system/priv-app/EuiccWearPrebuilt: {android.permission.flags.access_local_network_permission_enabled=true}
09-10 09:42:47.675 29598 29720 D PackageCacher: Feature flags for package /system/priv-app/CellBroadcastLegacyApp: {android.permission.flags.access_local_network_permission_enabled=true}
09-10 09:42:47.677 29598 29721 D PackageCacher: Feature flags for package /system/priv-app/PrebuiltTapAndPayWearable: {android.permission.flags.access_local_network_permission_enabled=true}
09-10 09:42:47.681 29598 29723 D PackageCacher: Feature flags for package /system/priv-app/AssistantWearPrebuilt: {android.permission.flags.access_local_network_permission_enabled=true}
09-10 09:42:47.686 29598 29723 D PackageCacher: Feature flags for package /system/priv-app/WeatherClockworkStub: {android.permission.flags.access_local_network_permission_enabled=true}
09-10 09:42:47.690 29598 29720 D PackageCacher: Feature flags for package /system/priv-app/MediaSessionsClockworkPrebuilt: {android.permission.flags.access_local_network_permission_enabled=true}
09-10 09:42:47.697 29598 29720 D PackageCacher: Feature flags for package /system/priv-app/BackupRestoreConfirmation: {android.permission.flags.access_local_network_permission_enabled=true}
09-10 09:42:47.698 29598 29723 D PackageCacher: Feature flags for package /system/priv-app/WearHealthServicesPrebuilt: {android.permission.flags.skin_temp_oxygen_saturation_health_services_pregrant_enabled=true, android.permission.flags.granular_health_permissions_phase_two_enabled=true, android.permission.flags.access_local_network_permission_enabled=true}
09-10 09:42:47.699 29598 29721 D PackageCacher: Feature flags for package /system/priv-app/WearServicesGoogle: {android.permission.flags.access_local_network_permission_enabled=true}
09-10 09:42:47.703 29598 29720 D PackageCacher: Feature flags for package /system/priv-app/ClockworkFrameworkPackageStubs: {android.permission.flags.access_local_network_permission_enabled=true}
09-10 09:42:47.706 29598 29722 D PackageCacher: Feature flags for package /system/priv-app/ClockworkShell: {android.permission.flags.access_local_network_permission_enabled=true}
09-10 09:42:47.707 29468 29503 D Diag_Lib: diag: Diag_LSM_Init: invoked for pid: 29468 with init_count: 0
09-10 09:42:47.709 29598 29721 D PackageCacher: Feature flags for package /system/priv-app/UserDictionaryProvider: {android.permission.flags.access_local_network_permission_enabled=true}
09-10 09:42:47.709 29468 29503 D Diag_Lib: diag:failed to connect to diag socket
09-10 09:42:47.709 29468 29503 D Diag_Lib:  Diag_LSM_Init: Failed to open handle to diag driver, error = 111
09-10 09:42:47.709 29468 29503 I ATS     : vendor/qcom/sw5100-lw4/proprietary-audio/args/acdb/ats/transports/diag/linux/actp/src/actp.c:actp_diag_init:105 Error[1]: Failed to initialize DIAG
09-10 09:42:47.709 29468 29503 E ATS     : vendor/qcom/sw5100-lw4/proprietary-audio/args/acdb/ats/src/ats.c:ats_init:143 Error[1]: Failed to initialize Diag
09-10 09:42:47.709 29468 29503 E ATS     : vendor/qcom/sw5100-lw4/proprietary-audio/args/acdb/ats/src/ats.c:ats_init:263 Error[1]: Failed to initialize ATS
09-10 09:42:47.709 29468 29503 E AGM: API: ats_init_thread: 64 ats_init failed retry 20 err 1
09-10 09:42:47.712 29598 29722 D PackageCacher: Feature flags for package /system/priv-app/LwClockworkPrebuilt: {android.permission.flags.access_local_network_permission_enabled=true}
09-10 09:42:47.712 29598 29598 W PackageManager: Failed to parse /product/overlay/SetupWizardOverlayFastPairAurora.apk: Skipping target and overlay pair com.google.android.wearable.setupwizard and /product/overlay/SetupWizardOverlayFastPairAurora.apk: overlay ignored due to required system property: ro.boot.product.hardware.sku with value: swp5100
09-10 09:42:47.714 29598 29721 D PackageCacher: Feature flags for package /system/priv-app/ClockworkRetailAttractLoop: {android.permission.flags.access_local_network_permission_enabled=true}
09-10 09:42:47.717 29598 29722 D PackageCacher: Feature flags for package /system/priv-app/ONS: {android.permission.flags.access_local_network_permission_enabled=true}
09-10 09:42:47.719 29598 29723 D PackageCacher: Feature flags for package /system/priv-app/ClockworkWcs: {android.permission.flags.access_local_network_permission_enabled=true}
09-10 09:42:47.722 29598 29722 D PackageCacher: Feature flags for package /system/app/NfcPlacement: {android.permission.flags.access_local_network_permission_enabled=true}
09-10 09:42:47.723 29598 29723 D PackageCacher: Feature flags for package /system/app/GoogleExtShared: {android.permission.flags.access_local_network_permission_enabled=true}
09-10 09:42:47.724 29598 29720 D PackageCacher: Feature flags for package /system/priv-app/ClockworkPhone: {android.permission.flags.access_local_network_permission_enabled=true}
09-10 09:42:47.727 29598 29721 D PackageCacher: Feature flags for package /system/app/MapsClockwork: {android.permission.flags.access_local_network_permission_enabled=true}
09-10 09:42:47.728 29598 29722 D PackageCacher: Feature flags for package /system/app/displayoffload-resources: {android.permission.flags.access_local_network_permission_enabled=true}
09-10 09:42:47.729 29598 29723 D PackageCacher: Feature flags for package /system/app/WearGoogleServicesMediator: {android.permission.flags.access_local_network_permission_enabled=true}
09-10 09:42:47.731 29598 29720 D PackageCacher: Feature flags for package /system/app/ClockworkPlayAutoInstallStub: {android.permission.flags.access_local_network_permission_enabled=true}
09-10 09:42:47.733 29598 29721 D PackageCacher: Feature flags for package /system/app/DeclarativeWatchFaceFontSandboxPrebuilt: {android.permission.flags.access_local_network_permission_enabled=true}
09-10 09:42:47.733 29598 29723 D PackageCacher: Feature flags for package /system/app/ClockworkFlashlight: {android.permission.flags.access_local_network_permission_enabled=true}
09-10 09:42:47.736 29598 29720 D PackageCacher: Feature flags for package /system/app/SecureElement: {android.permission.flags.access_local_network_permission_enabled=true}
09-10 09:42:47.738 29598 29722 D PackageCacher: Feature flags for package /system/app/TalkbackWearPrebuilt: {android.permission.flags.access_local_network_permission_enabled=true}
09-10 09:42:47.744 29598 29723 D PackageCacher: Feature flags for package /system/app/GmailWear: {android.permission.flags.access_local_network_permission_enabled=true}
09-10 09:42:47.744 29598 29721 D PackageCacher: Feature flags for package /system/app/WearCalendar: {android.permission.flags.access_local_network_permission_enabled=true}
09-10 09:42:47.746 29598 29722 D PackageCacher: Feature flags for package /system/app/wear-resources: {android.permission.flags.access_local_network_permission_enabled=true}
09-10 09:42:47.748 29598 29598 W PackageManager: Failed to parse /system/framework/arm: Missing base APK in /system/framework/arm
09-10 09:42:47.748 29598 29598 W PackageManager: Failed to parse /system/framework/oat: Missing base APK in /system/framework/oat/arm
09-10 09:42:47.751 29598 29720 D PackageCacher: Feature flags for package /system/app/YouTubeMusicClockwork: {android.permission.flags.access_local_network_permission_enabled=true}
09-10 09:42:47.752 29598 29722 D PackageCacher: Feature flags for package /system/app/CertInstaller: {android.permission.flags.access_local_network_permission_enabled=true}
09-10 09:42:47.753 29598 29723 D PackageCacher: Feature flags for package /system/app/Stk: {android.permission.flags.access_local_network_permission_enabled=true}
09-10 09:42:47.753 29598 29721 D PackageCacher: Feature flags for package /system/app/CarrierDefaultApp: {android.permission.flags.access_local_network_permission_enabled=true}
09-10 09:42:47.755 29598 29720 D PackageCacher: Feature flags for package /system/app/KeyChain: {android.permission.flags.access_local_network_permission_enabled=true}
09-10 09:42:47.762 29598 29720 D PackageCacher: Feature flags for package /vendor/app/IWlanService: {android.permission.flags.access_local_network_permission_enabled=true}
09-10 09:42:47.762 29598 29721 D PackageCacher: Feature flags for package /vendor/priv-app/PixelWatchPermissions: {android.permission.flags.access_local_network_permission_enabled=true}
09-10 09:42:47.764 29598 29723 D PackageCacher: Feature flags for package /system/app/AppSearchAiSealConfig: {android.permission.flags.access_local_network_permission_enabled=true}
09-10 09:42:47.765 29598 29722 D PackageCacher: Feature flags for package /system/app/CaptivePortalLoginGoogle: {android.permission.flags.access_local_network_permission_enabled=true}
09-10 09:42:47.766 29598 29720 D PackageCacher: Feature flags for package /vendor/app/TimeService: {android.permission.flags.access_local_network_permission_enabled=true}
09-10 09:42:47.767 29598 29721 D PackageCacher: Feature flags for package /vendor/app/CneApp: {android.permission.flags.access_local_network_permission_enabled=true}
09-10 09:42:47.771 29598 29723 D PackageCacher: Feature flags for package /vendor/app/CACertService: {android.permission.flags.access_local_network_permission_enabled=true}
09-10 09:42:47.771 29598 29722 D PackageCacher: Feature flags for package /vendor/app/HardwareInfo: {android.permission.flags.access_local_network_permission_enabled=true}
09-10 09:42:47.776 29598 29722 D PackageCacher: Feature flags for package /product/priv-app/FitbitEcgClockwork: {android.permission.flags.access_local_network_permission_enabled=true}
09-10 09:42:47.777 29598 29720 D PackageCacher: Feature flags for package /product/priv-app/DCMO: {android.permission.flags.access_local_network_permission_enabled=true}
09-10 09:42:47.777 29598 29723 D PackageCacher: Feature flags for package /product/priv-app/HotwordEnrollmentXGoogleHEXAGON_WIDEBAND: {android.permission.flags.access_local_network_permission_enabled=true}
09-10 09:42:47.778 29598 29598 W PackageManager: Failed to scan /system/priv-app/DeclarativeWatchFaceRuntimePrebuilt: Package com.google.wear.watchface.runtime at /system/priv-app/DeclarativeWatchFaceRuntimePrebuilt ignored: updated version 335100140 better than this 335100040
09-10 09:42:47.781 29598 29598 W PackageManager: Failed to scan /system/priv-app/PrebuiltWearsky: Package com.android.vending at /system/priv-app/PrebuiltWearsky ignored: updated version 85281325 better than this 84701515
09-10 09:42:47.784 29598 29720 D PackageCacher: Feature flags for package /product/priv-app/OemDmTrigger: {android.permission.flags.access_local_network_permission_enabled=true}
09-10 09:42:47.787 29598 29723 D PackageCacher: Feature flags for package /product/priv-app/cavalry: {android.permission.flags.access_local_network_permission_enabled=true}
09-10 09:42:47.788 29598 29721 D PackageCacher: Feature flags for package /product/priv-app/FitbitClockwork: {android.permission.flags.access_local_network_permission_enabled=true}
09-10 09:42:47.791 29598 29720 D PackageCacher: Feature flags for package /product/priv-app/WearConnectedFitnessPrebuilt: {android.permission.flags.access_local_network_permission_enabled=true}
09-10 09:42:47.792 29598 29722 D PackageCacher: Feature flags for package /product/priv-app/PixelWatchWatchfacesV2: {android.permission.flags.access_local_network_permission_enabled=true}
09-10 09:42:47.798 29598 29721 D PackageCacher: Feature flags for package /product/priv-app/ClockworkProtoLayoutRendererPrebuilt: {android.permission.flags.access_local_network_permission_enabled=true}
09-10 09:42:47.799 29598 29723 D PackageCacher: Feature flags for package /product/priv-app/ConnMO: {android.permission.flags.access_local_network_permission_enabled=true}
09-10 09:42:47.800 29598 29722 D PackageCacher: Feature flags for package /product/priv-app/CarrierMetrics: {android.permission.flags.access_local_network_permission_enabled=true}
09-10 09:42:47.801 29598 29720 D PackageCacher: Feature flags for package /product/priv-app/ConfigUpdater: {android.permission.flags.access_local_network_permission_enabled=true}
09-10 09:42:47.806 29598 29723 D PackageCacher: Feature flags for package /product/priv-app/GoogleCameraWear: {android.permission.flags.access_local_network_permission_enabled=true}
09-10 09:42:47.809 29598 29720 D PackageCacher: Feature flags for package /product/priv-app/FitbitRetailClockwork2023: {android.permission.flags.access_local_network_permission_enabled=true}
09-10 09:42:47.812 29598 29722 D PackageCacher: Feature flags for package /product/priv-app/WeatherPixelWatch: {android.permission.flags.access_local_network_permission_enabled=true}
09-10 09:42:47.813 29598 29598 W PackageManager: Failed to scan /system/priv-app/WearGboard: Package com.google.android.inputmethod.latin at /system/priv-app/WearGboard ignored: updated version 2228061 better than this 1833621
09-10 09:42:47.813 29598 29721 D PackageCacher: Feature flags for package /product/priv-app/DiagnosticsToolWearPrebuilt: {android.permission.flags.access_local_network_permission_enabled=true}
09-10 09:42:47.815 29598 29720 D PackageCacher: Feature flags for package /product/priv-app/DiagMon: {android.permission.flags.access_local_network_permission_enabled=true}
09-10 09:42:47.816 29598 29598 W PackageManager: Failed to scan /system/priv-app/PrebuiltDeskClockMicroApp: Package com.google.android.deskclock at /system/priv-app/PrebuiltDeskClockMicroApp ignored: updated version 60388842 better than this 60326770
09-10 09:42:47.816 29598 29723 D PackageCacher: Feature flags for package /product/priv-app/CarrierSettingsGwear: {android.permission.flags.access_local_network_permission_enabled=true}
09-10 09:42:47.824 29598 29598 W PackageManager: Failed to scan /system/priv-app/GoogleTTSPrebuiltWearable: Package com.google.android.tts at /system/priv-app/GoogleTTSPrebuiltWearable ignored: updated version 210668438 better than this 210609883
09-10 09:42:47.825 29598 29721 D PackageCacher: Feature flags for package /product/priv-app/GooglePhotosClockwork: {android.permission.flags.access_local_network_permission_enabled=true}
09-10 09:42:47.827 29598 29723 D PackageCacher: Feature flags for package /product/priv-app/HotwordEnrollmentOKGoogleHEXAGON_WIDEBAND: {android.permission.flags.access_local_network_permission_enabled=true}
09-10 09:42:47.827 29598 29722 D PackageCacher: Feature flags for package /product/priv-app/PDMS: {android.permission.flags.access_local_network_permission_enabled=true}
09-10 09:42:47.835 29598 29720 D PackageCacher: Feature flags for package /product/priv-app/KidsSupervisionWearFull: {android.permission.flags.access_local_network_permission_enabled=true}
09-10 09:42:47.835 29598 29598 W PackageManager: Failed to scan /system/priv-app/SafetyHubClockwork: Package com.google.android.apps.safetyhub at /system/priv-app/SafetyHubClockwork ignored: updated version 100878313 better than this 100773873
09-10 09:42:47.836 29598 29723 D PackageCacher: Feature flags for package /product/priv-app/DMService: {android.permission.flags.access_local_network_permission_enabled=true}
09-10 09:42:47.845 29598 29723 D PackageCacher: Feature flags for package /product/app/datastatusnotification: {android.permission.flags.access_local_network_permission_enabled=true}
09-10 09:42:47.847 29598 29721 D PackageCacher: Feature flags for package /product/priv-app/PrebuiltBugleWearable: {android.permission.flags.access_local_network_permission_enabled=true}
09-10 09:42:47.850 29598 29722 D PackageCacher: Feature flags for package /product/priv-app/SCONE-WEAR-v60982: {android.permission.flags.access_local_network_permission_enabled=true}
09-10 09:42:47.851 29598 29720 D PackageCacher: Feature flags for package /product/priv-app/GoogleContactsClockwork: {android.permission.flags.access_local_network_permission_enabled=true}
09-10 09:42:47.851 29598 29598 W PackageManager: Failed to scan /system/priv-app/DeclarativeWatchFaceReceiverPrebuilt: Package com.google.android.wearable.dwf.receiver at /system/priv-app/DeclarativeWatchFaceReceiverPrebuilt ignored: updated version 393 better than this 340
09-10 09:42:47.851 29598 29723 D PackageCacher: Feature flags for package /product/app/ConferenceDialer: {android.permission.flags.access_local_network_permission_enabled=true}
09-10 09:42:47.855 29598 29720 D PackageCacher: Feature flags for package /product/app/ModuleMetadata: {android.permission.flags.access_local_network_permission_enabled=true}
09-10 09:42:47.858 29598 29721 D PackageCacher: Feature flags for package /product/app/FindMyDeviceWearPrebuilt: {android.permission.flags.access_local_network_permission_enabled=true}
09-10 09:42:47.860 29598 29722 D PackageCacher: Feature flags for package /product/app/GoogleKeepWearPrebuilt: {android.permission.flags.access_local_network_permission_enabled=true}
09-10 09:42:47.863 29598 29720 D PackageCacher: Feature flags for package /product/app/uimremoteclient: {android.permission.flags.access_local_network_permission_enabled=true}
09-10 09:42:47.864 29598 29598 W PackageManager: Failed to scan /system/priv-app/PrebuiltTapAndPayWearable: Package com.google.android.apps.walletnfcrel at /system/priv-app/PrebuiltTapAndPayWearable ignored: updated version 933742888 better than this 933399871
09-10 09:42:47.867 29598 29723 D PackageCacher: Feature flags for package /product/app/uimremoteserver: {android.permission.flags.access_local_network_permission_enabled=true}
09-10 09:42:47.873 29598 29720 D PackageCacher: Feature flags for package /system_ext/priv-app/SSRestartDetector: {android.permission.flags.access_local_network_permission_enabled=true}
09-10 09:42:47.875 29598 29598 W PackageManager: Failed to scan /system/priv-app/AssistantWearPrebuilt: Package com.google.android.wearable.assistant at /system/priv-app/AssistantWearPrebuilt ignored: updated version 311401746 better than this 311164056
09-10 09:42:47.878 29598 29721 D PackageCacher: Feature flags for package /product/app/GoogleHomeAppClockwork: {android.permission.flags.access_local_network_permission_enabled=true}
09-10 09:42:47.881 29598 29720 D PackageCacher: Feature flags for package /system_ext/priv-app/qcrilmsgtunnel: {android.permission.flags.access_local_network_permission_enabled=true}
09-10 09:42:47.881 29598 29598 W PackageManager: Failed to scan /system/priv-app/MediaSessionsClockworkPrebuilt: Package com.google.android.wearable.media.sessions at /system/priv-app/MediaSessionsClockworkPrebuilt ignored: updated version 100179348 better than this 100168698
09-10 09:42:47.884 29598 29721 D PackageCacher: Feature flags for package /system_ext/priv-app/QtiTelephonyWear: {android.permission.flags.access_local_network_permission_enabled=true}
09-10 09:42:47.890 29598 29722 D PackageCacher: Feature flags for package /system_ext/priv-app/PixelWatchSysUi: {android.permission.flags.access_local_network_permission_enabled=true}
09-10 09:42:47.891 29598 29721 D PackageCacher: Feature flags for package /system_ext/priv-app/ims: {android.permission.flags.access_local_network_permission_enabled=true}
09-10 09:42:47.891 29598 29598 W PackageManager: Failed to scan /system/priv-app/WearHealthServicesPrebuilt: Package com.google.android.wearable.healthservices at /system/priv-app/WearHealthServicesPrebuilt ignored: updated version 1493545 better than this 1491535
09-10 09:42:47.892 29598 29720 D PackageCacher: Feature flags for package /system_ext/priv-app/DeviceConnectivityServiceWearPrebuilt_26.02.00: {android.permission.flags.access_local_network_permission_enabled=true}
09-10 09:42:47.893 29598 29723 D PackageCacher: Feature flags for package /system_ext/priv-app/PixelWatchSettingsCompose: {android.permission.flags.access_local_network_permission_enabled=true}
09-10 09:42:47.896 29598 29722 D PackageCacher: Feature flags for package /system_ext/priv-app/EuiccSupportWear: {android.permission.flags.access_local_network_permission_enabled=true}
09-10 09:42:47.899 29598 29720 D PackageCacher: Feature flags for package /system_ext/priv-app/PixelWatchSettingsProvider: {android.permission.flags.access_local_network_permission_enabled=true}
09-10 09:42:47.902 29598 29722 D PackageCacher: Feature flags for package /system_ext/priv-app/grilservice: {android.permission.flags.access_local_network_permission_enabled=true}
09-10 09:42:47.905 29598 29598 W PackageManager: Failed to scan /system/priv-app/ClockworkWcs: Package com.google.android.wearable.app at /system/priv-app/ClockworkWcs ignored: updated version 790488563 better than this 790472107
09-10 09:42:47.906 29598 29720 D PackageCacher: Feature flags for package /system_ext/priv-app/PersistentBackgroundServices-watch: {android.permission.flags.access_local_network_permission_enabled=true}
09-10 09:42:47.909 29598 29722 D PackageCacher: Feature flags for package /system_ext/priv-app/PixelNfc: {android.permission.flags.access_local_network_permission_enabled=true}
09-10 09:42:47.911 29598 29598 W PackageManager: Failed to scan /system/priv-app/ClockworkPhone: Package com.google.android.dialer at /system/priv-app/ClockworkPhone ignored: updated version 259928 better than this 244943
09-10 09:42:47.911 29598 29723 D PackageCacher: Feature flags for package /system_ext/priv-app/ClockworkSystemUI: {android.permission.flags.access_local_network_permission_enabled=true}
09-10 09:42:47.911 29598 29720 D PackageCacher: Feature flags for package /system_ext/app/imssettings: {android.permission.flags.access_local_network_permission_enabled=true}
09-10 09:42:47.911 29598 29721 D PackageCacher: Feature flags for package /system_ext/priv-app/GoogleServicesFramework: {android.permission.flags.access_local_network_permission_enabled=true}
09-10 09:42:47.917 29598 29722 D PackageCacher: Feature flags for package /system_ext/app/CrossDeviceAccessServiceAssociated2023: {android.permission.flags.access_local_network_permission_enabled=true}
09-10 09:42:47.918 29598 29598 D CompatChangeReporter: Compat change id reported: 168782947; UID -1; state: ENABLED
09-10 09:42:47.919 29598 29720 D PackageCacher: Feature flags for package /system_ext/app/QtiTelephonyService: {android.permission.flags.access_local_network_permission_enabled=true}
09-10 09:42:47.922 29598 29722 D PackageCacher: Feature flags for package /apex/com.android.healthfitness/app/HealthConnectBackupRestoreGoogle@370546200: {android.permission.flags.access_local_network_permission_enabled=true}
09-10 09:42:47.925 29598 29721 D PackageCacher: Feature flags for package /apex/com.android.extservices/priv-app/ExtServices-sminus@CP2A.260603.001: {android.permission.flags.access_local_network_permission_enabled=true}
09-10 09:42:47.929 29598 29598 W PackageManager: Failed to scan /system/app/MapsClockwork: Package com.google.android.apps.maps at /system/app/MapsClockwork ignored: updated version 1068740958 better than this 1068487532
09-10 09:42:47.931 29598 29720 D PackageCacher: Feature flags for package /apex/com.android.mediaprovider/priv-app/PhotopickerGoogle@370546200: {android.permission.flags.access_local_network_permission_enabled=true}
09-10 09:42:47.936 29598 29722 D PackageCacher: Feature flags for package /apex/com.android.mediaprovider/priv-app/MediaProviderGoogle@370546200: {android.permission.flags.access_local_network_permission_enabled=true}
09-10 09:42:47.936 29598 29721 D PackageCacher: Feature flags for package /apex/com.android.devicelock/priv-app/DeviceLockControllerGoogle@CP2A.260603.001: {android.permission.flags.access_local_network_permission_enabled=true}
09-10 09:42:47.946 29598 29722 D PackageCacher: Feature flags for package /apex/com.android.appsearch/priv-app/com.google.android.appsearch.apk@370546200: {android.permission.flags.access_local_network_permission_enabled=true}
09-10 09:42:47.947 29598 29721 D PackageCacher: Feature flags for package /apex/com.android.cellbroadcast/priv-app/GoogleCellBroadcastServiceModule@370546200: {android.permission.flags.access_local_network_permission_enabled=true}
09-10 09:42:47.948 29598 29723 D PackageCacher: Feature flags for package /apex/com.android.healthfitness/priv-app/HealthConnectControllerGoogle@370546200: {android.permission.flags.access_local_network_permission_enabled=true}
09-10 09:42:47.950 29598 29720 D PackageCacher: Feature flags for package /apex/com.android.bt/app/BluetoothGoogle@370546320: {android.permission.flags.access_local_network_permission_enabled=true}
09-10 09:42:47.950 29598 29598 W PackageManager: Failed to scan /system/app/TalkbackWearPrebuilt: Package com.google.android.marvin.talkback at /system/app/TalkbackWearPrebuilt ignored: updated version 60222648 better than this 60144776
09-10 09:42:47.955 29598 29723 D PackageCacher: Feature flags for package /apex/com.android.adservices/app/SdkSandboxGoogle@370546200: {android.permission.flags.access_local_network_permission_enabled=true}
09-10 09:42:47.957 29598 29722 D PackageCacher: Feature flags for package /apex/com.android.cellbroadcast/priv-app/GoogleCellBroadcastApp@370546200: {android.permission.flags.access_local_network_permission_enabled=true}
09-10 09:42:47.957 29598 29720 D PackageCacher: Feature flags for package /apex/com.android.rkpd/priv-app/rkpdapp.google@370546200: {android.permission.flags.access_local_network_permission_enabled=true}
09-10 09:42:47.958 29598 29721 D PackageCacher: Feature flags for package /apex/com.android.adservices/priv-app/AdServicesApkGoogle@370546200: {android.permission.flags.access_local_network_permission_enabled=true}
09-10 09:42:47.962 29598 29723 D PackageCacher: Feature flags for package /apex/com.android.wifi/priv-app/ServiceWifiResourcesGoogle@370546200: {android.permission.flags.access_local_network_permission_enabled=true}
09-10 09:42:47.964 29598 29598 W PackageManager: Failed to scan /system/app/WearCalendar: Package com.google.android.calendar at /system/app/WearCalendar ignored: updated version 2018273423 better than this 2017727601
09-10 09:42:47.964 29598 29720 D PackageCacher: Feature flags for package /apex/com.android.wifi/app/OsuLoginGoogle@370546200: {android.permission.flags.access_local_network_permission_enabled=true}
09-10 09:42:47.965 29598 29721 D PackageCacher: Feature flags for package /apex/com.android.wifi/app/WifiDialogGoogle@370546200: {android.permission.flags.access_local_network_permission_enabled=true}
09-10 09:42:47.966 29598 29598 W PackageManager: Failed to scan /system/app/GmailWear: Package com.google.android.gm at /system/app/GmailWear ignored: updated version 65989342 better than this 65592070
09-10 09:42:47.966 29598 29722 D PackageCacher: Feature flags for package /apex/com.android.uwb/priv-app/ServiceUwbResourcesGoogle@370546320: {android.permission.flags.access_local_network_permission_enabled=true}
09-10 09:42:47.968 29598 29598 W PackageManager: Failed to scan /system/app/YouTubeMusicClockwork: Package com.google.android.apps.youtube.music at /system/app/YouTubeMusicClockwork ignored: updated version 93542730 better than this 64041730
09-10 09:42:47.973 29598 29720 D PackageCacher: Feature flags for package /apex/com.android.nfcservices/priv-app/NfcNciApexMigrationGoogle@370546220: {android.permission.flags.access_local_network_permission_enabled=true}
09-10 09:42:47.979 29598 29720 D PackageCacher: Feature flags for package /apex/com.android.permission/priv-app/GoogleSafetyCenterResources@370546320: {android.permission.flags.access_local_network_permission_enabled=true}
09-10 09:42:47.979 29598 29721 D PackageCacher: Feature flags for package /apex/com.android.nfcservices/priv-app/NfcNciApexGoogle@370546220: {android.permission.flags.access_local_network_permission_enabled=true}
09-10 09:42:47.986 29598 29721 D PackageCacher: Feature flags for package /apex/com.android.ondevicepersonalization/app/FederatedComputeGoogle@370546200: {android.permission.flags.access_local_network_permission_enabled=true}
09-10 09:42:47.988 29598 29720 D PackageCacher: Feature flags for package /apex/com.android.ondevicepersonalization/priv-app/OnDevicePersonalizationGoogle@370546200: {android.permission.flags.access_local_network_permission_enabled=true}
09-10 09:42:47.992 29598 29721 D PackageCacher: Feature flags for package /apex/com.android.tethering/priv-app/ServiceConnectivityResourcesGoogle@370546320: {android.permission.flags.access_local_network_permission_enabled=true}
09-10 09:42:47.993 29598 29722 D PackageCacher: Feature flags for package /apex/com.android.permission/priv-app/GooglePermissionController@370546320: {android.permission.flags.access_local_network_permission_enabled=true}
09-10 09:42:47.997 29598 29720 D PackageCacher: Feature flags for package /apex/com.android.tethering/priv-app/TetheringGoogle@370546320: {android.permission.flags.access_local_network_permission_enabled=true}
09-10 09:42:47.999 29598 29722 D PackageCacher: Feature flags for package /apex/com.android.apex.cts.shim/app/CtsShim@MAIN: {android.permission.flags.access_local_network_permission_enabled=true}
09-10 09:42:47.999 29598 29721 D PackageCacher: Feature flags for package /apex/com.android.apex.cts.shim/priv-app/CtsShimPriv@MAIN: {android.permission.flags.access_local_network_permission_enabled=true}
09-10 09:42:48.004 29598 29720 D PackageCacher: Feature flags for package /apex/com.android.telephonycore/priv-app/TelecomResourcesGoogle@370546200: {android.permission.flags.access_local_network_permission_enabled=true}
09-10 09:42:48.005 29598 29722 D PackageCacher: Feature flags for package /apex/com.android.telephonycore/priv-app/TelecomUiGoogle@370546200: {android.permission.flags.access_local_network_permission_enabled=true}
09-10 09:42:48.011 29598 29721 D PackageCacher: Feature flags for package /apex/com.android.virt/app/android.system.virtualmachine.res@CP2A.260603.001: {android.permission.flags.access_local_network_permission_enabled=true}
09-10 09:42:48.015 29598 29720 D PackageCacher: Feature flags for package /apex/com.android.webapp/priv-app/WebAppService@CP2A.260603.001: {android.permission.flags.access_local_network_permission_enabled=true}
09-10 09:42:48.023 29598 29598 W PackageManager: Failed to scan /product/priv-app/FitbitClockwork: Package com.fitbit.FitbitMobile at /product/priv-app/FitbitClockwork ignored: updated version 1104093963 better than this 1103965332
09-10 09:42:48.028 29598 29723 D PackageCacher: Feature flags for package /apex/com.google.android.gmssystem/priv-app/PrebuiltGmsCoreForClockworkWearable@CP2A.260603.001: {android.permission.flags.access_local_network_permission_enabled=true}
09-10 09:42:48.028 29598 29598 W PackageManager: Failed to scan /product/priv-app/FitbitEcgClockwork: Package com.fitbit.ecg at /product/priv-app/FitbitEcgClockwork ignored: updated version 361994 better than this 2017
09-10 09:42:48.029 29598 29598 W PackageManager: Failed to scan /product/priv-app/PixelWatchWatchfacesV2: Package com.google.android.wearable.watchface.rwf at /product/priv-app/PixelWatchWatchfacesV2 ignored: updated version 20029429 better than this 20029393
09-10 09:42:48.043 29598 29598 W PackageManager: Failed to scan /product/priv-app/ClockworkProtoLayoutRendererPrebuilt: Package com.google.android.wearable.protolayout.renderer at /product/priv-app/ClockworkProtoLayoutRendererPrebuilt ignored: updated version 100052009 better than this 100043158
09-10 09:42:48.055 29598 29598 W PackageManager: Failed to scan /product/priv-app/GoogleCameraWear: Package com.google.android.GoogleCamera at /product/priv-app/GoogleCameraWear ignored: updated version 69514418 better than this 69032715
09-10 09:42:48.057 29598 29598 W PackageManager: Failed to scan /product/priv-app/WeatherPixelWatch: Package com.google.android.apps.weather at /product/priv-app/WeatherPixelWatch ignored: updated version 1029671 better than this 1026481
09-10 09:42:48.069 29598 29598 W PackageManager: Failed to scan /product/priv-app/PDMS: Package com.google.android.wearable.pixel.pdms at /product/priv-app/PDMS ignored: updated version 189472 better than this 150193
09-10 09:42:48.077 29598 29598 W PackageManager: Failed to parse /product/priv-app/PrebuiltGmsCoreForClockworkWearable: Missing base APK in /product/priv-app/PrebuiltGmsCoreForClockworkWearable/app_chimera/m
09-10 09:42:48.082 29598 29598 W PackageManager: Failed to scan /product/priv-app/PrebuiltBugleWearable: Package com.google.android.apps.messaging at /product/priv-app/PrebuiltBugleWearable ignored: updated version 321562500 better than this 304819500
09-10 09:42:48.091 29598 29598 W PackageManager: Failed to scan /product/priv-app/GoogleContactsClockwork: Package com.google.android.contacts at /product/priv-app/GoogleContactsClockwork ignored: updated version 3290923 better than this 3265717
09-10 09:42:48.099 29598 29598 W PackageManager: Failed to scan /product/app/FindMyDeviceWearPrebuilt: Package com.google.android.apps.adm at /product/app/FindMyDeviceWearPrebuilt ignored: updated version 50078152 better than this 50057768
09-10 09:42:48.101 29598 29598 W PackageManager: Failed to scan /product/app/GoogleKeepWearPrebuilt: Package com.google.android.keep at /product/app/GoogleKeepWearPrebuilt ignored: updated version 220673994 better than this 220647138
09-10 09:42:48.112 29598 29598 W PackageManager: Failed to scan /product/app/GoogleHomeAppClockwork: Package com.google.android.apps.chromecast.app at /product/app/GoogleHomeAppClockwork ignored: updated version 27936014 better than this 27357024
09-10 09:42:48.121 29598 29598 I PackageManager: Replacing default ResolverActivity with custom activity: ComponentInfo{com.google.android.apps.wearable.settings/com.google.android.apps.wearable.resolver.ResolverActivity}
09-10 09:42:48.172 29598 29598 I PackageManager: /apex/com.android.extservices/priv-app/ExtServices-sminus@CP2A.260603.001 changed; collecting certs
09-10 09:42:48.182 29598 29598 W PackageManager: Failed to scan /apex/com.android.extservices/priv-app/ExtServices-sminus@CP2A.260603.001: Application package android.ext.services already installed.  Skipping duplicate.
09-10 09:42:48.184 29598 29598 I ApexManager: Registering com.google.android.healthconnect.controller as apk-in-apex of com.android.healthfitness
09-10 09:42:48.191 29598 29598 I ApexManager: Registering com.google.android.health.connect.backuprestore as apk-in-apex of com.android.healthfitness
09-10 09:42:48.195 29598 29598 I ApexManager: Registering com.google.android.photopicker as apk-in-apex of com.android.mediaprovider
09-10 09:42:48.199 29598 29598 I ApexManager: Registering com.google.android.providers.media.module as apk-in-apex of com.android.mediaprovider
09-10 09:42:48.204 29598 29598 I ApexManager: Registering com.google.android.devicelockcontroller as apk-in-apex of com.android.devicelock
09-10 09:42:48.209 29598 29598 I ApexManager: Registering com.google.android.bluetooth as apk-in-apex of com.android.bt
09-10 09:42:48.209 29468 29503 D Diag_Lib: diag: Diag_LSM_Init: invoked for pid: 29468 with init_count: 0
09-10 09:42:48.209 29468 29503 D Diag_Lib: diag:failed to connect to diag socket
09-10 09:42:48.209 29468 29503 D Diag_Lib:  Diag_LSM_Init: Failed to open handle to diag driver, error = 111
09-10 09:42:48.209 29468 29503 I ATS     : vendor/qcom/sw5100-lw4/proprietary-audio/args/acdb/ats/transports/diag/linux/actp/src/actp.c:actp_diag_init:105 Error[1]: Failed to initialize DIAG
09-10 09:42:48.209 29468 29503 E ATS     : vendor/qcom/sw5100-lw4/proprietary-audio/args/acdb/ats/src/ats.c:ats_init:143 Error[1]: Failed to initialize Diag
09-10 09:42:48.209 29468 29503 E ATS     : vendor/qcom/sw5100-lw4/proprietary-audio/args/acdb/ats/src/ats.c:ats_init:263 Error[1]: Failed to initialize ATS
09-10 09:42:48.209 29468 29503 E AGM: API: ats_init_thread: 64 ats_init failed retry 21 err 1
09-10 09:42:48.213 29598 29598 I ApexManager: Registering com.google.android.appsearch.apk as apk-in-apex of com.android.appsearch
09-10 09:42:48.217 29598 29598 I ApexManager: Registering com.google.android.cellbroadcastservice as apk-in-apex of com.android.cellbroadcast
09-10 09:42:48.221 29598 29598 I ApexManager: Registering com.google.android.cellbroadcastreceiver as apk-in-apex of com.android.cellbroadcast
09-10 09:42:48.226 29598 29598 I ApexManager: Registering com.google.android.adservices.api as apk-in-apex of com.android.adservices
09-10 09:42:48.231 29598 29598 I ApexManager: Registering com.google.android.sdksandbox as apk-in-apex of com.android.adservices
09-10 09:42:48.234 29598 29598 I ApexManager: Registering com.google.android.rkpdapp as apk-in-apex of com.android.rkpd
09-10 09:42:48.238 29598 29598 I ApexManager: Registering com.google.android.wifi.resources as apk-in-apex of com.android.wifi
09-10 09:42:48.243 29598 29598 I ApexManager: Registering com.google.android.hotspot2.osulogin as apk-in-apex of com.android.wifi
09-10 09:42:48.247 29598 29598 I ApexManager: Registering com.google.android.wifi.dialog as apk-in-apex of com.android.wifi
09-10 09:42:48.250 29598 29598 I ApexManager: Registering com.google.android.uwb.resources as apk-in-apex of com.android.uwb
09-10 09:42:48.254 29598 29598 I PackageManager: /apex/com.google.android.gmssystem/priv-app/PrebuiltGmsCoreForClockworkWearable@CP2A.260603.001 changed; collecting certs
09-10 09:42:48.269 29598 29598 I PackageManager: Update system package com.google.android.gms code path from /data/app/~~4OkDuO0TQX-wHEEPKnS1tA==/com.google.android.gms-9NEI3LtmM_lcBdmsLLItRQ== to /apex/com.google.android.gmssystem/priv-app/PrebuiltGmsCoreForClockworkWearable@CP2A.260603.001; Retain data and using new
09-10 09:42:48.270 29598 29598 I ApexManager: Registering com.google.android.gms as apk-in-apex of com.google.android.gmssystem
09-10 09:42:48.289 29598 29598 I ApexManager: Registering com.android.nfc as apk-in-apex of com.android.nfcservices
09-10 09:42:48.294 29598 29598 I ApexManager: Registering com.google.android.nfc as apk-in-apex of com.android.nfcservices
09-10 09:42:48.299 29598 29598 I ApexManager: Registering com.google.android.permissioncontroller as apk-in-apex of com.android.permission
09-10 09:42:48.305 29598 29598 I ApexManager: Registering com.google.android.safetycenter.resources as apk-in-apex of com.android.permission
09-10 09:42:48.309 29598 29598 I ApexManager: Registering com.google.android.ondevicepersonalization.services as apk-in-apex of com.android.ondevicepersonalization
09-10 09:42:48.313 29598 29598 I ApexManager: Registering com.google.android.federatedcompute as apk-in-apex of com.android.ondevicepersonalization
09-10 09:42:48.318 29598 29598 I ApexManager: Registering com.google.android.connectivity.resources as apk-in-apex of com.android.tethering
09-10 09:42:48.322 29598 29598 I ApexManager: Registering com.google.android.networkstack.tethering as apk-in-apex of com.android.tethering
09-10 09:42:48.327 29598 29598 I ApexManager: Registering com.android.cts.priv.ctsshim as apk-in-apex of com.android.apex.cts.shim
09-10 09:42:48.331 29598 29598 I ApexManager: Registering com.android.cts.ctsshim as apk-in-apex of com.android.apex.cts.shim
09-10 09:42:48.333  1638  1642 I pixel-thermal: audio-therm:42.247 raw data: audio-therm:42247 
09-10 09:42:48.336 29598 29598 I ApexManager: Registering com.google.android.telecomresources as apk-in-apex of com.android.telephonycore
09-10 09:42:48.336  1638  1642 I pixel-thermal: sdm-skin-therm:43.206 raw data: sdm-skin-therm:43206 
09-10 09:42:48.340 29598 29598 I ApexManager: Registering com.google.android.telecomui as apk-in-apex of com.android.telephonycore
09-10 09:42:48.345 29598 29598 I ApexManager: Registering com.android.virtualmachine.res as apk-in-apex of com.android.virt
09-10 09:42:48.349 29598 29598 I ApexManager: Registering com.android.webapp.service as apk-in-apex of com.android.webapp
09-10 09:42:48.352 29598 29598 W OverlayConfig: partition_order.xml does not exist.
09-10 09:42:48.379 29598 29598 W PackageManager: Expecting better updated system app for com.google.android.gms; removing system app.  Last known codePath=/apex/com.google.android.gmssystem/priv-app/PrebuiltGmsCoreForClockworkWearable@CP2A.260603.001, versionCode=261136081; scanned versionCode=261136081
09-10 09:42:48.391 29464 29464 W libbinder.ServiceManagerCppClient: Waited one second for activity (is service started? Number of threads started in the threadpool: 16. Are binder threads started and available?)
09-10 09:42:48.395   329 29725 W libc    : Unable to set property "ctl.interface_start" to "aidl/activity": PROP_ERROR_HANDLE_CONTROL_MESSAGE (0x20)
09-10 09:42:48.396 29598 29598 I PackageManager: Finished scanning system apps. Time: 1538 ms, packageCount: 209 , timePerPackage: 7 , cached: 241
09-10 09:42:48.410 29598 29722 D PackageCacher: Feature flags for package /data/app/~~PIpImtNRf6PJWFKyTdgz3w==/com.poc.avatarleak-hAt0BuZxyTzf3bJSktt-Uw==: {android.permission.flags.access_local_network_permission_enabled=true}
09-10 09:42:48.414 29598 29720 D PackageCacher: Feature flags for package /data/app/~~S4b2osp-T7WU05ujSN5alw==/com.fitbit.ecg-1V2HMCZX2-c5c84ZlsNpSA==: {android.permission.flags.access_local_network_permission_enabled=true}
09-10 09:42:48.421 29598 29721 D PackageCacher: Feature flags for package /data/app/~~2AaEXKAi-VEArEhULsJsDA==/com.google.android.calendar-M0kR6hERuNMpwuNIM2djXw==: {android.permission.flags.access_local_network_permission_enabled=true}
09-10 09:42:48.427 29598 29720 D PackageCacher: Feature flags for package /data/app/~~cgzTqMKjgSQaLF-t_h1bYA==/com.google.android.apps.maps-wbtvTapBpGWJx4AAhn0nvw==: {android.permission.flags.access_local_network_permission_enabled=true}
09-10 09:42:48.429 29598 29722 D PackageCacher: Feature flags for package /data/app/~~aOoJR2UYZubKB2q6Cr3OTA==/com.google.android.wearable.assistant-clsKf4NpOHAhj6CwzaeYnw==: {android.permission.flags.access_local_network_permission_enabled=true}
09-10 09:42:48.431 29598 29723 D PackageCacher: Feature flags for package /data/app/~~dnWLyC4avCOSdFWnxFkLog==/com.fitbit.FitbitMobile-suJ3PHJqCM8sDjZcqxu0dw==: {android.permission.flags.access_local_network_permission_enabled=true}
09-10 09:42:48.432 29598 29598 W PackageManager: Relax SCAN_REQUIRE_KNOWN requirement for package com.fitbit.ecg
09-10 09:42:48.433 29598 29721 D PackageCacher: Feature flags for package /data/app/~~9pbp8_-K2rCCAKLOK5DECg==/com.google.android.wearable.healthservices-mpm3Pr9iwbO3ODdvUNPH5w==: {android.permission.flags.access_local_network_permission_enabled=true}
09-10 09:42:48.436 29598 29722 D PackageCacher: Feature flags for package /data/app/~~adw-D0psAIKqscAyls_f2g==/com.spotify.music-mp2SxcuAqO6ZyGXFCwvP_A==: {android.permission.flags.access_local_network_permission_enabled=true}
09-10 09:42:48.437 29598 29720 D PackageCacher: Feature flags for package /data/app/~~fj6nilqvvoLTKsSX0yrgxg==/com.google.android.apps.youtube.music-TOS3C_K_uCFt1G8oNQ0pYw==: {android.permission.flags.access_local_network_permission_enabled=true}
09-10 09:42:48.437 29598 29598 W PackageManager: Relax SCAN_REQUIRE_KNOWN requirement for package com.google.android.calendar
09-10 09:42:48.443 29598 29721 D PackageCacher: Feature flags for package /data/app/~~jVZf04gc836rggE5Fw4VtQ==/com.google.android.wearable.protolayout.renderer-nKkXQt9vSzaGc8Y1qpv60Q==: {android.permission.flags.access_local_network_permission_enabled=true}
09-10 09:42:48.443 29598 29598 W PackageManager: Relax SCAN_REQUIRE_KNOWN requirement for package com.google.android.apps.maps
09-10 09:42:48.449 29598 29722 D PackageCacher: Feature flags for package /data/app/~~2ktbH33pSjTyQmUZMAMvyQ==/com.google.android.apps.chromecast.app-Ew_4GS-ypdWQzD150668xA==: {android.permission.flags.access_local_network_permission_enabled=true}
09-10 09:42:48.452 29598 29720 D PackageCacher: Feature flags for package /data/app/~~khLOFzjolXaZH5lnp7L41g==/com.google.android.apps.adm-1VopjU21N-49ZOoTDTbFUQ==: {android.permission.flags.access_local_network_permission_enabled=true}
09-10 09:42:48.453 29598 29721 D PackageCacher: Feature flags for package /data/app/~~BXSQqewlcZhaQh_gANhoDQ==/com.google.android.apps.weather-gmzOsbxhPBhUaD9qJ463uQ==: {android.permission.flags.access_local_network_permission_enabled=true}
09-10 09:42:48.464 29598 29720 D PackageCacher: Feature flags for package /data/app/~~KYo-5uxnef5YdsrifyAuUA==/com.google.wear.watchface.runtime-smssykVA5hbgS5WCtSN1VA==: {android.permission.flags.access_local_network_permission_enabled=true}
09-10 09:42:48.465 29598 29721 D PackageCacher: Feature flags for package /data/app/~~RGV_iRFOv2Svu-aT3kwVYQ==/com.google.android.marvin.talkback-CN7li8A7kaK_pZib2g2Izg==: {android.permission.flags.access_local_network_permission_enabled=true}
09-10 09:42:48.468 29598 29598 W PackageManager: Relax SCAN_REQUIRE_KNOWN requirement for package com.google.android.wearable.assistant
09-10 09:42:48.470 29598 29720 D PackageCacher: Feature flags for package /data/app/~~gfNiJ7zvh0W6Bs_VdQ05mw==/com.test.crossdevicepoc-uY2obAcvRlr1Naq5ACqwtQ==: {android.permission.flags.access_local_network_permission_enabled=true}
09-10 09:42:48.474 29598 29598 W PackageManager: Relax SCAN_REQUIRE_KNOWN requirement for package com.fitbit.FitbitMobile
09-10 09:42:48.474 29598 29722 D PackageCacher: Feature flags for package /data/app/~~c05N5Tb6ipUhKXZ4chvEjw==/com.google.android.apps.messaging-fSFew6STFaV-G2bjLtxvWQ==: {android.permission.flags.access_local_network_permission_enabled=true}
09-10 09:42:48.478 29598 29721 D PackageCacher: Feature flags for package /data/app/~~lUaxDmZtGLp6B9HVK6OC7Q==/com.google.android.keep-VxQ2Ep21PpD1xkZVRGFjUw==: {android.permission.flags.access_local_network_permission_enabled=true}
09-10 09:42:48.481 29598 29598 W PackageManager: Relax SCAN_REQUIRE_KNOWN requirement for package com.google.android.wearable.healthservices
09-10 09:42:48.490 29598 29721 D PackageCacher: Feature flags for package /data/app/~~_DC0gmkh5vfzwLiI9264tw==/com.google.android.dialer-UesrwclyNRoW1qcab3wyVA==: {android.permission.flags.access_local_network_permission_enabled=true}
09-10 09:42:48.491 29598 29722 D PackageCacher: Feature flags for package /data/app/~~5I9OYz5fRtjibpsyYTVD-g==/com.google.android.apps.walletnfcrel-6wdnqIMcowgmxLRmGNrnhQ==: {android.permission.flags.access_local_network_permission_enabled=true}
09-10 09:42:48.491 29598 29598 W PackageManager: Relax SCAN_REQUIRE_KNOWN requirement for package com.google.android.apps.youtube.music
09-10 09:42:48.493 29598 29720 D PackageCacher: Feature flags for package /data/app/~~ByDsNl5wS0KTQJtvFPPsuQ==/com.google.android.wearable.app-6P6Uf3icgnSU7x9Y-rl9tA==: {android.permission.flags.access_local_network_permission_enabled=true}
09-10 09:42:48.495 29598 29721 D PackageCacher: Feature flags for package /data/app/~~FLJ0mP0Daln8_on1Xdai1A==/com.poc.silentsms-iL_uQkYLBtXX0TMwfWrATA==: {android.permission.flags.access_local_network_permission_enabled=true}
09-10 09:42:48.497 29598 29598 W PackageManager: Relax SCAN_REQUIRE_KNOWN requirement for package com.google.android.wearable.protolayout.renderer
09-10 09:42:48.502 29598 29598 W PackageManager: Relax SCAN_REQUIRE_KNOWN requirement for package com.google.android.apps.chromecast.app
09-10 09:42:48.505 29598 29722 D PackageCacher: Feature flags for package /data/app/~~8f2FU7xsBv7Upax8jjSdEQ==/com.google.android.wearable.media.sessions-myhUWGq3ZvCwO-pMqJarpw==: {android.permission.flags.access_local_network_permission_enabled=true}
09-10 09:42:48.505 29598 29720 D PackageCacher: Feature flags for package /data/app/~~Eqej9gK4Zvn6Um3jsykN8w==/com.google.android.tts-JuRMUGtTdgOzIE89Gcc_kw==: {android.permission.flags.access_local_network_permission_enabled=true}
09-10 09:42:48.510 29598 29598 W PackageManager: Relax SCAN_REQUIRE_KNOWN requirement for package com.google.android.apps.adm
09-10 09:42:48.514 29598 29720 D PackageCacher: Feature flags for package /data/app/~~YnVlcj2XUh-n8-LVbOBsWw==/com.google.android.wearable.dwf.receiver-tJdLta_zEB4QFIkpJw-FFw==: {android.permission.flags.access_local_network_permission_enabled=true}
09-10 09:42:48.515 29598 29598 W PackageManager: Relax SCAN_REQUIRE_KNOWN requirement for package com.google.android.apps.weather
09-10 09:42:48.520 29598 29720 D PackageCacher: Feature flags for package /data/app/~~JjOcR8SUxyw2mn1XJmYK9g==/com.poc.lockbypass-HtvgTiToK4aq1kv7tEZEWA==: {android.permission.flags.access_local_network_permission_enabled=true}
09-10 09:42:48.525 29598 29721 D PackageCacher: Feature flags for package /data/app/~~oazUwMX7epBGvSYk8dwdyQ==/com.android.vending-pap5Lp8zpZ0fC-a3-3exxQ==: {android.permission.flags.access_local_network_permission_enabled=true}
09-10 09:42:48.527 29598 29598 W PackageManager: Relax SCAN_REQUIRE_KNOWN requirement for package com.google.wear.watchface.runtime
09-10 09:42:48.528 29598 29722 D PackageCacher: Feature flags for package /data/app/~~120yV1wR1VtOk-0rP0kGGg==/com.whatsapp-6OZuEb9YOQzpA1X5Xy59KQ==: {android.permission.flags.access_local_network_permission_enabled=true}
09-10 09:42:48.531 29598 29723 D PackageCacher: Feature flags for package /data/app/~~4OkDuO0TQX-wHEEPKnS1tA==/com.google.android.gms-9NEI3LtmM_lcBdmsLLItRQ==: {android.permission.flags.access_local_network_permission_enabled=true}
09-10 09:42:48.533 29598 29720 D PackageCacher: Feature flags for package /data/app/~~cSXMB6CNKN7zUrWtqQIuwg==/com.google.android.contacts-k0o6Hy3vdaVpkH3kpofKfA==: {android.permission.flags.access_local_network_permission_enabled=true}
09-10 09:42:48.533 29598 29598 W PackageManager: Relax SCAN_REQUIRE_KNOWN requirement for package com.google.android.marvin.talkback
09-10 09:42:48.538 29598 29721 D PackageCacher: Feature flags for package /data/app/~~GhGzVqpIbrswZ6cfg6-3Iw==/com.google.android.wearable.watchface.rwf-II_Enq9nizBO63lSxyFrEw==: {android.permission.flags.access_local_network_permission_enabled=true}
09-10 09:42:48.538 29598 29723 D PackageCacher: Feature flags for package /data/app/~~oO5f2Sc_IPoLSX4A1xTLuA==/com.test.watchprobe-j3zBJacK3kQZKX9TsOaX9A==: {android.permission.flags.access_local_network_permission_enabled=true}
09-10 09:42:48.538 29598 29720 D PackageCacher: Feature flags for package /data/app/~~nMbn6wjpfhF9IG12tz4AHw==/com.test.datalayer-ZAbbHhSSRFqh_0TasG5QZQ==: {android.permission.flags.access_local_network_permission_enabled=true}
09-10 09:42:48.541 29598 29721 D PackageCacher: Feature flags for package /data/app/~~vhy8U0WGA3kllTKhkzVqoA==/com.poc.bal-gERQgkRdyDZvwMKjN6_0fg==: {android.permission.flags.access_local_network_permission_enabled=true}
09-10 09:42:48.543 29598 29720 D PackageCacher: Feature flags for package /data/app/~~wTnOjv00M3KkmdMIKDBIfQ==/com.research.providerprobe-99G_YXS-3JS-jccB2EeaGA==: {android.permission.flags.access_local_network_permission_enabled=true}
09-10 09:42:48.544 29598 29598 W PackageManager: Relax SCAN_REQUIRE_KNOWN requirement for package com.google.android.apps.messaging
09-10 09:42:48.546 29598 29721 D PackageCacher: Feature flags for package /data/app/~~NNvecTj5kR6ei9uCj2CBZA==/com.christan.google_ass_tv_poc-TvcncKohHoAbuelVERxDAg==: {android.permission.flags.access_local_network_permission_enabled=true}
09-10 09:42:48.549 29598 29723 D PackageCacher: Feature flags for package /data/app/~~2ulKM2W4hr-MLHq9gATBJA==/com.google.android.deskclock-ZRz6S3vzuwIwl4sTdc9j-Q==: {android.permission.flags.access_local_network_permission_enabled=true}
09-10 09:42:48.550 29598 29598 W PackageManager: Relax SCAN_REQUIRE_KNOWN requirement for package com.google.android.keep
09-10 09:42:48.553 29598 29721 D PackageCacher: Feature flags for package /data/app/~~178rioFY_dWHmuuITVUpog==/com.google.android.inputmethod.latin-lq2CHxU5mFRBFHTLvRtQWw==: {android.permission.flags.access_local_network_permission_enabled=true}
09-10 09:42:48.554 29598 29720 D PackageCacher: Feature flags for package /data/app/~~e5YwZv2ovS3RjmaiMAFNuw==/com.google.android.gm-DRNeHo0IrTi12EHY-j7Vbw==: {android.permission.flags.access_local_network_permission_enabled=true}
09-10 09:42:48.555 29598 29723 D PackageCacher: Feature flags for package /data/app/~~vveRLkhQW8lfMx9Uor4AIQ==/com.google.android.GoogleCamera-paIvSJvVVq9cnzc4iIpJdA==: {android.permission.flags.access_local_network_permission_enabled=true}
09-10 09:42:48.556 29598 29598 W PackageManager: Relax SCAN_REQUIRE_KNOWN requirement for package com.google.android.dialer
09-10 09:42:48.557 29598 29722 D PackageCacher: Feature flags for package /data/app/~~z_K-WwEN3LbciRVBQhSalw==/com.google.android.apps.safetyhub-R5WPzYnfTNjRTN0cJGgj4Q==: {android.permission.flags.access_local_network_permission_enabled=true}
09-10 09:42:48.561 29598 29598 W PackageManager: Relax SCAN_REQUIRE_KNOWN requirement for package com.google.android.apps.walletnfcrel
09-10 09:42:48.563 29598 29721 D PackageCacher: Feature flags for package /data/app/~~q73BiewNKPpbRljDjRFTQw==/com.google.android.wearable.pixel.pdms--EaChjbowWD87MdcbvV_rw==: {android.permission.flags.access_local_network_permission_enabled=true}
09-10 09:42:48.565 29598 29720 D PackageCacher: Feature flags for package /data/app/~~NTxMH-7jnwcjWuWKHml7Tg==/com.vrp.poc-2-jOjxOtwmWUd3KEnDT4eQ==: {android.permission.flags.access_local_network_permission_enabled=true}
09-10 09:42:48.567 29598 29598 W PackageManager: Relax SCAN_REQUIRE_KNOWN requirement for package com.google.android.wearable.app
09-10 09:42:48.579 29598 29598 W PackageManager: Relax SCAN_REQUIRE_KNOWN requirement for package com.google.android.wearable.media.sessions
09-10 09:42:48.583 29598 29598 W PackageManager: Relax SCAN_REQUIRE_KNOWN requirement for package com.google.android.tts
09-10 09:42:48.595 29598 29598 W PackageManager: Relax SCAN_REQUIRE_KNOWN requirement for package com.google.android.wearable.dwf.receiver
09-10 09:42:48.606 29598 29598 W PackageManager: Relax SCAN_REQUIRE_KNOWN requirement for package com.android.vending
09-10 09:42:48.619 29598 29598 I PackageManager: /data/app/~~4OkDuO0TQX-wHEEPKnS1tA==/com.google.android.gms-9NEI3LtmM_lcBdmsLLItRQ== changed; collecting certs
09-10 09:42:48.709 29468 29503 D Diag_Lib: diag: Diag_LSM_Init: invoked for pid: 29468 with init_count: 0
09-10 09:42:48.710 29468 29503 D Diag_Lib: diag:failed to connect to diag socket
09-10 09:42:48.710 29468 29503 D Diag_Lib:  Diag_LSM_Init: Failed to open handle to diag driver, error = 111
09-10 09:42:48.710 29468 29503 I ATS     : vendor/qcom/sw5100-lw4/proprietary-audio/args/acdb/ats/transports/diag/linux/actp/src/actp.c:actp_diag_init:105 Error[1]: Failed to initialize DIAG
09-10 09:42:48.710 29468 29503 E ATS     : vendor/qcom/sw5100-lw4/proprietary-audio/args/acdb/ats/src/ats.c:ats_init:143 Error[1]: Failed to initialize Diag
09-10 09:42:48.710 29468 29503 E ATS     : vendor/qcom/sw5100-lw4/proprietary-audio/args/acdb/ats/src/ats.c:ats_init:263 Error[1]: Failed to initialize ATS
09-10 09:42:48.710 29468 29503 E AGM: API: ats_init_thread: 64 ats_init failed retry 22 err 1
09-10 09:42:49.210 29468 29503 D Diag_Lib: diag: Diag_LSM_Init: invoked for pid: 29468 with init_count: 0
09-10 09:42:49.210 29468 29503 D Diag_Lib: diag:failed to connect to diag socket
09-10 09:42:49.211 29468 29503 D Diag_Lib:  Diag_LSM_Init: Failed to open handle to diag driver, error = 111
09-10 09:42:49.211 29468 29503 I ATS     : vendor/qcom/sw5100-lw4/proprietary-audio/args/acdb/ats/transports/diag/linux/actp/src/actp.c:actp_diag_init:105 Error[1]: Failed to initialize DIAG
09-10 09:42:49.211 29468 29503 E ATS     : vendor/qcom/sw5100-lw4/proprietary-audio/args/acdb/ats/src/ats.c:ats_init:143 Error[1]: Failed to initialize Diag
09-10 09:42:49.211 29468 29503 E ATS     : vendor/qcom/sw5100-lw4/proprietary-audio/args/acdb/ats/src/ats.c:ats_init:263 Error[1]: Failed to initialize ATS
09-10 09:42:49.211 29468 29503 E AGM: API: ats_init_thread: 64 ats_init failed retry 23 err 1
09-10 09:42:49.393 29464 29464 W libbinder.ServiceManagerCppClient: Waited one second for activity (is service started? Number of threads started in the threadpool: 16. Are binder threads started and available?)
09-10 09:42:49.396   329 29726 W libc    : Unable to set property "ctl.interface_start" to "aidl/activity": PROP_ERROR_HANDLE_CONTROL_MESSAGE (0x20)
09-10 09:42:49.716 29468 29503 D Diag_Lib: diag: Diag_LSM_Init: invoked for pid: 29468 with init_count: 0
09-10 09:42:49.717 29468 29503 D Diag_Lib: diag:failed to connect to diag socket
09-10 09:42:49.717 29468 29503 D Diag_Lib:  Diag_LSM_Init: Failed to open handle to diag driver, error = 111
09-10 09:42:49.717 29468 29503 I ATS     : vendor/qcom/sw5100-lw4/proprietary-audio/args/acdb/ats/transports/diag/linux/actp/src/actp.c:actp_diag_init:105 Error[1]: Failed to initialize DIAG
09-10 09:42:49.717 29468 29503 E ATS     : vendor/qcom/sw5100-lw4/proprietary-audio/args/acdb/ats/src/ats.c:ats_init:143 Error[1]: Failed to initialize Diag
09-10 09:42:49.717 29468 29503 E ATS     : vendor/qcom/sw5100-lw4/proprietary-audio/args/acdb/ats/src/ats.c:ats_init:263 Error[1]: Failed to initialize ATS
09-10 09:42:49.717 29468 29503 E AGM: API: ats_init_thread: 64 ats_init failed retry 24 err 1
09-10 09:42:49.876 29469 29512 D BootAnimation: Playing files = /product/media/bootanimation-eos-384.zip/part2, Requested repeat = 0, playUntilComplete = false
09-10 09:42:50.217 29468 29503 D Diag_Lib: diag: Diag_LSM_Init: invoked for pid: 29468 with init_count: 0
09-10 09:42:50.217 29468 29503 D Diag_Lib: diag:failed to connect to diag socket
09-10 09:42:50.218 29468 29503 D Diag_Lib:  Diag_LSM_Init: Failed to open handle to diag driver, error = 111
09-10 09:42:50.218 29468 29503 I ATS     : vendor/qcom/sw5100-lw4/proprietary-audio/args/acdb/ats/transports/diag/linux/actp/src/actp.c:actp_diag_init:105 Error[1]: Failed to initialize DIAG
09-10 09:42:50.218 29468 29503 E ATS     : vendor/qcom/sw5100-lw4/proprietary-audio/args/acdb/ats/src/ats.c:ats_init:143 Error[1]: Failed to initialize Diag
09-10 09:42:50.218 29468 29503 E ATS     : vendor/qcom/sw5100-lw4/proprietary-audio/args/acdb/ats/src/ats.c:ats_init:263 Error[1]: Failed to initialize ATS
09-10 09:42:50.218 29468 29503 E AGM: API: ats_init_thread: 64 ats_init failed retry 25 err 1
09-10 09:42:50.344  1638  1642 I pixel-thermal: audio-therm:42.214 raw data: audio-therm:42214 
09-10 09:42:50.347  1638  1642 I pixel-thermal: sdm-skin-therm:43.159 raw data: sdm-skin-therm:43159 
09-10 09:42:50.353  1638  1642 I pixel-thermal: CDEV log 
09-10 09:42:50.395 29464 29464 W libbinder.ServiceManagerCppClient: Waited one second for activity (is service started? Number of threads started in the threadpool: 16. Are binder threads started and available?)
09-10 09:42:50.398   329 29727 W libc    : Unable to set property "ctl.interface_start" to "aidl/activity": PROP_ERROR_HANDLE_CONTROL_MESSAGE (0x20)
09-10 09:42:50.718 29468 29503 D Diag_Lib: diag: Diag_LSM_Init: invoked for pid: 29468 with init_count: 0
09-10 09:42:50.718 29468 29503 D Diag_Lib: diag:failed to connect to diag socket
09-10 09:42:50.718 29468 29503 D Diag_Lib:  Diag_LSM_Init: Failed to open handle to diag driver, error = 111
09-10 09:42:50.719 29468 29503 I ATS     : vendor/qcom/sw5100-lw4/proprietary-audio/args/acdb/ats/transports/diag/linux/actp/src/actp.c:actp_diag_init:105 Error[1]: Failed to initialize DIAG
09-10 09:42:50.719 29468 29503 E ATS     : vendor/qcom/sw5100-lw4/proprietary-audio/args/acdb/ats/src/ats.c:ats_init:143 Error[1]: Failed to initialize Diag
09-10 09:42:50.719 29468 29503 E ATS     : vendor/qcom/sw5100-lw4/proprietary-audio/args/acdb/ats/src/ats.c:ats_init:263 Error[1]: Failed to initialize ATS
09-10 09:42:50.719 29468 29503 E AGM: API: ats_init_thread: 64 ats_init failed retry 26 err 1
09-10 09:42:51.023 29598 29598 W PackageManager: Relax SCAN_REQUIRE_KNOWN requirement for package com.google.android.gms
09-10 09:42:51.026 29598 29598 W SharedLibrariesImpl: Package com.google.android.gms declares library com.google.android.gms that already exists; skipping
09-10 09:42:51.026 29598 29598 W SharedLibrariesImpl: Package com.google.android.gms declares library com.google.android.gms that already exists; skipping
09-10 09:42:51.027 29598 29598 I PackageManager: Update system package com.google.android.gms code path from /apex/com.google.android.gmssystem/priv-app/PrebuiltGmsCoreForClockworkWearable@CP2A.260603.001 to /data/app/~~4OkDuO0TQX-wHEEPKnS1tA==/com.google.android.gms-9NEI3LtmM_lcBdmsLLItRQ==; Retain data and using new
09-10 09:42:51.050 29598 29598 W PackageManager: Relax SCAN_REQUIRE_KNOWN requirement for package com.google.android.contacts
09-10 09:42:51.055 29598 29598 W PackageManager: Relax SCAN_REQUIRE_KNOWN requirement for package com.google.android.wearable.watchface.rwf
09-10 09:42:51.084 29598 29598 W PackageManager: Relax SCAN_REQUIRE_KNOWN requirement for package com.google.android.deskclock
09-10 09:42:51.090 29598 29598 W PackageManager: Relax SCAN_REQUIRE_KNOWN requirement for package com.google.android.inputmethod.latin
09-10 09:42:51.095 29598 29598 W PackageManager: Relax SCAN_REQUIRE_KNOWN requirement for package com.google.android.gm
09-10 09:42:51.100 29598 29598 W PackageManager: Relax SCAN_REQUIRE_KNOWN requirement for package com.google.android.GoogleCamera
09-10 09:42:51.105 29598 29598 W PackageManager: Relax SCAN_REQUIRE_KNOWN requirement for package com.google.android.apps.safetyhub
09-10 09:42:51.111 29598 29598 W PackageManager: Relax SCAN_REQUIRE_KNOWN requirement for package com.google.android.wearable.pixel.pdms
09-10 09:42:51.125 29598 29598 I PackageManager: Finished scanning non-system apps. Time: 2729 ms, packageCount: 43 , timePerPackage: 63 , cached: 43
09-10 09:42:51.129 29598 29598 W PackageManager: Missing required system package: .
09-10 09:42:51.152 29598 29598 I PackageManager: Time to scan packages: 4.295 seconds
09-10 09:42:51.163 29598 29598 W PackageManager: Could not find package com.android.companiondevicemanager
09-10 09:42:51.219 29468 29503 D Diag_Lib: diag: Diag_LSM_Init: invoked for pid: 29468 with init_count: 0
09-10 09:42:51.220 29468 29503 D Diag_Lib: diag:failed to connect to diag socket
09-10 09:42:51.220 29468 29503 D Diag_Lib:  Diag_LSM_Init: Failed to open handle to diag driver, error = 111
09-10 09:42:51.220 29468 29503 I ATS     : vendor/qcom/sw5100-lw4/proprietary-audio/args/acdb/ats/transports/diag/linux/actp/src/actp.c:actp_diag_init:105 Error[1]: Failed to initialize DIAG
09-10 09:42:51.220 29468 29503 E ATS     : vendor/qcom/sw5100-lw4/proprietary-audio/args/acdb/ats/src/ats.c:ats_init:143 Error[1]: Failed to initialize Diag
09-10 09:42:51.220 29468 29503 E ATS     : vendor/qcom/sw5100-lw4/proprietary-audio/args/acdb/ats/src/ats.c:ats_init:263 Error[1]: Failed to initialize ATS
09-10 09:42:51.220 29468 29503 E AGM: API: ats_init_thread: 64 ats_init failed retry 27 err 1
09-10 09:42:51.394 29598 29598 W AppIdPermissionPolicy: Ignoring permission com.google.android.c2dm.permission.RECEIVE declared in system package com.google.android.gms: already declared in another system package com.google.android.gsf
09-10 09:42:51.394 29598 29598 W AppIdPermissionPolicy: Ignoring permission com.google.android.c2dm.permission.SEND declared in system package com.google.android.gms: already declared in another system package com.google.android.gsf
09-10 09:42:51.395 29598 29598 W AppIdPermissionPolicy: Ignoring permission com.google.android.providers.settings.permission.WRITE_GSETTINGS declared in system package com.google.android.gms: already declared in another system package com.google.android.gsf
09-10 09:42:51.395 29598 29598 W AppIdPermissionPolicy: Ignoring permission com.google.android.gtalkservice.permission.GTALK_SERVICE declared in system package com.google.android.gms: already declared in another system package com.google.android.gsf
09-10 09:42:51.395 29598 29598 W AppIdPermissionPolicy: Ignoring permission com.google.android.providers.gsf.permission.READ_GSERVICES declared in system package com.google.android.gms: already declared in another system package com.google.android.gsf
09-10 09:42:51.395 29598 29598 W AppIdPermissionPolicy: Ignoring permission com.google.android.providers.gsf.permission.WRITE_GSERVICES declared in system package com.google.android.gms: already declared in another system package com.google.android.gsf
09-10 09:42:51.395 29598 29598 W AppIdPermissionPolicy: Ignoring permission com.android.vending.INTENT_VENDING_ONLY declared in system package com.google.android.gms: already declared in another system package com.google.android.gsf
09-10 09:42:51.397 29464 29464 W libbinder.ServiceManagerCppClient: Waited one second for activity (is service started? Number of threads started in the threadpool: 16. Are binder threads started and available?)
09-10 09:42:51.400   329 29728 W libc    : Unable to set property "ctl.interface_start" to "aidl/activity": PROP_ERROR_HANDLE_CONTROL_MESSAGE (0x20)
09-10 09:42:51.426 29598 29598 W AppIdPermissionPolicy: Ignoring permission com.google.android.c2dm.permission.RECEIVE declared in system package com.google.android.gms: already declared in another system package com.google.android.gsf
09-10 09:42:51.427 29598 29598 W AppIdPermissionPolicy: Ignoring permission com.google.android.c2dm.permission.SEND declared in system package com.google.android.gms: already declared in another system package com.google.android.gsf
09-10 09:42:51.427 29598 29598 W AppIdPermissionPolicy: Ignoring permission com.google.android.providers.settings.permission.WRITE_GSETTINGS declared in system package com.google.android.gms: already declared in another system package com.google.android.gsf
09-10 09:42:51.427 29598 29598 W AppIdPermissionPolicy: Ignoring permission com.google.android.gtalkservice.permission.GTALK_SERVICE declared in system package com.google.android.gms: already declared in another system package com.google.android.gsf
09-10 09:42:51.427 29598 29598 W AppIdPermissionPolicy: Ignoring permission com.google.android.providers.gsf.permission.READ_GSERVICES declared in system package com.google.android.gms: already declared in another system package com.google.android.gsf
09-10 09:42:51.427 29598 29598 W AppIdPermissionPolicy: Ignoring permission com.google.android.providers.gsf.permission.WRITE_GSERVICES declared in system package com.google.android.gms: already declared in another system package com.google.android.gsf
09-10 09:42:51.427 29598 29598 W AppIdPermissionPolicy: Ignoring permission com.android.vending.INTENT_VENDING_ONLY declared in system package com.google.android.gms: already declared in another system package com.google.android.gsf
09-10 09:42:51.462 29598 29598 W AppIdPermissionPolicy: Package com.google.android.gms is an APK in APEX but has permission allowlist on the system image, please bundle the allowlist in the com.google.android.gmssystem APEX instead
09-10 09:42:51.463 29598 29598 W AppIdPermissionPolicy: Package com.google.android.gms is an APK in APEX but has permission allowlist on the system image, please bundle the allowlist in the com.google.android.gmssystem APEX instead
09-10 09:42:51.463 29598 29598 W AppIdPermissionPolicy: Package com.google.android.gms is an APK in APEX but has permission allowlist on the system image, please bundle the allowlist in the com.google.android.gmssystem APEX instead
09-10 09:42:51.463 29598 29598 W AppIdPermissionPolicy: Package com.google.android.gms is an APK in APEX but has permission allowlist on the system image, please bundle the allowlist in the com.google.android.gmssystem APEX instead
09-10 09:42:51.463 29598 29598 W AppIdPermissionPolicy: Package com.google.android.gms is an APK in APEX but has permission allowlist on the system image, please bundle the allowlist in the com.google.android.gmssystem APEX instead
09-10 09:42:51.463 29598 29598 W AppIdPermissionPolicy: Package com.google.android.gms is an APK in APEX but has permission allowlist on the system image, please bundle the allowlist in the com.google.android.gmssystem APEX instead
09-10 09:42:51.463 29598 29598 W AppIdPermissionPolicy: Package com.google.android.gms is an APK in APEX but has permission allowlist on the system image, please bundle the allowlist in the com.google.android.gmssystem APEX instead
09-10 09:42:51.463 29598 29598 W AppIdPermissionPolicy: Package com.google.android.gms is an APK in APEX but has permission allowlist on the system image, please bundle the allowlist in the com.google.android.gmssystem APEX instead
09-10 09:42:51.463 29598 29598 W AppIdPermissionPolicy: Package com.google.android.gms is an APK in APEX but has permission allowlist on the system image, please bundle the allowlist in the com.google.android.gmssystem APEX instead
09-10 09:42:51.463 29598 29598 W AppIdPermissionPolicy: Package com.google.android.gms is an APK in APEX but has permission allowlist on the system image, please bundle the allowlist in the com.google.android.gmssystem APEX instead
09-10 09:42:51.463 29598 29598 W AppIdPermissionPolicy: Package com.google.android.gms is an APK in APEX but has permission allowlist on the system image, please bundle the allowlist in the com.google.android.gmssystem APEX instead
09-10 09:42:51.463 29598 29598 W AppIdPermissionPolicy: Package com.google.android.gms is an APK in APEX but has permission allowlist on the system image, please bundle the allowlist in the com.google.android.gmssystem APEX instead
09-10 09:42:51.463 29598 29598 W AppIdPermissionPolicy: Package com.google.android.gms is an APK in APEX but has permission allowlist on the system image, please bundle the allowlist in the com.google.android.gmssystem APEX instead
09-10 09:42:51.464 29598 29598 W AppIdPermissionPolicy: Package com.google.android.gms is an APK in APEX but has permission allowlist on the system image, please bundle the allowlist in the com.google.android.gmssystem APEX instead
09-10 09:42:51.464 29598 29598 W AppIdPermissionPolicy: Package com.google.android.gms is an APK in APEX but has permission allowlist on the system image, please bundle the allowlist in the com.google.android.gmssystem APEX instead
09-10 09:42:51.464 29598 29598 W AppIdPermissionPolicy: Package com.google.android.gms is an APK in APEX but has permission allowlist on the system image, please bundle the allowlist in the com.google.android.gmssystem APEX instead
09-10 09:42:51.464 29598 29598 W AppIdPermissionPolicy: Package com.google.android.gms is an APK in APEX but has permission allowlist on the system image, please bundle the allowlist in the com.google.android.gmssystem APEX instead
09-10 09:42:51.464 29598 29598 W AppIdPermissionPolicy: Package com.google.android.gms is an APK in APEX but has permission allowlist on the system image, please bundle the allowlist in the com.google.android.gmssystem APEX instead
09-10 09:42:51.464 29598 29598 W AppIdPermissionPolicy: Package com.google.android.gms is an APK in APEX but has permission allowlist on the system image, please bundle the allowlist in the com.google.android.gmssystem APEX instead
09-10 09:42:51.464 29598 29598 W AppIdPermissionPolicy: Package com.google.android.gms is an APK in APEX but has permission allowlist on the system image, please bundle the allowlist in the com.google.android.gmssystem APEX instead
09-10 09:42:51.464 29598 29598 W AppIdPermissionPolicy: Package com.google.android.gms is an APK in APEX but has permission allowlist on the system image, please bundle the allowlist in the com.google.android.gmssystem APEX instead
09-10 09:42:51.464 29598 29598 W AppIdPermissionPolicy: Package com.google.android.gms is an APK in APEX but has permission allowlist on the system image, please bundle the allowlist in the com.google.android.gmssystem APEX instead
09-10 09:42:51.464 29598 29598 W AppIdPermissionPolicy: Package com.google.android.gms is an APK in APEX but has permission allowlist on the system image, please bundle the allowlist in the com.google.android.gmssystem APEX instead
09-10 09:42:51.465 29598 29598 W AppIdPermissionPolicy: Package com.google.android.gms is an APK in APEX but has permission allowlist on the system image, please bundle the allowlist in the com.google.android.gmssystem APEX instead
09-10 09:42:51.465 29598 29598 W AppIdPermissionPolicy: Package com.google.android.gms is an APK in APEX but has permission allowlist on the system image, please bundle the allowlist in the com.google.android.gmssystem APEX instead
09-10 09:42:51.465 29598 29598 W AppIdPermissionPolicy: Package com.google.android.gms is an APK in APEX but has permission allowlist on the system image, please bundle the allowlist in the com.google.android.gmssystem APEX instead
09-10 09:42:51.465 29598 29598 W AppIdPermissionPolicy: Package com.google.android.gms is an APK in APEX but has permission allowlist on the system image, please bundle the allowlist in the com.google.android.gmssystem APEX instead
09-10 09:42:51.465 29598 29598 W AppIdPermissionPolicy: Package com.google.android.gms is an APK in APEX but has permission allowlist on the system image, please bundle the allowlist in the com.google.android.gmssystem APEX instead
09-10 09:42:51.465 29598 29598 W AppIdPermissionPolicy: Package com.google.android.gms is an APK in APEX but has permission allowlist on the system image, please bundle the allowlist in the com.google.android.gmssystem APEX instead
09-10 09:42:51.465 29598 29598 W AppIdPermissionPolicy: Package com.google.android.gms is an APK in APEX but has permission allowlist on the system image, please bundle the allowlist in the com.google.android.gmssystem APEX instead
09-10 09:42:51.465 29598 29598 W AppIdPermissionPolicy: Package com.google.android.gms is an APK in APEX but has permission allowlist on the system image, please bundle the allowlist in the com.google.android.gmssystem APEX instead
09-10 09:42:51.465 29598 29598 W AppIdPermissionPolicy: Package com.google.android.gms is an APK in APEX but has permission allowlist on the system image, please bundle the allowlist in the com.google.android.gmssystem APEX instead
09-10 09:42:51.465 29598 29598 W AppIdPermissionPolicy: Package com.google.android.gms is an APK in APEX but has permission allowlist on the system image, please bundle the allowlist in the com.google.android.gmssystem APEX instead
09-10 09:42:51.465 29598 29598 W AppIdPermissionPolicy: Package com.google.android.gms is an APK in APEX but has permission allowlist on the system image, please bundle the allowlist in the com.google.android.gmssystem APEX instead
09-10 09:42:51.465 29598 29598 W AppIdPermissionPolicy: Package com.google.android.gms is an APK in APEX but has permission allowlist on the system image, please bundle the allowlist in the com.google.android.gmssystem APEX instead
09-10 09:42:51.465 29598 29598 W AppIdPermissionPolicy: Package com.google.android.gms is an APK in APEX but has permission allowlist on the system image, please bundle the allowlist in the com.google.android.gmssystem APEX instead
09-10 09:42:51.465 29598 29598 W AppIdPermissionPolicy: Package com.google.android.gms is an APK in APEX but has permission allowlist on the system image, please bundle the allowlist in the com.google.android.gmssystem APEX instead
09-10 09:42:51.466 29598 29598 W AppIdPermissionPolicy: Package com.google.android.gms is an APK in APEX but has permission allowlist on the system image, please bundle the allowlist in the com.google.android.gmssystem APEX instead
09-10 09:42:51.466 29598 29598 W AppIdPermissionPolicy: Package com.google.android.gms is an APK in APEX but has permission allowlist on the system image, please bundle the allowlist in the com.google.android.gmssystem APEX instead
09-10 09:42:51.466 29598 29598 W AppIdPermissionPolicy: Package com.google.android.gms is an APK in APEX but has permission allowlist on the system image, please bundle the allowlist in the com.google.android.gmssystem APEX instead
09-10 09:42:51.466 29598 29598 W AppIdPermissionPolicy: Package com.google.android.gms is an APK in APEX but has permission allowlist on the system image, please bundle the allowlist in the com.google.android.gmssystem APEX instead
09-10 09:42:51.466 29598 29598 W AppIdPermissionPolicy: Package com.google.android.gms is an APK in APEX but has permission allowlist on the system image, please bundle the allowlist in the com.google.android.gmssystem APEX instead
09-10 09:42:51.466 29598 29598 W AppIdPermissionPolicy: Package com.google.android.gms is an APK in APEX but has permission allowlist on the system image, please bundle the allowlist in the com.google.android.gmssystem APEX instead
09-10 09:42:51.466 29598 29598 W AppIdPermissionPolicy: Package com.google.android.gms is an APK in APEX but has permission allowlist on the system image, please bundle the allowlist in the com.google.android.gmssystem APEX instead
09-10 09:42:51.466 29598 29598 W AppIdPermissionPolicy: Package com.google.android.gms is an APK in APEX but has permission allowlist on the system image, please bundle the allowlist in the com.google.android.gmssystem APEX instead
09-10 09:42:51.466 29598 29598 W AppIdPermissionPolicy: Package com.google.android.gms is an APK in APEX but has permission allowlist on the system image, please bundle the allowlist in the com.google.android.gmssystem APEX instead
09-10 09:42:51.466 29598 29598 W AppIdPermissionPolicy: Package com.google.android.gms is an APK in APEX but has permission allowlist on the system image, please bundle the allowlist in the com.google.android.gmssystem APEX instead
09-10 09:42:51.466 29598 29598 W AppIdPermissionPolicy: Package com.google.android.gms is an APK in APEX but has permission allowlist on the system image, please bundle the allowlist in the com.google.android.gmssystem APEX instead
09-10 09:42:51.466 29598 29598 W AppIdPermissionPolicy: Package com.google.android.gms is an APK in APEX but has permission allowlist on the system image, please bundle the allowlist in the com.google.android.gmssystem APEX instead
09-10 09:42:51.466 29598 29598 W AppIdPermissionPolicy: Package com.google.android.gms is an APK in APEX but has permission allowlist on the system image, please bundle the allowlist in the com.google.android.gmssystem APEX instead
09-10 09:42:51.466 29598 29598 W AppIdPermissionPolicy: Package com.google.android.gms is an APK in APEX but has permission allowlist on the system image, please bundle the allowlist in the com.google.android.gmssystem APEX instead
09-10 09:42:51.466 29598 29598 W AppIdPermissionPolicy: Package com.google.android.gms is an APK in APEX but has permission allowlist on the system image, please bundle the allowlist in the com.google.android.gmssystem APEX instead
09-10 09:42:51.467 29598 29598 W AppIdPermissionPolicy: Package com.google.android.gms is an APK in APEX but has permission allowlist on the system image, please bundle the allowlist in the com.google.android.gmssystem APEX instead
09-10 09:42:51.467 29598 29598 W AppIdPermissionPolicy: Package com.google.android.gms is an APK in APEX but has permission allowlist on the system image, please bundle the allowlist in the com.google.android.gmssystem APEX instead
09-10 09:42:51.467 29598 29598 W AppIdPermissionPolicy: Package com.google.android.gms is an APK in APEX but has permission allowlist on the system image, please bundle the allowlist in the com.google.android.gmssystem APEX instead
09-10 09:42:51.467 29598 29598 W AppIdPermissionPolicy: Package com.google.android.gms is an APK in APEX but has permission allowlist on the system image, please bundle the allowlist in the com.google.android.gmssystem APEX instead
09-10 09:42:51.467 29598 29598 W AppIdPermissionPolicy: Package com.google.android.gms is an APK in APEX but has permission allowlist on the system image, please bundle the allowlist in the com.google.android.gmssystem APEX instead
09-10 09:42:51.467 29598 29598 W AppIdPermissionPolicy: Package com.google.android.gms is an APK in APEX but has permission allowlist on the system image, please bundle the allowlist in the com.google.android.gmssystem APEX instead
09-10 09:42:51.467 29598 29598 W AppIdPermissionPolicy: Package com.google.android.gms is an APK in APEX but has permission allowlist on the system image, please bundle the allowlist in the com.google.android.gmssystem APEX instead
09-10 09:42:51.467 29598 29598 W AppIdPermissionPolicy: Package com.google.android.gms is an APK in APEX but has permission allowlist on the system image, please bundle the allowlist in the com.google.android.gmssystem APEX instead
09-10 09:42:51.467 29598 29598 W AppIdPermissionPolicy: Package com.google.android.gms is an APK in APEX but has permission allowlist on the system image, please bundle the allowlist in the com.google.android.gmssystem APEX instead
09-10 09:42:51.467 29598 29598 W AppIdPermissionPolicy: Package com.google.android.gms is an APK in APEX but has permission allowlist on the system image, please bundle the allowlist in the com.google.android.gmssystem APEX instead
09-10 09:42:51.467 29598 29598 W AppIdPermissionPolicy: Package com.google.android.gms is an APK in APEX but has permission allowlist on the system image, please bundle the allowlist in the com.google.android.gmssystem APEX instead
09-10 09:42:51.467 29598 29598 W AppIdPermissionPolicy: Package com.google.android.gms is an APK in APEX but has permission allowlist on the system image, please bundle the allowlist in the com.google.android.gmssystem APEX instead
09-10 09:42:51.467 29598 29598 W AppIdPermissionPolicy: Package com.google.android.gms is an APK in APEX but has permission allowlist on the system image, please bundle the allowlist in the com.google.android.gmssystem APEX instead
09-10 09:42:51.467 29598 29598 W AppIdPermissionPolicy: Package com.google.android.gms is an APK in APEX but has permission allowlist on the system image, please bundle the allowlist in the com.google.android.gmssystem APEX instead
09-10 09:42:51.467 29598 29598 W AppIdPermissionPolicy: Package com.google.android.gms is an APK in APEX but has permission allowlist on the system image, please bundle the allowlist in the com.google.android.gmssystem APEX instead
09-10 09:42:51.468 29598 29598 W AppIdPermissionPolicy: Package com.google.android.gms is an APK in APEX but has permission allowlist on the system image, please bundle the allowlist in the com.google.android.gmssystem APEX instead
09-10 09:42:51.468 29598 29598 W AppIdPermissionPolicy: Package com.google.android.gms is an APK in APEX but has permission allowlist on the system image, please bundle the allowlist in the com.google.android.gmssystem APEX instead
09-10 09:42:51.468 29598 29598 W AppIdPermissionPolicy: Package com.google.android.gms is an APK in APEX but has permission allowlist on the system image, please bundle the allowlist in the com.google.android.gmssystem APEX instead
09-10 09:42:51.468 29598 29598 W AppIdPermissionPolicy: Package com.google.android.gms is an APK in APEX but has permission allowlist on the system image, please bundle the allowlist in the com.google.android.gmssystem APEX instead
09-10 09:42:51.468 29598 29598 W AppIdPermissionPolicy: Package com.google.android.gms is an APK in APEX but has permission allowlist on the system image, please bundle the allowlist in the com.google.android.gmssystem APEX instead
09-10 09:42:51.468 29598 29598 W AppIdPermissionPolicy: Package com.google.android.gms is an APK in APEX but has permission allowlist on the system image, please bundle the allowlist in the com.google.android.gmssystem APEX instead
09-10 09:42:51.468 29598 29598 W AppIdPermissionPolicy: Package com.google.android.gms is an APK in APEX but has permission allowlist on the system image, please bundle the allowlist in the com.google.android.gmssystem APEX instead
09-10 09:42:51.468 29598 29598 W AppIdPermissionPolicy: Package com.google.android.gms is an APK in APEX but has permission allowlist on the system image, please bundle the allowlist in the com.google.android.gmssystem APEX instead
09-10 09:42:51.468 29598 29598 W AppIdPermissionPolicy: Package com.google.android.gms is an APK in APEX but has permission allowlist on the system image, please bundle the allowlist in the com.google.android.gmssystem APEX instead
09-10 09:42:51.471 29598 29598 W AppIdPermissionPolicy: Package com.google.android.gms is an APK in APEX but has permission allowlist on the system image, please bundle the allowlist in the com.google.android.gmssystem APEX instead
09-10 09:42:51.471 29598 29598 W AppIdPermissionPolicy: Package com.google.android.gms is an APK in APEX but has permission allowlist on the system image, please bundle the allowlist in the com.google.android.gmssystem APEX instead
09-10 09:42:51.471 29598 29598 W AppIdPermissionPolicy: Package com.google.android.gms is an APK in APEX but has permission allowlist on the system image, please bundle the allowlist in the com.google.android.gmssystem APEX instead
09-10 09:42:51.471 29598 29598 W AppIdPermissionPolicy: Package com.google.android.gms is an APK in APEX but has permission allowlist on the system image, please bundle the allowlist in the com.google.android.gmssystem APEX instead
09-10 09:42:51.471 29598 29598 W AppIdPermissionPolicy: Package com.google.android.gms is an APK in APEX but has permission allowlist on the system image, please bundle the allowlist in the com.google.android.gmssystem APEX instead
09-10 09:42:51.471 29598 29598 W AppIdPermissionPolicy: Package com.google.android.gms is an APK in APEX but has permission allowlist on the system image, please bundle the allowlist in the com.google.android.gmssystem APEX instead
09-10 09:42:51.471 29598 29598 W AppIdPermissionPolicy: Package com.google.android.gms is an APK in APEX but has permission allowlist on the system image, please bundle the allowlist in the com.google.android.gmssystem APEX instead
09-10 09:42:51.472 29598 29598 W AppIdPermissionPolicy: Package com.google.android.gms is an APK in APEX but has permission allowlist on the system image, please bundle the allowlist in the com.google.android.gmssystem APEX instead
09-10 09:42:51.472 29598 29598 W AppIdPermissionPolicy: Package com.google.android.gms is an APK in APEX but has permission allowlist on the system image, please bundle the allowlist in the com.google.android.gmssystem APEX instead
09-10 09:42:51.472 29598 29598 W AppIdPermissionPolicy: Package com.google.android.gms is an APK in APEX but has permission allowlist on the system image, please bundle the allowlist in the com.google.android.gmssystem APEX instead
09-10 09:42:51.472 29598 29598 W AppIdPermissionPolicy: Package com.google.android.gms is an APK in APEX but has permission allowlist on the system image, please bundle the allowlist in the com.google.android.gmssystem APEX instead
09-10 09:42:51.472 29598 29598 W AppIdPermissionPolicy: Package com.google.android.gms is an APK in APEX but has permission allowlist on the system image, please bundle the allowlist in the com.google.android.gmssystem APEX instead
09-10 09:42:51.472 29598 29598 W AppIdPermissionPolicy: Package com.google.android.gms is an APK in APEX but has permission allowlist on the system image, please bundle the allowlist in the com.google.android.gmssystem APEX instead
09-10 09:42:51.473 29598 29598 W AppIdPermissionPolicy: Package com.google.android.gms is an APK in APEX but has permission allowlist on the system image, please bundle the allowlist in the com.google.android.gmssystem APEX instead
09-10 09:42:51.473 29598 29598 W AppIdPermissionPolicy: Package com.google.android.gms is an APK in APEX but has permission allowlist on the system image, please bundle the allowlist in the com.google.android.gmssystem APEX instead
09-10 09:42:51.473 29598 29598 W AppIdPermissionPolicy: Package com.google.android.gms is an APK in APEX but has permission allowlist on the system image, please bundle the allowlist in the com.google.android.gmssystem APEX instead
09-10 09:42:51.473 29598 29598 W AppIdPermissionPolicy: Package com.google.android.gms is an APK in APEX but has permission allowlist on the system image, please bundle the allowlist in the com.google.android.gmssystem APEX instead
09-10 09:42:51.473 29598 29598 W AppIdPermissionPolicy: Package com.google.android.gms is an APK in APEX but has permission allowlist on the system image, please bundle the allowlist in the com.google.android.gmssystem APEX instead
09-10 09:42:51.473 29598 29598 W AppIdPermissionPolicy: Package com.google.android.gms is an APK in APEX but has permission allowlist on the system image, please bundle the allowlist in the com.google.android.gmssystem APEX instead
09-10 09:42:51.474 29598 29598 W AppIdPermissionPolicy: Package com.google.android.gms is an APK in APEX but has permission allowlist on the system image, please bundle the allowlist in the com.google.android.gmssystem APEX instead
09-10 09:42:51.474 29598 29598 W AppIdPermissionPolicy: Package com.google.android.gms is an APK in APEX but has permission allowlist on the system image, please bundle the allowlist in the com.google.android.gmssystem APEX instead
09-10 09:42:51.474 29598 29598 W AppIdPermissionPolicy: Package com.google.android.gms is an APK in APEX but has permission allowlist on the system image, please bundle the allowlist in the com.google.android.gmssystem APEX instead
09-10 09:42:51.474 29598 29598 W AppIdPermissionPolicy: Package com.google.android.gms is an APK in APEX but has permission allowlist on the system image, please bundle the allowlist in the com.google.android.gmssystem APEX instead
09-10 09:42:51.474 29598 29598 W AppIdPermissionPolicy: Package com.google.android.gms is an APK in APEX but has permission allowlist on the system image, please bundle the allowlist in the com.google.android.gmssystem APEX instead
09-10 09:42:51.474 29598 29598 W AppIdPermissionPolicy: Package com.google.android.gms is an APK in APEX but has permission allowlist on the system image, please bundle the allowlist in the com.google.android.gmssystem APEX instead
09-10 09:42:51.474 29598 29598 W AppIdPermissionPolicy: Package com.google.android.gms is an APK in APEX but has permission allowlist on the system image, please bundle the allowlist in the com.google.android.gmssystem APEX instead
09-10 09:42:51.474 29598 29598 W AppIdPermissionPolicy: Package com.google.android.gms is an APK in APEX but has permission allowlist on the system image, please bundle the allowlist in the com.google.android.gmssystem APEX instead
09-10 09:42:51.475 29598 29598 W AppIdPermissionPolicy: Package com.google.android.gms is an APK in APEX but has permission allowlist on the system image, please bundle the allowlist in the com.google.android.gmssystem APEX instead
09-10 09:42:51.475 29598 29598 W AppIdPermissionPolicy: Package com.google.android.gms is an APK in APEX but has permission allowlist on the system image, please bundle the allowlist in the com.google.android.gmssystem APEX instead
09-10 09:42:51.475 29598 29598 W AppIdPermissionPolicy: Package com.google.android.gms is an APK in APEX but has permission allowlist on the system image, please bundle the allowlist in the com.google.android.gmssystem APEX instead
09-10 09:42:51.475 29598 29598 W AppIdPermissionPolicy: Package com.google.android.gms is an APK in APEX but has permission allowlist on the system image, please bundle the allowlist in the com.google.android.gmssystem APEX instead
09-10 09:42:51.475 29598 29598 W AppIdPermissionPolicy: Package com.google.android.gms is an APK in APEX but has permission allowlist on the system image, please bundle the allowlist in the com.google.android.gmssystem APEX instead
09-10 09:42:51.475 29598 29598 W AppIdPermissionPolicy: Package com.google.android.gms is an APK in APEX but has permission allowlist on the system image, please bundle the allowlist in the com.google.android.gmssystem APEX instead
09-10 09:42:51.475 29598 29598 W AppIdPermissionPolicy: Package com.google.android.gms is an APK in APEX but has permission allowlist on the system image, please bundle the allowlist in the com.google.android.gmssystem APEX instead
09-10 09:42:51.476 29598 29598 W AppIdPermissionPolicy: Package com.google.android.gms is an APK in APEX but has permission allowlist on the system image, please bundle the allowlist in the com.google.android.gmssystem APEX instead
09-10 09:42:51.476 29598 29598 W AppIdPermissionPolicy: Package com.google.android.gms is an APK in APEX but has permission allowlist on the system image, please bundle the allowlist in the com.google.android.gmssystem APEX instead
09-10 09:42:51.476 29598 29598 W AppIdPermissionPolicy: Package com.google.android.gms is an APK in APEX but has permission allowlist on the system image, please bundle the allowlist in the com.google.android.gmssystem APEX instead
09-10 09:42:51.476 29598 29598 W AppIdPermissionPolicy: Package com.google.android.gms is an APK in APEX but has permission allowlist on the system image, please bundle the allowlist in the com.google.android.gmssystem APEX instead
09-10 09:42:51.476 29598 29598 W AppIdPermissionPolicy: Package com.google.android.gms is an APK in APEX but has permission allowlist on the system image, please bundle the allowlist in the com.google.android.gmssystem APEX instead
09-10 09:42:51.476 29598 29598 W AppIdPermissionPolicy: Package com.google.android.gms is an APK in APEX but has permission allowlist on the system image, please bundle the allowlist in the com.google.android.gmssystem APEX instead
09-10 09:42:51.476 29598 29598 W AppIdPermissionPolicy: Package com.google.android.gms is an APK in APEX but has permission allowlist on the system image, please bundle the allowlist in the com.google.android.gmssystem APEX instead
09-10 09:42:51.476 29598 29598 W AppIdPermissionPolicy: Package com.google.android.gms is an APK in APEX but has permission allowlist on the system image, please bundle the allowlist in the com.google.android.gmssystem APEX instead
09-10 09:42:51.477 29598 29598 W AppIdPermissionPolicy: Package com.google.android.gms is an APK in APEX but has permission allowlist on the system image, please bundle the allowlist in the com.google.android.gmssystem APEX instead
09-10 09:42:51.477 29598 29598 W AppIdPermissionPolicy: Package com.google.android.gms is an APK in APEX but has permission allowlist on the system image, please bundle the allowlist in the com.google.android.gmssystem APEX instead
09-10 09:42:51.477 29598 29598 W AppIdPermissionPolicy: Package com.google.android.gms is an APK in APEX but has permission allowlist on the system image, please bundle the allowlist in the com.google.android.gmssystem APEX instead
09-10 09:42:51.477 29598 29598 W AppIdPermissionPolicy: Package com.google.android.gms is an APK in APEX but has permission allowlist on the system image, please bundle the allowlist in the com.google.android.gmssystem APEX instead
09-10 09:42:51.477 29598 29598 W AppIdPermissionPolicy: Package com.google.android.gms is an APK in APEX but has permission allowlist on the system image, please bundle the allowlist in the com.google.android.gmssystem APEX instead
09-10 09:42:51.485 29598 29598 W AppIdPermissionPolicy: Package com.google.android.gms is an APK in APEX but has permission allowlist on the system image, please bundle the allowlist in the com.google.android.gmssystem APEX instead
09-10 09:42:51.485 29598 29598 W AppIdPermissionPolicy: Package com.google.android.gms is an APK in APEX but has permission allowlist on the system image, please bundle the allowlist in the com.google.android.gmssystem APEX instead
09-10 09:42:51.485 29598 29598 W AppIdPermissionPolicy: Package com.google.android.gms is an APK in APEX but has permission allowlist on the system image, please bundle the allowlist in the com.google.android.gmssystem APEX instead
09-10 09:42:51.485 29598 29598 W AppIdPermissionPolicy: Package com.google.android.gms is an APK in APEX but has permission allowlist on the system image, please bundle the allowlist in the com.google.android.gmssystem APEX instead
09-10 09:42:51.486 29598 29598 W AppIdPermissionPolicy: Package com.google.android.gms is an APK in APEX but has permission allowlist on the system image, please bundle the allowlist in the com.google.android.gmssystem APEX instead
09-10 09:42:51.486 29598 29598 W AppIdPermissionPolicy: Package com.google.android.gms is an APK in APEX but has permission allowlist on the system image, please bundle the allowlist in the com.google.android.gmssystem APEX instead
09-10 09:42:51.486 29598 29598 W AppIdPermissionPolicy: Package com.google.android.gms is an APK in APEX but has permission allowlist on the system image, please bundle the allowlist in the com.google.android.gmssystem APEX instead
09-10 09:42:51.486 29598 29598 W AppIdPermissionPolicy: Package com.google.android.gms is an APK in APEX but has permission allowlist on the system image, please bundle the allowlist in the com.google.android.gmssystem APEX instead
09-10 09:42:51.486 29598 29598 W AppIdPermissionPolicy: Package com.google.android.gms is an APK in APEX but has permission allowlist on the system image, please bundle the allowlist in the com.google.android.gmssystem APEX instead
09-10 09:42:51.486 29598 29598 W AppIdPermissionPolicy: Package com.google.android.gms is an APK in APEX but has permission allowlist on the system image, please bundle the allowlist in the com.google.android.gmssystem APEX instead
09-10 09:42:51.486 29598 29598 W AppIdPermissionPolicy: Package com.google.android.gms is an APK in APEX but has permission allowlist on the system image, please bundle the allowlist in the com.google.android.gmssystem APEX instead
09-10 09:42:51.486 29598 29598 W AppIdPermissionPolicy: Package com.google.android.gms is an APK in APEX but has permission allowlist on the system image, please bundle the allowlist in the com.google.android.gmssystem APEX instead
09-10 09:42:51.486 29598 29598 W AppIdPermissionPolicy: Package com.google.android.gms is an APK in APEX but has permission allowlist on the system image, please bundle the allowlist in the com.google.android.gmssystem APEX instead
09-10 09:42:51.486 29598 29598 W AppIdPermissionPolicy: Package com.google.android.gms is an APK in APEX but has permission allowlist on the system image, please bundle the allowlist in the com.google.android.gmssystem APEX instead
09-10 09:42:51.486 29598 29598 W AppIdPermissionPolicy: Package com.google.android.gms is an APK in APEX but has permission allowlist on the system image, please bundle the allowlist in the com.google.android.gmssystem APEX instead
09-10 09:42:51.486 29598 29598 W AppIdPermissionPolicy: Package com.google.android.gms is an APK in APEX but has permission allowlist on the system image, please bundle the allowlist in the com.google.android.gmssystem APEX instead
09-10 09:42:51.486 29598 29598 W AppIdPermissionPolicy: Package com.google.android.gms is an APK in APEX but has permission allowlist on the system image, please bundle the allowlist in the com.google.android.gmssystem APEX instead
09-10 09:42:51.486 29598 29598 W AppIdPermissionPolicy: Package com.google.android.gms is an APK in APEX but has permission allowlist on the system image, please bundle the allowlist in the com.google.android.gmssystem APEX instead
09-10 09:42:51.486 29598 29598 W AppIdPermissionPolicy: Package com.google.android.gms is an APK in APEX but has permission allowlist on the system image, please bundle the allowlist in the com.google.android.gmssystem APEX instead
09-10 09:42:51.486 29598 29598 W AppIdPermissionPolicy: Package com.google.android.gms is an APK in APEX but has permission allowlist on the system image, please bundle the allowlist in the com.google.android.gmssystem APEX instead
09-10 09:42:51.487 29598 29598 W AppIdPermissionPolicy: Package com.google.android.gms is an APK in APEX but has permission allowlist on the system image, please bundle the allowlist in the com.google.android.gmssystem APEX instead
09-10 09:42:51.487 29598 29598 W AppIdPermissionPolicy: Package com.google.android.gms is an APK in APEX but has permission allowlist on the system image, please bundle the allowlist in the com.google.android.gmssystem APEX instead
09-10 09:42:51.487 29598 29598 W AppIdPermissionPolicy: Package com.google.android.gms is an APK in APEX but has permission allowlist on the system image, please bundle the allowlist in the com.google.android.gmssystem APEX instead
09-10 09:42:51.487 29598 29598 W AppIdPermissionPolicy: Package com.google.android.gms is an APK in APEX but has permission allowlist on the system image, please bundle the allowlist in the com.google.android.gmssystem APEX instead
09-10 09:42:51.487 29598 29598 W AppIdPermissionPolicy: Package com.google.android.gms is an APK in APEX but has permission allowlist on the system image, please bundle the allowlist in the com.google.android.gmssystem APEX instead
09-10 09:42:51.487 29598 29598 W AppIdPermissionPolicy: Package com.google.android.gms is an APK in APEX but has permission allowlist on the system image, please bundle the allowlist in the com.google.android.gmssystem APEX instead
09-10 09:42:51.487 29598 29598 W AppIdPermissionPolicy: Package com.google.android.gms is an APK in APEX but has permission allowlist on the system image, please bundle the allowlist in the com.google.android.gmssystem APEX instead
09-10 09:42:51.487 29598 29598 W AppIdPermissionPolicy: Package com.google.android.gms is an APK in APEX but has permission allowlist on the system image, please bundle the allowlist in the com.google.android.gmssystem APEX instead
09-10 09:42:51.487 29598 29598 W AppIdPermissionPolicy: Package com.google.android.gms is an APK in APEX but has permission allowlist on the system image, please bundle the allowlist in the com.google.android.gmssystem APEX instead
09-10 09:42:51.487 29598 29598 W AppIdPermissionPolicy: Package com.google.android.gms is an APK in APEX but has permission allowlist on the system image, please bundle the allowlist in the com.google.android.gmssystem APEX instead
09-10 09:42:51.487 29598 29598 W AppIdPermissionPolicy: Package com.google.android.gms is an APK in APEX but has permission allowlist on the system image, please bundle the allowlist in the com.google.android.gmssystem APEX instead
09-10 09:42:51.487 29598 29598 W AppIdPermissionPolicy: Package com.google.android.gms is an APK in APEX but has permission allowlist on the system image, please bundle the allowlist in the com.google.android.gmssystem APEX instead
09-10 09:42:51.487 29598 29598 W AppIdPermissionPolicy: Package com.google.android.gms is an APK in APEX but has permission allowlist on the system image, please bundle the allowlist in the com.google.android.gmssystem APEX instead
09-10 09:42:51.487 29598 29598 W AppIdPermissionPolicy: Package com.google.android.gms is an APK in APEX but has permission allowlist on the system image, please bundle the allowlist in the com.google.android.gmssystem APEX instead
09-10 09:42:51.488 29598 29598 W AppIdPermissionPolicy: Package com.google.android.gms is an APK in APEX but has permission allowlist on the system image, please bundle the allowlist in the com.google.android.gmssystem APEX instead
09-10 09:42:51.488 29598 29598 W AppIdPermissionPolicy: Package com.google.android.gms is an APK in APEX but has permission allowlist on the system image, please bundle the allowlist in the com.google.android.gmssystem APEX instead
09-10 09:42:51.488 29598 29598 W AppIdPermissionPolicy: Package com.google.android.gms is an APK in APEX but has permission allowlist on the system image, please bundle the allowlist in the com.google.android.gmssystem APEX instead
09-10 09:42:51.488 29598 29598 W AppIdPermissionPolicy: Package com.google.android.gms is an APK in APEX but has permission allowlist on the system image, please bundle the allowlist in the com.google.android.gmssystem APEX instead
09-10 09:42:51.488 29598 29598 W AppIdPermissionPolicy: Package com.google.android.gms is an APK in APEX but has permission allowlist on the system image, please bundle the allowlist in the com.google.android.gmssystem APEX instead
09-10 09:42:51.488 29598 29598 W AppIdPermissionPolicy: Package com.google.android.gms is an APK in APEX but has permission allowlist on the system image, please bundle the allowlist in the com.google.android.gmssystem APEX instead
09-10 09:42:51.490 29598 29598 W AppIdPermissionPolicy: Package com.google.android.gms is an APK in APEX but has permission allowlist on the system image, please bundle the allowlist in the com.google.android.gmssystem APEX instead
09-10 09:42:51.490 29598 29598 W AppIdPermissionPolicy: Package com.google.android.gms is an APK in APEX but has permission allowlist on the system image, please bundle the allowlist in the com.google.android.gmssystem APEX instead
09-10 09:42:51.490 29598 29598 W AppIdPermissionPolicy: Package com.google.android.gms is an APK in APEX but has permission allowlist on the system image, please bundle the allowlist in the com.google.android.gmssystem APEX instead
09-10 09:42:51.490 29598 29598 W AppIdPermissionPolicy: Package com.google.android.gms is an APK in APEX but has permission allowlist on the system image, please bundle the allowlist in the com.google.android.gmssystem APEX instead
09-10 09:42:51.490 29598 29598 W AppIdPermissionPolicy: Package com.google.android.gms is an APK in APEX but has permission allowlist on the system image, please bundle the allowlist in the com.google.android.gmssystem APEX instead
09-10 09:42:51.490 29598 29598 W AppIdPermissionPolicy: Package com.google.android.gms is an APK in APEX but has permission allowlist on the system image, please bundle the allowlist in the com.google.android.gmssystem APEX instead
09-10 09:42:51.490 29598 29598 W AppIdPermissionPolicy: Package com.google.android.gms is an APK in APEX but has permission allowlist on the system image, please bundle the allowlist in the com.google.android.gmssystem APEX instead
09-10 09:42:51.491 29598 29598 W AppIdPermissionPolicy: Package com.google.android.gms is an APK in APEX but has permission allowlist on the system image, please bundle the allowlist in the com.google.android.gmssystem APEX instead
09-10 09:42:51.491 29598 29598 W AppIdPermissionPolicy: Package com.google.android.gms is an APK in APEX but has permission allowlist on the system image, please bundle the allowlist in the com.google.android.gmssystem APEX instead
09-10 09:42:51.491 29598 29598 W AppIdPermissionPolicy: Package com.google.android.gms is an APK in APEX but has permission allowlist on the system image, please bundle the allowlist in the com.google.android.gmssystem APEX instead
09-10 09:42:51.491 29598 29598 W AppIdPermissionPolicy: Package com.google.android.gms is an APK in APEX but has permission allowlist on the system image, please bundle the allowlist in the com.google.android.gmssystem APEX instead
09-10 09:42:51.491 29598 29598 W AppIdPermissionPolicy: Package com.google.android.gms is an APK in APEX but has permission allowlist on the system image, please bundle the allowlist in the com.google.android.gmssystem APEX instead
09-10 09:42:51.491 29598 29598 W AppIdPermissionPolicy: Package com.google.android.gms is an APK in APEX but has permission allowlist on the system image, please bundle the allowlist in the com.google.android.gmssystem APEX instead
09-10 09:42:51.491 29598 29598 W AppIdPermissionPolicy: Package com.google.android.gms is an APK in APEX but has permission allowlist on the system image, please bundle the allowlist in the com.google.android.gmssystem APEX instead
09-10 09:42:51.491 29598 29598 W AppIdPermissionPolicy: Package com.google.android.gms is an APK in APEX but has permission allowlist on the system image, please bundle the allowlist in the com.google.android.gmssystem APEX instead
09-10 09:42:51.491 29598 29598 W AppIdPermissionPolicy: Package com.google.android.gms is an APK in APEX but has permission allowlist on the system image, please bundle the allowlist in the com.google.android.gmssystem APEX instead
09-10 09:42:51.492 29598 29598 W AppIdPermissionPolicy: Package com.google.android.gms is an APK in APEX but has permission allowlist on the system image, please bundle the allowlist in the com.google.android.gmssystem APEX instead
09-10 09:42:51.492 29598 29598 W AppIdPermissionPolicy: Package com.google.android.gms is an APK in APEX but has permission allowlist on the system image, please bundle the allowlist in the com.google.android.gmssystem APEX instead
09-10 09:42:51.492 29598 29598 W AppIdPermissionPolicy: Package com.google.android.gms is an APK in APEX but has permission allowlist on the system image, please bundle the allowlist in the com.google.android.gmssystem APEX instead
09-10 09:42:51.492 29598 29598 W AppIdPermissionPolicy: Package com.google.android.gms is an APK in APEX but has permission allowlist on the system image, please bundle the allowlist in the com.google.android.gmssystem APEX instead
09-10 09:42:51.492 29598 29598 W AppIdPermissionPolicy: Package com.google.android.gms is an APK in APEX but has permission allowlist on the system image, please bundle the allowlist in the com.google.android.gmssystem APEX instead
09-10 09:42:51.492 29598 29598 W AppIdPermissionPolicy: Package com.google.android.gms is an APK in APEX but has permission allowlist on the system image, please bundle the allowlist in the com.google.android.gmssystem APEX instead
09-10 09:42:51.492 29598 29598 W AppIdPermissionPolicy: Package com.google.android.gms is an APK in APEX but has permission allowlist on the system image, please bundle the allowlist in the com.google.android.gmssystem APEX instead
09-10 09:42:51.493 29598 29598 W AppIdPermissionPolicy: Package com.google.android.gms is an APK in APEX but has permission allowlist on the system image, please bundle the allowlist in the com.google.android.gmssystem APEX instead
09-10 09:42:51.493 29598 29598 W AppIdPermissionPolicy: Package com.google.android.gms is an APK in APEX but has permission allowlist on the system image, please bundle the allowlist in the com.google.android.gmssystem APEX instead
09-10 09:42:51.493 29598 29598 W AppIdPermissionPolicy: Package com.google.android.gms is an APK in APEX but has permission allowlist on the system image, please bundle the allowlist in the com.google.android.gmssystem APEX instead
09-10 09:42:51.493 29598 29598 W AppIdPermissionPolicy: Package com.google.android.gms is an APK in APEX but has permission allowlist on the system image, please bundle the allowlist in the com.google.android.gmssystem APEX instead
09-10 09:42:51.493 29598 29598 W AppIdPermissionPolicy: Package com.google.android.gms is an APK in APEX but has permission allowlist on the system image, please bundle the allowlist in the com.google.android.gmssystem APEX instead
09-10 09:42:51.493 29598 29598 W AppIdPermissionPolicy: Package com.google.android.gms is an APK in APEX but has permission allowlist on the system image, please bundle the allowlist in the com.google.android.gmssystem APEX instead
09-10 09:42:51.493 29598 29598 W AppIdPermissionPolicy: Package com.google.android.gms is an APK in APEX but has permission allowlist on the system image, please bundle the allowlist in the com.google.android.gmssystem APEX instead
09-10 09:42:51.494 29598 29598 W AppIdPermissionPolicy: Package com.google.android.gms is an APK in APEX but has permission allowlist on the system image, please bundle the allowlist in the com.google.android.gmssystem APEX instead
09-10 09:42:51.494 29598 29598 W AppIdPermissionPolicy: Package com.google.android.gms is an APK in APEX but has permission allowlist on the system image, please bundle the allowlist in the com.google.android.gmssystem APEX instead
09-10 09:42:51.494 29598 29598 W AppIdPermissionPolicy: Package com.google.android.gms is an APK in APEX but has permission allowlist on the system image, please bundle the allowlist in the com.google.android.gmssystem APEX instead
09-10 09:42:51.494 29598 29598 W AppIdPermissionPolicy: Package com.google.android.gms is an APK in APEX but has permission allowlist on the system image, please bundle the allowlist in the com.google.android.gmssystem APEX instead
09-10 09:42:51.494 29598 29598 W AppIdPermissionPolicy: Package com.google.android.gms is an APK in APEX but has permission allowlist on the system image, please bundle the allowlist in the com.google.android.gmssystem APEX instead
09-10 09:42:51.494 29598 29598 W AppIdPermissionPolicy: Package com.google.android.gms is an APK in APEX but has permission allowlist on the system image, please bundle the allowlist in the com.google.android.gmssystem APEX instead
09-10 09:42:51.494 29598 29598 W AppIdPermissionPolicy: Package com.google.android.gms is an APK in APEX but has permission allowlist on the system image, please bundle the allowlist in the com.google.android.gmssystem APEX instead
09-10 09:42:51.494 29598 29598 W AppIdPermissionPolicy: Package com.google.android.gms is an APK in APEX but has permission allowlist on the system image, please bundle the allowlist in the com.google.android.gmssystem APEX instead
09-10 09:42:51.494 29598 29598 W AppIdPermissionPolicy: Package com.google.android.gms is an APK in APEX but has permission allowlist on the system image, please bundle the allowlist in the com.google.android.gmssystem APEX instead
09-10 09:42:51.494 29598 29598 W AppIdPermissionPolicy: Package com.google.android.gms is an APK in APEX but has permission allowlist on the system image, please bundle the allowlist in the com.google.android.gmssystem APEX instead
09-10 09:42:51.494 29598 29598 W AppIdPermissionPolicy: Package com.google.android.gms is an APK in APEX but has permission allowlist on the system image, please bundle the allowlist in the com.google.android.gmssystem APEX instead
09-10 09:42:51.494 29598 29598 W AppIdPermissionPolicy: Package com.google.android.gms is an APK in APEX but has permission allowlist on the system image, please bundle the allowlist in the com.google.android.gmssystem APEX instead
09-10 09:42:51.494 29598 29598 W AppIdPermissionPolicy: Package com.google.android.gms is an APK in APEX but has permission allowlist on the system image, please bundle the allowlist in the com.google.android.gmssystem APEX instead
09-10 09:42:51.494 29598 29598 W AppIdPermissionPolicy: Package com.google.android.gms is an APK in APEX but has permission allowlist on the system image, please bundle the allowlist in the com.google.android.gmssystem APEX instead
09-10 09:42:51.494 29598 29598 W AppIdPermissionPolicy: Package com.google.android.gms is an APK in APEX but has permission allowlist on the system image, please bundle the allowlist in the com.google.android.gmssystem APEX instead
09-10 09:42:51.494 29598 29598 W AppIdPermissionPolicy: Package com.google.android.gms is an APK in APEX but has permission allowlist on the system image, please bundle the allowlist in the com.google.android.gmssystem APEX instead
09-10 09:42:51.495 29598 29598 W AppIdPermissionPolicy: Package com.google.android.gms is an APK in APEX but has permission allowlist on the system image, please bundle the allowlist in the com.google.android.gmssystem APEX instead
09-10 09:42:51.495 29598 29598 W AppIdPermissionPolicy: Package com.google.android.gms is an APK in APEX but has permission allowlist on the system image, please bundle the allowlist in the com.google.android.gmssystem APEX instead
09-10 09:42:51.495 29598 29598 W AppIdPermissionPolicy: Package com.google.android.gms is an APK in APEX but has permission allowlist on the system image, please bundle the allowlist in the com.google.android.gmssystem APEX instead
09-10 09:42:51.495 29598 29598 W AppIdPermissionPolicy: Package com.google.android.gms is an APK in APEX but has permission allowlist on the system image, please bundle the allowlist in the com.google.android.gmssystem APEX instead
09-10 09:42:51.495 29598 29598 W AppIdPermissionPolicy: Package com.google.android.gms is an APK in APEX but has permission allowlist on the system image, please bundle the allowlist in the com.google.android.gmssystem APEX instead
09-10 09:42:51.495 29598 29598 W AppIdPermissionPolicy: Package com.google.android.gms is an APK in APEX but has permission allowlist on the system image, please bundle the allowlist in the com.google.android.gmssystem APEX instead
09-10 09:42:51.495 29598 29598 W AppIdPermissionPolicy: Package com.google.android.gms is an APK in APEX but has permission allowlist on the system image, please bundle the allowlist in the com.google.android.gmssystem APEX instead
09-10 09:42:51.495 29598 29598 W AppIdPermissionPolicy: Package com.google.android.gms is an APK in APEX but has permission allowlist on the system image, please bundle the allowlist in the com.google.android.gmssystem APEX instead
09-10 09:42:51.495 29598 29598 W AppIdPermissionPolicy: Package com.google.android.gms is an APK in APEX but has permission allowlist on the system image, please bundle the allowlist in the com.google.android.gmssystem APEX instead
09-10 09:42:51.495 29598 29598 W AppIdPermissionPolicy: Package com.google.android.gms is an APK in APEX but has permission allowlist on the system image, please bundle the allowlist in the com.google.android.gmssystem APEX instead
09-10 09:42:51.495 29598 29598 W AppIdPermissionPolicy: Package com.google.android.gms is an APK in APEX but has permission allowlist on the system image, please bundle the allowlist in the com.google.android.gmssystem APEX instead
09-10 09:42:51.495 29598 29598 W AppIdPermissionPolicy: Package com.google.android.gms is an APK in APEX but has permission allowlist on the system image, please bundle the allowlist in the com.google.android.gmssystem APEX instead
09-10 09:42:51.495 29598 29598 W AppIdPermissionPolicy: Package com.google.android.gms is an APK in APEX but has permission allowlist on the system image, please bundle the allowlist in the com.google.android.gmssystem APEX instead
09-10 09:42:51.495 29598 29598 W AppIdPermissionPolicy: Package com.google.android.gms is an APK in APEX but has permission allowlist on the system image, please bundle the allowlist in the com.google.android.gmssystem APEX instead
09-10 09:42:51.496 29598 29598 W AppIdPermissionPolicy: Package com.google.android.gms is an APK in APEX but has permission allowlist on the system image, please bundle the allowlist in the com.google.android.gmssystem APEX instead
09-10 09:42:51.496 29598 29598 W AppIdPermissionPolicy: Package com.google.android.gms is an APK in APEX but has permission allowlist on the system image, please bundle the allowlist in the com.google.android.gmssystem APEX instead
09-10 09:42:51.496 29598 29598 W AppIdPermissionPolicy: Package com.google.android.gms is an APK in APEX but has permission allowlist on the system image, please bundle the allowlist in the com.google.android.gmssystem APEX instead
09-10 09:42:51.496 29598 29598 W AppIdPermissionPolicy: Package com.google.android.gms is an APK in APEX but has permission allowlist on the system image, please bundle the allowlist in the com.google.android.gmssystem APEX instead
09-10 09:42:51.496 29598 29598 W AppIdPermissionPolicy: Package com.google.android.gms is an APK in APEX but has permission allowlist on the system image, please bundle the allowlist in the com.google.android.gmssystem APEX instead
09-10 09:42:51.496 29598 29598 W AppIdPermissionPolicy: Package com.google.android.gms is an APK in APEX but has permission allowlist on the system image, please bundle the allowlist in the com.google.android.gmssystem APEX instead
09-10 09:42:51.496 29598 29598 W AppIdPermissionPolicy: Package com.google.android.gms is an APK in APEX but has permission allowlist on the system image, please bundle the allowlist in the com.google.android.gmssystem APEX instead
09-10 09:42:51.497 29598 29598 W AppIdPermissionPolicy: Package com.google.android.gms is an APK in APEX but has permission allowlist on the system image, please bundle the allowlist in the com.google.android.gmssystem APEX instead
09-10 09:42:51.498 29598 29598 W AppIdPermissionPolicy: Package com.google.android.gms is an APK in APEX but has permission allowlist on the system image, please bundle the allowlist in the com.google.android.gmssystem APEX instead
09-10 09:42:51.498 29598 29598 W AppIdPermissionPolicy: Package com.google.android.gms is an APK in APEX but has permission allowlist on the system image, please bundle the allowlist in the com.google.android.gmssystem APEX instead
09-10 09:42:51.498 29598 29598 W AppIdPermissionPolicy: Package com.google.android.gms is an APK in APEX but has permission allowlist on the system image, please bundle the allowlist in the com.google.android.gmssystem APEX instead
09-10 09:42:51.498 29598 29598 W AppIdPermissionPolicy: Package com.google.android.gms is an APK in APEX but has permission allowlist on the system image, please bundle the allowlist in the com.google.android.gmssystem APEX instead
09-10 09:42:51.498 29598 29598 W AppIdPermissionPolicy: Package com.google.android.gms is an APK in APEX but has permission allowlist on the system image, please bundle the allowlist in the com.google.android.gmssystem APEX instead
09-10 09:42:51.498 29598 29598 W AppIdPermissionPolicy: Package com.google.android.gms is an APK in APEX but has permission allowlist on the system image, please bundle the allowlist in the com.google.android.gmssystem APEX instead
09-10 09:42:51.498 29598 29598 W AppIdPermissionPolicy: Package com.google.android.gms is an APK in APEX but has permission allowlist on the system image, please bundle the allowlist in the com.google.android.gmssystem APEX instead
09-10 09:42:51.498 29598 29598 W AppIdPermissionPolicy: Package com.google.android.gms is an APK in APEX but has permission allowlist on the system image, please bundle the allowlist in the com.google.android.gmssystem APEX instead
09-10 09:42:51.498 29598 29598 W AppIdPermissionPolicy: Package com.google.android.gms is an APK in APEX but has permission allowlist on the system image, please bundle the allowlist in the com.google.android.gmssystem APEX instead
09-10 09:42:51.498 29598 29598 W AppIdPermissionPolicy: Package com.google.android.gms is an APK in APEX but has permission allowlist on the system image, please bundle the allowlist in the com.google.android.gmssystem APEX instead
09-10 09:42:51.498 29598 29598 W AppIdPermissionPolicy: Package com.google.android.gms is an APK in APEX but has permission allowlist on the system image, please bundle the allowlist in the com.google.android.gmssystem APEX instead
09-10 09:42:51.498 29598 29598 W AppIdPermissionPolicy: Package com.google.android.gms is an APK in APEX but has permission allowlist on the system image, please bundle the allowlist in the com.google.android.gmssystem APEX instead
09-10 09:42:51.498 29598 29598 W AppIdPermissionPolicy: Package com.google.android.gms is an APK in APEX but has permission allowlist on the system image, please bundle the allowlist in the com.google.android.gmssystem APEX instead
09-10 09:42:51.499 29598 29598 W AppIdPermissionPolicy: Package com.google.android.gms is an APK in APEX but has permission allowlist on the system image, please bundle the allowlist in the com.google.android.gmssystem APEX instead
09-10 09:42:51.499 29598 29598 W AppIdPermissionPolicy: Package com.google.android.gms is an APK in APEX but has permission allowlist on the system image, please bundle the allowlist in the com.google.android.gmssystem APEX instead
09-10 09:42:51.532 29598 29598 V PackageManager: reconcileAppsData for null u0 0x1 migrateAppData=true
09-10 09:42:51.543   397   419 E pixelstats-uevent: Unable to read  - No such file or directory
09-10 09:42:51.554  1419  1419 E BatteryDefender: Failed to read /sys/devices/platform/google,charger/bd_state
09-10 09:42:51.564  1419  1419 E BatteryDefender: Failed to read /sys/devices/platform/google,charger/bd_state
09-10 09:42:51.659  1115  1115 W cutils  : Expected path /data/user_de/0/com.google.android.gms with mode 700 but found 711
09-10 09:42:51.720 29468 29503 D Diag_Lib: diag: Diag_LSM_Init: invoked for pid: 29468 with init_count: 0
09-10 09:42:51.720 29468 29503 D Diag_Lib: diag:failed to connect to diag socket
09-10 09:42:51.720 29468 29503 D Diag_Lib:  Diag_LSM_Init: Failed to open handle to diag driver, error = 111
09-10 09:42:51.720 29468 29503 I ATS     : vendor/qcom/sw5100-lw4/proprietary-audio/args/acdb/ats/transports/diag/linux/actp/src/actp.c:actp_diag_init:105 Error[1]: Failed to initialize DIAG
09-10 09:42:51.720 29468 29503 E ATS     : vendor/qcom/sw5100-lw4/proprietary-audio/args/acdb/ats/src/ats.c:ats_init:143 Error[1]: Failed to initialize Diag
09-10 09:42:51.720 29468 29503 E ATS     : vendor/qcom/sw5100-lw4/proprietary-audio/args/acdb/ats/src/ats.c:ats_init:263 Error[1]: Failed to initialize ATS
09-10 09:42:51.720 29468 29503 E AGM: API: ats_init_thread: 64 ats_init failed retry 28 err 1
09-10 09:42:51.723 29598 29598 V PackageManager: reconcileAppsData finished 34 packages
09-10 09:42:51.724 29598 29598 D PackageManagerTiming: write settings
09-10 09:42:51.724 29598 29730 D SystemServerTimingAsync: InitThreadPoolExec:prepareAppData
09-10 09:42:51.754  1115  1115 W installd: Ignoring /data/data/com.google.android.apps.weather/lib with unexpected GID 0 instead of 10119
09-10 09:42:51.785  1115  1115 W installd: Ignoring /data/data/com.google.android.apps.messaging/lib with unexpected GID 0 instead of 10100
09-10 09:42:51.795  1115  1115 W installd: Ignoring /data/data/com.google.android.apps.safetyhub/lib with unexpected GID 0 instead of 10046
09-10 09:42:51.798  1115  1115 W installd: Ignoring /data/data/com.android.vending/lib with unexpected GID 0 instead of 10064
09-10 09:42:51.804  1115  1115 W installd: Ignoring /data/data/com.google.android.marvin.talkback/lib with unexpected GID 0 instead of 10073
09-10 09:42:51.815  1115  1115 W installd: Ignoring /data/data/com.google.android.deskclock/lib with unexpected GID 0 instead of 10069
09-10 09:42:51.816  1115  1115 W installd: Ignoring /data/data/org.codeaurora.ims/lib with unexpected GID 0 instead of 10134
09-10 09:42:51.818  1115  1115 W installd: Ignoring /data/data/com.google.android.gm/lib with unexpected GID 0 instead of 10083
09-10 09:42:51.822 29598 29598 I PackageManager: getInstalledPackages: callingUid=1000 flags=0 updatedFlags=524288 userId=0
09-10 09:42:51.825  1115  1115 W installd: Ignoring /data/data/com.google.android.wearable.pixel.pdms/lib with unexpected GID 0 instead of 10099
09-10 09:42:51.829  1115  1115 W installd: Ignoring /data/data/com.google.android.dialer/lib with unexpected GID 0 instead of 10072
09-10 09:42:51.831  1115  1115 W installd: Ignoring /data/data/com.google.android.wearable.protolayout.renderer/lib with unexpected GID 0 instead of 10117
09-10 09:42:51.834 29598 29598 I PackageManager: Fix for b/169414761 is applied
09-10 09:42:51.835 29598 29598 V UserSystemPackageInstaller: Checking that all system packages are allowlisted.
09-10 09:42:51.837  1115  1115 W installd: Ignoring /data/data/com.google.android.apps.maps/lib with unexpected GID 0 instead of 10079
09-10 09:42:51.837 29598 29598 W UserSystemPackageInstaller: checkAllowlistedSystemPackages(mode=d) has 29 warnings:
09-10 09:42:51.837 29598 29598 W UserSystemPackageInstaller: com.qualcomm.qti.modemtestmode is allowlisted but not present.
09-10 09:42:51.837 29598 29598 W UserSystemPackageInstaller: org.codeaurora.dialer is allowlisted but not present.
09-10 09:42:51.837 29598 29598 W UserSystemPackageInstaller: com.android.virtualdevicemanager is allowlisted but not present.
09-10 09:42:51.837 29598 29598 W UserSystemPackageInstaller: com.android.crossdevicesync is allowlisted but not present.
09-10 09:42:51.837 29598 29598 W UserSystemPackageInstaller: com.qti.qualcomm.carriertest is allowlisted but not present.
09-10 09:42:51.837 29598 29598 W UserSystemPackageInstaller: com.qualcomm.qti.euiccresource is allowlisted but not present.
09-10 09:42:51.837 29598 29598 W UserSystemPackageInstaller: com.android.multiuser is allowlisted but not present.
09-10 09:42:51.837 29598 29598 W UserSystemPackageInstaller: com.qualcomm.qti.ridemodeaudio is allowlisted but not present.
09-10 09:42:51.837 29598 29598 W UserSystemPackageInstaller: com.android.avatarpicker is allowlisted but not present.
09-10 09:42:51.837 29598 29598 W UserSystemPackageInstaller: com.qti.confuridialer is allowlisted but not present.
09-10 09:42:51.837 29598 29598 W UserSystemPackageInstaller: com.android.carrierconfig is allowlisted but not present.
09-10 09:42:51.837 29598 29598 W UserSystemPackageInstaller: com.qualcomm.qti.callfeaturessetting is allowlisted but not present.
09-10 09:42:51.837 29598 29598 W UserSystemPackageInstaller: com.qti.qualcomm.deviceinfo is allowlisted but not present.
09-10 09:42:51.837 29598 29598 W UserSystemPackageInstaller: com.android.privatespace is allowlisted but not present.
09-10 09:42:51.837 29598 29598 W UserSystemPackageInstaller: com.qti.xdivert is allowlisted but not present.
09-10 09:42:51.837 29598 29598 W UserSystemPackageInstaller: com.qualcomm.qti.uimlpatest is allowlisted but not present.
09-10 09:42:51.837 29598 29598 W UserSystemPackageInstaller: com.qualcomm.qti.remoteSimlockAuth is allowlisted but not present.
09-10 09:42:51.837 29598 29598 W UserSystemPackageInstaller: com.qualcomm.qti.devicestatisticsservice is allowlisted but not present.
09-10 09:42:51.837 29598 29598 W UserSystemPackageInstaller: com.qualcomm.qti.imsiprivacy.tests is allowlisted but not present.
09-10 09:42:51.838 29598 29598 W UserSystemPackageInstaller: com.qualcomm.atfwd2 is allowlisted but not present.
09-10 09:42:51.838 29598 29598 W UserSystemPackageInstaller: com.qualcomm.qti.sam.service is allowlisted but not present.
09-10 09:42:51.838 29598 29598 W UserSystemPackageInstaller: com.qualcomm.qti.lpa is allowlisted but not present.
09-10 09:42:51.838 29598 29598 W UserSystemPackageInstaller: com.qualcomm.qti.uim is allowlisted but not present.
09-10 09:42:51.838 29598 29598 W UserSystemPackageInstaller: com.qti.telephonysettings is allowlisted but not present.
09-10 09:42:51.838 29598 29598 W UserSystemPackageInstaller: com.qualcomm.qti.uimGbaApp is allowlisted but not present.
09-10 09:42:51.838 29598 29598 W UserSystemPackageInstaller: com.android.wallpaperbackup is allowlisted but not present.
09-10 09:42:51.838 29598 29598 W UserSystemPackageInstaller: com.android.MultiplePdpTest is allowlisted but not present.
09-10 09:42:51.838 29598 29598 W UserSystemPackageInstaller: com.android.bluetooth is allowlisted but not present.
09-10 09:42:51.838 29598 29598 W UserSystemPackageInstaller: com.qualcomm.atfwd is allowlisted but not present.
09-10 09:42:51.843 29598 29598 I Watchdog: Resuming HandlerChecker: main thread for reason: packagemanagermain. Pause count: 0
09-10 09:42:51.844  1115  1115 W installd: Ignoring /data/data/com.google.android.gms/lib with unexpected GID 0 instead of 10120
09-10 09:42:51.844 29598 29598 D SystemServerTiming: DexUseManagerLocal
09-10 09:42:51.859  1115  1115 W installd: Ignoring /data/data/com.google.android.wearable.assistant/lib with unexpected GID 0 instead of 10059
09-10 09:42:51.861  1115  1115 W installd: Ignoring /data/data/com.qualcomm.qti.cne/lib with unexpected GID 0 instead of 10090
09-10 09:42:51.864  1115  1115 W installd: Ignoring /data/data/com.fitbit.FitbitMobile/lib with unexpected GID 0 instead of 10111
09-10 09:42:51.865  1115  1115 W installd: Ignoring /data/data/com.android.omadm.service/lib with unexpected GID 0 instead of 10105
09-10 09:42:51.872  1115  1115 W installd: Ignoring /data/data/com.google.android.keep/lib with unexpected GID 0 instead of 10121
09-10 09:42:51.877  1115  1115 W installd: Ignoring /data/data/com.google.android.apps.youtube.music/lib with unexpected GID 0 instead of 10087
09-10 09:42:51.887  1115  1115 W installd: Ignoring /data/data/com.google.wear.watchface.runtime/lib with unexpected GID 0 instead of 10060
09-10 09:42:51.889  1115  1115 W installd: Ignoring /data/data/com.whatsapp/lib with unexpected GID 0 instead of 10163
09-10 09:42:51.891  1115  1115 W installd: Ignoring /data/data/com.spotify.music/lib with unexpected GID 0 instead of 10164
09-10 09:42:51.903  1115  1115 W installd: Ignoring /data/data/com.fitbit.ecg/lib with unexpected GID 0 instead of 10093
09-10 09:42:51.908  1115  1115 W installd: Ignoring /data/data/com.google.android.contacts/lib with unexpected GID 0 instead of 10104
09-10 09:42:51.913  1115  1115 W installd: Ignoring /data/data/com.google.android.tts/lib with unexpected GID 0 instead of 10049
09-10 09:42:51.916  1115  1115 W installd: Ignoring /data/data/com.google.android.apps.walletnfcrel/lib with unexpected GID 0 instead of 10066
09-10 09:42:51.920  1115  1115 W installd: Ignoring /data/data/com.google.android.calendar/lib with unexpected GID 0 instead of 10080
09-10 09:42:51.926  1115  1115 W installd: Ignoring /data/data/com.google.android.wearable.watchface.rwf/lib with unexpected GID 0 instead of 10115
09-10 09:42:51.930  1115  1115 W installd: Ignoring /data/data/com.google.android.wearable.media.sessions/lib with unexpected GID 0 instead of 10054
09-10 09:42:51.936  1115  1115 W installd: Ignoring /data/data/com.google.android.apps.chromecast.app/lib with unexpected GID 0 instead of 10123
09-10 09:42:51.941  1115  1115 W installd: Ignoring /data/data/com.google.android.apps.adm/lib with unexpected GID 0 instead of 10128
09-10 09:42:51.944  1115  1115 W installd: Ignoring /data/data/com.google.android.GoogleCamera/lib with unexpected GID 0 instead of 10094
09-10 09:42:51.948  1115  1115 W installd: Ignoring /data/data/com.google.android.inputmethod.latin/lib with unexpected GID 0 instead of 10067
09-10 09:42:51.950  1115  1115 W installd: Ignoring /data/data/com.google.wear.services/lib with unexpected GID 0 instead of 1000
09-10 09:42:51.955 29598 29598 D nativeloader: Load libartservice.so using class loader ns clns-shared-6 (caller=/apex/com.android.art/javalib/service-art.jar): ok
09-10 09:42:51.972 29598 29598 D SystemServerTiming: StartUserManagerService
09-10 09:42:51.973 29598 29598 I SystemServiceManager: Starting com.android.server.pm.UserManagerService$LifeCycle
09-10 09:42:51.974 29598 29598 D SystemServerTiming: InitAttributerCache
09-10 09:42:51.974 29598 29598 D SystemServerTiming: SetSystemProcess
09-10 09:42:51.985   329 29733 W libc    : Unable to set property "ctl.interface_start" to "aidl/sensor_privacy": PROP_ERROR_HANDLE_CONTROL_MESSAGE (0x20)
09-10 09:42:51.998 29598 29598 D ActivityManager: StatsPullAtomService not ready yet
09-10 09:42:51.999 29598 29598 D OomAdjuster: Not killing cached processes
09-10 09:42:52.001   328   328 I lowmemorykiller: lmkd data connection established
09-10 09:42:52.002 29598 29686 I ActivityManager: Connection with lmkd established
09-10 09:42:52.007 29598 29598 D ActivityManager: StatsPullAtomService not ready yet
09-10 09:42:52.014 29598 29598 D SystemServerTiming: InitWatchdog
09-10 09:42:52.017 29598 29598 D SystemServerTiming: StartOverlayManagerService
09-10 09:42:52.027 29598 29598 I OverlayManager: Updating overlays for starting user 0
09-10 09:42:52.041 29598 29598 D OverlayManager: splitting 36 IdmapParams using max size of 65536
09-10 09:42:52.041 29598 29598 D OverlayManager: 0: 36 IdmapParams
09-10 09:42:52.042 29598 29598 I Watchdog: Pausing HandlerChecker: main thread for reason: idmap creation may be slow. Pause count: 1
09-10 09:42:52.107 29735 29735 I idmap2d : Starting
09-10 09:42:52.110 29735 29735 W libbinder.BackendUnifiedServiceManager: Thread Pool max thread count is 0. Cannot cache binder as linkToDeath cannot be implemented. serviceName: idmap
09-10 09:42:52.118 29598 29730 W PackageManager: Skipping preparing app data for com.google.android.devicelock
09-10 09:42:52.119 29598 29730 W PackageManager: Skipping preparing app data for com.google.android.tzdata6
09-10 09:42:52.119 29598 29730 W PackageManager: Skipping preparing app data for com.google.android.ondevicepersonalization
09-10 09:42:52.120 29598 29730 W PackageManager: Skipping preparing app data for com.google.android.media.swcodec
09-10 09:42:52.120 29598 29730 W PackageManager: Skipping preparing app data for com.google.android.os.statsd
09-10 09:42:52.120 29598 29730 W PackageManager: Skipping preparing app data for com.google.android.widevine.nonupdatable
09-10 09:42:52.121 29598 29730 W PackageManager: Skipping preparing app data for com.google.android.sdksandbox
09-10 09:42:52.121 29598 29730 W PackageManager: Skipping preparing app data for com.google.android.bt
09-10 09:42:52.121 29598 29730 W PackageManager: Skipping preparing app data for com.google.android.healthfitness
09-10 09:42:52.121 29598 29730 W PackageManager: Skipping preparing app data for com.google.android.gmssystem
09-10 09:42:52.121 29598 29730 W PackageManager: Skipping preparing app data for com.google.android.ipsec
09-10 09:42:52.121 29598 29730 W PackageManager: Skipping preparing app data for com.google.android.media
09-10 09:42:52.121 29598 29730 W PackageManager: Skipping preparing app data for com.google.android.uprobestats
09-10 09:42:52.122 29598 29730 W PackageManager: Skipping preparing app data for com.android.i18n
09-10 09:42:52.122 29598 29730 W PackageManager: Skipping preparing app data for com.android.virt
09-10 09:42:52.122 29598 29730 W PackageManager: Skipping preparing app data for com.google.android.nfcservices
09-10 09:42:52.122 29598 29730 W PackageManager: Skipping preparing app data for com.google.android.appsearch
09-10 09:42:52.122 29598 29730 W PackageManager: Skipping preparing app data for com.google.android.configinfrastructure
09-10 09:42:52.122 29598 29730 W PackageManager: Skipping preparing app data for com.google.android.cellbroadcast
09-10 09:42:52.122 29598 29730 W PackageManager: Skipping preparing app data for com.android.apex.cts.shim
09-10 09:42:52.122 29598 29730 W PackageManager: Skipping preparing app data for com.google.android.resolv
09-10 09:42:52.122 29598 29730 W PackageManager: Skipping preparing app data for com.google.android.sdkext
09-10 09:42:52.122 29598 29730 W PackageManager: Skipping preparing app data for com.google.android.art
09-10 09:42:52.122 29598 29730 W PackageManager: Skipping preparing app data for com.google.android.uwb
09-10 09:42:52.123 29598 29730 W PackageManager: Skipping preparing app data for com.android.hardware.biometrics.fingerprint.virtual
09-10 09:42:52.123 29598 29730 W PackageManager: Skipping preparing app data for com.google.android.runtime
09-10 09:42:52.123 29598 29730 W PackageManager: Skipping preparing app data for com.google.android.adservices
09-10 09:42:52.123 29598 29730 W PackageManager: Skipping preparing app data for com.google.android.crashrecovery
09-10 09:42:52.123 29598 29730 W PackageManager: Skipping preparing app data for com.google.android.scheduling
09-10 09:42:52.123 29598 29730 W PackageManager: Skipping preparing app data for com.google.android.mediaprovider
09-10 09:42:52.123 29598 29730 W PackageManager: Skipping preparing app data for com.android.webapp
09-10 09:42:52.123 29598 29730 W PackageManager: Skipping preparing app data for com.google.android.permission
09-10 09:42:52.123 29598 29730 W PackageManager: Skipping preparing app data for com.google.android.profiling
09-10 09:42:52.123 29598 29730 W PackageManager: Skipping preparing app data for com.android.extservices
09-10 09:42:52.124 29598 29730 W PackageManager: Skipping preparing app data for com.google.android.neuralnetworks
09-10 09:42:52.124 29598 29730 W PackageManager: Skipping preparing app data for com.google.android.tethering
09-10 09:42:52.124 29598 29730 W PackageManager: Skipping preparing app data for com.google.pixelwatchambient
09-10 09:42:52.124 29598 29730 W PackageManager: Skipping preparing app data for com.google.android.adbd
09-10 09:42:52.124 29598 29730 W PackageManager: Skipping preparing app data for com.google.android.rkpd
09-10 09:42:52.124 29598 29730 W PackageManager: Skipping preparing app data for com.google.android.wifi
09-10 09:42:52.124 29598 29730 W PackageManager: Skipping preparing app data for com.google.android.telephonycore
09-10 09:42:52.124 29598 29730 W PackageManager: Skipping preparing app data for com.android.npumanager
09-10 09:42:52.124 29598 29730 W PackageManager: Skipping preparing app data for com.google.android.conscrypt
09-10 09:42:52.126 29735 29736 W idmap2d : failed to parse idmap header of '/data/resource-cache/product@overlay@TelephonyProvider__nosdcard_watch__auto_generated_characteristics_rro.apk@idmap'
09-10 09:42:52.130 29469 29512 D BootAnimation: Playing files = /product/media/bootanimation-eos-384.zip/part2, Requested repeat = 0, playUntilComplete = false
09-10 09:42:52.135 29735 29736 E idmap2d : failed to retrieve loaded package at index 0 for '/product/overlay/TelephonyProvider__nosdcard_watch__auto_generated_characteristics_rro.apk' -> failed to generate resource map for '/product/overlay/TelephonyProvider__nosdcard_watch__auto_generated_characteristics_rro.apk'
09-10 09:42:52.172 29735 29736 W idmap2d : failed to parse idmap header of '/data/resource-cache/product@overlay@TeleService__nosdcard_watch__auto_generated_characteristics_rro.apk@idmap'
09-10 09:42:52.174 29735 29736 E idmap2d : failed to retrieve loaded package at index 0 for '/product/overlay/TeleService__nosdcard_watch__auto_generated_characteristics_rro.apk' -> failed to generate resource map for '/product/overlay/TeleService__nosdcard_watch__auto_generated_characteristics_rro.apk'
09-10 09:42:52.221 29468 29503 D Diag_Lib: diag: Diag_LSM_Init: invoked for pid: 29468 with init_count: 0
09-10 09:42:52.221 29468 29503 D Diag_Lib: diag:failed to connect to diag socket
09-10 09:42:52.221 29468 29503 D Diag_Lib:  Diag_LSM_Init: Failed to open handle to diag driver, error = 111
09-10 09:42:52.221 29468 29503 I ATS     : vendor/qcom/sw5100-lw4/proprietary-audio/args/acdb/ats/transports/diag/linux/actp/src/actp.c:actp_diag_init:105 Error[1]: Failed to initialize DIAG
09-10 09:42:52.221 29468 29503 E ATS     : vendor/qcom/sw5100-lw4/proprietary-audio/args/acdb/ats/src/ats.c:ats_init:143 Error[1]: Failed to initialize Diag
09-10 09:42:52.221 29468 29503 E ATS     : vendor/qcom/sw5100-lw4/proprietary-audio/args/acdb/ats/src/ats.c:ats_init:263 Error[1]: Failed to initialize ATS
09-10 09:42:52.221 29468 29503 E AGM: API: ats_init_thread: 64 ats_init failed retry 29 err 1
09-10 09:42:52.236 29735 29736 W idmap2d : failed to parse idmap header of '/data/resource-cache/product@overlay@WcsOverlayPixelWatch@WcsOverlayPixelWatch.apk@idmap'
09-10 09:42:52.249 29735 29736 W idmap2d : failed to find resource 'bool/wcs_agenda_deprecated'
09-10 09:42:52.249 29735 29736 E idmap2d : no resources were overlaid
09-10 09:42:52.255 29598 29598 I Watchdog: Resuming HandlerChecker: main thread for reason: idmap creation may be slow. Pause count: 0
09-10 09:42:52.295   397   419 E pixelstats-uevent: Unable to read  - No such file or directory
09-10 09:42:52.305  1419  1419 E BatteryDefender: Failed to read /sys/devices/platform/google,charger/bd_state
09-10 09:42:52.311 29598 29598 D SystemServerTiming: StartResourcesManagerService
09-10 09:42:52.313 29598 29598 D SystemServerTiming: StartSensorPrivacyService
09-10 09:42:52.316  1419  1419 E BatteryDefender: Failed to read /sys/devices/platform/google,charger/bd_state
09-10 09:42:52.323  1115  1115 W cutils  : Expected path /data/user_de/0/com.android.vending with mode 700 but found 711
09-10 09:42:52.335 29598 29627 W ActivityTaskManager: Skip updateConfiguration because mWindowManager isn't set
09-10 09:42:52.337 29598 29627 I ProtoLogImpl: Setting up ProtoLogImpl with viewerConfigPath = /etc/core.protolog.pb
09-10 09:42:52.345 29598 29598 D SystemServerTiming: StartSensorService
09-10 09:42:52.345 29598 29598 I SystemServiceManager: Starting com.android.server.sensors.SensorService
09-10 09:42:52.349 29598 29598 D SystemServerTiming: startCoreServices
09-10 09:42:52.349 29598 29598 D SystemServerTiming: StartSystemConfigService
09-10 09:42:52.349 29464 29464 I audioserver_main: main: AudioPolicy created
09-10 09:42:52.350 29464 29464 D AudioSystem: onNewService: media.audio_policy service obtained 0xee0ee0e0
09-10 09:42:52.350 29464 29528 D AudioSystem: getService: IAudioPolicyService retrieved: 0x0  cached: 0xee0ee0e0
09-10 09:42:52.350 29464 29464 I audioserver_main: main: AudioSystem ready
09-10 09:42:52.350 29598 29598 I SystemServiceManager: Starting com.android.server.SystemConfigService
09-10 09:42:52.352 29598 29598 D SystemServerTiming: StartBatteryService
09-10 09:42:52.353 29598 29598 I SystemServiceManager: Starting com.android.server.BatteryService
09-10 09:42:52.357 29464 29464 D DeviceHalAidl: [default] getMmapPolicyInfos
09-10 09:42:52.357  1124 23176 W AudioAnalytics: onAudioServerStart: (key=audio.policy) AudioPolicy ctor after uncaught failure, mStartCount:6 mStopCount:5 uptimeMs:12949.957031 loadTimeMs:12945.963867
09-10 09:42:52.358 29468 29476 D AHAL_Module_QTI: getMmapPolicyInfos: mmap policy type DEFAULT
09-10 09:42:52.358 29464 29464 D DeviceHalAidl: [usb] getMmapPolicyInfos
09-10 09:42:52.359 29468 29476 D AHAL_Module: getMmapPolicyInfos: usb: mmap policy type DEFAULT
09-10 09:42:52.359 29598 29740 D SystemServerTimingAsync: InitThreadPoolExec:StartNativeSensorService
09-10 09:42:52.360 29464 29464 D DeviceHalAidl: [r_submix] getMmapPolicyInfos
09-10 09:42:52.360 29468 29476 D AHAL_Module: getMmapPolicyInfos: r_submix: mmap policy type DEFAULT
09-10 09:42:52.361 29598 29740 D SystemServerTimingAsync: StartNativeSensorService
09-10 09:42:52.362 29598 29740 D SensorService: nuSensorService starting...
09-10 09:42:52.363 29464 29464 I audioserver_main: main: initialization done in 14097.669 ms, joining thread pool
09-10 09:42:52.376   886   886 D usf_sensor_hal: accelerometer: Enter Activate. Enable = 0.
09-10 09:42:52.377   886   886 D usf_sensor_hal: accelerometer: Enter Activate. Enable = 0.
09-10 09:42:52.377   886   886 D usf_sensor_hal: magnetometer: Enter Activate. Enable = 0.
09-10 09:42:52.377   886   886 W usf_sensor_hal: magnetometer temperature: Disable additional info sensor when it's not voted.
09-10 09:42:52.377   886   886 D usf_sensor_hal: magnetometer: Enter Activate. Enable = 0.
09-10 09:42:52.377   886   886 W usf_sensor_hal: magnetometer temperature: Disable additional info sensor when it's not voted.
09-10 09:42:52.377   886   886 D usf_sensor_hal: orientation: Enter Activate. Enable = 0.
09-10 09:42:52.377   886   886 D usf_sensor_hal: orientation: Enter Activate. Enable = 0.
09-10 09:42:52.378   886   886 D usf_sensor_hal: gyroscope: Enter Activate. Enable = 0.
09-10 09:42:52.378   886   886 D usf_sensor_hal: gyroscope: Enter Activate. Enable = 0.
09-10 09:42:52.378   886   886 D usf_sensor_hal: ambient light: Enter Activate. Enable = 0.
09-10 09:42:52.378   886   908 W usf_sensor_hal: No sensor found to handle samples from client ID 65545.
09-10 09:42:52.381   886   886 D usf_sensor_hal: ambient light: Enter Activate. Enable = 0.
09-10 09:42:52.381   886   886 D usf_sensor_hal: pressure: Enter Activate. Enable = 0.
09-10 09:42:52.381   886   886 D usf_sensor_hal: pressure: Enter Activate. Enable = 0.
09-10 09:42:52.381   886   886 D usf_sensor_hal: gravity: Enter Activate. Enable = 0.
09-10 09:42:52.381   886   886 D usf_sensor_hal: gravity: Enter Activate. Enable = 0.
09-10 09:42:52.381   886   886 D usf_sensor_hal: linear acceleration: Enter Activate. Enable = 0.
09-10 09:42:52.381   886   886 D usf_sensor_hal: linear acceleration: Enter Activate. Enable = 0.
09-10 09:42:52.381   886   886 D usf_sensor_hal: rotation vector: Enter Activate. Enable = 0.
09-10 09:42:52.381   886   886 D usf_sensor_hal: rotation vector: Enter Activate. Enable = 0.
09-10 09:42:52.381   886   886 D usf_sensor_hal: magnetometer: Enter Activate. Enable = 0.
09-10 09:42:52.381   886   886 W usf_sensor_hal: magnetometer temperature: Disable additional info sensor when it's not voted.
09-10 09:42:52.381   886   886 D usf_sensor_hal: magnetometer: Enter Activate. Enable = 0.
09-10 09:42:52.381   886   886 W usf_sensor_hal: magnetometer temperature: Disable additional info sensor when it's not voted.
09-10 09:42:52.381   886   886 D usf_sensor_hal: game rotation vector: Enter Activate. Enable = 0.
09-10 09:42:52.381   886   886 D usf_sensor_hal: game rotation vector: Enter Activate. Enable = 0.
09-10 09:42:52.381   886   886 D usf_sensor_hal: gyroscope: Enter Activate. Enable = 0.
09-10 09:42:52.381   886   886 D usf_sensor_hal: gyroscope: Enter Activate. Enable = 0.
09-10 09:42:52.381   886   886 D usf_sensor_hal: step detector: Enter Activate. Enable = 0.
09-10 09:42:52.381   886   886 D usf_sensor_hal: step detector: Enter Activate. Enable = 0.
09-10 09:42:52.381   886   886 D usf_sensor_hal: step counter: Enter Activate. Enable = 0.
09-10 09:42:52.381   886   886 D usf_sensor_hal: step counter: Enter Activate. Enable = 0.
09-10 09:42:52.381   886   886 D usf_sensor_hal: geomagnetic rotation vector: Enter Activate. Enable = 0.
09-10 09:42:52.381   886   886 D usf_sensor_hal: geomagnetic rotation vector: Enter Activate. Enable = 0.
09-10 09:42:52.381   886   886 D usf_sensor_hal: heart rate: Enter Activate. Enable = 0.
09-10 09:42:52.381   886   886 D usf_sensor_hal: heart rate: Enter Activate. Enable = 0.
09-10 09:42:52.381   886   886 D usf_sensor_hal: wrist tilt gesture: Enter Activate. Enable = 0.
09-10 09:42:52.381   886   886 D usf_sensor_hal: wrist tilt gesture: Enter Activate. Enable = 0.
09-10 09:42:52.384  1419  1419 E BatteryDefender: Failed to read /sys/devices/platform/google,charger/bd_state
09-10 09:42:52.386   886   886 D usf_sensor_hal: stationary detect: Enter Activate. Enable = 0.
09-10 09:42:52.386   886   886 D usf_sensor_hal: stationary detect: Enter Activate. Enable = 0.
09-10 09:42:52.386   886   886 D usf_sensor_hal: motion detect: Enter Activate. Enable = 0.
09-10 09:42:52.386   886   886 D usf_sensor_hal: motion detect: Enter Activate. Enable = 0.
09-10 09:42:52.386   886   886 D usf_sensor_hal: low latency off body detect: Enter Activate. Enable = 0.
09-10 09:42:52.386   886   886 D usf_sensor_hal: low latency off body detect: Enter Activate. Enable = 0.
09-10 09:42:52.390   886   886 D usf_sensor_hal: accelerometer: Enter Activate. Enable = 0.
09-10 09:42:52.391   886   886 D usf_sensor_hal: accelerometer: Enter Activate. Enable = 0.
09-10 09:42:52.391   886   886 D usf_sensor_hal: IMU temperature: Enter Activate. Enable = 0.
09-10 09:42:52.391   886   886 D usf_sensor_hal: IMU temperature: Enter Activate. Enable = 0.
09-10 09:42:52.391   886   886 D usf_sensor_hal: pressure temperature: Enter Activate. Enable = 0.
09-10 09:42:52.391   886   886 D usf_sensor_hal: pressure temperature: Enter Activate. Enable = 0.
09-10 09:42:52.391   886   886 D usf_sensor_hal: magnetometer temperature: Enter Activate. Enable = 0.
09-10 09:42:52.391   886   886 D usf_sensor_hal: magnetometer temperature: Enter Activate. Enable = 0.
09-10 09:42:52.391   886   886 D usf_sensor_hal: accelerometer: Enter Activate. Enable = 0.
09-10 09:42:52.391   886   886 D usf_sensor_hal: accelerometer: Enter Activate. Enable = 0.
09-10 09:42:52.391   886   886 D usf_sensor_hal: ppg controller: Enter Activate. Enable = 0.
09-10 09:42:52.391   886   886 D usf_sensor_hal: ppg controller: Enter Activate. Enable = 0.
09-10 09:42:52.391   886   886 D usf_sensor_hal: ecg: Enter Activate. Enable = 0.
09-10 09:42:52.391   886   886 D usf_sensor_hal: ecg: Enter Activate. Enable = 0.
09-10 09:42:52.391   886   886 D usf_sensor_hal: ecg lead detector: Enter Activate. Enable = 0.
09-10 09:42:52.391   886   886 D usf_sensor_hal: ecg lead detector: Enter Activate. Enable = 0.
09-10 09:42:52.391   886   886 D usf_sensor_hal: : Enter Activate. Enable = 0.
09-10 09:42:52.391   886   886 D usf_sensor_hal: : Enter Activate. Enable = 0.
09-10 09:42:52.391   886   886 D usf_sensor_hal: galvanic skin response: Enter Activate. Enable = 0.
09-10 09:42:52.391   886   886 D usf_sensor_hal: galvanic skin response: Enter Activate. Enable = 0.
09-10 09:42:52.391   886   886 D usf_sensor_hal: : Enter Activate. Enable = 0.
09-10 09:42:52.391   886   886 D usf_sensor_hal: : Enter Activate. Enable = 0.
09-10 09:42:52.391   886   886 D usf_sensor_hal: ppg: Enter Activate. Enable = 0.
09-10 09:42:52.391   886   886 D usf_sensor_hal: ppg: Enter Activate. Enable = 0.
09-10 09:42:52.391   886   886 D usf_sensor_hal: heart rate: Enter Activate. Enable = 0.
09-10 09:42:52.391   886   886 D usf_sensor_hal: heart rate: Enter Activate. Enable = 0.
09-10 09:42:52.391   886   886 D usf_sensor_hal: step cadence: Enter Activate. Enable = 0.
09-10 09:42:52.391   886   886 D usf_sensor_hal: step cadence: Enter Activate. Enable = 0.
09-10 09:42:52.392   886   886 D usf_sensor_hal: Enter UsfSensorHalV2_X::initialize
09-10 09:42:52.393 29598 29740 W system_server: AIBinder_linkToDeath is being called with a non-null cookie and no onUnlink callback set. Use AIBinder_DeathRecipient_setOnUnlinked to manage the lifetime of the cookie. This will become an abort.
09-10 09:42:52.397 29598 29740 I SensorService: Accelerometer's reported power 0.000000 invalid, clamped to 0.001000
09-10 09:42:52.397 29598 29740 I SensorService: Accelerometer (wake-up)'s reported power 0.000000 invalid, clamped to 0.001000
09-10 09:42:52.397 29598 29740 I SensorService: Magnetometer Sensor's reported power 0.000000 invalid, clamped to 0.001000
09-10 09:42:52.398 29598 29740 I SensorService: Magnetometer Sensor (wake-up)'s reported power 0.000000 invalid, clamped to 0.001000
09-10 09:42:52.398 29598 29740 I SensorService: Orientation Sensor's reported power 0.000000 invalid, clamped to 0.001000
09-10 09:42:52.398 29598 29740 I SensorService: Orientation Sensor (wake-up)'s reported power 0.000000 invalid, clamped to 0.001000
09-10 09:42:52.398 29598 29740 I SensorService: Gyroscope's reported power 0.000000 invalid, clamped to 0.001000
09-10 09:42:52.398 29598 29740 I SensorService: Gyroscope (wake-up)'s reported power 0.000000 invalid, clamped to 0.001000
09-10 09:42:52.398 29598 29740 I SensorService: Ambient Light Sensor's reported power 0.000000 invalid, clamped to 0.001000
09-10 09:42:52.398 29598 29740 I SensorService: Ambient Light Sensor (wake-up)'s reported power 0.000000 invalid, clamped to 0.001000
09-10 09:42:52.398 29598 29740 W SensorService: Pressure Sensor's max range 1100.000000000000 is not a multiple of the resolution 0.006000000052 - updated to 1099.998046875000
09-10 09:42:52.398 29598 29740 I SensorService: Pressure Sensor's reported power 0.000000 invalid, clamped to 0.001000
09-10 09:42:52.399 29598 29740 W SensorService: Pressure Sensor (wake-up)'s max range 1100.000000000000 is not a multiple of the resolution 0.006000000052 - updated to 1099.998046875000
09-10 09:42:52.399 29598 29740 I SensorService: Pressure Sensor (wake-up)'s reported power 0.000000 invalid, clamped to 0.001000
09-10 09:42:52.399 29598 29740 I SensorService: Gravity Sensor's reported power 0.000000 invalid, clamped to 0.001000
09-10 09:42:52.399 29598 29740 I SensorService: Gravity Sensor (wake-up)'s reported power 0.000000 invalid, clamped to 0.001000
09-10 09:42:52.399 29598 29740 I SensorService: Linear Acceleration Sensor's reported power 0.000000 invalid, clamped to 0.001000
09-10 09:42:52.399 29598 29740 I SensorService: Linear Acceleration Sensor (wake-up)'s reported power 0.000000 invalid, clamped to 0.001000
09-10 09:42:52.399 29598 29740 I SensorService: Rotation Vector Sensor's reported power 0.000000 invalid, clamped to 0.001000
09-10 09:42:52.399 29598 29740 I SensorService: Rotation Vector Sensor (wake-up)'s reported power 0.000000 invalid, clamped to 0.001000
09-10 09:42:52.399 29598 29740 I SensorService: Magnetometer Sensor-Uncalibrated's reported power 0.000000 invalid, clamped to 0.001000
09-10 09:42:52.399 29598 29740 I SensorService: Magnetometer Sensor-Uncalibrated (wake-up)'s reported power 0.000000 invalid, clamped to 0.001000
09-10 09:42:52.399 29598 29740 I SensorService: Game Rotation Vector Sensor's reported power 0.000000 invalid, clamped to 0.001000
09-10 09:42:52.400 29598 29740 I SensorService: Game Rotation Vector Sensor (wake-up)'s reported power 0.000000 invalid, clamped to 0.001000
09-10 09:42:52.400 29598 29740 I SensorService: Gyroscope-Uncalibrated's reported power 0.000000 invalid, clamped to 0.001000
09-10 09:42:52.400 29598 29740 I SensorService: Gyroscope-Uncalibrated (wake-up)'s reported power 0.000000 invalid, clamped to 0.001000
09-10 09:42:52.400 29598 29740 I SensorService: Step Detector's reported power 0.000000 invalid, clamped to 0.001000
09-10 09:42:52.400 29598 29740 I SensorService: Step Detector (wake-up)'s reported power 0.000000 invalid, clamped to 0.001000
09-10 09:42:52.400 29598 29740 I SensorService: Step Counter's reported power 0.000000 invalid, clamped to 0.001000
09-10 09:42:52.400 29598 29740 I SensorService: Step Counter (wake-up)'s reported power 0.000000 invalid, clamped to 0.001000
09-10 09:42:52.400 29598 29740 I SensorService: Geomagnetic Rotation Vector Sensor's reported power 0.000000 invalid, clamped to 0.001000
09-10 09:42:52.400 29598 29740 I SensorService: Geomagnetic Rotation Vector Sensor (wake-up)'s reported power 0.000000 invalid, clamped to 0.001000
09-10 09:42:52.400 29598 29740 I SensorService: HeartRate's reported power 0.000000 invalid, clamped to 0.001000
09-10 09:42:52.400 29598 29740 I SensorService: HeartRate (wake-up)'s reported power 0.000000 invalid, clamped to 0.001000
09-10 09:42:52.400 29598 29740 I SensorService: TiltToWake's reported power 0.000000 invalid, clamped to 0.001000
09-10 09:42:52.400 29598 29740 I SensorService: TiltToWake (wake-up)'s reported power 0.000000 invalid, clamped to 0.001000
09-10 09:42:52.400 29598 29740 I SensorService: Stationary Sensor's reported power 0.000000 invalid, clamped to 0.001000
09-10 09:42:52.400 29598 29740 I SensorService: Stationary Sensor (wake-up)'s reported power 0.000000 invalid, clamped to 0.001000
09-10 09:42:52.400 29598 29740 I SensorService: Instant Motion Sensor's reported power 0.000000 invalid, clamped to 0.001000
09-10 09:42:52.400 29598 29740 I SensorService: Instant Motion Sensor (wake-up)'s reported power 0.000000 invalid, clamped to 0.001000
09-10 09:42:52.400 29598 29740 I SensorService: Low latency off body detect's reported power 0.000000 invalid, clamped to 0.001000
09-10 09:42:52.400 29598 29740 I SensorService: Low latency off body detect (wake-up)'s reported power 0.000000 invalid, clamped to 0.001000
09-10 09:42:52.400 29598 29740 I SensorService: Accelerometer-Uncalibrated's reported power 0.000000 invalid, clamped to 0.001000
09-10 09:42:52.400 29598 29740 I SensorService: Accelerometer-Uncalibrated (wake-up)'s reported power 0.000000 invalid, clamped to 0.001000
09-10 09:42:52.400 29598 29740 I SensorService: Imu Temperature's reported power 0.000000 invalid, clamped to 0.001000
09-10 09:42:52.400 29598 29740 I SensorService: Imu Temperature (wake-up)'s reported power 0.000000 invalid, clamped to 0.001000
09-10 09:42:52.400 29598 29740 I SensorService: Pressure Temperature Sensor's reported power 0.000000 invalid, clamped to 0.001000
09-10 09:42:52.400 29598 29740 I SensorService: Pressure Temperature Sensor (wake-up)'s reported power 0.000000 invalid, clamped to 0.001000
09-10 09:42:52.400 29598 29740 I SensorService: Magnetometer Temperature Sensor's reported power 0.000000 invalid, clamped to 0.001000
09-10 09:42:52.400 29598 29740 I SensorService: Magnetometer Temperature Sensor (wake-up)'s reported power 0.000000 invalid, clamped to 0.001000
09-10 09:42:52.400 29598 29740 I SensorService: Accelerometer's reported power 0.000000 invalid, clamped to 0.001000
09-10 09:42:52.400 29598 29740 I SensorService: Accelerometer (wake-up)'s reported power 0.000000 invalid, clamped to 0.001000
09-10 09:42:52.400 29598 29740 I SensorService: PPG Controller's reported power 0.000000 invalid, clamped to 0.001000
09-10 09:42:52.400 29598 29740 I SensorService: PPG Controller (wake-up)'s reported power 0.000000 invalid, clamped to 0.001000
09-10 09:42:52.400 29598 29740 I SensorService: ECG Sensor's reported power 0.000000 invalid, clamped to 0.001000
09-10 09:42:52.400 29598 29740 I SensorService: ECG Sensor (wake-up)'s reported power 0.000000 invalid, clamped to 0.001000
09-10 09:42:52.400 29598 29740 I SensorService: ECG Lead Detector's reported power 0.000000 invalid, clamped to 0.001000
09-10 09:42:52.400 29598 29740 I SensorService: ECG Lead Detector (wake-up)'s reported power 0.000000 invalid, clamped to 0.001000
09-10 09:42:52.400 29598 29740 I SensorService: GazeSensor's reported power 0.000000 invalid, clamped to 0.001000
09-10 09:42:52.400 29598 29740 I SensorService: GazeSensor (wake-up)'s reported power 0.000000 invalid, clamped to 0.001000
09-10 09:42:52.400 29598 29740 I SensorService: Galvanic Skin Response's reported power 0.000000 invalid, clamped to 0.001000
09-10 09:42:52.400 29598 29740 I SensorService: Galvanic Skin Response (wake-up)'s reported power 0.000000 invalid, clamped to 0.001000
09-10 09:42:52.400 29598 29740 I SensorService: Skin temperature sensor's reported power 0.000000 invalid, clamped to 0.001000
09-10 09:42:52.400 29598 29740 I SensorService: Skin temperature sensor (wake-up)'s reported power 0.000000 invalid, clamped to 0.001000
09-10 09:42:52.400 29598 29740 I SensorService: PPG Sensor's reported power 0.000000 invalid, clamped to 0.001000
09-10 09:42:52.401 29598 29740 I SensorService: PPG Sensor (wake-up)'s reported power 0.000000 invalid, clamped to 0.001000
09-10 09:42:52.401 29598 29740 I SensorService: HeartRate-Extended's reported power 0.000000 invalid, clamped to 0.001000
09-10 09:42:52.401 29598 29740 I SensorService: HeartRate-Extended (wake-up)'s reported power 0.000000 invalid, clamped to 0.001000
09-10 09:42:52.401 29598 29740 I SensorService: Step Cadence's reported power 0.000000 invalid, clamped to 0.001000
09-10 09:42:52.401 29598 29740 I SensorService: Step Cadence (wake-up)'s reported power 0.000000 invalid, clamped to 0.001000
09-10 09:42:52.403  1419  1419 E BatteryDefender: Failed to read /sys/devices/platform/google,charger/bd_state
09-10 09:42:52.410 29598 29598 I HealthServiceWrapperAidl: health: HealthServiceWrapper listening to AIDL HAL
09-10 09:42:52.410 29598 29598 I BatteryService: health: Waited 0ms and received the update.
09-10 09:42:52.414 29598 29598 W SystemServiceManager: Service com.android.server.BatteryService took 59 ms in onStart
09-10 09:42:52.414 29598 29598 D SystemServerTiming: StartUsageService
09-10 09:42:52.415 29598 29745 D SensorService: nuSensorService thread starting...
09-10 09:42:52.415 29598 29598 I SystemServiceManager: Starting com.android.server.usage.UsageStatsService
09-10 09:42:52.416 29598 29744 D SensorService: new thread SensorEventAckReceiver
09-10 09:42:52.429 29598 29598 D SystemServerTiming: StartCachedDeviceStateService
09-10 09:42:52.430 29598 29598 I SystemServiceManager: Starting com.android.server.CachedDeviceStateService
09-10 09:42:52.430 29598 29598 D SystemServerTiming: StartBinderCallsStatsService
09-10 09:42:52.431 29598 29598 I SystemServiceManager: Starting com.android.server.BinderCallsStatsService$LifeCycle
09-10 09:42:52.433 29598 29598 D SystemServerTiming: StartLooperStatsService
09-10 09:42:52.434 29598 29598 I SystemServiceManager: Starting com.android.server.LooperStatsService$Lifecycle
09-10 09:42:52.436 29598 29598 D SystemServerTiming: StartRollbackManagerService
09-10 09:42:52.437 29598 29598 I SystemServiceManager: Starting com.android.server.rollback.RollbackManagerService
09-10 09:42:52.442  1115  1128 D installd: Found quota mount /dev/block/dm-16 at /data
09-10 09:42:52.443  1115  1128 D installd: Found quota mount /dev/block/dm-16 at /data/user/0
09-10 09:42:52.443  1115  1128 D installd: Found quota mount /dev/block/dm-16 at /mnt/pass_through/0/emulated
09-10 09:42:52.456  1115  1128 D installd: Found storage mount /dev/block/dm-16 at /mnt/pass_through/0/emulated
09-10 09:42:52.456  1115  1128 D installd: Found storage mount  at /mnt/pass_through/0/emulated
09-10 09:42:52.461 29598 29598 I PackageWatchdog: Syncing state, reason: added new observer
09-10 09:42:52.461 29598 29598 I PackageWatchdog: Not pruning observers, elapsed time: 0ms
09-10 09:42:52.461 29598 29693 I PackageWatchdog: Saving observer state to file
09-10 09:42:52.469 29598 29598 D SystemServerTiming: StartNativeTombstoneManagerService
09-10 09:42:52.470 29598 29598 I SystemServiceManager: Starting com.android.server.os.NativeTombstoneManagerService
09-10 09:42:52.472 29598 29598 D SystemServerTiming: StartBugreportManagerService
09-10 09:42:52.472 29598 29598 I SystemServiceManager: Starting com.android.server.os.BugreportManagerService
09-10 09:42:52.475 29598 29598 D SystemServerTiming: GpuService
09-10 09:42:52.475 29598 29598 I SystemServiceManager: Starting com.android.server.gpu.GpuService
09-10 09:42:52.475 29598 29598 D SystemServerTiming: StartRemoteProvisioningService
09-10 09:42:52.476 29598 29598 I SystemServiceManager: Starting com.android.server.security.rkp.RemoteProvisioningService
09-10 09:42:52.478 29598 29598 D SystemServerTiming: startOtherServices
09-10 09:42:52.479 29598 29598 D SystemServerTiming: StartKeyAttestationApplicationIdProviderService
09-10 09:42:52.479 29598 29751 D SystemServerTimingAsync: InitThreadPoolExec:SecondaryZygotePreload
09-10 09:42:52.480 29598 29751 I SystemServer: SecondaryZygotePreload
09-10 09:42:52.480 29598 29751 D SystemServerTimingAsync: SecondaryZygotePreload
09-10 09:42:52.481 29598 29598 D SystemServerTiming: StartKeyChainSystemService
09-10 09:42:52.481 29598 29598 I SystemServiceManager: Starting com.android.server.security.KeyChainSystemService
09-10 09:42:52.482 29598 29598 D SystemServerTiming: StartBinaryTransparencyService
09-10 09:42:52.483 29598 29598 I SystemServiceManager: Starting com.android.server.BinaryTransparencyService
09-10 09:42:52.484 29598 29751 E SystemServer: Unable to preload default resources for secondary
09-10 09:42:52.485 29598 29598 I TransparencyService: Started BinaryTransparencyService
09-10 09:42:52.485 29598 29598 D SystemServerTiming: StartSchedulingPolicyService
09-10 09:42:52.487 29598 29624 D SystemServerTimingAsync: InitThreadPoolExec:SchedulingPolicyService.<init>
09-10 09:42:52.488 29598 29598 D SystemServerTiming: StartTelecomLoaderService
09-10 09:42:52.488 29598 29598 I SystemServiceManager: Starting com.android.server.telecom.TelecomLoaderService
09-10 09:42:52.490 29598 29598 D SystemServerTiming: StartTelephonyRegistry
09-10 09:42:52.495 29598 29598 D SystemServerTiming: StartEntropyMixer
09-10 09:42:52.500 29598 29598 I EntropyMixer: Loaded existing seed file
09-10 09:42:52.504 29598 29598 I EntropyMixer: Updated seed file
09-10 09:42:52.505 29598 29598 D SystemServerTiming: StartAccountManagerService
09-10 09:42:52.506 29598 29598 I SystemServiceManager: Starting com.android.server.accounts.AccountManagerService$Lifecycle
09-10 09:42:52.515 29598 29598 D SystemServerTiming: StartContentService
09-10 09:42:52.516 29598 29598 I SystemServiceManager: Starting com.android.server.content.ContentService$Lifecycle
09-10 09:42:52.520 29598 29598 D SystemServerTiming: InstallSystemProviders
09-10 09:42:52.527 29598 29624 I SchedulingPolicyService: Moving 1168 back to group default
09-10 09:42:52.539 29598 29598 D nativeloader: Configuring clns-shared-17 for other apk /system/priv-app/SettingsProvider/SettingsProvider.apk. target_sdk_version=37, uses_libraries=, library_path=/system/priv-app/SettingsProvider/lib/arm:/system/priv-app/SettingsProvider/SettingsProvider.apk!/lib/armeabi-v7a:/system/lib:/system_ext/lib, permitted_path=/data:/mnt/expand:/data/user_de/0/com.android.providers.settings:/system/priv-app/SettingsProvider:/system/lib:/system_ext/lib
09-10 09:42:52.590   726   861 D MCU     : usf_sensor.cc:1935               10:04:24.476 [USF] Received stop sampling request for Ambient Light Sensor (active:0).
09-10 09:42:52.590   726   861 D MCU     : usf_sensor.cc:1935               10:04:24.480 [USF] Received stop sampling request for TiltToWake (active:0).
09-10 09:42:52.591   726   861 D MCU     : usf_sensor.cc:1935               10:04:24.482 [USF] Received stop sampling request for Low latency off body detect (active:4).
09-10 09:42:52.591   726   861 D MCU     : usf_sensor.cc:1935               10:04:24.485 [USF] Received stop sampling request for Low latency off body detect (active:3).
09-10 09:42:52.598 29598 29598 I PackageManager: getInstalledPackages: callingUid=1000 flags=0 updatedFlags=524288 userId=0
09-10 09:42:52.722 29468 29503 D Diag_Lib: diag: Diag_LSM_Init: invoked for pid: 29468 with init_count: 0
09-10 09:42:52.723 29468 29503 D Diag_Lib: diag:failed to connect to diag socket
09-10 09:42:52.723 29468 29503 D Diag_Lib:  Diag_LSM_Init: Failed to open handle to diag driver, error = 111
09-10 09:42:52.723 29468 29503 I ATS     : vendor/qcom/sw5100-lw4/proprietary-audio/args/acdb/ats/transports/diag/linux/actp/src/actp.c:actp_diag_init:105 Error[1]: Failed to initialize DIAG
09-10 09:42:52.723 29468 29503 E ATS     : vendor/qcom/sw5100-lw4/proprietary-audio/args/acdb/ats/src/ats.c:ats_init:143 Error[1]: Failed to initialize Diag
09-10 09:42:52.724 29468 29503 E ATS     : vendor/qcom/sw5100-lw4/proprietary-audio/args/acdb/ats/src/ats.c:ats_init:263 Error[1]: Failed to initialize ATS
09-10 09:42:52.724 29468 29503 E AGM: API: ats_init_thread: 64 ats_init failed retry 30 err 1
09-10 09:42:52.905 29598 29598 I PackageManager: getInstalledPackages: callingUid=1000 flags=8192 updatedFlags=532480 userId=0
09-10 09:42:52.932 29598 29598 D nativeloader: Configuring clns-shared-18 for other apk /system/framework/clockwork-system.jar. target_sdk_version=37, uses_libraries=ALL, library_path=/system_ext/priv-app/PixelWatchSettingsCompose/lib/arm:/system_ext/priv-app/PixelWatchSettingsCompose/PixelWatchSettingsCompose.apk!/lib/armeabi-v7a:/system/lib:/system_ext/lib, permitted_path=/data:/mnt/expand:/data/user_de/0/com.google.android.apps.wearable.settings:/system_ext/priv-app/PixelWatchSettingsCompose:/system/lib:/system_ext/lib
09-10 09:42:52.934 29598 29598 D ApplicationLoaders: Returning zygote-cached class loader: /system/framework/org.apache.http.legacy.jar
09-10 09:42:52.940 29598 29598 D nativeloader: Configuring clns-shared-19 for other apk /system/framework/com.google.android.wearable.jar. target_sdk_version=37, uses_libraries=ALL, library_path=/system_ext/priv-app/PixelWatchSettingsCompose/lib/arm:/system_ext/priv-app/PixelWatchSettingsCompose/PixelWatchSettingsCompose.apk!/lib/armeabi-v7a:/system/lib:/system_ext/lib, permitted_path=/data:/mnt/expand:/data/user_de/0/com.google.android.apps.wearable.settings:/system_ext/priv-app/PixelWatchSettingsCompose:/system/lib:/system_ext/lib
09-10 09:42:52.949 29598 29598 D nativeloader: Configuring clns-shared-20 for other apk /system_ext/priv-app/PixelWatchSettingsCompose/PixelWatchSettingsCompose.apk. target_sdk_version=37, uses_libraries=, library_path=/system_ext/priv-app/PixelWatchSettingsCompose/lib/arm:/system_ext/priv-app/PixelWatchSettingsCompose/PixelWatchSettingsCompose.apk!/lib/armeabi-v7a:/system/lib:/system_ext/lib, permitted_path=/data:/mnt/expand:/data/user_de/0/com.google.android.apps.wearable.settings:/system_ext/priv-app/PixelWatchSettingsCompose:/system/lib:/system_ext/lib
09-10 09:42:52.958 29598 29730 I PackageManager: Deferred reconcileAppsData finished 218 packages
09-10 09:42:52.996 29598 29598 E SystemServiceRegistry: No service published for: supervision
09-10 09:42:52.996 29598 29598 E SystemServiceRegistry: android.os.ServiceManager$ServiceNotFoundException: No service published for: supervision
09-10 09:42:52.996 29598 29598 E SystemServiceRegistry: 	at android.os.ServiceManager.getServiceOrThrow(ServiceManager.java:176)
09-10 09:42:52.996 29598 29598 E SystemServiceRegistry: 	at android.app.SystemServiceRegistry$155.createService(SystemServiceRegistry.java:2006)
09-10 09:42:52.996 29598 29598 E SystemServiceRegistry: 	at android.app.SystemServiceRegistry$155.createService(SystemServiceRegistry.java:2002)
09-10 09:42:52.996 29598 29598 E SystemServiceRegistry: 	at android.app.SystemServiceRegistry$CachedServiceFetcher.getService(SystemServiceRegistry.java:2784)
09-10 09:42:52.996 29598 29598 E SystemServiceRegistry: 	at android.app.SystemServiceRegistry.getSystemService(SystemServiceRegistry.java:2297)
09-10 09:42:52.996 29598 29598 E SystemServiceRegistry: 	at android.app.ContextImpl.getSystemService(ContextImpl.java:2450)
09-10 09:42:52.996 29598 29598 E SystemServiceRegistry: 	at android.content.Context.getSystemService(Context.java:4916)
09-10 09:42:52.996 29598 29598 E SystemServiceRegistry: 	at com.android.server.pm.ProtectedPackages.isSupervisionPackage(go/retraceme 56cb9c0977ae9f67603f451f002522c463042b44293aaef01295dafee5e0332e:4)
09-10 09:42:52.996 29598 29598 E SystemServiceRegistry: 	at com.android.server.pm.ProtectedPackages.isProtectedPackage(go/retraceme 56cb9c0977ae9f67603f451f002522c463042b44293aaef01295dafee5e0332e:49)
09-10 09:42:52.996 29598 29598 E SystemServiceRegistry: 	at com.android.server.pm.ProtectedPackages.isPackageStateProtected(go/retraceme 56cb9c0977ae9f67603f451f002522c463042b44293aaef01295dafee5e0332e:6)
09-10 09:42:52.996 29598 29598 E SystemServiceRegistry: 	at com.android.server.pm.PackageManagerService.-$$Nest$msetEnabledSettings(go/retraceme 56cb9c0977ae9f67603f451f002522c463042b44293aaef01295dafee5e0332e:383)
09-10 09:42:52.996 29598 29598 E SystemServiceRegistry: 	at com.android.server.pm.PackageManagerService$IPackageManagerImpl.setComponentEnabledSetting(go/retraceme 56cb9c0977ae9f67603f451f002522c463042b44293aaef01295dafee5e0332e:32)
09-10 09:42:52.996 29598 29598 E SystemServiceRegistry: 	at android.app.ApplicationPackageManager.setComponentEnabledSetting(ApplicationPackageManager.java:3327)
09-10 09:42:52.996 29598 29598 E SystemServiceRegistry: 	at com.android.server.am.ContentProviderHelper$DevelopmentSettingsObserver.onChange(go/retraceme 56cb9c0977ae9f67603f451f002522c463042b44293aaef01295dafee5e0332e:37)
09-10 09:42:52.996 29598 29598 E SystemServiceRegistry: 	at com.android.server.am.ContentProviderHelper$DevelopmentSettingsObserver.<init>(go/retraceme 56cb9c0977ae9f67603f451f002522c463042b44293aaef01295dafee5e0332e:44)
09-10 09:42:52.996 29598 29598 E SystemServiceRegistry: 	at com.android.server.am.ContentProviderHelper.installSystemProviders(go/retraceme 56cb9c0977ae9f67603f451f002522c463042b44293aaef01295dafee5e0332e:574)
09-10 09:42:52.996 29598 29598 E SystemServiceRegistry: 	at com.android.server.SystemServer.startOtherServices(go/retraceme 56cb9c0977ae9f67603f451f002522c463042b44293aaef01295dafee5e0332e:256)
09-10 09:42:52.996 29598 29598 E SystemServiceRegistry: 	at com.android.server.SystemServer.main(go/retraceme 56cb9c0977ae9f67603f451f002522c463042b44293aaef01295dafee5e0332e:572)
09-10 09:42:52.996 29598 29598 E SystemServiceRegistry: 	at java.lang.reflect.Method.invoke(Native Method)
09-10 09:42:52.996 29598 29598 E SystemServiceRegistry: 	at com.android.internal.os.RuntimeInit$MethodAndArgsCaller.run(RuntimeInit.java:575)
09-10 09:42:52.996 29598 29598 E SystemServiceRegistry: 	at com.android.internal.os.ZygoteInit.main(ZygoteInit.java:917)
09-10 09:42:52.997 29598 29598 E SystemServiceRegistry: Manager wrapper not available: supervision
09-10 09:42:52.998 29598 29598 W PackageManager: Failed to get SupervisionManager.
09-10 09:42:53.001 29598 29684 E SystemServiceRegistry: No service published for: dropbox
09-10 09:42:53.001 29598 29684 E SystemServiceRegistry: android.os.ServiceManager$ServiceNotFoundException: No service published for: dropbox
09-10 09:42:53.001 29598 29684 E SystemServiceRegistry: 	at android.os.ServiceManager.getServiceOrThrow(ServiceManager.java:176)
09-10 09:42:53.001 29598 29684 E SystemServiceRegistry: 	at android.app.SystemServiceRegistry$25.createService(SystemServiceRegistry.java:621)
09-10 09:42:53.001 29598 29684 E SystemServiceRegistry: 	at android.app.SystemServiceRegistry$25.createService(SystemServiceRegistry.java:618)
09-10 09:42:53.001 29598 29684 E SystemServiceRegistry: 	at android.app.SystemServiceRegistry$CachedServiceFetcher.getService(SystemServiceRegistry.java:2784)
09-10 09:42:53.001 29598 29684 E SystemServiceRegistry: 	at android.app.SystemServiceRegistry.getSystemService(SystemServiceRegistry.java:2297)
09-10 09:42:53.001 29598 29684 E SystemServiceRegistry: 	at android.app.ContextImpl.getSystemService(ContextImpl.java:2450)
09-10 09:42:53.001 29598 29684 E SystemServiceRegistry: 	at android.content.Context.getSystemService(Context.java:4916)
09-10 09:42:53.001 29598 29684 E SystemServiceRegistry: 	at com.android.server.am.ActivityManagerService.addErrorToDropBox(go/retraceme 56cb9c0977ae9f67603f451f002522c463042b44293aaef01295dafee5e0332e:24)
09-10 09:42:53.001 29598 29684 E SystemServiceRegistry: 	at com.android.server.am.ActivityManagerService.handleApplicationWtfInner(go/retraceme 56cb9c0977ae9f67603f451f002522c463042b44293aaef01295dafee5e0332e:112)
09-10 09:42:53.001 29598 29684 E SystemServiceRegistry: 	at com.android.server.am.ActivityManagerService$12.run(go/retraceme 56cb9c0977ae9f67603f451f002522c463042b44293aaef01295dafee5e0332e:12)
09-10 09:42:53.001 29598 29684 E SystemServiceRegistry: 	at android.os.Handler.handleCallback(Handler.java:1095)
09-10 09:42:53.001 29598 29684 E SystemServiceRegistry: 	at android.os.Handler.dispatchMessageImpl(Handler.java:135)
09-10 09:42:53.001 29598 29684 E SystemServiceRegistry: 	at android.os.Handler.dispatchMessage(Handler.java:125)
09-10 09:42:53.001 29598 29684 E SystemServiceRegistry: 	at android.os.Looper.loopOnce(Looper.java:296)
09-10 09:42:53.001 29598 29684 E SystemServiceRegistry: 	at android.os.Looper.loop(Looper.java:397)
09-10 09:42:53.001 29598 29684 E SystemServiceRegistry: 	at android.os.HandlerThread.run(HandlerThread.java:139)
09-10 09:42:53.001 29598 29684 E SystemServiceRegistry: 	at com.android.server.ServiceThread.run(ServiceThread.java:46)
09-10 09:42:53.003 29598 29684 E SystemServiceRegistry: No service published for: dropbox
09-10 09:42:53.003 29598 29684 E SystemServiceRegistry: android.os.ServiceManager$ServiceNotFoundException: No service published for: dropbox
09-10 09:42:53.003 29598 29684 E SystemServiceRegistry: 	at android.os.ServiceManager.getServiceOrThrow(ServiceManager.java:176)
09-10 09:42:53.003 29598 29684 E SystemServiceRegistry: 	at android.app.SystemServiceRegistry$25.createService(SystemServiceRegistry.java:621)
09-10 09:42:53.003 29598 29684 E SystemServiceRegistry: 	at android.app.SystemServiceRegistry$25.createService(SystemServiceRegistry.java:618)
09-10 09:42:53.003 29598 29684 E SystemServiceRegistry: 	at android.app.SystemServiceRegistry$CachedServiceFetcher.getService(SystemServiceRegistry.java:2784)
09-10 09:42:53.003 29598 29684 E SystemServiceRegistry: 	at android.app.SystemServiceRegistry.getSystemService(SystemServiceRegistry.java:2297)
09-10 09:42:53.003 29598 29684 E SystemServiceRegistry: 	at android.app.ContextImpl.getSystemService(ContextImpl.java:2450)
09-10 09:42:53.003 29598 29684 E SystemServiceRegistry: 	at android.content.Context.getSystemService(Context.java:4916)
09-10 09:42:53.003 29598 29684 E SystemServiceRegistry: 	at com.android.server.am.ActivityManagerService.addErrorToDropBox(go/retraceme 56cb9c0977ae9f67603f451f002522c463042b44293aaef01295dafee5e0332e:24)
09-10 09:42:53.003 29598 29684 E SystemServiceRegistry: 	at com.android.server.am.ActivityManagerService.handleApplicationWtfInner(go/retraceme 56cb9c0977ae9f67603f451f002522c463042b44293aaef01295dafee5e0332e:112)
09-10 09:42:53.003 29598 29684 E SystemServiceRegistry: 	at com.android.server.am.ActivityManagerService$12.run(go/retraceme 56cb9c0977ae9f67603f451f002522c463042b44293aaef01295dafee5e0332e:12)
09-10 09:42:53.003 29598 29684 E SystemServiceRegistry: 	at android.os.Handler.handleCallback(Handler.java:1095)
09-10 09:42:53.003 29598 29684 E SystemServiceRegistry: 	at android.os.Handler.dispatchMessageImpl(Handler.java:135)
09-10 09:42:53.003 29598 29684 E SystemServiceRegistry: 	at android.os.Handler.dispatchMessage(Handler.java:125)
09-10 09:42:53.003 29598 29684 E SystemServiceRegistry: 	at android.os.Looper.loopOnce(Looper.java:296)
09-10 09:42:53.003 29598 29684 E SystemServiceRegistry: 	at android.os.Looper.loop(Looper.java:397)
09-10 09:42:53.003 29598 29684 E SystemServiceRegistry: 	at android.os.HandlerThread.run(HandlerThread.java:139)
09-10 09:42:53.003 29598 29684 E SystemServiceRegistry: 	at com.android.server.ServiceThread.run(ServiceThread.java:46)
09-10 09:42:53.006 29598 29684 E SystemServiceRegistry: No service published for: dropbox
09-10 09:42:53.006 29598 29684 E SystemServiceRegistry: android.os.ServiceManager$ServiceNotFoundException: No service published for: dropbox
09-10 09:42:53.006 29598 29684 E SystemServiceRegistry: 	at android.os.ServiceManager.getServiceOrThrow(ServiceManager.java:176)
09-10 09:42:53.006 29598 29684 E SystemServiceRegistry: 	at android.app.SystemServiceRegistry$25.createService(SystemServiceRegistry.java:621)
09-10 09:42:53.006 29598 29684 E SystemServiceRegistry: 	at android.app.SystemServiceRegistry$25.createService(SystemServiceRegistry.java:618)
09-10 09:42:53.006 29598 29684 E SystemServiceRegistry: 	at android.app.SystemServiceRegistry$CachedServiceFetcher.getService(SystemServiceRegistry.java:2784)
09-10 09:42:53.006 29598 29684 E SystemServiceRegistry: 	at android.app.SystemServiceRegistry.getSystemService(SystemServiceRegistry.java:2297)
09-10 09:42:53.006 29598 29684 E SystemServiceRegistry: 	at android.app.ContextImpl.getSystemService(ContextImpl.java:2450)
09-10 09:42:53.006 29598 29684 E SystemServiceRegistry: 	at android.content.Context.getSystemService(Context.java:4916)
09-10 09:42:53.006 29598 29684 E SystemServiceRegistry: 	at com.android.server.am.ActivityManagerService.addErrorToDropBox(go/retraceme 56cb9c0977ae9f67603f451f002522c463042b44293aaef01295dafee5e0332e:24)
09-10 09:42:53.006 29598 29684 E SystemServiceRegistry: 	at com.android.server.am.ActivityManagerService.handleApplicationWtfInner(go/retraceme 56cb9c0977ae9f67603f451f002522c463042b44293aaef01295dafee5e0332e:112)
09-10 09:42:53.006 29598 29684 E SystemServiceRegistry: 	at com.android.server.am.ActivityManagerService$12.run(go/retraceme 56cb9c0977ae9f67603f451f002522c463042b44293aaef01295dafee5e0332e:12)
09-10 09:42:53.006 29598 29684 E SystemServiceRegistry: 	at android.os.Handler.handleCallback(Handler.java:1095)
09-10 09:42:53.006 29598 29684 E SystemServiceRegistry: 	at android.os.Handler.dispatchMessageImpl(Handler.java:135)
09-10 09:42:53.006 29598 29684 E SystemServiceRegistry: 	at android.os.Handler.dispatchMessage(Handler.java:125)
09-10 09:42:53.006 29598 29684 E SystemServiceRegistry: 	at android.os.Looper.loopOnce(Looper.java:296)
09-10 09:42:53.006 29598 29684 E SystemServiceRegistry: 	at android.os.Looper.loop(Looper.java:397)
09-10 09:42:53.006 29598 29684 E SystemServiceRegistry: 	at android.os.HandlerThread.run(HandlerThread.java:139)
09-10 09:42:53.006 29598 29684 E SystemServiceRegistry: 	at com.android.server.ServiceThread.run(ServiceThread.java:46)
09-10 09:42:53.008 29598 29684 E SystemServiceRegistry: No service published for: dropbox
09-10 09:42:53.008 29598 29684 E SystemServiceRegistry: android.os.ServiceManager$ServiceNotFoundException: No service published for: dropbox
09-10 09:42:53.008 29598 29684 E SystemServiceRegistry: 	at android.os.ServiceManager.getServiceOrThrow(ServiceManager.java:176)
09-10 09:42:53.008 29598 29684 E SystemServiceRegistry: 	at android.app.SystemServiceRegistry$25.createService(SystemServiceRegistry.java:621)
09-10 09:42:53.008 29598 29684 E SystemServiceRegistry: 	at android.app.SystemServiceRegistry$25.createService(SystemServiceRegistry.java:618)
09-10 09:42:53.008 29598 29684 E SystemServiceRegistry: 	at android.app.SystemServiceRegistry$CachedServiceFetcher.getService(SystemServiceRegistry.java:2784)
09-10 09:42:53.008 29598 29684 E SystemServiceRegistry: 	at android.app.SystemServiceRegistry.getSystemService(SystemServiceRegistry.java:2297)
09-10 09:42:53.008 29598 29684 E SystemServiceRegistry: 	at android.app.ContextImpl.getSystemService(ContextImpl.java:2450)
09-10 09:42:53.008 29598 29684 E SystemServiceRegistry: 	at android.content.Context.getSystemService(Context.java:4916)
09-10 09:42:53.008 29598 29684 E SystemServiceRegistry: 	at com.android.server.am.ActivityManagerService.addErrorToDropBox(go/retraceme 56cb9c0977ae9f67603f451f002522c463042b44293aaef01295dafee5e0332e:24)
09-10 09:42:53.008 29598 29684 E SystemServiceRegistry: 	at com.android.server.am.ActivityManagerService.handleApplicationWtfInner(go/retraceme 56cb9c0977ae9f67603f451f002522c463042b44293aaef01295dafee5e0332e:112)
09-10 09:42:53.008 29598 29684 E SystemServiceRegistry: 	at com.android.server.am.ActivityManagerService$12.run(go/retraceme 56cb9c0977ae9f67603f451f002522c463042b44293aaef01295dafee5e0332e:12)
09-10 09:42:53.008 29598 29684 E SystemServiceRegistry: 	at android.os.Handler.handleCallback(Handler.java:1095)
09-10 09:42:53.008 29598 29684 E SystemServiceRegistry: 	at android.os.Handler.dispatchMessageImpl(Handler.java:135)
09-10 09:42:53.008 29598 29684 E SystemServiceRegistry: 	at android.os.Handler.dispatchMessage(Handler.java:125)
09-10 09:42:53.008 29598 29684 E SystemServiceRegistry: 	at android.os.Looper.loopOnce(Looper.java:296)
09-10 09:42:53.008 29598 29684 E SystemServiceRegistry: 	at android.os.Looper.loop(Looper.java:397)
09-10 09:42:53.008 29598 29684 E SystemServiceRegistry: 	at android.os.HandlerThread.run(HandlerThread.java:139)
09-10 09:42:53.008 29598 29684 E SystemServiceRegistry: 	at com.android.server.ServiceThread.run(ServiceThread.java:46)
09-10 09:42:53.011 29598 29684 E SystemServiceRegistry: No service published for: dropbox
09-10 09:42:53.011 29598 29684 E SystemServiceRegistry: android.os.ServiceManager$ServiceNotFoundException: No service published for: dropbox
09-10 09:42:53.011 29598 29684 E SystemServiceRegistry: 	at android.os.ServiceManager.getServiceOrThrow(ServiceManager.java:176)
09-10 09:42:53.011 29598 29684 E SystemServiceRegistry: 	at android.app.SystemServiceRegistry$25.createService(SystemServiceRegistry.java:621)
09-10 09:42:53.011 29598 29684 E SystemServiceRegistry: 	at android.app.SystemServiceRegistry$25.createService(SystemServiceRegistry.java:618)
09-10 09:42:53.011 29598 29684 E SystemServiceRegistry: 	at android.app.SystemServiceRegistry$CachedServiceFetcher.getService(SystemServiceRegistry.java:2784)
09-10 09:42:53.011 29598 29684 E SystemServiceRegistry: 	at android.app.SystemServiceRegistry.getSystemService(SystemServiceRegistry.java:2297)
09-10 09:42:53.011 29598 29684 E SystemServiceRegistry: 	at android.app.ContextImpl.getSystemService(ContextImpl.java:2450)
09-10 09:42:53.011 29598 29684 E SystemServiceRegistry: 	at android.content.Context.getSystemService(Context.java:4916)
09-10 09:42:53.011 29598 29684 E SystemServiceRegistry: 	at com.android.server.am.ActivityManagerService.addErrorToDropBox(go/retraceme 56cb9c0977ae9f67603f451f002522c463042b44293aaef01295dafee5e0332e:24)
09-10 09:42:53.011 29598 29684 E SystemServiceRegistry: 	at com.android.server.am.ActivityManagerService.handleApplicationWtfInner(go/retraceme 56cb9c0977ae9f67603f451f002522c463042b44293aaef01295dafee5e0332e:112)
09-10 09:42:53.011 29598 29684 E SystemServiceRegistry: 	at com.android.server.am.ActivityManagerService$12.run(go/retraceme 56cb9c0977ae9f67603f451f002522c463042b44293aaef01295dafee5e0332e:12)
09-10 09:42:53.011 29598 29684 E SystemServiceRegistry: 	at android.os.Handler.handleCallback(Handler.java:1095)
09-10 09:42:53.011 29598 29684 E SystemServiceRegistry: 	at android.os.Handler.dispatchMessageImpl(Handler.java:135)
09-10 09:42:53.011 29598 29684 E SystemServiceRegistry: 	at android.os.Handler.dispatchMessage(Handler.java:125)
09-10 09:42:53.011 29598 29684 E SystemServiceRegistry: 	at android.os.Looper.loopOnce(Looper.java:296)
09-10 09:42:53.011 29598 29684 E SystemServiceRegistry: 	at android.os.Looper.loop(Looper.java:397)
09-10 09:42:53.011 29598 29684 E SystemServiceRegistry: 	at android.os.HandlerThread.run(HandlerThread.java:139)
09-10 09:42:53.011 29598 29684 E SystemServiceRegistry: 	at com.android.server.ServiceThread.run(ServiceThread.java:46)
09-10 09:42:53.013 29598 29684 E SystemServiceRegistry: No service published for: dropbox
09-10 09:42:53.013 29598 29684 E SystemServiceRegistry: android.os.ServiceManager$ServiceNotFoundException: No service published for: dropbox
09-10 09:42:53.013 29598 29684 E SystemServiceRegistry: 	at android.os.ServiceManager.getServiceOrThrow(ServiceManager.java:176)
09-10 09:42:53.013 29598 29684 E SystemServiceRegistry: 	at android.app.SystemServiceRegistry$25.createService(SystemServiceRegistry.java:621)
09-10 09:42:53.013 29598 29684 E SystemServiceRegistry: 	at android.app.SystemServiceRegistry$25.createService(SystemServiceRegistry.java:618)
09-10 09:42:53.013 29598 29684 E SystemServiceRegistry: 	at android.app.SystemServiceRegistry$CachedServiceFetcher.getService(SystemServiceRegistry.java:2784)
09-10 09:42:53.013 29598 29684 E SystemServiceRegistry: 	at android.app.SystemServiceRegistry.getSystemService(SystemServiceRegistry.java:2297)
09-10 09:42:53.013 29598 29684 E SystemServiceRegistry: 	at android.app.ContextImpl.getSystemService(ContextImpl.java:2450)
09-10 09:42:53.013 29598 29684 E SystemServiceRegistry: 	at android.content.Context.getSystemService(Context.java:4916)
09-10 09:42:53.013 29598 29684 E SystemServiceRegistry: 	at com.android.server.am.ActivityManagerService.addErrorToDropBox(go/retraceme 56cb9c0977ae9f67603f451f002522c463042b44293aaef01295dafee5e0332e:24)
09-10 09:42:53.013 29598 29684 E SystemServiceRegistry: 	at com.android.server.am.ActivityManagerService.handleApplicationWtfInner(go/retraceme 56cb9c0977ae9f67603f451f002522c463042b44293aaef01295dafee5e0332e:112)
09-10 09:42:53.013 29598 29684 E SystemServiceRegistry: 	at com.android.server.am.ActivityManagerService$12.run(go/retraceme 56cb9c0977ae9f67603f451f002522c463042b44293aaef01295dafee5e0332e:12)
09-10 09:42:53.013 29598 29684 E SystemServiceRegistry: 	at android.os.Handler.handleCallback(Handler.java:1095)
09-10 09:42:53.013 29598 29684 E SystemServiceRegistry: 	at android.os.Handler.dispatchMessageImpl(Handler.java:135)
09-10 09:42:53.013 29598 29684 E SystemServiceRegistry: 	at android.os.Handler.dispatchMessage(Handler.java:125)
09-10 09:42:53.013 29598 29684 E SystemServiceRegistry: 	at android.os.Looper.loopOnce(Looper.java:296)
09-10 09:42:53.013 29598 29684 E SystemServiceRegistry: 	at android.os.Looper.loop(Looper.java:397)
09-10 09:42:53.013 29598 29684 E SystemServiceRegistry: 	at android.os.HandlerThread.run(HandlerThread.java:139)
09-10 09:42:53.013 29598 29684 E SystemServiceRegistry: 	at com.android.server.ServiceThread.run(ServiceThread.java:46)
09-10 09:42:53.015 29598 29598 D ActivityManager: Freezer timeout set to 5000
09-10 09:42:53.015 29598 29598 D ActivityManager: Freezer exemption set to false
09-10 09:42:53.016 29598 29684 E SystemServiceRegistry: No service published for: dropbox
09-10 09:42:53.016 29598 29684 E SystemServiceRegistry: android.os.ServiceManager$ServiceNotFoundException: No service published for: dropbox
09-10 09:42:53.016 29598 29684 E SystemServiceRegistry: 	at android.os.ServiceManager.getServiceOrThrow(ServiceManager.java:176)
09-10 09:42:53.016 29598 29684 E SystemServiceRegistry: 	at android.app.SystemServiceRegistry$25.createService(SystemServiceRegistry.java:621)
09-10 09:42:53.016 29598 29684 E SystemServiceRegistry: 	at android.app.SystemServiceRegistry$25.createService(SystemServiceRegistry.java:618)
09-10 09:42:53.016 29598 29684 E SystemServiceRegistry: 	at android.app.SystemServiceRegistry$CachedServiceFetcher.getService(SystemServiceRegistry.java:2784)
09-10 09:42:53.016 29598 29684 E SystemServiceRegistry: 	at android.app.SystemServiceRegistry.getSystemService(SystemServiceRegistry.java:2297)
09-10 09:42:53.016 29598 29684 E SystemServiceRegistry: 	at android.app.ContextImpl.getSystemService(ContextImpl.java:2450)
09-10 09:42:53.016 29598 29684 E SystemServiceRegistry: 	at android.content.Context.getSystemService(Context.java:4916)
09-10 09:42:53.016 29598 29684 E SystemServiceRegistry: 	at com.android.server.am.ActivityManagerService.addErrorToDropBox(go/retraceme 56cb9c0977ae9f67603f451f002522c463042b44293aaef01295dafee5e0332e:24)
09-10 09:42:53.016 29598 29684 E SystemServiceRegistry: 	at com.android.server.am.ActivityManagerService.handleApplicationWtfInner(go/retraceme 56cb9c0977ae9f67603f451f002522c463042b44293aaef01295dafee5e0332e:112)
09-10 09:42:53.016 29598 29684 E SystemServiceRegistry: 	at com.android.server.am.ActivityManagerService$12.run(go/retraceme 56cb9c0977ae9f67603f451f002522c463042b44293aaef01295dafee5e0332e:12)
09-10 09:42:53.016 29598 29684 E SystemServiceRegistry: 	at android.os.Handler.handleCallback(Handler.java:1095)
09-10 09:42:53.016 29598 29684 E SystemServiceRegistry: 	at android.os.Handler.dispatchMessageImpl(Handler.java:135)
09-10 09:42:53.016 29598 29684 E SystemServiceRegistry: 	at android.os.Handler.dispatchMessage(Handler.java:125)
09-10 09:42:53.016 29598 29684 E SystemServiceRegistry: 	at android.os.Looper.loopOnce(Looper.java:296)
09-10 09:42:53.016 29598 29684 E SystemServiceRegistry: 	at android.os.Looper.loop(Looper.java:397)
09-10 09:42:53.016 29598 29684 E SystemServiceRegistry: 	at android.os.HandlerThread.run(HandlerThread.java:139)
09-10 09:42:53.016 29598 29684 E SystemServiceRegistry: 	at com.android.server.ServiceThread.run(ServiceThread.java:46)
09-10 09:42:53.016 29598 29598 I SystemServiceManager: Starting com.android.server.deviceconfig.DeviceConfigInit$Lifecycle
09-10 09:42:53.018 29598 29684 E SystemServiceRegistry: No service published for: dropbox
09-10 09:42:53.018 29598 29684 E SystemServiceRegistry: android.os.ServiceManager$ServiceNotFoundException: No service published for: dropbox
09-10 09:42:53.018 29598 29684 E SystemServiceRegistry: 	at android.os.ServiceManager.getServiceOrThrow(ServiceManager.java:176)
09-10 09:42:53.018 29598 29684 E SystemServiceRegistry: 	at android.app.SystemServiceRegistry$25.createService(SystemServiceRegistry.java:621)
09-10 09:42:53.018 29598 29684 E SystemServiceRegistry: 	at android.app.SystemServiceRegistry$25.createService(SystemServiceRegistry.java:618)
09-10 09:42:53.018 29598 29684 E SystemServiceRegistry: 	at android.app.SystemServiceRegistry$CachedServiceFetcher.getService(SystemServiceRegistry.java:2784)
09-10 09:42:53.018 29598 29684 E SystemServiceRegistry: 	at android.app.SystemServiceRegistry.getSystemService(SystemServiceRegistry.java:2297)
09-10 09:42:53.018 29598 29684 E SystemServiceRegistry: 	at android.app.ContextImpl.getSystemService(ContextImpl.java:2450)
09-10 09:42:53.018 29598 29684 E SystemServiceRegistry: 	at android.content.Context.getSystemService(Context.java:4916)
09-10 09:42:53.018 29598 29684 E SystemServiceRegistry: 	at com.android.server.am.ActivityManagerService.addErrorToDropBox(go/retraceme 56cb9c0977ae9f67603f451f002522c463042b44293aaef01295dafee5e0332e:24)
09-10 09:42:53.018 29598 29684 E SystemServiceRegistry: 	at com.android.server.am.ActivityManagerService.handleApplicationWtfInner(go/retraceme 56cb9c0977ae9f67603f451f002522c463042b44293aaef01295dafee5e0332e:112)
09-10 09:42:53.018 29598 29684 E SystemServiceRegistry: 	at com.android.server.am.ActivityManagerService$12.run(go/retraceme 56cb9c0977ae9f67603f451f002522c463042b44293aaef01295dafee5e0332e:12)
09-10 09:42:53.018 29598 29684 E SystemServiceRegistry: 	at android.os.Handler.handleCallback(Handler.java:1095)
09-10 09:42:53.018 29598 29684 E SystemServiceRegistry: 	at android.os.Handler.dispatchMessageImpl(Handler.java:135)
09-10 09:42:53.018 29598 29684 E SystemServiceRegistry: 	at android.os.Handler.dispatchMessage(Handler.java:125)
09-10 09:42:53.018 29598 29684 E SystemServiceRegistry: 	at android.os.Looper.loopOnce(Looper.java:296)
09-10 09:42:53.018 29598 29684 E SystemServiceRegistry: 	at android.os.Looper.loop(Looper.java:397)
09-10 09:42:53.018 29598 29684 E SystemServiceRegistry: 	at android.os.HandlerThread.run(HandlerThread.java:139)
09-10 09:42:53.018 29598 29684 E SystemServiceRegistry: 	at com.android.server.ServiceThread.run(ServiceThread.java:46)
09-10 09:42:53.018 29598 29598 I DeviceConfig: Bootstrap values not found
09-10 09:42:53.019 29598 29598 D SystemServerTiming: StartDropBoxManager
09-10 09:42:53.019 29598 29598 I SystemServiceManager: Starting com.android.server.DropBoxManagerService
09-10 09:42:53.019 29598 29684 D ActivityManager: Freezer enabled
09-10 09:42:53.019 29598 29684 D ActivityManager: freezer override set to false
09-10 09:42:53.021 29598 29598 D SystemServerTiming: StartEnhancedConfirmationService
09-10 09:42:53.022 29598 29598 I SystemServiceManager: Starting com.android.ecm.EnhancedConfirmationService
09-10 09:42:53.039 29598 29598 D SystemServerTiming: StartHintManager
09-10 09:42:53.039 29598 29598 I SystemServiceManager: Starting com.android.server.power.hint.HintManagerService
09-10 09:42:53.048 29598 29598 D SystemServerTiming: StartAllowlistService
09-10 09:42:53.048 29598 29598 I SystemServiceManager: Starting com.android.server.allowlist.AllowlistService
09-10 09:42:53.049  1638  1642 I pixel-thermal: audio-therm:42.153 raw data: audio-therm:42153 
09-10 09:42:53.049   397   419 E pixelstats-uevent: Unable to read  - No such file or directory
09-10 09:42:53.051  1638  1642 I pixel-thermal: sdm-skin-therm:43.124 raw data: sdm-skin-therm:43124 
09-10 09:42:53.052 29598 29598 D SystemServerTiming: StartRoleManagerService
09-10 09:42:53.054 29598 29598 I SystemServiceManager: Starting com.android.role.RoleService
09-10 09:42:53.058  1419  1419 E BatteryDefender: Failed to read /sys/devices/platform/google,charger/bd_state
09-10 09:42:53.063 29598 29598 D SystemServerTiming: StartSupervisionService
09-10 09:42:53.064 29598 29598 I SystemServiceManager: Starting com.android.server.supervision.SupervisionService$Lifecycle
09-10 09:42:53.067 29598 29598 D SupervisionService: Restoring supervision state
09-10 09:42:53.069  1419  1419 E BatteryDefender: Failed to read /sys/devices/platform/google,charger/bd_state
09-10 09:42:53.072 29598 29598 D SupervisionService: Retrieving recovery info
09-10 09:42:53.072 29598 29598 D SupervisionService: Recovery info file does not exist
09-10 09:42:53.076 29598 29598 D SystemServerTiming: StartVibratorManagerService
09-10 09:42:53.077 29598 29598 I SystemServiceManager: Starting com.android.server.vibrator.VibratorManagerService$Lifecycle
09-10 09:42:53.089 29598 29598 V VintfHalVibratorManager: Loading default IVibrator service.
09-10 09:42:53.090 29598 29598 E VibratorInfo: Invalid frequency profile received from HAL. resonantFrequencyHz=NaN, frequenciesHz=null, outputAccelerationsGs=null
09-10 09:42:53.091 29598 29598 D VibratorManagerService: nativeNewInit
09-10 09:42:53.094 29598 29598 E VibratorManagerService: nativeNewInit: vibrator manager HAL not available
09-10 09:42:53.099 29598 29598 D VibratorManagerService: nativeGetFinalizer
09-10 09:42:53.126 29598 29598 D SystemServerTiming: StartDynamicSystemService
09-10 09:42:53.128 29598 29598 D SystemServerTiming: StartAlarmManagerService
09-10 09:42:53.128 29598 29598 I SystemServiceManager: Starting com.android.server.alarm.AlarmManagerService
09-10 09:42:53.132 29598 29598 D nativeloader: Load /system/lib/libalarm_jni.so using ns default for caller /system/framework/services.jar in same partition (is_bridged=0): ok
09-10 09:42:53.134   397   419 E pixelstats-uevent: Unable to read  - No such file or directory
09-10 09:42:53.135   397   419 E pixelstats-uevent: Unable to read  - No such file or directory
09-10 09:42:53.137   397   419 E pixelstats-uevent: Unable to read  - No such file or directory
09-10 09:42:53.138   397   419 E pixelstats-uevent: Unable to read  - No such file or directory
09-10 09:42:53.140   397   419 E pixelstats-uevent: Unable to read  - No such file or directory
09-10 09:42:53.141   397   419 E pixelstats-uevent: Unable to read  - No such file or directory
09-10 09:42:53.142   397   419 E pixelstats-uevent: Unable to read  - No such file or directory
09-10 09:42:53.150 29598 29598 D SystemServerTiming: StartInputManagerService
09-10 09:42:53.151 29598 29598 I SystemServiceManager: Starting com.android.server.input.InputManagerService$Lifecycle
09-10 09:42:53.156 29598 29598 D Minikin : android_logger: android_logger: log::set_logger failed: attempted to set a logger after the logging system was already initialized
09-10 09:42:53.158 29598 29598 E system_server: Class descriptors 'com.android.server.inputflinger.IInputFlingerRust' match during associateClass, but they are different class objects (0xe96b3200 vs 0xe96b3140). Class descriptor collision?
09-10 09:42:53.158 29598 29598 W libbinder.Binder: Binder 0xe9c77b7c destroyed after setInheritRt before being parceled.
09-10 09:42:53.162 29598 29598 E system_server: Class descriptors 'com.android.server.inputflinger.IInputFilter' match during associateClass, but they are different class objects (0xe96b31c0 vs 0xe96b3300). Class descriptor collision?
09-10 09:42:53.168   397   419 E pixelstats-uevent: Unable to read  - No such file or directory
09-10 09:42:53.168   397   419 E pixelstats-uevent: Unable to read  - No such file or directory
09-10 09:42:53.170   397   419 E pixelstats-uevent: Unable to read  - No such file or directory
09-10 09:42:53.185 29598 29598 I InputManager: Initializing input manager, mUseDevInputEventForAudioJack=true
09-10 09:42:53.189 29598 29598 D SystemServerTiming: DeviceStateManagerService
09-10 09:42:53.189 29598 29598 I SystemServiceManager: Starting com.android.server.devicestate.DeviceStateManagerService
09-10 09:42:53.193 29598 29598 W SensorService: Failed to linkToDeath for listener (pid=29598, uid=1000), error=-38. Aborting registration.
09-10 09:42:53.198 29598 29598 E DeviceStateManagerService: Cannot notify device state info change before the initial state has been committed.
09-10 09:42:53.199 29598 29598 I DeviceStateManagerService: Cannot notify device state info change when pending state is present.
09-10 09:42:53.207 29598 29598 D SystemServerTiming: StartWindowManagerService
09-10 09:42:53.207 29598 29598 I SystemServiceManager: Starting phase 200
09-10 09:42:53.207 29598 29598 D SystemServerTiming: OnBootPhase_200
09-10 09:42:53.207 29598 29598 D SystemServerTiming: OnBootPhase_200_com.android.server.security.FileIntegrityService
09-10 09:42:53.207 29598 29598 D SystemServerTiming: OnBootPhase_200_com.android.server.pm.Installer
09-10 09:42:53.207 29598 29598 D SystemServerTiming: OnBootPhase_200_com.android.server.os.DeviceIdentifiersPolicyService
09-10 09:42:53.207 29598 29598 D SystemServerTiming: OnBootPhase_200_com.android.server.flags.FeatureFlagsService
09-10 09:42:53.207 29598 29598 D SystemServerTiming: OnBootPhase_200_com.android.server.uri.UriGrantsManagerService$Lifecycle
09-10 09:42:53.207 29598 29598 D SystemServerTiming: OnBootPhase_200_com.android.server.powerstats.PowerStatsService
09-10 09:42:53.207 29598 29598 D SystemServerTiming: OnBootPhase_200_com.android.server.permission.access.AccessCheckingService
09-10 09:42:53.208 29598 29598 D SystemServerTiming: OnBootPhase_200_com.android.server.wm.ActivityTaskManagerService$Lifecycle
09-10 09:42:53.208 29598 29598 D SystemServerTiming: OnBootPhase_200_com.android.server.am.ActivityManagerService$Lifecycle
09-10 09:42:53.208 29598 29598 D SystemServerTiming: OnBootPhase_200_com.android.server.pm.DataLoaderManagerService
09-10 09:42:53.208 29598 29598 D SystemServerTiming: OnBootPhase_200_com.android.server.power.PowerManagerService
09-10 09:42:53.208 29598 29598 D SystemServerTiming: OnBootPhase_200_com.android.server.power.thermal.ThermalManagerService
09-10 09:42:53.208 29598 29598 D SystemServerTiming: OnBootPhase_200_com.android.server.recoverysystem.RecoverySystemService$Lifecycle
09-10 09:42:53.208 29598 29598 D SystemServerTiming: OnBootPhase_200_com.android.server.lights.LightsService
09-10 09:42:53.208 29598 29598 D SystemServerTiming: OnBootPhase_200_com.android.clockwork.displayoffload.DisplayOffloadService
09-10 09:42:53.208 29598 29598 D SystemServerTiming: OnBootPhase_200_com.android.server.display.DisplayManagerService
09-10 09:42:53.208 29598 29598 D SystemServerTiming: OnBootPhase_200_com.android.server.pm.verify.domain.DomainVerificationService
09-10 09:42:53.208 29598 29598 D SystemServerTiming: OnBootPhase_200_com.android.server.pm.PackageInstallerService$Lifecycle
09-10 09:42:53.208 29598 29598 D SystemServerTiming: OnBootPhase_200_com.android.server.pm.UserManagerService$LifeCycle
09-10 09:42:53.209 29598 29598 D SystemServerTiming: OnBootPhase_200_com.android.server.om.OverlayManagerService
09-10 09:42:53.209 29598 29598 D SystemServerTiming: OnBootPhase_200_com.android.server.resources.ResourcesManagerService
09-10 09:42:53.209 29598 29598 D SystemServerTiming: OnBootPhase_200_com.android.server.sensorprivacy.SensorPrivacyService
09-10 09:42:53.209 29598 29598 D SystemServerTiming: OnBootPhase_200_com.android.server.sensors.SensorService
09-10 09:42:53.209 29598 29598 D SystemServerTiming: OnBootPhase_200_com.android.server.SystemConfigService
09-10 09:42:53.209 29598 29598 D SystemServerTiming: OnBootPhase_200_com.android.server.BatteryService
09-10 09:42:53.209 29598 29598 D SystemServerTiming: OnBootPhase_200_com.android.server.usage.UsageStatsService
09-10 09:42:53.209 29598 29598 D SystemServerTiming: OnBootPhase_200_com.android.server.CachedDeviceStateService
09-10 09:42:53.209 29598 29598 D SystemServerTiming: OnBootPhase_200_com.android.server.BinderCallsStatsService$LifeCycle
09-10 09:42:53.209 29598 29598 D SystemServerTiming: OnBootPhase_200_com.android.server.LooperStatsService$Lifecycle
09-10 09:42:53.209 29598 29598 D SystemServerTiming: OnBootPhase_200_com.android.server.rollback.RollbackManagerService
09-10 09:42:53.209 29598 29598 D SystemServerTiming: OnBootPhase_200_com.android.server.os.NativeTombstoneManagerService
09-10 09:42:53.209 29598 29598 D SystemServerTiming: OnBootPhase_200_com.android.server.os.BugreportManagerService
09-10 09:42:53.209 29598 29598 D SystemServerTiming: OnBootPhase_200_com.android.server.gpu.GpuService
09-10 09:42:53.209 29598 29598 D SystemServerTiming: OnBootPhase_200_com.android.server.security.rkp.RemoteProvisioningService
09-10 09:42:53.209 29598 29598 D SystemServerTiming: OnBootPhase_200_com.android.server.security.KeyChainSystemService
09-10 09:42:53.209 29598 29598 D SystemServerTiming: OnBootPhase_200_com.android.server.BinaryTransparencyService
09-10 09:42:53.209 29598 29598 D SystemServerTiming: OnBootPhase_200_com.android.server.telecom.TelecomLoaderService
09-10 09:42:53.209 29598 29598 D SystemServerTiming: OnBootPhase_200_com.android.server.accounts.AccountManagerService$Lifecycle
09-10 09:42:53.209 29598 29598 D SystemServerTiming: OnBootPhase_200_com.android.server.content.ContentService$Lifecycle
09-10 09:42:53.209 29598 29598 D SystemServerTiming: OnBootPhase_200_com.android.server.deviceconfig.DeviceConfigInit$Lifecycle
09-10 09:42:53.209 29598 29598 D SystemServerTiming: OnBootPhase_200_com.android.server.DropBoxManagerService
09-10 09:42:53.209 29598 29598 D SystemServerTiming: OnBootPhase_200_com.android.ecm.EnhancedConfirmationService
09-10 09:42:53.209 29598 29598 D SystemServerTiming: OnBootPhase_200_com.android.server.power.hint.HintManagerService
09-10 09:42:53.209 29598 29598 D SystemServerTiming: OnBootPhase_200_com.android.server.allowlist.AllowlistService
09-10 09:42:53.209 29598 29598 D SystemServerTiming: OnBootPhase_200_com.android.role.RoleService
09-10 09:42:53.209 29598 29598 D SystemServerTiming: OnBootPhase_200_com.android.server.supervision.SupervisionService$Lifecycle
09-10 09:42:53.209 29598 29598 D SystemServerTiming: OnBootPhase_200_com.android.server.vibrator.VibratorManagerService$Lifecycle
09-10 09:42:53.209 29598 29598 D SystemServerTiming: OnBootPhase_200_com.android.server.alarm.AlarmManagerService
09-10 09:42:53.209 29598 29598 D SystemServerTiming: OnBootPhase_200_com.android.server.input.InputManagerService$Lifecycle
09-10 09:42:53.209 29598 29598 D SystemServerTiming: OnBootPhase_200_com.android.server.devicestate.DeviceStateManagerService
09-10 09:42:53.213 29598 29598 D DesktopModeFlags: Toggle override initialized to: OVERRIDE_UNSET
09-10 09:42:53.220 29598 29598 I WindowManager: No existing base display settings at AtomicFileStorage[/vendor/etc/display_settings.xml], starting empty
09-10 09:42:53.224 29468 29503 D Diag_Lib: diag: Diag_LSM_Init: invoked for pid: 29468 with init_count: 0
09-10 09:42:53.224 29468 29503 D Diag_Lib: diag:failed to connect to diag socket
09-10 09:42:53.224 29468 29503 D Diag_Lib:  Diag_LSM_Init: Failed to open handle to diag driver, error = 111
09-10 09:42:53.224 29468 29503 I ATS     : vendor/qcom/sw5100-lw4/proprietary-audio/args/acdb/ats/transports/diag/linux/actp/src/actp.c:actp_diag_init:105 Error[1]: Failed to initialize DIAG
09-10 09:42:53.225 29468 29503 E ATS     : vendor/qcom/sw5100-lw4/proprietary-audio/args/acdb/ats/src/ats.c:ats_init:143 Error[1]: Failed to initialize Diag
09-10 09:42:53.225 29468 29503 E ATS     : vendor/qcom/sw5100-lw4/proprietary-audio/args/acdb/ats/src/ats.c:ats_init:263 Error[1]: Failed to initialize ATS
09-10 09:42:53.225 29468 29503 E AGM: API: ats_init_thread: 64 ats_init failed retry 31 err 1
09-10 09:42:53.240 29598 29630 I WindowTracingDataSource: Registered with perfetto service
09-10 09:42:53.242 29598 29630 W PowerManagerService: Battery saver is not supported, no low power mode observer registered
09-10 09:42:53.252 29598 29630 V DisplayManagerService: FrozenStateChangeCallback not supported for pid 29598
09-10 09:42:53.269 29598 29598 D SystemServerTiming: SetWindowManagerService
09-10 09:42:53.278 29598 29598 W system_server: Monitor::Inflate: Install failed 0xd51ff000
09-10 09:42:53.322 29598 29598 D InsetsController: Setting requestedVisibleTypes to 240 (was 503)
09-10 09:42:53.330 29598 29598 D SystemServerTiming: WindowManagerServiceOnInitReady
09-10 09:42:53.330 29598 29628 D WindowManager: DeferredDisplayUpdater: applying DisplayInfo(384 x 384) immediately
09-10 09:42:53.359 29598 29598 D SystemServerTiming: StartInputManager
09-10 09:42:53.359 29598 29740 D SystemServerTimingAsync: InitThreadPoolExec:StartISensorManagerService
09-10 09:42:53.359 29598 29740 D SystemServerTimingAsync: StartISensorManagerService
09-10 09:42:53.359 29598 29598 I InputManager: Starting input manager
09-10 09:42:53.359 29598 29598 D system_server: Initializing ProtoLog
09-10 09:42:53.359 29598 29598 D ProtoLog: Initializing ProtoLog DataSource
09-10 09:42:53.359 29598 29751 D SystemServerTimingAsync: InitThreadPoolExec:StartHidlServices
09-10 09:42:53.360 29598 29751 D SystemServerTimingAsync: StartHidlServices
09-10 09:42:53.361 29598 29598 D SystemServerTiming: DisplayManagerWindowManagerAndInputReady
09-10 09:42:53.361 29598 29598 D DisplayManagerService: Sending topology graph to Input Manager: DisplayTopologyGraph{mPrimaryDisplayId=0}
09-10 09:42:53.361 29598 29598 D DisplayManagerService:   DisplayNode{displayId=0, density=320, bounds=RectF(0.0, 0.0, 192.0, 192.0)}
09-10 09:42:53.363 29598 29740 I HidlServiceManagement: Registered android.frameworks.sensorservice@1.0::ISensorManager/default
09-10 09:42:53.364 29598 29598 D SystemServerTiming: StartBluetoothService
09-10 09:42:53.367 29598 29598 I SystemServiceManager: Starting com.android.server.bluetooth.BluetoothService
09-10 09:42:53.382 29598 29598 D BluetoothSystemServer: BluetoothService: Booting now
09-10 09:42:53.383 29598 29762 W EventHub: Unable to disable kernel key repeat for /dev/input/event7: Function not implemented
09-10 09:42:53.383 29598 29762 I EventHub: usingClockIoctl=true
09-10 09:42:53.383 29598 29762 I EventHub: New device: id=1, fd=256, path='/dev/input/event7', name='NVTCapacitiveTouchScreen', classes=KEYBOARD | TOUCH | TOUCH_MT, configuration='/vendor/usr/idc/NVTCapacitiveTouchScreen.idc', keyLayout='/vendor/usr/keylayout/NVTCapacitiveTouchScreen.kl', keyCharacterMap='/system/usr/keychars/Generic.kcm', builtinKeyboard=false, 
09-10 09:42:53.383 29598 29598 I BluetoothSystemServer: BluetoothComponent: Successfully found Bluetooth component: ComponentInfo{com.google.android.bluetooth/com.android.bluetooth.btservice.AdapterService}
09-10 09:42:53.384   397   419 E pixelstats-uevent: Unable to read  - No such file or directory
09-10 09:42:53.395 29598 29765 I BluetoothSystemServer: BluetoothHciInstance: Service manager declared bluetooth hci instances: []
09-10 09:42:53.404 29598 29765 I BluetoothSystemServer: BleScanSettingListener: Settings not found. Default to false
09-10 09:42:53.405 29598 29762 I EventHub: usingClockIoctl=true
09-10 09:42:53.405 29598 29762 I EventHub: New device: id=2, fd=261, path='/dev/input/event6', name='petc_pixart_pat9xxx', classes=ROTARY_ENCODER, configuration='/odm/usr/idc/petc_pixart_pat9xxx.idc', keyLayout='', keyCharacterMap='', builtinKeyboard=false, 
09-10 09:42:53.405   397   419 E pixelstats-uevent: Unable to read  - No such file or directory
09-10 09:42:53.407 29598 29762 D EventHub: No input device configuration file found for device 'petc_qpnp_pon'.
09-10 09:42:53.407 29598 29765 I BluetoothSystemServer: BluetoothManagerService: BluetoothManagerService Start with: Name=Google Pixel Watch 2 Address=XX:XX:XX:XX:B1:B1 HciInstance=default BluetoothAllowed=false PersistentState=1 EnableExternal=true AutoOnEnabled=false
09-10 09:42:53.410 29598 29765 I BluetoothSystemServer: AirplaneModeListener: Initialized successfully with state: false
09-10 09:42:53.411 29598 29765 D BluetoothSystemServer: BluetoothRadioModeListener: Not sensitive to satellite_mode_radios change. Forced to false
09-10 09:42:53.411 29598 29765 I BluetoothSystemServer: SatelliteModeListener: Initialized successfully with state: false
09-10 09:42:53.411 29598 29765 I BluetoothSystemServer: BluetoothSupervisorLegacy: Created BluetoothSupervisorLegacy
09-10 09:42:53.413 29598 29762 W EventHub: Unable to disable kernel key repeat for /dev/input/event5: Function not implemented
09-10 09:42:53.413 29598 29762 I EventHub: usingClockIoctl=true
09-10 09:42:53.413 29598 29762 I EventHub: New device: id=3, fd=262, path='/dev/input/event5', name='petc_qpnp_pon', classes=KEYBOARD, configuration='', keyLayout='/odm/usr/keylayout/petc_qpnp_pon.kl', keyCharacterMap='/system/usr/keychars/Generic.kcm', builtinKeyboard=false, 
09-10 09:42:53.413   397   419 E pixelstats-uevent: Unable to read  - No such file or directory
09-10 09:42:53.413 29598 29598 W BluetoothSystemServer: PermissionChecker: Unable to resolve SystemUI's UID.
09-10 09:42:53.415 29598 29598 D SystemServerTiming: IpConnectivityMetrics
09-10 09:42:53.415 29598 29598 I SystemServiceManager: Starting com.android.server.connectivity.IpConnectivityMetrics
09-10 09:42:53.417 29598 29598 D SystemServerTiming: NetworkWatchlistService
09-10 09:42:53.417 29598 29598 I SystemServiceManager: Starting com.android.server.net.watchlist.NetworkWatchlistService$Lifecycle
09-10 09:42:53.422 29598 29762 W EventHub: Unable to disable kernel key repeat for /dev/input/event4: Function not implemented
09-10 09:42:53.422 29598 29762 I EventHub: usingClockIoctl=true
09-10 09:42:53.422 29598 29762 I EventHub: New device: id=4, fd=263, path='/dev/input/event4', name='petc', classes=KEYBOARD, configuration='/odm/usr/idc/petc.idc', keyLayout='/odm/usr/keylayout/petc.kl', keyCharacterMap='/system/usr/keychars/Generic.kcm', builtinKeyboard=false, 
09-10 09:42:53.422 29598 29762 I EventHub: ignoring event id /dev/input/event3 driver pixart_pat9xxx
09-10 09:42:53.422   397   419 E pixelstats-uevent: Unable to read  - No such file or directory
09-10 09:42:53.423 29598 29762 D EventHub: No input device configuration file found for device 'cs40l26_input'.
09-10 09:42:53.425 29598 29598 I WatchlistSettings: Reload watchlist settings done
09-10 09:42:53.425 29598 29762 D EventHub: No input device configuration file found for device 'gpio-keys'.
09-10 09:42:53.426 29598 29766 I WatchlistLoggingHandler: No need to aggregate record yet.
09-10 09:42:53.426 29598 29766 I WatchlistLoggingHandler: Milliseconds spent on tryAggregateRecords(): 1
09-10 09:42:53.426 29598 29598 D SystemServerTiming: PinnerService
09-10 09:42:53.427 29598 29598 I SystemServiceManager: Starting com.android.server.pinner.PinnerService
09-10 09:42:53.432 29598 29598 D SystemServerTiming: SignedConfigService
09-10 09:42:53.433 29598 29598 D SystemServerTiming: AppIntegrityService
09-10 09:42:53.433 29598 29598 I SystemServiceManager: Starting com.android.server.integrity.AppIntegrityManagerService
09-10 09:42:53.435 29598 29598 D SystemServerTiming: StartLogcatManager
09-10 09:42:53.435 29598 29598 I SystemServiceManager: Starting com.android.server.logcat.LogcatManagerService
09-10 09:42:53.436 29598 29762 W EventHub: Unable to disable kernel key repeat for /dev/input/event0: Function not implemented
09-10 09:42:53.437 29598 29762 I EventHub: usingClockIoctl=true
09-10 09:42:53.437 29598 29762 I EventHub: New device: id=6, fd=267, path='/dev/input/event0', name='gpio-keys', classes=KEYBOARD, configuration='', keyLayout='/system/usr/keylayout/Generic.kl', keyCharacterMap='/system/usr/keychars/Generic.kcm', builtinKeyboard=false, 
09-10 09:42:53.437   397   419 E pixelstats-uevent: Unable to read  - No such file or directory
09-10 09:42:53.437 29598 29762 D EventHub: No input device configuration file found for device 'qpnp_pon'.
09-10 09:42:53.438 29598 29598 D SystemServerTiming: StartAppFunctionManager
09-10 09:42:53.439 29598 29598 I SystemServiceManager: Starting com.android.server.appfunctions.AppFunctionManagerService
09-10 09:42:53.440 29598 29598 W system_server: Monitor::Inflate: Install failed 0x736bde60
09-10 09:42:53.450 29598 29598 D SystemServerTiming: StartPccSandboxManagerService
09-10 09:42:53.450 29598 29598 I SystemServiceManager: Starting com.android.server.privatecompute.PccSandboxManagerService
09-10 09:42:53.471 29598 29762 W EventHub: Unable to disable kernel key repeat for /dev/input/event1: Function not implemented
09-10 09:42:53.471 29598 29762 I EventHub: usingClockIoctl=true
09-10 09:42:53.471 29598 29762 I EventHub: New device: id=7, fd=266, path='/dev/input/event1', name='qpnp_pon', classes=KEYBOARD, configuration='', keyLayout='/system/usr/keylayout/Generic.kl', keyCharacterMap='/system/usr/keychars/Generic.kcm', builtinKeyboard=false, 
09-10 09:42:53.473 29598 29767 D PccSandboxManagerInternal: Trusted PCC Packages: {com.android.providers.telephony, com.android.providers.calendar, com.google.android.wearable.sysui, com.android.providers.downloads, com.google.android.providers.media.module, com.android.settings.intelligence, com.android.providers.settings, com.google.android.apps.wearable.systemui, com.android.providers.blockednumber, com.android.providers.contacts}
09-10 09:42:53.474   397   419 E pixelstats-uevent: Unable to read  - No such file or directory
09-10 09:42:53.491 29598 29767 D PccSandboxManagerInternal: Package com.google.android.wearable.assistant is not qualified for hotword detection and can't start a PCC Process
09-10 09:42:53.492 29598 29767 D PccSandboxManagerInternal: Updated allowed PCC Packages for user 0: {}
09-10 09:42:53.494 29598 29767 D PccSandboxManagerInternal: Populated PCC gateway app UIDs cache with UIDs: 2000,
09-10 09:42:53.497 29598 29762 I InputReader: Device added: id=-1, eventHubId=-1, name='Virtual', descriptor='a718a782d34bc767f4689c232d64d527998ea7fd',sources=KEYBOARD | DPAD
09-10 09:42:53.499 29598 29762 I InputReader: Device added: id=2, eventHubId=7, name='qpnp_pon', descriptor='fb60d4f4370f5dbe8267b63d38dea852987571ab',sources=KEYBOARD
09-10 09:42:53.501 29598 29762 I InputReader: Device added: id=3, eventHubId=6, name='gpio-keys', descriptor='485d69228e24f5e46da1598745890b214130dbc4',sources=KEYBOARD
09-10 09:42:53.502 29598 29762 I InputReader: Device added: id=4, eventHubId=4, name='petc', descriptor='710f0a726884a7f8c88918b0ec76443c3dce7853',sources=KEYBOARD
09-10 09:42:53.504 29598 29762 I InputReader: Device added: id=5, eventHubId=3, name='petc_qpnp_pon', descriptor='5a05bb0108c9aa1641310c062912b9ae00cbe189',sources=KEYBOARD
09-10 09:42:53.506 29598 29762 I InputReader: Device added: id=6, eventHubId=2, name='petc_pixart_pat9xxx', descriptor='558bcffc0faa9826130f5442565703891025d26f',sources=ROTARY_ENCODER
09-10 09:42:53.506 29598 29762 I InputReader: Rotary Encoder device configuration file didn't specify min log rotation.
09-10 09:42:53.510 29598 29762 I InputReader: Touch device 'NVTCapacitiveTouchScreen' could not query the properties of its associated display.  The device will be inoperable until the display size becomes available.
09-10 09:42:53.510 29598 29762 I InputReader: Touch device 'NVTCapacitiveTouchScreen' could not query the properties of its associated display.  The device will be inoperable until the display size becomes available.
09-10 09:42:53.511 29598 29762 I InputReader: Device added: id=7, eventHubId=1, name='NVTCapacitiveTouchScreen', descriptor='4d66f665abaf83d5d35852472ba90bd54ccd79ae',sources=KEYBOARD | TOUCHSCREEN
09-10 09:42:53.511 29598 29762 I InputReader: Rotary Encoder device configuration file didn't specify min log rotation.
09-10 09:42:53.563 29598 29598 I WindowManager: SAFE MODE not enabled
09-10 09:42:53.563 29598 29598 D SystemServerTiming: StartInputMethodManagerLifecycle
09-10 09:42:53.564 29598 29598 I SystemServiceManager: Starting com.android.server.inputmethod.InputMethodManagerService$Lifecycle
09-10 09:42:53.577 29598 29598 D InputMethodManagerService: Schedule initialization for users=[0]
09-10 09:42:53.578 29598 29770 D InputMethodManagerService: Start initialization for user=0
09-10 09:42:53.579 29598 29598 D SystemServerTiming: StartAccessibilityManagerService
09-10 09:42:53.580 29598 29598 I SystemServiceManager: Starting com.android.server.accessibility.AccessibilityManagerService$Lifecycle
09-10 09:42:53.605 29598 29770 D InputMethodManagerService: Complete initialization for user=0
09-10 09:42:53.607 29598 29598 D SystemServerTiming: MakeDisplayReady
09-10 09:42:53.612 29598 29598 I ActivityTaskManager: Config changes=20005df8 {1.0 ?mcc0mnc [en_US] ldltr sw192dp w192dp h192dp 320dpi smll round hdr port ?uimode ?night finger -keyb/v/h -nav/h winConfig={ mBounds=Rect(0, 0 - 384, 384) mAppBounds=Rect(0, 0 - 384, 384) mMaxBounds=Rect(0, 0 - 384, 384) mDisplayRotation=ROTATION_0 mWindowingMode=fullscreen mActivityType=undefined mAlwaysOnTop=undefined mRotation=ROTATION_0} s.2 ?fontWeightAdjustment}
09-10 09:42:53.617 29598 29598 I WindowManager: Override config changes=60007dfc {1.0 ?mcc0mnc [en_US] ldltr sw192dp w192dp h192dp 320dpi smll round hdr port ?uimode ?night finger -keyb/v/h -nav/h winConfig={ mBounds=Rect(0, 0 - 384, 384) mAppBounds=Rect(0, 0 - 384, 384) mMaxBounds=Rect(0, 0 - 384, 384) mDisplayRotation=ROTATION_0 mWindowingMode=fullscreen mActivityType=undefined mAlwaysOnTop=undefined mRotation=ROTATION_0} s.2 ?fontWeightAdjustment} for displayId=0
09-10 09:42:53.620 29598 29598 I DisplayDevice: [0] Layerstack set to 0 for local:4630946367249729921
09-10 09:42:53.622 29598 29598 D SystemServerTiming: StartStorageManagerService
09-10 09:42:53.622 29598 29598 I SystemServiceManager: Starting com.android.server.StorageManagerService$Lifecycle
09-10 09:42:53.622 29598 29628 D WindowManager: DeferredDisplayUpdater: applying DisplayInfo(384 x 384) immediately
09-10 09:42:53.626 29598 29630 I InputManager-JNI: Viewport [0] to add: local:4630946367249729921, isActive: false
09-10 09:42:53.629 29598 29762 I InputReader: Reconfiguring input devices, changes=DISPLAY_INFO
09-10 09:42:53.629 29598 29762 I InputReader: Device reconfigured: id=7, name='NVTCapacitiveTouchScreen', size 384x384, orientation Rotation0, mode DIRECT, display id 0
09-10 09:42:53.630 29598 29762 I InputReader: Rotary Encoder device configuration file didn't specify min log rotation.
09-10 09:42:53.631  1115  1115 D installd: Found quota mount /dev/block/dm-16 at /data
09-10 09:42:53.632  1115  1115 D installd: Found quota mount /dev/block/dm-16 at /data/user/0
09-10 09:42:53.632  1115  1115 D installd: Found quota mount /dev/block/dm-16 at /mnt/pass_through/0/emulated
09-10 09:42:53.649  1115  1115 D installd: Found storage mount /dev/block/dm-16 at /mnt/pass_through/0/emulated
09-10 09:42:53.650  1115  1115 D installd: Found storage mount  at /mnt/pass_through/0/emulated
09-10 09:42:53.664 29598 29775 D StorageManagerService: Thinking about reset, mBootCompleted=false, mDaemonConnected=true
09-10 09:42:53.664 29598 29598 D StorageManagerService: CE storage for users [0] is already unlocked
09-10 09:42:53.665 29598 29775 D StorageManagerService: Thinking about reset, mBootCompleted=false, mDaemonConnected=true
09-10 09:42:53.665 29598 29598 D SystemServerTiming: StartStorageStatsService
09-10 09:42:53.665 29598 29598 I SystemServiceManager: Starting com.android.server.usage.StorageStatsService$Lifecycle
09-10 09:42:53.670  1115  1115 D installd: Found quota mount /dev/block/dm-16 at /data
09-10 09:42:53.671  1115  1115 D installd: Found quota mount /dev/block/dm-16 at /data/user/0
09-10 09:42:53.671  1115  1115 D installd: Found quota mount /dev/block/dm-16 at /mnt/pass_through/0/emulated
09-10 09:42:53.685  1115  1115 D installd: Found storage mount /dev/block/dm-16 at /mnt/pass_through/0/emulated
09-10 09:42:53.685  1115  1115 D installd: Found storage mount  at /mnt/pass_through/0/emulated
09-10 09:42:53.689  1115  1115 D installd: Found quota mount /dev/block/dm-16 at /data
09-10 09:42:53.689  1115  1115 D installd: Found quota mount /dev/block/dm-16 at /data/user/0
09-10 09:42:53.689  1115  1115 D installd: Found quota mount /dev/block/dm-16 at /mnt/pass_through/0/emulated
09-10 09:42:53.702  1115  1115 D installd: Found storage mount /dev/block/dm-16 at /mnt/pass_through/0/emulated
09-10 09:42:53.703  1115  1115 D installd: Found storage mount  at /mnt/pass_through/0/emulated
09-10 09:42:53.708 29598 29598 D SystemServerTiming: StartFileService
09-10 09:42:53.709 29598 29598 I SystemServiceManager: Starting com.android.server.files.FileService
09-10 09:42:53.714  1115  1115 D installd: Found quota mount /dev/block/dm-16 at /data
09-10 09:42:53.716  1115  1115 D installd: Found quota mount /dev/block/dm-16 at /data/user/0
09-10 09:42:53.717  1115  1115 D installd: Found quota mount /dev/block/dm-16 at /mnt/pass_through/0/emulated
09-10 09:42:53.725 29468 29503 D Diag_Lib: diag: Diag_LSM_Init: invoked for pid: 29468 with init_count: 0
09-10 09:42:53.726 29468 29503 D Diag_Lib: diag:failed to connect to diag socket
09-10 09:42:53.726 29468 29503 D Diag_Lib:  Diag_LSM_Init: Failed to open handle to diag driver, error = 111
09-10 09:42:53.726 29468 29503 I ATS     : vendor/qcom/sw5100-lw4/proprietary-audio/args/acdb/ats/transports/diag/linux/actp/src/actp.c:actp_diag_init:105 Error[1]: Failed to initialize DIAG
09-10 09:42:53.727 29468 29503 E ATS     : vendor/qcom/sw5100-lw4/proprietary-audio/args/acdb/ats/src/ats.c:ats_init:143 Error[1]: Failed to initialize Diag
09-10 09:42:53.727 29468 29503 E ATS     : vendor/qcom/sw5100-lw4/proprietary-audio/args/acdb/ats/src/ats.c:ats_init:263 Error[1]: Failed to initialize ATS
09-10 09:42:53.727 29468 29503 E AGM: API: ats_init_thread: 64 ats_init failed retry 32 err 1
09-10 09:42:53.730  1115  1115 D installd: Found storage mount /dev/block/dm-16 at /mnt/pass_through/0/emulated
09-10 09:42:53.730  1115  1115 D installd: Found storage mount  at /mnt/pass_through/0/emulated
09-10 09:42:53.731 29598 29598 D FileService: onStart: Publishing binder service: file
09-10 09:42:53.733 29598 29598 D SystemServerTiming: StartUiModeManager
09-10 09:42:53.734 29598 29598 I SystemServiceManager: Starting com.android.server.UiModeManagerService
09-10 09:42:53.737 29598 29624 D SystemServerTimingAsync: InitThreadPoolExec:UiModeManager.onStart
09-10 09:42:53.738 29598 29598 D SystemServerTiming: StartLocaleManagerService
09-10 09:42:53.739 29598 29598 I SystemServiceManager: Starting com.android.server.locales.LocaleManagerService
09-10 09:42:53.756 29598 29598 D SystemServerTiming: StartUAppWindowLayoutSettingsService
09-10 09:42:53.757 29598 29598 I SystemServiceManager: Starting com.android.server.appwindowlayout.AppWindowLayoutSettingsService
09-10 09:42:53.759 29598 29598 D AppWinLayoutSetService: Registered package monitor for restoring aspect ratios.
09-10 09:42:53.759 29598 29598 D SystemServerTiming: StartGrammarInflectionService
09-10 09:42:53.759 29598 29598 I SystemServiceManager: Starting com.android.server.grammaticalinflection.GrammaticalInflectionService
09-10 09:42:53.762 29598 29598 D SystemServerTiming: StartAppHibernationService
09-10 09:42:53.762 29598 29598 I SystemServiceManager: Starting com.android.server.apphibernation.AppHibernationService
09-10 09:42:53.767 29598 29598 D SystemServerTiming: ArtManagerLocal
09-10 09:42:53.772 29598 29598 D SystemServerTiming: UpdatePackagesIfNeeded
09-10 09:42:53.773 29598 29598 I Watchdog: Pausing HandlerChecker: main thread for reason: dexopt. Pause count: 1
09-10 09:42:53.775 29598 29598 I Watchdog: Resuming HandlerChecker: main thread for reason: dexopt. Pause count: 0
09-10 09:42:53.776 29598 29598 D SystemServerTiming: UpdateMetricsIfNeeded
09-10 09:42:53.776 29598 29598 D SystemServerTiming: PerformFstrimIfNeeded
09-10 09:42:53.777 29598 29598 D SystemServerTiming: StartLockSettingsService
09-10 09:42:53.777 29598 29598 I SystemServiceManager: Starting com.android.server.locksettings.LockSettingsService$Lifecycle
09-10 09:42:53.812 29598 29598 D SystemServerTiming: StartPersistentDataBlock
09-10 09:42:53.812 29598 29598 I SystemServiceManager: Starting com.android.server.pdb.PersistentDataBlockService
09-10 09:42:53.814 29598 29598 D SystemServerTiming: StartTestHarnessMode
09-10 09:42:53.815 29598 29598 I SystemServiceManager: Starting com.android.server.testharness.TestHarnessModeService
09-10 09:42:53.816 29598 29730 D SystemServerTimingAsync: InitThreadPoolExec:PersistentDataBlockService.onStart
09-10 09:42:53.816 29598 29598 D SystemServerTiming: StartOemLockService
09-10 09:42:53.817 29598 29598 I SystemServiceManager: Starting com.android.server.oemlock.OemLockService
09-10 09:42:53.824   330   330 I hwservicemanager: getTransport: Cannot find entry android.hardware.oemlock@1.0::IOemLock/default in either framework or device VINTF manifest.
09-10 09:42:53.825 29598 29598 I OemLock : OemLock Hidl HAL not present on device
09-10 09:42:53.825 29598 29598 I OemLock : Using persistent data block based lock
09-10 09:42:53.827 29598 29598 D SystemServerTiming: StartDeviceIdleController
09-10 09:42:53.828 29598 29598 I SystemServiceManager: Starting com.android.server.DeviceIdleController
09-10 09:42:53.829 29598 29598 W system_server: Method com.android.server.AnyMotionDetector com.android.server.DeviceIdleController$Injector.getAnyMotionDetector(android.os.Handler, android.hardware.SensorManager, com.android.server.DeviceIdleController, float) failed lock verification and will run slower.
09-10 09:42:53.848 29598 29730 I PersistentDataBlockService: FRP secret matched, FRP deactivated.
09-10 09:42:53.891 29598 29598 D SystemServerTiming: StartDevicePolicyManager
09-10 09:42:53.891 29598 29598 I SystemServiceManager: Starting com.android.server.devicepolicy.DevicePolicyManagerService$Lifecycle
09-10 09:42:53.954 29598 29598 I DevicePolicyManager: Current version 6, latest version 6, not upgrading.
09-10 09:42:53.962 29598 29598 D DevicePolicyManagerService: notifyChangeLocked()
09-10 09:42:53.963 29598 29598 I UserManagerService: Setting device owner user as -10000
09-10 09:42:53.965 29598 29598 D DevicePolicyManagerService: /data/system/updated_resources.xml doesn't exist
09-10 09:42:53.965 29598 29598 D DevicePolicyEngine: Reading device policies from file.
09-10 09:42:53.966 29598 29598 D DevicePolicyEngine: /data/system/device_policy_state.xml doesn't exist
09-10 09:42:53.967 29598 29598 D RcsArchivalAppTracker: updateArchivalAppOp, targetArchivalPkg: null, lastAuthorizedArchival: null for User 0
09-10 09:42:53.968 29598 29617 I system_server: Background young concurrent mark compact GC freed 28MB AllocSpace bytes, 184(8436KB) LOS objects, 93% free, 16MB/256MB, paused 9.469ms,4.883ms total 379.975ms
09-10 09:42:53.969 29598 29598 D SystemServerTiming: StartVoiceRecognitionManager
09-10 09:42:53.970 29598 29598 I SystemServiceManager: Starting com.android.server.voiceinteraction.VoiceInteractionManagerService
09-10 09:42:53.973 29598 29751 D SystemServerTimingAsync: InitThreadPoolExec:RoleObserver
09-10 09:42:53.974 29598 29598 D SystemServerTiming: StartStatusBarManagerService
09-10 09:42:53.979 29598 29598 D SystemServer: MusicRecognitionManagerService not defined by OEM or disabled by flag
09-10 09:42:53.982 29598 29598 D SystemServer: ContentCaptureService disabled because resource is not overlaid
09-10 09:42:53.982 29598 29598 D SystemServer: AttentionService is not configured on this device
09-10 09:42:53.982 29598 29598 D SystemServer: InteractionProviderService is not enabled on this device
09-10 09:42:53.982 29598 29598 D SystemServer: RotationResolverService is not configured on this device
09-10 09:42:53.982 29598 29598 D SystemServer: SystemCaptionsManagerService disabled because resource is not overlaid
09-10 09:42:53.983 29598 29598 D SystemServerTiming: StartTextToSpeechManagerService
09-10 09:42:53.983 29598 29598 I SystemServiceManager: Starting com.android.server.texttospeech.TextToSpeechManagerService
09-10 09:42:53.987 29598 29598 D SystemServer: Not starting WearableSensingService
09-10 09:42:53.987 29598 29598 D SystemServerTiming: startOnDeviceIntelligenceManagerService
09-10 09:42:53.988 29598 29598 I SystemServiceManager: Starting com.android.server.ondeviceintelligence.OnDeviceIntelligenceManagerService
09-10 09:42:53.994 29598 29598 D SystemServerTiming: startContentSafetyManagerService
09-10 09:42:53.996 29598 29598 I SystemServiceManager: Starting com.android.server.contentsafety.ContentSafetyManagerService
09-10 09:42:53.999 29598 29598 D SystemServer: AmbientContextManagerService not defined by OEM or disabled by flag
09-10 09:42:53.999 29598 29598 D SystemServerTiming: StartSpeechRecognitionManagerService
09-10 09:42:53.999 29598 29598 I SystemServiceManager: Starting com.android.server.speech.SpeechRecognitionManagerService
09-10 09:42:54.002 29598 29598 D SystemServer: AppPredictionService not defined by OEM
09-10 09:42:54.002 29598 29598 D SystemServer: ContentSuggestionsService not defined by OEM
09-10 09:42:54.002 29598 29598 D SystemServer: SmartspaceManagerService not defined by OEM or disabled by flag
09-10 09:42:54.002 29598 29598 D SystemServer: ContextualSearchManagerService not defined or disabled by flag
09-10 09:42:54.003 29598 29598 D SystemServerTiming: InitConnectivityModuleConnector
09-10 09:42:54.003 29598 29598 D ConnectivityModuleConnector: Network stack init
09-10 09:42:54.003 29598 29598 D SystemServerTiming: InitNetworkStackClient
09-10 09:42:54.003 29598 29598 D NetworkStackClient: Network stack init
09-10 09:42:54.004 29598 29598 D SystemServerTiming: StartNetworkManagementService
09-10 09:42:54.010 29598 29598 D SystemServerTiming: StartFontManagerService
09-10 09:42:54.010 29598 29598 I FontManagerService: Using optimized boot-time font loading.
09-10 09:42:54.011 29598 29740 D SystemServerTimingAsync: InitThreadPoolExec:FontManagerService_create
09-10 09:42:54.012 29598 29598 D SystemServerTiming: StartTextClassificationManagerService
09-10 09:42:54.013 29598 29598 I SystemServiceManager: Starting com.android.server.textclassifier.TextClassificationManagerService$Lifecycle
09-10 09:42:54.017 29598 29740 I SystemFonts: Loading font config from /system/etc/font_fallback.xml
09-10 09:42:54.019 29598 29598 D SystemServerTiming: StartNetworkScoreService
09-10 09:42:54.019 29598 29598 I SystemServiceManager: Starting com.android.server.NetworkScoreService$Lifecycle
09-10 09:42:54.022 29598 29598 I NetworkScoreService: Registering network_score
09-10 09:42:54.024 29598 29598 D SystemServerTiming: StartNetworkStatsService
09-10 09:42:54.025 29598 29598 I SystemServiceManager: Starting com.android.server.NetworkStatsServiceInitializer
09-10 09:42:54.041 29598 29598 D nativeloader: Load libservice-connectivity.so using class loader ns clns-shared-12 (caller=/apex/com.android.tethering/javalib/service-connectivity.jar): ok
09-10 09:42:54.055 29598 29740 I HWUI    : Using FreeType backend (prop=Auto)
09-10 09:42:54.060 29598 29598 D nativeloader: Load libandroid_net_connectivity_com_android_net_module_util_jni.so using APEX ns com_android_tethering for caller /apex/com.android.tethering/javalib/framework-connectivity.jar: ok
09-10 09:42:54.126 29598 29598 I NetworkStatsServiceInitializer: Registering netstats
09-10 09:42:54.127 29598 29598 D SystemServerTiming: StartNetworkPolicyManagerService
09-10 09:42:54.136 29598 29598 D SystemServerTiming: StartWifi
09-10 09:42:54.138 29598 29598 I SystemServiceManager: Starting com.android.server.wifi.WifiService
09-10 09:42:54.152 29598 29598 I WifiContext: Got resolveInfos for com.android.server.wifi.intent.action.SERVICE_WIFI_RESOURCES_APK: [ResolveInfo{6bce1db com.google.android.wifi.resources/android.app.Activity m=0x108000 userHandle=UserHandle{0}}]
09-10 09:42:54.153 29598 29598 I WifiContext: Found Wifi Resources APK at: com.google.android.wifi.resources
09-10 09:42:54.177 29598 29598 D ScanMetrics: Settings package: com.google.android.apps.wearable.settings
09-10 09:42:54.178 29598 29598 D ScanMetrics: GMS uid: 10120
09-10 09:42:54.195 29598 29598 I android_os_HwBinder: HwBinder: Starting thread pool for getting: android.hidl.manager@1.2::IServiceManager/default
09-10 09:42:54.199   330   330 I hwservicemanager: getTransport: Cannot find entry android.hardware.wifi@1.0::IWifi/default in either framework or device VINTF manifest.
09-10 09:42:54.203 29598 29598 I WifiHalAidlImpl: Creating the Wifi HAL using the AIDL implementation
09-10 09:42:54.213 29598 29598 I SupplicantStaIfaceHal: Initializing SupplicantStaIfaceHal using AIDL Vendor implementation.
09-10 09:42:54.219 29598 29598 I Nl80211Native: useWificond: false
09-10 09:42:54.224 29598 29598 I SupplicantP2pIfaceHal: Initializing SupplicantP2pIfaceHal using Vendor AIDL implementation.
09-10 09:42:54.226 29598 29598 I WifiCoexManager: Default coex algorithm is disabled.
09-10 09:42:54.227 29468 29503 D Diag_Lib: diag: Diag_LSM_Init: invoked for pid: 29468 with init_count: 0
09-10 09:42:54.228 29468 29503 D Diag_Lib: diag:failed to connect to diag socket
09-10 09:42:54.229 29468 29503 D Diag_Lib:  Diag_LSM_Init: Failed to open handle to diag driver, error = 111
09-10 09:42:54.229 29468 29503 I ATS     : vendor/qcom/sw5100-lw4/proprietary-audio/args/acdb/ats/transports/diag/linux/actp/src/actp.c:actp_diag_init:105 Error[1]: Failed to initialize DIAG
09-10 09:42:54.229 29468 29503 E ATS     : vendor/qcom/sw5100-lw4/proprietary-audio/args/acdb/ats/src/ats.c:ats_init:143 Error[1]: Failed to initialize Diag
09-10 09:42:54.229 29468 29503 E ATS     : vendor/qcom/sw5100-lw4/proprietary-audio/args/acdb/ats/src/ats.c:ats_init:263 Error[1]: Failed to initialize ATS
09-10 09:42:54.229 29468 29503 E AGM: API: ats_init_thread: 64 ats_init failed retry 33 err 1
09-10 09:42:54.274 29598 29598 D WifiOpenNetworkNotifier: Settings toggle enabled=false
09-10 09:42:54.277 29598 29598 D WifiCountryCode: Default country code from system property ro.boot.wificountrycode is 00
09-10 09:42:54.294 29598 29598 D WakeupController: Settings.Global: WifiWake disabled
09-10 09:42:54.299 29598 29598 I WifiPwrStatsManager: WifiPowerStatsManager initialized.
09-10 09:42:54.310 29598 29598 I WifiService: Registering wifi
09-10 09:42:54.312 29598 29598 D SystemServerTiming: StartWifiScanning
09-10 09:42:54.313 29598 29598 I SystemServiceManager: Starting com.android.server.wifi.scanner.WifiScanningService
09-10 09:42:54.313 29598 29598 I WifiScanningService: Creating wifiscanner
09-10 09:42:54.318 29598 29598 I WifiScanningService: Publishing wifiscanner
09-10 09:42:54.319 29598 29598 D SystemServerTiming: StartPacProxyService
09-10 09:42:54.323 29598 29598 D SystemServerTiming: StartConnectivityService
09-10 09:42:54.324 29598 29598 I SystemServiceManager: Starting com.android.server.ConnectivityServiceInitializer
09-10 09:42:54.342 29598 29598 D ConnectivityService: ConnectivityService starting up
09-10 09:42:54.363 29598 29598 D PermissionMonitor: setUidsPermissionBits in PermissionBpfMap took 2423 microseconds.
09-10 09:42:54.391 29469 29512 D BootAnimation: Playing files = /product/media/bootanimation-eos-384.zip/part2, Requested repeat = 0, playUntilComplete = false
09-10 09:42:54.393 29598 29806 D MultinetworkPolicyTracker: registerTelephonyCallback for subId:-1
09-10 09:42:54.399 29598 29806 E ConnectivitySettingsManager: Failed to get config from carrier config
09-10 09:42:54.399 29598 29806 E ConnectivitySettingsManager: java.lang.IllegalStateException: Carrier config loader is not available.
09-10 09:42:54.399 29598 29806 E ConnectivitySettingsManager: 	at android.telephony.CarrierConfigManager.getConfigForSubId(CarrierConfigManager.java:12800)
09-10 09:42:54.399 29598 29806 E ConnectivitySettingsManager: 	at android.net.ConnectivitySettingsManager.getConfigForSubId(ConnectivitySettingsManager.java:82)
09-10 09:42:54.399 29598 29806 E ConnectivitySettingsManager: 	at android.net.ConnectivitySettingsManager.getNetworkAvoidBadWifi(ConnectivitySettingsManager.java:1123)
09-10 09:42:54.399 29598 29806 E ConnectivitySettingsManager: 	at android.net.connectivity.com.android.server.connectivity.MultinetworkPolicyTracker$Dependencies.getAvoidBadWifi(MultinetworkPolicyTracker.java:180)
09-10 09:42:54.399 29598 29806 E ConnectivitySettingsManager: 	at android.net.connectivity.com.android.server.connectivity.MultinetworkPolicyTracker.updateAvoidBadWifi(MultinetworkPolicyTracker.java:528)
09-10 09:42:54.399 29598 29806 E ConnectivitySettingsManager: 	at android.net.connectivity.com.android.server.connectivity.MultinetworkPolicyTracker.reevaluateInternal(MultinetworkPolicyTracker.java:495)
09-10 09:42:54.399 29598 29806 E ConnectivitySettingsManager: 	at android.net.connectivity.com.android.server.connectivity.MultinetworkPolicyTracker.lambda$start$1(MultinetworkPolicyTracker.java:347)
09-10 09:42:54.399 29598 29806 E ConnectivitySettingsManager: 	at android.net.connectivity.com.android.server.connectivity.MultinetworkPolicyTracker.$r8$lambda$J0VRLehDEkrp7-t64KUK3GLlVmY(MultinetworkPolicyTracker.java:0)
09-10 09:42:54.399 29598 29806 E ConnectivitySettingsManager: 	at android.net.connectivity.com.android.server.connectivity.MultinetworkPolicyTracker$$ExternalSyntheticLambda2.run(R8$$SyntheticClass:0)
09-10 09:42:54.399 29598 29806 E ConnectivitySettingsManager: 	at android.os.Handler.handleCallback(Handler.java:1095)
09-10 09:42:54.399 29598 29806 E ConnectivitySettingsManager: 	at android.os.Handler.dispatchMessageImpl(Handler.java:135)
09-10 09:42:54.399 29598 29806 E ConnectivitySettingsManager: 	at android.os.Handler.dispatchMessage(Handler.java:125)
09-10 09:42:54.399 29598 29806 E ConnectivitySettingsManager: 	at android.os.Looper.loopOnce(Looper.java:296)
09-10 09:42:54.399 29598 29806 E ConnectivitySettingsManager: 	at android.os.Looper.loop(Looper.java:397)
09-10 09:42:54.399 29598 29806 E ConnectivitySettingsManager: 	at android.os.HandlerThread.run(HandlerThread.java:139)
09-10 09:42:54.402 29598 29806 E ConnectivitySettingsManager: Failed to get config from carrier config
09-10 09:42:54.402 29598 29806 E ConnectivitySettingsManager: java.lang.IllegalStateException: Carrier config loader is not available.
09-10 09:42:54.402 29598 29806 E ConnectivitySettingsManager: 	at android.telephony.CarrierConfigManager.getConfigForSubId(CarrierConfigManager.java:12800)
09-10 09:42:54.402 29598 29806 E ConnectivitySettingsManager: 	at android.net.ConnectivitySettingsManager.getConfigForSubId(ConnectivitySettingsManager.java:82)
09-10 09:42:54.402 29598 29806 E ConnectivitySettingsManager: 	at android.net.ConnectivitySettingsManager.getNetworkAvoidBadWifi(ConnectivitySettingsManager.java:1123)
09-10 09:42:54.402 29598 29806 E ConnectivitySettingsManager: 	at android.net.connectivity.com.android.server.connectivity.MultinetworkPolicyTracker$Dependencies.getAvoidBadWifi(MultinetworkPolicyTracker.java:180)
09-10 09:42:54.402 29598 29806 E ConnectivitySettingsManager: 	at android.net.connectivity.com.android.server.connectivity.MultinetworkPolicyTracker.updateAvoidBadWifi(MultinetworkPolicyTracker.java:528)
09-10 09:42:54.402 29598 29806 E ConnectivitySettingsManager: 	at android.net.connectivity.com.android.server.connectivity.MultinetworkPolicyTracker.reevaluateInternal(MultinetworkPolicyTracker.java:495)
09-10 09:42:54.402 29598 29806 E ConnectivitySettingsManager: 	at android.net.connectivity.com.android.server.connectivity.MultinetworkPolicyTracker.$r8$lambda$WSW1vO9WABMnTtf67DH5gv898lk(MultinetworkPolicyTracker.java:0)
09-10 09:42:54.402 29598 29806 E ConnectivitySettingsManager: 	at android.net.connectivity.com.android.server.connectivity.MultinetworkPolicyTracker$$ExternalSyntheticLambda0.run(R8$$SyntheticClass:0)
09-10 09:42:54.402 29598 29806 E ConnectivitySettingsManager: 	at android.os.Handler.handleCallback(Handler.java:1095)
09-10 09:42:54.402 29598 29806 E ConnectivitySettingsManager: 	at android.os.Handler.dispatchMessageImpl(Handler.java:135)
09-10 09:42:54.402 29598 29806 E ConnectivitySettingsManager: 	at android.os.Handler.dispatchMessage(Handler.java:125)
09-10 09:42:54.402 29598 29806 E ConnectivitySettingsManager: 	at android.os.Looper.loopOnce(Looper.java:296)
09-10 09:42:54.402 29598 29806 E ConnectivitySettingsManager: 	at android.os.Looper.loop(Looper.java:397)
09-10 09:42:54.402 29598 29806 E ConnectivitySettingsManager: 	at android.os.HandlerThread.run(HandlerThread.java:139)
09-10 09:42:54.407 29598 29598 I MulticastRoutingCoordinatorService: socket created for multicast routing: java.io.FileDescriptor@458eb29
09-10 09:42:54.422 29598 29598 D CompatChangeReporter: Compat change id reported: 349487600; UID 1000; state: ENABLED
09-10 09:42:54.444 29598 29598 V NearbyService: DiscoveryProviderManagerLegacy: 
09-10 09:42:54.451 29598 29598 I ConnectivityServiceInitializer: Registering connectivity
09-10 09:42:54.453 29598 29598 I ConnectivityServiceInitializer: Registering ipsec
09-10 09:42:54.454 29598 29598 I ConnectivityServiceInitializer: Registering connectivity_native
09-10 09:42:54.456 29598 29598 I ConnectivityServiceInitializer: Registering servicediscovery
09-10 09:42:54.458 29598 29598 I ConnectivityServiceInitializer: Registering nearby
09-10 09:42:54.461 29598 29598 I ConnectivityServiceInitializer: ConnectivityServiceInitializerB#onStart
09-10 09:42:54.461 29598 29598 I ConnectivityServiceInitializerB: Registering vcn_management
09-10 09:42:54.462 29598 29598 D SystemServerTiming: StartSecurityStateManagerService
09-10 09:42:54.464 29598 29598 D SecurityStateManagerService: CVE patches configuration file not found: /system/etc/security/supplemental_security_patches.xml
09-10 09:42:54.465 29598 29598 D SecurityStateManagerService: CVE patches configuration file not found: /system_ext/etc/security/supplemental_security_patches.xml
09-10 09:42:54.465 29598 29598 D SecurityStateManagerService: CVE patches configuration file not found: /product/etc/security/supplemental_security_patches.xml
09-10 09:42:54.465 29598 29598 D SecurityStateManagerService: CVE patches configuration file not found: /vendor/etc/security/supplemental_security_patches.xml
09-10 09:42:54.466 29598 29598 D SecurityStateManagerService: CVE patches configuration file not found: /odm/etc/security/supplemental_security_patches.xml
09-10 09:42:54.467 29598 29598 I SystemServer: Not starting VpnManagerService
09-10 09:42:54.467 29598 29598 D SystemServerTiming: StartSystemUpdateManagerService
09-10 09:42:54.468 29598 29598 I SystemUpdateManagerService: No existing info file /data/system/system-update-info.xml
09-10 09:42:54.470 29598 29598 D SystemServerTiming: StartUpdateLockService
09-10 09:42:54.473 29598 29598 D SystemServerTiming: StartBitmapOffloadService
09-10 09:42:54.473 29598 29598 I SystemServiceManager: Starting com.android.server.bitmapoffload.BitmapOffloadService
09-10 09:42:54.476 29598 29598 D SystemServerTiming: StartCtxModeManagerService
09-10 09:42:54.477 29598 29598 I SystemServiceManager: Starting com.android.server.modes.ContextualModeManagerService
09-10 09:42:54.480 29598 29598 D SystemServerTiming: StartNotificationManager
09-10 09:42:54.481 29598 29598 I SystemServiceManager: Starting com.android.server.notification.NotificationManagerService
09-10 09:42:54.520 29598 29598 D ConditionProviders.SCP: new ScheduleConditionProvider()
09-10 09:42:54.536 29598 29598 E SystemZenRules: Couldn't determine type of system-owned ZenRule ZenRule[id=6029d4b81032402cb7247c4393178f2f,state=STATE_FALSE,enabled=TRUE,conditionOverride=OVERRIDE_NONE,name=theater_mode,zenMode=ZEN_MODE_IMPORTANT_INTERRUPTIONS,conditionId=android://com.android.clockwork.modes/theater_mode,pkg=android,component=null,configActivity=ComponentInfo{com.google.android.apps.wearable.settings/com.google.android.clockwork.settings.prioritymodes.TheaterModeCustomizeSettingsFragment},creationTime=1772186826673,enabler=null,zenPolicy=ZenPolicy{priorityCategories=[reminders=disallow events=disallow messages=disallow calls=disallow repeatCallers=disallow alarms=disallow media=disallow system=disallow convs=disallow ], visualEffects=[fullScreenIntent=disallow lights=disallow peek=disallow statusBar=allow badge=allow ambient=disallow notificationList=allow ], priorityCallsSenders=none, priorityMessagesSenders=none, priorityConversationSenders=none, allowChannels=priority},condition=Condition[state=STATE_FALSE,id=android://com.android.clockwork.modes/theater_mode,summary=theater_mode is disabled,line1=,line2=,icon=-1,source=SOURCE_UNKNOWN,flags=2],deviceEffects=null,allowManualInvocation=true,iconResName=null,triggerDescription=When theater_mode is enabled.,type=-1,disabledOrigin=0,legacySuppressedEffects=0,lastActivation=2026-07-11T07:38:29.312Z,lastManualActivation=null,lastDeactivation=2026-07-11T07:38:53.388Z,lastManualDeactivation=null]
09-10 09:42:54.538 29598 29598 E SystemZenRules: Couldn't determine type of system-owned ZenRule ZenRule[id=962b5c004acf4f69bfc098fa1fbed9d0,state=STATE_FALSE,enabled=TRUE,conditionOverride=OVERRIDE_NONE,name=bedtime_mode,zenMode=ZEN_MODE_IMPORTANT_INTERRUPTIONS,conditionId=android://com.android.clockwork.modes/bedtime_mode,pkg=android,component=null,configActivity=ComponentInfo{com.google.android.apps.wearable.settings/com.google.android.clockwork.settings.prioritymodes.BedtimeModeCustomizeSettingsFragment},creationTime=1772186826678,enabler=null,zenPolicy=ZenPolicy{priorityCategories=[reminders=disallow events=disallow messages=disallow calls=allow repeatCallers=allow alarms=allow media=disallow system=disallow convs=disallow ], visualEffects=[fullScreenIntent=disallow lights=disallow peek=disallow statusBar=allow badge=allow ambient=disallow notificationList=allow ], priorityCallsSenders=starred_contacts, priorityMessagesSenders=none, priorityConversationSenders=none, allowChannels=priority},condition=Condition[state=STATE_FALSE,id=android://com.android.clockwork.modes/bedtime_mode,summary=bedtime_mode is disabled,line1=,line2=,icon=-1,source=SOURCE_UNKNOWN,flags=2],deviceEffects=[nightLight, brightnessCap=0.07480315%],allowManualInvocation=true,iconResName=null,triggerDescription=When bedtime_mode is enabled.,type=-1,zenDeviceEffectsUserModifiedFields={FIELD_BRIGHTNESS_CAP},disabledOrigin=0,legacySuppressedEffects=0,lastActivation=2026-08-26T22:43:48.718Z,lastManualActivation=null,lastDeactivation=2026-08-27T00:10:06.818Z,lastManualDeactivation=null]
09-10 09:42:54.544 29598 29598 W ContextImpl: Calling a method in the system process without a qualified user: android.app.ContextImpl.sendBroadcastMultiplePermissions:1408 android.content.Context.sendBroadcastMultiplePermissions:2749 com.android.server.notification.NotificationManagerService.sendRegisteredOnlyBroadcast:61 com.android.server.notification.NotificationManagerService$7$$ExternalSyntheticLambda0.runOrThrow:25 android.os.Binder.withCleanCallingIdentity:468 
09-10 09:42:54.548 29598 29598 W ContextImpl: Calling a method in the system process without a qualified user: android.app.ContextImpl.sendBroadcastMultiplePermissions:1408 android.content.Context.sendBroadcastMultiplePermissions:2749 com.android.server.notification.NotificationManagerService.sendRegisteredOnlyBroadcast:61 com.android.server.notification.NotificationManagerService$7$$ExternalSyntheticLambda0.runOrThrow:54 android.os.Binder.withCleanCallingIdentity:468 
09-10 09:42:54.552 29598 29598 D ConditionProviders: Subscribing to condition://android/schedule?days=1.2.3.4.5.6.7&start=22.0&end=7.0&exitAtAlarm=true with ComponentInfo{android/com.android.server.notification.ScheduleConditionProvider}
09-10 09:42:54.554 29598 29598 E NotificationPrefHelper: createDefaultChannelIfNeededLocked - Exception: android.content.pm.PackageManager$NameNotFoundException: com.google.android.wearable.sysui.overlay.experiences.charging.pixelwatch
09-10 09:42:54.559 29598 29598 E NotificationPrefHelper: createDefaultChannelIfNeededLocked - Exception: android.content.pm.PackageManager$NameNotFoundException: com.google.android.server.deviceconfig.resources
09-10 09:42:54.568 29598 29598 E NotificationPrefHelper: createDefaultChannelIfNeededLocked - Exception: android.content.pm.PackageManager$NameNotFoundException: com.qti.snapdragon.qdcm_ff
09-10 09:42:54.569 29598 29598 E NotificationPrefHelper: createDefaultChannelIfNeededLocked - Exception: android.content.pm.PackageManager$NameNotFoundException: com.google.android.deskclock.overlay.raw.pixelwatch
09-10 09:42:54.570 29598 29598 E NotificationPrefHelper: createDefaultChannelIfNeededLocked - Exception: android.content.pm.PackageManager$NameNotFoundException: com.android.internal.watchspeaker
09-10 09:42:54.594 29598 29598 E NotificationPrefHelper: createDefaultChannelIfNeededLocked - Exception: android.content.pm.PackageManager$NameNotFoundException: com.google.android.wearable.fitbit.mcu.updater
09-10 09:42:54.602 29598 29598 E NotificationPrefHelper: createDefaultChannelIfNeededLocked - Exception: android.content.pm.PackageManager$NameNotFoundException: com.google.android.deskclock.overlay.pixelwatch
09-10 09:42:54.603 29598 29598 E NotificationPrefHelper: createDefaultChannelIfNeededLocked - Exception: android.content.pm.PackageManager$NameNotFoundException: com.google.android.wearable.sysui.overlay.kidsmode.pixelwatch
09-10 09:42:54.618 29598 29598 E NotificationPrefHelper: createDefaultChannelIfNeededLocked - Exception: android.content.pm.PackageManager$NameNotFoundException: com.google.wear.services.overlay.kidsmode.pixelwatch
09-10 09:42:54.618 29598 29598 E NotificationPrefHelper: createDefaultChannelIfNeededLocked - Exception: android.content.pm.PackageManager$NameNotFoundException: com.android.providers.media
09-10 09:42:54.619 29598 29598 E NotificationPrefHelper: createDefaultChannelIfNeededLocked - Exception: android.content.pm.PackageManager$NameNotFoundException: com.qti.service.colorservice
09-10 09:42:54.623 29598 29598 E NotificationPrefHelper: createDefaultChannelIfNeededLocked - Exception: android.content.pm.PackageManager$NameNotFoundException: com.google.android.wearable.fitbit.mcu.data
09-10 09:42:54.639 29598 29598 I NotificationManagerService.NotificationListeners: Read notification listener permissions from xml
09-10 09:42:54.640 29598 29598 V NotificationManagerService.NotificationListeners: enabling notification listener for 0: ComponentInfo{com.google.wear.services/com.google.wear.services.notification.stream.listener.NotificationCollectorService}
09-10 09:42:54.641 29598 29598 V NotificationManagerService.NotificationListeners: binding: Intent { act=android.service.notification.NotificationListenerService cmp=com.google.wear.services/.notification.stream.listener.NotificationCollectorService (has extras) }
09-10 09:42:54.643 29598 29598 W ActivityManager: Unable to start service Intent { act=android.service.notification.NotificationListenerService cmp=com.google.wear.services/.notification.stream.listener.NotificationCollectorService } U=0: not found
09-10 09:42:54.643 29598 29598 W NotificationManagerService.NotificationListeners: Unable to bind notification listener service: Intent { act=android.service.notification.NotificationListenerService xflg=0x4 cmp=com.google.wear.services/.notification.stream.listener.NotificationCollectorService (has extras) } in user 0
09-10 09:42:54.644 29598 29598 W ActivityManager: Unbind failed: could not find connection for android.app.LoadedApk$ServiceDispatcher$InnerConnection@f9467bb
09-10 09:42:54.644 29598 29598 V NotificationManagerService.NotificationListeners: enabling notification listener for 0: ComponentInfo{com.google.android.wearable.pixel.pdms/com.google.android.wearable.pixel.pdms.modesync.PdmsNotificationService}
09-10 09:42:54.645 29598 29598 V NotificationManagerService.NotificationListeners: binding: Intent { act=android.service.notification.NotificationListenerService cmp=com.google.android.wearable.pixel.pdms/.modesync.PdmsNotificationService (has extras) }
09-10 09:42:54.645 29598 29598 W ActivityManager: Unable to start service Intent { act=android.service.notification.NotificationListenerService cmp=com.google.android.wearable.pixel.pdms/.modesync.PdmsNotificationService } U=0: not found
09-10 09:42:54.646 29598 29598 W NotificationManagerService.NotificationListeners: Unable to bind notification listener service: Intent { act=android.service.notification.NotificationListenerService xflg=0x4 cmp=com.google.android.wearable.pixel.pdms/.modesync.PdmsNotificationService (has extras) } in user 0
09-10 09:42:54.646 29598 29598 W ActivityManager: Unbind failed: could not find connection for android.app.LoadedApk$ServiceDispatcher$InnerConnection@717c497
09-10 09:42:54.646 29598 29598 V NotificationManagerService.NotificationListeners: enabling notification listener for 0: ComponentInfo{com.google.android.wearable.media.sessions/com.google.android.clockwork.media.sessionlistener.MediaNotificationListenerService}
09-10 09:42:54.647 29598 29598 V NotificationManagerService.NotificationListeners: binding: Intent { act=android.service.notification.NotificationListenerService cmp=com.google.android.wearable.media.sessions/com.google.android.clockwork.media.sessionlistener.MediaNotificationListenerService (has extras) }
09-10 09:42:54.648 29598 29598 W ActivityManager: Unable to start service Intent { act=android.service.notification.NotificationListenerService cmp=com.google.android.wearable.media.sessions/com.google.android.clockwork.media.sessionlistener.MediaNotificationListenerService } U=0: not found
09-10 09:42:54.648 29598 29598 W NotificationManagerService.NotificationListeners: Unable to bind notification listener service: Intent { act=android.service.notification.NotificationListenerService xflg=0x4 cmp=com.google.android.wearable.media.sessions/com.google.android.clockwork.media.sessionlistener.MediaNotificationListenerService (has extras) } in user 0
09-10 09:42:54.648 29598 29598 W ActivityManager: Unbind failed: could not find connection for android.app.LoadedApk$ServiceDispatcher$InnerConnection@70a1333
09-10 09:42:54.649 29598 29598 I ConditionProviders: Read condition provider permissions from xml
09-10 09:42:54.649 29598 29598 I ConditionProviders: Read condition provider permissions from xml
09-10 09:42:54.650 29598 29598 D NotificationManagerService.NotificationAssistants: Approving default notification assistant for user 0
09-10 09:42:54.666 29598 29598 W SystemServiceManager: Service com.android.server.notification.NotificationManagerService took 184 ms in onStart
09-10 09:42:54.678 29598 29598 D SystemServerTiming: StartDeviceMonitor
09-10 09:42:54.679 29598 29598 I SystemServiceManager: Starting com.android.server.storage.DeviceStorageMonitorService
09-10 09:42:54.683 29598 29598 D SystemServerTiming: StartTimeDetectorService
09-10 09:42:54.683 29598 29598 I SystemServiceManager: Starting com.android.server.timedetector.TimeDetectorService$Lifecycle
09-10 09:42:54.693 29598 29598 D SystemServerTiming: StartLocationManagerService
09-10 09:42:54.694 29598 29598 I SystemServiceManager: Starting com.android.server.location.LocationManagerService$Lifecycle
09-10 09:42:54.700 29598 29598 W system_server: Method void com.android.server.location.LocationManagerService$Lifecycle.<init>(android.content.Context) failed lock verification and will run slower.
09-10 09:42:54.713 29598 29598 W system_server: Method void com.android.server.location.eventlog.LocalEventLog.iterate(com.android.server.location.eventlog.LocationEventLog$$ExternalSyntheticLambda0, com.android.server.location.eventlog.LocalEventLog[]) failed lock verification and will run slower.
09-10 09:42:54.715 29598 29627 D LocationManagerService: allowedPackages=null
09-10 09:42:54.716 29598 29598 D SystemServerTiming: StartCountryDetectorService
09-10 09:42:54.718 29598 29598 D SystemServerTiming: StartTimeZoneDetectorService
09-10 09:42:54.719 29598 29598 I SystemServiceManager: Starting com.android.server.timezonedetector.TimeZoneDetectorService$Lifecycle
09-10 09:42:54.724 29598 29598 E SystemServiceRegistry: No service published for: trust
09-10 09:42:54.724 29598 29598 E SystemServiceRegistry: android.os.ServiceManager$ServiceNotFoundException: No service published for: trust
09-10 09:42:54.724 29598 29598 E SystemServiceRegistry: 	at android.os.ServiceManager.getServiceOrThrow(ServiceManager.java:176)
09-10 09:42:54.724 29598 29598 E SystemServiceRegistry: 	at android.app.KeyguardManager.<init>(KeyguardManager.java:653)
09-10 09:42:54.724 29598 29598 E SystemServiceRegistry: 	at android.app.SystemServiceRegistry$32.createService(SystemServiceRegistry.java:687)
09-10 09:42:54.724 29598 29598 E SystemServiceRegistry: 	at android.app.SystemServiceRegistry$32.createService(SystemServiceRegistry.java:684)
09-10 09:42:54.724 29598 29598 E SystemServiceRegistry: 	at android.app.SystemServiceRegistry$CachedServiceFetcher.getService(SystemServiceRegistry.java:2784)
09-10 09:42:54.724 29598 29598 E SystemServiceRegistry: 	at android.app.SystemServiceRegistry.getSystemService(SystemServiceRegistry.java:2297)
09-10 09:42:54.724 29598 29598 E SystemServiceRegistry: 	at android.app.ContextImpl.getSystemService(ContextImpl.java:2450)
09-10 09:42:54.724 29598 29598 E SystemServiceRegistry: 	at android.content.Context.getSystemService(Context.java:4916)
09-10 09:42:54.724 29598 29598 E SystemServiceRegistry: 	at com.android.server.timezonedetector.TimeZoneDetectorService$Lifecycle.onStart(go/retraceme 56cb9c0977ae9f67603f451f002522c463042b44293aaef01295dafee5e0332e:87)
09-10 09:42:54.724 29598 29598 E SystemServiceRegistry: 	at com.android.server.SystemServiceManager.startService(go/retraceme 56cb9c0977ae9f67603f451f002522c463042b44293aaef01295dafee5e0332e:214)
09-10 09:42:54.724 29598 29598 E SystemServiceRegistry: 	at com.android.server.SystemServiceManager.startService(go/retraceme 56cb9c0977ae9f67603f451f002522c463042b44293aaef01295dafee5e0332e:65)
09-10 09:42:54.724 29598 29598 E SystemServiceRegistry: 	at com.android.server.SystemServer.startOtherServices(go/retraceme 56cb9c0977ae9f67603f451f002522c463042b44293aaef01295dafee5e0332e:2381)
09-10 09:42:54.724 29598 29598 E SystemServiceRegistry: 	at com.android.server.SystemServer.main(go/retraceme 56cb9c0977ae9f67603f451f002522c463042b44293aaef01295dafee5e0332e:572)
09-10 09:42:54.724 29598 29598 E SystemServiceRegistry: 	at java.lang.reflect.Method.invoke(Native Method)
09-10 09:42:54.724 29598 29598 E SystemServiceRegistry: 	at com.android.internal.os.RuntimeInit$MethodAndArgsCaller.run(RuntimeInit.java:575)
09-10 09:42:54.724 29598 29598 E SystemServiceRegistry: 	at com.android.internal.os.ZygoteInit.main(ZygoteInit.java:917)
09-10 09:42:54.725 29598 29598 E SystemServiceRegistry: Manager wrapper not available: keyguard
09-10 09:42:54.730 29468 29503 D Diag_Lib: diag: Diag_LSM_Init: invoked for pid: 29468 with init_count: 0
09-10 09:42:54.731 29468 29503 D Diag_Lib: diag:failed to connect to diag socket
09-10 09:42:54.731 29468 29503 D Diag_Lib:  Diag_LSM_Init: Failed to open handle to diag driver, error = 111
09-10 09:42:54.731 29468 29503 I ATS     : vendor/qcom/sw5100-lw4/proprietary-audio/args/acdb/ats/transports/diag/linux/actp/src/actp.c:actp_diag_init:105 Error[1]: Failed to initialize DIAG
09-10 09:42:54.731 29468 29503 E ATS     : vendor/qcom/sw5100-lw4/proprietary-audio/args/acdb/ats/src/ats.c:ats_init:143 Error[1]: Failed to initialize Diag
09-10 09:42:54.731 29468 29503 E ATS     : vendor/qcom/sw5100-lw4/proprietary-audio/args/acdb/ats/src/ats.c:ats_init:263 Error[1]: Failed to initialize ATS
09-10 09:42:54.731 29468 29503 E AGM: API: ats_init_thread: 64 ats_init failed retry 34 err 1
09-10 09:42:54.737 29598 29598 D SystemServerTiming: StartAltitudeService
09-10 09:42:54.737 29598 29598 I SystemServiceManager: Starting com.android.server.location.altitude.AltitudeService$Lifecycle
09-10 09:42:54.742 29598 29598 D SystemServerTiming: StartLocationTimeZoneManagerService
09-10 09:42:54.742 29598 29598 I SystemServiceManager: Starting com.android.server.timezonedetector.location.LocationTimeZoneManagerService$Lifecycle
09-10 09:42:54.745 29598 29598 D SystemServerTiming: StartGnssTimeUpdateService
09-10 09:42:54.745 29598 29598 I SystemServiceManager: Starting com.android.server.timedetector.GnssTimeUpdateService$Lifecycle
09-10 09:42:54.748 29598 29598 D SystemServerTiming: StartWallpaperManagerService
09-10 09:42:54.748 29598 29598 I SystemServiceManager: Starting com.android.server.wallpaper.WallpaperManagerService$Lifecycle
09-10 09:42:54.751 29598 29598 D DisplayManagerService: supportedStates=[0]
09-10 09:42:54.752 29598 29598 D DisplayManagerService: possibleInfos={DisplayInfo{"Built-in Screen", displayId 0, displayGroupId 0, FLAG_SECURE, FLAG_SUPPORTS_PROTECTED_BUFFERS, FLAG_ROUND, FLAG_TRUSTED, FLAG_ALLOWS_CONTENT_MODE_SWITCH, real 384 x 384, largest app 384 x 384, smallest app 384 x 384, appVsyncOff 14499998, presDeadline 16000000, mode 1, renderFrameRate 60.000004, hasArrSupport false, frameRateCategoryRate FrameRateCategoryRate {normal=60.0, high=90.0}, supportedRefreshRates [60.000004, 30.000002, 20.0], frameRateVelocityMapping [android.view.FrameRateVelocityPoint@b9003c1, android.view.FrameRateVelocityPoint@545a03c1, android.view.FrameRateVelocityPoint@5ea603c1], defaultMode 1, userPreferredModeId -1, supportedModes [{id=1, parentModeId=-1, sfModeId=0, flags=, width=384, height=384, fps=60.000004, vsync=60.000004, alternativeRefreshRates=[], supportedHdrTypes=[2, 3, 4]}], hdrCapabilities HdrCapabilities{mSupportedHdrTypes=[2, 3, 4], mMaxLuminance=500.0, mMaxAverageLuminance=500.0, mMinLuminance=0.0}, isForceSdr false, userDisabledHdrTypes [], minimalPostProcessingSupported false, rotation 0, state UNKNOWN, committedState UNKNOWN, type INTERNAL, uniqueId "local:4630946367249729921", app 384 x 384, density 320 (325.12 x 325.12) dpi, layerStack 0, colorMode 0, supportedColorModes [0], address StablePhysical{id=4630946367249729921, port=129}, deviceProductInfo DeviceProductInfo{name=, manufacturerPnpId=QCM, productId=1, modelYear=null, manufactureDate=ManufactureDate{week=27, year=2006}, connectionToSinkType=1, edidStructureMetadata=EdidStructureMetadata{version=0, revision=0}, videoInputType=0}, removeMode 0, refreshRateOverride 0.0, brightnessMinimum 0.0, brightnessMaximum 1.0, brightnessDefault 0.314688, brightnessDim 0.235, installOrientation ROTATION_0, layoutLimitedRefreshRate null, hdrSdrRatio not_available, thermalRefreshRateThrottling {}, thermalBrightnessThrottlingDataId default, canHostTasks true}}
09-10 09:42:54.756 29598 29598 D SystemServerTiming: StartAudioService
09-10 09:42:54.756 29598 29598 I SystemServiceManager: Starting com.android.server.audio.AudioService$Lifecycle
09-10 09:42:54.812 29598 29598 W system_server: Method boolean com.android.server.audio.AudioService.setAdditionalOutputDeviceDelay(android.media.AudioDeviceAttributes, long) failed lock verification and will run slower.
09-10 09:42:54.834 29464 29464 D TimeCheck: getDurationMs: isRelaxedTimingDevice: false first-chance-ms: 5000
09-10 09:42:54.834 29464 29464 D TimeCheck: getDurationMs: isRelaxedTimingDevice: false second-chance-ms: 5000
09-10 09:42:54.837 29598 29598 D AudioSystem: onNewService: media.audio_policy service obtained 0xeba96f60
09-10 09:42:54.838 29598 29598 D AudioSystem: getService: IAudioPolicyService retrieved: 0xeba96f60  cached: 0xeba96f60
09-10 09:42:54.847 29598 29598 D AudioSystem: onNewServiceWithAdapter: media.audio_flinger service obtained 0xea4c52d0
09-10 09:42:54.849 29464 29534 W AudioFlinger: no wake lock to update, system not ready yet
09-10 09:42:54.849 29464 29537 W AudioFlinger: no wake lock to update, system not ready yet
09-10 09:42:54.849 29464 29505 D AudioFlinger: onStateChanged: pid:29598  uid:1000  state:unfrozen - no freeze activity
09-10 09:42:54.849 29464 29540 W AudioFlinger: no wake lock to update, system not ready yet
09-10 09:42:54.850 29464 29542 W AudioFlinger: no wake lock to update, system not ready yet
09-10 09:42:54.850 29464 29553 W AudioFlinger: no wake lock to update, system not ready yet
09-10 09:42:54.850 29464 29551 W AudioFlinger: no wake lock to update, system not ready yet
09-10 09:42:54.850 29464 29556 W AudioFlinger: no wake lock to update, system not ready yet
09-10 09:42:54.851 29598 29598 D AudioSystem: getService: IAudioFlingerService retrieved: 0xea6351a0  IAudioFlinger cached: 0xea4c52d0
09-10 09:42:54.855 29464 29464 D DeviceHalAidl: [default] setParameters: parameters: "BT_SCO=off"
09-10 09:42:54.855 29468 29476 I PAL: ResourceManager: setParameter: 11196: SCO output and input devices are all unavailable
09-10 09:42:54.856 29468 29476 E PAL: Bluetooth: getInstance: 2806: creating instance for  30
09-10 09:42:54.856 29468 29476 I PAL: ResourceManager: setParameter: 11210: SCO already in requested state, ignoring
09-10 09:42:54.856 29468 29476 D AHAL_Bluetooth_QTI: setScoConfig: received ScoConfig{isEnabled: Boolean{value: false}, isNrecEnabled: (null), mode: UNSPECIFIED, debugName: (null)}, returning ScoConfig{isEnabled: Boolean{value: false}, isNrecEnabled: Boolean{value: false}, mode: SCO, debugName: (null)}
09-10 09:42:54.857 29464 29464 D DeviceHalAidl: [usb] setParameters: parameters: "BT_SCO=off"
09-10 09:42:54.857 29464 29464 D DeviceHalAidl: [r_submix] setParameters: parameters: "BT_SCO=off"
09-10 09:42:54.858 29464 29464 D DeviceHalAidl: [default] setParameters: parameters: "A2dpSuspended=false"
09-10 09:42:54.858 29468 29476 I PAL: Bluetooth: getInstance: 2414: creating instance for  8
09-10 09:42:54.859 29468 29476 D btaudio_offload_aidl: bt_audio_pre_init: calling 2.0 preinit
09-10 09:42:54.860 29468 29476 D btaudio_offload_qti: is_value_adds_supported: vendor_info = 0
09-10 09:42:54.860 29468 29476 E btaudio_offload_qti: is_value_adds_supported: Build is not running with QC Value-adds for odm 
09-10 09:42:54.860 29468 29476 E btaudio_offload_qti: bt_audio_pre_init_qti: Not registering QC IBluetoothAudioProvidersFactory
09-10 09:42:54.860 29468 29476 D btaudio_offload_aidl: bt_audio_pre_init: calling 2.1 preinit
09-10 09:42:54.860 29468 29476 D btaudio_offload_qti_2_1: is_value_adds_supported: vendor_info = 0
09-10 09:42:54.860 29468 29476 E btaudio_offload_qti_2_1: is_value_adds_supported: Build is not running with QC Value-adds for odm 
09-10 09:42:54.860 29468 29476 E btaudio_offload_qti_2_1: bt_audio_pre_init_qti: Not registering QC IBluetoothAudioProvidersFactory
09-10 09:42:54.860 29468 29476 D BtAudioAIDLService: createIBluetoothAudioProviderFactory: Already registered the AIDL 1.0 service 
09-10 09:42:54.860 29468 29476 D btaudio_offload_aidl: bt_audio_pre_init: config thread already exists
09-10 09:42:54.860 29468 29476 I PAL: ResourceManager: setParameter: 11340: A2DP/BLE already in requested state, ignoring
09-10 09:42:54.860 29468 29476 D AHAL_Bluetooth_QTI: setEnabled: 1
09-10 09:42:54.861 29464 29464 D DeviceHalAidl: [usb] setParameters: parameters: "A2dpSuspended=false"
09-10 09:42:54.861 29464 29464 D DeviceHalAidl: [r_submix] setParameters: parameters: "A2dpSuspended=false"
09-10 09:42:54.862 29464 29464 D DeviceHalAidl: [default] setParameters: parameters: "LeAudioSuspended=false"
09-10 09:42:54.863 29468 29476 I AHAL_Platform_QTI: setBluetoothParameters BT LEA Suspended = ,false command received
09-10 09:42:54.863 29468 29476 I PAL: Bluetooth: getInstance: 2428: creating instance for  22
09-10 09:42:54.863 29468 29476 D btaudio_offload_aidl: bt_audio_pre_init: calling 2.0 preinit
09-10 09:42:54.863 29468 29476 D btaudio_offload_qti: is_value_adds_supported: vendor_info = 0
09-10 09:42:54.863 29468 29476 E btaudio_offload_qti: is_value_adds_supported: Build is not running with QC Value-adds for odm 
09-10 09:42:54.863 29468 29476 E btaudio_offload_qti: bt_audio_pre_init_qti: Not registering QC IBluetoothAudioProvidersFactory
09-10 09:42:54.863 29468 29476 D btaudio_offload_aidl: bt_audio_pre_init: calling 2.1 preinit
09-10 09:42:54.864 29468 29476 D btaudio_offload_qti_2_1: is_value_adds_supported: vendor_info = 0
09-10 09:42:54.864 29468 29476 E btaudio_offload_qti_2_1: is_value_adds_supported: Build is not running with QC Value-adds for odm 
09-10 09:42:54.864 29468 29476 E btaudio_offload_qti_2_1: bt_audio_pre_init_qti: Not registering QC IBluetoothAudioProvidersFactory
09-10 09:42:54.864 29468 29476 D BtAudioAIDLService: createIBluetoothAudioProviderFactory: Already registered the AIDL 1.0 service 
09-10 09:42:54.864 29468 29476 D btaudio_offload_aidl: bt_audio_pre_init: config thread already exists
09-10 09:42:54.864 29468 29476 I PAL: ResourceManager: setParameter: 11340: A2DP/BLE already in requested state, ignoring
09-10 09:42:54.864 29468 29476 I PAL: Bluetooth: getInstance: 2442: creating instance for  50
09-10 09:42:54.866 29468 29476 I PAL: ResourceManager: setParameter: 11656: a2dp/ble already in requested state, ignoring
09-10 09:42:54.866 29468 29476 I PAL: Bluetooth: getInstance: 2435: creating instance for  23
09-10 09:42:54.866 29468 29476 D btaudio_offload_aidl: bt_audio_pre_init: calling 2.0 preinit
09-10 09:42:54.867 29468 29476 D btaudio_offload_qti: is_value_adds_supported: vendor_info = 0
09-10 09:42:54.867 29468 29476 E btaudio_offload_qti: is_value_adds_supported: Build is not running with QC Value-adds for odm 
09-10 09:42:54.867 29468 29476 E btaudio_offload_qti: bt_audio_pre_init_qti: Not registering QC IBluetoothAudioProvidersFactory
09-10 09:42:54.867 29468 29476 D btaudio_offload_aidl: bt_audio_pre_init: calling 2.1 preinit
09-10 09:42:54.867 29468 29476 D btaudio_offload_qti_2_1: is_value_adds_supported: vendor_info = 0
09-10 09:42:54.867 29468 29476 E btaudio_offload_qti_2_1: is_value_adds_supported: Build is not running with QC Value-adds for odm 
09-10 09:42:54.867 29468 29476 E btaudio_offload_qti_2_1: bt_audio_pre_init_qti: Not registering QC IBluetoothAudioProvidersFactory
09-10 09:42:54.867 29468 29476 D BtAudioAIDLService: createIBluetoothAudioProviderFactory: Already registered the AIDL 1.0 service 
09-10 09:42:54.867 29468 29476 D btaudio_offload_aidl: bt_audio_pre_init: config thread already exists
09-10 09:42:54.867 29468 29476 I PAL: ResourceManager: setParameter: 11340: A2DP/BLE already in requested state, ignoring
09-10 09:42:54.867 29468 29476 D AHAL_Bluetooth_QTI: setEnabled: 1
09-10 09:42:54.868 29464 29464 D DeviceHalAidl: [usb] setParameters: parameters: "LeAudioSuspended=false"
09-10 09:42:54.868 29464 29464 D DeviceHalAidl: [r_submix] setParameters: parameters: "LeAudioSuspended=false"
09-10 09:42:54.897 29598 29598 I AS.AudioService: Stream 5: using max vol of 7
09-10 09:42:54.897 29598 29598 I AS.AudioService: Stream 5: using default vol of 5
09-10 09:42:54.897 29598 29598 I AS.AudioService: Stream 2: using max vol of 7
09-10 09:42:54.897 29598 29598 I AS.AudioService: Stream 2: using default vol of 5
09-10 09:42:54.899 29598 29818 I AS.AudioService: Controller start task complete
09-10 09:42:54.902 29598 29825 W system_server: Method void com.android.server.audio.AudioService$AudioHandler.handleMessage(android.os.Message) failed lock verification and will run slower.
09-10 09:42:54.910 29598 29598 I android_os_HwBinder: HwBinder: Starting thread pool for getting: android.hidl.manager@1.0::IServiceManager/default
09-10 09:42:54.930 29464 29464 D DeviceHalAidl: [default] getMicMute
09-10 09:42:54.931 29464 29464 D DeviceHalAidl: [default] setMicMute: mute 0
09-10 09:42:54.931 29468 29476 D AHAL_ModulePrimary_QTI: setMicMute: 0
09-10 09:42:54.931 29464 29464 D DeviceHalAidl: [usb] setMicMute: mute 0
09-10 09:42:54.931 29468 29475 D AHAL_ModuleUsb: setMicMute: is not supported
09-10 09:42:54.932 29464 29464 D DeviceHalAidl: [r_submix] setMicMute: mute 0
09-10 09:42:54.932 29468 29475 D AHAL_ModuleRemoteSubmix: setMicMute: is not supported
09-10 09:42:54.933 29464 29505 D DeviceHalAidl: [default] getMicMute
09-10 09:42:54.939 29464 29464 D AudioFlinger: isLowRamDevice:true totalMemory:1829683200 mClientSharedHeapSize:1048576
09-10 09:42:54.949 29598 29598 E PowerManagerService: Tried to acquire wake lock for display 0 before system ready: lock=175641931, flags=0x1, tag="handleAudioEvent", ws=null, uid=1000, pid=29598, packageName=android
09-10 09:42:54.953 29598 29598 D SystemServerTiming: StartSoundTriggerMiddlewareService
09-10 09:42:54.953 29598 29598 I SystemServiceManager: Starting com.android.server.soundtrigger_middleware.SoundTriggerMiddlewareService$Lifecycle
09-10 09:42:54.954 29598 29825 I AS.AudioService: updateIndexFactors() stream:0 index min/max:1/15 indexStepFactor:1.0
09-10 09:42:54.956 29464 29549 I CaptureStateNotifier: Registering a listener
09-10 09:42:54.958 29598 29825 I AS.AudioService: updateIndexFactors() stream:1 index min/max:0/7 indexStepFactor:1.0
09-10 09:42:54.960 29598 29825 I AS.AudioService: updateIndexFactors() stream:2 index min/max:0/7 indexStepFactor:1.0
09-10 09:42:54.961 29598 29598 I SoundTriggerMiddlewareDefaultHalFactory: Connecting to default soundtrigger3.ISoundTriggerHw
09-10 09:42:54.963 29598 29825 I AS.AudioService: updateIndexFactors() stream:3 index min/max:0/15 indexStepFactor:1.0
09-10 09:42:54.966 29598 29825 I AS.AudioService: updateIndexFactors() stream:4 index min/max:0/7 indexStepFactor:1.0
09-10 09:42:54.968 29468 29475 I STHAL: SoundTriggerHw: registerGlobalCallback: 86: Exit, status 0
09-10 09:42:54.969 29598 29825 I AS.AudioService: updateIndexFactors() stream:5 index min/max:0/7 indexStepFactor:1.0
09-10 09:42:54.969 29468 29475 I STHAL: SoundTriggerSession: SoundTriggerSession: 30: Enter, handle 0
09-10 09:42:54.970 29468 29475 E PAL: PerfLock: init: 66: failed to find perf_lock_acq 
09-10 09:42:54.970 29468 29475 I PAL: API: pal_stream_open: 268: Enter, stream type:17, direction 2 device PAL_DEVICE_IN_HANDSET_VA_MIC
09-10 09:42:54.970 29468 29475 I PAL: StreamSoundTrigger: isBitWidthSupported: 883: bitWidth 16
09-10 09:42:54.970 29468 29475 I PAL: StreamSoundTrigger: isSampleRateSupported: 838: sampleRate 16000
09-10 09:42:54.970 29468 29475 I PAL: StreamSoundTrigger: isChannelSupported: 861: numChannels 1
09-10 09:42:54.970 29468 29475 I PAL: StreamSoundTrigger: StreamSoundTrigger: 115: Enter
09-10 09:42:54.970 29468 29475 I PAL: StreamSoundTrigger: StreamSoundTrigger: 189: capture conc enable 0,voice conc enable 0,hfp conc enable 0,voip conc enable 0
09-10 09:42:54.970 29468 29475 I PAL: ResourceManager: GetSoundTriggerConcurrencyCount_l: 4769: conc enable cnt 0, conc disable count 0
09-10 09:42:54.971 29468 29475 I PAL: StreamSoundTrigger: StreamSoundTrigger: 209: Exit
09-10 09:42:54.971 29468 29475 I PAL: ResourceManager: GetConcurrencyInfo: 5561: stream type 17 Tx conc 0, Rx conc 0, concurrency allowed
09-10 09:42:54.971 29468 29475 I PAL: ResourceManager: GetConcurrencyInfo: 5561: stream type 17 Tx conc 0, Rx conc 0, concurrency allowed
09-10 09:42:54.971 29468 29475 I PAL: ResourceManager: GetConcurrencyInfo: 5561: stream type 17 Tx conc 0, Rx conc 0, concurrency allowed
09-10 09:42:54.971 29468 29830 I PAL: StreamSoundTrigger: TimerThread: 988: Enter
09-10 09:42:54.971 29468 29475 I PAL: ResourceManager: GetConcurrencyInfo: 5561: stream type 17 Tx conc 0, Rx conc 0, concurrency allowed
09-10 09:42:54.971 29468 29475 I PAL: API: pal_stream_open: 316: st_stream: 0xee7e5600K
09-10 09:42:54.971 29468 29475 I PAL: API: pal_stream_open: 320: Exit. Value of stream_handle 0xee7e5600K, status 0
09-10 09:42:54.972 29468 29475 I PAL: StreamSoundTrigger: getParameters: 441: Enter, get parameter 33
09-10 09:42:54.972 29468 29475 I PAL: StreamSoundTrigger: getParameters: 472: Select available caputre device 41
09-10 09:42:54.972 29468 29475 I PAL: StreamSoundTrigger: GetCurrentCaptureProfile: 2023: cap_prof MCU_MIC_16KHZ_16BIT_RAW_NLPI: dev_id=0x29, chs=1, sr=16000, snd_name=va-mcu-mic, ec_ref=0
09-10 09:42:54.972 29468 29475 I PAL: Device: setDeviceAttributes: 411: DeviceAttributes for Device Id 41 updated
09-10 09:42:54.972 29468 29475 E PAL: ResourceManager: voteSleepMonitor: 2110: ioctl device is not open
09-10 09:42:54.972 29468 29475 I PAL: Device: open: 491: Enter. deviceCount 0 for device id 41 (PAL_DEVICE_IN_HANDSET_VA_MIC)
09-10 09:42:54.972 29468 29475 I PAL: SessionAlsaUtils: setDeviceMediaConfig: 1077: TDM-LPAIF_RXTX-TX-PRIMARY rate ch fmt data_fmt 16000 1 2 1
09-10 09:42:54.972 29468 29475 D audio_route: Apply path: va-mcu-mic
09-10 09:42:54.972 29598 29825 I AS.AudioService: updateIndexFactors() stream:7 index min/max:0/7 indexStepFactor:1.0
09-10 09:42:54.973 29468 29475 I PAL: Device: open: 538: Exit. deviceCount 1 for device id 41 (PAL_DEVICE_IN_HANDSET_VA_MIC), exit status: 0
09-10 09:42:54.973 29468 29475 E PAL: ResourceManager: voteSleepMonitor: 2110: ioctl device is not open
09-10 09:42:54.973 29468 29475 I PAL: StreamSoundTrigger: getParameters: 492: num_dsp_va_users: 1
09-10 09:42:54.973 29468 29475 I PAL: StreamSoundTrigger: GetCurrentCaptureProfile: 2023: cap_prof MCU_MIC_16KHZ_16BIT_RAW_NLPI: dev_id=0x29, chs=1, sr=16000, snd_name=va-mcu-mic, ec_ref=0
09-10 09:42:54.973 29468 29475 I PAL: StreamSoundTrigger: getParameters: 502: Devicepp Selector: MCU_MIC_16KHZ_16BIT_RAW_NLPI
09-10 09:42:54.973 29468 29475 I PAL: StreamSoundTrigger: getParameters: 506: Module Type:101, Name: HOTWORD
09-10 09:42:54.973 29468 29475 I PAL: SoundTriggerEngineGsl: UpdateState: 576: Engine state transitioned from 0 to 0
09-10 09:42:54.973 29468 29475 I PAL: SoundTriggerEngineGsl: SoundTriggerEngineGsl: 469: Enter
09-10 09:42:54.973 29468 29475 I PAL: SoundTriggerEngineGsl: SoundTriggerEngineGsl: 536: Exit
09-10 09:42:54.974 29468 29831 I PAL: SoundTriggerEngineGsl: ProcessEventTask: 84: Enter
09-10 09:42:54.974 29468 29475 I PAL: SoundTriggerEngineGsl: GetParameters: 1597: Enter
09-10 09:42:54.974 29468 29475 I PAL: ResourceManager: allocateFrontEndIds: 7255: allocateFrontEndIds: front end 115
09-10 09:42:54.974 29468 29475 I PAL: PayloadBuilder: populateStreamKV: 2983: stream type 17
09-10 09:42:54.974 29468 29475 I PAL: PayloadBuilder: getSelectorValues: 2852: VUI module type:HOTWORD
09-10 09:42:54.974 29468 29475 I PAL: PayloadBuilder: getSelectorValues: 2815: Instance: 1
09-10 09:42:54.974 29468 29475 I PAL: PayloadBuilder: findKVs: 2686: key: 0xbc000000 value: 0xbc000002
09-10 09:42:54.974 29598 29825 I AS.AudioService: updateIndexFactors() stream:8 index min/max:0/15 indexStepFactor:1.0
09-10 09:42:54.974 29468 29475 I PAL: PayloadBuilder: findKVs: 2686: key: 0xb1000000 value: 0xb1000003
09-10 09:42:54.974 29468 29475 I PAL: PayloadBuilder: findKVs: 2686: key: 0xab000000 value: 0x1
09-10 09:42:54.974 29468 29475 I PAL: PayloadBuilder: populateStreamCkv: 3307: stream channels 1
09-10 09:42:54.974 29468 29475 I PAL: PayloadBuilder: populateDeviceKV: 3107: Enter device id:41
09-10 09:42:54.974 29468 29475 I PAL: PayloadBuilder: retrieveKVs: 2746: No KVs found for the stream type/dev id: 41
09-10 09:42:54.974 29468 29475 I PAL: PayloadBuilder: populateDeviceKV: 3135: Exit device id:41, status 0
09-10 09:42:54.974 29468 29475 I PAL: PayloadBuilder: populateDevicePPKV: 3268: Tx device id:41
09-10 09:42:54.975 29468 29475 I PAL: PayloadBuilder: getSelectorValues: 2881: stream type: 17
09-10 09:42:54.975 29468 29475 I PAL: PayloadBuilder: getSelectorValues: 2876: devicePP_type:MCU_MIC_16KHZ_16BIT_RAW_NLPI
09-10 09:42:54.975 29468 29475 I PAL: PayloadBuilder: findKVs: 2686: key: 0xa3000000 value: 0xa3000006
09-10 09:42:54.975 29468 29475 I PAL: PayloadBuilder: findKVs: 2686: key: 0xad000000 value: 0xad00000e
09-10 09:42:54.975 29468 29475 I PAL: PayloadBuilder: populateDevicePPCkv: 3377: channels 1, id 41
09-10 09:42:54.975 29468 29475 I AGM: session: session_obj_set_sess_aif_metadata: 1930 Setting metadata for sess_id 115, aif id 10
09-10 09:42:54.975 29468 29475 D AGM: metadata: metadata_print: 79 *************************Metadata*************************
09-10 09:42:54.975 29468 29475 D AGM: metadata: metadata_print: 80 GKV size:2
09-10 09:42:54.975 29468 29475 D AGM: metadata: metadata_print: 83 key:0xa3000000, value:0xa3000006 
09-10 09:42:54.975 29468 29475 D AGM: metadata: metadata_print: 83 key:0xad000000, value:0xad00000e 
09-10 09:42:54.975 29468 29475 D AGM: metadata: metadata_print: 87 
09-10 09:42:54.975 29468 29475 D AGM: metadata: CKV count:1
09-10 09:42:54.975 29468 29475 D AGM: metadata: metadata_print: 90 key:0xa9000000, value:0x1 
09-10 09:42:54.975 29468 29475 D AGM: metadata: metadata_print: 92 
09-10 09:42:54.975 29468 29475 D AGM: metadata: metadata_print: 94 Property ID:134217744
09-10 09:42:54.975 29468 29475 D AGM: metadata: metadata_print: 95 property count:1
09-10 09:42:54.975 29468 29475 D AGM: metadata: metadata_print: 98 Property Values: 
09-10 09:42:54.975 29468 29475 D AGM: metadata: metadata_print: 100 0x3 
09-10 09:42:54.975 29468 29475 D AGM: metadata: metadata_print: 102 
09-10 09:42:54.975 29468 29475 D AGM: metadata: metadata_print: 103 ****************Metadata Done***************************
09-10 09:42:54.975 29468 29475 D AGM: metadata: 
09-10 09:42:54.975 29468 29475 I AGM: session: session_obj_set_sess_aif_metadata: 1935 Exit
09-10 09:42:54.975 29468 29475 I AgmIpc::Server: SessionInfo created for session 115
09-10 09:42:54.975 29468 29475 I AGM: API: agm_session_aif_connect: 623 connecting aifid:10 with session id=115
09-10 09:42:54.978 29598 29825 I AS.AudioService: updateIndexFactors() stream:9 index min/max:0/15 indexStepFactor:1.0
09-10 09:42:54.982 29598 29825 I AS.AudioService: updateIndexFactors() stream:10 index min/max:1/15 indexStepFactor:1.0
09-10 09:42:54.985 29598 29825 I AS.AudioService: updateIndexFactors() stream:11 index min/max:0/15 indexStepFactor:1.0
09-10 09:42:54.992 29468 29475 D AGM: graph: graph_open: 549 entry
09-10 09:42:54.992 29468 29475 D AGM: metadata: metadata_print: 79 *************************Metadata*************************
09-10 09:42:54.992 29468 29475 D AGM: metadata: metadata_print: 80 GKV size:5
09-10 09:42:54.992 29468 29475 D AGM: metadata: metadata_print: 83 key:0xbc000000, value:0xbc000002 
09-10 09:42:54.992 29468 29475 D AGM: metadata: metadata_print: 83 key:0xb1000000, value:0xb1000003 
09-10 09:42:54.993 29468 29475 D AGM: metadata: metadata_print: 83 key:0xab000000, value:0x1 
09-10 09:42:54.993 29468 29475 D AGM: metadata: metadata_print: 83 key:0xa3000000, value:0xa3000006 
09-10 09:42:54.993 29468 29475 D AGM: metadata: metadata_print: 83 key:0xad000000, value:0xad00000e 
09-10 09:42:54.993 29468 29475 D AGM: metadata: metadata_print: 87 
09-10 09:42:54.993 29468 29475 D AGM: metadata: CKV count:2
09-10 09:42:54.993 29468 29475 D AGM: metadata: metadata_print: 90 key:0xd4000000, value:0x1 
09-10 09:42:54.993 29468 29475 D AGM: metadata: metadata_print: 90 key:0xa9000000, value:0x1 
09-10 09:42:54.993 29468 29475 D AGM: metadata: metadata_print: 92 
09-10 09:42:54.993 29468 29475 D AGM: metadata: metadata_print: 94 Property ID:134217744
09-10 09:42:54.993 29468 29475 D AGM: metadata: metadata_print: 95 property count:2
09-10 09:42:54.993 29468 29475 D AGM: metadata: metadata_print: 98 Property Values: 
09-10 09:42:54.993 29468 29475 D AGM: metadata: metadata_print: 100 0x1 
09-10 09:42:54.993 29468 29475 D AGM: metadata: metadata_print: 100 0x3 
09-10 09:42:54.993 29468 29475 D AGM: metadata: metadata_print: 102 
09-10 09:42:54.993 29468 29475 D AGM: metadata: metadata_print: 103 ****************Metadata Done***************************
09-10 09:42:54.993 29468 29475 D AGM: metadata: 
09-10 09:42:54.993 29468 29475 E ACDB    : vendor/qcom/sw5100-lw4/proprietary-audio/args/acdb/src/acdb_command.c:AcdbCmdGetGraphAlias:3875 Error[19]: Graph Alias chunk data does not exist. Is it enabled?.
09-10 09:42:54.993 29468 29475 E gsl     : vendor/qcom/sw5100-lw4/proprietary-audio/args/gsl/src/gsl_main.c:gsl_get_graph_alias:2265 acdb get graph alias failed 19, len 255
09-10 09:42:54.993 29468 29475 D AGM: graph: print_graph_alias: 2331 gsl_get_graph_alias failed: ret = 19
09-10 09:42:54.993 29468 29475 D AGM: graph: graph_open: 677 miid 42fa mid 700100f tag c0000005
09-10 09:42:54.993 29468 29475 D AGM: graph: graph_open: 629 miid 4181 mid 7001004 tag c000000f
09-10 09:42:54.993 29468 29475 I GPR:    : vendor/qcom/sw5100-lw4/proprietary-audio/args/gpr/core/src/gpr_drv.c:__gpr_cmd_register_v2:931 GPR Register: Source Port is 8208 heap_index: 0
09-10 09:42:54.999 29468 29475 E ACDB    : vendor/qcom/sw5100-lw4/proprietary-audio/args/acdb/src/acdb_command.c:AcdbCmdGetProcSubgraphCalDataPersist:8255 Error[19]: No calibration found
09-10 09:42:55.000 29468 29475 E ACDB    : vendor/qcom/sw5100-lw4/proprietary-audio/args/acdb/src/acdb_command.c:AcdbCmdGetProcSubgraphCalDataPersist:8255 Error[19]: No calibration found
09-10 09:42:55.000 29468 29475 E ACDB    : vendor/qcom/sw5100-lw4/proprietary-audio/args/acdb/src/acdb_command.c:AcdbCmdGetProcSubgraphCalDataPersist:8255 Error[19]: No calibration found
09-10 09:42:55.000 29468 29475 D AGM: graph: graph_open: 709 graph_handle 0x47534c
09-10 09:42:55.000 29468 29475 D AGM: graph: graph_open: 745 exit, ret 0
09-10 09:42:55.000 29468 29475 I AgmIpc::Server: addSessionHandle sessionId 115 handle ee871c00
09-10 09:42:55.000 29468 29475 D PLUGIN: pcm: agm_pcm_hw_params: 500 agm_pcm_hw_params: mode: 268435456
09-10 09:42:55.001 29468 29475 I PAL: SessionAlsaPcm: getParameters: 3879: Enter, param id 0x21, tag id : 0xc0000008
09-10 09:42:55.002 29468 29475 I PAL: SessionAlsaPcm: getParameters: 3988: Exit. status 0
09-10 09:42:55.002 29468 29475 I AGM: API: agm_session_aif_connect: 623 disconnecting aifid:10 with session id=115
09-10 09:42:55.002 29468 29475 D AGM: graph: graph_stop: 928 entry graph_handle 0x47534c
09-10 09:42:55.002 29468 29475 D AGM: metadata: metadata_print: 79 *************************Metadata*************************
09-10 09:42:55.002 29468 29475 D AGM: metadata: metadata_print: 80 GKV size:5
09-10 09:42:55.002 29468 29475 D AGM: metadata: metadata_print: 83 key:0xbc000000, value:0xbc000002 
09-10 09:42:55.002 29468 29475 D AGM: metadata: metadata_print: 83 key:0xb1000000, value:0xb1000003 
09-10 09:42:55.002 29468 29475 D AGM: metadata: metadata_print: 83 key:0xab000000, value:0x1 
09-10 09:42:55.002 29468 29475 D AGM: metadata: metadata_print: 83 key:0xa3000000, value:0xa3000006 
09-10 09:42:55.002 29468 29475 D AGM: metadata: metadata_print: 83 key:0xad000000, value:0xad00000e 
09-10 09:42:55.002 29468 29475 D AGM: metadata: metadata_print: 87 
09-10 09:42:55.002 29468 29475 D AGM: metadata: CKV count:2
09-10 09:42:55.002 29468 29475 D AGM: metadata: metadata_print: 90 key:0xd4000000, value:0x1 
09-10 09:42:55.002 29468 29475 D AGM: metadata: metadata_print: 90 key:0xa9000000, value:0x1 
09-10 09:42:55.002 29468 29475 D AGM: metadata: metadata_print: 92 
09-10 09:42:55.002 29468 29475 D AGM: metadata: metadata_print: 94 Property ID:134217744
09-10 09:42:55.002 29468 29475 D AGM: metadata: metadata_print: 95 property count:1
09-10 09:42:55.002 29468 29475 D AGM: metadata: metadata_print: 98 Property Values: 
09-10 09:42:55.002 29468 29475 D AGM: metadata: metadata_print: 100 0x3 
09-10 09:42:55.002 29468 29475 D AGM: metadata: metadata_print: 102 
09-10 09:42:55.002 29468 29475 D AGM: metadata: metadata_print: 103 ****************Metadata Done***************************
09-10 09:42:55.002 29468 29475 D AGM: metadata: 
09-10 09:42:55.002 29468 29475 D AGM: graph: graph_stop: 976 exit, ret 0
09-10 09:42:55.004 29468 29475 I AGM: device: device_set_metadata: 793 Setting device metadata for TDM-LPAIF_RXTX-TX-PRIMARY
09-10 09:42:55.004 29468 29475 D AGM: metadata: metadata_print: 79 *************************Metadata*************************
09-10 09:42:55.004 29468 29475 D AGM: metadata: metadata_print: 80 GKV size:0
09-10 09:42:55.004 29468 29475 D AGM: metadata: metadata_print: 87 
09-10 09:42:55.004 29468 29475 D AGM: metadata: CKV count:0
09-10 09:42:55.004 29468 29475 D AGM: metadata: metadata_print: 92 
09-10 09:42:55.004 29468 29475 D AGM: metadata: metadata_print: 94 Property ID:134217744
09-10 09:42:55.004 29468 29475 D AGM: metadata: metadata_print: 95 property count:2
09-10 09:42:55.004 29468 29475 D AGM: metadata: metadata_print: 98 Property Values: 
09-10 09:42:55.005 29468 29475 D AGM: metadata: metadata_print: 100 0x2 
09-10 09:42:55.005 29468 29475 D AGM: metadata: metadata_print: 100 0x5 
09-10 09:42:55.005 29468 29475 D AGM: metadata: metadata_print: 102 
09-10 09:42:55.005 29468 29475 D AGM: metadata: metadata_print: 103 ****************Metadata Done***************************
09-10 09:42:55.005 29468 29475 D AGM: metadata: 
09-10 09:42:55.005 29468 29475 I AGM: session: session_obj_set_sess_aif_metadata: 1930 Setting metadata for sess_id 115, aif id 10
09-10 09:42:55.005 29468 29475 D AGM: metadata: metadata_print: 79 *************************Metadata*************************
09-10 09:42:55.005 29468 29475 D AGM: metadata: metadata_print: 80 GKV size:0
09-10 09:42:55.005 29468 29475 D AGM: metadata: metadata_print: 87 
09-10 09:42:55.005 29468 29475 D AGM: metadata: CKV count:0
09-10 09:42:55.005 29468 29475 D AGM: metadata: metadata_print: 92 
09-10 09:42:55.005 29468 29475 D AGM: metadata: metadata_print: 94 Property ID:134217744
09-10 09:42:55.005 29468 29475 D AGM: metadata: metadata_print: 95 property count:1
09-10 09:42:55.005 29468 29475 D AGM: metadata: metadata_print: 98 Property Values: 
09-10 09:42:55.005 29468 29475 D AGM: metadata: metadata_print: 100 0x3 
09-10 09:42:55.005 29468 29475 D AGM: metadata: metadata_print: 102 
09-10 09:42:55.005 29468 29475 D AGM: metadata: metadata_print: 103 ****************Metadata Done***************************
09-10 09:42:55.005 29468 29475 D AGM: metadata: 
09-10 09:42:55.005 29468 29475 I AGM: session: session_obj_set_sess_aif_metadata: 1935 Exit
09-10 09:42:55.005 29468 29475 I AgmIpc::Server: removeSessionHandle removing handle ee871c00 for session 115
09-10 09:42:55.005 29468 29475 D AGM: session: session_close: 1333 enter
09-10 09:42:55.005 29468 29475 D AGM: graph: graph_close: 762 entry handle 0x47534c
09-10 09:42:55.006 29468 29475 D AGM: graph: graph_close: 783 exit, ret 0
09-10 09:42:55.007 29468 29475 D AGM: session: session_close: 1384 exit, ret 0
09-10 09:42:55.007 29468 29475 I PAL: ResourceManager: freeFrontEndIds: 7499: stream type 17, freeing 115
09-10 09:42:55.010 29468 29475 I PAL: SoundTriggerEngineGsl: GetParameters: 1647: Exit, status 0
09-10 09:42:55.011 29468 29475 I PAL: Device: close: 548: Enter. deviceCount 1 for device id 41 (PAL_DEVICE_IN_HANDSET_VA_MIC)
09-10 09:42:55.011 29468 29475 I PAL: Device: close: 571: Exit. deviceCount 0 for device id 41 (PAL_DEVICE_IN_HANDSET_VA_MIC), exit status 0
09-10 09:42:55.011 29468 29475 I PAL: StreamSoundTrigger: getParameters: 526: num_dsp_va_users: 0
09-10 09:42:55.011 29468 29475 I PAL: StreamSoundTrigger: getParameters: 542: Exit status: 0
09-10 09:42:55.011 29468 29475 I STHAL: SoundTriggerSession: getModuleVersion: 98: Version 642444186,892cd3c8-f513-35c4-8397-b5d21fccb491
09-10 09:42:55.011 29468 29475 I PAL: API: pal_stream_close: 339: Enter. Stream handle :0xee7e5600K
09-10 09:42:55.011 29468 29475 I PAL: StreamSoundTrigger: close: 284: Enter, stream direction 2
09-10 09:42:55.011 29468 29475 I PAL: StreamSoundTrigger: ProcessEvent: 2072: StIdle: handle event 1 for stream instance 1
09-10 09:42:55.011 29468 29475 I PAL: StreamSoundTrigger: UnloadSoundModel: 1391: Enter
09-10 09:42:55.011 29468 29475 I PAL: SoundTriggerEngineGsl: ~SoundTriggerEngineGsl: 540: Enter
09-10 09:42:55.011 29468 29831 I PAL: SoundTriggerEngineGsl: ProcessEventTask: 90: done waiting on cond
09-10 09:42:55.012 29468 29831 I PAL: SoundTriggerEngineGsl: ProcessEventTask: 141: Exit
09-10 09:42:55.013 29468 29475 I PAL: SoundTriggerEngineGsl: ~SoundTriggerEngineGsl: 549: Thread joined
09-10 09:42:55.013 29468 29475 I PAL: SoundTriggerEngineGsl: ~SoundTriggerEngineGsl: 570: Exit
09-10 09:42:55.013 29468 29475 I PAL: StreamSoundTrigger: UnloadSoundModel: 1440: Exit, status 0
09-10 09:42:55.013 29468 29475 I PAL: StreamSoundTrigger: close: 297: Exit, status 0
09-10 09:42:55.013 29468 29475 I PAL: ResourceManager: GetConcurrencyInfo: 5561: stream type 17 Tx conc 0, Rx conc 0, concurrency allowed
09-10 09:42:55.013 29468 29475 I PAL: ResourceManager: GetConcurrencyInfo: 5561: stream type 17 Tx conc 0, Rx conc 0, concurrency allowed
09-10 09:42:55.013 29468 29475 I PAL: ResourceManager: GetConcurrencyInfo: 5561: stream type 17 Tx conc 0, Rx conc 0, concurrency allowed
09-10 09:42:55.013 29468 29475 I PAL: ResourceManager: GetConcurrencyInfo: 5561: stream type 17 Tx conc 0, Rx conc 0, concurrency allowed
09-10 09:42:55.013 29468 29475 I PAL: StreamSoundTrigger: ~StreamSoundTrigger: 222: Join timer thread
09-10 09:42:55.013 29468 29830 I PAL: StreamSoundTrigger: TimerThread: 1011: Exit
09-10 09:42:55.013 29468 29475 I PAL: ResourceManager: deregisterStream: 3725: stream type 17
09-10 09:42:55.014 29468 29475 I PAL: StreamSoundTrigger: ~StreamSoundTrigger: 278: Exit
09-10 09:42:55.014 29468 29475 I PAL: API: pal_stream_close: 387: Notify MCU DSP Hotword and RTT disabled
09-10 09:42:55.014 29468 29475 I PAL: API: pal_set_screen_off_dsp_hw_on: 1926: Screen is off and DSP HW is running? => NO
09-10 09:42:55.014 29468 29475 I PAL: API: pal_stream_close: 419: Exit. status 0
09-10 09:42:55.014 29468 29475 I STHAL: SoundTriggerHw: getProperties: 139: Exit properties Properties{implementor: QUALCOMM Technologies, Inc, description: Sound Trigger HAL, version: 256, uuid: 68ab2d40-e860-11e3-95ef-0002a5d5c51b, supportedModelArch: 642444186,892cd3c8-f513-35c4-8397-b5d21fccb491, maxSoundModels: 8, maxKeyPhrases: 10, maxUsers: 10, recognitionModes: 9, captureTransition: true, maxBufferMs: 0, concurrentCapture: false, triggerInEvent: false, powerConsumptionMw: 0, audioCapabilities: 0}, status 0
09-10 09:42:55.014 29468 29475 I STHAL: SoundTriggerSession: ~SoundTriggerSession: 38: Enter, handle 0
09-10 09:42:55.021 29598 29598 W SystemServiceManager: Service com.android.server.soundtrigger_middleware.SoundTriggerMiddlewareService$Lifecycle took 67 ms in onStart
09-10 09:42:55.021 29598 29598 D SystemServerTiming: StartDockObserver
09-10 09:42:55.021 29598 29598 I SystemServiceManager: Starting com.android.server.DockObserver
09-10 09:42:55.023 29598 29598 I DockObserver: No extcon dock device found in this kernel.
09-10 09:42:55.025 29598 29598 D SystemServerTiming: StartThermalObserver
09-10 09:42:55.026 29598 29598 I SystemServiceManager: Starting com.android.clockwork.ThermalObserver
09-10 09:42:55.028 29598 29598 D SystemServerTiming: StartAdbService
09-10 09:42:55.028 29598 29598 I SystemServiceManager: Starting com.android.server.adb.AdbService$Lifecycle
09-10 09:42:55.037 29598 29598 W AdbAuthorizationStore: Ignoring tag 'keyStore'. Not recognized.
09-10 09:42:55.049 29598 29806 D ConnectivityService: NetReassign [no changes] [c 1] [a 0] [i 0]
09-10 09:42:55.054 29598 29598 D SystemServerTiming: StartUsbService
09-10 09:42:55.054 29598 29598 I SystemServiceManager: Starting com.android.server.usb.UsbService$Lifecycle
09-10 09:42:55.055 29598 29598 D SystemServerTiming: StartSerialManagerService
09-10 09:42:55.055 29598 29624 D SystemServerTimingAsync: InitThreadPoolExec:UsbService$Lifecycle#onStart
09-10 09:42:55.056 29598 29598 I SystemServiceManager: Starting com.android.server.serial.SerialManagerService$Lifecycle
09-10 09:42:55.059 29598 29624 I UsbDeviceManager: failed to write to /sys/class/android_usb/android0/f_rndis/ethaddr
09-10 09:42:55.060 29598 29598 D SystemServerTiming: StartHardwarePropertiesManagerService
09-10 09:42:55.062 29598 29624 W system_server: Method com.android.server.usb.hal.gadget.UsbGadgetHal com.android.server.usb.hal.gadget.UsbGadgetHalInstance.getInstance(com.android.server.usb.UsbDeviceManager) failed lock verification and will run slower.
09-10 09:42:55.062 29598 29624 D UsbPortManager: Querying USB Gadget HAL version
09-10 09:42:55.067 29598 29624 I UsbPortManager: USB Gadget HAL AIDL present
09-10 09:42:55.071 29598 29624 D UsbDeviceManager: getInstance done
09-10 09:42:55.071 29598 29598 D SystemServerTiming: StartColorDisplay
09-10 09:42:55.072 29598 29598 I SystemServiceManager: Starting com.android.server.display.color.ColorDisplayService
09-10 09:42:55.072 29598 29624 I UsbDeviceManager: Device enabled userspace AOA: false
09-10 09:42:55.073 29598 29624 I UsbDeviceManager: Initial userspace AOA enablement: false
09-10 09:42:55.073 29598 29624 I UsbDeviceManager: Userspace AOA enabled: false
09-10 09:42:55.075 29598 29624 W StorageManagerService: No primary storage defined yet; hacking together a stub
09-10 09:42:55.077 29598 29598 D SystemServerTiming: StartJobScheduler
09-10 09:42:55.077 29598 29598 I SystemServiceManager: Starting com.android.server.job.JobSchedulerService
09-10 09:42:55.079 29598 29627 I UsbGadgetAidl: USB Gadget HAL AIDL version: GADGET_HAL_V2_0
09-10 09:42:55.081 29598 29624 D UsbDeviceManager: Enable UDC Sysfs USB State Update: false
09-10 09:42:55.082 29598 29624 D UsbPortManager: Querying USB HAL version
09-10 09:42:55.086 29598 29624 I UsbPortManager: USB HAL AIDL present
09-10 09:42:55.088 29598 29822 I UsbDeviceManager: Usb getCurrentUsbFunctionsCb ,functions:1 ,status:2 ,transactionId:1
09-10 09:42:55.091 29598 29624 D UsbPortManager: getInstance done
09-10 09:42:55.092   726   861 D MCU     : audio_service_base.cc:987        10:04:27.176 AP Service received SPI message for Audio Service 2
09-10 09:42:55.093   726   861 I MCU     : audio_service_base.cc:840        10:04:27.176 Sample rate change requested: 16000Hz
09-10 09:42:55.093 29598 29627 I UsbDeviceManager: processing MSG_GET_CURRENT_USB_FUNCTIONS
09-10 09:42:55.093 29598 29627 I UsbDeviceManager: updating mCurrentFunctions
09-10 09:42:55.093   726   861 D MCU     : audio_service_base.cc:987        10:04:27.176 AP Service received SPI message for Audio Service 4
09-10 09:42:55.093 29598 29627 I UsbDeviceManager: mCurrentFunctions:0applied:1
09-10 09:42:55.093   726   861 I MCU     : audio_service_base.cc:865        10:04:27.176 Gain change requested: 0
09-10 09:42:55.093   726   861 D MCU     : audio_service_base.cc:987        10:04:27.177 AP Service received SPI message for Audio Service 1
09-10 09:42:55.094   726   861 I MCU     : audio_service_base.cc:768        10:04:27.177 Start: Mic user 0 start requested, payload_data = 0
09-10 09:42:55.094 29598 29822 I UsbDeviceManager: getUsbSpeedCb speed:2 ,transactionId:4
09-10 09:42:55.095   726   861 I MCU     : audio_service_base.cc:1085       10:04:27.177 RequestUserOnOff: Turning on mic user 0
09-10 09:42:55.096   726   861 D MCU     : audio_service_base.cc:649        10:04:27.177 Mic Users: 0(*) 1(-) 2(-) 3(-)
09-10 09:42:55.096   726   861 I MCU     : audio_service_base.cc:406        10:04:27.177 UpdateMicrophone: Turning on microphone
09-10 09:42:55.096   726   861 D MCU     : audio_service_base.cc:962        10:04:27.178 Placed marker 8
09-10 09:42:55.097   726   861 D MCU     : microphone.cc:182                10:04:27.181 Setting DC cut to 0x0 for 16kHz
09-10 09:42:55.097   726   861 I MCU     : audio_service_base.cc:575        10:04:27.181 UpdateMicrophone: Queueing mute data. Waiting for mute data to be sent before recording
09-10 09:42:55.098   726   861 D MCU     : audio_service_base.cc:824        10:04:27.181 Received marker 8
09-10 09:42:55.098   726   861 D MCU     : audio_service_base.cc:987        10:04:27.190 AP Service received SPI message for Audio Service 1
09-10 09:42:55.098   726   861 I MCU     : audio_service_base.cc:805        10:04:27.190 Stop: Stopping mic user 0
09-10 09:42:55.099   726   861 I MCU     : audio_service_base.cc:1076       10:04:27.190 RequestUserOnOff: Turning off mic user 0
09-10 09:42:55.099   726   861 D MCU     : audio_service_base.cc:649        10:04:27.190 Mic Users: 0(-) 1(-) 2(-) 3(-)
09-10 09:42:55.099   726   861 I MCU     : audio_service_base.cc:401        10:04:27.190 UpdateMicrophone: Turning off microphone
09-10 09:42:55.100   726   861 I MCU     : audio_service_base.cc:434        10:04:27.190 UpdateMicrophone: Buffers recorded: 0, passed to I2S: 0, sent: 0, dropped: 0; Frame Errors: 0, Extra mute: 0
09-10 09:42:55.100   726   861 D MCU     : audio_service_base.cc:987        10:04:27.191 AP Service received SPI message for Audio Service 2
09-10 09:42:55.100   726   861 I MCU     : audio_service_base.cc:840        10:04:27.191 Sample rate change requested: 16000Hz
09-10 09:42:55.102   887   887 I android.hardware.usb-service.qti: port0
09-10 09:42:55.106 29598 29806 D ConnectivityService: NetReassign [no changes] [c 0] [a 0] [i 0]
09-10 09:42:55.106   887   887 I android.hardware.usb-service.qti: 1:port0 connected:1 canChangeMode:1 canChangeData:0 canChangePower:0 usbDataDisabled:0, powerTransferLimited:0
09-10 09:42:55.108 29598 29622 I UsbPortManager: all: opID:1 successful
09-10 09:42:55.109 29598 29629 D JobStore: Start tag: job-info
09-10 09:42:55.124 29598 29598 D SystemServerTiming: StartSoundTrigger
09-10 09:42:55.125 29598 29598 I SystemServiceManager: Starting com.android.server.soundtrigger.SoundTriggerService
09-10 09:42:55.125 29598 29629 W JobInfo : Job 'com.google.wear.services/.phoneswitching.DisableSetupWizardService#4' has a deadline with no functional constraints. The deadline won't improve job execution latency. Consider removing the deadline.
09-10 09:42:55.128 29598 29598 D SystemServerTiming: StartTrustManager
09-10 09:42:55.129 29598 29598 I SystemServiceManager: Starting com.android.server.trust.TrustManagerService
09-10 09:42:55.130  1235  1235 I adbd    : adbd service requested 'shell,v2,TERM=xterm-256color:export ANDROID_LOG_TAGS=''; exec logcat '-d''
09-10 09:42:55.132 29598 29598 D SystemServerTiming: StartBackupManager
09-10 09:42:55.132 29598 29598 I SystemServiceManager: Starting com.android.server.backup.BackupManagerService$Lifecycle
09-10 09:42:55.138 29598 29598 D SystemServerTiming: StartGestureLauncher
09-10 09:42:55.139 29598 29598 I SystemServiceManager: Starting com.android.server.GestureLauncherService
09-10 09:42:55.140 29598 29629 W JobInfo : Job 'android/com.android.server.usage.UsageStatsIdleService#0' has a deadline with no functional constraints. The deadline won't improve job execution latency. Consider removing the deadline.
09-10 09:42:55.141 29598 29598 D SystemServerTiming: StartSensorNotification
09-10 09:42:55.141 29598 29598 I SystemServiceManager: Starting com.android.server.SensorNotificationService
09-10 09:42:55.142 29598 29598 D SystemServerTiming: StartContextHubSystemService
09-10 09:42:55.142 29598 29598 I SystemServiceManager: Starting com.android.server.ContextHubSystemService
09-10 09:42:55.143 29598 29730 D SystemServerTimingAsync: InitThreadPoolExec:Init ContextHubSystemService
09-10 09:42:55.143 29598 29598 D SystemServerTiming: StartDiskStatsService
09-10 09:42:55.147 29598 29629 D JobStore: Start tag: job-info
09-10 09:42:55.150 29598 29629 D JobStore: Start tag: job-info
09-10 09:42:55.153 29598 29730 I ContextHubService: Starting Context Hub Service init
09-10 09:42:55.155 29598 29629 D JobStore: Start tag: job-info
09-10 09:42:55.156 29464 29549 I AudioPolicyInterfaceImpl: setDeviceAbsoluteVolumeEnabled: deviceAidl AudioDevice{type: AudioDeviceDescription{type: OUT_HEARING_AID, connection: wireless}, address: AudioDeviceAddress{id: }}, enabled 1, streamToDriveAbsAidl 3
09-10 09:42:55.156 29464 29549 I APM_AudioPolicyManager: setDeviceAbsoluteVolumeEnabled: deviceType 0x8000000, enabled 1, streamToDriveAbs 3
09-10 09:42:55.159 29464 29549 I AudioPolicyInterfaceImpl: setDeviceAbsoluteVolumeEnabled: deviceAidl AudioDevice{type: AudioDeviceDescription{type: OUT_HEADSET, connection: bt-sco}, address: AudioDeviceAddress{id: }}, enabled 1, streamToDriveAbsAidl 0
09-10 09:42:55.159 29464 29549 I APM_AudioPolicyManager: setDeviceAbsoluteVolumeEnabled: deviceType 0x20, enabled 1, streamToDriveAbs 0
09-10 09:42:55.160 29464 29464 I AudioPolicyInterfaceImpl: setDeviceAbsoluteVolumeEnabled: deviceAidl AudioDevice{type: AudioDeviceDescription{type: OUT_HEADSET, connection: bt-le}, address: AudioDeviceAddress{id: }}, enabled 1, streamToDriveAbsAidl 3
09-10 09:42:55.160 29464 29464 I APM_AudioPolicyManager: setDeviceAbsoluteVolumeEnabled: deviceType 0x20000000, enabled 1, streamToDriveAbs 3
09-10 09:42:55.161 29464 29464 I AudioPolicyInterfaceImpl: setDeviceAbsoluteVolumeEnabled: deviceAidl AudioDevice{type: AudioDeviceDescription{type: OUT_DEVICE, connection: bt-sco}, address: AudioDeviceAddress{id: }}, enabled 1, streamToDriveAbsAidl 0
09-10 09:42:55.161 29464 29464 I APM_AudioPolicyManager: setDeviceAbsoluteVolumeEnabled: deviceType 0x10, enabled 1, streamToDriveAbs 0
09-10 09:42:55.162 29464 29464 I AudioPolicyInterfaceImpl: setDeviceAbsoluteVolumeEnabled: deviceAidl AudioDevice{type: AudioDeviceDescription{type: OUT_SPEAKER, connection: bt-le}, address: AudioDeviceAddress{id: }}, enabled 1, streamToDriveAbsAidl 3
09-10 09:42:55.162 29464 29464 I APM_AudioPolicyManager: setDeviceAbsoluteVolumeEnabled: deviceType 0x20000001, enabled 1, streamToDriveAbs 3
09-10 09:42:55.163 29598 29629 D JobStore: Start tag: job-info
09-10 09:42:55.163 29464 29464 I AudioPolicyInterfaceImpl: setDeviceAbsoluteVolumeEnabled: deviceAidl AudioDevice{type: AudioDeviceDescription{type: OUT_BROADCAST, connection: bt-le}, address: AudioDeviceAddress{id: }}, enabled 1, streamToDriveAbsAidl 3
09-10 09:42:55.164 29464 29464 I APM_AudioPolicyManager: setDeviceAbsoluteVolumeEnabled: deviceType 0x20000002, enabled 1, streamToDriveAbs 3
09-10 09:42:55.165 29464 29464 I AudioPolicyInterfaceImpl: setDeviceAbsoluteVolumeEnabled: deviceAidl AudioDevice{type: AudioDeviceDescription{type: OUT_HEARING_AID, connection: bt-le}, address: AudioDeviceAddress{id: }}, enabled 1, streamToDriveAbsAidl 3
09-10 09:42:55.165 29464 29464 I APM_AudioPolicyManager: setDeviceAbsoluteVolumeEnabled: deviceType 0x20000004, enabled 1, streamToDriveAbs 3
09-10 09:42:55.165   870   870 I CHRE    : Registered host hub 4714816302561715200
09-10 09:42:55.165 29598 29825 I AS.AudioDeviceBroker: reading AdiDeviceState from legacy keyspatial_audio_enabled
09-10 09:42:55.166 29598 29825 I AS.AudioDeviceBroker: no AdiDeviceState stored with legacy key
09-10 09:42:55.166 29598 29825 I AS.SpatializerHelper: init effectExpected=false
09-10 09:42:55.166 29598 29825 I AS.SpatializerHelper: init(): setting state to STATE_NOT_SUPPORTED due to effect not expected
09-10 09:42:55.166 29598 29825 I AS.SpatializerHelper: setFeatureEnabled(false) was featureEnabled:false
09-10 09:42:55.168 29598 29629 D JobStore: Start tag: job-info
09-10 09:42:55.170 29598 29730 D ContextHubService: Enabling generic offload API
09-10 09:42:55.174   870   870 W android.hardware.contexthub-service.wac: AIBinder_linkToDeath is being called with a non-null cookie and no onUnlink callback set. Use AIBinder_DeathRecipient_setOnUnlinked to manage the lifetime of the cookie. This will become an abort.
09-10 09:42:55.179 29598 29629 D JobStore: Start tag: job-info
09-10 09:42:55.179 29598 29730 D ContextHubClientManager: Registered client with host endpoint ID 0
09-10 09:42:55.187 29598 29629 D JobStore: Start tag: job-info
09-10 09:42:55.189 29598 29730 D ContextHubService: Mic Disabled Setting: false
09-10 09:42:55.191 29598 29730 W system_server: Monitor::Inflate: Install failed 0x734ded88
09-10 09:42:55.192   870   888 D ContextHubHal: Got nanoapp list response with 22 apps
09-10 09:42:55.205 29598 29839 V NanoAppStateManager: Added app instance with handle 0 to hub 0: ID=0x476f6f676c001025, version=0x0
09-10 09:42:55.207 29598 29839 V NanoAppStateManager: Added app instance with handle 1 to hub 0: ID=0x476f6f676c003000, version=0x2
09-10 09:42:55.207 29598 29730 I ContextHubService: Finished Context Hub Service init
09-10 09:42:55.207 29598 29839 V NanoAppStateManager: Added app instance with handle 2 to hub 0: ID=0x476f6f676c003001, version=0x1000003
09-10 09:42:55.208 29598 29839 V NanoAppStateManager: Added app instance with handle 3 to hub 0: ID=0x476f6f676c000016, version=0x0
09-10 09:42:55.208 29598 29629 D JobStore: Start tag: job-info
09-10 09:42:55.208 29598 29839 V NanoAppStateManager: Added app instance with handle 4 to hub 0: ID=0x476f6f676c00102c, version=0x0
09-10 09:42:55.208 29598 29839 V NanoAppStateManager: Added app instance with handle 5 to hub 0: ID=0x476f6f676c001034, version=0x2
09-10 09:42:55.208 29598 29839 V NanoAppStateManager: Added app instance with handle 6 to hub 0: ID=0x476f6f676c001024, version=0xd
09-10 09:42:55.208 29598 29839 V NanoAppStateManager: Added app instance with handle 7 to hub 0: ID=0x476f6f676c001023, version=0x7
09-10 09:42:55.208 29598 29839 V NanoAppStateManager: Added app instance with handle 8 to hub 0: ID=0x476f6f676c00200b, version=0x80f08
09-10 09:42:55.209 29598 29839 V NanoAppStateManager: Added app instance with handle 9 to hub 0: ID=0x476f6f676c001035, version=0x2001
09-10 09:42:55.209 29598 29839 V NanoAppStateManager: Added app instance with handle 10 to hub 0: ID=0x476f6f676c00103d, version=0x1
09-10 09:42:55.209 29598 29839 V NanoAppStateManager: Added app instance with handle 11 to hub 0: ID=0x476f6f6754000008, version=0x1
09-10 09:42:55.209 29598 29839 V NanoAppStateManager: Added app instance with handle 12 to hub 0: ID=0x476f6f676c00200c, version=0x0
09-10 09:42:55.209 29598 29839 V NanoAppStateManager: Added app instance with handle 13 to hub 0: ID=0x476f6f676c003002, version=0x0
09-10 09:42:55.209 29598 29839 V NanoAppStateManager: Added app instance with handle 14 to hub 0: ID=0x476f6f676c003004, version=0x0
09-10 09:42:55.209 29598 29839 V NanoAppStateManager: Added app instance with handle 15 to hub 0: ID=0x476f6f676c003003, version=0x1
09-10 09:42:55.210 29598 29839 V NanoAppStateManager: Added app instance with handle 16 to hub 0: ID=0x476f6f676c003005, version=0x1010001
09-10 09:42:55.210 29598 29839 V NanoAppStateManager: Added app instance with handle 17 to hub 0: ID=0x476f6f676c00100d, version=0x3
09-10 09:42:55.210 29598 29839 V NanoAppStateManager: Added app instance with handle 18 to hub 0: ID=0x476f6f676c001043, version=0x0
09-10 09:42:55.210 29598 29839 V NanoAppStateManager: Added app instance with handle 19 to hub 0: ID=0x476f6f676c00103f, version=0x1
09-10 09:42:55.210 29598 29839 V NanoAppStateManager: Added app instance with handle 20 to hub 0: ID=0x476f6f676c001062, version=0x1
09-10 09:42:55.210 29598 29839 V NanoAppStateManager: Added app instance with handle 21 to hub 0: ID=0x476f6f676c001049, version=0x0
09-10 09:42:55.213 29598 29629 D JobStore: Start tag: job-info
09-10 09:42:55.217 29598 29629 D JobStore: Start tag: job-info
09-10 09:42:55.220 29598 29629 D JobStore: Start tag: job-info
09-10 09:42:55.222 29598 29629 I JobStore: Read 29 jobs
09-10 09:42:55.232 29468 29503 D Diag_Lib: diag: Diag_LSM_Init: invoked for pid: 29468 with init_count: 0
09-10 09:42:55.232 29468 29503 D Diag_Lib: diag:failed to connect to diag socket
09-10 09:42:55.233 29598 29598 D SystemServerTiming: RuntimeService
09-10 09:42:55.235 29468 29503 D Diag_Lib:  Diag_LSM_Init: Failed to open handle to diag driver, error = 111
09-10 09:42:55.235 29468 29503 I ATS     : vendor/qcom/sw5100-lw4/proprietary-audio/args/acdb/ats/transports/diag/linux/actp/src/actp.c:actp_diag_init:105 Error[1]: Failed to initialize DIAG
09-10 09:42:55.235 29468 29503 E ATS     : vendor/qcom/sw5100-lw4/proprietary-audio/args/acdb/ats/src/ats.c:ats_init:143 Error[1]: Failed to initialize Diag
09-10 09:42:55.235 29598 29598 D SystemServerTiming: StartNetworkTimeUpdateService
09-10 09:42:55.235 29468 29503 E ATS     : vendor/qcom/sw5100-lw4/proprietary-audio/args/acdb/ats/src/ats.c:ats_init:263 Error[1]: Failed to initialize ATS
09-10 09:42:55.235 29468 29503 E AGM: API: ats_init_thread: 64 ats_init failed retry 35 err 1
09-10 09:42:55.240 29598 29598 D SystemServerTiming: CertBlocklister
09-10 09:42:55.242 29598 29598 D SystemServerTiming: StartEmergencyAffordanceService
09-10 09:42:55.242 29598 29598 I SystemServiceManager: Starting com.android.server.emergency.EmergencyAffordanceService
09-10 09:42:55.245 29598 29598 D SystemServerTiming: startBlobStoreManagerService
09-10 09:42:55.245 29598 29598 I SystemServiceManager: Starting com.android.server.blob.BlobStoreManagerService
09-10 09:42:55.252 29598 29598 D SystemServerTiming: StartDreamManager
09-10 09:42:55.253 29598 29598 I SystemServiceManager: Starting com.android.server.dreams.DreamManagerService
09-10 09:42:55.258 29598 29598 D SystemServerTiming: AddGraphicsStatsService
09-10 09:42:55.268 29598 29598 D SystemServerTiming: StartAttestationVerificationService
09-10 09:42:55.268 29598 29598 I SystemServiceManager: Starting com.android.server.security.AttestationVerificationManagerService
09-10 09:42:55.275   758   766 I libbinder.ServiceManagerCppClient: Waiting for service 'statscompanion' on '/dev/binder'...
09-10 09:42:55.284 29598 29598 D AVF     : Started
09-10 09:42:55.285 29598 29598 D SystemServerTiming: StartCompanionDeviceManager
09-10 09:42:55.286 29598 29598 I SystemServiceManager: Starting com.android.server.companion.CompanionDeviceManagerService
09-10 09:42:55.296 29598 29598 I CDM_CompanionTransportManager: Registering OnTransportsChangedListener
09-10 09:42:55.297 29598 29598 I CDM_CompanionTransportManager: Registering OnTransportsChangedListener
09-10 09:42:55.300 29598 29598 I CDM_CompanionTransportManager: Registering OnTransportsChangedListener
09-10 09:42:55.305 29598 29598 I CDM_AssociationDiskStore: Reading associations for user 0 from disk.
09-10 09:42:55.316 29598 29848 D CDM_ObservableUuidStore: Reading data for user 0 from file=/data/system_de/0/observable_uuids
09-10 09:42:55.316 29598 29848 D CDM_ObservableUuidStore: File does not exist -> Abort
09-10 09:42:55.319 29598 29598 D SystemServerTiming: StartTaskContinuityService
09-10 09:42:55.319 29598 29598 I SystemServiceManager: Starting com.android.server.companion.datatransfer.continuity.TaskContinuityManagerService
