--------- beginning of crash
09-10 09:44:56.467 29598 29598 E AndroidRuntime: *** FATAL EXCEPTION IN SYSTEM PROCESS: main
09-10 09:44:56.467 29598 29598 E AndroidRuntime: java.lang.NullPointerException: Attempt to invoke interface method 'android.os.IBinder com.android.clockwork.modes.IStateChangeListener.asBinder()' on a null object reference
09-10 09:44:56.467 29598 29598 E AndroidRuntime: 	at com.android.clockwork.modes.ListenerManager.findRemoteObserverWrapperLocked(go/retraceme cfe317e26c3e2829cc9d3bf73fa23c109c948b7d6c857f2317d8882bdc7d34b9:0)
09-10 09:44:56.467 29598 29598 E AndroidRuntime: 	at com.android.clockwork.modes.ListenerManager$$ExternalSyntheticLambda5.run(go/retraceme cfe317e26c3e2829cc9d3bf73fa23c109c948b7d6c857f2317d8882bdc7d34b9:21)
09-10 09:44:56.467 29598 29598 E AndroidRuntime: 	at android.os.Handler.handleCallback(Handler.java:1095)
09-10 09:44:56.467 29598 29598 E AndroidRuntime: 	at android.os.Handler.dispatchMessageImpl(Handler.java:135)
09-10 09:44:56.467 29598 29598 E AndroidRuntime: 	at android.os.Handler.dispatchMessage(Handler.java:125)
09-10 09:44:56.467 29598 29598 E AndroidRuntime: 	at android.os.Looper.loopOnce(Looper.java:296)
09-10 09:44:56.467 29598 29598 E AndroidRuntime: 	at android.os.Looper.loop(Looper.java:397)
09-10 09:44:56.467 29598 29598 E AndroidRuntime: 	at com.android.server.SystemServer.main(go/retraceme 56cb9c0977ae9f67603f451f002522c463042b44293aaef01295dafee5e0332e:696)
09-10 09:44:56.467 29598 29598 E AndroidRuntime: 	at java.lang.reflect.Method.invoke(Native Method)
09-10 09:44:56.467 29598 29598 E AndroidRuntime: 	at com.android.internal.os.RuntimeInit$MethodAndArgsCaller.run(RuntimeInit.java:575)
09-10 09:44:56.467 29598 29598 E AndroidRuntime: 	at com.android.internal.os.ZygoteInit.main(ZygoteInit.java:917)
09-10 09:44:56.988 32322 32322 E AndroidRuntime: FATAL EXCEPTION: main
09-10 09:44:56.988 32322 32322 E AndroidRuntime: Process: com.vrp.poc, PID: 32322
09-10 09:44:56.988 32322 32322 E AndroidRuntime: java.lang.RuntimeException: Adding window failed
09-10 09:44:56.988 32322 32322 E AndroidRuntime: 	at android.view.ViewRootImpl.setView(ViewRootImpl.java:1805)
09-10 09:44:56.988 32322 32322 E AndroidRuntime: 	at android.view.WindowManagerGlobal.addView(WindowManagerGlobal.java:516)
09-10 09:44:56.988 32322 32322 E AndroidRuntime: 	at android.view.WindowManagerImpl.addView(WindowManagerImpl.java:188)
09-10 09:44:56.988 32322 32322 E AndroidRuntime: 	at android.app.ActivityThread.handleResumeActivity(ActivityThread.java:6059)
09-10 09:44:56.988 32322 32322 E AndroidRuntime: 	at android.app.servertransaction.ResumeActivityItem.execute(ResumeActivityItem.java:73)
09-10 09:44:56.988 32322 32322 E AndroidRuntime: 	at android.app.servertransaction.ActivityTransactionItem.execute(ActivityTransactionItem.java:63)
09-10 09:44:56.988 32322 32322 E AndroidRuntime: 	at android.app.servertransaction.TransactionExecutor.executeLifecycleItem(TransactionExecutor.java:169)
09-10 09:44:56.988 32322 32322 E AndroidRuntime: 	at android.app.servertransaction.TransactionExecutor.executeTransactionItems(TransactionExecutor.java:101)
09-10 09:44:56.988 32322 32322 E AndroidRuntime: 	at android.app.servertransaction.TransactionExecutor.execute(TransactionExecutor.java:80)
09-10 09:44:56.988 32322 32322 E AndroidRuntime: 	at android.app.ActivityThread$H.handleMessage(ActivityThread.java:3032)
09-10 09:44:56.988 32322 32322 E AndroidRuntime: 	at android.os.Handler.dispatchMessageImpl(Handler.java:142)
09-10 09:44:56.988 32322 32322 E AndroidRuntime: 	at android.os.Handler.dispatchMessage(Handler.java:125)
09-10 09:44:56.988 32322 32322 E AndroidRuntime: 	at android.os.Looper.loopOnce(Looper.java:296)
09-10 09:44:56.988 32322 32322 E AndroidRuntime: 	at android.os.Looper.loop(Looper.java:397)
09-10 09:44:56.988 32322 32322 E AndroidRuntime: 	at android.app.ActivityThread.main(ActivityThread.java:9523)
09-10 09:44:56.988 32322 32322 E AndroidRuntime: 	at java.lang.reflect.Method.invoke(Native Method)
09-10 09:44:56.988 32322 32322 E AndroidRuntime: 	at com.android.internal.os.RuntimeInit$MethodAndArgsCaller.run(RuntimeInit.java:575)
09-10 09:44:56.988 32322 32322 E AndroidRuntime: 	at com.android.internal.os.ZygoteInit.main(ZygoteInit.java:939)
09-10 09:44:56.988 32322 32322 E AndroidRuntime: Caused by: android.os.DeadObjectException
09-10 09:44:56.988 32322 32322 E AndroidRuntime: 	at android.os.BinderProxy.transactNative(Native Method)
09-10 09:44:56.988 32322 32322 E AndroidRuntime: 	at android.os.BinderProxy.transact(BinderProxy.java:626)
09-10 09:44:56.988 32322 32322 E AndroidRuntime: 	at android.view.IWindowSession$Stub$Proxy.addToDisplayAsUser(IWindowSession.java:1222)
09-10 09:44:56.988 32322 32322 E AndroidRuntime: 	at android.view.ViewRootImpl.setView(ViewRootImpl.java:1784)
09-10 09:44:56.988 32322 32322 E AndroidRuntime: 	... 17 more
--------- beginning of system
09-10 09:45:16.813  1435  1435 V WindowManager: Transition requested [FALLBACK] (#0): com.android.server.wm.Transition$Token@2172309 TransitionRequestInfo { type = CHANGE, triggerTask = null, pipChange = null, remoteTransitionInfo = null, displayChanges = null, requestedLocation = null, userChange = null, windowingLayerChange = null, fullscreenRequestChange = null, flags = 0, debugId = 0 }
09-10 09:45:16.814  1435  1460 V WindowManager: Starting transition [FALLBACK] (#0): com.android.server.wm.Transition$Token@2172309 TransitionRequestInfo { type = CHANGE, triggerTask = null, pipChange = null, remoteTransitionInfo = null, displayChanges = null, requestedLocation = null, userChange = null, windowingLayerChange = null, fullscreenRequestChange = null, flags = 0, debugId = 0 }
09-10 09:45:16.815  1435  1435 I ActivityTaskManager: Config changes=200 {1.0 ?mcc0mnc [en_US] ldltr sw192dp w192dp h192dp 320dpi smll round hdr port watch finger -keyb/v/h -nav/h winConfig={ mBounds=Rect(0, 0 - 384, 384) mAppBounds=Rect(0, 0 - 384, 384) mMaxBounds=Rect(0, 0 - 384, 384) mDisplayRotation=ROTATION_0 mWindowingMode=fullscreen mActivityType=undefined mAlwaysOnTop=undefined mRotation=ROTATION_0} s.4 ?fontWeightAdjustment}
09-10 09:45:16.819  1435  1435 I WindowManager: Override config changes=200 {1.0 ?mcc0mnc [en_US] ldltr sw192dp w192dp h192dp 320dpi smll round hdr port watch finger -keyb/v/h -nav/h winConfig={ mBounds=Rect(0, 0 - 384, 384) mAppBounds=Rect(0, 0 - 384, 384) mMaxBounds=Rect(0, 0 - 384, 384) mDisplayRotation=ROTATION_0 mWindowingMode=fullscreen mActivityType=undefined mAlwaysOnTop=undefined mRotation=ROTATION_0} s.4 ?fontWeightAdjustment} for displayId=0
09-10 09:45:16.820  1435  1435 W TransitionChain: Combining dispOverCfg into #0(CHANGE|R|0x0) from updateGlobalConfig
09-10 09:45:16.822  1435  1435 D SystemServerTiming: OnBootPhase_500_com.android.server.locales.LocaleManagerService
09-10 09:45:16.822  1435  1435 D SystemServerTiming: OnBootPhase_500_com.android.server.appwindowlayout.AppWindowLayoutSettingsService
09-10 09:45:16.822  1435  1435 D SystemServerTiming: OnBootPhase_500_com.android.server.grammaticalinflection.GrammaticalInflectionService
09-10 09:45:16.822  1435  1435 D SystemServerTiming: OnBootPhase_500_com.android.server.apphibernation.AppHibernationService
09-10 09:45:16.825  1435  1435 D SystemServerTiming: OnBootPhase_500_com.android.server.locksettings.LockSettingsService$Lifecycle
09-10 09:45:16.825  1435  1435 D SystemServerTiming: OnBootPhase_500_com.android.server.pdb.PersistentDataBlockService
09-10 09:45:16.826  1435  1435 D SystemServerTiming: OnBootPhase_500_com.android.server.testharness.TestHarnessModeService
09-10 09:45:16.826  1435  1435 D TestHarnessModeService: Setting up test harness mode
09-10 09:45:16.826  1435  1435 D TestHarnessModeService: Getting PersistentDataBlockManagerInternal from LocalServices
09-10 09:45:16.843  1435  1435 D SystemServerTiming: OnBootPhase_500_com.android.server.oemlock.OemLockService
09-10 09:45:16.843  1435  1435 D SystemServerTiming: OnBootPhase_500_com.android.server.DeviceIdleController
09-10 09:45:16.851  1435  1435 W PowerManagerService: Battery saver is not supported, no low power mode observer registered
09-10 09:45:16.852  1435  1435 W PowerManagerService: Battery saver is not supported, no low power mode observer registered
09-10 09:45:16.855  1435  1435 D SystemServerTiming: OnBootPhase_500_com.android.server.devicepolicy.DevicePolicyManagerService$Lifecycle
09-10 09:45:16.856  1435  1435 D SystemServerTiming: OnBootPhase_500_com.android.server.voiceinteraction.VoiceInteractionManagerService
09-10 09:45:16.856  1435  1435 D SystemServerTiming: OnBootPhase_500_com.android.server.texttospeech.TextToSpeechManagerService
09-10 09:45:16.856  1435  1435 D SystemServerTiming: OnBootPhase_500_com.android.server.ondeviceintelligence.OnDeviceIntelligenceManagerService
09-10 09:45:16.859  1435  1435 D SystemServerTiming: OnBootPhase_500_com.android.server.contentsafety.ContentSafetyManagerService
09-10 09:45:16.862  1435  1435 D SystemServerTiming: OnBootPhase_500_com.android.server.speech.SpeechRecognitionManagerService
09-10 09:45:16.862  1435  1435 D SystemServerTiming: OnBootPhase_500_com.android.server.graphics.fonts.FontManagerService$Lifecycle
09-10 09:45:16.862  1435  1435 D SystemServerTiming: OnBootPhase_500_com.android.server.textclassifier.TextClassificationManagerService$Lifecycle
09-10 09:45:16.862  1435  1435 D SystemServerTiming: OnBootPhase_500_com.android.server.NetworkScoreService$Lifecycle
09-10 09:45:16.863  1435  1435 D SystemServerTiming: OnBootPhase_500_com.android.server.NetworkStatsServiceInitializer
09-10 09:45:16.863  1435  1435 D SystemServerTiming: OnBootPhase_500_com.android.server.wifi.WifiService
09-10 09:45:16.864  1435  1435 D SystemServerTiming: OnBootPhase_500_com.android.server.wifi.scanner.WifiScanningService
09-10 09:45:16.864  1435  1435 D SystemServerTiming: OnBootPhase_500_com.android.server.ConnectivityServiceInitializer
09-10 09:45:16.864  1435  1435 D SystemServerTiming: OnBootPhase_500_com.android.server.bitmapoffload.BitmapOffloadService
09-10 09:45:16.864  1435  1435 D SystemServerTiming: OnBootPhase_500_com.android.server.modes.ContextualModeManagerService
09-10 09:45:16.864  1435  1435 D SystemServerTiming: OnBootPhase_500_com.android.server.notification.NotificationManagerService
09-10 09:45:16.877  1435  1435 D SystemServerTiming: OnBootPhase_500_com.android.server.storage.DeviceStorageMonitorService
09-10 09:45:16.878  1435  1435 D SystemServerTiming: OnBootPhase_500_com.android.server.timedetector.TimeDetectorService$Lifecycle
09-10 09:45:16.878  1435  1435 D SystemServerTiming: OnBootPhase_500_com.android.server.location.LocationManagerService$Lifecycle
09-10 09:45:16.880  1435  1435 W PowerManagerService: Battery saver is not supported, no low power mode observer registered
09-10 09:45:16.883  1435  1435 D SystemServerTiming: OnBootPhase_500_com.android.server.timezonedetector.TimeZoneDetectorService$Lifecycle
09-10 09:45:16.883  1435  1435 D SystemServerTiming: OnBootPhase_500_com.android.server.location.altitude.AltitudeService$Lifecycle
09-10 09:45:16.883  1435  1435 D SystemServerTiming: OnBootPhase_500_com.android.server.timezonedetector.location.LocationTimeZoneManagerService$Lifecycle
09-10 09:45:16.884  1435  1435 D SystemServerTiming: OnBootPhase_500_com.android.server.timedetector.GnssTimeUpdateService$Lifecycle
09-10 09:45:16.884  1435  1435 D SystemServerTiming: OnBootPhase_500_com.android.server.wallpaper.WallpaperManagerService$Lifecycle
09-10 09:45:16.885  1435  1435 D SystemServerTiming: OnBootPhase_500_com.android.server.audio.AudioService$Lifecycle
09-10 09:45:16.885  1435  1435 D SystemServerTiming: OnBootPhase_500_com.android.server.soundtrigger_middleware.SoundTriggerMiddlewareService$Lifecycle
09-10 09:45:16.885  1435  1435 D SystemServerTiming: OnBootPhase_500_com.android.server.DockObserver
09-10 09:45:16.885  1435  1435 D SystemServerTiming: OnBootPhase_500_com.android.clockwork.ThermalObserver
09-10 09:45:16.885  1435  1435 D SystemServerTiming: OnBootPhase_500_com.android.server.adb.AdbService$Lifecycle
09-10 09:45:16.885  1435  1435 D SystemServerTiming: OnBootPhase_500_com.android.server.usb.UsbService$Lifecycle
09-10 09:45:16.885  1435  1435 D SystemServerTiming: OnBootPhase_500_com.android.server.serial.SerialManagerService$Lifecycle
09-10 09:45:16.885  1435  1435 D SystemServerTiming: OnBootPhase_500_com.android.server.display.color.ColorDisplayService
09-10 09:45:16.885  1435  1435 D SystemServerTiming: OnBootPhase_500_com.android.server.job.JobSchedulerService
09-10 09:45:16.888  1435  1435 I PackageManager: getInstalledPackages: callingUid=1000 flags=4993024 updatedFlags=4993024 userId=0
09-10 09:45:17.031  1435  1435 W SystemServiceManager: Service com.android.server.job.JobSchedulerService took 146 ms in onBootPhase
09-10 09:45:17.032  1435  1435 D SystemServerTiming: OnBootPhase_500_com.android.server.soundtrigger.SoundTriggerService
09-10 09:45:17.032  1435  1435 D SoundTriggerService: onBootPhase: 500 : false
09-10 09:45:17.032  1435  1435 D SystemServerTiming: OnBootPhase_500_com.android.server.trust.TrustManagerService
09-10 09:45:17.035  1435  1435 E SystemServiceRegistry: Manager wrapper not available: fingerprint
09-10 09:45:17.038  1435  1435 E SystemServiceRegistry: Manager wrapper not available: face
09-10 09:45:17.039  1435  1435 D SystemServerTiming: OnBootPhase_500_com.android.server.backup.BackupManagerService$Lifecycle
09-10 09:45:17.039  1435  1435 D SystemServerTiming: OnBootPhase_500_com.android.server.GestureLauncherService
09-10 09:45:17.039  1435  1435 D SystemServerTiming: OnBootPhase_500_com.android.server.SensorNotificationService
09-10 09:45:17.039  1435  1435 D SystemServerTiming: OnBootPhase_500_com.android.server.ContextHubSystemService
09-10 09:45:17.041  1435  1435 D SystemServerTiming: OnBootPhase_500_com.android.server.emergency.EmergencyAffordanceService
09-10 09:45:17.042  1435  1435 D SystemServerTiming: OnBootPhase_500_com.android.server.blob.BlobStoreManagerService
09-10 09:45:17.042  1435  1435 D SystemServerTiming: OnBootPhase_500_com.android.server.dreams.DreamManagerService
09-10 09:45:17.042  1435  1435 D SystemServerTiming: OnBootPhase_500_com.android.server.security.AttestationVerificationManagerService
09-10 09:45:17.042  1435  1435 D SystemServerTiming: OnBootPhase_500_com.android.server.companion.CompanionDeviceManagerService
09-10 09:45:17.042  1435  1435 D SystemServerTiming: OnBootPhase_500_com.android.server.companion.datatransfer.continuity.TaskContinuityManagerService
09-10 09:45:17.042  1435  1435 D SystemServerTiming: OnBootPhase_500_com.android.server.restrictions.RestrictionsManagerService
09-10 09:45:17.042  1435  1435 D SystemServerTiming: OnBootPhase_500_com.android.server.media.MediaSessionService
09-10 09:45:17.042  1435  1435 D SystemServerTiming: OnBootPhase_500_com.android.server.biometrics.BiometricService
09-10 09:45:17.042  1435  1435 D SystemServerTiming: OnBootPhase_500_com.android.server.biometrics.AuthService
09-10 09:45:17.042  1435  1435 D SystemServerTiming: OnBootPhase_500_com.android.server.pm.ShortcutService$Lifecycle
09-10 09:45:17.042  1435  1435 D SystemServerTiming: OnBootPhase_500_com.android.server.pm.LauncherAppsService
09-10 09:45:17.042  1435  1435 D SystemServerTiming: OnBootPhase_500_com.android.server.pm.CrossProfileAppsService
09-10 09:45:17.042  1435  1435 D SystemServerTiming: OnBootPhase_500_com.android.server.people.PeopleService
09-10 09:45:17.042  1435  1435 D SystemServerTiming: OnBootPhase_500_com.android.server.media.metrics.MediaMetricsManagerService
09-10 09:45:17.042  1435  1435 D SystemServerTiming: OnBootPhase_500_com.android.server.media.projection.MediaProjectionManagerService
09-10 09:45:17.042  1435  1435 D SystemServerTiming: OnBootPhase_500_com.android.clockwork.power.WearPowerService
09-10 09:45:17.046  1435  1435 D WearWakeUpController: interactiveDozeEnabled: true
09-10 09:45:17.047  1435  1435 D WearPower: Set a wake up delegate on WindowWakeUpPolicyInternal
09-10 09:45:17.048  1435  1435 D WearPower: interactiveDozeExperience enabled
09-10 09:45:17.048  1435  1435 D SystemServerTiming: OnBootPhase_500_com.android.clockwork.healthservices.HealthService
09-10 09:45:17.048  1435  1435 D SystemServerTiming: OnBootPhase_500_com.android.clockwork.systemstatedisplay.SystemStateDisplayService
09-10 09:45:17.048  1435  1435 D SystemServerTiming: OnBootPhase_500_com.android.clockwork.connectivity.WearConnectivityService
09-10 09:45:17.231  1435  1435 W SystemServiceManager: Service com.android.clockwork.connectivity.WearConnectivityService took 182 ms in onBootPhase
09-10 09:45:17.231  1435  1435 D SystemServerTiming: OnBootPhase_500_com.android.clockwork.display.WearDisplayService
09-10 09:45:17.231  1435  1435 D SystemServerTiming: OnBootPhase_500_com.android.clockwork.time.WearTimeService
09-10 09:45:17.236  1435  1435 D SystemServerTiming: OnBootPhase_500_com.android.clockwork.settings.WearSettingsService
09-10 09:45:17.237  1435  1435 D SystemServerTiming: OnBootPhase_500_com.android.clockwork.modes.ModeManagerService
09-10 09:45:17.237  1435  1435 D SystemServerTiming: OnBootPhase_500_com.android.clockwork.input.WearInputService
09-10 09:45:17.237  1435  1435 D SystemServerTiming: OnBootPhase_500_com.android.server.stats.StatsCompanion$Lifecycle
09-10 09:45:17.237  1435  1435 D SystemServerTiming: OnBootPhase_500_com.android.server.scheduling.RebootReadinessManagerService$Lifecycle
09-10 09:45:17.237  1435  1435 D SystemServerTiming: OnBootPhase_500_com.android.server.stats.pull.StatsPullAtomService
09-10 09:45:17.238  1435  1435 D SystemServerTiming: OnBootPhase_500_com.android.server.stats.bootstrap.StatsBootstrapAtomService$Lifecycle
09-10 09:45:17.238  1435  1435 D SystemServerTiming: OnBootPhase_500_com.android.server.stats.binder.BinderStatsConsumerService$Lifecycle
09-10 09:45:17.238  1435  1435 D SystemServerTiming: OnBootPhase_500_com.android.server.incident.IncidentCompanionService
09-10 09:45:17.238  1435  1435 D SystemServerTiming: OnBootPhase_500_com.android.server.sdksandbox.SdkSandboxManagerService$Lifecycle
09-10 09:45:17.238  1435  1435 D SystemServerTiming: OnBootPhase_500_android.os.profiling.ProfilingService$Lifecycle
09-10 09:45:17.238  1435  1435 D SystemServerTiming: OnBootPhase_500_com.android.os.profiling.anomaly.AnomalyDetectorService
09-10 09:45:17.239  1435  1435 D SystemServerTiming: OnBootPhase_500_com.android.server.signalcollector.SignalCollectorService
09-10 09:45:17.239  1435  1435 D SystemServerTiming: OnBootPhase_500_com.android.uprobestats.UprobeStatsBridgeService
09-10 09:45:17.239  1435  1435 D SystemServerTiming: OnBootPhase_500_com.android.server.MmsServiceBroker
09-10 09:45:17.239  1435  1435 D SystemServerTiming: OnBootPhase_500_com.android.server.credentials.CredentialManagerService
09-10 09:45:17.239  1435  1435 D SystemServerTiming: OnBootPhase_500_com.android.server.clipboard.ClipboardService
09-10 09:45:17.239  1435  1435 D SystemServerTiming: OnBootPhase_500_com.android.server.appbinding.AppBindingService$Lifecycle
09-10 09:45:17.239  1435  1435 D SystemServerTiming: OnBootPhase_500_com.android.server.tracing.TracingServiceProxy
09-10 09:45:17.239  1435  1435 D SystemServerTiming: OnBootPhase_500_com.android.server.os.instrumentation.DynamicInstrumentationManagerService
09-10 09:45:17.239  1435  1435 D SystemServerTiming: MakeWindowManagerServiceReady
09-10 09:45:17.242  1435  1884 I AnomalyDetectorController: Rules loaded from storage.
09-10 09:45:17.247  1435  1435 D SystemServerTiming: RegisterLogMteState
09-10 09:45:17.253  1435  1435 D SystemServerTiming: StartPermissionPolicyService
09-10 09:45:17.253  1435  1435 I SystemServiceManager: Starting com.android.server.policy.PermissionPolicyService
09-10 09:45:17.259  1435  1605 I HealthServiceWrapperAidl: health: HealthServiceWrapper listening to AIDL HAL
09-10 09:45:17.269  1435  1605 I StatsPullAtomService: register thermal listener successfully
09-10 09:45:17.272  1435  1435 D SystemServerTiming: MakePackageManagerServiceReady
09-10 09:45:17.281  1435  1435 E UserManagerService: Auto-lock preference updated but private space user not found
09-10 09:45:17.301  1435  1435 V UserDataPreparer: Found /data/user_de/0 with serial number 0
09-10 09:45:17.301  1435  1435 V UserDataPreparer: Found /data/user/0 with serial number 0
09-10 09:45:17.302  1435  1435 V UserDataPreparer: Found /data/system_de/0 with serial number 0
09-10 09:45:17.302  1435  1435 V UserDataPreparer: Found /data/system_ce/0 with serial number 0
09-10 09:45:17.302  1435  1435 V UserDataPreparer: Found /data/misc_ce/0 with serial number 0
09-10 09:45:17.317  1435  1640 I SharedLibrariesImpl: Start pruneUnusedStaticSharedLibraries for neededSpace: 9223372036854775807 maxCachePeriod: 604800000
09-10 09:45:17.318  1435  1435 D SystemServerTiming: StartCrashRecoveryModule
09-10 09:45:17.318  1435  1435 I SystemServiceManager: Starting com.android.server.crashrecovery.CrashRecoveryModule$Lifecycle
09-10 09:45:17.391  1435  1639 E DefaultPermGrantPolicy: Package not found: com.google.android.wearable.media.routing
09-10 09:45:17.402  1435  1639 E DefaultPermGrantPolicy: Package not found: com.google.android.apps.musicweardemo.retailmode
09-10 09:45:17.406  1435  1435 I RescueParty: Factory reset disabled status: false
09-10 09:45:17.422  1435  1435 W SystemServiceManager: Service com.android.server.crashrecovery.CrashRecoveryModule$Lifecycle took 104 ms in onStart
09-10 09:45:17.422  1435  1435 D SystemServerTiming: MakeDisplayManagerServiceReady
09-10 09:45:17.424  1435  1435 I DisplayManagerService: Update mirrorBuiltInDisplaySetting: true, shouldSendDisplayChangeEvent: false
09-10 09:45:17.443  1435  1435 I BrightnessSynchronizer: Initial brightness readings: 2(int), 0.003937008(float)
09-10 09:45:17.446  1435  1435 D SystemServerTiming: StartDeviceSpecificServices
09-10 09:45:17.447  1435  1435 D SystemServer: Not starting GameManagerService
09-10 09:45:17.448  1435  1435 D SystemServerTiming: RangingService
09-10 09:45:17.449  1435  1435 I SystemServiceManager: Starting com.android.server.ranging.RangingService
09-10 09:45:17.463  1435  1460 D DisplayManagerService: Sending topology graph to Input Manager: DisplayTopologyGraph{mPrimaryDisplayId=0}
09-10 09:45:17.463  1435  1460 D DisplayManagerService:   DisplayNode{displayId=0, density=320, bounds=RectF(0.0, 0.0, 192.0, 192.0)}
09-10 09:45:17.476  1435  1435 D SystemServerTiming: StartBootPhaseDeviceSpecificServicesReady
09-10 09:45:17.476  1435  1435 I SystemServiceManager: Starting phase 520
09-10 09:45:17.476  1435  1435 D SystemServerTiming: OnBootPhase_520
09-10 09:45:17.476  1435  1435 D SystemServerTiming: OnBootPhase_520_com.android.server.security.FileIntegrityService
09-10 09:45:17.477  1435  1435 D SystemServerTiming: OnBootPhase_520_com.android.server.pm.Installer
09-10 09:45:17.477  1435  1435 D SystemServerTiming: OnBootPhase_520_com.android.server.os.DeviceIdentifiersPolicyService
09-10 09:45:17.477  1435  1435 D SystemServerTiming: OnBootPhase_520_com.android.server.flags.FeatureFlagsService
09-10 09:45:17.477  1435  1435 D SystemServerTiming: OnBootPhase_520_com.android.server.uri.UriGrantsManagerService$Lifecycle
09-10 09:45:17.477  1435  1435 D SystemServerTiming: OnBootPhase_520_com.android.server.powerstats.PowerStatsService
09-10 09:45:17.477  1435  1435 D SystemServerTiming: OnBootPhase_520_com.android.server.permission.access.AccessCheckingService
09-10 09:45:17.477  1435  1435 D SystemServerTiming: OnBootPhase_520_com.android.server.wm.ActivityTaskManagerService$Lifecycle
09-10 09:45:17.477  1435  1435 D SystemServerTiming: OnBootPhase_520_com.android.server.am.ActivityManagerService$Lifecycle
09-10 09:45:17.477  1435  1435 D SystemServerTiming: OnBootPhase_520_com.android.server.pm.DataLoaderManagerService
09-10 09:45:17.477  1435  1435 D SystemServerTiming: OnBootPhase_520_com.android.server.power.PowerManagerService
09-10 09:45:17.477  1435  1435 D SystemServerTiming: OnBootPhase_520_com.android.server.power.thermal.ThermalManagerService
09-10 09:45:17.477  1435  1435 D SystemServerTiming: OnBootPhase_520_com.android.server.recoverysystem.RecoverySystemService$Lifecycle
09-10 09:45:17.477  1435  1435 D SystemServerTiming: OnBootPhase_520_com.android.server.lights.LightsService
09-10 09:45:17.477  1435  1435 D SystemServerTiming: OnBootPhase_520_com.android.clockwork.displayoffload.DisplayOffloadService
09-10 09:45:17.477  1435  1435 D SystemServerTiming: OnBootPhase_520_com.android.server.display.DisplayManagerService
09-10 09:45:17.477  1435  1435 D SystemServerTiming: OnBootPhase_520_com.android.server.pm.verify.domain.DomainVerificationService
09-10 09:45:17.477  1435  1435 D SystemServerTiming: OnBootPhase_520_com.android.server.pm.PackageInstallerService$Lifecycle
09-10 09:45:17.477  1435  1435 D SystemServerTiming: OnBootPhase_520_com.android.server.pm.UserManagerService$LifeCycle
09-10 09:45:17.477  1435  1435 D SystemServerTiming: OnBootPhase_520_com.android.server.om.OverlayManagerService
09-10 09:45:17.477  1435  1435 D SystemServerTiming: OnBootPhase_520_com.android.server.resources.ResourcesManagerService
09-10 09:45:17.477  1435  1435 D SystemServerTiming: OnBootPhase_520_com.android.server.sensorprivacy.SensorPrivacyService
09-10 09:45:17.477  1435  1435 D SystemServerTiming: OnBootPhase_520_com.android.server.sensors.SensorService
09-10 09:45:17.477  1435  1435 D SystemServerTiming: OnBootPhase_520_com.android.server.SystemConfigService
09-10 09:45:17.477  1435  1435 D SystemServerTiming: OnBootPhase_520_com.android.server.BatteryService
09-10 09:45:17.477  1435  1435 D SystemServerTiming: OnBootPhase_520_com.android.server.usage.UsageStatsService
09-10 09:45:17.477  1435  1435 D SystemServerTiming: OnBootPhase_520_com.android.server.CachedDeviceStateService
09-10 09:45:17.477  1435  1435 D SystemServerTiming: OnBootPhase_520_com.android.server.BinderCallsStatsService$LifeCycle
09-10 09:45:17.477  1435  1435 D SystemServerTiming: OnBootPhase_520_com.android.server.LooperStatsService$Lifecycle
09-10 09:45:17.477  1435  1435 D SystemServerTiming: OnBootPhase_520_com.android.server.rollback.RollbackManagerService
09-10 09:45:17.477  1435  1435 D SystemServerTiming: OnBootPhase_520_com.android.server.os.NativeTombstoneManagerService
09-10 09:45:17.477  1435  1435 D SystemServerTiming: OnBootPhase_520_com.android.server.os.BugreportManagerService
09-10 09:45:17.477  1435  1435 D SystemServerTiming: OnBootPhase_520_com.android.server.gpu.GpuService
09-10 09:45:17.478  1435  1435 D SystemServerTiming: OnBootPhase_520_com.android.server.security.rkp.RemoteProvisioningService
09-10 09:45:17.480  1435  1435 D SystemServerTiming: OnBootPhase_520_com.android.server.security.KeyChainSystemService
09-10 09:45:17.480  1435  1435 D SystemServerTiming: OnBootPhase_520_com.android.server.BinaryTransparencyService
09-10 09:45:17.480  1435  1435 D SystemServerTiming: OnBootPhase_520_com.android.server.telecom.TelecomLoaderService
09-10 09:45:17.480  1435  1435 D SystemServerTiming: OnBootPhase_520_com.android.server.accounts.AccountManagerService$Lifecycle
09-10 09:45:17.480  1435  1435 D SystemServerTiming: OnBootPhase_520_com.android.server.content.ContentService$Lifecycle
09-10 09:45:17.480  1435  1435 D SystemServerTiming: OnBootPhase_520_com.android.server.deviceconfig.DeviceConfigInit$Lifecycle
09-10 09:45:17.480  1435  1435 D SystemServerTiming: OnBootPhase_520_com.android.server.DropBoxManagerService
09-10 09:45:17.480  1435  1435 D SystemServerTiming: OnBootPhase_520_com.android.ecm.EnhancedConfirmationService
09-10 09:45:17.480  1435  1435 D SystemServerTiming: OnBootPhase_520_com.android.server.power.hint.HintManagerService
09-10 09:45:17.480  1435  1435 D SystemServerTiming: OnBootPhase_520_com.android.server.allowlist.AllowlistService
09-10 09:45:17.480  1435  1435 D SystemServerTiming: OnBootPhase_520_com.android.role.RoleService
09-10 09:45:17.480  1435  1435 D SystemServerTiming: OnBootPhase_520_com.android.server.supervision.SupervisionService$Lifecycle
09-10 09:45:17.481  1435  1435 D SystemServerTiming: OnBootPhase_520_com.android.server.vibrator.VibratorManagerService$Lifecycle
09-10 09:45:17.481  1435  1435 D SystemServerTiming: OnBootPhase_520_com.android.server.alarm.AlarmManagerService
09-10 09:45:17.481  1435  1435 D SystemServerTiming: OnBootPhase_520_com.android.server.input.InputManagerService$Lifecycle
09-10 09:45:17.481  1435  1435 D SystemServerTiming: OnBootPhase_520_com.android.server.devicestate.DeviceStateManagerService
09-10 09:45:17.481  1435  1435 D SystemServerTiming: OnBootPhase_520_com.android.server.bluetooth.BluetoothService
09-10 09:45:17.481  1435  1435 D SystemServerTiming: OnBootPhase_520_com.android.server.connectivity.IpConnectivityMetrics
09-10 09:45:17.481  1435  1435 D SystemServerTiming: OnBootPhase_520_com.android.server.net.watchlist.NetworkWatchlistService$Lifecycle
09-10 09:45:17.481  1435  1435 D SystemServerTiming: OnBootPhase_520_com.android.server.pinner.PinnerService
09-10 09:45:17.481  1435  1435 D SystemServerTiming: OnBootPhase_520_com.android.server.integrity.AppIntegrityManagerService
09-10 09:45:17.481  1435  1435 D SystemServerTiming: OnBootPhase_520_com.android.server.logcat.LogcatManagerService
09-10 09:45:17.481  1435  1435 D SystemServerTiming: OnBootPhase_520_com.android.server.appfunctions.AppFunctionManagerService
09-10 09:45:17.481  1435  1435 D SystemServerTiming: OnBootPhase_520_com.android.server.privatecompute.PccSandboxManagerService
09-10 09:45:17.482  1435  1435 D SystemServerTiming: OnBootPhase_520_com.android.server.inputmethod.InputMethodManagerService$Lifecycle
09-10 09:45:17.482  1435  1435 D SystemServerTiming: OnBootPhase_520_com.android.server.accessibility.AccessibilityManagerService$Lifecycle
09-10 09:45:17.482  1435  1435 D SystemServerTiming: OnBootPhase_520_com.android.server.StorageManagerService$Lifecycle
09-10 09:45:17.482  1435  1435 D SystemServerTiming: OnBootPhase_520_com.android.server.usage.StorageStatsService$Lifecycle
09-10 09:45:17.482  1435  1435 D SystemServerTiming: OnBootPhase_520_com.android.server.files.FileService
09-10 09:45:17.482  1435  1435 D SystemServerTiming: OnBootPhase_520_com.android.server.UiModeManagerService
09-10 09:45:17.482  1435  1435 D SystemServerTiming: OnBootPhase_520_com.android.server.locales.LocaleManagerService
09-10 09:45:17.482  1435  1435 D SystemServerTiming: OnBootPhase_520_com.android.server.appwindowlayout.AppWindowLayoutSettingsService
09-10 09:45:17.482  1435  1435 D SystemServerTiming: OnBootPhase_520_com.android.server.grammaticalinflection.GrammaticalInflectionService
09-10 09:45:17.482  1435  1435 D SystemServerTiming: OnBootPhase_520_com.android.server.apphibernation.AppHibernationService
09-10 09:45:17.482  1435  1435 D SystemServerTiming: OnBootPhase_520_com.android.server.locksettings.LockSettingsService$Lifecycle
09-10 09:45:17.482  1435  1435 D SystemServerTiming: OnBootPhase_520_com.android.server.pdb.PersistentDataBlockService
09-10 09:45:17.483  1435  1435 D SystemServerTiming: OnBootPhase_520_com.android.server.testharness.TestHarnessModeService
09-10 09:45:17.483  1435  1435 D SystemServerTiming: OnBootPhase_520_com.android.server.oemlock.OemLockService
09-10 09:45:17.483  1435  1435 D SystemServerTiming: OnBootPhase_520_com.android.server.DeviceIdleController
09-10 09:45:17.483  1435  1435 D SystemServerTiming: OnBootPhase_520_com.android.server.devicepolicy.DevicePolicyManagerService$Lifecycle
09-10 09:45:17.483  1435  1435 D SystemServerTiming: OnBootPhase_520_com.android.server.voiceinteraction.VoiceInteractionManagerService
09-10 09:45:17.483  1435  1435 D SystemServerTiming: OnBootPhase_520_com.android.server.texttospeech.TextToSpeechManagerService
09-10 09:45:17.483  1435  1435 D SystemServerTiming: OnBootPhase_520_com.android.server.ondeviceintelligence.OnDeviceIntelligenceManagerService
09-10 09:45:17.483  1435  1435 D SystemServerTiming: OnBootPhase_520_com.android.server.contentsafety.ContentSafetyManagerService
09-10 09:45:17.483  1435  1435 D SystemServerTiming: OnBootPhase_520_com.android.server.speech.SpeechRecognitionManagerService
09-10 09:45:17.483  1435  1435 D SystemServerTiming: OnBootPhase_520_com.android.server.graphics.fonts.FontManagerService$Lifecycle
09-10 09:45:17.483  1435  1435 D SystemServerTiming: OnBootPhase_520_com.android.server.textclassifier.TextClassificationManagerService$Lifecycle
09-10 09:45:17.483  1435  1435 D SystemServerTiming: OnBootPhase_520_com.android.server.NetworkScoreService$Lifecycle
09-10 09:45:17.483  1435  1435 D SystemServerTiming: OnBootPhase_520_com.android.server.NetworkStatsServiceInitializer
09-10 09:45:17.483  1435  1435 D SystemServerTiming: OnBootPhase_520_com.android.server.wifi.WifiService
09-10 09:45:17.483  1435  1435 D SystemServerTiming: OnBootPhase_520_com.android.server.wifi.scanner.WifiScanningService
09-10 09:45:17.483  1435  1435 D SystemServerTiming: OnBootPhase_520_com.android.server.ConnectivityServiceInitializer
09-10 09:45:17.483  1435  1435 D SystemServerTiming: OnBootPhase_520_com.android.server.bitmapoffload.BitmapOffloadService
09-10 09:45:17.483  1435  1435 D SystemServerTiming: OnBootPhase_520_com.android.server.modes.ContextualModeManagerService
09-10 09:45:17.483  1435  1435 D SystemServerTiming: OnBootPhase_520_com.android.server.notification.NotificationManagerService
09-10 09:45:17.484  1435  1435 I PackageManager: getInstalledPackages: callingUid=1000 flags=0 updatedFlags=524288 userId=0
09-10 09:45:17.497  1435  1435 I PackageManager: getInstalledPackages: callingUid=1000 flags=131072 updatedFlags=655360 userId=0
09-10 09:45:17.505  1435  1435 D SystemServerTiming: OnBootPhase_520_com.android.server.storage.DeviceStorageMonitorService
09-10 09:45:17.506  1435  1435 D SystemServerTiming: OnBootPhase_520_com.android.server.timedetector.TimeDetectorService$Lifecycle
09-10 09:45:17.507  1435  1435 D SystemServerTiming: OnBootPhase_520_com.android.server.location.LocationManagerService$Lifecycle
09-10 09:45:17.507  1435  1435 D SystemServerTiming: OnBootPhase_520_com.android.server.timezonedetector.TimeZoneDetectorService$Lifecycle
09-10 09:45:17.507  1435  1435 D SystemServerTiming: OnBootPhase_520_com.android.server.location.altitude.AltitudeService$Lifecycle
09-10 09:45:17.507  1435  1435 D SystemServerTiming: OnBootPhase_520_com.android.server.timezonedetector.location.LocationTimeZoneManagerService$Lifecycle
09-10 09:45:17.507  1435  1435 D SystemServerTiming: OnBootPhase_520_com.android.server.timedetector.GnssTimeUpdateService$Lifecycle
09-10 09:45:17.507  1435  1435 D SystemServerTiming: OnBootPhase_520_com.android.server.wallpaper.WallpaperManagerService$Lifecycle
09-10 09:45:17.508  1435  1435 D SystemServerTiming: OnBootPhase_520_com.android.server.audio.AudioService$Lifecycle
09-10 09:45:17.508  1435  1435 D SystemServerTiming: OnBootPhase_520_com.android.server.soundtrigger_middleware.SoundTriggerMiddlewareService$Lifecycle
09-10 09:45:17.509  1435  1435 D SystemServerTiming: OnBootPhase_520_com.android.server.DockObserver
09-10 09:45:17.509  1435  1435 D SystemServerTiming: OnBootPhase_520_com.android.clockwork.ThermalObserver
09-10 09:45:17.509  1435  1435 D SystemServerTiming: OnBootPhase_520_com.android.server.adb.AdbService$Lifecycle
09-10 09:45:17.509  1435  1435 D SystemServerTiming: OnBootPhase_520_com.android.server.usb.UsbService$Lifecycle
09-10 09:45:17.509  1435  1435 D SystemServerTiming: OnBootPhase_520_com.android.server.serial.SerialManagerService$Lifecycle
09-10 09:45:17.509  1435  1435 D SystemServerTiming: OnBootPhase_520_com.android.server.display.color.ColorDisplayService
09-10 09:45:17.509  1435  1435 D SystemServerTiming: OnBootPhase_520_com.android.server.job.JobSchedulerService
09-10 09:45:17.509  1435  1435 D SystemServerTiming: OnBootPhase_520_com.android.server.soundtrigger.SoundTriggerService
09-10 09:45:17.509  1435  1435 D SoundTriggerService: onBootPhase: 520 : false
09-10 09:45:17.510  1435  1435 D SystemServerTiming: OnBootPhase_520_com.android.server.trust.TrustManagerService
09-10 09:45:17.510  1435  1435 D SystemServerTiming: OnBootPhase_520_com.android.server.backup.BackupManagerService$Lifecycle
09-10 09:45:17.510  1435  1435 D SystemServerTiming: OnBootPhase_520_com.android.server.GestureLauncherService
09-10 09:45:17.510  1435  1435 D SystemServerTiming: OnBootPhase_520_com.android.server.SensorNotificationService
09-10 09:45:17.510  1435  1435 D SystemServerTiming: OnBootPhase_520_com.android.server.ContextHubSystemService
09-10 09:45:17.510  1435  1435 D SystemServerTiming: OnBootPhase_520_com.android.server.emergency.EmergencyAffordanceService
09-10 09:45:17.510  1435  1435 D SystemServerTiming: OnBootPhase_520_com.android.server.blob.BlobStoreManagerService
09-10 09:45:17.510  1435  1435 D SystemServerTiming: OnBootPhase_520_com.android.server.dreams.DreamManagerService
09-10 09:45:17.510  1435  1435 D SystemServerTiming: OnBootPhase_520_com.android.server.security.AttestationVerificationManagerService
09-10 09:45:17.510  1435  1435 D SystemServerTiming: OnBootPhase_520_com.android.server.companion.CompanionDeviceManagerService
09-10 09:45:17.510  1435  1435 D SystemServerTiming: OnBootPhase_520_com.android.server.companion.datatransfer.continuity.TaskContinuityManagerService
09-10 09:45:17.510  1435  1435 D SystemServerTiming: OnBootPhase_520_com.android.server.restrictions.RestrictionsManagerService
09-10 09:45:17.510  1435  1435 D SystemServerTiming: OnBootPhase_520_com.android.server.media.MediaSessionService
09-10 09:45:17.511  1435  1435 D SystemServerTiming: OnBootPhase_520_com.android.server.biometrics.BiometricService
09-10 09:45:17.511  1435  1435 D SystemServerTiming: OnBootPhase_520_com.android.server.biometrics.AuthService
09-10 09:45:17.511  1435  1435 D SystemServerTiming: OnBootPhase_520_com.android.server.pm.ShortcutService$Lifecycle
09-10 09:45:17.511  1435  1435 D SystemServerTiming: OnBootPhase_520_com.android.server.pm.LauncherAppsService
09-10 09:45:17.511  1435  1435 D SystemServerTiming: OnBootPhase_520_com.android.server.pm.CrossProfileAppsService
09-10 09:45:17.511  1435  1435 D SystemServerTiming: OnBootPhase_520_com.android.server.people.PeopleService
09-10 09:45:17.511  1435  1435 D SystemServerTiming: OnBootPhase_520_com.android.server.media.metrics.MediaMetricsManagerService
09-10 09:45:17.511  1435  1435 D SystemServerTiming: OnBootPhase_520_com.android.server.media.projection.MediaProjectionManagerService
09-10 09:45:17.511  1435  1435 D SystemServerTiming: OnBootPhase_520_com.android.clockwork.power.WearPowerService
09-10 09:45:17.511  1435  1435 D SystemServerTiming: OnBootPhase_520_com.android.clockwork.healthservices.HealthService
09-10 09:45:17.511  1435  1435 D SystemServerTiming: OnBootPhase_520_com.android.clockwork.systemstatedisplay.SystemStateDisplayService
09-10 09:45:17.511  1435  1435 D SystemServerTiming: OnBootPhase_520_com.android.clockwork.connectivity.WearConnectivityService
09-10 09:45:17.511  1435  1435 D SystemServerTiming: OnBootPhase_520_com.android.clockwork.display.WearDisplayService
09-10 09:45:17.511  1435  1435 D SystemServerTiming: OnBootPhase_520_com.android.clockwork.time.WearTimeService
09-10 09:45:17.511  1435  1435 D SystemServerTiming: OnBootPhase_520_com.android.clockwork.settings.WearSettingsService
09-10 09:45:17.511  1435  1435 D SystemServerTiming: OnBootPhase_520_com.android.clockwork.modes.ModeManagerService
09-10 09:45:17.511  1435  1435 D SystemServerTiming: OnBootPhase_520_com.android.clockwork.input.WearInputService
09-10 09:45:17.511  1435  1435 D SystemServerTiming: OnBootPhase_520_com.android.server.stats.StatsCompanion$Lifecycle
09-10 09:45:17.511  1435  1435 D SystemServerTiming: OnBootPhase_520_com.android.server.scheduling.RebootReadinessManagerService$Lifecycle
09-10 09:45:17.511  1435  1435 D SystemServerTiming: OnBootPhase_520_com.android.server.stats.pull.StatsPullAtomService
09-10 09:45:17.511  1435  1435 D SystemServerTiming: OnBootPhase_520_com.android.server.stats.bootstrap.StatsBootstrapAtomService$Lifecycle
09-10 09:45:17.511  1435  1435 D SystemServerTiming: OnBootPhase_520_com.android.server.stats.binder.BinderStatsConsumerService$Lifecycle
09-10 09:45:17.511  1435  1435 D SystemServerTiming: OnBootPhase_520_com.android.server.incident.IncidentCompanionService
09-10 09:45:17.511  1435  1435 D SystemServerTiming: OnBootPhase_520_com.android.server.sdksandbox.SdkSandboxManagerService$Lifecycle
09-10 09:45:17.511  1435  1435 D SystemServerTiming: OnBootPhase_520_android.os.profiling.ProfilingService$Lifecycle
09-10 09:45:17.511  1435  1435 D SystemServerTiming: OnBootPhase_520_com.android.os.profiling.anomaly.AnomalyDetectorService
09-10 09:45:17.511  1435  1435 D SystemServerTiming: OnBootPhase_520_com.android.server.signalcollector.SignalCollectorService
09-10 09:45:17.511  1435  1435 D SystemServerTiming: OnBootPhase_520_com.android.uprobestats.UprobeStatsBridgeService
09-10 09:45:17.511  1435  1435 D SystemServerTiming: OnBootPhase_520_com.android.server.MmsServiceBroker
09-10 09:45:17.511  1435  1435 D SystemServerTiming: OnBootPhase_520_com.android.server.credentials.CredentialManagerService
09-10 09:45:17.511  1435  1435 D SystemServerTiming: OnBootPhase_520_com.android.server.clipboard.ClipboardService
09-10 09:45:17.511  1435  1435 D SystemServerTiming: OnBootPhase_520_com.android.server.appbinding.AppBindingService$Lifecycle
09-10 09:45:17.511  1435  1435 D SystemServerTiming: OnBootPhase_520_com.android.server.tracing.TracingServiceProxy
09-10 09:45:17.511  1435  1435 D SystemServerTiming: OnBootPhase_520_com.android.server.os.instrumentation.DynamicInstrumentationManagerService
09-10 09:45:17.511  1435  1435 D SystemServerTiming: OnBootPhase_520_com.android.server.policy.PermissionPolicyService
09-10 09:45:17.515  1435  1435 D SystemServerTiming: OnBootPhase_520_com.android.server.pm.StagingManager$Lifecycle
09-10 09:45:17.515  1435  1435 D SystemServerTiming: OnBootPhase_520_com.android.server.crashrecovery.CrashRecoveryModule$Lifecycle
09-10 09:45:17.515  1435  1435 D SystemServerTiming: OnBootPhase_520_com.android.server.ranging.RangingService
09-10 09:45:17.515  1435  1435 D SystemServerTiming: StartSafetyCenterService
09-10 09:45:17.516  1435  1435 I SystemServiceManager: Starting com.android.safetycenter.SafetyCenterService
09-10 09:45:17.524  1435  1435 D SystemServerTiming: AppSearchModule
09-10 09:45:17.525  1435  1435 I SystemServiceManager: Starting com.android.server.appsearch.AppSearchModule$Lifecycle
09-10 09:45:17.562  1435  1435 D SystemServerTiming: StartMediaCommunicationService
09-10 09:45:17.563  1435  1435 I SystemServiceManager: Starting com.android.server.media.MediaCommunicationService
09-10 09:45:17.567  1435  1435 D SystemServerTiming: AppCompatOverridesService
09-10 09:45:17.568  1435  1435 I SystemServiceManager: Starting com.android.server.compat.overrides.AppCompatOverridesService$Lifecycle
09-10 09:45:17.572  1435  1435 D SystemServerTiming: HealthConnectManagerService
09-10 09:45:17.601  1435  1435 I SystemServiceManager: Starting com.android.server.healthconnect.HealthConnectManagerService
09-10 09:45:17.680  1905  1905 I android.hardware.wifi-service-lazy: Wifi Hal is booting up...
09-10 09:45:17.698  1905  1905 I android.hardware.wifi-service-lazy: Joining RPC thread pool
09-10 09:45:17.700  1905  1908 I android.hardware.wifi-service-lazy: Setting min callback version to 4
09-10 09:45:17.702  1905  1908 W android.hardware.wifi-service-lazy: Duplicate death notification registration
09-10 09:45:17.729  1905  1908 I android.hardware.wifi-service-lazy: Wifi HAL started
09-10 09:45:17.737  1905  1907 W android.hardware.wifi-service-lazy: No active wlan interfaces in use! Using default
09-10 09:45:17.738  1905  1907 E android.hardware.wifi-service-lazy: Unknown iface name: wlan0
09-10 09:45:17.738  1905  1907 E android.hardware.wifi-service-lazy: Unknown iface name: wlan0
09-10 09:45:17.750  1905  1907 W android.hardware.wifi-service-lazy: No active wlan interfaces in use! Using default
09-10 09:45:17.750  1905  1907 E android.hardware.wifi-service-lazy: Unknown iface name: wlan0
09-10 09:45:17.750  1905  1907 E android.hardware.wifi-service-lazy: Unknown iface name: wlan0
09-10 09:45:17.786  1905  1907 I android.hardware.wifi-service-lazy: Adding interface handle for p2p0
09-10 09:45:17.786  1905  1907 I android.hardware.wifi-service-lazy: Adding interface handle for wlan0
09-10 09:45:17.786  1905  1907 W android.hardware.wifi-service-lazy: No active wlan interfaces in use! Using default
09-10 09:45:17.786  1435  1435 D SystemServerTiming: StartSensitiveContentProtectionManager
09-10 09:45:17.786  1435  1435 I SystemServiceManager: Starting com.android.server.SensitiveContentProtectionManagerService
09-10 09:45:17.787  1905  1907 W android.hardware.wifi-service-lazy: No active wlan interfaces in use! Using default
09-10 09:45:17.790  1435  1435 D SystemServerTiming: PhaseActivityManagerReady
09-10 09:45:17.790  1435  1435 D SystemServerTiming: controllersReady
09-10 09:45:17.793  1905  1907 E android.hardware.wifi-service-lazy: Failed to get SupportedIfaceCombinations matrix from legacy HAL: NOT_SUPPORTED
09-10 09:45:17.793  1905  1907 I android.hardware.wifi-service-lazy: Configured chip in mode 0
09-10 09:45:17.793  1905  1907 W android.hardware.wifi-service-lazy: No active wlan interfaces in use! Using default
09-10 09:45:17.797  1905  1907 W android.hardware.wifi-service-lazy: No active wlan interfaces in use! Using default
09-10 09:45:17.811  1905  1907 I android.hardware.wifi-service-lazy: Adding interface handle for p2p0
09-10 09:45:17.812  1905  1907 I android.hardware.wifi-service-lazy: Adding interface handle for wlan0
09-10 09:45:17.821  1905  1907 I android.hardware.wifi-service-lazy: Setting min callback version to 4
09-10 09:45:17.822  1905  1907 I android.hardware.wifi-service-lazy: twtRegisterEvents is not supported-3
09-10 09:45:17.825  1905  1907 I android.hardware.wifi-service-lazy: Setting min callback version to 4
09-10 09:45:17.827  1905  1907 E android.hardware.wifi-service-lazy: Failed to get chip capabilities from legacy HAL: NOT_SUPPORTED
09-10 09:45:17.862  1435  1435 E ActivityManager: Unable to find com.android.providers.media/u0
09-10 09:45:17.863  1435  1435 E ActivityManager: Unable to find com.qti.service.colorservice/u0
09-10 09:45:17.863  1435  1435 E ActivityManager: Unable to find com.google.android.server.deviceconfig.resources/u0
09-10 09:45:17.864  1435  1435 E ActivityManager: Unable to find com.google.android.wearable.fitbit.mcu.data/u0
09-10 09:45:17.868  1435  1435 E ActivityManager: Unable to find com.google.android.deskclock.overlay.raw.pixelwatch/u0
09-10 09:45:17.869  1435  1435 E ActivityManager: Unable to find com.google.wear.services.overlay.kidsmode.pixelwatch/u0
09-10 09:45:17.871  1435  1435 E ActivityManager: Unable to find com.qti.snapdragon.qdcm_ff/u0
09-10 09:45:17.873  1435  1435 E ActivityManager: Unable to find com.android.internal.watchspeaker/u0
09-10 09:45:17.874  1435  1435 E ActivityManager: Unable to find com.google.android.wearable.sysui.overlay.kidsmode.pixelwatch/u0
09-10 09:45:17.876  1435  1435 E ActivityManager: Unable to find com.google.android.wearable.sysui.overlay.experiences.charging.pixelwatch/u0
09-10 09:45:17.877  1435  1435 E ActivityManager: Unable to find com.google.android.deskclock.overlay.pixelwatch/u0
09-10 09:45:17.877  1435  1435 E ActivityManager: Unable to find com.google.android.wearable.fitbit.mcu.updater/u0
09-10 09:45:17.880  1435  1435 I PackageManager: getInstalledPackages: callingUid=1000 flags=1073741824 updatedFlags=1074266112 userId=0
09-10 09:45:17.896  1435  1622 E AppStandbyController: Tried to restrict app com.poc.bal for an unsupported reason
09-10 09:45:17.896  1435  1435 D SystemServerTiming: killProcesses
09-10 09:45:17.899  1435  1435 I ActivityManager: System now ready
09-10 09:45:17.900  1435  1622 E AppStandbyController: Tried to restrict app com.google.android.GoogleCamera for an unsupported reason
09-10 09:45:17.900  1435  1435 D SystemServerTiming: updateTopComponentForFactoryTest
09-10 09:45:17.900  1435  1622 E AppStandbyController: Tried to restrict app com.fitbit.ecg for an unsupported reason
09-10 09:45:17.900  1435  1622 E AppStandbyController: Tried to restrict app com.google.android.apps.maps for an unsupported reason
09-10 09:45:17.901  1435  1435 D SystemServerTiming: registerActivityLaunchObserver
09-10 09:45:17.902  1435  1622 E AppStandbyController: Tried to restrict app com.google.android.apps.walletnfcrel for an unsupported reason
09-10 09:45:17.902  1435  1435 D SystemServerTiming: watchDeviceProvisioning
09-10 09:45:17.910  1435  1435 D SystemServerTiming: retrieveSettings
09-10 09:45:17.914  1435  1435 W TransitionChain: Combining updateGlobalConfig into #0(CHANGE|R|0x0) from updateGlobalConfig
09-10 09:45:17.915  1435  1435 I ActivityTaskManager: Config changes=10008000 {1.0 ?mcc0mnc [en_US] ldltr sw192dp w192dp h192dp 320dpi smll round hdr port watch finger -keyb/v/h -nav/h winConfig={ mBounds=Rect(0, 0 - 384, 384) mAppBounds=Rect(0, 0 - 384, 384) mMaxBounds=Rect(0, 0 - 384, 384) mDisplayRotation=ROTATION_0 mWindowingMode=fullscreen mActivityType=undefined mAlwaysOnTop=undefined mRotation=ROTATION_0} s.6 fontWeightAdjustment=0}
09-10 09:45:17.917  1435  1435 I WindowManager: Override config changes=10008000 {1.0 ?mcc0mnc [en_US] ldltr sw192dp w192dp h192dp 320dpi smll round hdr port watch finger -keyb/v/h -nav/h winConfig={ mBounds=Rect(0, 0 - 384, 384) mAppBounds=Rect(0, 0 - 384, 384) mMaxBounds=Rect(0, 0 - 384, 384) mDisplayRotation=ROTATION_0 mWindowingMode=fullscreen mActivityType=undefined mAlwaysOnTop=undefined mRotation=ROTATION_0} s.6 fontWeightAdjustment=0} for displayId=0
09-10 09:45:17.917  1435  1435 W TransitionChain: Combining dispOverCfg into #0(CHANGE|R|0x0) from updateGlobalConfig
09-10 09:45:17.928  1435  1435 D SystemServerTiming: Ugm.onSystemReady
09-10 09:45:17.929  1435  1435 D SystemServerTiming: updateForceBackgroundCheck
09-10 09:45:17.929  1435  1435 W PowerManagerService: Battery saver is not supported, no low power mode observer registered
09-10 09:45:17.930  1435  1435 I SystemServer: Making services ready
09-10 09:45:17.930  1435  1435 D SystemServerTiming: StartActivityManagerReadyPhase
09-10 09:45:17.930  1435  1435 I SystemServiceManager: Starting phase 550
09-10 09:45:17.930  1435  1435 D SystemServerTiming: OnBootPhase_550
09-10 09:45:17.930  1435  1435 D SystemServerTiming: OnBootPhase_550_com.android.server.security.FileIntegrityService
09-10 09:45:17.930  1435  1435 D SystemServerTiming: OnBootPhase_550_com.android.server.pm.Installer
09-10 09:45:17.931  1435  1435 D SystemServerTiming: OnBootPhase_550_com.android.server.os.DeviceIdentifiersPolicyService
09-10 09:45:17.931  1435  1435 D SystemServerTiming: OnBootPhase_550_com.android.server.flags.FeatureFlagsService
09-10 09:45:17.931  1435  1435 D SystemServerTiming: OnBootPhase_550_com.android.server.uri.UriGrantsManagerService$Lifecycle
09-10 09:45:17.931  1435  1435 D SystemServerTiming: OnBootPhase_550_com.android.server.powerstats.PowerStatsService
09-10 09:45:17.931  1435  1435 D SystemServerTiming: OnBootPhase_550_com.android.server.permission.access.AccessCheckingService
09-10 09:45:17.931  1435  1435 D SystemServerTiming: OnBootPhase_550_com.android.server.wm.ActivityTaskManagerService$Lifecycle
09-10 09:45:17.931  1435  1435 D SystemServerTiming: OnBootPhase_550_com.android.server.am.ActivityManagerService$Lifecycle
09-10 09:45:17.934  1435  1435 D SystemServerTiming: OnBootPhase_550_com.android.server.pm.DataLoaderManagerService
09-10 09:45:17.938  1435  1435 D SystemServerTiming: OnBootPhase_550_com.android.server.power.PowerManagerService
09-10 09:45:17.938  1435  1435 D SystemServerTiming: OnBootPhase_550_com.android.server.power.thermal.ThermalManagerService
09-10 09:45:17.946  1435  1435 I ThermalManagerService$ThermalHalWrapper: Thermal HAL AIDL service connected with version 3
09-10 09:45:17.956  1435  1457 D BrightnessThermalClamper: New thermal throttling status = 2
09-10 09:45:17.958  1435  1457 D BrightnessThermalClamper: New thermal throttling status = 3
09-10 09:45:17.959  1435  1435 D SystemServerTiming: OnBootPhase_550_com.android.server.recoverysystem.RecoverySystemService$Lifecycle
09-10 09:45:17.959  1435  1435 D SystemServerTiming: OnBootPhase_550_com.android.server.lights.LightsService
09-10 09:45:17.959  1435  1435 D SystemServerTiming: OnBootPhase_550_com.android.clockwork.displayoffload.DisplayOffloadService
09-10 09:45:17.959  1435  1435 D SystemServerTiming: OnBootPhase_550_com.android.server.display.DisplayManagerService
09-10 09:45:17.959  1435  1435 D SystemServerTiming: OnBootPhase_550_com.android.server.pm.verify.domain.DomainVerificationService
09-10 09:45:17.959  1435  1435 D SystemServerTiming: OnBootPhase_550_com.android.server.pm.PackageInstallerService$Lifecycle
09-10 09:45:17.959  1435  1435 D SystemServerTiming: OnBootPhase_550_com.android.server.pm.UserManagerService$LifeCycle
09-10 09:45:17.960  1435  1435 D SystemServerTiming: OnBootPhase_550_com.android.server.om.OverlayManagerService
09-10 09:45:17.960  1435  1435 D SystemServerTiming: OnBootPhase_550_com.android.server.resources.ResourcesManagerService
09-10 09:45:17.960  1435  1435 D SystemServerTiming: OnBootPhase_550_com.android.server.sensorprivacy.SensorPrivacyService
09-10 09:45:17.960  1435  1435 D SystemServerTiming: OnBootPhase_550_com.android.server.sensors.SensorService
09-10 09:45:17.960  1435  1435 D SystemServerTiming: OnBootPhase_550_com.android.server.SystemConfigService
09-10 09:45:17.960  1435  1435 D SystemServerTiming: OnBootPhase_550_com.android.server.BatteryService
09-10 09:45:17.962  1435  1435 D SystemServerTiming: OnBootPhase_550_com.android.server.usage.UsageStatsService
09-10 09:45:17.962  1435  1435 D SystemServerTiming: OnBootPhase_550_com.android.server.CachedDeviceStateService
09-10 09:45:17.962  1435  1435 D SystemServerTiming: OnBootPhase_550_com.android.server.BinderCallsStatsService$LifeCycle
09-10 09:45:17.962  1435  1435 D SystemServerTiming: OnBootPhase_550_com.android.server.LooperStatsService$Lifecycle
09-10 09:45:17.962  1435  1435 D SystemServerTiming: OnBootPhase_550_com.android.server.rollback.RollbackManagerService
09-10 09:45:17.963  1435  1435 D SystemServerTiming: OnBootPhase_550_com.android.server.os.NativeTombstoneManagerService
09-10 09:45:17.965  1435  1435 D SystemServerTiming: OnBootPhase_550_com.android.server.os.BugreportManagerService
09-10 09:45:17.965  1435  1435 D SystemServerTiming: OnBootPhase_550_com.android.server.gpu.GpuService
09-10 09:45:17.965  1435  1435 D SystemServerTiming: OnBootPhase_550_com.android.server.security.rkp.RemoteProvisioningService
09-10 09:45:17.966  1435  1435 D SystemServerTiming: OnBootPhase_550_com.android.server.security.KeyChainSystemService
09-10 09:45:17.966  1435  1435 D SystemServerTiming: OnBootPhase_550_com.android.server.BinaryTransparencyService
09-10 09:45:17.968  1435  1435 D SystemServerTiming: OnBootPhase_550_com.android.server.telecom.TelecomLoaderService
09-10 09:45:17.968  1435  1435 D SystemServerTiming: OnBootPhase_550_com.android.server.accounts.AccountManagerService$Lifecycle
09-10 09:45:17.968  1435  1435 D SystemServerTiming: OnBootPhase_550_com.android.server.content.ContentService$Lifecycle
09-10 09:45:17.978  1905  1907 E android.hardware.wifi-service-lazy: Failed to get SupportedRadioCombinations matrix from legacy HAL: NOT_SUPPORTED
09-10 09:45:18.072  1435  1435 W SystemServiceManager: Service com.android.server.content.ContentService$Lifecycle took 103 ms in onBootPhase
09-10 09:45:18.072  1435  1435 D SystemServerTiming: OnBootPhase_550_com.android.server.deviceconfig.DeviceConfigInit$Lifecycle
09-10 09:45:18.072  1435  1435 D SystemServerTiming: OnBootPhase_550_com.android.server.DropBoxManagerService
09-10 09:45:18.072  1435  1435 D SystemServerTiming: OnBootPhase_550_com.android.ecm.EnhancedConfirmationService
09-10 09:45:18.072  1435  1435 D SystemServerTiming: OnBootPhase_550_com.android.server.power.hint.HintManagerService
09-10 09:45:18.072  1435  1435 D SystemServerTiming: OnBootPhase_550_com.android.server.allowlist.AllowlistService
09-10 09:45:18.072  1435  1435 D SystemServerTiming: OnBootPhase_550_com.android.role.RoleService
09-10 09:45:18.072  1435  1435 D SystemServerTiming: OnBootPhase_550_com.android.server.supervision.SupervisionService$Lifecycle
09-10 09:45:18.072  1435  1435 D SystemServerTiming: OnBootPhase_550_com.android.server.vibrator.VibratorManagerService$Lifecycle
09-10 09:45:18.072  1435  1435 D SystemServerTiming: OnBootPhase_550_com.android.server.alarm.AlarmManagerService
09-10 09:45:18.072  1435  1435 D SystemServerTiming: OnBootPhase_550_com.android.server.input.InputManagerService$Lifecycle
09-10 09:45:18.073  1435  1435 D SystemServerTiming: OnBootPhase_550_com.android.server.devicestate.DeviceStateManagerService
09-10 09:45:18.073  1435  1435 D SystemServerTiming: OnBootPhase_550_com.android.server.bluetooth.BluetoothService
09-10 09:45:18.073  1435  1435 D SystemServerTiming: OnBootPhase_550_com.android.server.connectivity.IpConnectivityMetrics
09-10 09:45:18.073  1435  1435 D SystemServerTiming: OnBootPhase_550_com.android.server.net.watchlist.NetworkWatchlistService$Lifecycle
09-10 09:45:18.090  1435  1435 D SystemServerTiming: OnBootPhase_550_com.android.server.pinner.PinnerService
09-10 09:45:18.094  1435  1435 D SystemServerTiming: OnBootPhase_550_com.android.server.integrity.AppIntegrityManagerService
09-10 09:45:18.094  1435  1435 D SystemServerTiming: OnBootPhase_550_com.android.server.logcat.LogcatManagerService
09-10 09:45:18.095  1435  1435 D SystemServerTiming: OnBootPhase_550_com.android.server.appfunctions.AppFunctionManagerService
09-10 09:45:18.095  1435  1435 D SystemServerTiming: OnBootPhase_550_com.android.server.privatecompute.PccSandboxManagerService
09-10 09:45:18.095  1435  1435 D SystemServerTiming: OnBootPhase_550_com.android.server.inputmethod.InputMethodManagerService$Lifecycle
09-10 09:45:18.103  1435  1435 W InputMethodInfoUtils: Found no fallback locale. imis=[]
09-10 09:45:18.104  1435  1435 W InputMethodInfoUtils: No software keyboard is found. imis=[] systemLocale=en_US fallbackLocale=null
09-10 09:45:18.105  1435  1435 W InputMethodSubtypeSwitchingController: Enabled input method list is empty.
09-10 09:45:18.105  1435  1435 W InputMethodSubtypeSwitchingController: Enabled input method list is empty.
09-10 09:45:18.106  1435  1435 D SystemServerTiming: OnBootPhase_550_com.android.server.accessibility.AccessibilityManagerService$Lifecycle
09-10 09:45:18.106  1435  1435 D SystemServerTiming: OnBootPhase_550_com.android.server.StorageManagerService$Lifecycle
09-10 09:45:18.106  1435  1435 D SystemServerTiming: OnBootPhase_550_com.android.server.usage.StorageStatsService$Lifecycle
09-10 09:45:18.106  1435  1435 D SystemServerTiming: OnBootPhase_550_com.android.server.files.FileService
09-10 09:45:18.106  1435  1435 D SystemServerTiming: OnBootPhase_550_com.android.server.UiModeManagerService
09-10 09:45:18.107  1435  1435 D SystemServerTiming: OnBootPhase_550_com.android.server.locales.LocaleManagerService
09-10 09:45:18.107  1435  1435 D SystemServerTiming: OnBootPhase_550_com.android.server.appwindowlayout.AppWindowLayoutSettingsService
09-10 09:45:18.107  1435  1435 D SystemServerTiming: OnBootPhase_550_com.android.server.grammaticalinflection.GrammaticalInflectionService
09-10 09:45:18.107  1435  1435 D SystemServerTiming: OnBootPhase_550_com.android.server.apphibernation.AppHibernationService
09-10 09:45:18.107  1435  1435 D SystemServerTiming: OnBootPhase_550_com.android.server.locksettings.LockSettingsService$Lifecycle
09-10 09:45:18.107  1435  1435 D SystemServerTiming: OnBootPhase_550_com.android.server.pdb.PersistentDataBlockService
09-10 09:45:18.107  1435  1435 D SystemServerTiming: OnBootPhase_550_com.android.server.testharness.TestHarnessModeService
09-10 09:45:18.107  1435  1435 D SystemServerTiming: OnBootPhase_550_com.android.server.oemlock.OemLockService
09-10 09:45:18.107  1435  1435 D SystemServerTiming: OnBootPhase_550_com.android.server.DeviceIdleController
09-10 09:45:18.107  1435  1435 D SystemServerTiming: OnBootPhase_550_com.android.server.devicepolicy.DevicePolicyManagerService$Lifecycle
09-10 09:45:18.108  1435  1435 I DevicePolicyManager: Migrating password complexity to policy engine
09-10 09:45:18.109  1435  1435 V DevicePolicyManager: ResetPasswordWithToken was previously migrated to policy engine.
09-10 09:45:18.109  1435  1435 I DevicePolicyManager: Migrating suspended packages to policy engine
09-10 09:45:18.110  1435  1435 I DevicePolicyManager: Migrating set keyguard disabled features to policy engine
09-10 09:45:18.110  1435  1435 I DevicePolicyManager: Migrating PERMISSION_GRANT policy to device policy engine.
09-10 09:45:18.110  1435  1435 I DevicePolicyManager: Migrating application restrictions to policy engine
09-10 09:45:18.111  1435  1435 D SystemServerTiming: OnBootPhase_550_com.android.server.voiceinteraction.VoiceInteractionManagerService
09-10 09:45:18.113  1435  1435 D SystemServerTiming: OnBootPhase_550_com.android.server.texttospeech.TextToSpeechManagerService
09-10 09:45:18.113  1435  1435 D SystemServerTiming: OnBootPhase_550_com.android.server.ondeviceintelligence.OnDeviceIntelligenceManagerService
09-10 09:45:18.113  1435  1435 D SystemServerTiming: OnBootPhase_550_com.android.server.contentsafety.ContentSafetyManagerService
09-10 09:45:18.113  1435  1435 D SystemServerTiming: OnBootPhase_550_com.android.server.speech.SpeechRecognitionManagerService
09-10 09:45:18.113  1435  1435 D SystemServerTiming: OnBootPhase_550_com.android.server.graphics.fonts.FontManagerService$Lifecycle
09-10 09:45:18.113  1435  1435 D SystemServerTiming: OnBootPhase_550_com.android.server.textclassifier.TextClassificationManagerService$Lifecycle
09-10 09:45:18.114  1435  1435 D SystemServerTiming: OnBootPhase_550_com.android.server.NetworkScoreService$Lifecycle
09-10 09:45:18.114  1435  1435 D SystemServerTiming: OnBootPhase_550_com.android.server.NetworkStatsServiceInitializer
09-10 09:45:18.133   353   353 W vold    : Reading lifetime estimation failed for /sys/devices/platform/soc/4744000.sdhci/health_descriptor/life_time_estimation_c: No such file or directory
09-10 09:45:18.134   353   353 W vold    : Reading lifetime estimation failed for /sys/devices/platform/soc/4744000.sdhci/health_descriptor/life_time_estimation_a: No such file or directory
09-10 09:45:18.134   353   353 W vold    : Reading lifetime estimation failed for /sys/devices/platform/soc/4744000.sdhci/health_descriptor/life_time_estimation_b: No such file or directory
09-10 09:45:18.135  1435  1772 W StorageManagerService: Failed to get storage lifetime
09-10 09:45:18.280   402  1920 I keystore2: system/security/keystore2/src/utils.rs:876 - setting niceness 0 from current 10
09-10 09:45:18.420  1435  1435 W SystemServiceManager: Service com.android.server.NetworkStatsServiceInitializer took 307 ms in onBootPhase
09-10 09:45:18.420  1435  1435 D SystemServerTiming: OnBootPhase_550_com.android.server.wifi.WifiService
09-10 09:45:18.421  1435  1435 D SystemServerTiming: OnBootPhase_550_com.android.server.wifi.scanner.WifiScanningService
09-10 09:45:18.421  1435  1435 D SystemServerTiming: OnBootPhase_550_com.android.server.ConnectivityServiceInitializer
09-10 09:45:18.435  1435  1435 D SystemServerTiming: OnBootPhase_550_com.android.server.bitmapoffload.BitmapOffloadService
09-10 09:45:18.438  1435  1813 I VcnManagementService: new snapshot: TelephonySubscriptionSnapshot{ mActiveDataSubId=-1, mSubIdToInfoMap={}, mSubIdToCarrierConfigMap={}, mPrivilegedPackages={} }
09-10 09:45:18.439  1435  1435 D SystemServerTiming: OnBootPhase_550_com.android.server.modes.ContextualModeManagerService
09-10 09:45:18.439  1435  1435 D SystemServerTiming: OnBootPhase_550_com.android.server.notification.NotificationManagerService
09-10 09:45:18.439  1435  1435 D SystemServerTiming: OnBootPhase_550_com.android.server.storage.DeviceStorageMonitorService
09-10 09:45:18.439  1435  1435 D SystemServerTiming: OnBootPhase_550_com.android.server.timedetector.TimeDetectorService$Lifecycle
09-10 09:45:18.439  1435  1435 D SystemServerTiming: OnBootPhase_550_com.android.server.location.LocationManagerService$Lifecycle
09-10 09:45:18.439  1435  1435 D SystemServerTiming: OnBootPhase_550_com.android.server.timezonedetector.TimeZoneDetectorService$Lifecycle
09-10 09:45:18.439  1435  1435 D SystemServerTiming: OnBootPhase_550_com.android.server.location.altitude.AltitudeService$Lifecycle
09-10 09:45:18.439  1435  1435 D SystemServerTiming: OnBootPhase_550_com.android.server.timezonedetector.location.LocationTimeZoneManagerService$Lifecycle
09-10 09:45:18.439  1435  1435 D SystemServerTiming: OnBootPhase_550_com.android.server.timedetector.GnssTimeUpdateService$Lifecycle
09-10 09:45:18.439  1435  1435 D SystemServerTiming: OnBootPhase_550_com.android.server.wallpaper.WallpaperManagerService$Lifecycle
09-10 09:45:18.443  1435  1435 V WallpaperManagerService: bindWallpaperComponentLocked: componentName=ComponentInfo{com.google.android.wearable.sysui/com.google.android.clockwork.sysui.experiences.defaultwatchface.DefaultWatchFace}
09-10 09:45:18.444  1435  1435 D WallpaperManagerService: WPMS.bindWallpaperComponentLocked-ComponentInfo{com.google.android.wearable.sysui/com.google.android.clockwork.sysui.experiences.defaultwatchface.DefaultWatchFace}
09-10 09:45:18.486  1435  1435 I WallpaperDataParser: No static wallpaper imagery; defaults will be shown
09-10 09:45:18.489  1918  1918 I MediaCodecListGenerator: MediaCodecListGenerator starting...
09-10 09:45:18.491  1435  1435 W SystemServiceManager: Service com.android.server.wallpaper.WallpaperManagerService$Lifecycle took 52 ms in onBootPhase
09-10 09:45:18.495  1918  1918 I MediaCodecListGenerator: MediaCodecListGenerator ready.
09-10 09:45:18.495  1435  1435 D SystemServerTiming: OnBootPhase_550_com.android.server.audio.AudioService$Lifecycle
09-10 09:45:18.495  1435  1435 D SystemServerTiming: OnBootPhase_550_com.android.server.soundtrigger_middleware.SoundTriggerMiddlewareService$Lifecycle
09-10 09:45:18.495  1435  1435 D SystemServerTiming: OnBootPhase_550_com.android.server.DockObserver
09-10 09:45:18.500  1435  1435 D SystemServerTiming: OnBootPhase_550_com.android.clockwork.ThermalObserver
09-10 09:45:18.500  1435  1435 D SystemServerTiming: OnBootPhase_550_com.android.server.adb.AdbService$Lifecycle
09-10 09:45:18.500  1435  1435 D AdbService: systemReady
09-10 09:45:18.501  1918  1931 I MediaCodecListGenerator: Generating MediaCodecList...
09-10 09:45:18.502  1435  1435 D SystemServerTiming: OnBootPhase_550_com.android.server.usb.UsbService$Lifecycle
09-10 09:45:18.502  1435  1435 D SystemServerTiming: OnBootPhase_550_com.android.server.serial.SerialManagerService$Lifecycle
09-10 09:45:18.502  1435  1435 D SystemServerTiming: OnBootPhase_550_com.android.server.display.color.ColorDisplayService
09-10 09:45:18.502  1435  1435 D SystemServerTiming: OnBootPhase_550_com.android.server.job.JobSchedulerService
09-10 09:45:18.502  1435  1435 D SystemServerTiming: OnBootPhase_550_com.android.server.soundtrigger.SoundTriggerService
09-10 09:45:18.502  1435  1435 D SoundTriggerService: onBootPhase: 550 : false
09-10 09:45:18.502  1435  1435 D SystemServerTiming: OnBootPhase_550_com.android.server.trust.TrustManagerService
09-10 09:45:18.502  1435  1435 D SystemServerTiming: OnBootPhase_550_com.android.server.backup.BackupManagerService$Lifecycle
09-10 09:45:18.502  1435  1435 D SystemServerTiming: OnBootPhase_550_com.android.server.GestureLauncherService
09-10 09:45:18.502  1435  1435 D SystemServerTiming: OnBootPhase_550_com.android.server.SensorNotificationService
09-10 09:45:18.502  1435  1435 D SystemServerTiming: OnBootPhase_550_com.android.server.ContextHubSystemService
09-10 09:45:18.502  1435  1435 D SystemServerTiming: OnBootPhase_550_com.android.server.emergency.EmergencyAffordanceService
09-10 09:45:18.502  1435  1435 D SystemServerTiming: OnBootPhase_550_com.android.server.blob.BlobStoreManagerService
09-10 09:45:18.505  1435  1825 I EventLogger: setModeOwnerToken: null -> []
09-10 09:45:18.505  1435  1734 D SystemServerTimingAsync: InitThreadPoolExec:UsbService$Lifecycle#onBootPhase
09-10 09:45:18.510  1435  1435 D SystemServerTiming: OnBootPhase_550_com.android.server.dreams.DreamManagerService
09-10 09:45:18.510  1435  1435 D SystemServerTiming: OnBootPhase_550_com.android.server.security.AttestationVerificationManagerService
09-10 09:45:18.510  1435  1435 D SystemServerTiming: OnBootPhase_550_com.android.server.companion.CompanionDeviceManagerService
09-10 09:45:18.510  1435  1435 D SystemServerTiming: OnBootPhase_550_com.android.server.companion.datatransfer.continuity.TaskContinuityManagerService
09-10 09:45:18.510  1435  1435 D SystemServerTiming: OnBootPhase_550_com.android.server.restrictions.RestrictionsManagerService
09-10 09:45:18.510  1435  1435 D SystemServerTiming: OnBootPhase_550_com.android.server.media.MediaSessionService
09-10 09:45:18.517  1435  1435 D SystemServerTiming: OnBootPhase_550_com.android.server.biometrics.BiometricService
09-10 09:45:18.517  1435  1435 D SystemServerTiming: OnBootPhase_550_com.android.server.biometrics.AuthService
09-10 09:45:18.518  1435  1435 D SystemServerTiming: OnBootPhase_550_com.android.server.pm.ShortcutService$Lifecycle
09-10 09:45:18.518  1435  1435 D SystemServerTiming: OnBootPhase_550_com.android.server.pm.LauncherAppsService
09-10 09:45:18.518  1435  1435 D SystemServerTiming: OnBootPhase_550_com.android.server.pm.CrossProfileAppsService
09-10 09:45:18.518  1435  1435 D SystemServerTiming: OnBootPhase_550_com.android.server.people.PeopleService
09-10 09:45:18.518  1435  1435 D SystemServerTiming: OnBootPhase_550_com.android.server.media.metrics.MediaMetricsManagerService
09-10 09:45:18.518  1435  1435 D SystemServerTiming: OnBootPhase_550_com.android.server.media.projection.MediaProjectionManagerService
09-10 09:45:18.518  1435  1435 D SystemServerTiming: OnBootPhase_550_com.android.clockwork.power.WearPowerService
09-10 09:45:18.519  1435  1435 D SystemServerTiming: OnBootPhase_550_com.android.clockwork.healthservices.HealthService
09-10 09:45:18.519  1435  1435 D SystemServerTiming: OnBootPhase_550_com.android.clockwork.systemstatedisplay.SystemStateDisplayService
09-10 09:45:18.519  1435  1435 D SystemServerTiming: OnBootPhase_550_com.android.clockwork.connectivity.WearConnectivityService
09-10 09:45:18.519  1435  1435 D SystemServerTiming: OnBootPhase_550_com.android.clockwork.display.WearDisplayService
09-10 09:45:18.519  1435  1435 D SystemServerTiming: OnBootPhase_550_com.android.clockwork.time.WearTimeService
09-10 09:45:18.519  1435  1435 D SystemServerTiming: OnBootPhase_550_com.android.clockwork.settings.WearSettingsService
09-10 09:45:18.522  1435  1607 I ActivityManager: Start proc 1935:com.google.android.wearable.sysui/u0a68 for bound-service {com.google.android.wearable.sysui/com.google.android.clockwork.sysui.experiences.defaultwatchface.DefaultWatchFace}
09-10 09:45:18.523  1435  1911 I UsbPortManager: AIDL UsbDataStatus:1
09-10 09:45:18.524  1435  1911 I UsbPortManager: ClientCallback AIDL V1: port0
09-10 09:45:18.526  1435  1911 I UsbPortManager: all: opID:1 successful
09-10 09:45:18.531  1435  1457 I UsbPortManager: USB port added: port=UsbPort{id=port0, supportedModes=dual, audio_acc, supportedContaminantProtectionModes=0, supportsEnableContaminantPresenceProtection=false, supportsEnableContaminantPresenceDetection=false, supportsComplianceWarnings=false, supportsPartnerBc12Type=false, supportsPowerProfiles=false, status=UsbPortStatus{connected=true, currentMode=ufp, currentPowerRole=sink, currentDataRole=device, supportedRoleCombinations=[source:host, sink:device], contaminantDetectionStatus=0, contaminantProtectionStatus=0, usbDataStatus=enabled, isPowerTransferLimited=false, powerBrickConnectionStatus=unknown, complianceWarnings=[], plugState=0, displayPortAltModeInfo=null, bc12Type=Unknown,  mPortSinkPowerProfiles={} , mPortSourcePowerProfiles={} , mPartnerSinkPowerProfiles={} , mPartnerSourcePowerProfiles={} , mPortSinkPowerProfileMatches={} , mPortSourcePowerProfileMatches={}, canChangeMode=true, canChangePowerRole=false, canChangeDataRole=false, connectedAtMillis=35406803, lastConnectDurationMillis=0
09-10 09:45:18.539  1435  1607 W ActivityManager: Slow operation: 63ms so far, now at startProcess: done updating pids map
09-10 09:45:18.563  1435  1435 D SystemServerTiming: OnBootPhase_550_com.android.clockwork.modes.ModeManagerService
09-10 09:45:18.570  1435  1435 D SystemServerTiming: OnBootPhase_550_com.android.clockwork.input.WearInputService
09-10 09:45:18.570  1435  1435 D SystemServerTiming: OnBootPhase_550_com.android.server.stats.StatsCompanion$Lifecycle
09-10 09:45:18.571  1435  1435 D SystemServerTiming: OnBootPhase_550_com.android.server.scheduling.RebootReadinessManagerService$Lifecycle
09-10 09:45:18.571  1435  1435 D SystemServerTiming: OnBootPhase_550_com.android.server.stats.pull.StatsPullAtomService
09-10 09:45:18.571  1435  1435 D SystemServerTiming: OnBootPhase_550_com.android.server.stats.bootstrap.StatsBootstrapAtomService$Lifecycle
09-10 09:45:18.571  1435  1435 D SystemServerTiming: OnBootPhase_550_com.android.server.stats.binder.BinderStatsConsumerService$Lifecycle
09-10 09:45:18.571  1435  1435 D SystemServerTiming: OnBootPhase_550_com.android.server.incident.IncidentCompanionService
09-10 09:45:18.571  1435  1435 D SystemServerTiming: OnBootPhase_550_com.android.server.sdksandbox.SdkSandboxManagerService$Lifecycle
09-10 09:45:18.571  1435  1435 D SystemServerTiming: OnBootPhase_550_android.os.profiling.ProfilingService$Lifecycle
09-10 09:45:18.571  1435  1435 D SystemServerTiming: OnBootPhase_550_com.android.os.profiling.anomaly.AnomalyDetectorService
09-10 09:45:18.571  1435  1435 D SystemServerTiming: OnBootPhase_550_com.android.server.signalcollector.SignalCollectorService
09-10 09:45:18.571  1435  1435 D SystemServerTiming: OnBootPhase_550_com.android.uprobestats.UprobeStatsBridgeService
09-10 09:45:18.571  1435  1435 D SystemServerTiming: OnBootPhase_550_com.android.server.MmsServiceBroker
09-10 09:45:18.571  1435  1435 D SystemServerTiming: OnBootPhase_550_com.android.server.credentials.CredentialManagerService
09-10 09:45:18.571  1435  1435 D SystemServerTiming: OnBootPhase_550_com.android.server.clipboard.ClipboardService
09-10 09:45:18.571  1435  1435 D SystemServerTiming: OnBootPhase_550_com.android.server.appbinding.AppBindingService$Lifecycle
09-10 09:45:18.585  1435  1435 I AppBindingService: Updating constants with: null
09-10 09:45:18.586  1435  1435 D SystemServerTiming: OnBootPhase_550_com.android.server.tracing.TracingServiceProxy
09-10 09:45:18.586  1435  1435 D SystemServerTiming: OnBootPhase_550_com.android.server.os.instrumentation.DynamicInstrumentationManagerService
09-10 09:45:18.586  1435  1435 D SystemServerTiming: OnBootPhase_550_com.android.server.policy.PermissionPolicyService
09-10 09:45:18.587  1435  1435 D SystemServerTiming: Permission_grant_default_permissions-0
09-10 09:45:18.597  1435  1435 D SystemServerTiming: Permission_synchronize_permissions-0
09-10 09:45:18.611  1435  1435 D SystemServerTiming: Permission_synchronize_addPackages-0
09-10 09:45:18.678  1435  1944 D OomAdjuster: Not killing cached processes
09-10 09:45:18.690  1435  1741 E JobScheduler.Quota: maybeScheduleStartAlarmLocked called for <0>com.google.android.wearable.sysui that has no jobs
09-10 09:45:18.691  1435  1741 E JobScheduler.Quota: maybeScheduleStartAlarmLocked called for <0>com.google.android.wearable.sysui that has no jobs
09-10 09:45:18.691  1435  1741 E JobScheduler.Quota: maybeScheduleStartAlarmLocked called for <0>com.google.android.wearable.sysui that has no jobs
09-10 09:45:18.785  1918  1931 I Codec2Client: Available Codec2 services: "default" "software" "__ApexCodecs__"
09-10 09:45:18.813  1435  1460 W BLASTSyncEngine: Sync group 0 timeout
09-10 09:45:18.815  1435  1460 W BLASTSyncEngine: Sync group 0 timed-out because not ready. If you see this, please file a bug.
09-10 09:45:18.816  1435  1460 E Transition: #0 readiness timeout. state=1
09-10 09:45:18.816  1435  1460 E Transition:    met conditions: [{displayConfig:Display{#0 state=ON size=384x384 ROTATION_0}IGNORED}, {displayConfig:Display{#0 state=ON size=384x384 ROTATION_0}IGNORED}]
09-10 09:45:18.817  1435  1460 E Transition:    unmet conditions: [{Legacy: used=false deferDepth=0 group={}}]
09-10 09:45:18.818  1435  1460 V WindowManager: Playing [FALLBACK] animation for #0 @0
09-10 09:45:18.823  1435  1457 V WindowManager: Sent Transition (#0) createdAt=09-10 09:45:16.812 via request=TransitionRequestInfo { type = CHANGE, triggerTask = null, pipChange = null, remoteTransitionInfo = null, displayChanges = null, requestedLocation = null, userChange = null, windowingLayerChange = null, fullscreenRequestChange = null, flags = 0, debugId = 0 }
09-10 09:45:18.823  1435  1457 V WindowManager:     startWCT=WindowContainerTransaction { changes= {} hops= [] flags= 0 errorCallbackToken=null taskFragmentOrganizer=null }
09-10 09:45:18.823  1435  1457 V WindowManager:     info={id=0 t=CHANGE f=0x0 trk=0 r=[] c=[]}
09-10 09:45:18.823  1435  1460 V WindowManager: Transition animation [FALLBACK] finished #0 @0
09-10 09:45:18.825  1435  1457 V WindowManager: Finish Transition (#0): created at 09-10 09:45:16.812 collect-started=0.599ms request-sent=0.83ms started=9.461ms ready=-3.5405088226E7ms sent=2005.928ms finished=2011.721ms
09-10 09:45:18.884  1435  1435 D SystemServerTiming: Permission_syncPackages-0
09-10 09:45:18.903  1435  1435 W SystemServiceManager: Service com.android.server.policy.PermissionPolicyService took 317 ms in onBootPhase
09-10 09:45:18.904  1435  1435 D SystemServerTiming: OnBootPhase_550_com.android.server.pm.StagingManager$Lifecycle
09-10 09:45:18.904  1435  1435 D SystemServerTiming: OnBootPhase_550_com.android.server.crashrecovery.CrashRecoveryModule$Lifecycle
09-10 09:45:18.904  1435  1435 D SystemServerTiming: OnBootPhase_550_com.android.server.ranging.RangingService
09-10 09:45:18.904  1435  1435 D SystemServerTiming: OnBootPhase_550_com.android.safetycenter.SafetyCenterService
09-10 09:45:18.904  1435  1435 D SystemServerTiming: OnBootPhase_550_com.android.server.appsearch.AppSearchModule$Lifecycle
09-10 09:45:18.904  1435  1435 D SystemServerTiming: OnBootPhase_550_com.android.server.media.MediaCommunicationService
09-10 09:45:18.904  1435  1435 D SystemServerTiming: OnBootPhase_550_com.android.server.compat.overrides.AppCompatOverridesService$Lifecycle
09-10 09:45:18.904  1435  1435 D SystemServerTiming: OnBootPhase_550_com.android.server.healthconnect.HealthConnectManagerService
09-10 09:45:18.904  1435  1435 D SystemServerTiming: OnBootPhase_550_com.android.server.SensitiveContentProtectionManagerService
09-10 09:45:18.905  1435  1435 D SystemServerTiming: StartObservingNativeCrashes
09-10 09:45:18.905  1435  1435 D SystemServerTiming: RegisterAppOpsPolicy
09-10 09:45:18.909  1435  1435 D SystemServerTiming: StartWearService
09-10 09:45:18.916  1435  1435 D SystemServerTiming: MakeNetworkManagementServiceReady
09-10 09:45:18.924  1435  1435 D SystemServerTiming: MakeConnectivityServiceReady
09-10 09:45:18.924  1435  1796 W PowerManagerService: Battery saver is not supported, no low power mode observer registered
09-10 09:45:18.931  1435  1808 I PackageManager: getInstalledPackages: callingUid=1000 flags=4096 updatedFlags=528384 userId=0
09-10 09:45:18.938  1435  1796 W PowerManagerService: Battery saver is not supported, no low power mode observer registered
09-10 09:45:18.948  1435  1607 I ActivityManager: Start proc 1955:com.google.wear.services/1000 for started-service {com.google.wear.services/com.google.wear.services.api.WearService}
09-10 09:45:18.974  1435  1796 D NetworkPolicy: setRestrictBackgroundUL(): true; reason: init_service
09-10 09:45:19.041  1435  1796 D CompatChangeReporter: Compat change id reported: 262645982; UID 10002; state: ENABLED
09-10 09:45:19.050  1435  1796 D CompatChangeReporter: Compat change id reported: 262645982; UID 10118; state: ENABLED
09-10 09:45:19.058  1435  1796 D CompatChangeReporter: Compat change id reported: 262645982; UID 10006; state: ENABLED
09-10 09:45:19.059  1435  1796 D CompatChangeReporter: Compat change id reported: 262645982; UID 10004; state: ENABLED
09-10 09:45:19.106  1435  1825 I AS.AudioService: onUpdateContextualVolumes: absolute volume driving streams 3 avrcp supported: false
09-10 09:45:19.112  1435  1825 V AS.AudioService: No absolute volume devices
09-10 09:45:19.148  1435  1607 I ActivityManager: Start proc 1968:com.google.android.gms/u0a120 for bound-service {com.google.android.gms/com.google.android.gms.chimera.PersistentDirectBootAwareApiService}
09-10 09:45:19.310  1435  1741 E JobScheduler.Quota: maybeScheduleStartAlarmLocked called for <0>com.google.android.gms that has no jobs
09-10 09:45:19.311  1435  1741 E JobScheduler.Quota: maybeScheduleStartAlarmLocked called for <0>com.google.android.gms that has no jobs
09-10 09:45:19.311  1435  1741 E JobScheduler.Quota: maybeScheduleStartAlarmLocked called for <0>com.google.android.gms that has no jobs
--------- beginning of main
09-10 09:45:19.336  5543 20277 E QC2CompStore: Failed to locate interface with name c2.android.apv.encoder
09-10 09:45:19.337  1968  1968 D nativeloader: Configuring clns-7 for other apk /system/framework/com.google.android.wearable.jar. target_sdk_version=37, uses_libraries=ALL, library_path=/data/app/~~4OkDuO0TQX-wHEEPKnS1tA==/com.google.android.gms-9NEI3LtmM_lcBdmsLLItRQ==/lib/arm:/data/app/~~4OkDuO0TQX-wHEEPKnS1tA==/com.google.android.gms-9NEI3LtmM_lcBdmsLLItRQ==/base.apk!/lib/armeabi-v7a, permitted_path=/data:/mnt/expand:/data/user/0/com.google.android.gms
09-10 09:45:19.345  1168 25166 I isAtLeastRelease: device sdk 37, minsdk 36
09-10 09:45:19.345  1168 25166 I isAtLeastRelease: active codename REL, to match Baklava
09-10 09:45:19.345  1168 25166 D C2SoftApvEnc: isAtLeastRelease(36, Baklava) says enable: yes
09-10 09:45:19.352   528  5560 I SnapAlloc: Using graphics libs for alignment calculations
09-10 09:45:19.352   528  5560 E SnapAlloc: Failed to get format mapping to use mmm_color_fmt
09-10 09:45:19.352   528  5560 W SnapAlloc: Error while getting constraints from display libs width 320, height 240, format 0
09-10 09:45:19.353   528  5560 I SnapAlloc: Using graphics libs for alignment calculations
09-10 09:45:19.353   528  5560 W SnapAlloc: Failed to get format mapping to use mmm_color_fmt
09-10 09:45:19.353   528  5560 W SnapAlloc: Error while getting constraints from video libs width 320, height 240, format 0
09-10 09:45:19.354   528  5560 I SnapAlloc: Using graphics libs for alignment calculations
09-10 09:45:19.354   528  5560 E SnapAlloc: Failed to get format mapping to use mmm_color_fmt
09-10 09:45:19.354   528  5560 W SnapAlloc: Error while getting constraints from display libs width 320, height 240, format 0
09-10 09:45:19.356  1435  1808 I AppOptInDefaultNetworkController: Add SatelliteDataOptInUids for user UserHandle{0}: {10100, 10120}
09-10 09:45:19.356  1435  1808 I AppOptInDefaultNetworkController: SmsRoleUids:{} Opt-InUids:{10100, 10120} ott-uids:{}
09-10 09:45:19.357  1435  1808 I ConnectivityService: handleUpdateAppOptInDefaultNetworkPolicies received: [AppOptInDefaultNetworkPolicy{policyFlags=2, uids={10100, 10120}}]
09-10 09:45:19.358  1435  1808 D NetworkRequestStateStatsMetrics: Removed nr with ID = 8
09-10 09:45:19.362  1435  1808 D NetworkRequestStateStatsMetrics: Registered nr with ID = 15, package_uid = -1
09-10 09:45:19.364   528   528 I SnapAlloc: Using graphics libs for alignment calculations
09-10 09:45:19.364   528   528 E SnapAlloc: Failed to get format mapping to use mmm_color_fmt
09-10 09:45:19.364   528   528 W SnapAlloc: Error while getting constraints from display libs width 320, height 240, format 0
09-10 09:45:19.364  1435  1808 D ConnectivityService: Switching to new default network for: uid/pid:1000/1435 activeRequest: null callbackRequest: 14 [NetworkRequest [ TRACK_DEFAULT id=14, [ Capabilities: INTERNET&NOT_RESTRICTED&TRUSTED&NOT_VPN&NOT_VCN_MANAGED&NOT_BANDWIDTH_CONSTRAINED Uids: <{10100-10100, 10120-10120}> RequestorUid: 1000 RequestorPkg: android UnderlyingNetworks: Null] ], NetworkRequest [ REQUEST id=15, [ Transports: SATELLITE Capabilities: INTERNET&NOT_RESTRICTED&TRUSTED&NOT_VPN&NOT_VCN_MANAGED Uids: <{10100-10100, 10120-10120}> UnderlyingNetworks: Null] ]] callback flags: 0 order: 40 isUidTracked: false declaredMethods: NONE using NetworkAgentInfo{network{52}  handle{226743996429}  ni{ IDLE} created=2026-09-10T04:15:15.134Z Score(Policies :  ; KeepConnected : 0)   lp{{LinkAddresses: [ ] DnsAddresses: [ ] Domains: null MTU: 0 Routes: [ ]}}  nc{[ Capabilities: NOT_RESTRICTED&TRUSTED&NOT_VPN&NOT_BANDWIDTH_CONSTRAINED UnderlyingNetworks: Null]}  factorySerialNumber=0}
09-10 09:45:19.365   528   528 I SnapAlloc: Using graphics libs for alignment calculations
09-10 09:45:19.365   528   528 W SnapAlloc: Failed to get format mapping to use mmm_color_fmt
09-10 09:45:19.365   528   528 W SnapAlloc: Error while getting constraints from video libs width 320, height 240, format 0
09-10 09:45:19.366   528   528 I SnapAlloc: Using graphics libs for alignment calculations
09-10 09:45:19.366   528   528 E SnapAlloc: Failed to get format mapping to use mmm_color_fmt
09-10 09:45:19.366   528   528 W SnapAlloc: Error while getting constraints from display libs width 320, height 240, format 0
09-10 09:45:19.368  1435  1808 D ConnectivityService: NetReassign [14 : null → 52] [c 1] [a 5] [i 0]
09-10 09:45:19.370  1918  1931 D Codec2InfoBuilder: codec entry for 'c2.android.apv.encoder' is disabled
09-10 09:45:19.370  5543 20277 E QC2CompStore: Failed to locate interface with name c2.android.av1-dav1d.decoder
09-10 09:45:19.373  1435  1808 D ConnectivityService: NetReassign [no changes] [c 0] [a 0] [i 0]
09-10 09:45:19.377  1435  1808 D ConnectivityService: Got NetworkProvider Messenger for L2capNetworkProvider
09-10 09:45:19.378  1435  1808 D ConnectivityService: register offer from providerId 4 : NetworkOffer [ Provider Id (4) Score(Policies : EVER_EVALUATED&IS_UNMETERED ; KeepConnected : 0) Caps [ Transports: BLUETOOTH Capabilities: NOT_METERED&NOT_VPN&NOT_ROAMING&NOT_CONGESTED&NOT_SUSPENDED&NOT_VCN_MANAGED&NOT_BANDWIDTH_CONSTRAINED Specifier: <L2capNetworkSpecifier(ROLE_SERVER, HEADER_COMPRESSION_ANY, RemoteAddress=null, PSM=PSM_ANY)> ReservationId: * UnderlyingNetworks: Null] Needed by []]
09-10 09:45:19.379  1435  1435 D SystemServerTiming: MakeVpnManagerServiceReady
09-10 09:45:19.379  1435  1435 D SystemServerTiming: MakeNetworkPolicyServiceReady
09-10 09:45:19.380  1435  1808 D ConnectivityService: register offer from providerId 4 : NetworkOffer [ Provider Id (4) Score(Policies : EVER_EVALUATED&IS_UNMETERED ; KeepConnected : 0) Caps [ Transports: BLUETOOTH Capabilities: NOT_METERED&NOT_VPN&NOT_ROAMING&NOT_CONGESTED&NOT_SUSPENDED&NOT_VCN_MANAGED&NOT_BANDWIDTH_CONSTRAINED Specifier: <L2capNetworkSpecifier(ROLE_CLIENT, HEADER_COMPRESSION_ANY, RemoteAddress=null, PSM=PSM_ANY)> UnderlyingNetworks: Null] Needed by []]
09-10 09:45:19.387  1435  1435 D SystemServerTiming: PhaseThirdPartyAppsCanStart
09-10 09:45:19.387  1435  1435 I SystemServiceManager: Starting phase 600
09-10 09:45:19.387  1435  1435 D SystemServerTiming: OnBootPhase_600
09-10 09:45:19.388  1435  1435 D SystemServerTiming: OnBootPhase_600_com.android.server.security.FileIntegrityService
09-10 09:45:19.389  1435  1435 D SystemServerTiming: OnBootPhase_600_com.android.server.pm.Installer
09-10 09:45:19.390  1435  1435 D SystemServerTiming: OnBootPhase_600_com.android.server.os.DeviceIdentifiersPolicyService
09-10 09:45:19.390  1435  1435 D SystemServerTiming: OnBootPhase_600_com.android.server.flags.FeatureFlagsService
09-10 09:45:19.390  1435  1435 D SystemServerTiming: OnBootPhase_600_com.android.server.uri.UriGrantsManagerService$Lifecycle
09-10 09:45:19.390  1435  1435 D SystemServerTiming: OnBootPhase_600_com.android.server.powerstats.PowerStatsService
09-10 09:45:19.390  1435  1435 D SystemServerTiming: OnBootPhase_600_com.android.server.permission.access.AccessCheckingService
09-10 09:45:19.390  1435  1435 D SystemServerTiming: OnBootPhase_600_com.android.server.wm.ActivityTaskManagerService$Lifecycle
09-10 09:45:19.390  1435  1435 D SystemServerTiming: OnBootPhase_600_com.android.server.am.ActivityManagerService$Lifecycle
09-10 09:45:19.390  1435  1435 D ActivityManager: ThemeHomeDelay: Home launch is not delayable, skipping timeout creation
09-10 09:45:19.390  1435  1435 D SystemServerTiming: OnBootPhase_600_com.android.server.pm.DataLoaderManagerService
09-10 09:45:19.390  1435  1435 D SystemServerTiming: OnBootPhase_600_com.android.server.power.PowerManagerService
09-10 09:45:19.397  1435  1808 E NetlinkUtils: receiveNetlinkAck, errmsg=NetlinkErrorMessage{ nlmsghdr{StructNlMsgHdr{ nlmsg_len{68}, nlmsg_type{2()}, nlmsg_flags{0()}, nlmsg_seq{0}, nlmsg_pid{-1012434588} }}, nlmsgerr{StructNlMsgErr{ error{-2}, msg{StructNlMsgHdr{ nlmsg_len{48}, nlmsg_type{37()}, nlmsg_flags{5(NLM_F_REQUEST|NLM_F_ACK)}, nlmsg_seq{0}, nlmsg_pid{0} }} }} }
09-10 09:45:19.399  1435  1808 E NetlinkUtils: receiveNetlinkAck, errmsg=NetlinkErrorMessage{ nlmsghdr{StructNlMsgHdr{ nlmsg_len{68}, nlmsg_type{2()}, nlmsg_flags{0()}, nlmsg_seq{0}, nlmsg_pid{-1789175282} }}, nlmsgerr{StructNlMsgErr{ error{-2}, msg{StructNlMsgHdr{ nlmsg_len{48}, nlmsg_type{37()}, nlmsg_flags{5(NLM_F_REQUEST|NLM_F_ACK)}, nlmsg_seq{0}, nlmsg_pid{0} }} }} }
09-10 09:45:19.399  1435  1435 D SystemServerTiming: OnBootPhase_600_com.android.server.power.thermal.ThermalManagerService
09-10 09:45:19.399  1435  1435 D SystemServerTiming: OnBootPhase_600_com.android.server.recoverysystem.RecoverySystemService$Lifecycle
09-10 09:45:19.399  1435  1435 D SystemServerTiming: OnBootPhase_600_com.android.server.lights.LightsService
09-10 09:45:19.399  1435  1435 D SystemServerTiming: OnBootPhase_600_com.android.clockwork.displayoffload.DisplayOffloadService
09-10 09:45:19.399  1435  1435 D SystemServerTiming: OnBootPhase_600_com.android.server.display.DisplayManagerService
09-10 09:45:19.399  1435  1435 D SystemServerTiming: OnBootPhase_600_com.android.server.pm.verify.domain.DomainVerificationService
09-10 09:45:19.399  1435  1435 D SystemServerTiming: OnBootPhase_600_com.android.server.pm.PackageInstallerService$Lifecycle
09-10 09:45:19.399  1435  1435 D SystemServerTiming: OnBootPhase_600_com.android.server.pm.UserManagerService$LifeCycle
09-10 09:45:19.400  1435  1435 D SystemServerTiming: OnBootPhase_600_com.android.server.om.OverlayManagerService
09-10 09:45:19.400  1435  1435 D SystemServerTiming: OnBootPhase_600_com.android.server.resources.ResourcesManagerService
09-10 09:45:19.400  1435  1435 D SystemServerTiming: OnBootPhase_600_com.android.server.sensorprivacy.SensorPrivacyService
09-10 09:45:19.400  1435  1435 D SystemServerTiming: OnBootPhase_600_com.android.server.sensors.SensorService
09-10 09:45:19.400  1435  1435 D SystemServerTiming: OnBootPhase_600_com.android.server.SystemConfigService
09-10 09:45:19.400  1435  1435 D SystemServerTiming: OnBootPhase_600_com.android.server.BatteryService
09-10 09:45:19.400  1435  1435 D SystemServerTiming: OnBootPhase_600_com.android.server.usage.UsageStatsService
09-10 09:45:19.400  1435  1435 D SystemServerTiming: OnBootPhase_600_com.android.server.CachedDeviceStateService
09-10 09:45:19.401  1435  1435 D SystemServerTiming: OnBootPhase_600_com.android.server.BinderCallsStatsService$LifeCycle
09-10 09:45:19.401  1435  1435 D SystemServerTiming: OnBootPhase_600_com.android.server.LooperStatsService$Lifecycle
09-10 09:45:19.401  1435  1435 D SystemServerTiming: OnBootPhase_600_com.android.server.rollback.RollbackManagerService
09-10 09:45:19.402  1435  1808 E NetlinkUtils: receiveNetlinkAck, errmsg=NetlinkErrorMessage{ nlmsghdr{StructNlMsgHdr{ nlmsg_len{68}, nlmsg_type{2()}, nlmsg_flags{0()}, nlmsg_seq{0}, nlmsg_pid{-949288428} }}, nlmsgerr{StructNlMsgErr{ error{-2}, msg{StructNlMsgHdr{ nlmsg_len{48}, nlmsg_type{37()}, nlmsg_flags{5(NLM_F_REQUEST|NLM_F_ACK)}, nlmsg_seq{0}, nlmsg_pid{0} }} }} }
09-10 09:45:19.402  1435  1435 D SystemServerTiming: OnBootPhase_600_com.android.server.os.NativeTombstoneManagerService
09-10 09:45:19.403  1435  1808 E NetlinkUtils: receiveNetlinkAck, errmsg=NetlinkErrorMessage{ nlmsghdr{StructNlMsgHdr{ nlmsg_len{68}, nlmsg_type{2()}, nlmsg_flags{0()}, nlmsg_seq{0}, nlmsg_pid{-1706005967} }}, nlmsgerr{StructNlMsgErr{ error{-2}, msg{StructNlMsgHdr{ nlmsg_len{48}, nlmsg_type{37()}, nlmsg_flags{5(NLM_F_REQUEST|NLM_F_ACK)}, nlmsg_seq{0}, nlmsg_pid{0} }} }} }
09-10 09:45:19.404  1435  1435 D SystemServerTiming: OnBootPhase_600_com.android.server.os.BugreportManagerService
09-10 09:45:19.404  1435  1808 E NetlinkUtils: receiveNetlinkAck, errmsg=NetlinkErrorMessage{ nlmsghdr{StructNlMsgHdr{ nlmsg_len{68}, nlmsg_type{2()}, nlmsg_flags{0()}, nlmsg_seq{0}, nlmsg_pid{-234448251} }}, nlmsgerr{StructNlMsgErr{ error{-2}, msg{StructNlMsgHdr{ nlmsg_len{48}, nlmsg_type{37()}, nlmsg_flags{5(NLM_F_REQUEST|NLM_F_ACK)}, nlmsg_seq{0}, nlmsg_pid{0} }} }} }
09-10 09:45:19.405  1435  1435 D SystemServerTiming: OnBootPhase_600_com.android.server.gpu.GpuService
09-10 09:45:19.405  1435  1435 D SystemServerTiming: OnBootPhase_600_com.android.server.security.rkp.RemoteProvisioningService
09-10 09:45:19.405  1435  1435 D SystemServerTiming: OnBootPhase_600_com.android.server.security.KeyChainSystemService
09-10 09:45:19.405  1435  1435 D SystemServerTiming: OnBootPhase_600_com.android.server.BinaryTransparencyService
09-10 09:45:19.405  1435  1435 D SystemServerTiming: OnBootPhase_600_com.android.server.telecom.TelecomLoaderService
09-10 09:45:19.407  1435  1808 E NetlinkUtils: receiveNetlinkAck, errmsg=NetlinkErrorMessage{ nlmsghdr{StructNlMsgHdr{ nlmsg_len{68}, nlmsg_type{2()}, nlmsg_flags{0()}, nlmsg_seq{0}, nlmsg_pid{-1525267917} }}, nlmsgerr{StructNlMsgErr{ error{-2}, msg{StructNlMsgHdr{ nlmsg_len{48}, nlmsg_type{37()}, nlmsg_flags{5(NLM_F_REQUEST|NLM_F_ACK)}, nlmsg_seq{0}, nlmsg_pid{0} }} }} }
09-10 09:45:19.408  1435  1435 I TelecomLoaderService: Binding to TelecomService...
09-10 09:45:19.408  1435  1808 E NetlinkUtils: receiveNetlinkAck, errmsg=NetlinkErrorMessage{ nlmsghdr{StructNlMsgHdr{ nlmsg_len{68}, nlmsg_type{2()}, nlmsg_flags{0()}, nlmsg_seq{0}, nlmsg_pid{-1044735868} }}, nlmsgerr{StructNlMsgErr{ error{-2}, msg{StructNlMsgHdr{ nlmsg_len{48}, nlmsg_type{37()}, nlmsg_flags{5(NLM_F_REQUEST|NLM_F_ACK)}, nlmsg_seq{0}, nlmsg_pid{0} }} }} }
09-10 09:45:19.412  1435  1808 E NetlinkUtils: receiveNetlinkAck, errmsg=NetlinkErrorMessage{ nlmsghdr{StructNlMsgHdr{ nlmsg_len{68}, nlmsg_type{2()}, nlmsg_flags{0()}, nlmsg_seq{0}, nlmsg_pid{-851747406} }}, nlmsgerr{StructNlMsgErr{ error{-2}, msg{StructNlMsgHdr{ nlmsg_len{48}, nlmsg_type{37()}, nlmsg_flags{5(NLM_F_REQUEST|NLM_F_ACK)}, nlmsg_seq{0}, nlmsg_pid{0} }} }} }
09-10 09:45:19.414  1435  1808 E NetlinkUtils: receiveNetlinkAck, errmsg=NetlinkErrorMessage{ nlmsghdr{StructNlMsgHdr{ nlmsg_len{68}, nlmsg_type{2()}, nlmsg_flags{0()}, nlmsg_seq{0}, nlmsg_pid{-621902538} }}, nlmsgerr{StructNlMsgErr{ error{-2}, msg{StructNlMsgHdr{ nlmsg_len{48}, nlmsg_type{37()}, nlmsg_flags{5(NLM_F_REQUEST|NLM_F_ACK)}, nlmsg_seq{0}, nlmsg_pid{0} }} }} }
09-10 09:45:19.415  1918  1931 I Codec2InfoBuilder: adding type 'video/av01'
09-10 09:45:19.425  1918  1931 W libc    : Access denied finding property "media.resolution.limit.32bit"
09-10 09:45:19.426  1918  1931 W libc    : Access denied finding property "media.resolution.limit.32bit"
09-10 09:45:19.426  1918  1931 W libc    : Access denied finding property "media.resolution.limit.32bit"
09-10 09:45:19.427  1918  1931 W libc    : Access denied finding property "media.resolution.limit.32bit"
09-10 09:45:19.427  1918  1931 W libc    : Access denied finding property "media.resolution.limit.32bit"
09-10 09:45:19.431  5543 20277 E QC2CompStore: Failed to locate interface with name c2.android.av1.decoder
09-10 09:45:19.436  1435  1808 E NetlinkUtils: receiveNetlinkAck, errmsg=NetlinkErrorMessage{ nlmsghdr{StructNlMsgHdr{ nlmsg_len{68}, nlmsg_type{2()}, nlmsg_flags{0()}, nlmsg_seq{0}, nlmsg_pid{-7755928} }}, nlmsgerr{StructNlMsgErr{ error{-2}, msg{StructNlMsgHdr{ nlmsg_len{48}, nlmsg_type{37()}, nlmsg_flags{5(NLM_F_REQUEST|NLM_F_ACK)}, nlmsg_seq{0}, nlmsg_pid{0} }} }} }
09-10 09:45:19.445  1435  1808 E NetlinkUtils: receiveNetlinkAck, errmsg=NetlinkErrorMessage{ nlmsghdr{StructNlMsgHdr{ nlmsg_len{68}, nlmsg_type{2()}, nlmsg_flags{0()}, nlmsg_seq{0}, nlmsg_pid{-1019271632} }}, nlmsgerr{StructNlMsgErr{ error{-2}, msg{StructNlMsgHdr{ nlmsg_len{48}, nlmsg_type{37()}, nlmsg_flags{5(NLM_F_REQUEST|NLM_F_ACK)}, nlmsg_seq{0}, nlmsg_pid{0} }} }} }
09-10 09:45:19.451  1435  1808 E NetlinkUtils: receiveNetlinkAck, errmsg=NetlinkErrorMessage{ nlmsghdr{StructNlMsgHdr{ nlmsg_len{68}, nlmsg_type{2()}, nlmsg_flags{0()}, nlmsg_seq{0}, nlmsg_pid{-1884066536} }}, nlmsgerr{StructNlMsgErr{ error{-2}, msg{StructNlMsgHdr{ nlmsg_len{48}, nlmsg_type{37()}, nlmsg_flags{5(NLM_F_REQUEST|NLM_F_ACK)}, nlmsg_seq{0}, nlmsg_pid{0} }} }} }
09-10 09:45:19.457  1435  1808 E NetlinkUtils: receiveNetlinkAck, errmsg=NetlinkErrorMessage{ nlmsghdr{StructNlMsgHdr{ nlmsg_len{68}, nlmsg_type{2()}, nlmsg_flags{0()}, nlmsg_seq{0}, nlmsg_pid{-2039605429} }}, nlmsgerr{StructNlMsgErr{ error{-2}, msg{StructNlMsgHdr{ nlmsg_len{48}, nlmsg_type{37()}, nlmsg_flags{5(NLM_F_REQUEST|NLM_F_ACK)}, nlmsg_seq{0}, nlmsg_pid{0} }} }} }
09-10 09:45:19.459  1435  1808 E NetlinkUtils: receiveNetlinkAck, errmsg=NetlinkErrorMessage{ nlmsghdr{StructNlMsgHdr{ nlmsg_len{68}, nlmsg_type{2()}, nlmsg_flags{0()}, nlmsg_seq{0}, nlmsg_pid{-1912706471} }}, nlmsgerr{StructNlMsgErr{ error{-2}, msg{StructNlMsgHdr{ nlmsg_len{48}, nlmsg_type{37()}, nlmsg_flags{5(NLM_F_REQUEST|NLM_F_ACK)}, nlmsg_seq{0}, nlmsg_pid{0} }} }} }
09-10 09:45:19.462  1435  1435 I TelecomLoaderService: Bound to TelecomService!
09-10 09:45:19.463  1435  1435 W SystemServiceManager: Service com.android.server.telecom.TelecomLoaderService took 58 ms in onBootPhase
09-10 09:45:19.464  1435  1435 D SystemServerTiming: OnBootPhase_600_com.android.server.accounts.AccountManagerService$Lifecycle
09-10 09:45:19.464  1918  1931 I Codec2InfoBuilder: adding type 'video/av01'
09-10 09:45:19.465  1435  1808 E NetlinkUtils: receiveNetlinkAck, errmsg=NetlinkErrorMessage{ nlmsghdr{StructNlMsgHdr{ nlmsg_len{68}, nlmsg_type{2()}, nlmsg_flags{0()}, nlmsg_seq{0}, nlmsg_pid{-1814745623} }}, nlmsgerr{StructNlMsgErr{ error{-2}, msg{StructNlMsgHdr{ nlmsg_len{48}, nlmsg_type{37()}, nlmsg_flags{5(NLM_F_REQUEST|NLM_F_ACK)}, nlmsg_seq{0}, nlmsg_pid{0} }} }} }
09-10 09:45:19.466  1435  1808 E NetlinkUtils: receiveNetlinkAck, errmsg=NetlinkErrorMessage{ nlmsghdr{StructNlMsgHdr{ nlmsg_len{68}, nlmsg_type{2()}, nlmsg_flags{0()}, nlmsg_seq{0}, nlmsg_pid{-1132299836} }}, nlmsgerr{StructNlMsgErr{ error{-2}, msg{StructNlMsgHdr{ nlmsg_len{48}, nlmsg_type{37()}, nlmsg_flags{5(NLM_F_REQUEST|NLM_F_ACK)}, nlmsg_seq{0}, nlmsg_pid{0} }} }} }
09-10 09:45:19.467  1435  1435 D SystemServerTiming: OnBootPhase_600_com.android.server.content.ContentService$Lifecycle
09-10 09:45:19.467  1435  1435 D SystemServerTiming: OnBootPhase_600_com.android.server.deviceconfig.DeviceConfigInit$Lifecycle
09-10 09:45:19.468  1435  1435 D SystemServerTiming: OnBootPhase_600_com.android.server.DropBoxManagerService
09-10 09:45:19.468  1435  1435 D SystemServerTiming: OnBootPhase_600_com.android.ecm.EnhancedConfirmationService
09-10 09:45:19.468  1435  1435 D SystemServerTiming: OnBootPhase_600_com.android.server.power.hint.HintManagerService
09-10 09:45:19.469  1435  1435 D SystemServerTiming: OnBootPhase_600_com.android.server.allowlist.AllowlistService
09-10 09:45:19.469  1435  1435 D SystemServerTiming: OnBootPhase_600_com.android.role.RoleService
09-10 09:45:19.469  1435  1435 D SystemServerTiming: OnBootPhase_600_com.android.server.supervision.SupervisionService$Lifecycle
09-10 09:45:19.469  1435  1435 D SystemServerTiming: OnBootPhase_600_com.android.server.vibrator.VibratorManagerService$Lifecycle
09-10 09:45:19.470  1435  1435 D SystemServerTiming: OnBootPhase_600_com.android.server.alarm.AlarmManagerService
09-10 09:45:19.470  1435  1435 D SystemServerTiming: OnBootPhase_600_com.android.server.input.InputManagerService$Lifecycle
09-10 09:45:19.470  1435  1435 D SystemServerTiming: OnBootPhase_600_com.android.server.devicestate.DeviceStateManagerService
09-10 09:45:19.471  1435  1435 D SystemServerTiming: OnBootPhase_600_com.android.server.bluetooth.BluetoothService
09-10 09:45:19.472  1918  1931 W libc    : Access denied finding property "media.resolution.limit.32bit"
09-10 09:45:19.472  1918  1931 W libc    : Access denied finding property "media.resolution.limit.32bit"
09-10 09:45:19.473  1918  1931 W libc    : Access denied finding property "media.resolution.limit.32bit"
09-10 09:45:19.473  1918  1931 W libc    : Access denied finding property "media.resolution.limit.32bit"
09-10 09:45:19.473  1918  1931 W libc    : Access denied finding property "media.resolution.limit.32bit"
09-10 09:45:19.474  1435  1435 D SystemServerTiming: OnBootPhase_600_com.android.server.connectivity.IpConnectivityMetrics
09-10 09:45:19.474  1435  1435 D SystemServerTiming: OnBootPhase_600_com.android.server.net.watchlist.NetworkWatchlistService$Lifecycle
09-10 09:45:19.474  1435  1435 D SystemServerTiming: OnBootPhase_600_com.android.server.pinner.PinnerService
09-10 09:45:19.474  1435  1435 D SystemServerTiming: OnBootPhase_600_com.android.server.integrity.AppIntegrityManagerService
09-10 09:45:19.474  1435  1435 D SystemServerTiming: OnBootPhase_600_com.android.server.logcat.LogcatManagerService
09-10 09:45:19.474  1435  1435 D SystemServerTiming: OnBootPhase_600_com.android.server.appfunctions.AppFunctionManagerService
09-10 09:45:19.475  1435  1435 D SystemServerTiming: OnBootPhase_600_com.android.server.privatecompute.PccSandboxManagerService
09-10 09:45:19.475  1435  1435 D SystemServerTiming: OnBootPhase_600_com.android.server.inputmethod.InputMethodManagerService$Lifecycle
09-10 09:45:19.475  1435  1435 D SystemServerTiming: OnBootPhase_600_com.android.server.accessibility.AccessibilityManagerService$Lifecycle
09-10 09:45:19.478  1435  1808 E NetlinkUtils: receiveNetlinkAck, errmsg=NetlinkErrorMessage{ nlmsghdr{StructNlMsgHdr{ nlmsg_len{68}, nlmsg_type{2()}, nlmsg_flags{0()}, nlmsg_seq{0}, nlmsg_pid{-1200007497} }}, nlmsgerr{StructNlMsgErr{ error{-2}, msg{StructNlMsgHdr{ nlmsg_len{48}, nlmsg_type{37()}, nlmsg_flags{5(NLM_F_REQUEST|NLM_F_ACK)}, nlmsg_seq{0}, nlmsg_pid{0} }} }} }
09-10 09:45:19.481  5543 20277 E QC2CompStore: Failed to locate interface with name c2.android.av1.encoder
09-10 09:45:19.485  1435  1808 E NetlinkUtils: receiveNetlinkAck, errmsg=NetlinkErrorMessage{ nlmsghdr{StructNlMsgHdr{ nlmsg_len{68}, nlmsg_type{2()}, nlmsg_flags{0()}, nlmsg_seq{0}, nlmsg_pid{-803774367} }}, nlmsgerr{StructNlMsgErr{ error{-2}, msg{StructNlMsgHdr{ nlmsg_len{48}, nlmsg_type{37()}, nlmsg_flags{5(NLM_F_REQUEST|NLM_F_ACK)}, nlmsg_seq{0}, nlmsg_pid{0} }} }} }
09-10 09:45:19.487  1435  1808 E NetlinkUtils: receiveNetlinkAck, errmsg=NetlinkErrorMessage{ nlmsghdr{StructNlMsgHdr{ nlmsg_len{68}, nlmsg_type{2()}, nlmsg_flags{0()}, nlmsg_seq{0}, nlmsg_pid{-555357604} }}, nlmsgerr{StructNlMsgErr{ error{-2}, msg{StructNlMsgHdr{ nlmsg_len{48}, nlmsg_type{37()}, nlmsg_flags{5(NLM_F_REQUEST|NLM_F_ACK)}, nlmsg_seq{0}, nlmsg_pid{0} }} }} }
09-10 09:45:19.483  1435  1435 D SystemServerTiming: OnBootPhase_600_com.android.server.StorageManagerService$Lifecycle
09-10 09:45:19.488  1435  1808 E NetlinkUtils: receiveNetlinkAck, errmsg=NetlinkErrorMessage{ nlmsghdr{StructNlMsgHdr{ nlmsg_len{68}, nlmsg_type{2()}, nlmsg_flags{0()}, nlmsg_seq{0}, nlmsg_pid{-898975050} }}, nlmsgerr{StructNlMsgErr{ error{-2}, msg{StructNlMsgHdr{ nlmsg_len{48}, nlmsg_type{37()}, nlmsg_flags{5(NLM_F_REQUEST|NLM_F_ACK)}, nlmsg_seq{0}, nlmsg_pid{0} }} }} }
09-10 09:45:19.488  1435  1435 D SystemServerTiming: OnBootPhase_600_com.android.server.usage.StorageStatsService$Lifecycle
09-10 09:45:19.489  1435  1435 D SystemServerTiming: OnBootPhase_600_com.android.server.files.FileService
09-10 09:45:19.489  1435  1435 D SystemServerTiming: OnBootPhase_600_com.android.server.UiModeManagerService
09-10 09:45:19.489  1435  1435 D SystemServerTiming: OnBootPhase_600_com.android.server.locales.LocaleManagerService
09-10 09:45:19.489  1435  1435 D SystemServerTiming: OnBootPhase_600_com.android.server.appwindowlayout.AppWindowLayoutSettingsService
09-10 09:45:19.489  1435  1435 D SystemServerTiming: OnBootPhase_600_com.android.server.grammaticalinflection.GrammaticalInflectionService
09-10 09:45:19.490  1435  1435 D SystemServerTiming: OnBootPhase_600_com.android.server.apphibernation.AppHibernationService
09-10 09:45:19.490  1435  1808 E NetlinkUtils: receiveNetlinkAck, errmsg=NetlinkErrorMessage{ nlmsghdr{StructNlMsgHdr{ nlmsg_len{68}, nlmsg_type{2()}, nlmsg_flags{0()}, nlmsg_seq{0}, nlmsg_pid{-1176245458} }}, nlmsgerr{StructNlMsgErr{ error{-2}, msg{StructNlMsgHdr{ nlmsg_len{48}, nlmsg_type{37()}, nlmsg_flags{5(NLM_F_REQUEST|NLM_F_ACK)}, nlmsg_seq{0}, nlmsg_pid{0} }} }} }
09-10 09:45:19.490  1435  1435 D SystemServerTiming: OnBootPhase_600_com.android.server.locksettings.LockSettingsService$Lifecycle
09-10 09:45:19.490  1435  1435 D SystemServerTiming: OnBootPhase_600_com.android.server.pdb.PersistentDataBlockService
09-10 09:45:19.490  1435  1435 D SystemServerTiming: OnBootPhase_600_com.android.server.testharness.TestHarnessModeService
09-10 09:45:19.491  1435  1435 D SystemServerTiming: OnBootPhase_600_com.android.server.oemlock.OemLockService
09-10 09:45:19.491  1435  1808 E NetlinkUtils: receiveNetlinkAck, errmsg=NetlinkErrorMessage{ nlmsghdr{StructNlMsgHdr{ nlmsg_len{68}, nlmsg_type{2()}, nlmsg_flags{0()}, nlmsg_seq{0}, nlmsg_pid{-1808927064} }}, nlmsgerr{StructNlMsgErr{ error{-2}, msg{StructNlMsgHdr{ nlmsg_len{48}, nlmsg_type{37()}, nlmsg_flags{5(NLM_F_REQUEST|NLM_F_ACK)}, nlmsg_seq{0}, nlmsg_pid{0} }} }} }
09-10 09:45:19.491  1435  1435 D SystemServerTiming: OnBootPhase_600_com.android.server.DeviceIdleController
09-10 09:45:19.491  1435  1435 D SystemServerTiming: OnBootPhase_600_com.android.server.devicepolicy.DevicePolicyManagerService$Lifecycle
09-10 09:45:19.492  1435  1435 D SystemServerTiming: OnBootPhase_600_com.android.server.voiceinteraction.VoiceInteractionManagerService
09-10 09:45:19.493  1435  1808 E NetlinkUtils: receiveNetlinkAck, errmsg=NetlinkErrorMessage{ nlmsghdr{StructNlMsgHdr{ nlmsg_len{68}, nlmsg_type{2()}, nlmsg_flags{0()}, nlmsg_seq{0}, nlmsg_pid{-2125390852} }}, nlmsgerr{StructNlMsgErr{ error{-2}, msg{StructNlMsgHdr{ nlmsg_len{48}, nlmsg_type{37()}, nlmsg_flags{5(NLM_F_REQUEST|NLM_F_ACK)}, nlmsg_seq{0}, nlmsg_pid{0} }} }} }
09-10 09:45:19.494  1435  1808 E NetlinkUtils: receiveNetlinkAck, errmsg=NetlinkErrorMessage{ nlmsghdr{StructNlMsgHdr{ nlmsg_len{68}, nlmsg_type{2()}, nlmsg_flags{0()}, nlmsg_seq{0}, nlmsg_pid{-1019852855} }}, nlmsgerr{StructNlMsgErr{ error{-2}, msg{StructNlMsgHdr{ nlmsg_len{48}, nlmsg_type{37()}, nlmsg_flags{5(NLM_F_REQUEST|NLM_F_ACK)}, nlmsg_seq{0}, nlmsg_pid{0} }} }} }
09-10 09:45:19.505  1435  1808 D ConnectivityService: NetReassign [no changes] [c 0] [a 1] [i 0]
09-10 09:45:19.508  1435  1435 D SystemServerTiming: OnBootPhase_600_com.android.server.texttospeech.TextToSpeechManagerService
09-10 09:45:19.509  1168 23246 I mediaswcodec: missing struct descriptor #Param::CoreIndex(--1812) for field values of struct #Param::CoreIndex(F-11812)
09-10 09:45:19.509  1435  1808 D ConnectivityService: NetReassign [no changes] [c 0] [a 0] [i 0]
09-10 09:45:19.511  1435  1435 D SystemServerTiming: OnBootPhase_600_com.android.server.ondeviceintelligence.OnDeviceIntelligenceManagerService
09-10 09:45:19.511  1435  1435 D SystemServerTiming: OnBootPhase_600_com.android.server.contentsafety.ContentSafetyManagerService
09-10 09:45:19.511  1435  1435 D SystemServerTiming: OnBootPhase_600_com.android.server.speech.SpeechRecognitionManagerService
09-10 09:45:19.512  1435  1435 D SystemServerTiming: OnBootPhase_600_com.android.server.graphics.fonts.FontManagerService$Lifecycle
09-10 09:45:19.512  1435  1435 D SystemServerTiming: OnBootPhase_600_com.android.server.textclassifier.TextClassificationManagerService$Lifecycle
09-10 09:45:19.513  1435  1435 D SystemServerTiming: OnBootPhase_600_com.android.server.NetworkScoreService$Lifecycle
09-10 09:45:19.513  1435  1435 D SystemServerTiming: OnBootPhase_600_com.android.server.NetworkStatsServiceInitializer
09-10 09:45:19.514  1435  1435 D SystemServerTiming: OnBootPhase_600_com.android.server.wifi.WifiService
09-10 09:45:19.514  1435  1435 D SystemServerTiming: OnBootPhase_600_com.android.server.wifi.scanner.WifiScanningService
09-10 09:45:19.515  1435  1435 D SystemServerTiming: OnBootPhase_600_com.android.server.ConnectivityServiceInitializer
09-10 09:45:19.515  1435  1435 D SystemServerTiming: OnBootPhase_600_com.android.server.bitmapoffload.BitmapOffloadService
09-10 09:45:19.515  1435  1435 D SystemServerTiming: OnBootPhase_600_com.android.server.modes.ContextualModeManagerService
09-10 09:45:19.515  1435  1435 D SystemServerTiming: OnBootPhase_600_com.android.server.notification.NotificationManagerService
09-10 09:45:19.521  1168 23246 I mediaswcodec: missing struct descriptor #Param::CoreIndex(--1812) for field values of struct #Param::CoreIndex(F-11812)
09-10 09:45:19.530  1918  1931 I Codec2InfoBuilder: adding type 'video/av01'
09-10 09:45:19.533  1168 25166 D C2SoftAomEnc: Given level 0 does not cover current configuration: adjusting to 9000
09-10 09:45:19.536  1435  1435 I PackageManager: getInstalledPackages: callingUid=1000 flags=1342177280 updatedFlags=1342701568 userId=0
09-10 09:45:19.542  1918  1931 W libc    : Access denied finding property "media.resolution.limit.32bit"
09-10 09:45:19.542  1918  1931 W libc    : Access denied finding property "media.resolution.limit.32bit"
09-10 09:45:19.542  1918  1931 W libc    : Access denied finding property "media.resolution.limit.32bit"
09-10 09:45:19.542  1918  1931 W libc    : Access denied finding property "media.resolution.limit.32bit"
09-10 09:45:19.542  1918  1931 W libc    : Access denied finding property "media.resolution.limit.32bit"
09-10 09:45:19.555  5543 20277 E QC2CompStore: Failed to locate interface with name c2.android.avc.decoder
09-10 09:45:19.575  1918  1931 I Codec2InfoBuilder: adding type 'video/avc'
09-10 09:45:19.601  1918  1931 W libc    : Access denied finding property "media.resolution.limit.32bit"
09-10 09:45:19.601  1918  1931 W libc    : Access denied finding property "media.resolution.limit.32bit"
09-10 09:45:19.601  1918  1931 W libc    : Access denied finding property "media.resolution.limit.32bit"
09-10 09:45:19.601  1918  1931 W libc    : Access denied finding property "media.resolution.limit.32bit"
09-10 09:45:19.601  1918  1931 W libc    : Access denied finding property "media.resolution.limit.32bit"
09-10 09:45:19.609  5543 20277 E QC2CompStore: Failed to locate interface with name c2.android.avc.encoder
09-10 09:45:19.622  1968  1968 D nativeloader: Configuring clns-8 for other apk /data/app/~~4OkDuO0TQX-wHEEPKnS1tA==/com.google.android.gms-9NEI3LtmM_lcBdmsLLItRQ==/base.apk. target_sdk_version=37, uses_libraries=, library_path=/data/app/~~4OkDuO0TQX-wHEEPKnS1tA==/com.google.android.gms-9NEI3LtmM_lcBdmsLLItRQ==/lib/arm:/data/app/~~4OkDuO0TQX-wHEEPKnS1tA==/com.google.android.gms-9NEI3LtmM_lcBdmsLLItRQ==/base.apk!/lib/armeabi-v7a, permitted_path=/data:/mnt/expand:/data/user/0/com.google.android.gms
09-10 09:45:19.627  1168  2072 I mediaswcodec: missing struct descriptor #Param::CoreIndex(--004) for field values of struct #Param::CoreIndex(F-12004)
09-10 09:45:19.628  1168  2072 I mediaswcodec: missing struct descriptor #Param::CoreIndex(--1812) for field values of struct #Param::CoreIndex(F-11812)
09-10 09:45:19.640  1168  2072 I mediaswcodec: missing struct descriptor #Param::CoreIndex(--004) for field values of struct #Param::CoreIndex(F-12004)
09-10 09:45:19.640  1168  2072 I mediaswcodec: missing struct descriptor #Param::CoreIndex(--1812) for field values of struct #Param::CoreIndex(F-11812)
09-10 09:45:19.644  1435  1435 W SystemServiceManager: Service com.android.server.notification.NotificationManagerService took 128 ms in onBootPhase
09-10 09:45:19.644  1918  1931 I Codec2InfoBuilder: adding type 'video/avc'
09-10 09:45:19.646  1435  1435 D SystemServerTiming: OnBootPhase_600_com.android.server.storage.DeviceStorageMonitorService
09-10 09:45:19.647  1435  1435 D SystemServerTiming: OnBootPhase_600_com.android.server.timedetector.TimeDetectorService$Lifecycle
09-10 09:45:19.647  1435  1435 D SystemServerTiming: OnBootPhase_600_com.android.server.location.LocationManagerService$Lifecycle
09-10 09:45:19.655  1168 27433 D C2SoftAvcEnc: Given level 0 does not cover current configuration: adjusting to 5000
09-10 09:45:19.655  1968  1968 W gle.android.gms: Monitor::Inflate: Install failed 0x7336d798
09-10 09:45:19.659  1435  1435 I ServiceWatcher: [network] chose new implementation null
09-10 09:45:19.660  1918  1931 W libc    : Access denied finding property "media.resolution.limit.32bit"
09-10 09:45:19.660  1968  1968 V GraphicsEnvironment: Currently set values for:
09-10 09:45:19.661  1918  1931 W libc    : Access denied finding property "media.resolution.limit.32bit"
09-10 09:45:19.661  1968  1968 V GraphicsEnvironment:   angle_gl_driver_selection_pkgs=[]
09-10 09:45:19.661  1968  1968 V GraphicsEnvironment:   angle_gl_driver_selection_values=[]
09-10 09:45:19.661  1968  1968 V GraphicsEnvironment: com.google.android.gms is not listed in per-application setting
09-10 09:45:19.661  1968  1968 V GraphicsEnvironment: No special selections for ANGLE, returning default driver choice
09-10 09:45:19.661  1955  1955 D DesktopExperienceFlags: Toggle override initialized to: false
09-10 09:45:19.662  1968  1968 V GraphicsEnvironment: Neither updatable production driver nor prerelease driver is supported.
09-10 09:45:19.665  1918  1931 W libc    : Access denied finding property "media.resolution.limit.32bit"
09-10 09:45:19.666  1918  1931 W libc    : Access denied finding property "media.resolution.limit.32bit"
09-10 09:45:19.666  1918  1931 W libc    : Access denied finding property "media.resolution.limit.32bit"
09-10 09:45:19.670  5543 20277 E QC2CompStore: Failed to locate interface with name c2.android.flac.decoder
09-10 09:45:19.675  1435  1435 I ServiceWatcher: [fused] chose new implementation 1000/com.android.location.fused/.FusedLocationService@0
09-10 09:45:19.683  1918  1931 I Codec2InfoBuilder: adding type 'audio/flac'
09-10 09:45:19.688  5543 20277 E QC2CompStore: Failed to locate interface with name c2.android.flac.encoder
09-10 09:45:19.689  1435  1435 D GnssJni : Successfully got GNSS AIDL handle. Version=4.
09-10 09:45:19.698  1918  1931 I Codec2InfoBuilder: adding type 'audio/flac'
09-10 09:45:19.701  5543 20277 E QC2CompStore: Failed to locate interface with name c2.android.g711.alaw.decoder
09-10 09:45:19.703  1435  1447 I system_server: Background concurrent mark compact GC freed 58MB AllocSpace bytes, 2014(70MB) LOS objects, 90% free, 24MB/256MB, paused 13.502ms,12.104ms total 876.139ms
09-10 09:45:19.710  1918  1931 I Codec2InfoBuilder: adding type 'audio/g711-alaw'
09-10 09:45:19.711  1968  1968 D CompatChangeReporter: Compat change id reported: 407952621; UID 10120; state: ENABLED
09-10 09:45:19.712  5543 20277 E QC2CompStore: Failed to locate interface with name c2.android.g711.mlaw.decoder
09-10 09:45:19.716  1968  1968 D CompatChangeReporter: Compat change id reported: 419020719; UID 10120; state: ENABLED
09-10 09:45:19.723  1918  1931 I Codec2InfoBuilder: adding type 'audio/g711-mlaw'
09-10 09:45:19.727  5543 20277 E QC2CompStore: Failed to locate interface with name c2.android.gsm.decoder
09-10 09:45:19.729  1968  1968 D CompatChangeReporter: Compat change id reported: 418924588; UID 10120; state: ENABLED
09-10 09:45:19.741  1235  1235 I adbd    : adbd service requested 'shell,v2,TERM=xterm-256color,raw:content delete --uri content://com.google.wear.services.bugreportprovider'
09-10 09:45:19.756  1918  1931 D Codec2InfoBuilder: codec entry for 'c2.android.gsm.decoder' is disabled
09-10 09:45:19.758  5543 20277 E QC2CompStore: Failed to locate interface with name c2.android.h263.decoder
09-10 09:45:19.760  1435  1435 D GnssJni : Successfully linked to GNSS AIDL HAl death notification
09-10 09:45:19.765  1435  1435 E GnssUtilsJni: Unable to get a handle to PSDS interface. AIDL transport error: Status(-7, EX_UNSUPPORTED_OPERATION): ''
09-10 09:45:19.766  1435  1435 E GnssUtilsJni: Unable to get a handle to GnssNavigationMessage AIDL interface. AIDL transport error: Status(-7, EX_UNSUPPORTED_OPERATION): ''
09-10 09:45:19.770   883   901 W android.hardware.gnss-aidl-service-qti: AIBinder_linkToDeath is being called with a non-null cookie and no onUnlink callback set. Use AIBinder_DeathRecipient_setOnUnlinked to manage the lifetime of the cookie. This will become an abort.
09-10 09:45:19.771  1435  1435 D GnssCallbackJni: gnssSetCapabilitiesCb: 867u
09-10 09:45:19.772  1296  1312 D Diag_Lib: diag: Diag_LSM_Init: invoked for pid: 1296 with init_count: 0
09-10 09:45:19.772  1296  1312 D Diag_Lib: diag:failed to connect to diag socket
09-10 09:45:19.772  1296  1312 D Diag_Lib:  Diag_LSM_Init: Failed to open handle to diag driver, error = 111
09-10 09:45:19.773  1296  1312 I ATS     : vendor/qcom/sw5100-lw4/proprietary-audio/args/acdb/ats/transports/diag/linux/actp/src/actp.c:actp_diag_init:105 Error[1]: Failed to initialize DIAG
09-10 09:45:19.773  1296  1312 E ATS     : vendor/qcom/sw5100-lw4/proprietary-audio/args/acdb/ats/src/ats.c:ats_init:143 Error[1]: Failed to initialize Diag
09-10 09:45:19.773  1296  1312 E ATS     : vendor/qcom/sw5100-lw4/proprietary-audio/args/acdb/ats/src/ats.c:ats_init:263 Error[1]: Failed to initialize ATS
09-10 09:45:19.773  1296  1312 E AGM: API: ats_init_thread: 64 ats_init failed retry 43 err 1
09-10 09:45:19.773  1435  1452 D GnssCallbackJni: gnssSetSignalTypeCapabilitiesCb: 5 signal types
09-10 09:45:19.774  1435  1452 I GnssManager: gnss capabilities changed to [SCHEDULING MSB GEOFENCING LOW_POWER_MODE SATELLITE_BLOCKLIST signalTypes=[GnssSignalType[Constellation=1, CarrierFrequencyHz=1.57542E9, CodeType=C], GnssSignalType[Constellation=1, CarrierFrequencyHz=1.17645E9, CodeType=Q], GnssSignalType[Constellation=3, CarrierFrequencyHz=1.602E9, CodeType=C], GnssSignalType[Constellation=6, CarrierFrequencyHz=1.57542E9, CodeType=C], GnssSignalType[Constellation=6, CarrierFrequencyHz=1.17645E9, CodeType=Q]]]
09-10 09:45:19.781  1435  1457 D GnssLocationProvider: onCapabilitiesChanged
09-10 09:45:19.781  1435  1457 W AlarmManager: Unrecognized alarm listener com.android.server.location.gnss.GnssLocationProvider$$ExternalSyntheticLambda12@990304e
09-10 09:45:19.782  1435  1457 W AlarmManager: Unrecognized alarm listener com.android.server.location.gnss.GnssLocationProvider$$ExternalSyntheticLambda12@b70856f
09-10 09:45:19.786  1918  1931 I Codec2InfoBuilder: adding type 'video/3gpp'
09-10 09:45:19.786  1435  1435 I GnssManager: gnss capabilities changed to [SCHEDULING MSB GEOFENCING LOW_POWER_MODE SATELLITE_BLOCKLIST]
09-10 09:45:19.792  1918  1931 W libc    : Access denied finding property "media.resolution.limit.32bit"
09-10 09:45:19.792  1918  1931 W libc    : Access denied finding property "media.resolution.limit.32bit"
09-10 09:45:19.793   883   921 I android.hardware.gnss-aidl-service-qti: 0xf228d080 loc_open: pid 883, enter mask 0x162878244253, mExcludedMask: 0x0, current mMask: 0x162878244253, newMask: 0x162878244253,  mQmiMask: 0x4d1020e060a248
09-10 09:45:19.794   883   921 I android.hardware.gnss-aidl-service-qti: registerEventMask:  mMask: 0x162878244253 mQmiMask=0x4d1020e060a248 qmiMask=0x4d1020e060a248
09-10 09:45:19.794  1918  1931 W libc    : Access denied finding property "media.resolution.limit.32bit"
09-10 09:45:19.794  1918  1931 W libc    : Access denied finding property "media.resolution.limit.32bit"
09-10 09:45:19.795  1918  1931 W libc    : Access denied finding property "media.resolution.limit.32bit"
09-10 09:45:19.796  1435  1435 D GnssCallbackJni: gnssSetSystemInfoCb: yearOfHw=2019, name=eos;MPSS.HA.2.1-00355-ATHERTON_GEN_PACK-1;
09-10 09:45:19.797  1918  1931 W libc    : Access denied finding property "media.resolution.limit.32bit"
09-10 09:45:19.798  1918  1931 W libc    : Access denied finding property "media.resolution.limit.32bit"
09-10 09:45:19.803  1435  1435 I GnssLocationProviderJni: Unable to initialize IGnssPsds interface.
09-10 09:45:19.804  5543 20277 E QC2CompStore: Failed to locate interface with name c2.android.h263.encoder
09-10 09:45:19.805   883   901 W android.hardware.gnss-aidl-service-qti: AIBinder_linkToDeath is being called with a non-null cookie and no onUnlink callback set. Use AIBinder_DeathRecipient_setOnUnlinked to manage the lifetime of the cookie. This will become an abort.
09-10 09:45:19.807   883   901 W android.hardware.gnss-aidl-service-qti: AIBinder_linkToDeath is being called with a non-null cookie and no onUnlink callback set. Use AIBinder_DeathRecipient_setOnUnlinked to manage the lifetime of the cookie. This will become an abort.
09-10 09:45:19.809   883   901 W android.hardware.gnss-aidl-service-qti: AIBinder_linkToDeath is being called with a non-null cookie and no onUnlink callback set. Use AIBinder_DeathRecipient_setOnUnlinked to manage the lifetime of the cookie. This will become an abort.
09-10 09:45:19.810   883   883 W android.hardware.gnss-aidl-service-qti: AIBinder_linkToDeath is being called with a non-null cookie and no onUnlink callback set. Use AIBinder_DeathRecipient_setOnUnlinked to manage the lifetime of the cookie. This will become an abort.
09-10 09:45:19.810   883   883 W android.hardware.gnss-aidl-service-qti: AIBinder_linkToDeath is being called with a non-null cookie and no onUnlink callback set. Use AIBinder_DeathRecipient_setOnUnlinked to manage the lifetime of the cookie. This will become an abort.
09-10 09:45:19.811  1435  1435 D GnssLocationProviderJni: GnssPowerIndicationCallback::setCapabilitiesCb: 1u
09-10 09:45:19.811  1435  1435 I GnssManager: gnss capabilities changed to [SCHEDULING MSB GEOFENCING LOW_POWER_MODE SATELLITE_BLOCKLIST TOTAL_POWER signalTypes=[GnssSignalType[Constellation=1, CarrierFrequencyHz=1.57542E9, CodeType=C], GnssSignalType[Constellation=1, CarrierFrequencyHz=1.17645E9, CodeType=Q], GnssSignalType[Constellation=3, CarrierFrequencyHz=1.602E9, CodeType=C], GnssSignalType[Constellation=6, CarrierFrequencyHz=1.57542E9, CodeType=C], GnssSignalType[Constellation=6, CarrierFrequencyHz=1.17645E9, CodeType=Q]]]
09-10 09:45:19.814  1435  1435 I GnssManager: gnss hal initialized
09-10 09:45:19.817  1435  1457 D GnssLocationProvider: onCapabilitiesChanged
09-10 09:45:19.817  1435  1457 W AlarmManager: Unrecognized alarm listener com.android.server.location.gnss.GnssLocationProvider$$ExternalSyntheticLambda12@990304e
09-10 09:45:19.817  1435  1457 W AlarmManager: Unrecognized alarm listener com.android.server.location.gnss.GnssLocationProvider$$ExternalSyntheticLambda12@b70856f
09-10 09:45:19.819   883   912 D PerMgrLib: GPS unvoting for modem
09-10 09:45:19.819  1435  1435 I GnssManager: gnss hal started
09-10 09:45:19.820  1435  1457 D GnssLocationProvider: onCapabilitiesChanged
09-10 09:45:19.820  1435  1457 W AlarmManager: Unrecognized alarm listener com.android.server.location.gnss.GnssLocationProvider$$ExternalSyntheticLambda12@990304e
09-10 09:45:19.822  1168 27433 D C2SoftH263Enc: Given level 3004 does not cover current configuration: adjusting to 3003
09-10 09:45:19.823   883   883 W android.hardware.gnss-aidl-service-qti: AIBinder_linkToDeath is being called with a non-null cookie and no onUnlink callback set. Use AIBinder_DeathRecipient_setOnUnlinked to manage the lifetime of the cookie. This will become an abort.
09-10 09:45:19.824  1435  1457 W AlarmManager: Unrecognized alarm listener com.android.server.location.gnss.GnssLocationProvider$$ExternalSyntheticLambda12@b70856f
09-10 09:45:19.826  1435  1435 I ServiceWatcher: [GnssAssistanceProxy] chose new implementation null
09-10 09:45:19.828   920   953 D PerMgrSrv: GPS removing vote for modem
09-10 09:45:19.829  1435  1435 I ServiceWatcher: [GeocoderProxy] chose new implementation null
09-10 09:45:19.830   920   953 D PerMgrSrv: modem num voters is 4
09-10 09:45:19.836  1435  1435 E LocationManagerService: no population density provider found
09-10 09:45:19.838  1168 27433 D C2SoftH263Enc: Given level 3004 does not cover current configuration: adjusting to 3003
09-10 09:45:19.839  1435  1435 E ActivityRecognitionHardware: activity_recognition HAL is deprecated. is_supported is effectively a no-op
09-10 09:45:19.840  1435  1435 I ServiceWatcher: [HardwareActivityRecognitionProxy] chose new implementation null
09-10 09:45:19.841  1435  1435 I ServiceWatcher: [GeofenceProxy] chose new implementation null
09-10 09:45:19.846  1435  1435 W SystemServiceManager: Service com.android.server.location.LocationManagerService$Lifecycle took 199 ms in onBootPhase
09-10 09:45:19.847  1918  1931 I Codec2InfoBuilder: adding type 'video/3gpp'
09-10 09:45:19.855  1435  1435 D SystemServerTiming: OnBootPhase_600_com.android.server.timezonedetector.TimeZoneDetectorService$Lifecycle
09-10 09:45:19.855  1168 27433 D C2SoftH263Enc: Given level 0 does not cover current configuration: adjusting to 3003
09-10 09:45:19.856  1435  1435 D SystemServerTiming: OnBootPhase_600_com.android.server.location.altitude.AltitudeService$Lifecycle
09-10 09:45:19.856  1435  1435 D SystemServerTiming: OnBootPhase_600_com.android.server.timezonedetector.location.LocationTimeZoneManagerService$Lifecycle
09-10 09:45:19.857  1435  1435 D SystemServerTiming: OnBootPhase_600_com.android.server.timedetector.GnssTimeUpdateService$Lifecycle
09-10 09:45:19.861  1918  1931 W libc    : Access denied finding property "media.resolution.limit.32bit"
09-10 09:45:19.861  1918  1931 W libc    : Access denied finding property "media.resolution.limit.32bit"
09-10 09:45:19.862  1918  1931 W libc    : Access denied finding property "media.resolution.limit.32bit"
09-10 09:45:19.862  1918  1931 W libc    : Access denied finding property "media.resolution.limit.32bit"
09-10 09:45:19.870  1918  1931 W libc    : Access denied finding property "media.resolution.limit.32bit"
09-10 09:45:19.871  1174  1174 E LocSvc_launcher: Parent woken up!
09-10 09:45:19.872  5543 20277 E QC2CompStore: Failed to locate interface with name c2.android.hevc.decoder
09-10 09:45:19.879  1955  1984 I WearServices: [AndroidXWatchFaceEngine]switchTo= WatchFaceId[com.google.android.wearable.watchface.rwf,com.google.android.wearable.watchface.athletica.AthleticaWatchFaceService], watchFaceSetReason= REBOOT
09-10 09:45:19.891  1435  1808 D ConnectivityService: NetReassign [no changes] [c 0] [a 0] [i 0]
09-10 09:45:19.892   886   886 D usf_sensor_hal: low latency off body detect: Enter Batch. Period = 1000000, latency = 0.
09-10 09:45:19.895  1435  1435 D SystemServerTiming: OnBootPhase_600_com.android.server.wallpaper.WallpaperManagerService$Lifecycle
09-10 09:45:19.899  1435  1435 D WallpaperManagerService: Wallpaper_switch-user-0
09-10 09:45:19.901  1435  1435 V WallpaperManagerService: bindWallpaperComponentLocked: componentName=ComponentInfo{com.google.android.wearable.watchface.rwf/com.google.android.wearable.watchface.athletica.AthleticaWatchFaceService}
09-10 09:45:19.905  1435  1435 D WallpaperManagerService: WPMS.bindWallpaperComponentLocked-ComponentInfo{com.google.android.wearable.watchface.rwf/com.google.android.wearable.watchface.athletica.AthleticaWatchFaceService}
09-10 09:45:19.905   883   883 W android.hardware.gnss-aidl-service-qti: AIBinder_linkToDeath is being called with a non-null cookie and no onUnlink callback set. Use AIBinder_DeathRecipient_setOnUnlinked to manage the lifetime of the cookie. This will become an abort.
09-10 09:45:19.906  1435  1944 D GnssCallbackJni: gnssSetSignalTypeCapabilitiesCb: 5 signal types
09-10 09:45:19.907   883   912 D PerMgrLib: GPS voting for modem
09-10 09:45:19.909  1918  1931 I Codec2InfoBuilder: adding type 'video/hevc'
09-10 09:45:19.910   920   953 D PerMgrSrv: GPS voting for modem
09-10 09:45:19.910   920   953 D PerMgrSrv: modem num voters is 4
09-10 09:45:19.914   883   921 I android.hardware.gnss-aidl-service-qti: 0xf228d080 loc_open: pid 883, enter mask 0x162878244253, mExcludedMask: 0x0, current mMask: 0x162878244253, newMask: 0x162878244253,  mQmiMask: 0x4d1020e060a248
09-10 09:45:19.914  1174  1174 E LocSvc_launcher: Parent woken up!
09-10 09:45:19.914  1435  1451 V GrammaticalInflectionUtils: AttributionSource: android.content.AttributionSource@a47f12be does not have READ_SYSTEM_GRAMMATICAL_GENDER permission.
09-10 09:45:19.915   883   921 I android.hardware.gnss-aidl-service-qti: registerEventMask:  mMask: 0x162878244253 mQmiMask=0x4d1020e060a248 qmiMask=0x4d1020e060a248
09-10 09:45:19.915  1435  1457 D GnssCallbackJni: gnssSetCapabilitiesCb: 867u
09-10 09:45:19.917  1435  1457 D GnssCallbackJni: gnssSetSystemInfoCb: yearOfHw=2019, name=eos;MPSS.HA.2.1-00355-ATHERTON_GEN_PACK-1;
09-10 09:45:19.918  1435  1457 I GnssLocationProviderJni: Unable to initialize IGnssPsds interface.
09-10 09:45:19.918  1918  1931 W libc    : Access denied finding property "media.resolution.limit.32bit"
09-10 09:45:19.919  1918  1931 W libc    : Access denied finding property "media.resolution.limit.32bit"
09-10 09:45:19.919  1918  1931 W libc    : Access denied finding property "media.resolution.limit.32bit"
09-10 09:45:19.919  1918  1931 W libc    : Access denied finding property "media.resolution.limit.32bit"
09-10 09:45:19.919  1918  1931 W libc    : Access denied finding property "media.resolution.limit.32bit"
09-10 09:45:19.920   883   883 W android.hardware.gnss-aidl-service-qti: AIBinder_linkToDeath is being called with a non-null cookie and no onUnlink callback set. Use AIBinder_DeathRecipient_setOnUnlinked to manage the lifetime of the cookie. This will become an abort.
09-10 09:45:19.924   883   883 W android.hardware.gnss-aidl-service-qti: AIBinder_linkToDeath is being called with a non-null cookie and no onUnlink callback set. Use AIBinder_DeathRecipient_setOnUnlinked to manage the lifetime of the cookie. This will become an abort.
09-10 09:45:19.925   883   883 W android.hardware.gnss-aidl-service-qti: AIBinder_linkToDeath is being called with a non-null cookie and no onUnlink callback set. Use AIBinder_DeathRecipient_setOnUnlinked to manage the lifetime of the cookie. This will become an abort.
09-10 09:45:19.926  5543 20277 E QC2CompStore: Failed to locate interface with name c2.android.hevc.encoder
09-10 09:45:19.926   883   883 W android.hardware.gnss-aidl-service-qti: AIBinder_linkToDeath is being called with a non-null cookie and no onUnlink callback set. Use AIBinder_DeathRecipient_setOnUnlinked to manage the lifetime of the cookie. This will become an abort.
09-10 09:45:19.926   883   883 W android.hardware.gnss-aidl-service-qti: AIBinder_linkToDeath is being called with a non-null cookie and no onUnlink callback set. Use AIBinder_DeathRecipient_setOnUnlinked to manage the lifetime of the cookie. This will become an abort.
09-10 09:45:19.927   883   883 I libbinder.BpBinder: onLastStrongRef automatically unlinking death recipients for binder (0xf1f56870) with descriptor: 'android.hardware.gnss.IGnssPowerIndicationCallback'
09-10 09:45:19.927  1435  1457 D GnssLocationProviderJni: GnssPowerIndicationCallback::setCapabilitiesCb: 1u
09-10 09:45:19.940   883   883 W android.hardware.gnss-aidl-service-qti: AIBinder_linkToDeath is being called with a non-null cookie and no onUnlink callback set. Use AIBinder_DeathRecipient_setOnUnlinked to manage the lifetime of the cookie. This will become an abort.
09-10 09:45:19.941  1435  1457 I GnssVisibilityControl: Updating non-framework location access proxy apps in the GNSS HAL to: []
09-10 09:45:19.945  1435  1457 W Looper  : Slow dispatch took 120ms android.fg app=system_server main=false group=FOREGROUND h=android.os.Handler c=com.android.server.location.gnss.GnssLocationProvider$$ExternalSyntheticLambda7@ba7e2e5 m=0
09-10 09:45:19.947  1435  1457 I GnssBlocklistHelper: Update GNSS satellite blocklist: 
09-10 09:45:19.948   883   921 I android.hardware.gnss-aidl-service-qti: 0xf228d080 loc_open: pid 883, enter mask 0x162878244253, mExcludedMask: 0x0, current mMask: 0x162878244253, newMask: 0x162878244253,  mQmiMask: 0x4d1020e060a248
09-10 09:45:19.952   883   921 I android.hardware.gnss-aidl-service-qti: registerEventMask:  mMask: 0x162878244253 mQmiMask=0x4d1020e060a248 qmiMask=0x4d1020e060a248
09-10 09:45:19.954  1968  1968 I Safeboot: Checking safeboot...
09-10 09:45:19.955  1435  1457 W AlarmManager: Unrecognized alarm listener com.android.server.location.gnss.GnssLocationProvider$$ExternalSyntheticLambda12@990304e
09-10 09:45:19.953  1291  1291 D Zygote  : Forked child process 1997
09-10 09:45:19.958  1435  1457 W AlarmManager: Unrecognized alarm listener com.android.server.location.gnss.GnssLocationProvider$$ExternalSyntheticLambda12@b70856f
09-10 09:45:19.958  1435  1457 D LocationManagerService: allowedPackages=null
09-10 09:45:19.958  1435  1607 I ActivityManager: Start proc 1997:com.google.android.wearable.watchface.rwf/u0a115 for bound-service {com.google.android.wearable.watchface.rwf/androidx.wear.watchface.control.WatchFaceControlService}
09-10 09:45:19.959  1435  1435 W SystemServiceManager: Service com.android.server.wallpaper.WallpaperManagerService$Lifecycle took 65 ms in onBootPhase
09-10 09:45:19.960  1435  1435 D SystemServerTiming: OnBootPhase_600_com.android.server.audio.AudioService$Lifecycle
09-10 09:45:19.960  1435  1435 D SystemServerTiming: OnBootPhase_600_com.android.server.soundtrigger_middleware.SoundTriggerMiddlewareService$Lifecycle
09-10 09:45:19.960  1435  1435 D SystemServerTiming: OnBootPhase_600_com.android.server.DockObserver
09-10 09:45:19.960  1435  1435 D SystemServerTiming: OnBootPhase_600_com.android.clockwork.ThermalObserver
09-10 09:45:19.960  1435  1435 D SystemServerTiming: OnBootPhase_600_com.android.server.adb.AdbService$Lifecycle
09-10 09:45:19.960  1435  1435 D SystemServerTiming: OnBootPhase_600_com.android.server.usb.UsbService$Lifecycle
09-10 09:45:19.960  1435  1435 D SystemServerTiming: OnBootPhase_600_com.android.server.serial.SerialManagerService$Lifecycle
09-10 09:45:19.960  1435  1435 D SystemServerTiming: OnBootPhase_600_com.android.server.display.color.ColorDisplayService
09-10 09:45:19.961  1435  1435 D SystemServerTiming: OnBootPhase_600_com.android.server.job.JobSchedulerService
09-10 09:45:19.966  1168 27433 I mediaswcodec: missing struct descriptor #Param::CoreIndex(--004) for field values of struct #Param::CoreIndex(F-12004)
09-10 09:45:19.971  1435  1435 D ConnectivityService: requestNetwork for uid/pid:1000/1435 asUid: 10142 activeRequest: null callbackRequest: 18 [NetworkRequest [ REQUEST id=19, [ Capabilities: INTERNET&NOT_RESTRICTED&TRUSTED&NOT_VCN_MANAGED&NOT_BANDWIDTH_CONSTRAINED Uid: 10142 RequestorUid: 1000 RequestorPkg: android UnderlyingNetworks: Null] ]] callback flags: 0 order: 2147483647 isUidTracked: false declaredMethods: AVAIL|LOST|BLK
09-10 09:45:19.974  1435  1808 D NetworkRequestStateStatsMetrics: Registered nr with ID = 19, package_uid = 1000
09-10 09:45:19.975  1435  1808 D ConnectivityService: NetReassign [no changes] [c 1] [a 0] [i 0]
09-10 09:45:19.976  1435  1435 D ConnectivityService: requestNetwork for uid/pid:1000/1435 asUid: 10121 activeRequest: null callbackRequest: 20 [NetworkRequest [ REQUEST id=21, [ Capabilities: INTERNET&NOT_RESTRICTED&TRUSTED&NOT_VCN_MANAGED&NOT_BANDWIDTH_CONSTRAINED Uid: 10121 RequestorUid: 1000 RequestorPkg: android UnderlyingNetworks: Null] ]] callback flags: 0 order: 2147483647 isUidTracked: false declaredMethods: AVAIL|LOST|BLK
09-10 09:45:19.979  1168 27433 I mediaswcodec: missing struct descriptor #Param::CoreIndex(--1812) for field values of struct #Param::CoreIndex(F-11812)
09-10 09:45:19.979  1435  1435 D ConnectivityService: requestNetwork for uid/pid:1000/1435 asUid: 10080 activeRequest: null callbackRequest: 22 [NetworkRequest [ REQUEST id=23, [ Capabilities: INTERNET&NOT_RESTRICTED&TRUSTED&NOT_VCN_MANAGED&NOT_BANDWIDTH_CONSTRAINED Uid: 10080 RequestorUid: 1000 RequestorPkg: android UnderlyingNetworks: Null] ]] callback flags: 0 order: 2147483647 isUidTracked: false declaredMethods: AVAIL|LOST|BLK
09-10 09:45:19.982  1435  1435 D ConnectivityService: requestNetwork for uid/pid:1000/1435 asUid: 10066 activeRequest: null callbackRequest: 24 [NetworkRequest [ REQUEST id=25, [ Capabilities: INTERNET&NOT_RESTRICTED&TRUSTED&NOT_VCN_MANAGED&NOT_BANDWIDTH_CONSTRAINED Uid: 10066 RequestorUid: 1000 RequestorPkg: android UnderlyingNetworks: Null] ]] callback flags: 0 order: 2147483647 isUidTracked: false declaredMethods: AVAIL|LOST|BLK
09-10 09:45:19.984  1435  1435 D ConnectivityService: requestNetwork for uid/pid:1000/1435 asUid: 10046 activeRequest: null callbackRequest: 26 [NetworkRequest [ REQUEST id=27, [ Capabilities: INTERNET&NOT_RESTRICTED&TRUSTED&NOT_VCN_MANAGED&NOT_BANDWIDTH_CONSTRAINED Uid: 10046 RequestorUid: 1000 RequestorPkg: android UnderlyingNetworks: Null] ]] callback flags: 0 order: 2147483647 isUidTracked: false declaredMethods: AVAIL|LOST|BLK
09-10 09:45:19.985  1435  1808 D NetworkRequestStateStatsMetrics: Registered nr with ID = 21, package_uid = 1000
09-10 09:45:19.986  1435  1808 D ConnectivityService: NetReassign [no changes] [c 0] [a 0] [i 0]
09-10 09:45:19.987  1435  1808 D NetworkRequestStateStatsMetrics: Registered nr with ID = 23, package_uid = 1000
09-10 09:45:19.988  1435  1457 I ServiceWatcher: [RealLocationTimeZoneProviderProxy] chose new implementation null
09-10 09:45:19.988  1997  1997 I libprocessgroup: Created cgroup /sys/fs/cgroup/apps/uid_10115/pid_1997
09-10 09:45:19.989  1168 27433 I mediaswcodec: missing struct descriptor #Param::CoreIndex(--004) for field values of struct #Param::CoreIndex(F-12004)
09-10 09:45:19.990  1435  1457 W LocationTZDetector: onProviderStateChange: Ignoring provider state change because both providers have not yet completed initialization. providerState=ProviderState{stateEnum=Perm failure (5), event=null, currentUserConfiguration=null, mStateEntryTimeMillis=35408264, mDebugInfo=Failed to initialize: onInitialize() returned false}
09-10 09:45:19.991  1168 27433 I mediaswcodec: missing struct descriptor #Param::CoreIndex(--1812) for field values of struct #Param::CoreIndex(F-11812)
09-10 09:45:19.995  1918  1931 I Codec2InfoBuilder: adding type 'video/hevc'
09-10 09:45:19.998  1168  2072 D C2SoftHevcEnc: Given level 0 does not cover current configuration: adjusting to 6000
09-10 09:45:20.007  1435  1808 D ConnectivityService: NetReassign [no changes] [c 0] [a 0] [i 19]
09-10 09:45:20.010  1435  1808 D NetworkRequestStateStatsMetrics: Registered nr with ID = 25, package_uid = 1000
09-10 09:45:20.011  1435  1808 D ConnectivityService: NetReassign [no changes] [c 0] [a 0] [i 0]
09-10 09:45:20.011  1997  1997 I Zygote  : Process 1997 created for com.google.android.wearable.watchface.rwf
09-10 09:45:20.012  1997  1997 I e.watchface.rwf: Using generational CollectorTypeCMC GC.
09-10 09:45:20.010  1918  1918 W binder:1918_2: type=1400 audit(0.0:3332): avc:  denied  { read } for  name="u:object_r:media_config_prop:s0" dev="tmpfs" ino=306 scontext=u:r:mediacodeclist_generator:s0 tcontext=u:object_r:media_config_prop:s0 tclass=file permissive=0
09-10 09:45:20.016  1435  1435 D ConnectivityService: requestNetwork for uid/pid:1000/1435 asUid: 10120 activeRequest: null callbackRequest: 28 [NetworkRequest [ TRACK_DEFAULT id=29, [ Capabilities: INTERNET&NOT_RESTRICTED&TRUSTED&NOT_VCN_MANAGED&NOT_BANDWIDTH_CONSTRAINED Uid: 10120 RequestorUid: 1000 RequestorPkg: android UnderlyingNetworks: Null] ], NetworkRequest [ REQUEST id=30, [ Transports: SATELLITE Capabilities: INTERNET&NOT_RESTRICTED&TRUSTED&NOT_VCN_MANAGED Uid: 10120 RequestorUid: 1000 RequestorPkg: android UnderlyingNetworks: Null] ]] callback flags: 0 order: 2147483647 isUidTracked: false declaredMethods: AVAIL|LOST|BLK
09-10 09:45:20.017  1918  1931 W libc    : Access denied finding property "media.resolution.limit.32bit"
09-10 09:45:20.014  1918  1918 W binder:1918_2: type=1400 audit(0.0:3333): avc:  denied  { read } for  name="u:object_r:media_config_prop:s0" dev="tmpfs" ino=306 scontext=u:r:mediacodeclist_generator:s0 tcontext=u:object_r:media_config_prop:s0 tclass=file permissive=0
09-10 09:45:20.018  1918  1931 W libc    : Access denied finding property "media.resolution.limit.32bit"
09-10 09:45:20.014  1918  1918 W binder:1918_2: type=1400 audit(0.0:3334): avc:  denied  { read } for  name="u:object_r:media_config_prop:s0" dev="tmpfs" ino=306 scontext=u:r:mediacodeclist_generator:s0 tcontext=u:object_r:media_config_prop:s0 tclass=file permissive=0
09-10 09:45:20.018  1918  1931 W libc    : Access denied finding property "media.resolution.limit.32bit"
09-10 09:45:20.019  1918  1931 W libc    : Access denied finding property "media.resolution.limit.32bit"
09-10 09:45:20.014  1918  1918 W binder:1918_2: type=1400 audit(0.0:3335): avc:  denied  { read } for  name="u:object_r:media_config_prop:s0" dev="tmpfs" ino=306 scontext=u:r:mediacodeclist_generator:s0 tcontext=u:object_r:media_config_prop:s0 tclass=file permissive=0
09-10 09:45:20.020  1918  1931 W libc    : Access denied finding property "media.resolution.limit.32bit"
09-10 09:45:20.018  1918  1918 W binder:1918_2: type=1400 audit(0.0:3336): avc:  denied  { read } for  name="u:object_r:media_config_prop:s0" dev="tmpfs" ino=306 scontext=u:r:mediacodeclist_generator:s0 tcontext=u:object_r:media_config_prop:s0 tclass=file permissive=0
09-10 09:45:20.023  1435  1808 D NetworkRequestStateStatsMetrics: Registered nr with ID = 27, package_uid = 1000
09-10 09:45:20.026  1435  1808 D ConnectivityService: NetReassign [no changes] [c 0] [a 0] [i 1]
09-10 09:45:20.029  1435  1808 D NetworkRequestStateStatsMetrics: Registered nr with ID = 30, package_uid = 1000
09-10 09:45:20.031  5543 20277 E QC2CompStore: Failed to locate interface with name c2.android.iamf.decoder
09-10 09:45:20.037  1435  1808 D ConnectivityService: NetReassign [no changes] [c 0] [a 1] [i 0]
09-10 09:45:20.049  1997  1997 D nativeloader: Load libframework-connectivity-tiramisu-jni.so using APEX ns com_android_tethering for caller /apex/com.android.tethering/javalib/framework-connectivity-t.jar: ok
09-10 09:45:20.056  1168 23246 I C2SoftIamfDec: in CreateCodec2Factory
09-10 09:45:20.061  1435  1435 W SystemServiceManager: Service com.android.server.job.JobSchedulerService took 101 ms in onBootPhase
09-10 09:45:20.064  1435  1435 D SystemServerTiming: OnBootPhase_600_com.android.server.soundtrigger.SoundTriggerService
09-10 09:45:20.064  1435  1435 D SoundTriggerService: onBootPhase: 600 : false
09-10 09:45:20.073  1918  1931 I Codec2InfoBuilder: adding type 'audio/iamf'
09-10 09:45:20.074  1435  1435 D SystemServerTiming: OnBootPhase_600_com.android.server.trust.TrustManagerService
09-10 09:45:20.078  1435  1435 I ServiceWatcher: [TrustManagerService] chose new implementation null
09-10 09:45:20.078  1435  1435 D SystemServerTiming: OnBootPhase_600_com.android.server.backup.BackupManagerService$Lifecycle
09-10 09:45:20.078  1435  1435 D SystemServerTiming: OnBootPhase_600_com.android.server.GestureLauncherService
09-10 09:45:20.082  1435  1435 D SystemServerTiming: OnBootPhase_600_com.android.server.SensorNotificationService
09-10 09:45:20.083  1435  1435 W SensorService: Failed to linkToDeath for listener (pid=1435, uid=1000), error=-38. Aborting registration.
09-10 09:45:20.091  1168  1168 I C2SoftIamfDec: in DestroyCodec2Factory
09-10 09:45:20.091  5543 20277 E QC2CompStore: Failed to locate interface with name c2.android.mp3.decoder
09-10 09:45:20.093  1435  1435 D SystemServerTiming: OnBootPhase_600_com.android.server.ContextHubSystemService
09-10 09:45:20.093  1435  1435 D SystemServerTiming: OnBootPhase_600_com.android.server.emergency.EmergencyAffordanceService
09-10 09:45:20.104  1918  1931 I Codec2InfoBuilder: adding type 'audio/mpeg'
09-10 09:45:20.108  5543 20277 E QC2CompStore: Failed to locate interface with name c2.android.mpeg2.decoder
09-10 09:45:20.111  1435  1435 D SystemServerTiming: OnBootPhase_600_com.android.server.blob.BlobStoreManagerService
09-10 09:45:20.131  1918  1931 D Codec2InfoBuilder: codec entry for 'c2.android.mpeg2.decoder' is disabled
09-10 09:45:20.131  5543 20277 E QC2CompStore: Failed to locate interface with name c2.android.mpeg4.decoder
09-10 09:45:20.131  1968  2014 D CompatChangeReporter: Compat change id reported: 458413887; UID 10120; state: ENABLED
09-10 09:45:20.138  1435  1435 D SystemServerTiming: OnBootPhase_600_com.android.server.dreams.DreamManagerService
09-10 09:45:20.143  1918  1931 I Codec2InfoBuilder: adding type 'video/mp4v-es'
09-10 09:45:20.144  1435  1435 D SystemServerTiming: OnBootPhase_600_com.android.server.security.AttestationVerificationManagerService
09-10 09:45:20.144  1435  1435 D SystemServerTiming: OnBootPhase_600_com.android.server.companion.CompanionDeviceManagerService
09-10 09:45:20.144  1435  1435 D SystemServerTiming: OnBootPhase_600_com.android.server.companion.datatransfer.continuity.TaskContinuityManagerService
09-10 09:45:20.144  1435  1435 D SystemServerTiming: OnBootPhase_600_com.android.server.restrictions.RestrictionsManagerService
09-10 09:45:20.145  1435  1435 D SystemServerTiming: OnBootPhase_600_com.android.server.media.MediaSessionService
09-10 09:45:20.145  1435  1435 D SystemServerTiming: OnBootPhase_600_com.android.server.biometrics.BiometricService
09-10 09:45:20.145  1435  1435 D SystemServerTiming: OnBootPhase_600_com.android.server.biometrics.AuthService
09-10 09:45:20.145  1435  1435 D SystemServerTiming: OnBootPhase_600_com.android.server.pm.ShortcutService$Lifecycle
09-10 09:45:20.145  1435  1435 D SystemServerTiming: OnBootPhase_600_com.android.server.pm.LauncherAppsService
09-10 09:45:20.145  1435  1435 D SystemServerTiming: OnBootPhase_600_com.android.server.pm.CrossProfileAppsService
09-10 09:45:20.145  1435  1435 D SystemServerTiming: OnBootPhase_600_com.android.server.people.PeopleService
09-10 09:45:20.145  1435  1435 D SystemServerTiming: OnBootPhase_600_com.android.server.media.metrics.MediaMetricsManagerService
09-10 09:45:20.145  1435  1435 D SystemServerTiming: OnBootPhase_600_com.android.server.media.projection.MediaProjectionManagerService
09-10 09:45:20.145  1435  1435 D SystemServerTiming: OnBootPhase_600_com.android.clockwork.power.WearPowerService
09-10 09:45:20.145  1435  1435 D SystemServerTiming: OnBootPhase_600_com.android.clockwork.healthservices.HealthService
09-10 09:45:20.145  1435  1435 D SystemServerTiming: OnBootPhase_600_com.android.clockwork.systemstatedisplay.SystemStateDisplayService
09-10 09:45:20.145  1435  1435 D SystemServerTiming: OnBootPhase_600_com.android.clockwork.connectivity.WearConnectivityService
09-10 09:45:20.145  1435  1435 D SystemServerTiming: OnBootPhase_600_com.android.clockwork.display.WearDisplayService
09-10 09:45:20.145  1435  1435 D SystemServerTiming: OnBootPhase_600_com.android.clockwork.time.WearTimeService
09-10 09:45:20.145  1435  1435 D SystemServerTiming: OnBootPhase_600_com.android.clockwork.settings.WearSettingsService
09-10 09:45:20.145  1435  1435 D SystemServerTiming: OnBootPhase_600_com.android.clockwork.modes.ModeManagerService
09-10 09:45:20.145  1435  1435 D SystemServerTiming: OnBootPhase_600_com.android.clockwork.input.WearInputService
09-10 09:45:20.145  1435  1435 D SystemServerTiming: OnBootPhase_600_com.android.server.stats.StatsCompanion$Lifecycle
09-10 09:45:20.147  1435  1435 W AlarmManager: Unrecognized alarm listener com.android.server.stats.StatsCompanionService$PullingAlarmListener@4920c3d
09-10 09:45:20.147  1435  1435 W AlarmManager: Unrecognized alarm listener com.android.server.stats.StatsCompanionService$PeriodicAlarmListener@617fc32
09-10 09:45:20.147  1918  1931 W libc    : Access denied finding property "media.resolution.limit.32bit"
09-10 09:45:20.147  1918  1931 W libc    : Access denied finding property "media.resolution.limit.32bit"
09-10 09:45:20.147  1918  1931 W libc    : Access denied finding property "media.resolution.limit.32bit"
09-10 09:45:20.147  1918  1931 W libc    : Access denied finding property "media.resolution.limit.32bit"
09-10 09:45:20.147  1918  1931 W libc    : Access denied finding property "media.resolution.limit.32bit"
09-10 09:45:20.156  5543 20277 E QC2CompStore: Failed to locate interface with name c2.android.mpeg4.encoder
09-10 09:45:20.158   758  2028 W statsd  : AIBinder_linkToDeath is being called with a non-null cookie and no onUnlink callback set. Use AIBinder_DeathRecipient_setOnUnlinked to manage the lifetime of the cookie. This will become an abort.
09-10 09:45:20.168  1435  1435 I StatsCompanionService: Told statsd that StatsCompanionService is alive.
09-10 09:45:20.168  1435  1435 D SystemServerTiming: OnBootPhase_600_com.android.server.scheduling.RebootReadinessManagerService$Lifecycle
09-10 09:45:20.168  1435  1435 D SystemServerTiming: OnBootPhase_600_com.android.server.stats.pull.StatsPullAtomService
09-10 09:45:20.169  1435  1435 D SystemServerTiming: OnBootPhase_600_com.android.server.stats.bootstrap.StatsBootstrapAtomService$Lifecycle
09-10 09:45:20.169  1435  1435 D SystemServerTiming: OnBootPhase_600_com.android.server.stats.binder.BinderStatsConsumerService$Lifecycle
09-10 09:45:20.169  1435  1435 D SystemServerTiming: OnBootPhase_600_com.android.server.incident.IncidentCompanionService
09-10 09:45:20.169  1435  1435 D SystemServerTiming: OnBootPhase_600_com.android.server.sdksandbox.SdkSandboxManagerService$Lifecycle
09-10 09:45:20.169  1435  1435 D SystemServerTiming: OnBootPhase_600_android.os.profiling.ProfilingService$Lifecycle
09-10 09:45:20.169  1435  1435 D SystemServerTiming: OnBootPhase_600_com.android.os.profiling.anomaly.AnomalyDetectorService
09-10 09:45:20.169  1435  1435 D SystemServerTiming: OnBootPhase_600_com.android.server.signalcollector.SignalCollectorService
09-10 09:45:20.169  1435  1435 D SystemServerTiming: OnBootPhase_600_com.android.uprobestats.UprobeStatsBridgeService
09-10 09:45:20.169  1435  1435 D SystemServerTiming: OnBootPhase_600_com.android.server.MmsServiceBroker
09-10 09:45:20.169  1435  1435 D SystemServerTiming: OnBootPhase_600_com.android.server.credentials.CredentialManagerService
09-10 09:45:20.170  1435  1435 D SystemServerTiming: OnBootPhase_600_com.android.server.clipboard.ClipboardService
09-10 09:45:20.171  1435  2015 I PackageManager: getInstalledPackages: callingUid=1000 flags=205529088 updatedFlags=206053376 userId=0
09-10 09:45:20.171  1435  1435 D SystemServerTiming: OnBootPhase_600_com.android.server.appbinding.AppBindingService$Lifecycle
09-10 09:45:20.172  1435  1435 D SystemServerTiming: OnBootPhase_600_com.android.server.tracing.TracingServiceProxy
09-10 09:45:20.172  1435  1435 D SystemServerTiming: OnBootPhase_600_com.android.server.os.instrumentation.DynamicInstrumentationManagerService
09-10 09:45:20.172  1435  1435 D SystemServerTiming: OnBootPhase_600_com.android.server.policy.PermissionPolicyService
09-10 09:45:20.172  1918  1931 I Codec2InfoBuilder: adding type 'video/mp4v-es'
09-10 09:45:20.173  1435  1435 D SystemServerTiming: OnBootPhase_600_com.android.server.pm.StagingManager$Lifecycle
09-10 09:45:20.173  1435  1435 D SystemServerTiming: OnBootPhase_600_com.android.server.crashrecovery.CrashRecoveryModule$Lifecycle
09-10 09:45:20.175  1168  3020 D C2SoftMpeg4Enc: Given level 0 does not cover current configuration: adjusting to 4003
09-10 09:45:20.176  1435  1435 I ExplicitHealthCheckController: Explicit health checks enabled.
09-10 09:45:20.176  1435  1435 I PackageWatchdog: Syncing state, reason: health check state enabled
09-10 09:45:20.177  1435  1435 D SystemServerTiming: OnBootPhase_600_com.android.server.ranging.RangingService
09-10 09:45:20.177  1435  1435 D SystemServerTiming: OnBootPhase_600_com.android.safetycenter.SafetyCenterService
09-10 09:45:20.177  1435  1435 D SystemServerTiming: OnBootPhase_600_com.android.server.appsearch.AppSearchModule$Lifecycle
09-10 09:45:20.177  1435  1435 D SystemServerTiming: OnBootPhase_600_com.android.server.media.MediaCommunicationService
09-10 09:45:20.178  1435  1435 D SystemServerTiming: OnBootPhase_600_com.android.server.compat.overrides.AppCompatOverridesService$Lifecycle
09-10 09:45:20.178  1918  1931 W libc    : Access denied finding property "media.resolution.limit.32bit"
09-10 09:45:20.178  1435  1435 D SystemServerTiming: OnBootPhase_600_com.android.server.healthconnect.HealthConnectManagerService
09-10 09:45:20.178  1918  1931 W libc    : Access denied finding property "media.resolution.limit.32bit"
09-10 09:45:20.178  1918  1931 W libc    : Access denied finding property "media.resolution.limit.32bit"
09-10 09:45:20.178  1435  1435 D SystemServerTiming: OnBootPhase_600_com.android.server.SensitiveContentProtectionManagerService
09-10 09:45:20.178  1918  1931 W libc    : Access denied finding property "media.resolution.limit.32bit"
09-10 09:45:20.178  1435  1435 D SystemServerTiming: StartNetworkStack
09-10 09:45:20.178  1918  1931 W libc    : Access denied finding property "media.resolution.limit.32bit"
09-10 09:45:20.179  1435  1435 D ConnectivityModuleConnector: Starting networking module android.net.INetworkStackConnector
09-10 09:45:20.180  1435  1435 D ConnectivityModuleConnector: Starting networking module in network_stack process
09-10 09:45:20.180  1997  1997 D nativeloader: Configuring clns-6 for other apk /system/framework/com.google.android.wearable.jar. target_sdk_version=36, uses_libraries=ALL, library_path=/data/app/~~GhGzVqpIbrswZ6cfg6-3Iw==/com.google.android.wearable.watchface.rwf-II_Enq9nizBO63lSxyFrEw==/lib/arm:/data/app/~~GhGzVqpIbrswZ6cfg6-3Iw==/com.google.android.wearable.watchface.rwf-II_Enq9nizBO63lSxyFrEw==/base.apk!/lib/armeabi-v7a, permitted_path=/data:/mnt/expand:/data/user/0/com.google.android.wearable.watchface.rwf
09-10 09:45:20.182  5543 20277 E QC2CompStore: Failed to locate interface with name c2.android.opus.decoder
09-10 09:45:20.187  1435  1435 V GrammaticalInflectionUtils: AttributionSource: android.content.AttributionSource@5ef3f2d0 does not have READ_SYSTEM_GRAMMATICAL_GENDER permission.
09-10 09:45:20.192  1435  1435 D ConnectivityModuleConnector: Networking module service start requested
09-10 09:45:20.192  1435  1435 D NetworkStackClient: Network stack service start requested
09-10 09:45:20.193  1918  1931 I Codec2InfoBuilder: adding type 'audio/opus'
09-10 09:45:20.194  1435  1435 D SystemServerTiming: StartTethering
09-10 09:45:20.195  1435  1435 D ConnectivityModuleConnector: Starting networking module android.net.ITetheringConnector
09-10 09:45:20.195  1435  1435 D ConnectivityModuleConnector: Starting networking module in network_stack process
09-10 09:45:20.196  5543 20277 E QC2CompStore: Failed to locate interface with name c2.android.opus.encoder
09-10 09:45:20.197  1435  1435 D ConnectivityModuleConnector: Networking module service start requested
09-10 09:45:20.198  1435  1435 D SystemServerTiming: MakeCountryDetectionServiceReady
09-10 09:45:20.198  1435  1435 D SystemServerTiming: MakeNetworkTimeUpdateReady
09-10 09:45:20.199  1435  1435 D ConnectivityService: requestNetwork for uid/pid:1000/1435 activeRequest: null callbackRequest: 31 [NetworkRequest [ REQUEST id=32, [ Capabilities: INTERNET&NOT_RESTRICTED&TRUSTED&NOT_VCN_MANAGED&NOT_BANDWIDTH_CONSTRAINED Uid: 1000 RequestorUid: 1000 RequestorPkg: android UnderlyingNetworks: Null] ]] callback flags: 0 order: 2147483647 isUidTracked: false declaredMethods: AVAIL|LOST
09-10 09:45:20.200  1435  1435 D SystemServerTiming: MakeTelephonyRegistryReady
09-10 09:45:20.203  1435  1808 D NetworkRequestStateStatsMetrics: Registered nr with ID = 32, package_uid = 1000
09-10 09:45:20.204   726   861 D MCU     : usf_sensor.cc:0                  10:06:56.406 [USF] Received reconfig sampling request for Low latency off body detect.
09-10 09:45:20.204  1435  1808 D ConnectivityService: NetReassign [no changes] [c 0] [a 0] [i 0]
09-10 09:45:20.207  1997  1997 W e.watchface.rwf: ClassLoaderContext shared library size mismatch. Expected=1, found=0 (PCL[]{PCL[/system_ext/framework/pele-runtime.jar*2816955534]{PCL[/system/framework/com.google.android.wearable.jar*709817027]}} | PCL[])
09-10 09:45:20.209  1918  1931 I Codec2InfoBuilder: adding type 'audio/opus'
09-10 09:45:20.212  5543 20277 E QC2CompStore: Failed to locate interface with name c2.android.raw.decoder
09-10 09:45:20.212  1435  1435 D SystemServerTiming: MakeMediaRouterServiceReady
09-10 09:45:20.213  1435  1435 I MR2ServiceImpl: switchUser | user: 0
09-10 09:45:20.214  1435  1435 D SystemServerTiming: MakeMmsServiceReady
09-10 09:45:20.214  1435  1435 I MmsServiceBroker: Delay connecting to MmsService until an API is called
09-10 09:45:20.214  1435  1435 D SystemServerTiming: IncidentDaemonReady
09-10 09:45:20.214  1435  1617 I PackageWatchdog: Saving observer state to file
09-10 09:45:20.221  1955  1955 D CompatChangeReporter: Compat change id reported: 458413887; UID 1000; state: ENABLED
09-10 09:45:20.223  1435  2015 I PackageManager: getInstalledPackages: callingUid=1000 flags=1073741824 updatedFlags=1074266112 userId=0
09-10 09:45:20.225  1997  1997 D nativeloader: Configuring clns-7 for other apk /system/framework/clockwork-ambient.jar. target_sdk_version=36, uses_libraries=ALL, library_path=/data/app/~~GhGzVqpIbrswZ6cfg6-3Iw==/com.google.android.wearable.watchface.rwf-II_Enq9nizBO63lSxyFrEw==/lib/arm:/data/app/~~GhGzVqpIbrswZ6cfg6-3Iw==/com.google.android.wearable.watchface.rwf-II_Enq9nizBO63lSxyFrEw==/base.apk!/lib/armeabi-v7a, permitted_path=/data:/mnt/expand:/data/user/0/com.google.android.wearable.watchface.rwf
09-10 09:45:20.226  1918  1931 I Codec2InfoBuilder: adding type 'audio/raw'
09-10 09:45:20.230  1435  1435 D SystemServerTiming: MakeIncrementalServiceReady
09-10 09:45:20.230  5543 20277 E QC2CompStore: Failed to locate interface with name c2.android.vorbis.decoder
09-10 09:45:20.237  1291  1291 D Zygote  : Forked child process 2017
09-10 09:45:20.240  1435  1435 D SystemServerTiming: OdsignStatsLogger
09-10 09:45:20.242  1435  1607 W ActivityManager: Slow operation: 54ms so far, now at startProcess: returned from zygote!
09-10 09:45:20.243  1435  1607 W ActivityManager: Slow operation: 54ms so far, now at startProcess: done updating battery stats
09-10 09:45:20.243  1435  1607 W ActivityManager: Slow operation: 55ms so far, now at startProcess: building log message
09-10 09:45:20.244  1435  1607 I ActivityManager: Start proc 2017:com.android.networkstack.process/1073 for bound-service {com.google.android.networkstack/com.android.server.NetworkStackService}
09-10 09:45:20.245  1435  1435 D SystemServerTiming: getCurrentUser
09-10 09:45:20.245  1435  1607 W ActivityManager: Slow operation: 57ms so far, now at startProcess: starting to update pids map
09-10 09:45:20.246  1435  1607 W ActivityManager: Slow operation: 57ms so far, now at startProcess: done updating pids map
09-10 09:45:20.246  1435  1435 I ActivityManager: Current user:0
09-10 09:45:20.248  1435  1435 D SystemServerTiming: ActivityManagerStartApps
09-10 09:45:20.249  2017  2017 I libprocessgroup: Created cgroup /sys/fs/cgroup/system/uid_1073/pid_2017
09-10 09:45:20.257  1435  1435 D SystemServerTimingAsync: ssm.StartUser-0
09-10 09:45:20.258  1435  1435 I SystemServiceManager: Calling onStartUser 0
09-10 09:45:20.258  1918  1931 I Codec2InfoBuilder: adding type 'audio/vorbis'
09-10 09:45:20.260  1435  1435 D SystemServerTimingAsync: ssm.onStartUser-0_com.android.server.security.FileIntegrityService
09-10 09:45:20.261  1435  1435 D SystemServerTimingAsync: ssm.onStartUser-0_com.android.server.pm.Installer
09-10 09:45:20.261  1435  1435 D SystemServerTimingAsync: ssm.onStartUser-0_com.android.server.os.DeviceIdentifiersPolicyService
09-10 09:45:20.261  1435  1435 D SystemServerTimingAsync: ssm.onStartUser-0_com.android.server.flags.FeatureFlagsService
09-10 09:45:20.261  1435  1435 D SystemServerTimingAsync: ssm.onStartUser-0_com.android.server.uri.UriGrantsManagerService$Lifecycle
09-10 09:45:20.261  1435  1435 D SystemServerTimingAsync: ssm.onStartUser-0_com.android.server.powerstats.PowerStatsService
09-10 09:45:20.261  1435  1435 D SystemServerTimingAsync: ssm.onStartUser-0_com.android.server.permission.access.AccessCheckingService
09-10 09:45:20.261  1435  1435 D SystemServerTimingAsync: ssm.onStartUser-0_com.android.server.wm.ActivityTaskManagerService$Lifecycle
09-10 09:45:20.261  1435  1435 D SystemServerTimingAsync: ssm.onStartUser-0_com.android.server.am.ActivityManagerService$Lifecycle
09-10 09:45:20.261  1435  1435 D SystemServerTimingAsync: ssm.onStartUser-0_com.android.server.pm.DataLoaderManagerService
09-10 09:45:20.263  1435  1435 D SystemServerTimingAsync: ssm.onStartUser-0_com.android.server.power.PowerManagerService
09-10 09:45:20.263  1435  1435 D SystemServerTimingAsync: ssm.onStartUser-0_com.android.server.power.thermal.ThermalManagerService
09-10 09:45:20.263  1435  1435 D SystemServerTimingAsync: ssm.onStartUser-0_com.android.server.recoverysystem.RecoverySystemService$Lifecycle
09-10 09:45:20.263  1435  1435 D SystemServerTimingAsync: ssm.onStartUser-0_com.android.server.lights.LightsService
09-10 09:45:20.263  1435  1435 D SystemServerTimingAsync: ssm.onStartUser-0_com.android.clockwork.displayoffload.DisplayOffloadService
09-10 09:45:20.263  1435  1435 D SystemServerTimingAsync: ssm.onStartUser-0_com.android.server.display.DisplayManagerService
09-10 09:45:20.264  1435  1435 D SystemServerTimingAsync: ssm.onStartUser-0_com.android.server.pm.verify.domain.DomainVerificationService
09-10 09:45:20.264  1435  1435 D SystemServerTimingAsync: ssm.onStartUser-0_com.android.server.pm.PackageInstallerService$Lifecycle
09-10 09:45:20.264  1435  1435 D SystemServerTimingAsync: ssm.onStartUser-0_com.android.server.pm.UserManagerService$LifeCycle
09-10 09:45:20.264  1435  1435 D SystemServerTimingAsync: ssm.onStartUser-0_com.android.server.om.OverlayManagerService
09-10 09:45:20.264  1435  1435 D SystemServerTimingAsync: ssm.onStartUser-0_com.android.server.resources.ResourcesManagerService
09-10 09:45:20.264  1435  1435 D SystemServerTimingAsync: ssm.onStartUser-0_com.android.server.sensorprivacy.SensorPrivacyService
09-10 09:45:20.266  1997  1997 D nativeloader: Configuring clns-8 for other apk /data/app/~~GhGzVqpIbrswZ6cfg6-3Iw==/com.google.android.wearable.watchface.rwf-II_Enq9nizBO63lSxyFrEw==/base.apk. target_sdk_version=36, uses_libraries=, library_path=/data/app/~~GhGzVqpIbrswZ6cfg6-3Iw==/com.google.android.wearable.watchface.rwf-II_Enq9nizBO63lSxyFrEw==/lib/arm:/data/app/~~GhGzVqpIbrswZ6cfg6-3Iw==/com.google.android.wearable.watchface.rwf-II_Enq9nizBO63lSxyFrEw==/base.apk!/lib/armeabi-v7a, permitted_path=/data:/mnt/expand:/data/user/0/com.google.android.wearable.watchface.rwf
09-10 09:45:20.271  1435  1435 D SystemServerTimingAsync: ssm.onStartUser-0_com.android.server.sensors.SensorService
09-10 09:45:20.275  1296  1312 D Diag_Lib: diag: Diag_LSM_Init: invoked for pid: 1296 with init_count: 0
09-10 09:45:20.275  1296  1312 D Diag_Lib: diag:failed to connect to diag socket
09-10 09:45:20.275  1296  1312 D Diag_Lib:  Diag_LSM_Init: Failed to open handle to diag driver, error = 111
09-10 09:45:20.276  1296  1312 I ATS     : vendor/qcom/sw5100-lw4/proprietary-audio/args/acdb/ats/transports/diag/linux/actp/src/actp.c:actp_diag_init:105 Error[1]: Failed to initialize DIAG
09-10 09:45:20.276  1296  1312 E ATS     : vendor/qcom/sw5100-lw4/proprietary-audio/args/acdb/ats/src/ats.c:ats_init:143 Error[1]: Failed to initialize Diag
09-10 09:45:20.276  1296  1312 E ATS     : vendor/qcom/sw5100-lw4/proprietary-audio/args/acdb/ats/src/ats.c:ats_init:263 Error[1]: Failed to initialize ATS
09-10 09:45:20.276  1296  1312 E AGM: API: ats_init_thread: 64 ats_init failed retry 44 err 1
09-10 09:45:20.277  1997  1997 W e.watchface.rwf: Monitor::Inflate: Install failed 0x7336d798
09-10 09:45:20.277  1435  1435 D SystemServerTimingAsync: ssm.onStartUser-0_com.android.server.SystemConfigService
09-10 09:45:20.277  1435  1435 D SystemServerTimingAsync: ssm.onStartUser-0_com.android.server.BatteryService
09-10 09:45:20.277  1435  1435 D SystemServerTimingAsync: ssm.onStartUser-0_com.android.server.usage.UsageStatsService
09-10 09:45:20.278  1435  1435 D SystemServerTimingAsync: ssm.onStartUser-0_com.android.server.CachedDeviceStateService
09-10 09:45:20.278  1435  1435 D SystemServerTimingAsync: ssm.onStartUser-0_com.android.server.BinderCallsStatsService$LifeCycle
09-10 09:45:20.278  1435  1435 D SystemServerTimingAsync: ssm.onStartUser-0_com.android.server.LooperStatsService$Lifecycle
09-10 09:45:20.278  1435  1435 D SystemServerTimingAsync: ssm.onStartUser-0_com.android.server.rollback.RollbackManagerService
09-10 09:45:20.278  1435  1435 D SystemServerTimingAsync: ssm.onStartUser-0_com.android.server.os.NativeTombstoneManagerService
09-10 09:45:20.278  1435  1435 D SystemServerTimingAsync: ssm.onStartUser-0_com.android.server.os.BugreportManagerService
09-10 09:45:20.278  1435  1435 D SystemServerTimingAsync: ssm.onStartUser-0_com.android.server.gpu.GpuService
09-10 09:45:20.278  1435  1435 D SystemServerTimingAsync: ssm.onStartUser-0_com.android.server.security.rkp.RemoteProvisioningService
09-10 09:45:20.278  1435  1435 D SystemServerTimingAsync: ssm.onStartUser-0_com.android.server.security.KeyChainSystemService
09-10 09:45:20.279  1435  1435 D SystemServerTimingAsync: ssm.onStartUser-0_com.android.server.BinaryTransparencyService
09-10 09:45:20.279  1435  1435 D SystemServerTimingAsync: ssm.onStartUser-0_com.android.server.telecom.TelecomLoaderService
09-10 09:45:20.279  1435  1435 D SystemServerTimingAsync: ssm.onStartUser-0_com.android.server.accounts.AccountManagerService$Lifecycle
09-10 09:45:20.279  1435  1435 D SystemServerTimingAsync: ssm.onStartUser-0_com.android.server.content.ContentService$Lifecycle
09-10 09:45:20.279  1435  1435 D SystemServerTimingAsync: ssm.onStartUser-0_com.android.server.deviceconfig.DeviceConfigInit$Lifecycle
09-10 09:45:20.281  1997  1997 V GraphicsEnvironment: Currently set values for:
09-10 09:45:20.281  1997  1997 V GraphicsEnvironment:   angle_gl_driver_selection_pkgs=[]
09-10 09:45:20.281  1997  1997 V GraphicsEnvironment:   angle_gl_driver_selection_values=[]
09-10 09:45:20.281  1997  1997 V GraphicsEnvironment: com.google.android.wearable.watchface.rwf is not listed in per-application setting
09-10 09:45:20.282  1997  1997 V GraphicsEnvironment: No special selections for ANGLE, returning default driver choice
09-10 09:45:20.283  1997  1997 V GraphicsEnvironment: Neither updatable production driver nor prerelease driver is supported.
09-10 09:45:20.284  1435  1435 D SystemServerTimingAsync: ssm.onStartUser-0_com.android.server.DropBoxManagerService
09-10 09:45:20.285  1435  1435 D SystemServerTimingAsync: ssm.onStartUser-0_com.android.ecm.EnhancedConfirmationService
09-10 09:45:20.285  1435  1435 D SystemServerTimingAsync: ssm.onStartUser-0_com.android.server.power.hint.HintManagerService
09-10 09:45:20.285  1435  1435 D SystemServerTimingAsync: ssm.onStartUser-0_com.android.server.allowlist.AllowlistService
09-10 09:45:20.285  1435  1435 D SystemServerTimingAsync: ssm.onStartUser-0_com.android.role.RoleService
09-10 09:45:20.285  2017  2017 I Zygote  : Process 2017 created for com.android.networkstack.process
09-10 09:45:20.286  2017  2017 I rkstack.process: Using generational CollectorTypeCMC GC.
09-10 09:45:20.292  5543 20277 E QC2CompStore: Failed to locate interface with name c2.android.vp8.decoder
09-10 09:45:20.296  1435  1435 D SystemServerTimingAsync: ssm.onStartUser-0_com.android.server.supervision.SupervisionService$Lifecycle
09-10 09:45:20.305  1435  1435 D SystemServerTimingAsync: ssm.onStartUser-0_com.android.server.vibrator.VibratorManagerService$Lifecycle
09-10 09:45:20.305  1435  1435 D SystemServerTimingAsync: ssm.onStartUser-0_com.android.server.alarm.AlarmManagerService
09-10 09:45:20.305  1435  1435 D SystemServerTimingAsync: ssm.onStartUser-0_com.android.server.input.InputManagerService$Lifecycle
09-10 09:45:20.306  1435  1435 D SystemServerTimingAsync: ssm.onStartUser-0_com.android.server.devicestate.DeviceStateManagerService
09-10 09:45:20.306  1435  1435 D SystemServerTimingAsync: ssm.onStartUser-0_com.android.server.bluetooth.BluetoothService
09-10 09:45:20.307  1435  1435 I BluetoothSystemServer: BluetoothService: onUserStarting(0): Initializing for visible user
09-10 09:45:20.307  1435  1435 D SystemServerTimingAsync: ssm.onStartUser-0_com.android.server.connectivity.IpConnectivityMetrics
09-10 09:45:20.310  1997  1997 I RWF     : [LogHelper] Global tag for LogHelper changed to RWF
09-10 09:45:20.312  1435  1435 D SystemServerTimingAsync: ssm.onStartUser-0_com.android.server.net.watchlist.NetworkWatchlistService$Lifecycle
09-10 09:45:20.312  1435  1435 D SystemServerTimingAsync: ssm.onStartUser-0_com.android.server.pinner.PinnerService
09-10 09:45:20.312  1435  1435 D SystemServerTimingAsync: ssm.onStartUser-0_com.android.server.integrity.AppIntegrityManagerService
09-10 09:45:20.312  1435  1435 D SystemServerTimingAsync: ssm.onStartUser-0_com.android.server.logcat.LogcatManagerService
09-10 09:45:20.312  1435  1435 D SystemServerTimingAsync: ssm.onStartUser-0_com.android.server.appfunctions.AppFunctionManagerService
09-10 09:45:20.313  1435  1435 D SystemServerTimingAsync: ssm.onStartUser-0_com.android.server.privatecompute.PccSandboxManagerService
09-10 09:45:20.313  1435  1435 D SystemServerTimingAsync: ssm.onStartUser-0_com.android.server.inputmethod.InputMethodManagerService$Lifecycle
09-10 09:45:20.313  1435  1435 D SystemServerTimingAsync: ssm.onStartUser-0_com.android.server.accessibility.AccessibilityManagerService$Lifecycle
09-10 09:45:20.315  1435  1762 I BluetoothSystemServer: AirplaneModeController: Init completed. isOnForUser=false
09-10 09:45:20.315  1918  1931 I Codec2InfoBuilder: adding type 'video/x-vnd.on2.vp8'
09-10 09:45:20.317  1435  1767 W InputMethodInfoUtils: Found no fallback locale. imis=[]
09-10 09:45:20.318  1435  1435 D SystemServerTimingAsync: ssm.onStartUser-0_com.android.server.StorageManagerService$Lifecycle
09-10 09:45:20.320  1435  1767 W InputMethodInfoUtils: No software keyboard is found. imis=[] systemLocale=en_US fallbackLocale=null
09-10 09:45:20.321  1918  1931 W libc    : Access denied finding property "media.resolution.limit.32bit"
09-10 09:45:20.322  1918  1931 W libc    : Access denied finding property "media.resolution.limit.32bit"
09-10 09:45:20.322  1918  1931 W libc    : Access denied finding property "media.resolution.limit.32bit"
09-10 09:45:20.322  1435  1767 W InputMethodSubtypeSwitchingController: Enabled input method list is empty.
09-10 09:45:20.323  1918  1931 W libc    : Access denied finding property "media.resolution.limit.32bit"
09-10 09:45:20.323  1918  1931 W libc    : Access denied finding property "media.resolution.limit.32bit"
09-10 09:45:20.326  5543 20277 E QC2CompStore: Failed to locate interface with name c2.android.vp8.encoder
09-10 09:45:20.329  1435  1767 W InputMethodSubtypeSwitchingController: Enabled input method list is empty.
09-10 09:45:20.332  1168  3020 I C2SoftVpxEnc: setting temporal layering 0 + 0
09-10 09:45:20.335  2017  2017 D nativeloader: Load libframework-connectivity-tiramisu-jni.so using APEX ns com_android_tethering for caller /apex/com.android.tethering/javalib/framework-connectivity-t.jar: ok
09-10 09:45:20.336  1435  1435 V StorageManagerService: Package com.google.android.networkstack.tethering does not have legacy storage
09-10 09:45:20.337  1168  3020 I mediaswcodec: missing struct descriptor #Param::CoreIndex(--1812) for field values of struct #Param::CoreIndex(F-11812)
09-10 09:45:20.342  1435  1762 V BluetoothSystemServer: SharingRestriction: Opp is not enabled. Setting sharing to 'default'.
09-10 09:45:20.342  1168  3020 I C2SoftVpxEnc: setting temporal layering 0 + 0
09-10 09:45:20.343  1968  1968 D nativeloader: Load /data/app/~~4OkDuO0TQX-wHEEPKnS1tA==/com.google.android.gms-9NEI3LtmM_lcBdmsLLItRQ==/base.apk!/lib/armeabi-v7a/libconscrypt_gmscore_jni.so using class loader ns clns-8 (caller=/data/app/~~4OkDuO0TQX-wHEEPKnS1tA==/com.google.android.gms-9NEI3LtmM_lcBdmsLLItRQ==/base.apk): ok
09-10 09:45:20.344  1968  1968 V NativeCrypto: Registering com/google/android/gms/org/conscrypt/NativeCrypto's 336 native methods...
09-10 09:45:20.347  1168  3020 I mediaswcodec: missing struct descriptor #Param::CoreIndex(--1812) for field values of struct #Param::CoreIndex(F-11812)
09-10 09:45:20.350  1435  1762 V BluetoothSystemServer: SharingRestriction: Nothing to do for UserHandle{0}. Sharing state is already 0
09-10 09:45:20.352  1435  1435 V StorageManagerService: Package com.google.omadm.trigger does not have legacy storage
09-10 09:45:20.353  1918  1931 I Codec2InfoBuilder: adding type 'video/x-vnd.on2.vp8'
09-10 09:45:20.355  1435  1435 V StorageManagerService: Package com.google.android.apps.wearable.settings.overlay.pixel.watch does not have legacy storage
09-10 09:45:20.355  1435  1762 V BluetoothSystemServer: BluetoothManagerService: isBluetoothPersistedStateOnBluetooth: 1
09-10 09:45:20.356  1435  1618 W BatteryExternalStatsWorker: timeout reading wifi stats
09-10 09:45:20.357  1435  1435 V StorageManagerService: Package com.android.cts.priv.ctsshim does not have legacy storage
09-10 09:45:20.359  1918  1931 W libc    : Access denied finding property "media.resolution.limit.32bit"
09-10 09:45:20.359  1435  1752 D SupervisionService: Writing supervision state
09-10 09:45:20.359  1918  1931 W libc    : Access denied finding property "media.resolution.limit.32bit"
09-10 09:45:20.359  1918  1931 W libc    : Access denied finding property "media.resolution.limit.32bit"
09-10 09:45:20.359  1918  1931 W libc    : Access denied finding property "media.resolution.limit.32bit"
09-10 09:45:20.359  1918  1931 W libc    : Access denied finding property "media.resolution.limit.32bit"
09-10 09:45:20.361  1435  1762 I BluetoothSystemServer: BluetoothManagerService: handleOnBootPhase: enabling for UserHandle{0}
09-10 09:45:20.363  1435  1435 V StorageManagerService: Package com.google.android.apps.weather does not have legacy storage
09-10 09:45:20.364  1435  1435 V StorageManagerService: Package com.android.providers.telephony does not have legacy storage
09-10 09:45:20.364  5543 20277 E QC2CompStore: Failed to locate interface with name c2.android.vp9.decoder
09-10 09:45:20.371  1435  1435 V StorageManagerService: Package com.android.sdm.plugins.connmo does not have legacy storage
09-10 09:45:20.371  1435  1435 V StorageManagerService: Package com.google.android.cellbroadcastservice does not have legacy storage
09-10 09:45:20.372  1435  1435 V StorageManagerService: Package com.google.android.crossdeviceaccessservice does not have legacy storage
09-10 09:45:20.372  1435  1435 V StorageManagerService: Package com.google.android.telecomresources.dialer.overlay does not have legacy storage
09-10 09:45:20.372  1435  1435 V StorageManagerService: Package com.android.providers.calendar does not have legacy storage
09-10 09:45:20.372  1435  1435 V StorageManagerService: Package com.google.android.pixelsystemservice does not have legacy storage
09-10 09:45:20.372  1435  1435 V StorageManagerService: Package com.google.android.apps.wearable.pixelwatchpermissions does not have legacy storage
09-10 09:45:20.372  1435  1435 V StorageManagerService: Package android.overlay.disallow.speaker.use does not have legacy storage
09-10 09:45:20.373  1435  1435 V StorageManagerService: Package com.google.android.ext.shared does not have legacy storage
09-10 09:45:20.373  1435  1996 W ActivityManager: Unable to start service Intent { act=com.google.android.chimera.BoundService.START dat=chimera-action: xflg=0x4 cmp=com.google.android.gms/.chimera.PersistentApiService } U=0: not found
09-10 09:45:20.373  1435  1435 V StorageManagerService: Package com.android.virtualmachine.res does not have legacy storage
09-10 09:45:20.374  1435  1435 V StorageManagerService: Package com.google.android.clockwork.flashlight does not have legacy storage
09-10 09:45:20.381  1435  1435 V StorageManagerService: Package com.google.android.federatedcompute does not have legacy storage
09-10 09:45:20.381  1435  1435 V StorageManagerService: Package com.google.android.wearable.sysui does not have legacy storage
09-10 09:45:20.382  1435  1435 V StorageManagerService: Package com.google.android.wearable.sysui.overlay.quickactions.pixelwatch does not have legacy storage
09-10 09:45:20.382  1435  1435 V StorageManagerService: Package com.android.wearable.overlay.com.google.android.wearable.sysui does not have legacy storage
09-10 09:45:20.382  1435  1435 V StorageManagerService: Package com.google.android.apps.messaging.overlay.wearmaterial.pixelwatch does not have legacy storage
09-10 09:45:20.382  1435  1435 V StorageManagerService: Package com.google.euiccpixel does not have legacy storage
09-10 09:45:20.383  1435  1435 V StorageManagerService: Package com.google.android.wearable.weather does not have legacy storage
09-10 09:45:20.383  1435  1435 V StorageManagerService: Package com.android.providers.telephony.auto_generated_characteristics_rro does not have legacy storage
09-10 09:45:20.383  1435  1435 V StorageManagerService: Package com.google.android.wearable.setupwizard.overlay.fastpair.pixelwatch.eos does not have legacy storage
09-10 09:45:20.385  1435  1762 D BluetoothSystemServer: ActiveLogs: 09-10 09:45:20.362 	Package [android] requested to [Enable]. 	Reason is SYSTEM_BOOT
09-10 09:45:20.385  1435  1762 I BluetoothSystemServer: BluetoothServerProxy: setBluetoothPersistedState(1)
09-10 09:45:20.387  1435  1762 D BluetoothSystemServer: BluetoothManagerService: broadcastIntentStateChange: action=BLE_STATE_CHANGED prevState=OFF newState=BLE_TURNING_ON
09-10 09:45:20.388  1918  1931 I Codec2InfoBuilder: adding type 'video/x-vnd.on2.vp9'
09-10 09:45:20.392  1435  1435 V StorageManagerService: Package com.qualcomm.uimremoteclient does not have legacy storage
09-10 09:45:20.392  1435  1435 V StorageManagerService: Package com.google.android.grilservice.overlay.pixelwatch does not have legacy storage
09-10 09:45:20.392  1435  1435 V StorageManagerService: Package com.whatsapp does not have legacy storage
09-10 09:45:20.393  1435  1435 V StorageManagerService: Package com.google.android.telecomui does not have legacy storage
09-10 09:45:20.393  1435  1435 V StorageManagerService: Package com.android.mms.service does not have legacy storage
09-10 09:45:20.394  1435  1435 V StorageManagerService: Package android.service.displayoffload.resources does not have legacy storage
09-10 09:45:20.396  1918  1931 W libc    : Access denied finding property "media.resolution.limit.32bit"
09-10 09:45:20.396  1918  1931 W libc    : Access denied finding property "media.resolution.limit.32bit"
09-10 09:45:20.397  1918  1931 W libc    : Access denied finding property "media.resolution.limit.32bit"
09-10 09:45:20.397  1918  1931 W libc    : Access denied finding property "media.resolution.limit.32bit"
09-10 09:45:20.397  1918  1931 W libc    : Access denied finding property "media.resolution.limit.32bit"
09-10 09:45:20.401  5543 20277 E QC2CompStore: Failed to locate interface with name c2.android.vp9.encoder
09-10 09:45:20.403  1435  1435 V StorageManagerService: Package com.google.android.wearable.setupwizard does not have legacy storage
09-10 09:45:20.405  1435  1435 V StorageManagerService: Package com.google.android.resources.overlay.batterystats does not have legacy storage
09-10 09:45:20.406  1435  1435 V StorageManagerService: Package com.android.providers.downloads does not have legacy storage
09-10 09:45:20.408  1968  1968 I ProviderInstaller: Installed default security provider GmsCore_OpenSSL
09-10 09:45:20.413  1435  1435 V StorageManagerService: Package com.google.android.health.connect.backuprestore does not have legacy storage
09-10 09:45:20.413  1435  1435 V StorageManagerService: Package com.google.android.apps.messaging does not have legacy storage
09-10 09:45:20.413  1997  1997 I RWF     : [Application] Device is supported.
09-10 09:45:20.413  1435  1435 V StorageManagerService: Package vendor.qti.hardware.cacert.server does not have legacy storage
09-10 09:45:20.414  1435  1435 V StorageManagerService: Package com.google.android.wearable.setupwizard.overlay.pixel.watch does not have legacy storage
09-10 09:45:20.414  1435  1435 V StorageManagerService: Package com.qualcomm.qti.telephonyservice does not have legacy storage
09-10 09:45:20.417  1435  1911 W ActivityManager: Unbind failed: could not find connection for android.os.BinderProxy@1195669
09-10 09:45:20.418  1435  1798 I WifiClientModeImpl[35406593:wlan0]: disconnectedstate enter
09-10 09:45:20.419  1435  1798 W WifiConnectivityManager: mConnectedSingleSavedNetworkSingleScanScheduleSec is not configured! Using default scan schedule
09-10 09:45:20.419  1435  1798 W WifiConnectivityManager: mConnectedSingleSavedNetworkSingleScanType is not configured! Using default scan types
09-10 09:45:20.422  1435  1435 V StorageManagerService: Package vendor.qti.iwlan does not have legacy storage
09-10 09:45:20.422  1435  1435 V StorageManagerService: Package com.google.android.configupdater does not have legacy storage
09-10 09:45:20.423  1168  3020 I C2SoftVpxEnc: setting temporal layering 0 + 0
09-10 09:45:20.425  1435  1435 V StorageManagerService: Package com.google.android.providers.media.module does not have legacy storage
09-10 09:45:20.427  1435  1762 I BluetoothSystemServer: RolePermissionListener: Role holder: [com.google.android.bluetooth]
09-10 09:45:20.432  1435  1435 V StorageManagerService: Package com.google.android.pixel.watch.wearable.resources.overlayEnableBIP does not have legacy storage
09-10 09:45:20.433  1435  1435 V StorageManagerService: Package com.qualcomm.uimremoteserver does not have legacy storage
09-10 09:45:20.434  1168  3020 I mediaswcodec: missing struct descriptor #Param::CoreIndex(--1812) for field values of struct #Param::CoreIndex(F-11812)
09-10 09:45:20.435  1435  1435 V StorageManagerService: Package com.android.se.overlay.target does not have legacy storage
09-10 09:45:20.438  1435  1762 I BluetoothSystemServer: RolePermissionListener: Bluetooth already holds android.app.role.SYSTEM_BLUETOOTH_STACK. Starting immediately
09-10 09:45:20.443  1435  1752 I DevicePolicyManager: Changing user restriction no_factory_reset on user 0 to: false caller: CallerIdentity[uid=1000]
09-10 09:45:20.445  1435  1435 V StorageManagerService: Package com.google.android.apps.safetyhub does not have legacy storage
09-10 09:45:20.445  1435  1435 V StorageManagerService: Package com.google.android.hotspot2.osulogin does not have legacy storage
09-10 09:45:20.445  1435  1435 V StorageManagerService: Package com.android.vending does not have legacy storage
09-10 09:45:20.445  1435  1435 V StorageManagerService: Package com.google.android.adservices.api does not have legacy storage
09-10 09:45:20.445  1435  1435 V StorageManagerService: Package android.autoinstalls.config.google.wear does not have legacy storage
09-10 09:45:20.445  1435  1435 V StorageManagerService: Package com.google.android.wearable.app.overlay.wearmaterial.pixelwatch does not have legacy storage
09-10 09:45:20.445  1435  1435 V StorageManagerService: Package com.google.android.clockwork.nfc does not have legacy storage
09-10 09:45:20.445  1435  1435 V StorageManagerService: Package com.android.modulemetadata does not have legacy storage
09-10 09:45:20.445  1435  1435 V StorageManagerService: Package com.android.certinstaller does not have legacy storage
09-10 09:45:20.446  1435  1435 V StorageManagerService: Package com.google.android.wearable.lw does not have legacy storage
09-10 09:45:20.446  1435  1435 V StorageManagerService: Package com.google.android.marvin.talkback does not have legacy storage
09-10 09:45:20.446  1435  1435 V StorageManagerService: Package com.qti.qualcomm.datastatusnotification does not have legacy storage
09-10 09:45:20.446  1435  1435 V StorageManagerService: Package com.android.phone.overlay.lte.pixelwatch does not have legacy storage
09-10 09:45:20.446  1435  1435 V StorageManagerService: Package com.google.android.connectivity.resources.overlay.pixelwatch does not have legacy storage
09-10 09:45:20.446  1435  1435 V StorageManagerService: Package android has legacy storage
09-10 09:45:20.446  1435  1435 V StorageManagerService: Package com.android.hotwordenrollment.xgoogle does not have legacy storage
09-10 09:45:20.446  1435  1435 V StorageManagerService: Package com.google.android.wearable.dwf.receiver does not have legacy storage
09-10 09:45:20.446  1435  1435 V StorageManagerService: Package com.google.android.grilservice does not have legacy storage
09-10 09:45:20.446  1435  1435 V StorageManagerService: Package com.android.appsearch.aiseal.config does not have legacy storage
09-10 09:45:20.446  1435  1435 V StorageManagerService: Package com.google.android.sdksandbox does not have legacy storage
09-10 09:45:20.446  1435  1435 V StorageManagerService: Package com.google.android.apps.wearable.settings has legacy storage
09-10 09:45:20.447  1435  1435 V StorageManagerService: Package com.test.watchprobe does not have legacy storage
09-10 09:45:20.447  1435  1435 V StorageManagerService: Package com.android.nfc does not have legacy storage
09-10 09:45:20.447  1435  1435 V StorageManagerService: Package com.android.ons does not have legacy storage
09-10 09:45:20.447  1435  1435 V StorageManagerService: Package com.android.stk does not have legacy storage
09-10 09:45:20.447  1435  1435 V StorageManagerService: Package com.android.backupconfirm does not have legacy storage
09-10 09:45:20.447  1435  1435 V StorageManagerService: Package com.google.android.deskclock does not have legacy storage
09-10 09:45:20.447  1435  1435 V StorageManagerService: Package com.test.crossdevicepoc does not have legacy storage
09-10 09:45:20.447  1435  1435 V StorageManagerService: Package org.codeaurora.ims does not have legacy storage
09-10 09:45:20.447  1435  1435 V StorageManagerService: Package com.google.android.gm does not have legacy storage
09-10 09:45:20.447  1435  1435 V StorageManagerService: Package com.google.android.carrier does not have legacy storage
09-10 09:45:20.447  1435  1435 V StorageManagerService: Package com.google.android.permissioncontroller does not have legacy storage
09-10 09:45:20.447  1435  1435 V StorageManagerService: Package com.android.wearable.resources does not have legacy storage
09-10 09:45:20.448  1435  1435 V StorageManagerService: Package com.google.android.bluetooth does not have legacy storage
09-10 09:45:20.448  1435  1435 V StorageManagerService: Package com.qualcomm.qcrilmsgtunnel does not have legacy storage
09-10 09:45:20.448  1435  1435 V StorageManagerService: Package com.android.providers.settings has legacy storage
09-10 09:45:20.448  1168  3020 I C2SoftVpxEnc: setting temporal layering 0 + 0
09-10 09:45:20.448  1435  1435 V StorageManagerService: Package com.android.hotwordenrollment.okgoogle does not have legacy storage
09-10 09:45:20.448  1435  1435 V StorageManagerService: Package com.google.android.wearable.pixel.pdms does not have legacy storage
09-10 09:45:20.448  1435  1435 V StorageManagerService: Package com.android.sdm.plugins.diagmon does not have legacy storage
09-10 09:45:20.449  1168  3020 I mediaswcodec: missing struct descriptor #Param::CoreIndex(--1812) for field values of struct #Param::CoreIndex(F-11812)
09-10 09:45:20.452  1435  1762 D BluetoothSystemServer: BluetoothManagerService: Start binding to the Bluetooth service with intent=Intent { act=android.bluetooth.IAdapter cmp=com.google.android.bluetooth/com.android.bluetooth.btservice.AdapterService (has extras) }
09-10 09:45:20.456  1918  1931 I Codec2InfoBuilder: adding type 'video/x-vnd.on2.vp9'
09-10 09:45:20.458  1435  1435 V StorageManagerService: Package com.christan.google_ass_tv_poc does not have legacy storage
09-10 09:45:20.458  1435  1435 V StorageManagerService: Package com.google.android.apps.wearable.systemui does not have legacy storage
09-10 09:45:20.459  1435  1435 V StorageManagerService: Package com.android.se does not have legacy storage
09-10 09:45:20.459  1168 25165 D C2SoftVpxEnc: Given level 0 does not cover current configuration: adjusting to 7000
09-10 09:45:20.459  1435  1435 V StorageManagerService: Package com.android.inputdevices has legacy storage
09-10 09:45:20.459  1435  1435 V StorageManagerService: Package com.google.android.devicelockcontroller does not have legacy storage
09-10 09:45:20.459  1435  1435 V StorageManagerService: Package com.google.android.dialer does not have legacy storage
09-10 09:45:20.459  1435  1435 V StorageManagerService: Package com.fitbit.ecg does not have legacy storage
09-10 09:45:20.460  1435  1435 V StorageManagerService: Package com.google.android.captiveportallogin does not have legacy storage
09-10 09:45:20.460  1435  1435 V StorageManagerService: Package com.google.android.wearable.protolayout.renderer does not have legacy storage
09-10 09:45:20.461  1918  1931 W libc    : Access denied finding property "media.resolution.limit.32bit"
09-10 09:45:20.461  1918  1931 W libc    : Access denied finding property "media.resolution.limit.32bit"
09-10 09:45:20.461  1918  1931 W libc    : Access denied finding property "media.resolution.limit.32bit"
09-10 09:45:20.461  1918  1931 W libc    : Access denied finding property "media.resolution.limit.32bit"
09-10 09:45:20.462  1918  1931 W libc    : Access denied finding property "media.resolution.limit.32bit"
09-10 09:45:20.462  1435  1435 V StorageManagerService: Package android.auto_generated_characteristics_rro does not have legacy storage
09-10 09:45:20.463  1435  1435 V StorageManagerService: Package com.google.android.appsearch.apk does not have legacy storage
09-10 09:45:20.463  1435  1435 V StorageManagerService: Package com.google.android.gsmediator does not have legacy storage
09-10 09:45:20.463  1435  1435 V StorageManagerService: Package com.google.android.apps.maps does not have legacy storage
09-10 09:45:20.464  1435  1435 V StorageManagerService: Package com.google.android.apps.wearable.settings.overlay.preferences.pixelwatch does not have legacy storage
09-10 09:45:20.466  1435  1618 W MobileRadioPowerStatsCollector: error reading modem stats:ERROR_PHONE_NOT_AVAILABLE
09-10 09:45:20.466  1435  1435 V StorageManagerService: Package com.android.webapp.service does not have legacy storage
09-10 09:45:20.467  1435  1435 V StorageManagerService: Package com.google.android.pixel.watch.android.resources.overlay2023 does not have legacy storage
09-10 09:45:20.467  1435  1435 V StorageManagerService: Package com.google.clockwork.watchface.runtime.overlay does not have legacy storage
09-10 09:45:20.467  1435  1435 V StorageManagerService: Package com.android.cellbroadcastreceiver does not have legacy storage
09-10 09:45:20.468  1435  1435 V StorageManagerService: Package com.google.android.apps.carrier.log does not have legacy storage
09-10 09:45:20.468  5543 20277 E QC2CompStore: Failed to locate interface with name c2.android.xheaac.encoder
09-10 09:45:20.468  1435  1435 V StorageManagerService: Package com.google.android.networkstack does not have legacy storage
09-10 09:45:20.469  1955  1955 W ContextImpl: Calling a method in the system process without a qualified user: android.app.ContextImpl.sendBroadcast:1325 android.content.ContextWrapper.sendBroadcast:508 com.google.wear.services.api.WearService.onCreate:22 android.app.ActivityThread.handleCreateService:5644 android.app.ActivityThread.-$$Nest$mhandleCreateService:0 
09-10 09:45:20.471  1435  1435 V StorageManagerService: Package com.google.android.rkpdapp does not have legacy storage
09-10 09:45:20.472  1435  1435 V StorageManagerService: Package com.google.android.contacts does not have legacy storage
09-10 09:45:20.473  1435  1435 V StorageManagerService: Package com.android.server.telecom has legacy storage
09-10 09:45:20.473  1435  1435 V StorageManagerService: Package com.poc.avatarleak does not have legacy storage
09-10 09:45:20.473  1435  1435 V StorageManagerService: Package com.android.keychain has legacy storage
09-10 09:45:20.473  1435  1435 V StorageManagerService: Package com.android.phone.auto_generated_characteristics_rro does not have legacy storage
09-10 09:45:20.473  1435  1435 V StorageManagerService: Package com.google.android.packageinstaller does not have legacy storage
09-10 09:45:20.474  1435  1435 V StorageManagerService: Package com.google.android.gms does not have legacy storage
09-10 09:45:20.474  1435  1435 V StorageManagerService: Package com.google.android.gsf does not have legacy storage
09-10 09:45:20.474  1435  1435 V StorageManagerService: Package com.google.android.nfc does not have legacy storage
09-10 09:45:20.475  1435  1435 V StorageManagerService: Package com.google.android.tts does not have legacy storage
09-10 09:45:20.475  1435  1435 V StorageManagerService: Package android.ext.services does not have legacy storage
09-10 09:45:20.475  1435  1435 V StorageManagerService: Package com.google.android.apps.walletnfcrel does not have legacy storage
09-10 09:45:20.476  1968  2032 I GmsApplication: Registering the BackgroundBroadcastReceiverSupport receiver.
09-10 09:45:20.476  1435  1435 V StorageManagerService: Package com.android.calllogbackup does not have legacy storage
09-10 09:45:20.476  1435  1435 V StorageManagerService: Package com.android.localtransport has legacy storage
09-10 09:45:20.477  1435  1435 V StorageManagerService: Package com.android.carrierdefaultapp does not have legacy storage
09-10 09:45:20.477  1435  1435 V StorageManagerService: Package com.google.android.apps.wearable.settings.overlay.pixel.watch2023 does not have legacy storage
09-10 09:45:20.477  1435  1435 V StorageManagerService: Package com.google.wear.services.overlay.pixelwatch.watchfaces.v2 does not have legacy storage
09-10 09:45:20.477  1435  1435 V StorageManagerService: Package com.android.credentialmanager does not have legacy storage
09-10 09:45:20.477  1435  1762 V GrammaticalInflectionUtils: AttributionSource: android.content.AttributionSource@e5cbdeb7 does not have READ_SYSTEM_GRAMMATICAL_GENDER permission.
09-10 09:45:20.477  1435  1435 V StorageManagerService: Package com.google.android.safetycenter.resources does not have legacy storage
09-10 09:45:20.478  1435  1435 V StorageManagerService: Package com.google.clockwork.overlay.frameworks does not have legacy storage
09-10 09:45:20.478  1435  1435 V StorageManagerService: Package com.android.intentresolver does not have legacy storage
09-10 09:45:20.478  1435  1435 V StorageManagerService: Package com.google.SSRestartDetector has legacy storage
09-10 09:45:20.479  1435  1435 V StorageManagerService: Package com.android.providers.contactkeys does not have legacy storage
09-10 09:45:20.479  1435  1435 V StorageManagerService: Package com.google.android.connectivity.resources does not have legacy storage
09-10 09:45:20.479  1435  1435 V StorageManagerService: Package com.google.android.apps.photos does not have legacy storage
09-10 09:45:20.479  1435  1435 V StorageManagerService: Package com.google.android.calendar does not have legacy storage
09-10 09:45:20.481  1435  1435 V StorageManagerService: Package com.android.managedprovisioning does not have legacy storage
09-10 09:45:20.481  1435  1435 V StorageManagerService: Package com.google.android.apps.wearable.settings.overlay.wearmaterial.pixelwatch does not have legacy storage
09-10 09:45:20.481  1435  1435 V StorageManagerService: Package com.spotify.music does not have legacy storage
09-10 09:45:20.481  1435  1435 V StorageManagerService: Package com.google.android.pixelnfc does not have legacy storage
09-10 09:45:20.481  1435  1435 V StorageManagerService: Package com.google.android.pixel.watch.wearable.resources.overlay does not have legacy storage
09-10 09:45:20.481  1435  1435 V StorageManagerService: Package com.android.soundpicker does not have legacy storage
09-10 09:45:20.481  1435  1435 V StorageManagerService: Package com.google.android.apps.wearable.systemui.wearmaterial.pixelwatch does not have legacy storage
09-10 09:45:20.481  1435  1435 V StorageManagerService: Package com.android.sdm.plugins.dcmo does not have legacy storage
09-10 09:45:20.481  1435  1435 V StorageManagerService: Package com.google.android.wearable.watchface.rwf does not have legacy storage
09-10 09:45:20.481  1435  1435 V StorageManagerService: Package com.google.android.pixel.watch.android.resources.haptics does not have legacy storage
09-10 09:45:20.482  1435  1435 V StorageManagerService: Package com.google.android.euicc.wear does not have legacy storage
09-10 09:45:20.482  1435  1435 V StorageManagerService: Package com.google.android.wearable.healthservices does not have legacy storage
09-10 09:45:20.482  1435  1435 V StorageManagerService: Package com.poc.bal does not have legacy storage
09-10 09:45:20.482  1435  1435 V StorageManagerService: Package com.google.android.apps.wearable.retailattractloop does not have legacy storage
09-10 09:45:20.482  1435  1435 V StorageManagerService: Package com.google.android.pixel.watch.wearable.resources.overlay2023 does not have legacy storage
09-10 09:45:20.482  1435  1435 V StorageManagerService: Package com.google.android.clockwork.font.sandbox.impl does not have legacy storage
09-10 09:45:20.482  1435  1435 V StorageManagerService: Package com.google.android.telecomresources does not have legacy storage
09-10 09:45:20.482  1435  1435 V StorageManagerService: Package com.poc.silentsms does not have legacy storage
09-10 09:45:20.482  1435  1435 V StorageManagerService: Package com.google.android.healthconnect.controller does not have legacy storage
09-10 09:45:20.482  1435  1435 V StorageManagerService: Package com.google.android.wearable.pixel.aspen does not have legacy storage
09-10 09:45:20.482  1435  1435 V StorageManagerService: Package com.google.android.wearable.assistant does not have legacy storage
09-10 09:45:20.482  1435  1435 V StorageManagerService: Package com.google.android.wearable.media.sessions does not have legacy storage
09-10 09:45:20.483  1435  1435 V StorageManagerService: Package com.google.android.wearable.sysui.overlay.pixelwatch2023 does not have legacy storage
09-10 09:45:20.483  1435  1435 V StorageManagerService: Package com.google.android.gms.supervision does not have legacy storage
09-10 09:45:20.483  1435  1435 V StorageManagerService: Package com.google.android.wearable.watchface.rwf.overlay.wearmaterial.pixelwatch does not have legacy storage
09-10 09:45:20.483  1435  1435 V StorageManagerService: Package com.android.wifi.resources.overlay.pixelwatch does not have legacy storage
09-10 09:45:20.483  1435  1435 V StorageManagerService: Package com.google.android.wearable.sysui.overlay.notification.pixelwatch does not have legacy storage
09-10 09:45:20.483  1435  1435 V StorageManagerService: Package com.qualcomm.qti.cne does not have legacy storage
09-10 09:45:20.483  1435  1435 V StorageManagerService: Package com.qualcomm.qti.ims does not have legacy storage
09-10 09:45:20.483  1435  1435 V StorageManagerService: Package com.fitbit.FitbitMobile does not have legacy storage
09-10 09:45:20.483  1435  1435 V StorageManagerService: Package com.google.android.apps.scone does not have legacy storage
09-10 09:45:20.483  1435  1435 V StorageManagerService: Package com.android.omadm.service does not have legacy storage
09-10 09:45:20.483  1435  1435 V StorageManagerService: Package com.google.android.wearable.app does not have legacy storage
09-10 09:45:20.483  1435  1435 V StorageManagerService: Package android.overlay.com.google.android.wearable.sysui does not have legacy storage
09-10 09:45:20.484  1435  1435 V StorageManagerService: Package com.google.android.uwb.resources does not have legacy storage
09-10 09:45:20.484  1435  1435 V StorageManagerService: Package com.google.android.permissioncontroller.overlay.pixel.watch.config does not have legacy storage
09-10 09:45:20.484  1435  1435 V StorageManagerService: Package com.google.android.apps.chromecast.app does not have legacy storage
09-10 09:45:20.484  1435  1435 V StorageManagerService: Package com.android.cts.ctsshim does not have legacy storage
09-10 09:45:20.484  1435  1435 V StorageManagerService: Package com.google.android.wifi.resources does not have legacy storage
09-10 09:45:20.484  1435  1435 V StorageManagerService: Package com.google.android.wifi.dialog does not have legacy storage
09-10 09:45:20.484  1435  1435 V StorageManagerService: Package com.google.android.wearable.settings.overlay.pdms.autobedtimemode does not have legacy storage
09-10 09:45:20.486  1435  1435 V StorageManagerService: Package com.google.android.inputmethod.latin.overlay.wearmaterial.pixelwatch does not have legacy storage
09-10 09:45:20.486  1435  1435 V StorageManagerService: Package com.google.android.keep does not have legacy storage
09-10 09:45:20.487  1435  1435 V StorageManagerService: Package com.android.phone does not have legacy storage
09-10 09:45:20.487  1435  1435 V StorageManagerService: Package com.android.shell does not have legacy storage
09-10 09:45:20.487  1435  1435 V StorageManagerService: Package com.android.providers.blockednumber does not have legacy storage
09-10 09:45:20.491  1435  1435 V StorageManagerService: Package com.test.datalayer does not have legacy storage
09-10 09:45:20.491  1435  1435 V StorageManagerService: Package com.android.providers.userdictionary does not have legacy storage
09-10 09:45:20.491  1968  2014 W GmsClient: unable to connect to service: com.google.android.gms.phenotype.service.START on com.google.android.gms
09-10 09:45:20.491  1435  1435 V StorageManagerService: Package com.google.wear.services.overlay2023 does not have legacy storage
09-10 09:45:20.492  1918  1931 I Codec2InfoBuilder: adding type 'audio/mp4a-latm'
09-10 09:45:20.492  1435  1435 V StorageManagerService: Package com.google.android.wearable.sysui.overlay.wearmaterial.pixelwatch does not have legacy storage
09-10 09:45:20.492  1435  1435 V StorageManagerService: Package com.android.location.fused has legacy storage
09-10 09:45:20.492  1435  1435 V StorageManagerService: Package com.google.android.ondevicepersonalization.services does not have legacy storage
09-10 09:45:20.493  1435  1435 V StorageManagerService: Package com.google.android.hardwareinfo does not have legacy storage
09-10 09:45:20.493  1435  1435 V StorageManagerService: Package com.google.android.apps.youtube.music does not have legacy storage
09-10 09:45:20.493  1968  2014 W GoogleApiManager: Not showing notification since connectionResult is not user-facing: ConnectionResult{statusCode=API_UNAVAILABLE, resolution=null, message=null, clientMethodKey=null}
09-10 09:45:20.494  1435  1435 V StorageManagerService: Package com.qualcomm.qti.confdialer does not have legacy storage
09-10 09:45:20.494  1435  1435 V StorageManagerService: Package com.qti.phone does not have legacy storage
09-10 09:45:20.494  1435  1435 V StorageManagerService: Package com.google.android.cellbroadcastreceiver does not have legacy storage
09-10 09:45:20.495  1435  1435 V StorageManagerService: Package com.google.android.apps.scone.coex.overlay.pixelwatch does not have legacy storage
09-10 09:45:20.499  2017  2017 D CompatChangeReporter: Compat change id reported: 333566037; UID 1073; state: ENABLED
09-10 09:45:20.500  1435  1435 V StorageManagerService: Package com.google.android.wearable.app.overlay.tiles.pixelwatch does not have legacy storage
09-10 09:45:20.501  1435  1435 V StorageManagerService: Package com.research.providerprobe does not have legacy storage
09-10 09:45:20.501  1435  1435 V StorageManagerService: Package com.google.android.wearable.fitbit.retaildemo does not have legacy storage
09-10 09:45:20.501  1435  1435 V StorageManagerService: Package com.google.android.wearable.setupwizard.overlay.wearmaterial.pixelwatch does not have legacy storage
09-10 09:45:20.502  1435  1435 V StorageManagerService: Package com.google.android.apps.adm does not have legacy storage
09-10 09:45:20.502  1435  1435 V StorageManagerService: Package com.poc.lockbypass does not have legacy storage
09-10 09:45:20.502  1435  1435 V StorageManagerService: Package com.qualcomm.timeservice does not have legacy storage
09-10 09:45:20.502  1435  1435 V StorageManagerService: Package com.google.android.telecomresources.clockwork.overlay does not have legacy storage
09-10 09:45:20.503  1435  1435 V StorageManagerService: Package com.google.android.wearable.cavalry does not have legacy storage
09-10 09:45:20.503  1435  1435 V StorageManagerService: Package com.android.providers.contacts does not have legacy storage
09-10 09:45:20.503  1435  1435 V StorageManagerService: Package com.vrp.poc does not have legacy storage
09-10 09:45:20.503  1435  1435 V StorageManagerService: Package com.google.android.wearable.diagnosticstool does not have legacy storage
09-10 09:45:20.504  1435  1435 V StorageManagerService: Package com.google.android.wearable.frameworkpackagestubs does not have legacy storage
09-10 09:45:20.504  1435  1435 V StorageManagerService: Package com.google.wear.watchface.runtime does not have legacy storage
09-10 09:45:20.504  1435  1435 V StorageManagerService: Package com.google.android.GoogleCamera does not have legacy storage
09-10 09:45:20.504  5543 20277 E QC2CompStore: Failed to locate interface with name c2.android.inproc.aac.decoder
09-10 09:45:20.505  1435  1435 V StorageManagerService: Package com.google.android.apps.pixel.dcservice does not have legacy storage
09-10 09:45:20.505  1435  1435 V StorageManagerService: Package com.google.android.wearable.pixel.settings.provider has legacy storage
09-10 09:45:20.505  1435  1435 V StorageManagerService: Package com.google.android.photopicker does not have legacy storage
09-10 09:45:20.506  1435  1435 V StorageManagerService: Package com.google.android.inputmethod.latin does not have legacy storage
09-10 09:45:20.506  1435  1435 V StorageManagerService: Package com.google.wear.services has legacy storage
09-10 09:45:20.506  1435  1435 W SystemServiceManager: Service com.android.server.StorageManagerService$Lifecycle took 189 ms in onStartUser-0
09-10 09:45:20.507  1435  1435 D SystemServerTimingAsync: ssm.onStartUser-0_com.android.server.usage.StorageStatsService$Lifecycle
09-10 09:45:20.507  1435  1435 D SystemServerTimingAsync: ssm.onStartUser-0_com.android.server.files.FileService
09-10 09:45:20.507  1435  1435 D SystemServerTimingAsync: ssm.onStartUser-0_com.android.server.UiModeManagerService
09-10 09:45:20.507  1435  1435 D SystemServerTimingAsync: ssm.onStartUser-0_com.android.server.locales.LocaleManagerService
09-10 09:45:20.507  1435  1435 D SystemServerTimingAsync: ssm.onStartUser-0_com.android.server.appwindowlayout.AppWindowLayoutSettingsService
09-10 09:45:20.507  1435  1435 D SystemServerTimingAsync: ssm.onStartUser-0_com.android.server.grammaticalinflection.GrammaticalInflectionService
09-10 09:45:20.508  1435  1435 D SystemServerTimingAsync: ssm.onStartUser-0_com.android.server.apphibernation.AppHibernationService
09-10 09:45:20.508  1435  1435 D SystemServerTimingAsync: ssm.onStartUser-0_com.android.server.locksettings.LockSettingsService$Lifecycle
09-10 09:45:20.508  1435  1435 D SystemServerTimingAsync: ssm.onStartUser-0_com.android.server.pdb.PersistentDataBlockService
09-10 09:45:20.508  1435  1435 D SystemServerTimingAsync: ssm.onStartUser-0_com.android.server.testharness.TestHarnessModeService
09-10 09:45:20.508  1435  1435 D SystemServerTimingAsync: ssm.onStartUser-0_com.android.server.oemlock.OemLockService
09-10 09:45:20.509  1435  1435 D SystemServerTimingAsync: ssm.onStartUser-0_com.android.server.DeviceIdleController
09-10 09:45:20.511  1918  1931 I Codec2InfoBuilder: adding type 'audio/mp4a-latm'
09-10 09:45:20.512  1435  1435 D SystemServerTimingAsync: ssm.onStartUser-0_com.android.server.devicepolicy.DevicePolicyManagerService$Lifecycle
09-10 09:45:20.513  1968  2011 W FlagRegistrar: Failed to register com.google.android.gms.providerinstaller#com.google.android.gms
09-10 09:45:20.513  1968  2011 W FlagRegistrar: djdo: 17: 17: API: Phenotype.API is not available on this device. Connection failed with: ConnectionResult{statusCode=API_UNAVAILABLE, resolution=null, message=null, clientMethodKey=null}
09-10 09:45:20.513  1968  2011 W FlagRegistrar: 	at djdq.a(:com.google.android.gms@263332086@26.33.32 (240300-974685114):13)
09-10 09:45:20.513  1968  2011 W FlagRegistrar: 	at eceh.c(:com.google.android.gms@263332086@26.33.32 (240300-974685114):3)
09-10 09:45:20.513  1968  2011 W FlagRegistrar: 	at ecej.run(:com.google.android.gms@263332086@26.33.32 (240300-974685114):139)
09-10 09:45:20.513  1968  2011 W FlagRegistrar: 	at ecgi.execute(:com.google.android.gms@263332086@26.33.32 (240300-974685114):1)
09-10 09:45:20.513  1968  2011 W FlagRegistrar: 	at ecer.f(:com.google.android.gms@263332086@26.33.32 (240300-974685114):1)
09-10 09:45:20.513  1968  2011 W FlagRegistrar: 	at ecer.l(:com.google.android.gms@263332086@26.33.32 (240300-974685114):101)
09-10 09:45:20.513  1968  2011 W FlagRegistrar: 	at ecer.p(:com.google.android.gms@263332086@26.33.32 (240300-974685114):16)
09-10 09:45:20.513  1968  2011 W FlagRegistrar: 	at ddtt.a(:com.google.android.gms@263332086@26.33.32 (240300-974685114):35)
09-10 09:45:20.513  1968  2011 W FlagRegistrar: 	at csyy.run(:com.google.android.gms@263332086@26.33.32 (240300-974685114):12)
09-10 09:45:20.513  1968  2011 W FlagRegistrar: 	at ecgi.execute(:com.google.android.gms@263332086@26.33.32 (240300-974685114):1)
09-10 09:45:20.513  1968  2011 W FlagRegistrar: 	at csyz.b(:com.google.android.gms@263332086@26.33.32 (240300-974685114):18)
09-10 09:45:20.513  1968  2011 W FlagRegistrar: 	at cszo.b(:com.google.android.gms@263332086@26.33.32 (240300-974685114):34)
09-10 09:45:20.513  1968  2011 W FlagRegistrar: 	at cszq.d(:com.google.android.gms@263332086@26.33.32 (240300-974685114):22)
09-10 09:45:20.513  1968  2011 W FlagRegistrar: 	at amys.e(:com.google.android.gms@263332086@26.33.32 (240300-974685114):7)
09-10 09:45:20.513  1968  2011 W FlagRegistrar: 	at anbi.r(:com.google.android.gms@263332086@26.33.32 (240300-974685114):48)
09-10 09:45:20.513  1968  2011 W FlagRegistrar: 	at anbi.d(:com.google.android.gms@263332086@26.33.32 (240300-974685114):10)
09-10 09:45:20.513  1968  2011 W FlagRegistrar: 	at anbi.g(:com.google.android.gms@263332086@26.33.32 (240300-974685114):191)
09-10 09:45:20.513  1968  2011 W FlagRegistrar: 	at anbk.run(:com.google.android.gms@263332086@26.33.32 (240300-974685114):84)
09-10 09:45:20.513  1968  2011 W FlagRegistrar: 	at android.os.Handler.handleCallback(Handler.java:1095)
09-10 09:45:20.513  1968  2011 W FlagRegistrar: 	at android.os.Handler.dispatchMessageImpl(Handler.java:135)
09-10 09:45:20.513  1968  2011 W FlagRegistrar: 	at android.os.Handler.dispatchMessage(Handler.java:125)
09-10 09:45:20.513  1968  2011 W FlagRegistrar: 	at bsmd.jm(:com.google.android.gms@263332086@26.33.32 (240300-974685114):1)
09-10 09:45:20.513  1968  2011 W FlagRegistrar: 	at bsmd.dispatchMessage(:com.google.android.gms@263332086@26.33.32 (240300-974685114):148)
09-10 09:45:20.513  1968  2011 W FlagRegistrar: 	at android.os.Looper.loopOnce(Looper.java:296)
09-10 09:45:20.513  1968  2011 W FlagRegistrar: 	at android.os.Looper.loop(Looper.java:397)
09-10 09:45:20.513  1968  2011 W FlagRegistrar: 	at android.os.HandlerThread.run(HandlerThread.java:139)
09-10 09:45:20.513  1968  2011 W FlagRegistrar: Caused by: amwx: 17: API: Phenotype.API is not available on this device. Connection failed with: ConnectionResult{statusCode=API_UNAVAILABLE, resolution=null, message=null, clientMethodKey=null}
09-10 09:45:20.513  1968  2011 W FlagRegistrar: 	at anuq.a(:com.google.android.gms@263332086@26.33.32 (240300-974685114):15)
09-10 09:45:20.513  1968  2011 W FlagRegistrar: 	at amys.e(:com.google.android.gms@263332086@26.33.32 (240300-974685114):3)
09-10 09:45:20.513  1968  2011 W FlagRegistrar: 	... 12 more
09-10 09:45:20.514  1435  1435 D SystemServerTimingAsync: ssm.onStartUser-0_com.android.server.voiceinteraction.VoiceInteractionManagerService
09-10 09:45:20.526  1918  1931 I MediaCodecListGenerator: MediaCodecList generated and serialized (21252 bytes).
09-10 09:45:20.529  1918  1931 W libbinder.Binder: Binder transaction to android.media.IMediaCodecListGenerator, function: generateCodecList, code: 1, took 2028ms. Data bytes: 96 Reply bytes: 21260 Flags: 16
09-10 09:45:20.529  1918  1931 E libbinder.IPCThreadState: binder thread pool (1 threads) starved for 2028 ms
09-10 09:45:20.536  1291  1291 D Zygote  : Forked child process 2037
09-10 09:45:20.537  1435  1607 W ActivityManager: Slow operation: 60ms so far, now at startProcess: returned from zygote!
09-10 09:45:20.538  1435  1607 W ActivityManager: Slow operation: 60ms so far, now at startProcess: done updating battery stats
09-10 09:45:20.538  1435  1607 W ActivityManager: Slow operation: 61ms so far, now at startProcess: building log message
09-10 09:45:20.538  1435  1435 D SystemServerTimingAsync: ssm.onStartUser-0_com.android.server.texttospeech.TextToSpeechManagerService
09-10 09:45:20.538  1435  1435 D SystemServerTimingAsync: ssm.onStartUser-0_com.android.server.ondeviceintelligence.OnDeviceIntelligenceManagerService
09-10 09:45:20.538  1435  1435 D SystemServerTimingAsync: ssm.onStartUser-0_com.android.server.contentsafety.ContentSafetyManagerService
09-10 09:45:20.538  1435  1607 I ActivityManager: Start proc 2037:com.google.android.bluetooth/1002 for bound-service {com.google.android.bluetooth/com.android.bluetooth.btservice.AdapterService}
09-10 09:45:20.539  1435  1607 W ActivityManager: Slow operation: 61ms so far, now at startProcess: starting to update pids map
09-10 09:45:20.539  1435  1435 D SystemServerTimingAsync: ssm.onStartUser-0_com.android.server.speech.SpeechRecognitionManagerService
09-10 09:45:20.539  1435  1435 D SystemServerTimingAsync: ssm.onStartUser-0_com.android.server.graphics.fonts.FontManagerService$Lifecycle
09-10 09:45:20.539  1435  1435 D SystemServerTimingAsync: ssm.onStartUser-0_com.android.server.textclassifier.TextClassificationManagerService$Lifecycle
09-10 09:45:20.539  1435  1607 W ActivityManager: Slow operation: 62ms so far, now at startProcess: done updating pids map
09-10 09:45:20.545  1435  1435 D SystemServerTimingAsync: ssm.onStartUser-0_com.android.server.NetworkScoreService$Lifecycle
09-10 09:45:20.545  1435  1435 D SystemServerTimingAsync: ssm.onStartUser-0_com.android.server.NetworkStatsServiceInitializer
09-10 09:45:20.545  1435  1435 D SystemServerTimingAsync: ssm.onStartUser-0_com.android.server.wifi.WifiService
09-10 09:45:20.545  1435  1435 D SystemServerTimingAsync: ssm.onStartUser-0_com.android.server.wifi.scanner.WifiScanningService
09-10 09:45:20.545  1435  1435 D SystemServerTimingAsync: ssm.onStartUser-0_com.android.server.ConnectivityServiceInitializer
09-10 09:45:20.545  1435  1435 D SystemServerTimingAsync: ssm.onStartUser-0_com.android.server.bitmapoffload.BitmapOffloadService
09-10 09:45:20.546  1435  1435 D SystemServerTimingAsync: ssm.onStartUser-0_com.android.server.modes.ContextualModeManagerService
09-10 09:45:20.546  1435  1435 D SystemServerTimingAsync: ssm.onStartUser-0_com.android.server.notification.NotificationManagerService
09-10 09:45:20.546  1435  1435 D SystemServerTimingAsync: ssm.onStartUser-0_com.android.server.storage.DeviceStorageMonitorService
09-10 09:45:20.546  1435  1435 D SystemServerTimingAsync: ssm.onStartUser-0_com.android.server.timedetector.TimeDetectorService$Lifecycle
09-10 09:45:20.546  1435  1435 D SystemServerTimingAsync: ssm.onStartUser-0_com.android.server.location.LocationManagerService$Lifecycle
09-10 09:45:20.546  1435  1435 D LocationManagerService: allowedPackages=null
09-10 09:45:20.549  1435  1435 D SystemServerTimingAsync: ssm.onStartUser-0_com.android.server.timezonedetector.TimeZoneDetectorService$Lifecycle
09-10 09:45:20.550  1435  1435 D SystemServerTimingAsync: ssm.onStartUser-0_com.android.server.location.altitude.AltitudeService$Lifecycle
09-10 09:45:20.550  1435  1435 D SystemServerTimingAsync: ssm.onStartUser-0_com.android.server.timezonedetector.location.LocationTimeZoneManagerService$Lifecycle
09-10 09:45:20.550  1435  1435 D SystemServerTimingAsync: ssm.onStartUser-0_com.android.server.timedetector.GnssTimeUpdateService$Lifecycle
09-10 09:45:20.550  1435  1435 D SystemServerTimingAsync: ssm.onStartUser-0_com.android.server.wallpaper.WallpaperManagerService$Lifecycle
09-10 09:45:20.550  1435  1435 D SystemServerTimingAsync: ssm.onStartUser-0_com.android.server.audio.AudioService$Lifecycle
09-10 09:45:20.550  1435  1435 D SystemServerTimingAsync: ssm.onStartUser-0_com.android.server.soundtrigger_middleware.SoundTriggerMiddlewareService$Lifecycle
09-10 09:45:20.550  1435  1435 D SystemServerTimingAsync: ssm.onStartUser-0_com.android.server.DockObserver
09-10 09:45:20.550  2037  2037 I libprocessgroup: Created cgroup /sys/fs/cgroup/system/uid_1002/pid_2037
09-10 09:45:20.550  1435  1435 D SystemServerTimingAsync: ssm.onStartUser-0_com.android.clockwork.ThermalObserver
09-10 09:45:20.551  1435  1435 D SystemServerTimingAsync: ssm.onStartUser-0_com.android.server.adb.AdbService$Lifecycle
09-10 09:45:20.551  1435  1435 D SystemServerTimingAsync: ssm.onStartUser-0_com.android.server.usb.UsbService$Lifecycle
09-10 09:45:20.551  1435  1435 D SystemServerTimingAsync: ssm.onStartUser-0_com.android.server.serial.SerialManagerService$Lifecycle
09-10 09:45:20.551  1435  1435 D SystemServerTimingAsync: ssm.onStartUser-0_com.android.server.display.color.ColorDisplayService
09-10 09:45:20.551  1435  1435 D SystemServerTimingAsync: ssm.onStartUser-0_com.android.server.job.JobSchedulerService
09-10 09:45:20.551  1435  1435 D SystemServerTimingAsync: ssm.onStartUser-0_com.android.server.soundtrigger.SoundTriggerService
09-10 09:45:20.552  1435  1435 D SystemServerTimingAsync: ssm.onStartUser-0_com.android.server.trust.TrustManagerService
09-10 09:45:20.552  1435  1435 D SystemServerTimingAsync: ssm.onStartUser-0_com.android.server.backup.BackupManagerService$Lifecycle
09-10 09:45:20.553  1435  1435 D SystemServerTimingAsync: ssm.onStartUser-0_com.android.server.GestureLauncherService
09-10 09:45:20.554  1435  1435 D SystemServerTimingAsync: ssm.onStartUser-0_com.android.server.SensorNotificationService
09-10 09:45:20.555  1435  1435 D SystemServerTimingAsync: ssm.onStartUser-0_com.android.server.ContextHubSystemService
09-10 09:45:20.555  1435  1435 D SystemServerTimingAsync: ssm.onStartUser-0_com.android.server.emergency.EmergencyAffordanceService
09-10 09:45:20.554  1991  1991 D AndroidRuntime: >>>>>> START com.android.internal.os.RuntimeInit uid 2000 <<<<<<
09-10 09:45:20.555  1435  1435 D SystemServerTimingAsync: ssm.onStartUser-0_com.android.server.blob.BlobStoreManagerService
09-10 09:45:20.555  1435  1435 D SystemServerTimingAsync: ssm.onStartUser-0_com.android.server.dreams.DreamManagerService
09-10 09:45:20.556  1435  1435 D SystemServerTimingAsync: ssm.onStartUser-0_com.android.server.security.AttestationVerificationManagerService
09-10 09:45:20.556  1435  1435 D SystemServerTimingAsync: ssm.onStartUser-0_com.android.server.companion.CompanionDeviceManagerService
09-10 09:45:20.556  1435  1435 D SystemServerTimingAsync: ssm.onStartUser-0_com.android.server.companion.datatransfer.continuity.TaskContinuityManagerService
09-10 09:45:20.560  1435  1435 D SystemServerTimingAsync: ssm.onStartUser-0_com.android.server.restrictions.RestrictionsManagerService
09-10 09:45:20.561  1435  1435 D SystemServerTimingAsync: ssm.onStartUser-0_com.android.server.media.MediaSessionService
09-10 09:45:20.561  1435  1435 D SystemServerTimingAsync: ssm.onStartUser-0_com.android.server.biometrics.BiometricService
09-10 09:45:20.561  1435  1435 D SystemServerTimingAsync: ssm.onStartUser-0_com.android.server.biometrics.AuthService
09-10 09:45:20.562  1435  1435 D SystemServerTimingAsync: ssm.onStartUser-0_com.android.server.pm.ShortcutService$Lifecycle
09-10 09:45:20.562  1435  1435 D SystemServerTimingAsync: ssm.onStartUser-0_com.android.server.pm.LauncherAppsService
09-10 09:45:20.562  1435  1435 D SystemServerTimingAsync: ssm.onStartUser-0_com.android.server.pm.CrossProfileAppsService
09-10 09:45:20.562  1435  1435 D SystemServerTimingAsync: ssm.onStartUser-0_com.android.server.people.PeopleService
09-10 09:45:20.562  1435  1435 D SystemServerTimingAsync: ssm.onStartUser-0_com.android.server.media.metrics.MediaMetricsManagerService
09-10 09:45:20.562  1435  1435 D SystemServerTimingAsync: ssm.onStartUser-0_com.android.server.media.projection.MediaProjectionManagerService
09-10 09:45:20.562  1435  1435 D SystemServerTimingAsync: ssm.onStartUser-0_com.android.clockwork.power.WearPowerService
09-10 09:45:20.562  1435  1435 D SystemServerTimingAsync: ssm.onStartUser-0_com.android.clockwork.healthservices.HealthService
09-10 09:45:20.563  1435  1435 D SystemServerTimingAsync: ssm.onStartUser-0_com.android.clockwork.systemstatedisplay.SystemStateDisplayService
09-10 09:45:20.563  1435  1435 D SystemServerTimingAsync: ssm.onStartUser-0_com.android.clockwork.connectivity.WearConnectivityService
09-10 09:45:20.563  1435  1435 D SystemServerTimingAsync: ssm.onStartUser-0_com.android.clockwork.display.WearDisplayService
09-10 09:45:20.563  1435  1435 D SystemServerTimingAsync: ssm.onStartUser-0_com.android.clockwork.time.WearTimeService
09-10 09:45:20.563  1435  1435 D SystemServerTimingAsync: ssm.onStartUser-0_com.android.clockwork.settings.WearSettingsService
09-10 09:45:20.563  1435  1435 D SystemServerTimingAsync: ssm.onStartUser-0_com.android.clockwork.modes.ModeManagerService
09-10 09:45:20.563  1435  1435 D SystemServerTimingAsync: ssm.onStartUser-0_com.android.clockwork.input.WearInputService
09-10 09:45:20.563  1435  1435 D SystemServerTimingAsync: ssm.onStartUser-0_com.android.server.stats.StatsCompanion$Lifecycle
09-10 09:45:20.563  1435  1435 D SystemServerTimingAsync: ssm.onStartUser-0_com.android.server.scheduling.RebootReadinessManagerService$Lifecycle
09-10 09:45:20.564  1435  1435 D SystemServerTimingAsync: ssm.onStartUser-0_com.android.server.stats.pull.StatsPullAtomService
09-10 09:45:20.564  1435  1435 D SystemServerTimingAsync: ssm.onStartUser-0_com.android.server.stats.bootstrap.StatsBootstrapAtomService$Lifecycle
09-10 09:45:20.564  1435  1435 D SystemServerTimingAsync: ssm.onStartUser-0_com.android.server.stats.binder.BinderStatsConsumerService$Lifecycle
09-10 09:45:20.566  1435  1435 D SystemServerTimingAsync: ssm.onStartUser-0_com.android.server.incident.IncidentCompanionService
09-10 09:45:20.566  1435  1435 D SystemServerTimingAsync: ssm.onStartUser-0_com.android.server.sdksandbox.SdkSandboxManagerService$Lifecycle
09-10 09:45:20.566  1435  1435 D SystemServerTimingAsync: ssm.onStartUser-0_android.os.profiling.ProfilingService$Lifecycle
09-10 09:45:20.566  1435  1435 D SystemServerTimingAsync: ssm.onStartUser-0_com.android.os.profiling.anomaly.AnomalyDetectorService
09-10 09:45:20.567  1435  1435 D SystemServerTimingAsync: ssm.onStartUser-0_com.android.server.signalcollector.SignalCollectorService
09-10 09:45:20.567  1435  1435 D SystemServerTimingAsync: ssm.onStartUser-0_com.android.uprobestats.UprobeStatsBridgeService
09-10 09:45:20.567  1435  1435 D SystemServerTimingAsync: ssm.onStartUser-0_com.android.server.MmsServiceBroker
09-10 09:45:20.567  1435  1435 D SystemServerTimingAsync: ssm.onStartUser-0_com.android.server.credentials.CredentialManagerService
09-10 09:45:20.567  1435  1435 D SystemServerTimingAsync: ssm.onStartUser-0_com.android.server.clipboard.ClipboardService
09-10 09:45:20.567  1435  1435 D SystemServerTimingAsync: ssm.onStartUser-0_com.android.server.appbinding.AppBindingService$Lifecycle
09-10 09:45:20.572  2017  2017 D nativeloader: Configuring clns-shared-6 for other apk /system/priv-app/NetworkStackGoogle/NetworkStackGoogle.apk. target_sdk_version=37, uses_libraries=, library_path=/system/priv-app/NetworkStackGoogle/lib/arm:/system/priv-app/NetworkStackGoogle/NetworkStackGoogle.apk!/lib/armeabi-v7a:/system/lib:/system_ext/lib, permitted_path=/data:/mnt/expand:/data/user_de/0/com.google.android.networkstack:/system/priv-app/NetworkStackGoogle:/system/lib:/system_ext/lib
09-10 09:45:20.573  1235  1235 I adbd    : adbd service requested 'shell,v2,TERM=xterm-256color,raw:content call --uri content://com.android.calendar --method get_color'
09-10 09:45:20.582  1435  1798 I SupplicantStaIfaceHalAidlBase: Keystore migration returned with success=true, statusCode=1
09-10 09:45:20.587  2037  2037 I Zygote  : Process 2037 created for com.google.android.bluetooth
09-10 09:45:20.588  2037  2037 I droid.bluetooth: Using generational CollectorTypeCMC GC.
09-10 09:45:20.590  1991  1991 I AndroidRuntime: Using default boot image
09-10 09:45:20.590  1991  1991 I AndroidRuntime: Leaving lock profiling enabled
09-10 09:45:20.594  1435  1435 D SystemServerTimingAsync: ssm.onStartUser-0_com.android.server.tracing.TracingServiceProxy
09-10 09:45:20.607  2037  2037 D nativeloader: Load libframework-connectivity-tiramisu-jni.so using APEX ns com_android_tethering for caller /apex/com.android.tethering/javalib/framework-connectivity-t.jar: ok
09-10 09:45:20.609  1435  1798 E WifiStaIfaceAidlImpl: getCachedScanData is not supported on this device. Disabling for subsequent calls.
09-10 09:45:20.609  1435  1798 E WifiStaIfaceAidlImpl: getCachedScanData failed with service-specific exception: android.os.ServiceSpecificException:  (code 4)
09-10 09:45:20.611  1638  1642 I pixel-thermal: audio-therm:41.973 raw data: audio-therm:41973 
09-10 09:45:20.613  1435  1798 I Nl80211Proxy: Sending Nl80211 message: GenericNetlinkMsg{ nlHeader{StructNlMsgHdr{ nlmsg_len{28}, nlmsg_type{31()}, nlmsg_flags{1(NLM_F_REQUEST)}, nlmsg_seq{8}, nlmsg_pid{0} }}, genNlHeader{StructGenNlMsgHdr{ command{31}, version{1}, reserved{0} }}, attributes{[StructNlAttr{ nla_len{8}, nla_type{1}, nla_value{00000000}, }]} }
09-10 09:45:20.615  1435  1798 I Nl80211Proxy: Multi flag is not set
09-10 09:45:20.616  2017  2017 W rkstack.process: Monitor::Inflate: Install failed 0x7336d798
09-10 09:45:20.617  1638  1642 I pixel-thermal: sdm-skin-therm:42.995 raw data: sdm-skin-therm:42995 
09-10 09:45:20.618  1991  1991 W app_process: Could not reserve sentinel fault page
09-10 09:45:20.619  1991  1991 I app_process: Core platform API enforcement enabled from the hiddenapi_platform_enforcement flag and the device API level
09-10 09:45:20.624  1991  1991 I app_process: Using generational CollectorTypeCMC GC.
09-10 09:45:20.624  1435  1435 D SystemServerTimingAsync: ssm.onStartUser-0_com.android.server.os.instrumentation.DynamicInstrumentationManagerService
09-10 09:45:20.628  1435  1435 D SystemServerTimingAsync: ssm.onStartUser-0_com.android.server.policy.PermissionPolicyService
09-10 09:45:20.629  1435  1798 D WifiNative: onCountryCodeChanged: 00
09-10 09:45:20.629  1435  1798 I WifiCountryCode: Receive onDriverCountryCodeChanged 00
09-10 09:45:20.636  1435  1805 I WifiScanningService: Received a request to enable scanning, UID = 1000
09-10 09:45:20.636  1435  1805 I WifiScanningService: scanner impls already exists
09-10 09:45:20.637  1435  1805 E WifiScanningService: wifi driver loaded received while already loaded
09-10 09:45:20.637  1435  1798 I WifiScanRequestProxy: Scanning is enabled
09-10 09:45:20.640  1435  1798 I WifiScanRequestProxy: Scanning for hidden networks is enabled
09-10 09:45:20.641  1435  1798 I Nl80211Proxy: Sending Nl80211 message: GenericNetlinkMsg{ nlHeader{StructNlMsgHdr{ nlmsg_len{32}, nlmsg_type{31()}, nlmsg_flags{769(NLM_F_REQUEST|NLM_F_DUMP)}, nlmsg_seq{9}, nlmsg_pid{0} }}, genNlHeader{StructGenNlMsgHdr{ command{1}, version{1}, reserved{0} }}, attributes{[StructNlAttr{ nla_len{8}, nla_type{1}, nla_value{00000000}, }, StructNlAttr{ nla_len{4}, nla_type{174}, nla_value{}, }]} }
09-10 09:45:20.642  1435  1798 I Nl80211Proxy: Received NLMSG_DONE for message GenericNetlinkMsg{ nlHeader{StructNlMsgHdr{ nlmsg_len{32}, nlmsg_type{31()}, nlmsg_flags{769(NLM_F_REQUEST|NLM_F_DUMP)}, nlmsg_seq{9}, nlmsg_pid{0} }}, genNlHeader{StructGenNlMsgHdr{ command{1}, version{1}, reserved{0} }}, attributes{[StructNlAttr{ nla_len{8}, nla_type{1}, nla_value{00000000}, }, StructNlAttr{ nla_len{4}, nla_type{174}, nla_value{}, }]} }
09-10 09:45:20.643  2037  2037 D CompatChangeReporter: Compat change id reported: 333566037; UID 1002; state: ENABLED
09-10 09:45:20.648  2017  2017 V GraphicsEnvironment: Currently set values for:
09-10 09:45:20.655  2017  2017 V GraphicsEnvironment:   angle_gl_driver_selection_pkgs=[]
09-10 09:45:20.655  2017  2017 V GraphicsEnvironment:   angle_gl_driver_selection_values=[]
09-10 09:45:20.655  2017  2017 V GraphicsEnvironment: com.google.android.networkstack is not listed in per-application setting
09-10 09:45:20.655  2017  2017 V GraphicsEnvironment: No special selections for ANGLE, returning default driver choice
09-10 09:45:20.658  2017  2017 V GraphicsEnvironment: Neither updatable production driver nor prerelease driver is supported.
09-10 09:45:20.662  1435  1435 D SystemServerTimingAsync: ssm.onStartUser-0_com.android.server.pm.StagingManager$Lifecycle
09-10 09:45:20.664  1955  2012 E WearServices: [WcsBatteryStateManager]Failed to retrieve Intent from battery sticky broadcast.
09-10 09:45:20.672  2017  2022 W rkstack.process: Suspending all threads took: 10.802ms
09-10 09:45:20.684  1435  1435 D SystemServerTimingAsync: ssm.onStartUser-0_com.android.server.crashrecovery.CrashRecoveryModule$Lifecycle
09-10 09:45:20.685  1435  1435 D SystemServerTimingAsync: ssm.onStartUser-0_com.android.server.ranging.RangingService
09-10 09:45:20.686  2017  2017 I rkstack.process: Waiting for a blocking GC ClampGrowthLimit
09-10 09:45:20.688  1435  1435 D SystemServerTimingAsync: ssm.onStartUser-0_com.android.safetycenter.SafetyCenterService
09-10 09:45:20.688  1435  1435 D SystemServerTimingAsync: ssm.onStartUser-0_com.android.server.appsearch.AppSearchModule$Lifecycle
09-10 09:45:20.688  1435  1435 D SystemServerTimingAsync: ssm.onStartUser-0_com.android.server.media.MediaCommunicationService
09-10 09:45:20.689  1435  1435 D SystemServerTimingAsync: ssm.onStartUser-0_com.android.server.compat.overrides.AppCompatOverridesService$Lifecycle
09-10 09:45:20.689  1435  1435 D SystemServerTimingAsync: ssm.onStartUser-0_com.android.server.healthconnect.HealthConnectManagerService
09-10 09:45:20.689  1435  1435 D SystemServerTimingAsync: ssm.onStartUser-0_com.android.server.SensitiveContentProtectionManagerService
09-10 09:45:20.689  1435  1435 D SystemServerTiming: startPersistentApps
09-10 09:45:20.705  2017  2017 I rkstack.process: WaitForGcToComplete blocked ClampGrowthLimit on CollectorTransition for 18.906ms
09-10 09:45:20.733  2017  2017 D CompatChangeReporter: Compat change id reported: 407952621; UID 1073; state: ENABLED
09-10 09:45:20.734  2017  2017 D CompatChangeReporter: Compat change id reported: 419020719; UID 1073; state: ENABLED
09-10 09:45:20.737  2037  2037 W droid.bluetooth: Suspending all threads took: 56.685ms
09-10 09:45:20.764  1955  2016 I WearServices: [DefaultMetadataPreviewProvider]Requesting preview resource for tile ComponentInfo{com.fitbit.FitbitMobile/com.fitbit.tile.primarygoal.TilePrimaryGoalService} of container type with value 0
09-10 09:45:20.765  1435  1435 V GrammaticalInflectionUtils: AttributionSource: android.content.AttributionSource@c3364dec does not have READ_SYSTEM_GRAMMATICAL_GENDER permission.
09-10 09:45:20.775  1955  2016 I WearServices: [DefaultMetadataPreviewProvider]Requesting preview resource for tile ComponentInfo{com.fitbit.FitbitMobile/com.fitbit.tile.heartrate.TileHeartRateService} of container type with value 0
09-10 09:45:20.782  1955  2016 I WearServices: [DefaultMetadataPreviewProvider]Requesting preview resource for tile ComponentInfo{com.fitbit.FitbitMobile/com.fitbit.tile.exercisequicklaunch.TileExerciseQuickLaunchService} of container type with value 0
09-10 09:45:20.789  1955  2016 I WearServices: [DefaultMetadataPreviewProvider]Requesting preview resource for tile ComponentInfo{com.fitbit.FitbitMobile/com.fitbit.tile.sleep.TileSleepService} of container type with value 0
09-10 09:45:20.800  1955  2016 I WearServices: [DefaultMetadataPreviewProvider]Requesting preview resource for tile ComponentInfo{com.google.android.calendar/com.google.android.apps.calendar.wear.tile.CalendarTileService} of container type with value 0
09-10 09:45:20.800  1296  1312 D Diag_Lib: diag: Diag_LSM_Init: invoked for pid: 1296 with init_count: 0
09-10 09:45:20.801  1296  1312 D Diag_Lib: diag:failed to connect to diag socket
09-10 09:45:20.804  1296  1312 D Diag_Lib:  Diag_LSM_Init: Failed to open handle to diag driver, error = 111
09-10 09:45:20.804  1296  1312 I ATS     : vendor/qcom/sw5100-lw4/proprietary-audio/args/acdb/ats/transports/diag/linux/actp/src/actp.c:actp_diag_init:105 Error[1]: Failed to initialize DIAG
09-10 09:45:20.804  1296  1312 E ATS     : vendor/qcom/sw5100-lw4/proprietary-audio/args/acdb/ats/src/ats.c:ats_init:143 Error[1]: Failed to initialize Diag
09-10 09:45:20.804  1296  1312 E ATS     : vendor/qcom/sw5100-lw4/proprietary-audio/args/acdb/ats/src/ats.c:ats_init:263 Error[1]: Failed to initialize ATS
09-10 09:45:20.804  1296  1312 E AGM: API: ats_init_thread: 64 ats_init failed retry 45 err 1
09-10 09:45:20.806  2037  2037 D nativeloader: Configuring clns-shared-6 for other apk /apex/com.android.bt/app/BluetoothGoogle@370546320/BluetoothGoogle.apk. target_sdk_version=37, uses_libraries=, library_path=/apex/com.android.bt/app/BluetoothGoogle@370546320/lib/arm:/apex/com.android.bt/app/BluetoothGoogle@370546320/BluetoothGoogle.apk!/lib/armeabi-v7a:/system/lib:/system_ext/lib, permitted_path=/data:/mnt/expand:/data/user_de/0/com.google.android.bluetooth:/apex/com.android.bt/app/BluetoothGoogle@370546320:/system/lib:/system_ext/lib
09-10 09:45:20.812  1955  2016 I WearServices: [DefaultMetadataPreviewProvider]Requesting preview resource for tile ComponentInfo{com.google.android.wearable.assistant/com.google.android.wearable.assistant.tile.AssistantTileProviderService} of container type with value 0
09-10 09:45:20.812  2037  2043 I droid.bluetooth: WaitForGcToComplete blocked CollectorTransition on AddRemoveAppImageSpace for 104.441ms
09-10 09:45:20.812  1293  1326 W libbinder.Binder: Binder transaction to android.media.IMediaPlayerService, function: UNKNOWN_FUNCTION_NAME, code: 7, took 2654ms. Data bytes: 84 Reply bytes: 28 Flags: 16
09-10 09:45:20.825  1435  1435 V GrammaticalInflectionUtils: AttributionSource: android.content.AttributionSource@ab5124bb does not have READ_SYSTEM_GRAMMATICAL_GENDER permission.
09-10 09:45:20.831  1435  1435 D CompatChangeReporter: Compat change id reported: 151861875; UID 2918; state: ENABLED
09-10 09:45:20.846  2037  2037 D nativeloader: InitApexLibraries:
09-10 09:45:20.846  2037  2037 D nativeloader:   com_android_adservices: libhpke_jni.so:libtflite_support_classifiers_native.so
09-10 09:45:20.846  2037  2037 D nativeloader:   com_android_appsearch: libappsearchservice.so:libicing_anywhere.so
09-10 09:45:20.846  2037  2037 D nativeloader:   com_android_art: libartservice.so
09-10 09:45:20.846  2037  2037 D nativeloader:   com_android_bt: libbluetooth_jni.so
09-10 09:45:20.846  2037  2037 D nativeloader:   com_android_conscrypt: libjavacrypto.so
09-10 09:45:20.846  2037  2037 D nativeloader:   com_android_extservices: libtflite_support_classifiers_native.so
09-10 09:45:20.846  2037  2037 D nativeloader:   com_android_mediaprovider: libpdfclient.so
09-10 09:45:20.846  2037  2037 D nativeloader:   com_android_nfcservices: libnfc_nci_jni.so
09-10 09:45:20.846  2037  2037 D nativeloader:   com_android_npumanager: libnpumanager_service_jni.so
09-10 09:45:20.846  2037  2037 D nativeloader:   com_android_ondevicepersonalization: libfcp_cpp_dep_jni.so:libfcp_hpke_jni.so
09-10 09:45:20.846  2037  2037 D nativeloader:   com_android_os_statsd: libstats_jni.so
09-10 09:45:20.846  2037  2037 D nativeloader:   com_android_tethering: libandroid_net_connectivity_com_android_net_module_util_jni.so:libandroid_net_connectivity_com_android_net_module_util_jni_CommonConnectivityJni.so:libcrypto_httpengine.so:libframework-connectivity-jni.so:libframework-connectivity-tiramisu-jni.so:libhttpengine.so:libservice-connectivity.so:libservice-thread-jni.so
09-10 09:45:20.846  2037  2037 D nativeloader:   com_android_uwb: libuwb_uci_jni_rust.so
09-10 09:45:20.846  2037  2037 D nativeloader:   com_android_virt: Mi
09-10 09:45:20.847  1435  1435 V GrammaticalInflectionUtils: AttributionSource: android.content.AttributionSource@b7446193 does not have READ_SYSTEM_GRAMMATICAL_GENDER permission.
09-10 09:45:20.862  1435  1435 V GrammaticalInflectionUtils: AttributionSource: android.content.AttributionSource@bc62eb70 does not have READ_SYSTEM_GRAMMATICAL_GENDER permission.
09-10 09:45:20.863  2037  2037 W droid.bluetooth: Monitor::Inflate: Install failed 0x7336d798
09-10 09:45:20.871  2037  2037 V GraphicsEnvironment: Currently set values for:
09-10 09:45:20.874  2037  2037 V GraphicsEnvironment:   angle_gl_driver_selection_pkgs=[]
09-10 09:45:20.874  2037  2037 V GraphicsEnvironment:   angle_gl_driver_selection_values=[]
09-10 09:45:20.874  2037  2037 V GraphicsEnvironment: com.google.android.bluetooth is not listed in per-application setting
09-10 09:45:20.875  2037  2037 V GraphicsEnvironment: No special selections for ANGLE, returning default driver choice
09-10 09:45:20.879  1435  1435 V GrammaticalInflectionUtils: AttributionSource: android.content.AttributionSource@c4eb268b does not have READ_SYSTEM_GRAMMATICAL_GENDER permission.
09-10 09:45:20.880  2037  2037 V GraphicsEnvironment: Neither updatable production driver nor prerelease driver is supported.
09-10 09:45:20.883  2037  2037 I droid.bluetooth: Waiting for a blocking GC ClampGrowthLimit
09-10 09:45:20.895  1435  1435 V GrammaticalInflectionUtils: AttributionSource: android.content.AttributionSource@c181754d does not have READ_SYSTEM_GRAMMATICAL_GENDER permission.
09-10 09:45:20.904  1955  2016 I WearServices: [DefaultMetadataPreviewProvider]Requesting preview resource for tile ComponentInfo{com.google.android.apps.weather/com.google.android.wearable.weather.pixel.ui.tiles.forecast.ForecastTileService} of container type with value 0
09-10 09:45:20.910  1435  1435 V GrammaticalInflectionUtils: AttributionSource: android.content.AttributionSource@566bb7b5 does not have READ_SYSTEM_GRAMMATICAL_GENDER permission.
09-10 09:45:20.923  2037  2037 I droid.bluetooth: WaitForGcToComplete blocked ClampGrowthLimit on CollectorTransition for 40.661ms
09-10 09:45:20.927  2037  2037 D CompatChangeReporter: Compat change id reported: 407952621; UID 1002; state: ENABLED
09-10 09:45:20.928  1435  1435 V GrammaticalInflectionUtils: AttributionSource: android.content.AttributionSource@1075063e does not have READ_SYSTEM_GRAMMATICAL_GENDER permission.
09-10 09:45:20.928  2037  2037 D CompatChangeReporter: Compat change id reported: 419020719; UID 1002; state: ENABLED
09-10 09:45:20.940  1435  1435 V GrammaticalInflectionUtils: AttributionSource: android.content.AttributionSource@79d5eb37 does not have READ_SYSTEM_GRAMMATICAL_GENDER permission.
09-10 09:45:20.940  1435  1435 D CompatChangeReporter: Compat change id reported: 151861875; UID 10090; state: ENABLED
09-10 09:45:20.960  1435  1435 D SystemServerTiming: startHomeOnAllDisplays
09-10 09:45:20.965  1991  1991 W app_process: Bump pointer space is not aligned to 2048KB. This can lead to longer stop-the-world pauses for compaction
09-10 09:45:20.969  1435  1435 W ActivityTaskManager: callingPackage for (uid=-1, pid=0) has no WPC
09-10 09:45:20.973  1435  1435 W ActivityStartInterceptor: Starting home with component specified, uid=0
09-10 09:45:20.986  1435  1435 W AppCompatResourceOverlayPolicy: constructor: Failed to find VirtualDeviceManagerService
09-10 09:45:20.996  1435  1808 D ConnectivityService: NetReassign [no changes] [c 0] [a 0] [i 0]
09-10 09:45:21.005  1435  1618 I BluetoothPowerStatsCollector: Bluetooth is off, skipping activity info request.
09-10 09:45:21.012  1435  1435 V GrammaticalInflectionUtils: AttributionSource: android.content.AttributionSource@544b4d8d does not have READ_SYSTEM_GRAMMATICAL_GENDER permission.
09-10 09:45:21.018   519   519 I powerhal-libperfmgr: Power Mode LAUNCH isModeSupported: 1
09-10 09:45:21.038  1435  1435 D CorePackageUpdate: Couldn't find a persistent state for task= 2
09-10 09:45:21.039  1991  1991 D nativeloader: InitDefaultPublicLibraries for_preload=1: libandroid.so:libaaudio.so:libamidi.so:libbinder_ndk.so:libc.so:libcamera2ndk.so:libdl.so:libEGL.so:libGLESv1_CM.so:libGLESv2.so:libGLESv3.so:libicu.so:libicui18n.so:libicuuc.so:libjnigraphics.so:liblog.so:libmediandk.so:libm.so:libnativehelper.so:libnativewindow.so:libneuralnetworks.so:libOpenMAXAL.so:libOpenSLES.so:libRS.so:libstdc++.so:libsync.so:libvulkan.so:libz.so
09-10 09:45:21.041  1435  1605 W BestClock: java.time.DateTimeException: No network time available
09-10 09:45:21.047  1435  1435 V WindowManager: Transition requested [FALLBACK] (#1): com.android.server.wm.Transition$Token@ab5bdf8 TransitionRequestInfo { type = OPEN, triggerTask = TaskInfo{userId=0 taskId=2 effectiveUid=10068 displayId=0 isRunning=true baseIntent=Intent { act=android.intent.action.MAIN cat=[android.intent.category.HOME] flg=0x10800100 cmp=com.google.android.wearable.sysui/.mainui.activity.SysUiActivity } baseActivity=ComponentInfo{com.google.android.wearable.sysui/com.google.android.wearable.sysui.mainui.activity.SysUiActivity} topActivity=ComponentInfo{com.google.android.wearable.sysui/com.google.android.wearable.sysui.mainui.activity.SysUiActivity} origActivity=null realActivity=ComponentInfo{com.google.android.wearable.sysui/com.google.android.wearable.sysui.mainui.activity.SysUiActivity} realActivityIsAppLockEnabled=false numActivities=1 lastActiveTime=35409318 supportsMultiWindow=false supportsMultiWindowWithoutConstraints=false resizeMode=0 isResizeable=false minWidth=-1 minHeight=-1 defaultMinSize=220 token=WCT{RemoteToken{513a2d1 Task{309e03f #2 type=home A=10068:com.google.android.wearable.sysui nonResizable}}} topActivityType=2 pictureInPictureParams=null shouldDockBigOverlays=false launchIntoPipHostTaskId=-1 lastParentTaskIdBeforePip=-1 displayCutoutSafeInsets=Rect(0, 0 - 0, 0) topActivityInfo=ActivityInfo{39e3136 com.google.android.wearable.sysui.mainui.activity.SysUiActivity} launchCookies=[] positionInParent=Point(0, 0) parentTaskId=-1 isFocused=true isInteractive=true isVisible=false isVisibleRequested=true isTopActivityNoDisplay=false isSleeping=false locusId=null displayAreaFeatureId=1 isTopActivityTransparent=false isActivityStackTransparent=false lastNonFullscreenBounds=Rect(54, 54 - 330, 330) leafTaskBoundsFromOptions= false capturedLink=null capturedLinkTimestamp=0 requestedVisibleTypes=503 topActivityRequestOpenInBrowserEducationTimestamp=0 appCompatTaskInfo=AppCompatTaskInfo { topActivityInSizeCompat=false isLeafTask= true eligibleForLetterboxEducation= false isLetterboxEducationEnabled= false isLetterboxDoubleTapEnabled= false eligibleForUserAspectRatioButton= false topActivityBoundsLetterboxed= false isFromLetterboxDoubleTap= false topActivityLetterboxVerticalPosition= -1 topActivityLetterboxHorizontalPosition= -1 topActivityLetterboxWidth=-1 topActivityLetterboxHeight=-1 topActivityAppBounds=Rect(0, 0 - 384, 384) isUserFullscreenOverrideEnabled=false isSystemFullscreenOverrideEnabled=false hasMinAspectRatioOverride=false topActivityLetterboxBounds=null topNonResizableActivityAspectRatio=-1.0} topActivityMainWindowFrame=null isAppBubble=false}, pipChange = null, remoteTransitionInfo = null, displayChanges = null, requestedLocation = null, userChange = null, windowingLayerChange = null, fullscreenRequestChange = null, flags = 0, debugId = 1 }
09-10 09:45:21.050  1435  1435 V ActivityTaskManager: TaskLaunchParamsModifier: phase=3 task=Task{309e03f #2 type=home A=10068:com.google.android.wearable.sysui nonResizable} activity=ActivityRecord{264107102 u0 com.google.android.wearable.sysui/.mainui.activity.SysUiActivity t-1} display-area-token-from-option=DefaultTaskDisplayArea@13895191 display-id=0 task-display-area-windowing-mode=1 suggested-display-area=DefaultTaskDisplayArea@13895191 non-freeform-task-display-area display-area=DefaultTaskDisplayArea@13895191 default-portrait freeform-size-mismatch=Rect(54, 54 - 330, 330)
09-10 09:45:21.050  1435  1435 I ActivityTaskManager: START u0 {act=android.intent.action.MAIN cat=[android.intent.category.HOME] flg=0x10000100 cmp=com.google.android.wearable.sysui/.mainui.activity.SysUiActivity (has extras)} with LAUNCH_SINGLE_TASK from uid 0 (BAL_ALLOW_ALLOWLISTED_UID) result code=0
09-10 09:45:21.051  1435  1435 D SystemServerTiming: sendUserStartBroadcast
09-10 09:45:21.053  1435  1605 W BestClock: java.time.DateTimeException: No network time available
09-10 09:45:21.056  1435  1435 D SystemServerTiming: broadcastIntent-0-android.intent.action.USER_STARTED
09-10 09:45:21.056  1955  2016 I WearServices: [DefaultMetadataPreviewProvider]Requesting preview resource for tile ComponentInfo{com.google.android.apps.maps/com.google.android.apps.gmmwearable.tile.MapsTileProviderService} of container type with value 0
09-10 09:45:21.058  1435  1435 D SystemServerTiming: broadcastIntent--1-android.intent.action.USER_STARTING
09-10 09:45:21.059  1435  1435 D SystemServerTiming: resumeTopActivities
09-10 09:45:21.061  1435  1435 D SystemServerTiming: sendUserSwitchBroadcasts
09-10 09:45:21.062  1435  1435 D SystemServerTiming: broadcastIntent-0-android.intent.action.USER_FOREGROUND
09-10 09:45:21.065  1435  1435 D SystemServerTiming: broadcastIntent--1-android.intent.action.USER_SWITCHED
09-10 09:45:21.071  1435  1435 D SystemServerTiming: setBinderProxies
09-10 09:45:21.074  1435  1435 D SystemServerTiming: componentAlias
09-10 09:45:21.075  1435  1435 D SystemServerTiming: LockSettingsThirdPartyAppsStarted
09-10 09:45:21.076  1435  1435 D SystemServerTiming: StartSystemUI
09-10 09:45:21.086  1435  1435 D SystemServerTiming: startApexServices
09-10 09:45:21.087  1435  1435 D SystemServerTiming: starting com.android.server.scheduling.RebootReadinessManagerService$Lifecycle
09-10 09:45:21.087  1435  1435 I SystemServiceManager: Starting com.android.server.scheduling.RebootReadinessManagerService$Lifecycle
09-10 09:45:21.088  1435  1435 I SystemServiceManager: Not starting an already started service com.android.server.scheduling.RebootReadinessManagerService$Lifecycle
09-10 09:45:21.089  1435  1435 D SystemServerTiming: UpdateWatchdogTimeout
09-10 09:45:21.090  1435  1435 I Watchdog: Watchdog timeout updated to 60000 millis
09-10 09:45:21.095  1435  1435 D SensorReadingProvider: Sensor value for 34 changed: true
09-10 09:45:21.098  1435  1435 I DOHalAdapter: resetting internal state
09-10 09:45:21.099  1435  1435 D DisplayOffload: clearCurrentLayoutLocked: clearing current layout from MCU.
09-10 09:45:21.102  1435  1435 D DOS_DisplayControlLock: acquired: DisplayOffload:sendLayout java.lang.Object@dff9879
09-10 09:45:21.102  1101  1371 I vendor.google_clockwork.displayoffload-service: SetBrightnessConfiguration: successfully sent 252 bytes
09-10 09:45:21.103  1435  1435 I DOS_DisplayControlLock: First acquired
09-10 09:45:21.103  1101  1371 I vendor.google_clockwork.displayoffload-service: setBrightnessConfiguration: TTB_en=0, curve_len=19, nbm_br[0]=0.00530(dbv=2), aod_br[0]=0.00000(dbv=0)
09-10 09:45:21.103  1101  1371 I vendor.google_clockwork.displayoffload-service: SetHBMConfiguration: successfully sent 24 bytes
09-10 09:45:21.103  1101  1371 I vendor.google_clockwork.displayoffload-service: setHBMConfiguration: enable=1, entry_lux=25000
09-10 09:45:21.104  1435  1435 I DisplayControlPolicy: isOffloadStartPending: hasUnreleased lock
09-10 09:45:21.105  1435  1435 I DisplayControlPolicy: isOffloadStartPending: hasUnreleased lock
09-10 09:45:21.106  1435  1435 W Looper  : Slow delivery took 14410ms main app=system_server main=true group=FOREGROUND h=android.os.Handler c=com.android.clockwork.displayoffload.AidlHalAdapter$$ExternalSyntheticLambda0@cdef9be m=0
09-10 09:45:21.116  2037  2037 D BluetoothAdapterApp: onCreate()
09-10 09:45:21.120  1435  1460 V WindowManager: Starting transition [FALLBACK] (#1): com.android.server.wm.Transition$Token@ab5bdf8 TransitionRequestInfo { type = OPEN, triggerTask = TaskInfo{userId=0 taskId=2 effectiveUid=10068 displayId=0 isRunning=true baseIntent=Intent { act=android.intent.action.MAIN cat=[android.intent.category.HOME] flg=0x10800100 cmp=com.google.android.wearable.sysui/.mainui.activity.SysUiActivity } baseActivity=ComponentInfo{com.google.android.wearable.sysui/com.google.android.wearable.sysui.mainui.activity.SysUiActivity} topActivity=ComponentInfo{com.google.android.wearable.sysui/com.google.android.wearable.sysui.mainui.activity.SysUiActivity} origActivity=null realActivity=ComponentInfo{com.google.android.wearable.sysui/com.google.android.wearable.sysui.mainui.activity.SysUiActivity} realActivityIsAppLockEnabled=false numActivities=1 lastActiveTime=35409318 supportsMultiWindow=false supportsMultiWindowWithoutConstraints=false resizeMode=0 isResizeable=false minWidth=-1 minHeight=-1 defaultMinSize=220 token=WCT{RemoteToken{513a2d1 Task{309e03f #2 type=home A=10068:com.google.android.wearable.sysui nonResizable}}} topActivityType=2 pictureInPictureParams=null shouldDockBigOverlays=false launchIntoPipHostTaskId=-1 lastParentTaskIdBeforePip=-1 displayCutoutSafeInsets=Rect(0, 0 - 0, 0) topActivityInfo=ActivityInfo{39e3136 com.google.android.wearable.sysui.mainui.activity.SysUiActivity} launchCookies=[] positionInParent=Point(0, 0) parentTaskId=-1 isFocused=true isInteractive=true isVisible=false isVisibleRequested=true isTopActivityNoDisplay=false isSleeping=false locusId=null displayAreaFeatureId=1 isTopActivityTransparent=false isActivityStackTransparent=false lastNonFullscreenBounds=Rect(54, 54 - 330, 330) leafTaskBoundsFromOptions= false capturedLink=null capturedLinkTimestamp=0 requestedVisibleTypes=503 topActivityRequestOpenInBrowserEducationTimestamp=0 appCompatTaskInfo=AppCompatTaskInfo { topActivityInSizeCompat=false isLeafTask= true eligibleForLetterboxEducation= false isLetterboxEducationEnabled= false isLetterboxDoubleTapEnabled= false eligibleForUserAspectRatioButton= false topActivityBoundsLetterboxed= false isFromLetterboxDoubleTap= false topActivityLetterboxVerticalPosition= -1 topActivityLetterboxHorizontalPosition= -1 topActivityLetterboxWidth=-1 topActivityLetterboxHeight=-1 topActivityAppBounds=Rect(0, 0 - 384, 384) isUserFullscreenOverrideEnabled=false isSystemFullscreenOverrideEnabled=false hasMinAspectRatioOverride=false topActivityLetterboxBounds=null topNonResizableActivityAspectRatio=-1.0} topActivityMainWindowFrame=null isAppBubble=false}, pipChange = null, remoteTransitionInfo = null, displayChanges = null, requestedLocation = null, userChange = null, windowingLayerChange = null, fullscreenRequestChange = null, flags = 0, debugId = 1 }
09-10 09:45:21.122  1435  1605 V NetworkStatsAccumulator: Expanding snapshot (mTemplate=NetworkTemplate: matchRule=WIFI, matchSubscriberIds=[], matchWifiNetworkKeys=[], mWithTags=false) from 1788971111724 to 1789006520256 at 1789013720256
09-10 09:45:21.122  1991  1991 D nativeloader: Load libicu_jni.so using APEX ns com_android_art for caller /apex/com.android.art/javalib/core-oj.jar: ok
09-10 09:45:21.125  1991  1991 D app_process: u_setTimeZoneFilesDirectory("/apex/com.android.tzdata/etc/tz/versioned/10/icu") succeeded. 
09-10 09:45:21.127  1991  1991 D app_process: I18n APEX ICU file found: /apex/com.android.i18n/etc/icu/icudt78l.dat
09-10 09:45:21.131  1991  1991 D nativeloader: Load libjavacore.so using APEX ns com_android_art for caller /apex/com.android.art/javalib/core-oj.jar: ok
09-10 09:45:21.139  1991  1991 D nativeloader: Load libopenjdk.so using APEX ns com_android_art for caller /apex/com.android.art/javalib/core-oj.jar: ok
09-10 09:45:21.143  1435  1451 W ActivityManager: Slow operation: 417ms so far, now at finishAttachApplicationInner: after mServices.attachApplicationLocked
09-10 09:45:21.146  1435  1451 W ActivityManager: Slow operation: 420ms so far, now at finishAttachApplicationInner: after dispatching broadcasts
09-10 09:45:21.148  1991  1991 I app_process: Priority-to-niceness mapping: 19, 16, 13, 10, 0, -2, -4, -5, -6, -8
09-10 09:45:21.149  1291  1291 D Zygote  : Forked child process 2055
09-10 09:45:21.150  1435  1606 I system_server: getFrameworkHalManifest: Reading VINTF information.
09-10 09:45:21.162  1435  1460 I DisplayDeviceRepository: Display device same: DisplayDeviceInfo{"Built-in Screen": uniqueId="local:4630946367249729921", 384 x 384, modeId 1, renderFrameRate 60.000004, hasArrSupport false, frameRateCategoryRate FrameRateCategoryRate {normal=60.0, high=90.0}, supportedRefreshRates [60.000004, 30.000002, 20.0], defaultModeId 1, userPreferredModeId -1, supportedModes [{id=1, parentModeId=-1, sfModeId=0, flags=, width=384, height=384, fps=60.000004, vsync=60.000004, alternativeRefreshRates=[], supportedHdrTypes=[2, 3, 4]}], colorMode 0, supportedColorModes [0], hdrCapabilities HdrCapabilities{mSupportedHdrTypes=[2, 3, 4], mMaxLuminance=500.0, mMaxAverageLuminance=500.0, mMinLuminance=0.0}, isForceSdr false, allmSupported false, gameContentTypeSupported false, density 320, 325.12 x 325.12 dpi, appVsyncOff 14499998, presDeadline 16000000, touch INTERNAL, rotation 0, type INTERNAL, address StablePhysical{id=4630946367249729921, port=129}, deviceProductInfo DeviceProductInfo{name=, manufacturerPnpId=QCM, productId=1, modelYear=null, manufactureDate=ManufactureDate{week=27, year=2006}, connectionToSinkType=1, edidStructureMetadata=EdidStructureMetadata{version=0, revision=0}, videoInputType=0}, state ON, committedState ON, frameRateOverride , brightnessMinimum 0.0, brightnessMaximum 1.0, brightnessDefault 0.314688, brightnessDim 0.235, hdrSdrRatio NaN, roundedCorners RoundedCorners{[RoundedCorner{position=TopLeft, radius=192, center=Point(192, 192)}, RoundedCorner{position=TopRight, radius=192, center=Point(192, 192)}, RoundedCorner{position=BottomRight, radius=192, center=Point(192, 192)}, RoundedCorner{position=BottomLeft, radius=192, center=Point(192, 192)}]}, FLAG_ALLOWED_TO_BE_DEFAULT_DISPLAY, FLAG_ROTATES_WITH_CONTENT, FLAG_SECURE, FLAG_SUPPORTS_PROTECTED_BUFFERS, FLAG_ROUND, FLAG_TRUSTED, installOrientation 0, displayShape DisplayShape{type=2, displayWidth=384, displayHeight=384, physicalPixelDisplaySizeRatio=1.0, rotation=0, offsetX=0, offsetY=0, scale=1.0}}
09-10 09:45:21.165  2037  2037 D CompatChangeReporter: Compat change id reported: 458413887; UID 1002; state: ENABLED
09-10 09:45:21.172  2055  2055 I libprocessgroup: Created cgroup /sys/fs/cgroup/apps/uid_10133/pid_2055
09-10 09:45:21.180  1435  1607 W ActivityManager: Slow operation: 391ms so far, now at startProcess: returned from zygote!
09-10 09:45:21.186  2017  2017 D nativeloader: Configuring clns-shared-7 for other apk /apex/com.android.cellbroadcast/priv-app/GoogleCellBroadcastServiceModule@370546200/GoogleCellBroadcastServiceModule.apk. target_sdk_version=37, uses_libraries=, library_path=/apex/com.android.cellbroadcast/priv-app/GoogleCellBroadcastServiceModule@370546200/lib/arm:/apex/com.android.cellbroadcast/priv-app/GoogleCellBroadcastServiceModule@370546200/GoogleCellBroadcastServiceModule.apk!/lib/armeabi-v7a:/system/lib:/system_ext/lib, permitted_path=/data:/mnt/expand:/data/user_de/0/com.google.android.cellbroadcastservice:/apex/com.android.cellbroadcast/priv-app/GoogleCellBroadcastServiceModule@370546200:/system/lib:/system_ext/lib
09-10 09:45:21.198  2055  2055 I Zygote  : Process 2055 created for com.google.android.pixelsystemservice
09-10 09:45:21.199  2055  2055 I elsystemservice: Using generational CollectorTypeCMC GC.
09-10 09:45:21.201  1435  1607 W ActivityManager: Slow operation: 412ms so far, now at startProcess: done updating battery stats
09-10 09:45:21.203  2017  2017 D nativeloader: InitApexLibraries:
09-10 09:45:21.203  2017  2017 D nativeloader:   com_android_adservices: libhpke_jni.so:libtflite_support_classifiers_native.so
09-10 09:45:21.203  2017  2017 D nativeloader:   com_android_appsearch: libappsearchservice.so:libicing_anywhere.so
09-10 09:45:21.203  2017  2017 D nativeloader:   com_android_art: libartservice.so
09-10 09:45:21.203  2017  2017 D nativeloader:   com_android_bt: libbluetooth_jni.so
09-10 09:45:21.203  2017  2017 D nativeloader:   com_android_conscrypt: libjavacrypto.so
09-10 09:45:21.203  2017  2017 D nativeloader:   com_android_extservices: libtflite_support_classifiers_native.so
09-10 09:45:21.203  2017  2017 D nativeloader:   com_android_mediaprovider: libpdfclient.so
09-10 09:45:21.203  2017  2017 D nativeloader:   com_android_nfcservices: libnfc_nci_jni.so
09-10 09:45:21.203  2017  2017 D nativeloader:   com_android_npumanager: libnpumanager_service_jni.so
09-10 09:45:21.203  2017  2017 D nativeloader:   com_android_ondevicepersonalization: libfcp_cpp_dep_jni.so:libfcp_hpke_jni.so
09-10 09:45:21.203  2017  2017 D nativeloader:   com_android_os_statsd: libstats_jni.so
09-10 09:45:21.203  2017  2017 D nativeloader:   com_android_tethering: libandroid_net_connectivity_com_android_net_module_util_jni.so:libandroid_net_connectivity_com_android_net_module_util_jni_CommonConnectivityJni.so:libcrypto_httpengine.so:libframework-connectivity-jni.so:libframework-connectivity-tiramisu-jni.so:libhttpengine.so:libservice-connectivity.so:libservice-thread-jni.so
09-10 09:45:21.203  2017  2017 D nativeloader:   com_android_uwb: libuwb_uci_jni_rust.so
09-10 09:45:21.203  2017  2017 D nativeloader:   com_android_virt: Mi
09-10 09:45:21.204  1435  1607 W ActivityManager: Slow operation: 416ms so far, now at startProcess: building log message
09-10 09:45:21.204  1435  1607 I ActivityManager: Start proc 2055:com.google.android.pixelsystemservice/u0a133 for added application com.google.android.pixelsystemservice
09-10 09:45:21.205   726   861 I MCU     : brightness_service.cc:1097       10:06:57.652 DoOnMessage: received brightness msg: cmd=1, size=252
09-10 09:45:21.205  1435  1607 W ActivityManager: Slow operation: 416ms so far, now at startProcess: starting to update pids map
09-10 09:45:21.205  1435  1607 W ActivityManager: Slow operation: 417ms so far, now at startProcess: done updating pids map
09-10 09:45:21.205   726   861 I MCU     : tilt_to_bright.cc:57             10:06:57.652 OnTtbEvent: kDisable, current_state: kApTtbStopped, new_state: kApTtbStopped
09-10 09:45:21.205  1435  1607 W ActivityManager: Slow operation: 369ms so far, now at startProcess: asking zygote to start proc
09-10 09:45:21.206   726   861 I MCU     : brightness_service.cc:378        10:06:57.652 kBrightnessConfigRequest: TTB_en=0, Gating_AP_TTW=0, AB_en=1, AOD_en=0
09-10 09:45:21.206   726   861 I MCU     : brightness_service.cc:1097       10:06:57.652 DoOnMessage: received brightness msg: cmd=4, size=24
09-10 09:45:21.206   726   861 I MCU     : audio_gesture_handler.cc:173     10:06:57.652 TiltToWake config: ttw_enabled=0
09-10 09:45:21.211  1435  1435 D ConditionProviders.SCP: onConnected
09-10 09:45:21.212  1435  1435 D ConditionProviders.SCP: onSubscribe condition://android/schedule?days=1.2.3.4.5.6.7&start=22.0&end=7.0&exitAtAlarm=true
09-10 09:45:21.216  1435  1435 D ConditionProviders.SCP: setRegistered true
09-10 09:45:21.233  1235  1254 I adbd    : jdwp connection from 2055
09-10 09:45:21.238  1291  1291 D Zygote  : Forked child process 2077
09-10 09:45:21.240  1435  1607 W ActivityManager: Slow operation: 404ms so far, now at startProcess: returned from zygote!
09-10 09:45:21.241  1111  1111 D incidentd: WorkDirectory::getReports
09-10 09:45:21.245  1435  1836 W ActivityManager: Skipping manifest association check for null package. SourceUid: -1, SourcePkg: null, TargetUid: 10120, TargetPkg: com.google.android.gms
09-10 09:45:21.246  1435  1607 W ActivityManager: Slow operation: 410ms so far, now at startProcess: done updating battery stats
09-10 09:45:21.247  1435  1607 W ActivityManager: Slow operation: 411ms so far, now at startProcess: building log message
09-10 09:45:21.248  1435  1607 I ActivityManager: Start proc 2077:.cacertservice/2918 for added application .cacertservice
09-10 09:45:21.251  1435  1607 W ActivityManager: Slow operation: 414ms so far, now at startProcess: starting to update pids map
09-10 09:45:21.251  1435  1607 W ActivityManager: Slow operation: 415ms so far, now at startProcess: done updating pids map
09-10 09:45:21.253  1435  1607 W ActivityManager: Slow operation: 396ms so far, now at startProcess: asking zygote to start proc
09-10 09:45:21.255  2077  2077 I libprocessgroup: Created cgroup /sys/fs/cgroup/system/uid_2918/pid_2077
09-10 09:45:21.257  1435  1435 D ConditionProviders.SCP: evaluateSubscriptionLocked cal=ScheduleCalendar[mDays={1, 2, 3, 4, 5, 6, 7}, mSchedule=ScheduleInfo{days=[1, 2, 3, 4, 5, 6, 7], startHour=22, startMinute=0, endHour=7, endMinute=0, exitAtAlarm=true, nextAlarm=Thu Jan 01 05:30:00 GMT+05:30 1970 (0)}], now=Thu Sep 10 09:45:21 GMT+05:30 2026 (1789013721216), nextUserAlarmTime=Thu Jan 01 05:30:00 GMT+05:30 1970 (0)
09-10 09:45:21.258  1435  1435 D ConditionProviders.SCP: notifyCondition condition://android/schedule?days=1.2.3.4.5.6.7&start=22.0&end=7.0&exitAtAlarm=true STATE_FALSE reason=!meetsSchedule
09-10 09:45:21.262  1435  1435 D ConditionProviders.SCP: Scheduling evaluate for Thu Sep 10 22:00:00 GMT+05:30 2026 (1789057800000), in +12h14m38s784ms, now=Thu Sep 10 09:45:21 GMT+05:30 2026 (1789013721216)
09-10 09:45:21.268  2037  2037 D BluetoothKeystoreService: new BluetoothKeystoreService
09-10 09:45:21.274  1291  1291 D Zygote  : Forked child process 2080
09-10 09:45:21.289  2080  2080 I libprocessgroup: Created cgroup /sys/fs/cgroup/apps/uid_10126/pid_2080
09-10 09:45:21.294  1435  1606 I system_server: Loaded APEX Infos from /apex/apex-info-list.xml
09-10 09:45:21.299  2077  2077 I Zygote  : Process 2077 created for .cacertservice
09-10 09:45:21.301  1435  1606 I system_server: getDeviceHalManifest: Reading VINTF information.
09-10 09:45:21.305  1296  1312 D Diag_Lib: diag: Diag_LSM_Init: invoked for pid: 1296 with init_count: 0
09-10 09:45:21.309  1296  1312 D Diag_Lib: diag:failed to connect to diag socket
09-10 09:45:21.309  1296  1312 D Diag_Lib:  Diag_LSM_Init: Failed to open handle to diag driver, error = 111
09-10 09:45:21.309  1296  1312 I ATS     : vendor/qcom/sw5100-lw4/proprietary-audio/args/acdb/ats/transports/diag/linux/actp/src/actp.c:actp_diag_init:105 Error[1]: Failed to initialize DIAG
09-10 09:45:21.309  1296  1312 E ATS     : vendor/qcom/sw5100-lw4/proprietary-audio/args/acdb/ats/src/ats.c:ats_init:143 Error[1]: Failed to initialize Diag
09-10 09:45:21.309  1296  1312 E ATS     : vendor/qcom/sw5100-lw4/proprietary-audio/args/acdb/ats/src/ats.c:ats_init:263 Error[1]: Failed to initialize ATS
09-10 09:45:21.309  1296  1312 E AGM: API: ats_init_thread: 64 ats_init failed retry 46 err 1
09-10 09:45:21.309  2077  2077 I .cacertservice: Using generational CollectorTypeCMC GC.
09-10 09:45:21.315  2080  2080 I Zygote  : Process 2080 created for com.qti.phone
09-10 09:45:21.316  2080  2080 I com.qti.phone: Using generational CollectorTypeCMC GC.
09-10 09:45:21.317  1435  1435 D DOHalAdapter: setLocaleConfig 
09-10 09:45:21.321  1435  1607 W ActivityManager: Slow operation: 465ms so far, now at startProcess: returned from zygote!
09-10 09:45:21.329  1435  1808 D ConnectivityService: register offer from providerId 1 : NetworkOffer [ Provider Id (1) Score(Policies : EVER_EVALUATED&IS_UNMETERED&EVER_VALIDATED&IS_VALIDATED ; KeepConnected : 0) Caps [ Transports: BLUETOOTH Capabilities: INTERNET&NOT_RESTRICTED&TRUSTED&NOT_VPN&NOT_ROAMING&NOT_CONGESTED&NOT_VCN_MANAGED&NOT_BANDWIDTH_CONSTRAINED LinkUpBandwidth>=1600Kbps LinkDnBandwidth>=1600Kbps UnderlyingNetworks: Null] Needed by []]
09-10 09:45:21.330  1435  1808 D ConnectivityService: register offer from providerId 2 : NetworkOffer [ Provider Id (2) Score(Policies : EVER_EVALUATED&IS_INVINCIBLE&IS_UNMETERED&IS_VPN&EVER_VALIDATED&IS_VALIDATED ; KeepConnected : 0) Caps [ Transports: CELLULAR|WIFI|BLUETOOTH|ETHERNET|VPN|WIFI_AWARE|LOWPAN|TEST|USB Capabilities: WIFI_P2P&NOT_METERED&INTERNET&NOT_RESTRICTED&TRUSTED&NOT_VPN&NOT_ROAMING&NOT_CONGESTED&NOT_SUSPENDED&TEMPORARILY_NOT_METERED&NOT_VCN_MANAGED&NOT_BANDWIDTH_CONSTRAINED UnderlyingNetworks: Null] Needed by []]
09-10 09:45:21.332  1435  1607 W ActivityManager: Slow operation: 476ms so far, now at startProcess: done updating battery stats
09-10 09:45:21.335  1435  1607 W ActivityManager: Slow operation: 479ms so far, now at startProcess: building log message
09-10 09:45:21.336  1435  1607 I ActivityManager: Start proc 2080:com.qti.phone/u0a126 for added application com.qti.phone
09-10 09:45:21.336  1435  1607 W ActivityManager: Slow operation: 480ms so far, now at startProcess: starting to update pids map
09-10 09:45:21.341  1435  1607 W ActivityManager: Slow operation: 484ms so far, now at startProcess: done updating pids map
09-10 09:45:21.341  1435  1607 W ActivityManager: Slow operation: 473ms so far, now at startProcess: asking zygote to start proc
09-10 09:45:21.351  1435  1435 I UsbService: Broadcast ACTION_USB_PORT_CHANGED received, setting USB data signal to true
09-10 09:45:21.359  2055  2055 D nativeloader: Load libframework-connectivity-tiramisu-jni.so using APEX ns com_android_tethering for caller /apex/com.android.tethering/javalib/framework-connectivity-t.jar: ok
09-10 09:45:21.364  1991  1991 D nativeloader: Load libframework-connectivity-tiramisu-jni.so using APEX ns com_android_tethering for caller /apex/com.android.tethering/javalib/framework-connectivity-t.jar: ok
09-10 09:45:21.365  1291  1291 D Zygote  : Forked child process 2089
09-10 09:45:21.366  1435  1607 W ActivityManager: Slow operation: 498ms so far, now at startProcess: returned from zygote!
09-10 09:45:21.367  1435  1607 W ActivityManager: Slow operation: 498ms so far, now at startProcess: done updating battery stats
09-10 09:45:21.367  1991  1991 D AndroidRuntime: Calling main entry com.android.commands.content.Content
09-10 09:45:21.376  2037  2037 D BluetoothAdapterService: onCreate()
09-10 09:45:21.377  1435  1607 W ActivityManager: Slow operation: 508ms so far, now at startProcess: building log message
09-10 09:45:21.377  1435  1607 I ActivityManager: Start proc 2089:com.google.android.grilservice/u0a129 for added application com.google.android.grilservice
09-10 09:45:21.377  1435  1607 W ActivityManager: Slow operation: 509ms so far, now at startProcess: starting to update pids map
09-10 09:45:21.378  1435  1607 W ActivityManager: Slow operation: 509ms so far, now at startProcess: done updating pids map
09-10 09:45:21.378  1435  1607 W ActivityManager: Slow operation: 495ms so far, now at startProcess: asking zygote to start proc
09-10 09:45:21.383  2089  2089 I libprocessgroup: Created cgroup /sys/fs/cgroup/apps/uid_10129/pid_2089
09-10 09:45:21.389  1991  1991 I AconfigPackage: com.android.os.statsd.flags is mapped to com.android.os.statsd
09-10 09:45:21.392  1991  1991 I AconfigPackage: com.android.uprobestats.flags is mapped to com.android.uprobestats
09-10 09:45:21.392  1991  1991 I AconfigPackage: android.uprobestats.mainline.flags is mapped to com.android.uprobestats
09-10 09:45:21.394  1991  1991 I AconfigPackage: com.android.media.extractor.flags is mapped to com.android.media
09-10 09:45:21.394  1991  1991 I AconfigPackage: com.android.media.metrics.flags is mapped to com.android.media
09-10 09:45:21.394  1991  1991 I AconfigPackage: com.android.media.mainline.flags is mapped to com.android.media
09-10 09:45:21.396  1991  1991 I AconfigPackage: com.android.adservices.flags is mapped to com.android.adservices
09-10 09:45:21.396  1991  1991 I AconfigPackage: com.android.sdksandbox.flags is mapped to com.android.adservices
09-10 09:45:21.396  1991  1991 I AconfigPackage: android.app.sdksandbox.flags is mapped to com.android.adservices
09-10 09:45:21.398  1991  1991 I AconfigPackage: com.android.npumanager is mapped to com.android.npumanager
09-10 09:45:21.400  1991  1991 I AconfigPackage: com.android.appsearch.flags is mapped to com.android.appsearch
09-10 09:45:21.401  1991  1991 I AconfigPackage: com.android.crashrecovery.flags is mapped to com.android.crashrecovery
09-10 09:45:21.403  1991  1991 I AconfigPackage: com.android.tethering.mainline.beta is mapped to com.android.tethering
09-10 09:45:21.403  1991  1991 I AconfigPackage: android.net.http is mapped to com.android.tethering
09-10 09:45:21.403  1991  1991 I AconfigPackage: com.android.tethering.readonly.flags is mapped to com.android.tethering
09-10 09:45:21.403  1991  1991 I AconfigPackage: android.net.vcn is mapped to com.android.tethering
09-10 09:45:21.403  1991  1991 I AconfigPackage: com.android.net.flags is mapped to com.android.tethering
09-10 09:45:21.403  1991  1991 I AconfigPackage: com.android.tethering.flags is mapped to com.android.tethering
09-10 09:45:21.404  1991  1991 I AconfigPackage: com.android.tethering.beta.test is mapped to com.android.tethering
09-10 09:45:21.404  1991  1991 I AconfigPackage: com.android.nearby.flags is mapped to com.android.tethering
09-10 09:45:21.404  1991  1991 I AconfigPackage: com.android.net.thread.flags is mapped to com.android.tethering
09-10 09:45:21.404  1991  1991 I AconfigPackage: com.android.net.ct.flags is mapped to com.android.tethering
09-10 09:45:21.405  1291  1291 D Zygote  : Forked child process 2093
09-10 09:45:21.405  1991  1991 I AconfigPackage: com.android.nfc.module.flags is mapped to com.android.nfcservices
09-10 09:45:21.406  1435  1607 W ActivityManager: Slow operation: 523ms so far, now at startProcess: returned from zygote!
09-10 09:45:21.406  2089  2089 I Zygote  : Process 2089 created for com.google.android.grilservice
09-10 09:45:21.407  2089  2089 I oid.grilservice: Using generational CollectorTypeCMC GC.
09-10 09:45:21.408  1991  1991 I AconfigPackage: com.android.nfc.module.nonexported.flags is mapped to com.android.nfcservices
09-10 09:45:21.409  2080  2080 D nativeloader: Load libframework-connectivity-tiramisu-jni.so using APEX ns com_android_tethering for caller /apex/com.android.tethering/javalib/framework-connectivity-t.jar: ok
09-10 09:45:21.410  1991  1991 I AconfigPackage: com.android.uwb.flags is mapped to com.android.uwb
09-10 09:45:21.410  1991  1991 I AconfigPackage: com.android.ranging.flags is mapped to com.android.uwb
09-10 09:45:21.411  1991  1991 I AconfigPackage: com.android.rkpd.flags is mapped to com.android.rkpd
09-10 09:45:21.417  1991  1991 I AconfigPackage: com.android.system.virtualmachine.flags is mapped to com.android.virt
09-10 09:45:21.418  1991  1991 I AconfigPackage: com.android.org.conscrypt.flags is mapped to com.android.conscrypt
09-10 09:45:21.418  1991  1991 I AconfigPackage: com.android.org.conscrypt.net.flags is mapped to com.android.conscrypt
09-10 09:45:21.420  1991  1991 I AconfigPackage: android.media.swcodec.flags is mapped to com.android.media.swcodec
09-10 09:45:21.421  1991  1991 I AconfigPackage: com.android.ipsec.flags is mapped to com.android.ipsec
09-10 09:45:21.423  1991  1991 I AconfigPackage: com.android.cellbroadcastreceiver.flags is mapped to com.android.cellbroadcast
09-10 09:45:21.424  2038  2038 D AndroidRuntime: >>>>>> START com.android.internal.os.RuntimeInit uid 2000 <<<<<<
09-10 09:45:21.430  1991  1991 I AconfigPackage: android.telecom.flags is mapped to com.android.telephonycore
09-10 09:45:21.430  1991  1991 I AconfigPackage: com.android.internal.telecom.flags is mapped to com.android.telephonycore
09-10 09:45:21.430  1991  1991 I AconfigPackage: com.android.telephony.flags is mapped to com.android.telephonycore
09-10 09:45:21.431  1991  1991 I AconfigPackage: com.android.devicelock.flags is mapped to com.android.devicelock
09-10 09:45:21.433  1991  1991 I AconfigPackage: com.android.permission.flags is mapped to com.android.permission
09-10 09:45:21.434  1991  1991 I AconfigPackage: com.android.permissioncontroller.flags is mapped to com.android.permission
09-10 09:45:21.435  1991  1991 I AconfigPackage: com.android.icu is mapped to com.android.i18n
09-10 09:45:21.437  1991  1991 I AconfigPackage: com.android.adservices.ondevicepersonalization.flags is mapped to com.android.ondevicepersonalization
09-10 09:45:21.439  2093  2093 I libprocessgroup: Created cgroup /sys/fs/cgroup/apps/uid_10134/pid_2093
09-10 09:45:21.444  1991  1991 I AconfigPackage: com.android.wifi.flags is mapped to com.android.wifi
09-10 09:45:21.446  1991  1991 I AconfigPackage: com.android.webapp.flags is mapped to com.android.webapp
09-10 09:45:21.447  1991  1991 I AconfigPackage: android.os.profiling is mapped to com.android.profiling
09-10 09:45:21.448  1991  1991 I AconfigPackage: android.os.profiling.anomaly.flags is mapped to com.android.profiling
09-10 09:45:21.448  2089  2089 D nativeloader: Load libframework-connectivity-tiramisu-jni.so using APEX ns com_android_tethering for caller /apex/com.android.tethering/javalib/framework-connectivity-t.jar: ok
09-10 09:45:21.449  1991  1991 I AconfigPackage: com.android.healthfitness.flags is mapped to com.android.healthfitness
09-10 09:45:21.453  1991  1991 I AconfigPackage: com.android.art.flags is mapped to com.android.art
09-10 09:45:21.454  1991  1991 I AconfigPackage: com.android.art.rw.flags is mapped to com.android.art
09-10 09:45:21.454  1991  1991 I AconfigPackage: com.android.libcore is mapped to com.android.art
09-10 09:45:21.455  1991  1991 I AconfigPackage: android.provider.flags is mapped to com.android.configinfrastructure
09-10 09:45:21.456  1991  1991 I AconfigPackage: com.android.server.deviceconfig is mapped to com.android.configinfrastructure
09-10 09:45:21.456  2038  2038 I AndroidRuntime: Using default boot image
09-10 09:45:21.456  2038  2038 I AndroidRuntime: Leaving lock profiling enabled
09-10 09:45:21.457  1991  1991 I AconfigPackage: com.google.android.widevine.flags is mapped to com.google.android.widevine
09-10 09:45:21.459  1991  1991 I AconfigPackage: com.android.adbd.flags is mapped to com.android.adbd
09-10 09:45:21.462  1991  1991 I AconfigPackage: android.graphics.pdf.flags is mapped to com.android.mediaprovider
09-10 09:45:21.462  1991  1991 I AconfigPackage: com.android.providers.media.flags is mapped to com.android.mediaprovider
09-10 09:45:21.462  1991  1991 I AconfigPackage: android.graphics.pdf.flags.readonly is mapped to com.android.mediaprovider
09-10 09:45:21.463  1991  1991 I AconfigPackage: com.android.bluetooth.beta.flags is mapped to com.android.bt
09-10 09:45:21.464  1991  1991 I AconfigPackage: com.android.bluetooth.flags is mapped to com.android.bt
09-10 09:45:21.464  1991  1991 E FeatureFlagsImplExport: android.os.flagging.AconfigStorageReadException: ERROR_PACKAGE_NOT_FOUND: package android.xr cannot be found on the device
09-10 09:45:21.466  1435  1836 W ActivityManager: Slow operation: 80ms so far, now at finishAttachApplicationInner: after mServices.attachApplicationLocked
09-10 09:45:21.479  2093  2093 I Zygote  : Process 2093 created for org.codeaurora.ims
09-10 09:45:21.480  2038  2038 I app_process: Core platform API enforcement enabled from the hiddenapi_platform_enforcement flag and the device API level
09-10 09:45:21.480  2093  2093 I .codeaurora.ims: Using generational CollectorTypeCMC GC.
09-10 09:45:21.480  2077  2077 D nativeloader: Load libframework-connectivity-tiramisu-jni.so using APEX ns com_android_tethering for caller /apex/com.android.tethering/javalib/framework-connectivity-t.jar: ok
09-10 09:45:21.484  2038  2038 I app_process: Using generational CollectorTypeCMC GC.
09-10 09:45:21.498  2037  2037 W droid.bluetooth: Monitor::Inflate: Install failed 0x7336ad88
09-10 09:45:21.499  2093  2093 D nativeloader: Load libframework-connectivity-tiramisu-jni.so using APEX ns com_android_tethering for caller /apex/com.android.tethering/javalib/framework-connectivity-t.jar: ok
09-10 09:45:21.500  1435  1772 I StorageManagerService: Filesystem configuration feature is disabled
09-10 09:45:21.511  1435  1606 I system_server: Loaded APEX Infos from /apex/apex-info-list.xml
09-10 09:45:21.521  2037  2037 D BluetoothAdapterService: setAdapterService(): Set service to com.android.bluetooth.btservice.AdapterService@d993518
09-10 09:45:21.522  1297  1330 D BootAnimation: Playing files = /product/media/bootanimation-eos-384.zip/part2, Requested repeat = 0, playUntilComplete = false
09-10 09:45:21.523  2037  2037 I BluetoothAdapterState: OFF : State entered
09-10 09:45:21.526  2037  2037 D BluetoothAdapterService: onBind()
09-10 09:45:21.526  1435  1605 V NetworkStatsAccumulator: Expanding snapshot (mTemplate=NetworkTemplate: matchRule=MOBILE, matchSubscriberIds=[], matchWifiNetworkKeys=[], metered=YES, mWithTags=false) from 1788971111725 to 1789006521522 at 1789013721522
09-10 09:45:21.541  1435  1836 W ActivityManager: Slow operation: 155ms so far, now at finishAttachApplicationInner: after dispatching broadcasts
09-10 09:45:21.542  2017  2017 D CompatChangeReporter: Compat change id reported: 458413887; UID 1073; state: ENABLED
09-10 09:45:21.544  1435  1435 D nativeloader: Configuring clns-shared-21 for other apk /system/priv-app/TelecomShim/TelecomShim.apk. target_sdk_version=37, uses_libraries=, library_path=/system/priv-app/TelecomShim/lib/arm:/system/priv-app/TelecomShim/TelecomShim.apk!/lib/armeabi-v7a:/system/lib:/system_ext/lib, permitted_path=/data:/mnt/expand:/data/user_de/0/com.android.server.telecom:/system/priv-app/TelecomShim:/system/lib:/system_ext/lib
09-10 09:45:21.545  1435  1607 W ActivityManager: Slow operation: 662ms so far, now at startProcess: done updating battery stats
09-10 09:45:21.545  1435  1607 W ActivityManager: Slow operation: 662ms so far, now at startProcess: building log message
09-10 09:45:21.545  1435  1607 I ActivityManager: Start proc 2093:org.codeaurora.ims/u0a134 for added application org.codeaurora.ims
09-10 09:45:21.545  1435  1607 W ActivityManager: Slow operation: 662ms so far, now at startProcess: starting to update pids map
09-10 09:45:21.545  1435  1607 W ActivityManager: Slow operation: 663ms so far, now at startProcess: done updating pids map
09-10 09:45:21.545  1435  1607 W ActivityManager: Slow operation: 645ms so far, now at startProcess: asking zygote to start proc
09-10 09:45:21.561  1435  1944 W ActivityManager: Slow operation: 118ms so far, now at finishAttachApplicationInner: after mServices.attachApplicationLocked
09-10 09:45:21.562  1435  1944 W ActivityManager: Slow operation: 119ms so far, now at finishAttachApplicationInner: after dispatching broadcasts
09-10 09:45:21.581  1968  1989 I djde    : (REDACTED) Shared storage file not found for %s
09-10 09:45:21.593  1291  1291 D Zygote  : Forked child process 2150
09-10 09:45:21.597  1435  1607 W ActivityManager: Slow operation: 696ms so far, now at startProcess: returned from zygote!
09-10 09:45:21.617  1968  1989 I djde    : (REDACTED) Unable to retrieve flag snapshot for %s, using defaults.
09-10 09:45:21.619  1991  2091 W libbinder.IPCThreadState: call to talkWithDriver in joinThreadPool returned error: -9 (Bad file descriptor), FD: -1
09-10 09:45:21.620  1991  2090 W libbinder.IPCThreadState: call to talkWithDriver in joinThreadPool returned error: -9 (Bad file descriptor), FD: -1
09-10 09:45:21.627  2080  2080 D CompatChangeReporter: Compat change id reported: 242716250; UID 10126; state: ENABLED
09-10 09:45:21.627  1991  1991 D AndroidRuntime: Shutting down VM
09-10 09:45:21.634  2150  2150 I libprocessgroup: Created cgroup /sys/fs/cgroup/apps/uid_10132/pid_2150
09-10 09:45:21.642  1955  2016 I WearServices: [DefaultMetadataPreviewProvider]Requesting preview resource for tile ComponentInfo{com.google.android.apps.safetyhub/com.google.android.wearable.safety.emergencysharing.tile.EmergencyShareTileService} of container type with value 0
09-10 09:45:21.676  1955  2016 I WearServices: [DefaultMetadataPreviewProvider]Requesting preview resource for tile ComponentInfo{com.google.android.wearable.sysui/com.google.android.wearable.sysui.experiences.addtile.AddTileTileService} of container type with value 0
09-10 09:45:21.682  1435  2030 W ActivityManager: Slow operation: 66ms so far, now at attachApplicationLocked: after updateOomAdjLocked
09-10 09:45:21.689  1935  1935 E ViewRootImpl: SensitiveContentProtectionService shouldn't be null
09-10 09:45:21.694  2080  2080 D nativeloader: Configuring clns-shared-6 for other apk /system_ext/framework/qti-telephony-hidl-wrapper.jar. target_sdk_version=34, uses_libraries=ALL, library_path=/system_ext/app/QtiTelephonyService/lib/arm:/system/lib:/system_ext/lib, permitted_path=/data:/mnt/expand:/data/user/0/com.qualcomm.qti.telephonyservice:/system_ext/app/QtiTelephonyService:/system/lib:/system_ext/lib
09-10 09:45:21.714   726   861 E MCU     : render_service.cc:723            10:06:57.871 Invalid message type 12 sent to RenderService by AP
09-10 09:45:21.714   726   861 D MCU     : settings.cc:83                   10:06:57.884 Posting setting change: setting type 1 enabled 1
09-10 09:45:21.715   726   861 D MCU     : settings.cc:131                  10:06:57.884 Setting changed callback called for setting 1 enabled 1
09-10 09:45:21.729  2080  2080 D nativeloader: Configuring clns-shared-7 for other apk /system_ext/app/QtiTelephonyService/QtiTelephonyService.apk. target_sdk_version=34, uses_libraries=, library_path=/system_ext/app/QtiTelephonyService/lib/arm:/system/lib:/system_ext/lib, permitted_path=/data:/mnt/expand:/data/user/0/com.qualcomm.qti.telephonyservice:/system_ext/app/QtiTelephonyService:/system/lib:/system_ext/lib
09-10 09:45:21.732  1935  1935 I DisplayManager: Implicitly registering for refresh rate
09-10 09:45:21.733  1935  1935 W HWUI    : Unknown dataspace 0
09-10 09:45:21.743  2080  2080 W com.qti.phone: Monitor::Inflate: Install failed 0x7336d798
09-10 09:45:21.748  2080  2080 V GraphicsEnvironment: Currently set values for:
09-10 09:45:21.748  2080  2080 V GraphicsEnvironment:   angle_gl_driver_selection_pkgs=[]
09-10 09:45:21.748  2080  2080 V GraphicsEnvironment:   angle_gl_driver_selection_values=[]
09-10 09:45:21.748  2080  2080 V GraphicsEnvironment: com.qualcomm.qti.telephonyservice is not listed in per-application setting
09-10 09:45:21.749  2080  2080 V GraphicsEnvironment: No special selections for ANGLE, returning default driver choice
09-10 09:45:21.754  2080  2080 V GraphicsEnvironment: Neither updatable production driver nor prerelease driver is supported.
09-10 09:45:21.762  1935  2154 D qdgralloc: Fetching IMapper5 from QtiMapper5
09-10 09:45:21.764  1435  2136 W ActivityManager: Slow operation: 71ms so far, now at attachApplicationLocked: after updateOomAdjLocked
09-10 09:45:21.769  2077  2077 D nativeloader: InitLlndkLibrariesVendor: libEGL.so:libGLESv1_CM.so:libGLESv2.so:libGLESv3.so:libRS.so:libandroid_net.so:libapexsupport.so:libavf.so:libbinder_ndk.so:libc.so:libcamera_metadata.so:libcgrouprc.so:libclang_rt.asan-arm-android.so:libcom.android.tethering.connectivity_native.so:libdl.so:libft2.so:liblog.so:libm.so:libmediandk.so:libnativewindow.so:libneuralnetworks.so:libnpumanager.so:libselinux.so:libsync.so:libvendorsupport.so:libvndksupport.so:libvulkan.so:libwrapfd.so
09-10 09:45:21.769  2077  2077 D nativeloader: Configuring vendor-clns-6 for unbundled vendor apk /vendor/app/CACertService/CACertService.apk. target_sdk_version=35, uses_libraries=, library_path=/vendor/app/CACertService/lib/arm:/vendor/lib, permitted_path=/data:/mnt/expand:/data/user_de/0/vendor.qti.hardware.cacert.server:/vendor/lib
09-10 09:45:21.772  2077  2077 D nativeloader: InitVndkspLibrariesVendor: VNDK is deprecated with vendor
09-10 09:45:21.772  2077  2077 D CompatChangeReporter: Compat change id reported: 202956589; UID 2918; state: ENABLED
09-10 09:45:21.780  2150  2150 I Zygote  : Process 2150 created for com.google.android.apps.wearable.systemui
09-10 09:45:21.781  2077  2077 W .cacertservice: Monitor::Inflate: Install failed 0x7336d798
09-10 09:45:21.782  2150  2150 I arable.systemui: Using generational CollectorTypeCMC GC.
09-10 09:45:21.788  2077  2077 V GraphicsEnvironment: Currently set values for:
09-10 09:45:21.788  2077  2077 V GraphicsEnvironment:   angle_gl_driver_selection_pkgs=[]
09-10 09:45:21.789  2077  2077 V GraphicsEnvironment:   angle_gl_driver_selection_values=[]
09-10 09:45:21.789  2077  2077 V GraphicsEnvironment: vendor.qti.hardware.cacert.server is not listed in per-application setting
09-10 09:45:21.789  2077  2077 V GraphicsEnvironment: No special selections for ANGLE, returning default driver choice
09-10 09:45:21.805  2077  2077 V GraphicsEnvironment: Neither updatable production driver nor prerelease driver is supported.
09-10 09:45:21.808  1435  1435 W Looper  : Slow dispatch took 366ms main app=system_server main=true group=FOREGROUND h=android.app.ActivityThread$H c=null m=114
09-10 09:45:21.813  1435  1435 I TelecomService: onBind
09-10 09:45:21.818  1435  1435 I TelecomFramework: TelecomSInitializer: initialize, telecomUi: com.google.android.telecomui
09-10 09:45:21.823  2089  2089 D CompatChangeReporter: Compat change id reported: 333566037; UID 10129; state: ENABLED
09-10 09:45:21.841  1435  1435 I TelecomFramework: TelecomServiceInitializer: Successfully enabled TelecomUi for user UserHandle{0}
09-10 09:45:21.848  2093  2093 D CompatChangeReporter: Compat change id reported: 242716250; UID 10134; state: ENABLED
09-10 09:45:21.861  1935  2154 I SnapAlloc: UBWC is disabled
09-10 09:45:21.862  1935  2154 I SnapAlloc: Graphics lib is available
09-10 09:45:21.863  1435  1911 W ActivityManager: Slow operation: 52ms so far, now at attachApplicationLocked: after updateOomAdjLocked
09-10 09:45:21.869  1435  1893 D WearWifiMediator: mNumConfiguredNetworks refreshed to: 355
09-10 09:45:21.875  1296  1312 D Diag_Lib: diag: Diag_LSM_Init: invoked for pid: 1296 with init_count: 0
09-10 09:45:21.876  1955  2016 I WearServices: [DefaultMetadataPreviewProvider]Requesting preview resource for tile ComponentInfo{com.fitbit.FitbitMobile/com.fitbit.tile.primarygoal.TilePrimaryGoalService} of container type with value 0
09-10 09:45:21.878  1435  1607 W ActivityManager: Slow operation: 978ms so far, now at startProcess: done updating battery stats
09-10 09:45:21.879  1435  1607 W ActivityManager: Slow operation: 978ms so far, now at startProcess: building log message
09-10 09:45:21.879  1435  1607 I ActivityManager: Start proc 2150:com.google.android.apps.wearable.systemui/u0a132 for added application com.google.android.apps.wearable.systemui
09-10 09:45:21.879  1435  1607 W ActivityManager: Slow operation: 979ms so far, now at startProcess: starting to update pids map
09-10 09:45:21.880  1435  1607 W ActivityManager: Slow operation: 979ms so far, now at startProcess: done updating pids map
09-10 09:45:21.880  1296  1312 D Diag_Lib: diag:failed to connect to diag socket
09-10 09:45:21.886  1935  2154 W SnapAlloc: Camera lib is not available - read json file
09-10 09:45:21.887  1296  1312 D Diag_Lib:  Diag_LSM_Init: Failed to open handle to diag driver, error = 111
09-10 09:45:21.889  2089  2089 D nativeloader: Configuring clns-shared-6 for other apk /system_ext/priv-app/grilservice/grilservice.apk. target_sdk_version=37, uses_libraries=, library_path=/system_ext/priv-app/grilservice/lib/arm:/system/lib:/system_ext/lib, permitted_path=/data:/mnt/expand:/data/user/0/com.google.android.grilservice:/system_ext/priv-app/grilservice:/system/lib:/system_ext/lib
09-10 09:45:21.896  1296  1312 I ATS     : vendor/qcom/sw5100-lw4/proprietary-audio/args/acdb/ats/transports/diag/linux/actp/src/actp.c:actp_diag_init:105 Error[1]: Failed to initialize DIAG
09-10 09:45:21.896  1296  1312 E ATS     : vendor/qcom/sw5100-lw4/proprietary-audio/args/acdb/ats/src/ats.c:ats_init:143 Error[1]: Failed to initialize Diag
09-10 09:45:21.896  1296  1312 E ATS     : vendor/qcom/sw5100-lw4/proprietary-audio/args/acdb/ats/src/ats.c:ats_init:263 Error[1]: Failed to initialize ATS
09-10 09:45:21.896  1296  1312 E AGM: API: ats_init_thread: 64 ats_init failed retry 47 err 1
09-10 09:45:21.899  2089  2089 W oid.grilservice: Monitor::Inflate: Install failed 0x7336d798
09-10 09:45:21.901  1435  1607 W ActivityManager: Slow operation: 980ms so far, now at startProcess: asking zygote to start proc
09-10 09:45:21.901  1955  2016 I WearServices: [DefaultMetadataPreviewProvider]Requesting preview resource for tile ComponentInfo{com.fitbit.FitbitMobile/com.fitbit.tile.heartrate.TileHeartRateService} of container type with value 0
09-10 09:45:21.906  1968  1976 I DynamiteModule: Considering local module com.google.android.gms.googlecertificates:7 and remote module com.google.android.gms.googlecertificates:0
09-10 09:45:21.909  1955  2016 I WearServices: [DefaultMetadataPreviewProvider]Requesting preview resource for tile ComponentInfo{com.fitbit.FitbitMobile/com.fitbit.tile.exercisequicklaunch.TileExerciseQuickLaunchService} of container type with value 0
09-10 09:45:21.912  1968  1976 I DynamiteModule: Selected local version of com.google.android.gms.googlecertificates
09-10 09:45:21.917  1955  2016 I WearServices: [DefaultMetadataPreviewProvider]Requesting preview resource for tile ComponentInfo{com.fitbit.FitbitMobile/com.fitbit.tile.sleep.TileSleepService} of container type with value 0
09-10 09:45:21.925  1955  2016 I WearServices: [DefaultMetadataPreviewProvider]Requesting preview resource for tile ComponentInfo{com.google.android.calendar/com.google.android.apps.calendar.wear.tile.CalendarTileService} of container type with value 0
09-10 09:45:21.932  1955  2016 I WearServices: [DefaultMetadataPreviewProvider]Requesting preview resource for tile ComponentInfo{com.google.android.wearable.assistant/com.google.android.wearable.assistant.tile.AssistantTileProviderService} of container type with value 0
09-10 09:45:21.934  1291  1291 D Zygote  : Forked child process 2172
09-10 09:45:21.936  1435  1607 W ActivityManager: Slow operation: 1015ms so far, now at startProcess: returned from zygote!
09-10 09:45:21.936  2150  2150 D nativeloader: Load libframework-connectivity-tiramisu-jni.so using APEX ns com_android_tethering for caller /apex/com.android.tethering/javalib/framework-connectivity-t.jar: ok
09-10 09:45:21.939  1955  2016 I WearServices: [DefaultMetadataPreviewProvider]Requesting preview resource for tile ComponentInfo{com.google.android.apps.weather/com.google.android.wearable.weather.pixel.ui.tiles.forecast.ForecastTileService} of container type with value 0
09-10 09:45:21.940  1935  2154 E perf_hint: createSessionUsingConfig: PerformanceHint cannot create session. PowerHintSessions are not supported!
09-10 09:45:21.945  1435  1607 W ActivityManager: Slow operation: 1025ms so far, now at startProcess: done updating battery stats
09-10 09:45:21.946  1955  2016 I WearServices: [DefaultMetadataPreviewProvider]Requesting preview resource for tile ComponentInfo{com.google.android.apps.maps/com.google.android.apps.gmmwearable.tile.MapsTileProviderService} of container type with value 0
09-10 09:45:21.952  1955  2016 I WearServices: [DefaultMetadataPreviewProvider]Requesting preview resource for tile ComponentInfo{com.google.android.apps.safetyhub/com.google.android.wearable.safety.emergencysharing.tile.EmergencyShareTileService} of container type with value 0
09-10 09:45:21.954  2172  2172 I libprocessgroup: Created cgroup /sys/fs/cgroup/system/uid_1068/pid_2172
09-10 09:45:21.956  1435  1607 W ActivityManager: Slow operation: 1035ms so far, now at startProcess: building log message
09-10 09:45:21.956  1435  1607 I ActivityManager: Start proc 2172:com.android.se/1068 for added application com.android.se
09-10 09:45:21.956  1435  1607 W ActivityManager: Slow operation: 1036ms so far, now at startProcess: starting to update pids map
09-10 09:45:21.962  2089  2089 V GraphicsEnvironment: Currently set values for:
09-10 09:45:21.962  1955  2016 I WearServices: [DefaultMetadataPreviewProvider]Requesting preview resource for tile ComponentInfo{com.google.android.wearable.sysui/com.google.android.wearable.sysui.experiences.addtile.AddTileTileService} of container type with value 0
09-10 09:45:21.963  2089  2089 V GraphicsEnvironment:   angle_gl_driver_selection_pkgs=[]
09-10 09:45:21.963  2089  2089 V GraphicsEnvironment:   angle_gl_driver_selection_values=[]
09-10 09:45:21.963  2089  2089 V GraphicsEnvironment: com.google.android.grilservice is not listed in per-application setting
09-10 09:45:21.963  2089  2089 V GraphicsEnvironment: No special selections for ANGLE, returning default driver choice
09-10 09:45:21.965  2089  2089 V GraphicsEnvironment: Neither updatable production driver nor prerelease driver is supported.
09-10 09:45:21.973  2089  2089 I oid.grilservice: Waiting for a blocking GC ClampGrowthLimit
09-10 09:45:21.987  2089  2089 I oid.grilservice: WaitForGcToComplete blocked ClampGrowthLimit on CollectorTransition for 14.838ms
09-10 09:45:21.993  2089  2089 D CompatChangeReporter: Compat change id reported: 407952621; UID 10129; state: ENABLED
09-10 09:45:21.994  2089  2089 D CompatChangeReporter: Compat change id reported: 419020719; UID 10129; state: ENABLED
09-10 09:45:22.009  2172  2172 I Zygote  : Process 2172 created for com.android.se
09-10 09:45:22.010  2172  2172 I com.android.se: Using generational CollectorTypeCMC GC.
09-10 09:45:22.015  1435  1452 W InputChannel-JNI: Channel already disposed.
09-10 09:45:22.020  1435  1607 W ActivityManager: Slow operation: 1100ms so far, now at startProcess: done updating pids map
09-10 09:45:22.021  1435  1607 W ActivityManager: Slow operation: 1090ms so far, now at startProcess: asking zygote to start proc
09-10 09:45:22.047  2093  2093 D nativeloader: Configuring clns-shared-6 for other apk /system_ext/framework/qti-telephony-hidl-wrapper.jar. target_sdk_version=34, uses_libraries=ALL, library_path=/system_ext/priv-app/ims/lib/arm:/system_ext/priv-app/ims/ims.apk!/lib/armeabi-v7a:/system/lib:/system_ext/lib, permitted_path=/data:/mnt/expand:/data/user/0/org.codeaurora.ims:/system_ext/priv-app/ims:/system/lib:/system_ext/lib
09-10 09:45:22.047  1291  1291 D Zygote  : Forked child process 2180
09-10 09:45:22.047  1435  1607 W ActivityManager: Slow operation: 1117ms so far, now at startProcess: returned from zygote!
09-10 09:45:22.056  2180  2180 I libprocessgroup: Created cgroup /sys/fs/cgroup/system/uid_1027/pid_2180
09-10 09:45:22.064  2038  2038 W app_process: Bump pointer space is not aligned to 2048KB. This can lead to longer stop-the-world pauses for compaction
09-10 09:45:22.080  2080  2080 D nativeloader: Configuring clns-shared-8 for other apk /system_ext/framework/extphonelib.jar. target_sdk_version=34, uses_libraries=ALL, library_path=/system_ext/priv-app/QtiTelephonyWear/lib/arm:/system/lib:/system_ext/lib, permitted_path=/data:/mnt/expand:/data/user/0/com.qti.phone:/system_ext/priv-app/QtiTelephonyWear:/system/lib:/system_ext/lib
09-10 09:45:22.085  2180  2180 I Zygote  : Process 2180 created for com.google.android.nfc
09-10 09:45:22.085  2180  2180 I gle.android.nfc: Using generational CollectorTypeCMC GC.
09-10 09:45:22.092  2093  2093 D nativeloader: Configuring clns-shared-7 for other apk /system_ext/framework/qti-telephony-utils.jar. target_sdk_version=34, uses_libraries=ALL, library_path=/system_ext/priv-app/ims/lib/arm:/system_ext/priv-app/ims/ims.apk!/lib/armeabi-v7a:/system/lib:/system_ext/lib, permitted_path=/data:/mnt/expand:/data/user/0/org.codeaurora.ims:/system_ext/priv-app/ims:/system/lib:/system_ext/lib
09-10 09:45:22.109  1435  2141 W ActivityManager: Slow operation: 72ms so far, now at attachApplicationLocked: after updateOomAdjLocked
09-10 09:45:22.113  1435  1836 W ActivityManager: Slow operation: 117ms so far, now at finishAttachApplicationInner: after mServices.attachApplicationLocked
09-10 09:45:22.113  1435  1836 W ActivityManager: Slow operation: 118ms so far, now at finishAttachApplicationInner: after dispatching broadcasts
09-10 09:45:22.114  1435  1836 W ActivityManager: Slow operation: 118ms so far, now at finishAttachApplicationInner: after updateOomAdjLocked
09-10 09:45:22.115  1435  1435 D AnomalyReporter: Found a valid package com.google.android.apps.scone
09-10 09:45:22.127  2089  2089 D CompatChangeReporter: Compat change id reported: 458413887; UID 10129; state: ENABLED
09-10 09:45:22.132  1435  1607 W ActivityManager: Slow operation: 1201ms so far, now at startProcess: done updating battery stats
09-10 09:45:22.132  1435  1607 W ActivityManager: Slow operation: 1202ms so far, now at startProcess: building log message
09-10 09:45:22.133  1435  1607 I ActivityManager: Start proc 2180:com.google.android.nfc/1027 for added application com.google.android.nfc
09-10 09:45:22.136  1435  1607 W ActivityManager: Slow operation: 1206ms so far, now at startProcess: starting to update pids map
09-10 09:45:22.143  1435  1607 W ActivityManager: Slow operation: 1213ms so far, now at startProcess: done updating pids map
09-10 09:45:22.144  2093  2093 D nativeloader: Configuring clns-shared-8 for other apk /product/framework/ims-ext-common.jar. target_sdk_version=34, uses_libraries=ALL, library_path=/system_ext/priv-app/ims/lib/arm:/system_ext/priv-app/ims/ims.apk!/lib/armeabi-v7a:/system/lib:/system_ext/lib, permitted_path=/data:/mnt/expand:/data/user/0/org.codeaurora.ims:/system_ext/priv-app/ims:/system/lib:/system_ext/lib
09-10 09:45:22.147  2038  2038 D nativeloader: InitDefaultPublicLibraries for_preload=1: libandroid.so:libaaudio.so:libamidi.so:libbinder_ndk.so:libc.so:libcamera2ndk.so:libdl.so:libEGL.so:libGLESv1_CM.so:libGLESv2.so:libGLESv3.so:libicu.so:libicui18n.so:libicuuc.so:libjnigraphics.so:liblog.so:libmediandk.so:libm.so:libnativehelper.so:libnativewindow.so:libneuralnetworks.so:libOpenMAXAL.so:libOpenSLES.so:libRS.so:libstdc++.so:libsync.so:libvulkan.so:libz.so
09-10 09:45:22.148  1435  1607 W ActivityManager: Slow operation: 1205ms so far, now at startProcess: asking zygote to start proc
09-10 09:45:22.154  1918  1931 I libbinder.AidlLazyServiceRegistrar: Process has 0 (of 1 available) client(s) in use after notification media.codeclist.generator has clients: 0
09-10 09:45:22.154  1918  1931 I libbinder.AidlLazyServiceRegistrar: Trying to shut down the service. No clients in use for any service in process.
09-10 09:45:22.156  1918  1931 I libbinder.AidlLazyServiceRegistrar: Unregistered all clients and exiting
09-10 09:45:22.169  1435  1893 D WearWifiMediator: mNumConfiguredNetworks refreshed to: 355
09-10 09:45:22.187  1435  1836 D ConnectivityService: requestNetwork for uid/pid:1073/2017 activeRequest: null callbackRequest: 34 [NetworkRequest [ REQUEST id=35, [ Capabilities: INTERNET&NOT_RESTRICTED&TRUSTED&NOT_VCN_MANAGED&NOT_BANDWIDTH_CONSTRAINED Uid: 1073 RequestorUid: 1073 RequestorPkg: com.google.android.networkstack UnderlyingNetworks: Null] ]] callback flags: 0 order: 2147483647 isUidTracked: false declaredMethods: AVAIL|LOST
09-10 09:45:22.188  2172  2172 D nativeloader: Load libframework-connectivity-tiramisu-jni.so using APEX ns com_android_tethering for caller /apex/com.android.tethering/javalib/framework-connectivity-t.jar: ok
09-10 09:45:22.199  2055  2055 D nativeloader: Configuring clns-shared-6 for other apk /system_ext/priv-app/PersistentBackgroundServices-watch/PersistentBackgroundServices-watch.apk. target_sdk_version=33, uses_libraries=, library_path=/system_ext/priv-app/PersistentBackgroundServices-watch/lib/arm:/system/lib:/system_ext/lib, permitted_path=/data:/mnt/expand:/data/user/0/com.google.android.pixelsystemservice:/system_ext/priv-app/PersistentBackgroundServices-watch:/system/lib:/system_ext/lib
09-10 09:45:22.200  1435  1808 D NetworkRequestStateStatsMetrics: Registered nr with ID = 35, package_uid = 1073
09-10 09:45:22.201  1435  1808 D ConnectivityService: NetReassign [no changes] [c 0] [a 0] [i 0]
09-10 09:45:22.212  1435  1606 I system_server: Loaded APEX Infos from /apex/apex-info-list.xml
09-10 09:45:22.212  1291  1291 D Zygote  : Forked child process 2196
09-10 09:45:22.212  1435  1606 I system_server: getDeviceHalManifest: Successfully processed VINTF information
09-10 09:45:22.212  1435  1606 I system_server: getFrameworkHalManifest: Successfully processed VINTF information
09-10 09:45:22.213  1435  1606 W system_server: uname() reports kernel level 202404 but device manifest sets kernel level 7. Using kernel level 202404
09-10 09:45:22.213  1435  1606 I system_server: getFrameworkCompatibilityMatrix: Reading VINTF information.
09-10 09:45:22.215  2093  2093 D nativeloader: Configuring clns-shared-9 for other apk /system_ext/priv-app/ims/ims.apk. target_sdk_version=34, uses_libraries=, library_path=/system_ext/priv-app/ims/lib/arm:/system_ext/priv-app/ims/ims.apk!/lib/armeabi-v7a:/system/lib:/system_ext/lib, permitted_path=/data:/mnt/expand:/data/user/0/org.codeaurora.ims:/system_ext/priv-app/ims:/system/lib:/system_ext/lib
09-10 09:45:22.226  2055  2055 W elsystemservice: Monitor::Inflate: Install failed 0x7336d798
09-10 09:45:22.231  2055  2055 V GraphicsEnvironment: Currently set values for:
09-10 09:45:22.231  2055  2055 V GraphicsEnvironment:   angle_gl_driver_selection_pkgs=[]
09-10 09:45:22.232  2055  2055 V GraphicsEnvironment:   angle_gl_driver_selection_values=[]
09-10 09:45:22.232  2055  2055 V GraphicsEnvironment: com.google.android.pixelsystemservice is not listed in per-application setting
09-10 09:45:22.232  2055  2055 V GraphicsEnvironment: No special selections for ANGLE, returning default driver choice
09-10 09:45:22.234  2055  2055 V GraphicsEnvironment: Neither updatable production driver nor prerelease driver is supported.
09-10 09:45:22.237  2055  2055 I elsystemservice: Waiting for a blocking GC ClampGrowthLimit
09-10 09:45:22.238  2093  2093 W .codeaurora.ims: Monitor::Inflate: Install failed 0x7336d798
09-10 09:45:22.241  2080  2080 D nativeloader: Configuring clns-shared-9 for other apk /system_ext/framework/qti-telephony-utils.jar. target_sdk_version=34, uses_libraries=ALL, library_path=/system_ext/priv-app/QtiTelephonyWear/lib/arm:/system/lib:/system_ext/lib, permitted_path=/data:/mnt/expand:/data/user/0/com.qti.phone:/system_ext/priv-app/QtiTelephonyWear:/system/lib:/system_ext/lib
09-10 09:45:22.245  2093  2093 V GraphicsEnvironment: Currently set values for:
09-10 09:45:22.245  2093  2093 V GraphicsEnvironment:   angle_gl_driver_selection_pkgs=[]
09-10 09:45:22.246  2093  2093 V GraphicsEnvironment:   angle_gl_driver_selection_values=[]
09-10 09:45:22.246  2093  2093 V GraphicsEnvironment: org.codeaurora.ims is not listed in per-application setting
09-10 09:45:22.246  2093  2093 V GraphicsEnvironment: No special selections for ANGLE, returning default driver choice
09-10 09:45:22.248  2093  2093 V GraphicsEnvironment: Neither updatable production driver nor prerelease driver is supported.
09-10 09:45:22.257  2055  2055 I elsystemservice: WaitForGcToComplete blocked ClampGrowthLimit on CollectorTransition for 20.124ms
09-10 09:45:22.265  2196  2196 I libprocessgroup: Created cgroup /sys/fs/cgroup/apps/uid_10090/pid_2196
09-10 09:45:22.265  1435  1836 D CompatChangeReporter: Compat change id reported: 349487600; UID 1073; state: ENABLED
09-10 09:45:22.271  1435  1607 W ActivityManager: Slow operation: 1329ms so far, now at startProcess: returned from zygote!
09-10 09:45:22.272  1435  1607 W ActivityManager: Slow operation: 1329ms so far, now at startProcess: done updating battery stats
09-10 09:45:22.272  1435  1607 W ActivityManager: Slow operation: 1330ms so far, now at startProcess: building log message
09-10 09:45:22.273  1435  1607 I ActivityManager: Start proc 2196:.qtidataservices/u0a90 for added application .qtidataservices
09-10 09:45:22.273  1435  1607 W ActivityManager: Slow operation: 1330ms so far, now at startProcess: starting to update pids map
09-10 09:45:22.273  1435  1607 W ActivityManager: Slow operation: 1331ms so far, now at startProcess: done updating pids map
09-10 09:45:22.273  1435  1607 W ActivityManager: Slow operation: 1317ms so far, now at startProcess: asking zygote to start proc
09-10 09:45:22.277  1435  1808 D ConnectivityService: NetReassign [no changes] [c 0] [a 0] [i 5]
09-10 09:45:22.286  1435  1605 V NetworkStatsAccumulator: Expanding snapshot (mTemplate=NetworkTemplate: matchRule=WIFI, matchSubscriberIds=[], matchWifiNetworkKeys=[], mWithTags=true) from 1788971111724 to 1789006521529 at 1789013721529
09-10 09:45:22.289  2080  2080 D nativeloader: Configuring clns-shared-10 for other apk /system_ext/framework/qcrilhook.jar. target_sdk_version=34, uses_libraries=ALL, library_path=/system_ext/priv-app/QtiTelephonyWear/lib/arm:/system/lib:/system_ext/lib, permitted_path=/data:/mnt/expand:/data/user/0/com.qti.phone:/system_ext/priv-app/QtiTelephonyWear:/system/lib:/system_ext/lib
09-10 09:45:22.298  1291  1291 D Zygote  : Forked child process 2199
09-10 09:45:22.308  2199  2199 I libprocessgroup: Created cgroup /sys/fs/cgroup/system/uid_1001/pid_2199
09-10 09:45:22.309  1435  1607 W ActivityManager: Slow operation: 1352ms so far, now at startProcess: returned from zygote!
09-10 09:45:22.310  1435  1607 W ActivityManager: Slow operation: 1353ms so far, now at startProcess: done updating battery stats
09-10 09:45:22.311  1435  1607 I Watchdog: Interesting Java process com.android.phone started. Pid 2199
09-10 09:45:22.311  1435  1607 W ActivityManager: Slow operation: 1354ms so far, now at startProcess: building log message
09-10 09:45:22.311  1435  1607 I ActivityManager: Start proc 2199:com.android.phone/1001 for added application com.android.phone
09-10 09:45:22.312  1435  1607 W ActivityManager: Slow operation: 1355ms so far, now at startProcess: starting to update pids map
09-10 09:45:22.312  1435  1607 W ActivityManager: Slow operation: 1356ms so far, now at startProcess: done updating pids map
09-10 09:45:22.324  1435  1605 V NetworkStatsAccumulator: Expanding snapshot (mTemplate=NetworkTemplate: matchRule=MOBILE, matchSubscriberIds=[], matchWifiNetworkKeys=[], metered=YES, mWithTags=true) from 1788971111725 to 1789006522321 at 1789013722321
09-10 09:45:22.331  2038  2038 D nativeloader: Load libicu_jni.so using APEX ns com_android_art for caller /apex/com.android.art/javalib/core-oj.jar: ok
09-10 09:45:22.332  1435  1605 V NetworkStatsAccumulator: Expanding snapshot (mTemplate=NetworkTemplate: matchRule=ETHERNET, matchSubscriberIds=[], matchWifiNetworkKeys=[], oemManaged=OEM_PAID,OEM_PRIVATE, mWithTags=false) from 1788971111725 to 1789006522331 at 1789013722331
09-10 09:45:22.337  1435  1605 V NetworkStatsAccumulator: Expanding snapshot (mTemplate=NetworkTemplate: matchRule=ETHERNET, matchSubscriberIds=[], matchWifiNetworkKeys=[], oemManaged=OEM_PAID, mWithTags=false) from 1788971111724 to 1789006522335 at 1789013722335
09-10 09:45:22.338  2038  2038 D app_process: u_setTimeZoneFilesDirectory("/apex/com.android.tzdata/etc/tz/versioned/10/icu") succeeded. 
09-10 09:45:22.342  1435  1605 V NetworkStatsAccumulator: Expanding snapshot (mTemplate=NetworkTemplate: matchRule=ETHERNET, matchSubscriberIds=[], matchWifiNetworkKeys=[], oemManaged=OEM_PRIVATE, mWithTags=false) from 1788971111724 to 1789006522340 at 1789013722340
09-10 09:45:22.343  2038  2038 D app_process: I18n APEX ICU file found: /apex/com.android.i18n/etc/icu/icudt78l.dat
09-10 09:45:22.343  2199  2199 I Zygote  : Process 2199 created for com.android.phone
09-10 09:45:22.344  2199  2199 I m.android.phone: Using generational CollectorTypeCMC GC.
09-10 09:45:22.347  2038  2038 D nativeloader: Load libjavacore.so using APEX ns com_android_art for caller /apex/com.android.art/javalib/core-oj.jar: ok
09-10 09:45:22.351  2196  2196 I Zygote  : Process 2196 created for .qtidataservices
09-10 09:45:22.356  1435  1605 V NetworkStatsAccumulator: Expanding snapshot (mTemplate=NetworkTemplate: matchRule=MOBILE, matchSubscriberIds=[], matchWifiNetworkKeys=[], oemManaged=OEM_PAID,OEM_PRIVATE, mWithTags=false) from 1788971111724 to 1789006522344 at 1789013722344
09-10 09:45:22.360  2196  2196 I qtidataservices: Using generational CollectorTypeCMC GC.
09-10 09:45:22.363  2038  2038 D nativeloader: Load libopenjdk.so using APEX ns com_android_art for caller /apex/com.android.art/javalib/core-oj.jar: ok
09-10 09:45:22.365  2199  2199 D nativeloader: Load libframework-connectivity-tiramisu-jni.so using APEX ns com_android_tethering for caller /apex/com.android.tethering/javalib/framework-connectivity-t.jar: ok
09-10 09:45:22.368  1435  1605 V NetworkStatsAccumulator: Expanding snapshot (mTemplate=NetworkTemplate: matchRule=MOBILE, matchSubscriberIds=[], matchWifiNetworkKeys=[], oemManaged=OEM_PAID, mWithTags=false) from 1788971111724 to 1789006522366 at 1789013722366
09-10 09:45:22.378  2038  2038 I app_process: Priority-to-niceness mapping: 19, 16, 13, 10, 0, -2, -4, -5, -6, -8
09-10 09:45:22.381  1935  2160 I AdrenoGLES-0: QUALCOMM build                   : 3656bb992e, I0abb6f342e
09-10 09:45:22.381  1935  2160 I AdrenoGLES-0: Build Date                       : 09/08/25
09-10 09:45:22.381  1935  2160 I AdrenoGLES-0: OpenGL ES Shader Compiler Version: E031.47.18.42
09-10 09:45:22.381  1935  2160 I AdrenoGLES-0: Local Branch                     : 
09-10 09:45:22.381  1935  2160 I AdrenoGLES-0: Remote Branch                    : refs/tags/AU_LINUX_ANDROID_LA.VENDOR.15.4.1.11.00.00.1186.254
09-10 09:45:22.381  1935  2160 I AdrenoGLES-0: Remote Branch                    : NONE
09-10 09:45:22.381  1935  2160 I AdrenoGLES-0: Reconstruct Branch               : NOTHING
09-10 09:45:22.381  1935  2160 I AdrenoGLES-0: Build Config                     : S P 18.0.0 AArch32
09-10 09:45:22.382  1935  2160 I AdrenoGLES-0: Driver Path                      : /vendor/lib/egl/libGLESv2_adreno.so
09-10 09:45:22.382  1935  2160 I AdrenoGLES-0: Driver Version                   : 0800.56
09-10 09:45:22.382  1935  2160 I AdrenoGLES-0: Process Name                     : com.google.android.wearable.sysui
09-10 09:45:22.392  1935  2160 I AdrenoGLES-0: PFP: 0x017aa048, ME: 0x00000000
09-10 09:45:22.395  1968  2032 I GmsReceiverSupport: Registered Receiver for 12+1 IntentFilters
09-10 09:45:22.412  1968  2032 I Watchcat: Started
09-10 09:45:22.414  1968  1976 W GoogleCertificates: GoogleCertificates has been initialized already
09-10 09:45:22.433  2180  2180 D nativeloader: Load libframework-connectivity-tiramisu-jni.so using APEX ns com_android_tethering for caller /apex/com.android.tethering/javalib/framework-connectivity-t.jar: ok
09-10 09:45:22.435  1435  1435 I Telecom : SystemStateHelper: Registering broadcast receiver: android.content.IntentFilter@325883b: TS.init@AAA
09-10 09:45:22.378  2150  2150 D CompatChangeReporter: Compat change id reported: 333566037; UID 10132; state: ENABLED
09-10 09:45:22.448  2017  2017 D nativeloader: Configuring clns-shared-8 for other apk /apex/com.android.tethering/priv-app/TetheringGoogle@370546320/TetheringGoogle.apk. target_sdk_version=37, uses_libraries=, library_path=/apex/com.android.tethering/priv-app/TetheringGoogle@370546320/lib/arm:/apex/com.android.tethering/priv-app/TetheringGoogle@370546320/TetheringGoogle.apk!/lib/armeabi-v7a:/system/lib:/system_ext/lib, permitted_path=/data:/mnt/expand:/data/user_de/0/com.google.android.networkstack.tethering:/apex/com.android.tethering/priv-app/TetheringGoogle@370546320:/system/lib:/system_ext/lib
09-10 09:45:22.451  1435  1435 I Telecom : SystemStateHelper: Registering broadcast receiver: android.content.IntentFilter@d8a74b1: TS.init@AAA
09-10 09:45:22.491  1935  1935 E ViewRootImpl: SensitiveContentProtectionService shouldn't be null
09-10 09:45:22.493  1296  1312 D Diag_Lib: diag: Diag_LSM_Init: invoked for pid: 1296 with init_count: 0
09-10 09:45:22.493  1296  1312 D Diag_Lib: diag:failed to connect to diag socket
09-10 09:45:22.494  1296  1312 D Diag_Lib:  Diag_LSM_Init: Failed to open handle to diag driver, error = 111
09-10 09:45:22.495  1935  2155 E perf_hint: createSessionUsingConfig: PerformanceHint cannot create session. PowerHintSessions are not supported!
09-10 09:45:22.498  2196  2196 D nativeloader: Load libframework-connectivity-tiramisu-jni.so using APEX ns com_android_tethering for caller /apex/com.android.tethering/javalib/framework-connectivity-t.jar: ok
09-10 09:45:22.501  1435  2140 W InputChannel-JNI: Channel already disposed.
09-10 09:45:22.506  1935  1935 I Choreographer: Skipped 35 frames!  The application may be doing too much work on its main thread.
09-10 09:45:22.509  1296  1312 I ATS     : vendor/qcom/sw5100-lw4/proprietary-audio/args/acdb/ats/transports/diag/linux/actp/src/actp.c:actp_diag_init:105 Error[1]: Failed to initialize DIAG
09-10 09:45:22.509  1296  1312 E ATS     : vendor/qcom/sw5100-lw4/proprietary-audio/args/acdb/ats/src/ats.c:ats_init:143 Error[1]: Failed to initialize Diag
09-10 09:45:22.509  1296  1312 E ATS     : vendor/qcom/sw5100-lw4/proprietary-audio/args/acdb/ats/src/ats.c:ats_init:263 Error[1]: Failed to initialize ATS
09-10 09:45:22.509  1296  1312 E AGM: API: ats_init_thread: 64 ats_init failed retry 48 err 1
09-10 09:45:22.533  1435  1911 W ActivityManager: Slow operation: 55ms so far, now at attachApplicationLocked: after updateOomAdjLocked
09-10 09:45:22.540  2080  2080 D nativeloader: Configuring clns-shared-11 for other apk /system_ext/priv-app/QtiTelephonyWear/QtiTelephonyWear.apk. target_sdk_version=34, uses_libraries=, library_path=/system_ext/priv-app/QtiTelephonyWear/lib/arm:/system/lib:/system_ext/lib, permitted_path=/data:/mnt/expand:/data/user/0/com.qti.phone:/system_ext/priv-app/QtiTelephonyWear:/system/lib:/system_ext/lib
09-10 09:45:22.545  2150  2150 D nativeloader: Configuring clns-shared-6 for other apk /system/framework/clockwork-system.jar. target_sdk_version=37, uses_libraries=ALL, library_path=/system_ext/priv-app/ClockworkSystemUI/lib/arm:/system/lib:/system_ext/lib, permitted_path=/data:/mnt/expand:/data/user_de/0/com.google.android.apps.wearable.systemui:/system_ext/priv-app/ClockworkSystemUI:/system/lib:/system_ext/lib
09-10 09:45:22.559  2172  2172 D CompatChangeReporter: Compat change id reported: 333566037; UID 1068; state: ENABLED
09-10 09:45:22.561  1968  2032 I GMS_MM_Logger: (REDACTED) Start time: %s
09-10 09:45:22.561  1968  2032 I GMS_MM_Logger: Started.
09-10 09:45:22.575  2150  2150 D nativeloader: Configuring clns-shared-7 for other apk /system/framework/com.google.android.wearable.jar. target_sdk_version=37, uses_libraries=ALL, library_path=/system_ext/priv-app/ClockworkSystemUI/lib/arm:/system/lib:/system_ext/lib, permitted_path=/data:/mnt/expand:/data/user_de/0/com.google.android.apps.wearable.systemui:/system_ext/priv-app/ClockworkSystemUI:/system/lib:/system_ext/lib
09-10 09:45:22.594  2199  2199 D CompatChangeReporter: Compat change id reported: 333566037; UID 1001; state: ENABLED
09-10 09:45:22.606  2199  2199 D ApplicationLoaders: Returning zygote-cached class loader: /system/framework/org.apache.http.legacy.jar
09-10 09:45:22.608  1935  1935 I HWUI    : Using FreeType backend (prop=Auto)
09-10 09:45:22.626  1638  1642 I pixel-thermal: audio-therm:41.96 raw data: audio-therm:41960 
09-10 09:45:22.629  1638  1642 I pixel-thermal: sdm-skin-therm:42.975 raw data: sdm-skin-therm:42975 
09-10 09:45:22.633  1435  1435 I Telecom : TelecomMetricsController: TMC.m1: TS.init@AAA
09-10 09:45:22.633  1435  1435 I Telecom : TelecomMetricsController: TMC.m2: TS.init@AAA
09-10 09:45:22.638  1235  1235 I adbd    : adbd service requested 'shell,v2,TERM=xterm-256color,raw:content call --uri content://com.google.wear.services.bugreportprovider --method takeBugreport'
09-10 09:45:22.668  2038  2038 D nativeloader: Load libframework-connectivity-tiramisu-jni.so using APEX ns com_android_tethering for caller /apex/com.android.tethering/javalib/framework-connectivity-t.jar: ok
09-10 09:45:22.670  2038  2038 D AndroidRuntime: Calling main entry com.android.commands.content.Content
09-10 09:45:22.677  1435  1836 D WindowManager: setClientSurface Surface(name=VRI-TrayInitializationOverlay#1424)/@0xbb30f01 for 32aacaa TrayInitializationOverlay
09-10 09:45:22.682  1935  1935 I Surface : Creating surface for consumer unnamed-1935-0 with slotExpansion=1 for 64 slots
09-10 09:45:22.684  1935  1935 I Surface : Creating surface for consumer VRI[TrayInitializationOverlay]#0(BLAST Consumer)0 with slotExpansion=1 for 64 slots
09-10 09:45:22.689  1935  1935 D nativeloader: Load libstats_jni.so using APEX ns com_android_os_statsd for caller /apex/com.android.os.statsd/javalib/framework-statsd.jar: ok
09-10 09:45:22.695   528   528 I SnapAlloc: Using graphics libs for alignment calculations
09-10 09:45:22.696   528   528 D SnapAlloc: from handle - reserved size 4287787616 custom content metadata size 0
09-10 09:45:22.696   528   528 D SnapAlloc: Successfully mapped metadata 0x1
09-10 09:45:22.696   528   528 D SnapAlloc: from handle - reserved size 0 custom content metadata size 0
09-10 09:45:22.696   528   528 D SnapAlloc: Successfully mapped metadata 0x1
09-10 09:45:22.698  1935  2241 D SnapAlloc: from handle - reserved size 0 custom content metadata size 0
09-10 09:45:22.698  1935  2241 D SnapAlloc: Successfully mapped metadata 0x1
09-10 09:45:22.698   528   528 I SnapAlloc: Using graphics libs for alignment calculations
09-10 09:45:22.699   528   528 D SnapAlloc: from handle - reserved size 4287787616 custom content metadata size 0
09-10 09:45:22.699   528   528 D SnapAlloc: Successfully mapped metadata 0x1
09-10 09:45:22.700   528   528 D SnapAlloc: from handle - reserved size 0 custom content metadata size 0
09-10 09:45:22.700   528   528 D SnapAlloc: Successfully mapped metadata 0x1
09-10 09:45:22.702  1935  2241 D SnapAlloc: from handle - reserved size 0 custom content metadata size 0
09-10 09:45:22.702  1935  2241 D SnapAlloc: Successfully mapped metadata 0x1
09-10 09:45:22.702   528   528 I SnapAlloc: Using graphics libs for alignment calculations
09-10 09:45:22.703   528   528 D SnapAlloc: from handle - reserved size 4287787616 custom content metadata size 0
09-10 09:45:22.703   528   528 D SnapAlloc: Successfully mapped metadata 0x1
09-10 09:45:22.704   528   528 D SnapAlloc: from handle - reserved size 0 custom content metadata size 0
09-10 09:45:22.709  2038  2038 I AconfigPackage: com.android.os.statsd.flags is mapped to com.android.os.statsd
09-10 09:45:22.711   528   528 D SnapAlloc: Successfully mapped metadata 0x1
09-10 09:45:22.711  2038  2038 I AconfigPackage: com.android.uprobestats.flags is mapped to com.android.uprobestats
09-10 09:45:22.712  2038  2038 I AconfigPackage: android.uprobestats.mainline.flags is mapped to com.android.uprobestats
09-10 09:45:22.712  1935  2241 D SnapAlloc: from handle - reserved size 0 custom content metadata size 0
09-10 09:45:22.712  1935  2241 D SnapAlloc: Successfully mapped metadata 0x1
09-10 09:45:22.712   528   528 I SnapAlloc: Using graphics libs for alignment calculations
09-10 09:45:22.713   528   528 D SnapAlloc: from handle - reserved size 4287787616 custom content metadata size 0
09-10 09:45:22.713   528   528 D SnapAlloc: Successfully mapped metadata 0x1
09-10 09:45:22.713   528   528 D SnapAlloc: from handle - reserved size 0 custom content metadata size 0
09-10 09:45:22.713   528   528 D SnapAlloc: Successfully mapped metadata 0x1
09-10 09:45:22.714  1935  2241 D SnapAlloc: from handle - reserved size 0 custom content metadata size 0
09-10 09:45:22.715  1935  2241 D SnapAlloc: Successfully mapped metadata 0x1
09-10 09:45:22.716  2150  2150 W arable.systemui: ClassLoaderContext shared library size mismatch. Expected=1, found=0 (PCL[]{PCL[/system_ext/framework/pele-runtime.jar*2816955534]{PCL[/system/framework/com.google.android.wearable.jar*709817027]}} | PCL[])
09-10 09:45:22.716  2038  2038 I AconfigPackage: com.android.media.extractor.flags is mapped to com.android.media
09-10 09:45:22.716  2038  2038 I AconfigPackage: com.android.media.metrics.flags is mapped to com.android.media
09-10 09:45:22.717  2038  2038 I AconfigPackage: com.android.media.mainline.flags is mapped to com.android.media
09-10 09:45:22.720  2038  2038 I AconfigPackage: com.android.adservices.flags is mapped to com.android.adservices
09-10 09:45:22.720  2038  2038 I AconfigPackage: com.android.sdksandbox.flags is mapped to com.android.adservices
09-10 09:45:22.720  2038  2038 I AconfigPackage: android.app.sdksandbox.flags is mapped to com.android.adservices
09-10 09:45:22.723  2038  2038 I AconfigPackage: com.android.npumanager is mapped to com.android.npumanager
09-10 09:45:22.725  2038  2038 I AconfigPackage: com.android.appsearch.flags is mapped to com.android.appsearch
09-10 09:45:22.726  2038  2038 I AconfigPackage: com.android.crashrecovery.flags is mapped to com.android.crashrecovery
09-10 09:45:22.728  2038  2038 I AconfigPackage: com.android.tethering.mainline.beta is mapped to com.android.tethering
09-10 09:45:22.728  2038  2038 I AconfigPackage: android.net.http is mapped to com.android.tethering
09-10 09:45:22.728  2038  2038 I AconfigPackage: com.android.tethering.readonly.flags is mapped to com.android.tethering
09-10 09:45:22.728  2038  2038 I AconfigPackage: android.net.vcn is mapped to com.android.tethering
09-10 09:45:22.728  2038  2038 I AconfigPackage: com.android.net.flags is mapped to com.android.tethering
09-10 09:45:22.729  2038  2038 I AconfigPackage: com.android.tethering.flags is mapped to com.android.tethering
09-10 09:45:22.729  2038  2038 I AconfigPackage: com.android.tethering.beta.test is mapped to com.android.tethering
09-10 09:45:22.729  2038  2038 I AconfigPackage: com.android.nearby.flags is mapped to com.android.tethering
09-10 09:45:22.729  2038  2038 I AconfigPackage: com.android.net.thread.flags is mapped to com.android.tethering
09-10 09:45:22.729  2038  2038 I AconfigPackage: com.android.net.ct.flags is mapped to com.android.tethering
09-10 09:45:22.730  2038  2038 I AconfigPackage: com.android.nfc.module.flags is mapped to com.android.nfcservices
09-10 09:45:22.730  2038  2038 I AconfigPackage: com.android.nfc.module.nonexported.flags is mapped to com.android.nfcservices
09-10 09:45:22.732   523   655 D SnapAlloc: from handle - reserved size 0 custom content metadata size 0
09-10 09:45:22.732   523   655 D SnapAlloc: Successfully mapped metadata 0x1
09-10 09:45:22.733  1935  1935 D WindowOnBackDispatcher: setTopOnBackInvokedCallback (unwrapped): android.app.Activity$$ExternalSyntheticLambda0@932c981
09-10 09:45:22.733  1935  1935 D WindowOnBackDispatcher: setTopOnBackInvokedCallback (unwrapped): com.google.android.wearable.sysui.mainui.activity.SysUiActivity@ded794
09-10 09:45:22.734  1935  1935 D VRI[SysUiActivity]: WindowInsets changed: 384x384 
09-10 09:45:22.735  1435  1605 V NetworkStatsAccumulator: Expanding snapshot (mTemplate=NetworkTemplate: matchRule=MOBILE, matchSubscriberIds=[], matchWifiNetworkKeys=[], oemManaged=OEM_PRIVATE, mWithTags=false) from 1788971111724 to 1789006522733 at 1789013722733
09-10 09:45:22.736  1435  1996 D WindowManager: setClientSurface Surface(name=VRI-com.google.android.wearable.sysui/com.google.android.wearable.sysui.mainui.activity.SysUiActivity#1425)/@0x9c09a3d for 8cfffa3 com.google.android.wearable.sysui/com.google.android.wearable.sysui.mainui.activity.SysUiActivity
09-10 09:45:22.736  2038  2038 I AconfigPackage: com.android.uwb.flags is mapped to com.android.uwb
09-10 09:45:22.737  2038  2038 I AconfigPackage: com.android.ranging.flags is mapped to com.android.uwb
09-10 09:45:22.738  2038  2038 I AconfigPackage: com.android.rkpd.flags is mapped to com.android.rkpd
09-10 09:45:22.739  1935  1935 I Surface : Creating surface for consumer unnamed-1935-1 with slotExpansion=1 for 64 slots
09-10 09:45:22.740  1935  1935 I Surface : Creating surface for consumer VRI[SysUiActivity]#1(BLAST Consumer)1 with slotExpansion=1 for 64 slots
09-10 09:45:22.741  2038  2038 I AconfigPackage: com.android.system.virtualmachine.flags is mapped to com.android.virt
09-10 09:45:22.744   528   528 I SnapAlloc: Using graphics libs for alignment calculations
09-10 09:45:22.745   528   528 D SnapAlloc: from handle - reserved size 4287787616 custom content metadata size 0
09-10 09:45:22.745  2038  2038 I AconfigPackage: com.android.org.conscrypt.flags is mapped to com.android.conscrypt
09-10 09:45:22.745  2038  2038 I AconfigPackage: com.android.org.conscrypt.net.flags is mapped to com.android.conscrypt
09-10 09:45:22.745   528   528 D SnapAlloc: Successfully mapped metadata 0x1
09-10 09:45:22.745   528   528 D SnapAlloc: from handle - reserved size 0 custom content metadata size 0
09-10 09:45:22.745   528   528 D SnapAlloc: Successfully mapped metadata 0x1
09-10 09:45:22.746  1935  2243 D SnapAlloc: from handle - reserved size 0 custom content metadata size 0
09-10 09:45:22.746  1935  2243 D SnapAlloc: Successfully mapped metadata 0x1
09-10 09:45:22.748  1435  1605 V NetworkStatsAccumulator: Expanding snapshot (mTemplate=NetworkTemplate: matchRule=WIFI, matchSubscriberIds=[], matchWifiNetworkKeys=[], oemManaged=OEM_PAID,OEM_PRIVATE, mWithTags=false) from 1788971111725 to 1789006522745 at 1789013722745
09-10 09:45:22.748   528   528 I SnapAlloc: Using graphics libs for alignment calculations
09-10 09:45:22.749   523   655 D SnapAlloc: from handle - reserved size 0 custom content metadata size 0
09-10 09:45:22.749   523   655 D SnapAlloc: Successfully mapped metadata 0x1
09-10 09:45:22.749   528   528 D SnapAlloc: from handle - reserved size 4287787616 custom content metadata size 0
09-10 09:45:22.750   528   528 D SnapAlloc: Successfully mapped metadata 0x1
09-10 09:45:22.751   528   528 D SnapAlloc: from handle - reserved size 0 custom content metadata size 0
09-10 09:45:22.751   528   528 D SnapAlloc: Successfully mapped metadata 0x1
09-10 09:45:22.751  1935  2243 D SnapAlloc: from handle - reserved size 0 custom content metadata size 0
09-10 09:45:22.751  1935  2243 D SnapAlloc: Successfully mapped metadata 0x1
09-10 09:45:22.752   528  5560 I SnapAlloc: Using graphics libs for alignment calculations
09-10 09:45:22.752  1435  1605 V NetworkStatsAccumulator: Expanding snapshot (mTemplate=NetworkTemplate: matchRule=WIFI, matchSubscriberIds=[], matchWifiNetworkKeys=[], oemManaged=OEM_PAID, mWithTags=false) from 1788971111725 to 1789006522751 at 1789013722751
09-10 09:45:22.752   528  5560 D SnapAlloc: from handle - reserved size 3861621096 custom content metadata size 0
09-10 09:45:22.753   528  5560 D SnapAlloc: Successfully mapped metadata 0x1
09-10 09:45:22.753   528  5560 D SnapAlloc: from handle - reserved size 0 custom content metadata size 0
09-10 09:45:22.753   528  5560 D SnapAlloc: Successfully mapped metadata 0x1
09-10 09:45:22.754  1935  2243 D SnapAlloc: from handle - reserved size 0 custom content metadata size 0
09-10 09:45:22.754  1935  2243 D SnapAlloc: Successfully mapped metadata 0x1
09-10 09:45:22.754   528   528 I SnapAlloc: Using graphics libs for alignment calculations
09-10 09:45:22.755  1435  2146 W libbinder.ServiceManagerCppClient: Permission failure: android.permission.ACCESS_SURFACE_FLINGER from uid=10068 pid=0
09-10 09:45:22.755  1435  2146 D libbinder.PermissionCache: checking android.permission.ACCESS_SURFACE_FLINGER for uid=10068 => denied (220 us)
09-10 09:45:22.756  1435  1605 V NetworkStatsAccumulator: Expanding snapshot (mTemplate=NetworkTemplate: matchRule=WIFI, matchSubscriberIds=[], matchWifiNetworkKeys=[], oemManaged=OEM_PRIVATE, mWithTags=false) from 1788971111724 to 1789006522754 at 1789013722754
09-10 09:45:22.760  1935  1949 I HWUI    : Davey! duration=815ms; Flags=1, FrameTimelineVsyncId=2053466, IntendedVsync=35410195793256, Vsync=35410779126566, InputEventId=0, HandleInputStart=35410782989040, AnimationStart=35410783050863, PerformTraversalsStart=35410783054613, DrawStart=35410973025706, FrameDeadline=35410229293256, FrameStartTime=35410782153259, FrameInterval=16666666, WorkloadTarget=33500000, AnimationTime=35410779126566, SyncQueued=35410979933883, SyncStart=35410980244665, IssueDrawCommandsStart=35410980411383, SwapBuffers=35411005065863, FrameCompleted=35411011500654, DequeueBufferDuration=30000, QueueBufferDuration=667812, GpuCompleted=35411011500654, SwapBuffersCompleted=35411007707842, DisplayPresentTime=0, CommandSubmissionCompleted=35411005065863, 
09-10 09:45:22.764  1435  2146 W libbinder.ServiceManagerCppClient: Permission failure: android.permission.ROTATE_SURFACE_FLINGER from uid=10068 pid=0
09-10 09:45:22.764  1435  2146 D libbinder.PermissionCache: checking android.permission.ROTATE_SURFACE_FLINGER for uid=10068 => denied (9178 us)
09-10 09:45:22.764   528   528 D SnapAlloc: from handle - reserved size 4287787616 custom content metadata size 0
09-10 09:45:22.764  1435  2146 D libbinder.PermissionCache: checking android.permission.INTERNAL_SYSTEM_WINDOW for uid=10068 => granted (134 us)
09-10 09:45:22.765   528   528 D SnapAlloc: Successfully mapped metadata 0x1
09-10 09:45:22.765  1435  2146 D libbinder.PermissionCache: checking android.permission.READ_FRAME_BUFFER for uid=10068 => granted (79 us)
09-10 09:45:22.765   528   528 D SnapAlloc: from handle - reserved size 0 custom content metadata size 0
09-10 09:45:22.765   528   528 D SnapAlloc: Successfully mapped metadata 0x1
09-10 09:45:22.765  2038  2038 I AconfigPackage: android.media.swcodec.flags is mapped to com.android.media.swcodec
09-10 09:45:22.767  2038  2038 I AconfigPackage: com.android.ipsec.flags is mapped to com.android.ipsec
09-10 09:45:22.768  2038  2038 I AconfigPackage: com.android.cellbroadcastreceiver.flags is mapped to com.android.cellbroadcast
09-10 09:45:22.769  1435  1605 V NetworkStatsAccumulator: Expanding snapshot (mTemplate=NetworkTemplate: matchRule=PROXY, matchSubscriberIds=[], matchWifiNetworkKeys=[], mWithTags=false) from 1788971111725 to 1789006522764 at 1789013722764
09-10 09:45:22.770  1935  2243 D SnapAlloc: from handle - reserved size 0 custom content metadata size 0
09-10 09:45:22.770  1935  1935 E SysUI   : [ColorThemeSettingsImpl]Missing or invalid accent palette color.
09-10 09:45:22.770  1935  1935 E SysUI   : org.json.JSONException: No value for android.theme.customization.accent_color
09-10 09:45:22.770  1935  1935 E SysUI   : 	at org.json.JSONObject.get(JSONObject.java:398)
09-10 09:45:22.770  1935  1935 E SysUI   : 	at org.json.JSONObject.getString(JSONObject.java:559)
09-10 09:45:22.770  1935  1935 E SysUI   : 	at jhd.b(PG:79)
09-10 09:45:22.770  1935  1935 E SysUI   : 	at jhd.c(PG:83)
09-10 09:45:22.770  1935  1935 E SysUI   : 	at jhb.run(PG:17)
09-10 09:45:22.770  1935  1935 E SysUI   : 	at java.util.concurrent.Executors$RunnableAdapter.call(Executors.java:520)
09-10 09:45:22.770  1935  1935 E SysUI   : 	at java.util.concurrent.FutureTask.run(FutureTask.java:328)
09-10 09:45:22.770  1935  1935 E SysUI   : 	at gkx.run(PG:140)
09-10 09:45:22.770  1935  1935 E SysUI   : 	at android.os.Handler.handleCallback(Handler.java:1095)
09-10 09:45:22.770  1935  1935 E SysUI   : 	at android.os.Handler.dispatchMessageImpl(Handler.java:135)
09-10 09:45:22.770  1935  1935 E SysUI   : 	at android.os.Handler.dispatchMessage(Handler.java:125)
09-10 09:45:22.770  1935  1935 E SysUI   : 	at android.os.Looper.loopOnce(Looper.java:296)
09-10 09:45:22.770  1935  1935 E SysUI   : 	at android.os.Looper.loop(Looper.java:397)
09-10 09:45:22.770  1935  1935 E SysUI   : 	at android.app.ActivityThread.main(ActivityThread.java:9523)
09-10 09:45:22.770  1935  1935 E SysUI   : 	at java.lang.reflect.Method.invoke(Native Method)
09-10 09:45:22.770  1935  1935 E SysUI   : 	at com.android.internal.os.RuntimeInit$MethodAndArgsCaller.run(RuntimeInit.java:575)
09-10 09:45:22.770  1935  1935 E SysUI   : 	at com.android.internal.os.ZygoteInit.main(ZygoteInit.java:939)
09-10 09:45:22.770  1935  2243 D SnapAlloc: Successfully mapped metadata 0x1
09-10 09:45:22.771  1935  1935 E SysUI   : [ColorThemeSettingsImpl]Missing or invalid accent palette color.
09-10 09:45:22.771  1935  1935 E SysUI   : org.json.JSONException: No value for android.theme.customization.accent_color
09-10 09:45:22.771  1935  1935 E SysUI   : 	at org.json.JSONObject.get(JSONObject.java:398)
09-10 09:45:22.771  1935  1935 E SysUI   : 	at org.json.JSONObject.getString(JSONObject.java:559)
09-10 09:45:22.771  1935  1935 E SysUI   : 	at jhd.b(PG:79)
09-10 09:45:22.771  1935  1935 E SysUI   : 	at jhd.c(PG:83)
09-10 09:45:22.771  1935  1935 E SysUI   : 	at hdi.accept(PG:20)
09-10 09:45:22.771  1935  1935 E SysUI   : 	at him.run(PG:6)
09-10 09:45:22.771  1935  1935 E SysUI   : 	at java.util.concurrent.Executors$RunnableAdapter.call(Executors.java:520)
09-10 09:45:22.771  1935  1935 E SysUI   : 	at java.util.concurrent.FutureTask.run(FutureTask.java:328)
09-10 09:45:22.771  1935  1935 E SysUI   : 	at gkx.run(PG:140)
09-10 09:45:22.771  1935  1935 E SysUI   : 	at android.os.Handler.handleCallback(Handler.java:1095)
09-10 09:45:22.771  1935  1935 E SysUI   : 	at android.os.Handler.dispatchMessageImpl(Handler.java:135)
09-10 09:45:22.771  1935  1935 E SysUI   : 	at android.os.Handler.dispatchMessage(Handler.java:125)
09-10 09:45:22.771  1935  1935 E SysUI   : 	at android.os.Looper.loopOnce(Looper.java:296)
09-10 09:45:22.771  1935  1935 E SysUI   : 	at android.os.Looper.loop(Looper.java:397)
09-10 09:45:22.771  1935  1935 E SysUI   : 	at android.app.ActivityThread.main(ActivityThread.java:9523)
09-10 09:45:22.771  1935  1935 E SysUI   : 	at java.lang.reflect.Method.invoke(Native Method)
09-10 09:45:22.771  1935  1935 E SysUI   : 	at com.android.internal.os.RuntimeInit$MethodAndArgsCaller.run(RuntimeInit.java:575)
09-10 09:45:22.771  1935  1935 E SysUI   : 	at com.android.internal.os.ZygoteInit.main(ZygoteInit.java:939)
09-10 09:45:22.773  1935  1949 I HWUI    : Davey! duration=828ms; Flags=1, FrameTimelineVsyncId=2053466, IntendedVsync=35410195793256, Vsync=35410779126566, InputEventId=0, HandleInputStart=35410782989040, AnimationStart=35410783050863, PerformTraversalsStart=35410783054613, DrawStart=35411019020185, FrameDeadline=35410229293256, FrameStartTime=35410782153259, FrameInterval=16666666, WorkloadTarget=33500000, AnimationTime=35410779126566, SyncQueued=35411019585238, SyncStart=35411019912060, IssueDrawCommandsStart=35411020115602, SwapBuffers=35411023178206, FrameCompleted=35411024831904, DequeueBufferDuration=2084063, QueueBufferDuration=735990, GpuCompleted=35411023737477, SwapBuffersCompleted=35411024831904, DisplayPresentTime=0, CommandSubmissionCompleted=35411023178206, 
09-10 09:45:22.773  2038  2038 I AconfigPackage: android.telecom.flags is mapped to com.android.telephonycore
09-10 09:45:22.773  2038  2038 I AconfigPackage: com.android.internal.telecom.flags is mapped to com.android.telephonycore
09-10 09:45:22.774  2038  2038 I AconfigPackage: com.android.telephony.flags is mapped to com.android.telephonycore
09-10 09:45:22.775  2038  2038 I AconfigPackage: com.android.devicelock.flags is mapped to com.android.devicelock
09-10 09:45:22.777  2038  2038 I AconfigPackage: com.android.permission.flags is mapped to com.android.permission
09-10 09:45:22.777  2038  2038 I AconfigPackage: com.android.permissioncontroller.flags is mapped to com.android.permission
09-10 09:45:22.777  2055  2055 D PixelSystemService: This device doesn't support multiple users.
09-10 09:45:22.779  2038  2038 I AconfigPackage: com.android.icu is mapped to com.android.i18n
09-10 09:45:22.780  2038  2038 I AconfigPackage: com.android.adservices.ondevicepersonalization.flags is mapped to com.android.ondevicepersonalization
09-10 09:45:22.781  1935  1935 E SysUI   : [DefaultNotificationPattern]Vibration pattern in overlay is NULL.
09-10 09:45:22.782  2038  2038 I AconfigPackage: com.android.wifi.flags is mapped to com.android.wifi
09-10 09:45:22.784  2038  2038 I AconfigPackage: com.android.webapp.flags is mapped to com.android.webapp
09-10 09:45:22.785  2038  2038 I AconfigPackage: android.os.profiling is mapped to com.android.profiling
09-10 09:45:22.785  2038  2038 I AconfigPackage: android.os.profiling.anomaly.flags is mapped to com.android.profiling
09-10 09:45:22.787  2038  2038 I AconfigPackage: com.android.healthfitness.flags is mapped to com.android.healthfitness
09-10 09:45:22.788  1435  2139 W ActivityManager: Slow operation: 110ms so far, now at attachApplicationLocked: after updateOomAdjLocked
09-10 09:45:22.789  2038  2038 I AconfigPackage: com.android.art.flags is mapped to com.android.art
09-10 09:45:22.790  2038  2038 I AconfigPackage: com.android.art.rw.flags is mapped to com.android.art
09-10 09:45:22.790  2038  2038 I AconfigPackage: com.android.libcore is mapped to com.android.art
09-10 09:45:22.792  2038  2038 I AconfigPackage: android.provider.flags is mapped to com.android.configinfrastructure
09-10 09:45:22.792  2038  2038 I AconfigPackage: com.android.server.deviceconfig is mapped to com.android.configinfrastructure
09-10 09:45:22.794  2038  2038 I AconfigPackage: com.google.android.widevine.flags is mapped to com.google.android.widevine
09-10 09:45:22.796  2038  2038 I AconfigPackage: com.android.adbd.flags is mapped to com.android.adbd
09-10 09:45:22.798  2038  2038 I AconfigPackage: android.graphics.pdf.flags is mapped to com.android.mediaprovider
09-10 09:45:22.798  2038  2038 I AconfigPackage: com.android.providers.media.flags is mapped to com.android.mediaprovider
09-10 09:45:22.798  2038  2038 I AconfigPackage: android.graphics.pdf.flags.readonly is mapped to com.android.mediaprovider
09-10 09:45:22.800  2038  2038 I AconfigPackage: com.android.bluetooth.beta.flags is mapped to com.android.bt
09-10 09:45:22.800  2038  2038 I AconfigPackage: com.android.bluetooth.flags is mapped to com.android.bt
09-10 09:45:22.801  2199  2199 D nativeloader: Configuring clns-shared-6 for other apk /system/priv-app/TeleService/TeleService.apk. target_sdk_version=37, uses_libraries=, library_path=/system/priv-app/TeleService/lib/arm:/system/lib:/system_ext/lib, permitted_path=/data:/mnt/expand:/data/user_de/0/com.android.phone:/system/priv-app/TeleService:/system/lib:/system_ext/lib
09-10 09:45:22.803  2038  2038 E FeatureFlagsImplExport: android.os.flagging.AconfigStorageReadException: ERROR_PACKAGE_NOT_FOUND: package android.xr cannot be found on the device
09-10 09:45:22.809  1435  1822 W OverlayManager: service 'idmap' died
09-10 09:45:22.810  1435  1605 V NetworkStatsAccumulator: Expanding snapshot (mTemplate=NetworkTemplate: matchRule=ALL, matchSubscriberIds=[], matchWifiNetworkKeys=[], transportTypes=[3], mWithTags=true) from 1788971111724 to 1789006522807 at 1789013722807
09-10 09:45:22.817  1435  1605 V NetworkStatsAccumulator: Expanding snapshot (mTemplate=NetworkTemplate: matchRule=ALL, matchSubscriberIds=[], matchWifiNetworkKeys=[], transportTypes=[10], mWithTags=true) from 1788971111725 to 1789006522815 at 1789013722815
09-10 09:45:22.843  2150  2150 D nativeloader: Configuring clns-shared-8 for other apk /system/framework/clockwork-ambient.jar. target_sdk_version=37, uses_libraries=ALL, library_path=/system_ext/priv-app/ClockworkSystemUI/lib/arm:/system/lib:/system_ext/lib, permitted_path=/data:/mnt/expand:/data/user_de/0/com.google.android.apps.wearable.systemui:/system_ext/priv-app/ClockworkSystemUI:/system/lib:/system_ext/lib
09-10 09:45:22.862  1435  2140 D CoreBackPreview: Window{8cfffa3 u0 com.google.android.wearable.sysui/com.google.android.wearable.sysui.mainui.activity.SysUiActivity}: Setting back callback OnBackInvokedCallbackInfo{mCallback=android.window.IOnBackInvokedCallback$Stub$Proxy@3bfb1d, mPriority=-1, mIsAnimationCallback=false, mOverrideBehavior=0}
09-10 09:45:22.863  1435  1996 D CoreBackPreview: Window{8cfffa3 u0 com.google.android.wearable.sysui/com.google.android.wearable.sysui.mainui.activity.SysUiActivity}: Setting back callback OnBackInvokedCallbackInfo{mCallback=android.window.IOnBackInvokedCallback$Stub$Proxy@57af192, mPriority=0, mIsAnimationCallback=false, mOverrideBehavior=0}
09-10 09:45:22.867  1935  1935 W GestureInputManagerModule: Wear Gesture Detection is not available.
09-10 09:45:22.870  2199  2199 W m.android.phone: Monitor::Inflate: Install failed 0x7336d798
09-10 09:45:22.874  2055  2055 I cdas-BroadcastProxyService: start
09-10 09:45:22.876  2172  2172 D nativeloader: Configuring clns-shared-6 for other apk /system/app/SecureElement/SecureElement.apk. target_sdk_version=37, uses_libraries=, library_path=/system/app/SecureElement/lib/arm:/system/lib:/system_ext/lib, permitted_path=/data:/mnt/expand:/data/user_de/0/com.android.se:/system/app/SecureElement:/system/lib:/system_ext/lib
09-10 09:45:22.883  2199  2199 V GraphicsEnvironment: Currently set values for:
09-10 09:45:22.884  2199  2199 V GraphicsEnvironment:   angle_gl_driver_selection_pkgs=[]
09-10 09:45:22.885  2172  2172 W com.android.se: Monitor::Inflate: Install failed 0x7336d798
09-10 09:45:22.888  2199  2199 V GraphicsEnvironment:   angle_gl_driver_selection_values=[]
09-10 09:45:22.888  2199  2199 V GraphicsEnvironment: com.android.phone is not listed in per-application setting
09-10 09:45:22.889  2199  2199 V GraphicsEnvironment: No special selections for ANGLE, returning default driver choice
09-10 09:45:22.890  2172  2172 V GraphicsEnvironment: Currently set values for:
09-10 09:45:22.890  2172  2172 V GraphicsEnvironment:   angle_gl_driver_selection_pkgs=[]
09-10 09:45:22.890  2172  2172 V GraphicsEnvironment:   angle_gl_driver_selection_values=[]
09-10 09:45:22.890  2172  2172 V GraphicsEnvironment: com.android.se is not listed in per-application setting
09-10 09:45:22.891  2199  2199 V GraphicsEnvironment: Neither updatable production driver nor prerelease driver is supported.
09-10 09:45:22.891  2172  2172 V GraphicsEnvironment: No special selections for ANGLE, returning default driver choice
09-10 09:45:22.894  2172  2172 V GraphicsEnvironment: Neither updatable production driver nor prerelease driver is supported.
09-10 09:45:22.898  2150  2150 D nativeloader: Configuring clns-shared-9 for other apk /system_ext/priv-app/ClockworkSystemUI/ClockworkSystemUI.apk. target_sdk_version=37, uses_libraries=, library_path=/system_ext/priv-app/ClockworkSystemUI/lib/arm:/system/lib:/system_ext/lib, permitted_path=/data:/mnt/expand:/data/user_de/0/com.google.android.apps.wearable.systemui:/system_ext/priv-app/ClockworkSystemUI:/system/lib:/system_ext/lib
09-10 09:45:22.906  2172  2172 D CompatChangeReporter: Compat change id reported: 407952621; UID 1068; state: ENABLED
09-10 09:45:22.906  2172  2172 D CompatChangeReporter: Compat change id reported: 419020719; UID 1068; state: ENABLED
09-10 09:45:22.913  2199  2199 D CompatChangeReporter: Compat change id reported: 407952621; UID 1001; state: ENABLED
09-10 09:45:22.913  2199  2199 D CompatChangeReporter: Compat change id reported: 419020719; UID 1001; state: ENABLED
09-10 09:45:22.921  1435  1461 V WindowManager: Playing [FALLBACK] animation for #1 @0
09-10 09:45:22.947  1435  1457 I ActivityTaskManager: Displayed com.google.android.wearable.sysui/.mainui.activity.SysUiActivity for user 0: +1s900ms
09-10 09:45:22.947  1435  1457 I ActivityTaskManager: Fully drawn com.google.android.wearable.sysui/.mainui.activity.SysUiActivity: +1s900ms
09-10 09:45:22.949  1435  1457 V WindowManager: Sent Transition (#1) createdAt=09-10 09:45:21.014 via request=TransitionRequestInfo { type = OPEN, triggerTask = TaskInfo{userId=0 taskId=2 effectiveUid=10068 displayId=0 isRunning=true baseIntent=Intent { act=android.intent.action.MAIN cat=[android.intent.category.HOME] flg=0x10800100 cmp=com.google.android.wearable.sysui/.mainui.activity.SysUiActivity } baseActivity=ComponentInfo{com.google.android.wearable.sysui/com.google.android.wearable.sysui.mainui.activity.SysUiActivity} topActivity=ComponentInfo{com.google.android.wearable.sysui/com.google.android.wearable.sysui.mainui.activity.SysUiActivity} origActivity=null realActivity=ComponentInfo{com.google.android.wearable.sysui/com.google.android.wearable.sysui.mainui.activity.SysUiActivity} realActivityIsAppLockEnabled=false numActivities=1 lastActiveTime=35409318 supportsMultiWindow=false supportsMultiWindowWithoutConstraints=false resizeMode=0 isResizeable=false minWidth=-1 minHeight=-1 defaultMinSize=220 token=WCT{RemoteToken{513a2d1 Task{309e03f #2 type=home A=10068:com.google.android.wearable.sysui nonResizable}}} topActivityType=2 pictureInPictureParams=null shouldDockBigOverlays=false launchIntoPipHostTaskId=-1 lastParentTaskIdBeforePip=-1 displayCutoutSafeInsets=Rect(0, 0 - 0, 0) topActivityInfo=ActivityInfo{39e3136 com.google.android.wearable.sysui.mainui.activity.SysUiActivity} launchCookies=[] positionInParent=Point(0, 0) parentTaskId=-1 isFocused=true isInteractive=true isVisible=false isVisibleRequested=true isTopActivityNoDisplay=false isSleeping=false locusId=null displayAreaFeatureId=1 isTopActivityTransparent=false isActivityStackTransparent=false lastNonFullscreenBounds=Rect(54, 54 - 330, 330) leafTaskBoundsFromOptions= false capturedLink=null capturedLinkTimestamp=0 requestedVisibleTypes=503 topActivityRequestOpenInBrowserEducationTimestamp=0 appCompatTaskInfo=AppCompatTaskInfo { topActivityInSizeCompat=false isLeafTask= true eligibleForLetterboxEducation= false isLetterboxEducationEnabled= false isLetterboxDoubleTapEnabled= false eligibleForUserAspectRatioButton= false topActivityBoundsLetterboxed= false isFromLetterboxDoubleTap= false topActivityLetterboxVerticalPosition= -1 topActivityLetterboxHorizontalPosition= -1 topActivityLetterboxWidth=-1 topActivityLetterboxHeight=-1 topActivityAppBounds=Rect(0, 0 - 384, 384) isUserFullscreenOverrideEnabled=false isSystemFullscreenOverrideEnabled=false hasMinAspectRatioOverride=false topActivityLetterboxBounds=null topNonResizableActivityAspectRatio=-1.0} topActivityMainWindowFrame=null isAppBubble=false}, pipChange = null, remoteTransitionInfo = null, displayChanges = null, requestedLocation = null, userChange = null, windowingLayerChange = null, fullscreenRequestChange = null, flags = 0, debugId = 1 }
09-10 09:45:22.952  1435  1457 V WindowManager:     startWCT=WindowContainerTransaction { changes= {} hops= [] flags= 0 errorCallbackToken=null taskFragmentOrganizer=null }
09-10 09:45:22.952  1435  1457 V WindowManager:     info={id=1 t=OPEN f=0x0 trk=0 r=[0@Point(0, 0)] c=[
09-10 09:45:22.952  1435  1457 V WindowManager:         {WCT{RemoteToken{2b936bf DefaultTaskDisplayArea@13895191}} m=OPEN f=FLAG_IS_TASK_DISPLAY_AREA leash=Surface(name=DefaultTaskDisplayArea#1392)/@0x4a22c19 sb=Rect(0, 0 - 384, 384) eb=Rect(0, 0 - 384, 384) epz=Point(384, 384) d=0}
09-10 09:45:22.952  1435  1457 V WindowManager:     ]}
09-10 09:45:22.954  2180  2180 D CompatChangeReporter: Compat change id reported: 333566037; UID 1027; state: ENABLED
09-10 09:45:22.956  1935  1935 W CwExecutors: Finished  Q:   424 E:    82 LockSafeHomeModulesLifecycleManager.instantiate:AmbientLiteModule (Slow)
09-10 09:45:22.959  1435  1460 V WindowManager: Transition animation [FALLBACK] finished #1 @0
09-10 09:45:22.963  1435  1457 V WindowManager: Finish Transition (#1): created at 09-10 09:45:21.014 collect-started=0.062ms request-sent=32.438ms started=107.184ms ready=107.153ms sent=1906.145ms commit=12.039ms finished=1945.305ms
09-10 09:45:23.001  1435  1435 I Telecom : CallAudioRouteController: calculateSupportedRouteMaskInit: is wired headset plugged in - false: TS.init@AAA
09-10 09:45:23.001  2150  2150 W arable.systemui: Monitor::Inflate: Install failed 0x7336d798
09-10 09:45:23.004  1935  1935 I SysUI   : [ProtoTilesManagerFactory]Trying renderer proxy.
09-10 09:45:23.006  2150  2150 V GraphicsEnvironment: Currently set values for:
09-10 09:45:23.006  2150  2150 V GraphicsEnvironment:   angle_gl_driver_selection_pkgs=[]
09-10 09:45:23.006  2150  2150 V GraphicsEnvironment:   angle_gl_driver_selection_values=[]
09-10 09:45:23.006  2150  2150 V GraphicsEnvironment: com.google.android.apps.wearable.systemui is not listed in per-application setting
09-10 09:45:23.006  2150  2150 V GraphicsEnvironment: No special selections for ANGLE, returning default driver choice
09-10 09:45:23.010  2038  2038 D AndroidRuntime: Shutting down VM
09-10 09:45:23.011  2038  2239 W libbinder.IPCThreadState: call to talkWithDriver in joinThreadPool returned error: -9 (Bad file descriptor), FD: -1
09-10 09:45:23.013  1435  1605 D CountryDetector: Using custom country detector class: com.android.server.location.ComprehensiveCountryDetector
09-10 09:45:23.014  2150  2150 V GraphicsEnvironment: Neither updatable production driver nor prerelease driver is supported.
09-10 09:45:23.014  1935  1935 I ProtoTilesLoader: Supported ABIs: [armeabi-v7a, armeabi]
09-10 09:45:23.014  1935  1935 I ProtoTilesLoader: Native library dir: /data/app/~~jVZf04gc836rggE5Fw4VtQ==/com.google.android.wearable.protolayout.renderer-nKkXQt9vSzaGc8Y1qpv60Q==/lib/arm
09-10 09:45:23.014  1935  1935 I ProtoTilesLoader: APK paths: [/data/app/~~jVZf04gc836rggE5Fw4VtQ==/com.google.android.wearable.protolayout.renderer-nKkXQt9vSzaGc8Y1qpv60Q==/base.apk, /data/app/~~jVZf04gc836rggE5Fw4VtQ==/com.google.android.wearable.protolayout.renderer-nKkXQt9vSzaGc8Y1qpv60Q==/split_config.armeabi_v7a.apk, /data/app/~~jVZf04gc836rggE5Fw4VtQ==/com.google.android.wearable.protolayout.renderer-nKkXQt9vSzaGc8Y1qpv60Q==/split_config.bn.apk, /data/app/~~jVZf04gc836rggE5Fw4VtQ==/com.google.android.wearable.protolayout.renderer-nKkXQt9vSzaGc8Y1qpv60Q==/split_config.en.apk, /data/app/~~jVZf04gc836rggE5Fw4VtQ==/com.google.android.wearable.protolayout.renderer-nKkXQt9vSzaGc8Y1qpv60Q==/split_config.gu.apk, /data/app/~~jVZf04gc836rggE5Fw4VtQ==/com.google.android.wearable.protolayout.renderer-nKkXQt9vSzaGc8Y1qpv60Q==/split_config.hi.apk, /data/app/~~jVZf04gc836rggE5Fw4VtQ==/com.google.android.wearable.protolayout.renderer-nKkXQt9vSzaGc8Y1qpv60Q==/split_config.kn.apk, /data/app/~~jVZf04gc836rggE5Fw4VtQ==/com.google.android.wearable.protolayout.renderer-nKkXQt9vSzaGc8Y1qpv60Q==/split_config.mr.apk, /data/app/~~jVZf04gc836rggE5Fw4VtQ==/com.google.android.wearable.protolayout.renderer-nKkXQt9vSzaGc8Y1qpv60Q==/split_config.ta.apk, /data/app/~~jVZf04gc836rggE5Fw4VtQ==/com.google.android.wearable.protolayout.renderer-nKkXQt9vSzaGc8Y1qpv60Q==/split_config.te.apk, /data/app/~~jVZf04gc836rggE5Fw4VtQ==/com.google.android.wearable.protolayout.renderer-nKkXQt9vSzaGc8Y1qpv60Q==/split_config.xhdpi.apk]
09-10 09:45:23.015  1435  1435 I Telecom : CallAudioRouteController: calculateSupportedRouteMaskInit: is device list size: 2: TS.init@AAA
09-10 09:45:23.015  1435  1435 I Telecom : CallAudioRouteController: calculateSupportedRouteMaskInit: audio route type from audio device info: 3: TS.init@AAA
09-10 09:45:23.015  1435  1435 I Telecom : CallAudioRouteController: calculateSupportedRouteMaskInit: audio route type from audio device info: 0: TS.init@AAA
09-10 09:45:23.015  1435  1435 I Telecom : Factory: createRetry; type=TYPE_SPEAKER, address=null, retryCount=2: TS.init@AAA
09-10 09:45:23.016  1435  1435 I AS.AudioDeviceBroker: getAvailableCommunicationDevices: no EARPIECE!
09-10 09:45:23.016  2038  2238 W libbinder.IPCThreadState: call to talkWithDriver in joinThreadPool returned error: -9 (Bad file descriptor), FD: -1
09-10 09:45:23.019  1935  1935 I ProtoTilesLoader: librarySearchPath: /data/app/~~jVZf04gc836rggE5Fw4VtQ==/com.google.android.wearable.protolayout.renderer-nKkXQt9vSzaGc8Y1qpv60Q==/lib/arm:/data/app/~~jVZf04gc836rggE5Fw4VtQ==/com.google.android.wearable.protolayout.renderer-nKkXQt9vSzaGc8Y1qpv60Q==/base.apk!/lib/armeabi-v7a:/data/app/~~jVZf04gc836rggE5Fw4VtQ==/com.google.android.wearable.protolayout.renderer-nKkXQt9vSzaGc8Y1qpv60Q==/base.apk!/lib/armeabi:/data/app/~~jVZf04gc836rggE5Fw4VtQ==/com.google.android.wearable.protolayout.renderer-nKkXQt9vSzaGc8Y1qpv60Q==/split_config.armeabi_v7a.apk!/lib/armeabi-v7a:/data/app/~~jVZf04gc836rggE5Fw4VtQ==/com.google.android.wearable.protolayout.renderer-nKkXQt9vSzaGc8Y1qpv60Q==/split_config.armeabi_v7a.apk!/lib/armeabi:/data/app/~~jVZf04gc836rggE5Fw4VtQ==/com.google.android.wearable.protolayout.renderer-nKkXQt9vSzaGc8Y1qpv60Q==/split_config.bn.apk!/lib/armeabi-v7a:/data/app/~~jVZf04gc836rggE5Fw4VtQ==/com.google.android.wearable.protolayout.renderer-nKkXQt9vSzaGc8Y1qpv60Q==/split_config.bn.apk!/lib/armeabi:/data/app/~~jVZf04gc836rggE5Fw4VtQ==/com.google.android.wearable.protolayout.renderer-nKkXQt9vSzaGc8Y1qpv60Q==/split_config.en.apk!/lib/armeabi-v7a:/data/app/~~jVZf04gc836rggE5Fw4VtQ==/com.google.android.wearable.protolayout.renderer-nKkXQt9vSzaGc8Y1qpv60Q==/split_config.en.apk!/lib/armeabi:/data/app/~~jVZf04gc836rggE5Fw4VtQ==/com.google.android.wearable.protolayout.renderer-nKkXQt9vSzaGc8Y1qpv60Q==/split_config.gu.apk!/lib/armeabi-v7a:/data/app/~~jVZf04gc836rggE5Fw4VtQ==/com.google.android.wearable.protolayout.renderer-nKkXQt9vSzaGc8Y1qpv60Q==/split_config.gu.apk!/lib/armeabi:/data/app/~~jVZf04gc836rggE5Fw4VtQ==/com.google.android.wearable.protolayout.renderer-nKkXQt9vSzaGc8Y1qpv60Q==/split_config.hi.apk!/lib/armeabi-v7a:/data/app/~~jVZf04gc836rggE5Fw4VtQ==/com.google.android.wearable.protolayout.renderer-nKkXQt9vSzaGc8Y1qpv60Q==/split_config.hi.apk!/lib/armeabi:/data/app/~~jVZf04gc836rggE5Fw4VtQ==/com.google.android.wearable.protolayout.renderer-nKkXQt9vSzaGc8Y1qpv60Q==/split_config.kn.apk!/lib/armeabi-v7a:/data/app/~~jVZf04gc836rggE5Fw4VtQ==/com.google.android.wearable.protolayout.renderer-nKkXQt9vSzaGc8Y1qpv60Q==/split_config.kn.apk!/lib/armeabi:/data/app/~~jVZf04gc836rggE5Fw4VtQ==/com.google.android.wearable.protolayout.renderer-nKkXQt9vSzaGc8Y1qpv60Q==/split_config.mr.apk!/lib/armeabi-v7a:/data/app/~~jVZf04gc836rggE5Fw4VtQ==/com.google.android.wearable.protolayout.renderer-nKkXQt9vSzaGc8Y1qpv60Q==/split_config.mr.apk!/lib/armeabi:/data/app/~~jVZf04gc836rggE5Fw4VtQ==/com.google.android.wearable.protolayout.renderer-nKkXQt9vSzaGc8Y1qpv60Q==/split_config.ta.apk!/lib/armeabi-v7a:/data/app/~~jVZf04gc836rggE5Fw4VtQ==/com.google.android.wearable.protolayout.renderer-nKkXQt9vSzaGc8Y1qpv60Q==/split_config.ta.apk!/lib/armeabi:/data/app/~~jVZf04gc836rggE5Fw4VtQ==/com.google.android.wearable.protolayout.renderer-nKkXQt9vSzaGc8Y1qpv60Q==/split_config.te.apk!/lib/armeabi-v7a:/data/app/~~jVZf04gc836rggE5Fw4VtQ==/com.google.android.wearable.protolayout.renderer-nKkXQt9vSzaGc8Y1qpv60Q==/split_config.te.apk!/lib/armeabi:/data/app/~~jVZf04gc836rggE5Fw4VtQ==/com.google.android.wearable.protolayout.renderer-nKkXQt9vSzaGc8Y1qpv60Q==/split_config.xhdpi.apk!/lib/armeabi-v7a:/data/app/~~jVZf04gc836rggE5Fw4VtQ==/com.google.android.wearable.protolayout.renderer-nKkXQt9vSzaGc8Y1qpv60Q==/split_config.xhdpi.apk!/lib/armeabi
09-10 09:45:23.020  2150  2150 D CompatChangeReporter: Compat change id reported: 407952621; UID 10132; state: ENABLED
09-10 09:45:23.020  2150  2150 D CompatChangeReporter: Compat change id reported: 419020719; UID 10132; state: ENABLED
09-10 09:45:23.023  1296  1312 D Diag_Lib: diag: Diag_LSM_Init: invoked for pid: 1296 with init_count: 0
09-10 09:45:23.023  1296  1312 D Diag_Lib: diag:failed to connect to diag socket
09-10 09:45:23.023  1296  1312 D Diag_Lib:  Diag_LSM_Init: Failed to open handle to diag driver, error = 111
09-10 09:45:23.023  1296  1312 I ATS     : vendor/qcom/sw5100-lw4/proprietary-audio/args/acdb/ats/transports/diag/linux/actp/src/actp.c:actp_diag_init:105 Error[1]: Failed to initialize DIAG
09-10 09:45:23.023  1296  1312 E ATS     : vendor/qcom/sw5100-lw4/proprietary-audio/args/acdb/ats/src/ats.c:ats_init:143 Error[1]: Failed to initialize Diag
09-10 09:45:23.023  1296  1312 E ATS     : vendor/qcom/sw5100-lw4/proprietary-audio/args/acdb/ats/src/ats.c:ats_init:263 Error[1]: Failed to initialize ATS
09-10 09:45:23.023  1296  1312 E AGM: API: ats_init_thread: 64 ats_init failed retry 49 err 1
09-10 09:45:23.026  2172  2172 D CompatChangeReporter: Compat change id reported: 458413887; UID 1068; state: ENABLED
09-10 09:45:23.027  1435  1435 W AudioManager: getAvailableCommunicationDevices: no EARPIECE!
09-10 09:45:23.028  1435  1435 I Telecom : Factory: type: 2: TS.init@AAA
09-10 09:45:23.035  1935  1935 W .wearable.sysui: ClassLoaderContext parent mismatch.  (PCL[] | PCL[];PCL[])
09-10 09:45:23.044  1935  1935 W .wearable.sysui: Failed to find entry 'classes.dex': Entry not found
09-10 09:45:23.046  1435  2256 I Telecom : AudioRoutesCallback: updateAudioRoutes: add devices? true: ARC.oADA@AAE
09-10 09:45:23.046  1435  2256 I Telecom : AudioRoutesCallback: updateAudioRoutes: audioDeviceInfo: AudioDeviceInfo: type: speaker addr:  id: 2, audioRouteType: 3: ARC.oADA@AAE
09-10 09:45:23.047  1435  2256 I Telecom : CallAudioRouteController: createSpeakerRoute: route already created. Skipping.: ARC.oADA@AAE
09-10 09:45:23.047  1435  2256 I Telecom : AudioRoutesCallback: updateAudioRoutes: audioDeviceInfo: AudioDeviceInfo: type: telephony_tx addr:  id: 12, audioRouteType: 0: ARC.oADA@AAE
09-10 09:45:23.047  1435  2256 I Telecom : AudioRoutesCallback: updateAudioRoutes: skipping route.: ARC.oADA@AAE
09-10 09:45:23.047  1435  2256 I Telecom : AudioRoutesCallback: updateAudioRoutes: audioDeviceInfo: AudioDeviceInfo: type: mic addr: bottom id: 19, audioRouteType: 0: ARC.oADA@AAE
09-10 09:45:23.047  1435  2256 I Telecom : AudioRoutesCallback: Ignore non sink device.: ARC.oADA@AAE
09-10 09:45:23.047  1435  2256 I Telecom : AudioRoutesCallback: updateAudioRoutes: audioDeviceInfo: AudioDeviceInfo: type: telephony_rx addr:  id: 23, audioRouteType: 0: ARC.oADA@AAE
09-10 09:45:23.047  1435  2256 I Telecom : AudioRoutesCallback: Ignore non sink device.: ARC.oADA@AAE
09-10 09:45:23.048  1435  2256 I Telecom : AudioRoutesCallback: updateAudioRoutes: audioDeviceInfo: AudioDeviceInfo: type: remote_submix addr: 0 id: 26, audioRouteType: 0: ARC.oADA@AAE
09-10 09:45:23.048  1435  2256 I Telecom : AudioRoutesCallback: Ignore non sink device.: ARC.oADA@AAE
09-10 09:45:23.048  1935  1935 W .wearable.sysui: Failed to find entry 'classes.dex': Entry not found
09-10 09:45:23.051  2055  2258 I PDMS_BINDER: PdmsBinder starting....
09-10 09:45:23.052  2055  2258 I PDMS_BINDER: Waiting for credential-protected storage to be unlocked...
09-10 09:45:23.052  1935  1935 W .wearable.sysui: Failed to find entry 'classes.dex': Entry not found
09-10 09:45:23.053  2055  2258 D CompatChangeReporter: Compat change id reported: 183155436; UID 10133; state: ENABLED
09-10 09:45:23.055  2172  2172 I SecureElementService: main onCreate
09-10 09:45:23.056  1935  1935 W .wearable.sysui: Failed to find entry 'classes.dex': Entry not found
09-10 09:45:23.060  1935  1935 W .wearable.sysui: Failed to find entry 'classes.dex': Entry not found
09-10 09:45:23.063  1935  1935 W .wearable.sysui: Failed to find entry 'classes.dex': Entry not found
09-10 09:45:23.065  1435  2146 D NetworkStats: registerNetworkStatsProvider from OffloadController uid/pid=1073/2017
09-10 09:45:23.067  1935  1935 W .wearable.sysui: Failed to find entry 'classes.dex': Entry not found
09-10 09:45:23.071  1935  1935 W .wearable.sysui: Failed to find entry 'classes.dex': Entry not found
09-10 09:45:23.072  2055  2258 I PDMS_BINDER: Suspending until credential-protected storage unlock is notified...
09-10 09:45:23.074  1935  1935 W .wearable.sysui: Failed to find entry 'classes.dex': Entry not found
09-10 09:45:23.078  1935  1935 W .wearable.sysui: Failed to find entry 'classes.dex': Entry not found
09-10 09:45:23.078  2180  2180 I gle.android.nfc: Waiting for a blocking GC AddRemoveAppImageSpace
09-10 09:45:23.085  1435  1605 E CountryDetector: Could not instantiate the custom country detector class
09-10 09:45:23.088  2172  2172 I SecureElementService: Check if terminal eSE1 is available.
09-10 09:45:23.097  1435  1606 I system_server: getFrameworkCompatibilityMatrix: Successfully processed VINTF information
09-10 09:45:23.099  1435  1435 I Telecom : TelecomRinger: Device provided serialized ringer vibration is no longer supported; falling back to simple default ring vibration.: TS.init@AAA
09-10 09:45:23.100  1435  1606 I system_server: getDeviceCompatibilityMatrix: Reading VINTF information.
09-10 09:45:23.103  1435  1605 D CountryDetector: Using default country detector
09-10 09:45:23.131  1435  1606 I system_server: getDeviceCompatibilityMatrix: Successfully processed VINTF information
09-10 09:45:23.133   885   885 I android.hardware.secure_element-service.qti: init callback: 0xef2e0140 UID: 1068
09-10 09:45:23.134   885   885 I android.hardware.secure_element-service.qti: init replacing current client
09-10 09:45:23.134   885   885 I android.hardware.secure_element-service.qti: init cookie: 7
09-10 09:45:23.134   885   885 D GPQeSE-HAL: gpqese_open: enter, contextInitialised=0, sessionOpen=0, iseSEGPOpen=0
09-10 09:45:23.134   885   885 D AsyncTimer: Stop: timer is stopped
09-10 09:45:23.134   885   885 D GPQeSE-HAL: gpqese_open: call TEEC_InitializeContext() to initialize the context
09-10 09:45:23.134   885   885 D GPTEE   : [TEE_client_api.cpp:195 TEEC_InitializeContext] Variant specified: GPQTEEC
09-10 09:45:23.134   885   885 D GPTEE   : [TEE_client_api.cpp:208 TEEC_InitializeContext] Loading module: libGPQTEEC_vendor.so
09-10 09:45:23.136   885   885 D GPQeSE-HAL: gpqese_open: call TEEC_OpenSession() to open the session
09-10 09:45:23.136   885   885 W android.hardware.secure_element-service.qti: AIBinder_linkToDeath is being called with a non-null cookie and no onUnlink callback set. Use AIBinder_DeathRecipient_setOnUnlinked to manage the lifetime of the cookie. This will become an abort.
09-10 09:45:23.146  1435  2261 I Telecom : CallAudioModeStateMachine: Audio focus entering UNFOCUSED state
09-10 09:45:23.147  1435  2261 I Telecom : CallAudioModeStateMachine: Message received: null.: TS.init->CAMSM.pM_1@AAA
09-10 09:45:23.154   415   415 D vendor.qti.hardware.qteeconnector@1.0-impl: Found uuid = 32552B22-89FE-42B4-8A45A0C4E2DB0326
09-10 09:45:23.156   415   415 D vendor.qti.hardware.qteeconnector@1.0-impl: app_name = gpqese
09-10 09:45:23.156   415   415 D QSEECOMAPI: QSEECom_get_handle sb_length = 0x4000
09-10 09:45:23.157   415   415 D QSEECOMAPI: App is not loaded in QSEE
09-10 09:45:23.162  2199  2199 D nativeloader: Configuring clns-shared-7 for other apk /system/app/Stk/Stk.apk. target_sdk_version=37, uses_libraries=, library_path=/system/app/Stk/lib/arm:/system/lib:/system_ext/lib, permitted_path=/data:/mnt/expand:/data/user_de/0/com.android.stk:/system/app/Stk:/system/lib:/system_ext/lib
09-10 09:45:23.163   415   415 D QSEECOMAPI: app_arch = 1, total_files = 9
09-10 09:45:23.193  1435  1435 I Telecom : CallsManager: onUserSwitch: userHandle=UserHandle{0}: TS.init@AAA
09-10 09:45:23.194  1435  1435 I Telecom : CallsManager: reloadMissedCallsOfUser: userHandle=UserHandle{0}: TS.init@AAA
09-10 09:45:23.195  1435  1435 I Telecom : MissedCallNotifierImpl: reloadFromDatabase: user=0: TS.init@AAA
09-10 09:45:23.195  1435  1435 I Telecom : MissedCallNotifierImpl: reloadFromDatabase: Boot not yet complete -- call log db may not be available. Deferring loading until boot complete for user 0: TS.init@AAA
09-10 09:45:23.198  1435  1435 I Telecom : CallLogIntegrationAdapterImpl: getSupportedVoipCallLogIntegrationPackages: user 0: TS.init@AAA
09-10 09:45:23.199  1435  1435 I Telecom : CallLogIntegrationAdapterImpl: Getting supported VoIP packages for user UserHandle{0}: TS.init@AAA
09-10 09:45:23.199  1435  1435 I Telecom : CallLogIntegrationAdapterImpl: Querying supported VoIP packages: TS.init@AAA
09-10 09:45:23.200  1435  1435 I Telecom : CallLogIntegrationAdapterImpl: Loading shared preferences for user UserHandle{0}: TS.init@AAA
09-10 09:45:23.203  2180  2180 I gle.android.nfc: WaitForGcToComplete blocked AddRemoveAppImageSpace on CollectorTransition for 124.423ms
09-10 09:45:23.205  2180  2180 D nativeloader: Configuring clns-shared-6 for other apk /apex/com.android.nfcservices/priv-app/NfcNciApexGoogle@370546220/NfcNciApexGoogle.apk. target_sdk_version=37, uses_libraries=, library_path=/apex/com.android.nfcservices/priv-app/NfcNciApexGoogle@370546220/lib/arm:/system/lib:/system_ext/lib, permitted_path=/data:/mnt/expand:/data/user_de/0/com.google.android.nfc:/apex/com.android.nfcservices/priv-app/NfcNciApexGoogle@370546220:/system/lib:/system_ext/lib
09-10 09:45:23.206  1435  1605 D ContextHubService: User: 0 mic privacy: false
09-10 09:45:23.211  1435  1435 I Telecom : CallsManager: onUserSwitch: userHandle=UserHandle{0}: TS.init@AAA
09-10 09:45:23.215  1935  1935 I SysUI   : [ProtoTilesManagerProxyClient]Loaded renderer with versionName: 1.6.1.87.924797699 versionCode: 100052009
09-10 09:45:23.215  1935  1935 I SysUI   : [ProtoTilesManagerFactory]Using renderer proxy.
09-10 09:45:23.216  1435  1435 I Telecom : CallsManager: reloadMissedCallsOfUser: userHandle=UserHandle{0}: TS.init@AAA
09-10 09:45:23.216  1435  1435 I Telecom : MissedCallNotifierImpl: reloadFromDatabase: user=0: TS.init@AAA
09-10 09:45:23.221  2180  2180 D nativeloader: InitApexLibraries:
09-10 09:45:23.221  2180  2180 D nativeloader:   com_android_adservices: libhpke_jni.so:libtflite_support_classifiers_native.so
09-10 09:45:23.221  2180  2180 D nativeloader:   com_android_appsearch: libappsearchservice.so:libicing_anywhere.so
09-10 09:45:23.221  2180  2180 D nativeloader:   com_android_art: libartservice.so
09-10 09:45:23.221  2180  2180 D nativeloader:   com_android_bt: libbluetooth_jni.so
09-10 09:45:23.221  2180  2180 D nativeloader:   com_android_conscrypt: libjavacrypto.so
09-10 09:45:23.221  2180  2180 D nativeloader:   com_android_extservices: libtflite_support_classifiers_native.so
09-10 09:45:23.221  2180  2180 D nativeloader:   com_android_mediaprovider: libpdfclient.so
09-10 09:45:23.221  2180  2180 D nativeloader:   com_android_nfcservices: libnfc_nci_jni.so
09-10 09:45:23.221  2180  2180 D nativeloader:   com_android_npumanager: libnpumanager_service_jni.so
09-10 09:45:23.221  2180  2180 D nativeloader:   com_android_ondevicepersonalization: libfcp_cpp_dep_jni.so:libfcp_hpke_jni.so
09-10 09:45:23.221  2180  2180 D nativeloader:   com_android_os_statsd: libstats_jni.so
09-10 09:45:23.221  2180  2180 D nativeloader:   com_android_tethering: libandroid_net_connectivity_com_android_net_module_util_jni.so:libandroid_net_connectivity_com_android_net_module_util_jni_CommonConnectivityJni.so:libcrypto_httpengine.so:libframework-connectivity-jni.so:libframework-connectivity-tiramisu-jni.so:libhttpengine.so:libservice-connectivity.so:libservice-thread-jni.so
09-10 09:45:23.221  2180  2180 D nativeloader:   com_android_uwb: libuwb_uci_jni_rust.so
09-10 09:45:23.221  2180  2180 D nativeloader:   com_android_virt: Mi
09-10 09:45:23.222  1935  1935 W CwExecutors: Finished  Q:   524 E:   248 LockSafeHomeModulesLifecycleManager.instantiate:HorizontalCarouselModule (Slow)
09-10 09:45:23.225  1435  1605 D ContextHubService: Mic Disabled Setting: false
09-10 09:45:23.236  1435  1605 D ContextHubService: User: 0 mic privacy: false
09-10 09:45:23.237  1435  1435 I Telecom : Class: TelecomSystem.INSTANCE being set
09-10 09:45:23.238  1435  1605 D ContextHubService: Mic Disabled Setting: false
09-10 09:45:23.243  1435  1435 W Looper  : Slow dispatch took 1426ms main app=system_server main=true group=FOREGROUND h=android.app.ActivityThread$H c=null m=121
09-10 09:45:23.244  1435  1435 D ApplicationLoaders: Returning zygote-cached class loader: /system/framework/com.android.location.provider.jar
09-10 09:45:23.265  1291  1291 D Zygote  : Forked child process 2267
09-10 09:45:23.270  1435  1435 D nativeloader: Configuring clns-shared-22 for other apk /system/priv-app/FusedLocation/FusedLocation.apk. target_sdk_version=37, uses_libraries=, library_path=/system/priv-app/FusedLocation/lib/arm:/system/priv-app/FusedLocation/FusedLocation.apk!/lib/armeabi-v7a:/system/lib:/system_ext/lib, permitted_path=/data:/mnt/expand:/data/user_de/0/com.android.location.fused:/system/priv-app/FusedLocation:/system/lib:/system_ext/lib
09-10 09:45:23.272  2017  2017 D nativeloader: Load /apex/com.android.tethering/priv-app/TetheringGoogle@370546320/TetheringGoogle.apk!/lib/armeabi-v7a/libcom_android_networkstack_tethering_util_jni.so using class loader ns clns-shared-8 (caller=/apex/com.android.tethering/priv-app/TetheringGoogle@370546320/TetheringGoogle.apk): ok
09-10 09:45:23.278  2180  2180 W gle.android.nfc: Monitor::Inflate: Install failed 0x7336d798
09-10 09:45:23.284  2180  2180 V GraphicsEnvironment: Currently set values for:
09-10 09:45:23.284  2180  2180 V GraphicsEnvironment:   angle_gl_driver_selection_pkgs=[]
09-10 09:45:23.284  2180  2180 V GraphicsEnvironment:   angle_gl_driver_selection_values=[]
09-10 09:45:23.284  2180  2180 V GraphicsEnvironment: com.google.android.nfc is not listed in per-application setting
09-10 09:45:23.284  2180  2180 V GraphicsEnvironment: No special selections for ANGLE, returning default driver choice
09-10 09:45:23.285  2267  2267 I libprocessgroup: Created cgroup /sys/fs/cgroup/system/uid_1000/pid_2267
09-10 09:45:23.287  1435  1822 D NetworkStats: registerNetworkStatsProvider from BpfCoordinator uid/pid=1073/2017
09-10 09:45:23.290  2180  2180 V GraphicsEnvironment: Neither updatable production driver nor prerelease driver is supported.
09-10 09:45:23.293  1435  1606 W ActivityManager: Skipping manifest association check for null package. SourceUid: -1, SourcePkg: null, TargetUid: 10120, TargetPkg: com.google.android.gms
09-10 09:45:23.295  1435  1607 W ActivityManager: Slow operation: 64ms so far, now at startProcess: done updating battery stats
09-10 09:45:23.296  1435  1607 W ActivityManager: Slow operation: 64ms so far, now at startProcess: building log message
09-10 09:45:23.296  1435  1607 I ActivityManager: Start proc 2267:com.google.android.wearable.pixel.settings.provider/1000 for content provider {com.google.android.wearable.pixel.settings.provider/com.google.android.wearable.pixel.settings.provider.PixelWatchSettingsProvider}
09-10 09:45:23.296  1435  1607 W ActivityManager: Slow operation: 65ms so far, now at startProcess: starting to update pids map
09-10 09:45:23.297  2180  2180 D CompatChangeReporter: Compat change id reported: 407952621; UID 1027; state: ENABLED
09-10 09:45:23.297  1435  1607 W ActivityManager: Slow operation: 65ms so far, now at startProcess: done updating pids map
09-10 09:45:23.297  2180  2180 D CompatChangeReporter: Compat change id reported: 419020719; UID 1027; state: ENABLED
09-10 09:45:23.305  1435  1457 I ServiceWatcher: [fused] connected to {com.android.location.fused/com.android.location.fused.FusedLocationService}
09-10 09:45:23.307  1435  1435 I PackageWatchdog: Syncing health check requests for packages: {}
09-10 09:45:23.310  1435  1435 I ExplicitHealthCheckController: Service not ready to get health check supported packages. Binding...
09-10 09:45:23.346  2267  2267 I Zygote  : Process 2267 created for com.google.android.wearable.pixel.settings.provider
09-10 09:45:23.347  1435  1435 V GrammaticalInflectionUtils: AttributionSource: android.content.AttributionSource@4a0e39d3 does not have READ_SYSTEM_GRAMMATICAL_GENDER permission.
09-10 09:45:23.349  2267  2267 I ttings.provider: Using generational CollectorTypeCMC GC.
09-10 09:45:23.355  1435  1435 I ExplicitHealthCheckController: Explicit health check service is bound
09-10 09:45:23.368  1435  1457 D LocationManagerService: allowedPackages=null
09-10 09:45:23.372   415   415 D QSEECOMAPI: Loaded image: APP id = 10
09-10 09:45:23.373  2196  2196 D nativeloader: InitLlndkLibrariesVendor: libEGL.so:libGLESv1_CM.so:libGLESv2.so:libGLESv3.so:libRS.so:libandroid_net.so:libapexsupport.so:libavf.so:libbinder_ndk.so:libc.so:libcamera_metadata.so:libcgrouprc.so:libclang_rt.asan-arm-android.so:libcom.android.tethering.connectivity_native.so:libdl.so:libft2.so:liblog.so:libm.so:libmediandk.so:libnativewindow.so:libneuralnetworks.so:libnpumanager.so:libselinux.so:libsync.so:libvendorsupport.so:libvndksupport.so:libvulkan.so:libwrapfd.so
09-10 09:45:23.374  2196  2196 D nativeloader: Configuring vendor-clns-6 for unbundled vendor apk /vendor/app/CneApp/CneApp.apk. target_sdk_version=35, uses_libraries=, library_path=/vendor/app/CneApp/lib/arm:/vendor/app/CneApp/CneApp.apk!/lib/armeabi-v7a:/vendor/lib, permitted_path=/data:/mnt/expand:/data/user_de/0/com.qualcomm.qti.cne:/vendor/lib
09-10 09:45:23.376  1968  1977 W libbinder.Binder: Binder transaction to com.google.android.gms.common.internal.IGmsServiceBroker, function: UNKNOWN_FUNCTION_NAME, code: 46, took 1126ms. Data bytes: 516 Reply bytes: 4 Flags: 18
09-10 09:45:23.376   415   440 D QSEECOMAPI: QSEECom_set_bandwidth is not supported
09-10 09:45:23.378  2267  2267 D nativeloader: Load libframework-connectivity-tiramisu-jni.so using APEX ns com_android_tethering for caller /apex/com.android.tethering/javalib/framework-connectivity-t.jar: ok
09-10 09:45:23.380   415   440 D QSEECOMAPI: QSEECom_set_bandwidth is not supported
09-10 09:45:23.381   885   885 D GPQeSE-HAL: gpqese_open: call TEEC_InvokeCommand() to send GPQESE_CMD_OPEN
09-10 09:45:23.381   415   415 D QSEECOMAPI: QSEECom_set_bandwidth is not supported
09-10 09:45:23.387  1435  1435 D DOHalAdapter: setLocaleConfig 
09-10 09:45:23.395  2196  2196 D nativeloader: InitVndkspLibrariesVendor: VNDK is deprecated with vendor
09-10 09:45:23.398  2196  2196 D CompatChangeReporter: Compat change id reported: 202956589; UID 10090; state: ENABLED
09-10 09:45:23.403  1435  1435 D DOS_DisplayControlLock: released: java.lang.Object@dff9879
09-10 09:45:23.403  1435  1435 I DOS_DisplayControlLock: All released
09-10 09:45:23.408  2196  2196 W qtidataservices: Monitor::Inflate: Install failed 0x7336d798
09-10 09:45:23.415  2196  2196 V GraphicsEnvironment: Currently set values for:
09-10 09:45:23.416  2196  2196 V GraphicsEnvironment:   angle_gl_driver_selection_pkgs=[]
09-10 09:45:23.416  2196  2196 V GraphicsEnvironment:   angle_gl_driver_selection_values=[]
09-10 09:45:23.416  2196  2196 V GraphicsEnvironment: com.qualcomm.qti.cne is not listed in per-application setting
09-10 09:45:23.417  2196  2196 V GraphicsEnvironment: No special selections for ANGLE, returning default driver choice
09-10 09:45:23.419  2196  2196 V GraphicsEnvironment: Neither updatable production driver nor prerelease driver is supported.
09-10 09:45:23.428  1968  1976 W libbinder.Binder: Binder transaction to com.google.android.gms.common.internal.IGmsServiceBroker, function: UNKNOWN_FUNCTION_NAME, code: 46, took 1629ms. Data bytes: 992 Reply bytes: 4 Flags: 18
09-10 09:45:23.428  2017  2254 D nativeloader: Load libstats_jni.so using APEX ns com_android_os_statsd for caller /apex/com.android.os.statsd/javalib/framework-statsd.jar: ok
09-10 09:45:23.430  1235  1235 I adbd    : adbd service requested 'shell,v2,TERM=xterm-256color:export ANDROID_LOG_TAGS=''; exec logcat '-d''
09-10 09:45:23.492   415   415 D QSEECOMAPI: QSEECom_set_bandwidth is not supported
09-10 09:45:23.493   885   885 D GPQeSE-HAL: gpqese_open: exit, contextInitialised=1, sessionOpen=1, iseSEGPOpen=1
09-10 09:45:23.501   415   415 D QSEECOMAPI: QSEECom_set_bandwidth is not supported
09-10 09:45:23.509  1435  2159 W ActivityManager: Slow operation: 119ms so far, now at attachApplicationLocked: after updateOomAdjLocked
09-10 09:45:23.524  1296  1312 D Diag_Lib: diag: Diag_LSM_Init: invoked for pid: 1296 with init_count: 0
09-10 09:45:23.529  1296  1312 D Diag_Lib: diag:failed to connect to diag socket
09-10 09:45:23.529  1296  1312 D Diag_Lib:  Diag_LSM_Init: Failed to open handle to diag driver, error = 111
09-10 09:45:23.532  1296  1312 I ATS     : vendor/qcom/sw5100-lw4/proprietary-audio/args/acdb/ats/transports/diag/linux/actp/src/actp.c:actp_diag_init:105 Error[1]: Failed to initialize DIAG
09-10 09:45:23.532  1296  1312 E ATS     : vendor/qcom/sw5100-lw4/proprietary-audio/args/acdb/ats/src/ats.c:ats_init:143 Error[1]: Failed to initialize Diag
09-10 09:45:23.532  1296  1312 E ATS     : vendor/qcom/sw5100-lw4/proprietary-audio/args/acdb/ats/src/ats.c:ats_init:263 Error[1]: Failed to initialize ATS
09-10 09:45:23.532  1296  1312 E AGM: API: ats_init_thread: 64 ats_init failed retry 50 err 1
09-10 09:45:23.541  1435  1996 W ActivityManager: Slow operation: 112ms so far, now at finishAttachApplicationInner: after mServices.attachApplicationLocked
09-10 09:45:23.541  1435  1996 W ActivityManager: Slow operation: 112ms so far, now at finishAttachApplicationInner: after dispatching broadcasts
09-10 09:45:23.542  2267  2267 D CompatChangeReporter: Compat change id reported: 333566037; UID 1000; state: ENABLED
09-10 09:45:23.543  1435  1435 W Looper  : Slow dispatch took 136ms main app=system_server main=true group=FOREGROUND h=android.os.Handler c=android.os.TokenWatcher$1@4c0ddd2 m=0
09-10 09:45:23.546  1435  1435 D COMPANION_PROXY: got request NetworkRequest [ REQUEST id=1, [ Capabilities: INTERNET&NOT_RESTRICTED&TRUSTED&NOT_VPN&NOT_VCN_MANAGED&NOT_BANDWIDTH_CONSTRAINED RequestorUid: 1000 RequestorPkg: android UnderlyingNetworks: Null] ]
09-10 09:45:23.546  1435  1996 W ActivityManager: Slow operation: 117ms so far, now at finishAttachApplicationInner: after updateOomAdjLocked
09-10 09:45:23.547   415   415 D QSEECOMAPI: QSEECom_set_bandwidth is not supported
09-10 09:45:23.548  1435  1435 D COMPANION_PROXY: got request NetworkRequest [ REQUEST id=23, [ Capabilities: INTERNET&NOT_RESTRICTED&TRUSTED&NOT_VCN_MANAGED&NOT_BANDWIDTH_CONSTRAINED Uid: 10080 RequestorUid: 1000 RequestorPkg: android UnderlyingNetworks: Null] ]
09-10 09:45:23.548  1435  1435 D COMPANION_PROXY: got request NetworkRequest [ REQUEST id=10, [ Transports: BLUETOOTH Capabilities: NOT_RESTRICTED&TRUSTED&NOT_VPN&NOT_VCN_MANAGED&NOT_BANDWIDTH_CONSTRAINED Uid: 1000 RequestorUid: 1000 RequestorPkg: android MatchNonThreadLocalNetworks UnderlyingNetworks: Null] ]
09-10 09:45:23.548  1435  1435 D COMPANION_PROXY: got request NetworkRequest [ REQUEST id=32, [ Capabilities: INTERNET&NOT_RESTRICTED&TRUSTED&NOT_VCN_MANAGED&NOT_BANDWIDTH_CONSTRAINED Uid: 1000 RequestorUid: 1000 RequestorPkg: android UnderlyingNetworks: Null] ]
09-10 09:45:23.548  1435  1435 D COMPANION_PROXY: got request NetworkRequest [ REQUEST id=25, [ Capabilities: INTERNET&NOT_RESTRICTED&TRUSTED&NOT_VCN_MANAGED&NOT_BANDWIDTH_CONSTRAINED Uid: 10066 RequestorUid: 1000 RequestorPkg: android UnderlyingNetworks: Null] ]
09-10 09:45:23.548  1435  1435 D COMPANION_PROXY: got request NetworkRequest [ REQUEST id=21, [ Capabilities: INTERNET&NOT_RESTRICTED&TRUSTED&NOT_VCN_MANAGED&NOT_BANDWIDTH_CONSTRAINED Uid: 10121 RequestorUid: 1000 RequestorPkg: android UnderlyingNetworks: Null] ]
09-10 09:45:23.548  1435  1435 D COMPANION_PROXY: got request NetworkRequest [ REQUEST id=19, [ Capabilities: INTERNET&NOT_RESTRICTED&TRUSTED&NOT_VCN_MANAGED&NOT_BANDWIDTH_CONSTRAINED Uid: 10142 RequestorUid: 1000 RequestorPkg: android UnderlyingNetworks: Null] ]
09-10 09:45:23.548  1435  1435 D COMPANION_PROXY: got request NetworkRequest [ REQUEST id=27, [ Capabilities: INTERNET&NOT_RESTRICTED&TRUSTED&NOT_VCN_MANAGED&NOT_BANDWIDTH_CONSTRAINED Uid: 10046 RequestorUid: 1000 RequestorPkg: android UnderlyingNetworks: Null] ]
09-10 09:45:23.549  1435  1435 D WEAR_NETWORK_OBSERVER: got request NetworkRequest [ REQUEST id=1, [ Capabilities: INTERNET&NOT_RESTRICTED&TRUSTED&NOT_VPN&NOT_VCN_MANAGED&NOT_BANDWIDTH_CONSTRAINED RequestorUid: 1000 RequestorPkg: android UnderlyingNetworks: Null] ]
09-10 09:45:23.549  1435  1435 D WEAR_NETWORK_OBSERVER: got request NetworkRequest [ REQUEST id=23, [ Capabilities: INTERNET&NOT_RESTRICTED&TRUSTED&NOT_VCN_MANAGED&NOT_BANDWIDTH_CONSTRAINED Uid: 10080 RequestorUid: 1000 RequestorPkg: android UnderlyingNetworks: Null] ]
09-10 09:45:23.549  1435  1435 D WEAR_NETWORK_OBSERVER: got request NetworkRequest [ REQUEST id=10, [ Transports: BLUETOOTH Capabilities: NOT_RESTRICTED&TRUSTED&NOT_VPN&NOT_VCN_MANAGED&NOT_BANDWIDTH_CONSTRAINED Uid: 1000 RequestorUid: 1000 RequestorPkg: android MatchNonThreadLocalNetworks UnderlyingNetworks: Null] ]
09-10 09:45:23.550  1435  1435 D WEAR_NETWORK_OBSERVER: got request NetworkRequest [ REQUEST id=32, [ Capabilities: INTERNET&NOT_RESTRICTED&TRUSTED&NOT_VCN_MANAGED&NOT_BANDWIDTH_CONSTRAINED Uid: 1000 RequestorUid: 1000 RequestorPkg: android UnderlyingNetworks: Null] ]
09-10 09:45:23.550  1435  1435 D WEAR_NETWORK_OBSERVER: got request NetworkRequest [ REQUEST id=25, [ Capabilities: INTERNET&NOT_RESTRICTED&TRUSTED&NOT_VCN_MANAGED&NOT_BANDWIDTH_CONSTRAINED Uid: 10066 RequestorUid: 1000 RequestorPkg: android UnderlyingNetworks: Null] ]
09-10 09:45:23.550  1435  1435 D WEAR_NETWORK_OBSERVER: got request NetworkRequest [ REQUEST id=21, [ Capabilities: INTERNET&NOT_RESTRICTED&TRUSTED&NOT_VCN_MANAGED&NOT_BANDWIDTH_CONSTRAINED Uid: 10121 RequestorUid: 1000 RequestorPkg: android UnderlyingNetworks: Null] ]
09-10 09:45:23.550  1435  1435 D WEAR_NETWORK_OBSERVER: got request NetworkRequest [ REQUEST id=19, [ Capabilities: INTERNET&NOT_RESTRICTED&TRUSTED&NOT_VCN_MANAGED&NOT_BANDWIDTH_CONSTRAINED Uid: 10142 RequestorUid: 1000 RequestorPkg: android UnderlyingNetworks: Null] ]
09-10 09:45:23.550  1435  1435 D WEAR_NETWORK_OBSERVER: got request NetworkRequest [ REQUEST id=27, [ Capabilities: INTERNET&NOT_RESTRICTED&TRUSTED&NOT_VCN_MANAGED&NOT_BANDWIDTH_CONSTRAINED Uid: 10046 RequestorUid: 1000 RequestorPkg: android UnderlyingNetworks: Null] ]
09-10 09:45:23.551  1435  1435 D WallpaperManagerService: WPMS.onServiceConnected-ComponentInfo{com.google.android.wearable.watchface.rwf/com.google.android.wearable.watchface.athletica.AthleticaWatchFaceService}
09-10 09:45:23.551  1435  1435 D WallpaperManagerService: WPMS.attachServiceLocked
09-10 09:45:23.551  1435  1435 D WallpaperManagerService: WPMS.connectLocked-ComponentInfo{com.google.android.wearable.watchface.rwf/com.google.android.wearable.watchface.athletica.AthleticaWatchFaceService}
09-10 09:45:23.556  2172  2172 I SecureElement-Terminal-eSE1: OnStateChange:true reason:init
09-10 09:45:23.582  1291  1291 D Zygote  : Forked child process 2285
09-10 09:45:23.585  2172  2172 I SecureElement-AccessControlEnforcer: Allowed ACE mode: ara=true arf=false fullaccess=false
09-10 09:45:23.590  1435  1607 W ActivityManager: Slow operation: 241ms so far, now at startProcess: returned from zygote!
09-10 09:45:23.596   885   885 I android.hardware.secure_element-service.qti: openLogicalChannel
09-10 09:45:23.596   885   885 D GPQeSE-HAL: getAtrVendorID vendorId is : 32
09-10 09:45:23.596   885   885 D GPQeSE-HAL: gpqese_open: enter, contextInitialised=1, sessionOpen=1, iseSEGPOpen=1
09-10 09:45:23.596   885   885 D AsyncTimer: Stop: timer is stopped
09-10 09:45:23.598  1435  1607 W ActivityManager: Slow operation: 251ms so far, now at startProcess: done updating battery stats
09-10 09:45:23.599  1435  1607 W ActivityManager: Slow operation: 251ms so far, now at startProcess: building log message
09-10 09:45:23.599  1435  1607 I ActivityManager: Start proc 2285:android.ext.services/u0a62 for bound-service {android.ext.services/android.ext.services.watchdog.ExplicitHealthCheckServiceImpl}
09-10 09:45:23.599  1435  1607 W ActivityManager: Slow operation: 251ms so far, now at startProcess: starting to update pids map
09-10 09:45:23.604  2150  2150 D SystemUIApplication: WearSystemUIApplication.onCreate
09-10 09:45:23.605  2017  2017 V WifiManager: registerSoftApCallback: callback=com.android.networkstack.tethering.Tethering$TetheringSoftApCallback@5464abc, executor=com.android.networkstack.tethering.Tethering$TetheringThreadExecutor@31b4a45
09-10 09:45:23.609   415   415 D QSEECOMAPI: QSEECom_set_bandwidth is not supported
09-10 09:45:23.616  2267  2267 D nativeloader: Configuring clns-shared-6 for other apk /system_ext/priv-app/PixelWatchSettingsProvider/PixelWatchSettingsProvider.apk. target_sdk_version=37, uses_libraries=, library_path=/system_ext/priv-app/PixelWatchSettingsProvider/lib/arm:/system_ext/priv-app/PixelWatchSettingsProvider/PixelWatchSettingsProvider.apk!/lib/armeabi-v7a:/system/lib:/system_ext/lib, permitted_path=/data:/mnt/expand:/data/user_de/0/com.google.android.wearable.pixel.settings.provider:/system_ext/priv-app/PixelWatchSettingsProvider:/system/lib:/system_ext/lib
09-10 09:45:23.608  2199  2199 D nativeloader: Configuring clns-shared-8 for other apk /system/priv-app/TelephonyProvider/TelephonyProvider.apk. target_sdk_version=37, uses_libraries=, library_path=/system/priv-app/TelephonyProvider/lib/arm:/system/lib:/system_ext/lib, permitted_path=/data:/mnt/expand:/data/user_de/0/com.android.providers.telephony:/system/priv-app/TelephonyProvider:/system/lib:/system_ext/lib
09-10 09:45:23.621  1435  1798 D ApConfigUtil: Update Softap capability, add client control feature support
09-10 09:45:23.621  1435  1798 D ApConfigUtil: Update Softap capability, add MAC customization support
09-10 09:45:23.621  1435  1798 D ApConfigUtil: Update Softap capability, add 2.4G support
09-10 09:45:23.622  1435  1798 D ApConfigUtil: Update Softap capability, max client = 16
09-10 09:45:23.622  1435  1798 D WifiCountryCode: Reading country code from telephony
09-10 09:45:23.624  2285  2285 I libprocessgroup: Created cgroup /sys/fs/cgroup/apps/uid_10062/pid_2285
09-10 09:45:23.626  2017  2017 V WifiManager: registerLocalOnlyHotspotSoftApCallback: callback=com.android.networkstack.tethering.Tethering$LocalOnlyHotspotCallback@99dd59a, executor=com.android.networkstack.tethering.Tethering$TetheringThreadExecutor@31b4a45
09-10 09:45:23.634  2180  2180 I RegisteredComponentCache: generateComponentsList: New Components => 
09-10 09:45:23.634  2017  2119 V WifiManager: SoftApCallbackProxy on mode 1, send InfoChanged, newInfo: SoftApInfo{bandwidth= 0, frequency= 0, wifiStandard= 0, mApInstanceIdentifier= null, mIdleShutdownTimeoutMillis= 0, mVendorData= []}
09-10 09:45:23.635  2017  2119 V WifiManager: SoftApCallbackProxy on mode 1, send InfoChanged, changedInfoList: []
09-10 09:45:23.635  2017  2119 V WifiManager: SoftApCallbackProxy on mode 1, send onConnectedClientsChanged(clients): []
09-10 09:45:23.636  2180  2180 I RegisteredComponentCache: generateComponentsList: Removed Components => 
09-10 09:45:23.656  2267  2267 W ttings.provider: Monitor::Inflate: Install failed 0x7336d798
09-10 09:45:23.669  2285  2285 I Zygote  : Process 2285 created for android.ext.services
09-10 09:45:23.670  2285  2285 I id.ext.services: Using generational CollectorTypeCMC GC.
