--------- beginning of system
09-10 09:48:10.851  1968  6086 D ActivityThread: Too many transaction errors, throttling transaction error callback.
09-10 09:48:10.878  1435  2159 W ActivityTaskManager: callingPackage for (uid=2000, pid=6229) has no WPC
09-10 09:48:10.883  1435  2159 W AppCompatResourceOverlayPolicy: constructor: Failed to find VirtualDeviceManagerService
09-10 09:48:10.898  1435  2159 D ActivityTaskManager: Temporarily retain top process state for launching app
09-10 09:48:10.919  1435  2159 D CorePackageUpdate: onRecentTaskRemoved Removing task: 1269
09-10 09:48:10.920  1435  2159 D CorePackageUpdate: Couldn't find a persistent state for task= 1269
09-10 09:48:10.922  1435  2159 V ActivityTaskManager: TaskLaunchParamsModifier: phase=3 task=Task{2192173 #1270 type=standard A=10156:com.vrp.poc} activity=ActivityRecord{137456098 u0 com.vrp.poc/.ModeManagerPinpointActivity t-1} display-from-task=0 display-id=0 task-display-area-windowing-mode=1 suggested-display-area=DefaultTaskDisplayArea@13895191 inherit-from-task=fullscreen non-freeform-task-display-area display-area=DefaultTaskDisplayArea@13895191 default-portrait freeform-size-mismatch=Rect(54, 54 - 330, 330)
09-10 09:48:10.922  1435  2159 I ActivityTaskManager: START u0 {flg=0x10000000 xflg=0x4 cmp=com.vrp.poc/.ModeManagerPinpointActivity (has extras)} with LAUNCH_MULTIPLE from uid 2000 (com.android.shell) (BAL_ALLOW_PERMISSION) result code=0
09-10 09:48:10.925  1435  1836 D CompatChangeReporter: Compat change id reported: 309578419; UID 10156; state: ENABLED
09-10 09:48:10.928  1435  2343 I AppsFilter: interaction: PackageSetting{6f05c06 com.poc.lockbypass/10002} -> PackageSetting{c80422e com.vrp.poc/10156} BLOCKED
09-10 09:48:10.928  1435  2343 I AppsFilter: interaction: PackageSetting{983463 com.research.providerprobe/10175} -> PackageSetting{c80422e com.vrp.poc/10156} BLOCKED
09-10 09:48:10.928  1435  2343 I AppsFilter: interaction: PackageSetting{e732119 com.test.datalayer/10118} -> PackageSetting{c80422e com.vrp.poc/10156} BLOCKED
09-10 09:48:10.928  1435  2343 I AppsFilter: interaction: PackageSetting{d70e5de com.poc.silentsms/10006} -> PackageSetting{c80422e com.vrp.poc/10156} BLOCKED
09-10 09:48:10.928  1435  2343 I AppsFilter: interaction: PackageSetting{3edea8c com.poc.avatarleak/10004} -> PackageSetting{c80422e com.vrp.poc/10156} BLOCKED
09-10 09:48:10.928  1435  2343 I AppsFilter: interaction: PackageSetting{e0bb5d5 com.christan.google_ass_tv_poc/10014} -> PackageSetting{c80422e com.vrp.poc/10156} BLOCKED
09-10 09:48:10.930  1435  2343 W TransitionChain: Combining kgOccludeChg into #24(OPEN|R|0x0) from startAct
09-10 09:48:10.931  1435  2343 D WindowManager: Add SleepToken: tag=keyguard, displayId=0
09-10 09:48:10.933  1435  2343 D ActivityTaskManager: Top Process State changed to PROCESS_STATE_TOP_SLEEPING
09-10 09:48:10.945  2150  2287 V WindowManagerShell: Transition requested (#24): android.os.BinderProxy@634d29a TransitionRequestInfo { type = OPEN, triggerTask = TaskInfo{userId=0 taskId=1270 effectiveUid=10156 displayId=0 isRunning=true baseIntent=Intent { flg=0x10000000 cmp=com.vrp.poc/.ModeManagerPinpointActivity } baseActivity=ComponentInfo{com.vrp.poc/com.vrp.poc.ModeManagerPinpointActivity} topActivity=ComponentInfo{com.vrp.poc/com.vrp.poc.ModeManagerPinpointActivity} origActivity=null realActivity=ComponentInfo{com.vrp.poc/com.vrp.poc.ModeManagerPinpointActivity} realActivityIsAppLockEnabled=false numActivities=1 lastActiveTime=35579195 supportsMultiWindow=false supportsMultiWindowWithoutConstraints=false resizeMode=1 isResizeable=true minWidth=-1 minHeight=-1 defaultMinSize=220 token=WCT{android.os.BinderProxy@9c4c7cb} topActivityType=1 pictureInPictureParams=null shouldDockBigOverlays=false launchIntoPipHostTaskId=-1 lastParentTaskIdBeforePip=-1 displayCutoutSafeInsets=Rect(0, 0 - 0, 0) topActivityInfo=ActivityInfo{fab1ba8 com.vrp.poc.ModeManagerPinpointActivity} launchCookies=[] positionInParent=Point(0, 0) parentTaskId=-1 isFocused=false isInteractive=false isVisible=false isVisibleRequested=false isTopActivityNoDisplay=false isSleeping=false locusId=null displayAreaFeatureId=1 isTopActivityTransparent=false isActivityStackTransparent=false lastNonFullscreenBounds=Rect(54, 54 - 330, 330) leafTaskBoundsFromOptions= false capturedLink=null capturedLinkTimestamp=0 requestedVisibleTypes=503 topActivityRequestOpenInBrowserEducationTimestamp=0 appCompatTaskInfo=AppCompatTaskInfo { topActivityInSizeCompat=false isLeafTask= true eligibleForLetterboxEducation= false isLetterboxEducationEnabled= false isLetterboxDoubleTapEnabled= false eligibleForUserAspectRatioButton= false topActivityBoundsLetterboxed= false isFromLetterboxDoubleTap= false topActivityLetterboxVerticalPosition= -1 topActivityLetterboxHorizontalPosition= -1 topActivityLetterboxWidth=-1 topActivityLetterboxHeight=-1 topActivityAppBounds=Rect(0, 0 - 384, 384) isUserFullscreenOverrideEnabled=false isSystemFullscreenOverrideEnabled=false hasMinAspectRatioOverride=false topActivityLetterboxBounds=null topNonResizableActivityAspectRatio=-1.0} topActivityMainWindowFrame=null isAppBubble=false}, pipChange = null, remoteTransitionInfo = null, displayChanges = null, requestedLocation = null, userChange = null, windowingLayerChange = null, fullscreenRequestChange = null, flags = 0, debugId = 24 }
09-10 09:48:10.954  2150  2287 V WindowManagerShell: Transition (#24): request handled by WearMixedTransitionHandler
09-10 09:48:10.961  2150  2287 D WindowManagerShell: onKeyguardOccludingTaskChanged displayId=0 taskId=-1
09-10 09:48:10.991  1435  1607 I ActivityManager: Start proc 6232:com.vrp.poc/u0a156 for next-top-activity {com.vrp.poc/com.vrp.poc.ModeManagerPinpointActivity}
09-10 09:48:10.994  1435  1836 W TransitionChain: Combining kgOccludeChg into #24(OPEN|R|0x2000) from startAct
09-10 09:48:10.995  1435  1836 D WindowManager: Remove SleepToken: tag=keyguard, displayId=0
09-10 09:48:10.996  2150  2287 D WindowManagerShell: onKeyguardOccludingTaskChanged displayId=0 taskId=1270
09-10 09:48:10.996  1435  1836 D ActivityTaskManager: Top Process State changed to PROCESS_STATE_TOP
09-10 09:48:10.999  1435  1836 W TransitionChain: Combining sleepTokens into #24(OPEN|R|0x1000) from startAct
09-10 09:48:11.003  1435  1607 W ActivityManager: Slow operation: 57ms so far, now at startProcess: done updating pids map
09-10 09:48:11.023  1435  1451 D WindowManager: setClientSurface Surface(name=VRI-Splash Screen com.vrp.poc#1603)/@0x9cc0f92 for 8aabbc7 Splash Screen com.vrp.poc
09-10 09:48:11.092  1435  1749 D ActivityManager: freezing 4187 android.ext.services
09-10 09:48:11.246  1435  2146 D CorePackageUpdate: Couldn't find a persistent state for task= 1270
09-10 09:48:11.246  1435  2146 D CompatChangeReporter: Compat change id reported: 324203798; UID 10156; state: ENABLED
09-10 09:48:11.255  6232  6247 I DisplayManager: Choreographer implicitly registered for the refresh rate.
--------- beginning of crash
09-10 09:48:11.374  1435  1435 E AndroidRuntime: *** FATAL EXCEPTION IN SYSTEM PROCESS: main
09-10 09:48:11.374  1435  1435 E AndroidRuntime: java.lang.NullPointerException: Attempt to invoke interface method 'android.os.IBinder com.android.clockwork.modes.IStateChangeListener.asBinder()' on a null object reference
09-10 09:48:11.374  1435  1435 E AndroidRuntime: 	at com.android.clockwork.modes.ListenerManager.findRemoteObserverWrapperLocked(go/retraceme cfe317e26c3e2829cc9d3bf73fa23c109c948b7d6c857f2317d8882bdc7d34b9:0)
09-10 09:48:11.374  1435  1435 E AndroidRuntime: 	at com.android.clockwork.modes.ListenerManager$$ExternalSyntheticLambda5.run(go/retraceme cfe317e26c3e2829cc9d3bf73fa23c109c948b7d6c857f2317d8882bdc7d34b9:21)
09-10 09:48:11.374  1435  1435 E AndroidRuntime: 	at android.os.Handler.handleCallback(Handler.java:1095)
09-10 09:48:11.374  1435  1435 E AndroidRuntime: 	at android.os.Handler.dispatchMessageImpl(Handler.java:135)
09-10 09:48:11.374  1435  1435 E AndroidRuntime: 	at android.os.Handler.dispatchMessage(Handler.java:125)
09-10 09:48:11.374  1435  1435 E AndroidRuntime: 	at android.os.Looper.loopOnce(Looper.java:296)
09-10 09:48:11.374  1435  1435 E AndroidRuntime: 	at android.os.Looper.loop(Looper.java:397)
09-10 09:48:11.374  1435  1435 E AndroidRuntime: 	at com.android.server.SystemServer.main(go/retraceme 56cb9c0977ae9f67603f451f002522c463042b44293aaef01295dafee5e0332e:696)
09-10 09:48:11.374  1435  1435 E AndroidRuntime: 	at java.lang.reflect.Method.invoke(Native Method)
09-10 09:48:11.374  1435  1435 E AndroidRuntime: 	at com.android.internal.os.RuntimeInit$MethodAndArgsCaller.run(RuntimeInit.java:575)
09-10 09:48:11.374  1435  1435 E AndroidRuntime: 	at com.android.internal.os.ZygoteInit.main(ZygoteInit.java:917)
09-10 09:48:11.440  1435  3241 D CoreBackPreview: Window{f57d4f0 u0 com.vrp.poc/com.vrp.poc.ModeManagerPinpointActivity}: Setting back callback OnBackInvokedCallbackInfo{mCallback=android.window.IOnBackInvokedCallback$Stub$Proxy@46bd425, mPriority=-1, mIsAnimationCallback=false, mOverrideBehavior=0}
09-10 09:48:11.509  1435  1435 I DropBoxManagerService: add tag=system_server_crash isTagEnabled=true flags=0x2
09-10 09:48:11.512  1435  2343 D WindowManager: setClientSurface Surface(name=VRI-com.vrp.poc/com.vrp.poc.ModeManagerPinpointActivity#1605)/@0xb1e5bab for f57d4f0 com.vrp.poc/com.vrp.poc.ModeManagerPinpointActivity
09-10 09:48:11.515  1435  2343 W TransitionChain: Combining kgOccludeChg into #24(OPEN|R|0x1000) from startAct
09-10 09:48:11.515  2150  2287 D WindowManagerShell: onKeyguardOccludingTaskChanged displayId=0 taskId=-1
09-10 09:48:11.515  1435  2343 D WindowManager: Add SleepToken: tag=keyguard, displayId=0
09-10 09:48:11.516  1435  2343 D ActivityTaskManager: Top Process State changed to PROCESS_STATE_TOP_SLEEPING
09-10 09:48:11.538  2150  2579 V WindowManagerShell: onTransitionReady(transaction=6163278071223)
09-10 09:48:11.539  2150  2287 V WindowManagerShell: onTransitionReady (#24) android.os.BinderProxy@634d29a: {id=24 t=OPEN f=0x2040 trk=0 r=[0@Point(0, 0)] c=[
09-10 09:48:11.539  2150  2287 V WindowManagerShell:         {m=TO_BACK f=FLAG_CHANGED_INTERACTIVE p=WCT{android.os.BinderProxy@5f27c8b} leash=Surface(name=Task=1261#1457)/@0xe99b697 sb=Rect(0, 0 - 384, 384) eb=Rect(0, 0 - 384, 384) epz=Point(384, 384) d=0 taskParent=-1 winMode=1 userId=0},
09-10 09:48:11.539  2150  2287 V WindowManagerShell:         {m=TO_BACK f=FLAG_IS_TASK_DISPLAY_AREA leash=Surface(name=DefaultTaskDisplayArea#1392)/@0xcdef084 sb=Rect(0, 0 - 384, 384) eb=Rect(0, 0 - 384, 384) epz=Point(384, 384) d=0}
09-10 09:48:11.539  2150  2287 V WindowManagerShell:     ]}
09-10 09:48:11.540  2150  2287 V WindowManagerShell: Playing animation for (#24) android.os.BinderProxy@634d29a@0
09-10 09:48:11.540  2150  2287 V WindowManagerShell:  try firstHandler com.google.android.clockwork.systemui.transition.shelltransition.WearMixedTransitionHandler@c0a5b18
09-10 09:48:11.540  2150  2287 V WindowManagerShell:  skip handler com.google.android.clockwork.systemui.transition.shelltransition.WearMixedTransitionHandler@c0a5b18
09-10 09:48:11.541  2150  2287 V WindowManagerShell: start keyguard unocclude transition, info = {id=24 t=OPEN f=0x2040 trk=0 r=[0@Point(0, 0)] c=[{m=TO_BACK f=FLAG_CHANGED_INTERACTIVE p=WCT{android.os.BinderProxy@5f27c8b} leash=Surface(name=Task=1261#1457)/@0xe99b697 sb=Rect(0, 0 - 384, 384) eb=Rect(0, 0 - 384, 384) epz=Point(384, 384) d=0 taskParent=-1 winMode=1 userId=0},{m=TO_BACK f=FLAG_IS_TASK_DISPLAY_AREA leash=Surface(name=DefaultTaskDisplayArea#1392)/@0xcdef084 sb=Rect(0, 0 - 384, 384) eb=Rect(0, 0 - 384, 384) epz=Point(384, 384) d=0}]}
09-10 09:48:11.553  2150  2287 V WindowManagerShell:  animated by com.android.wm.shell.keyguard.KeyguardTransitionHandler@932c981
09-10 09:48:11.554  2150  2287 V ShellTaskOrganizer: Task appeared taskId=1270 listener=FullscreenTaskListener
09-10 09:48:11.554  2150  2287 V ShellTaskOrganizer: Fullscreen Task Appeared: #1270
09-10 09:48:11.560  2150  2287 V WindowManagerShell: Transition animation finished (aborted=false), notifying core (#24) android.os.BinderProxy@634d29a@0
09-10 09:48:11.600  1435  1457 V WindowManager: Sent Transition (#24) createdAt=09-10 09:48:10.892 via request=TransitionRequestInfo { type = OPEN, triggerTask = TaskInfo{userId=0 taskId=1270 effectiveUid=10156 displayId=0 isRunning=true baseIntent=Intent { flg=0x10000000 cmp=com.vrp.poc/.ModeManagerPinpointActivity } baseActivity=ComponentInfo{com.vrp.poc/com.vrp.poc.ModeManagerPinpointActivity} topActivity=ComponentInfo{com.vrp.poc/com.vrp.poc.ModeManagerPinpointActivity} origActivity=null realActivity=ComponentInfo{com.vrp.poc/com.vrp.poc.ModeManagerPinpointActivity} realActivityIsAppLockEnabled=false numActivities=1 lastActiveTime=35579195 supportsMultiWindow=false supportsMultiWindowWithoutConstraints=false resizeMode=1 isResizeable=true minWidth=-1 minHeight=-1 defaultMinSize=220 token=WCT{RemoteToken{d3986b4 Task{2192173 #1270 type=standard A=10156:com.vrp.poc}}} topActivityType=1 pictureInPictureParams=null shouldDockBigOverlays=false launchIntoPipHostTaskId=-1 lastParentTaskIdBeforePip=-1 displayCutoutSafeInsets=Rect(0, 0 - 0, 0) topActivityInfo=ActivityInfo{bc162dd com.vrp.poc.ModeManagerPinpointActivity} launchCookies=[] positionInParent=Point(0, 0) parentTaskId=-1 isFocused=false isInteractive=false isVisible=false isVisibleRequested=false isTopActivityNoDisplay=false isSleeping=false locusId=null displayAreaFeatureId=1 isTopActivityTransparent=false isActivityStackTransparent=false lastNonFullscreenBounds=Rect(54, 54 - 330, 330) leafTaskBoundsFromOptions= false capturedLink=null capturedLinkTimestamp=0 requestedVisibleTypes=503 topActivityRequestOpenInBrowserEducationTimestamp=0 appCompatTaskInfo=AppCompatTaskInfo { topActivityInSizeCompat=false isLeafTask= true eligibleForLetterboxEducation= false isLetterboxEducationEnabled= false isLetterboxDoubleTapEnabled= false eligibleForUserAspectRatioButton= false topActivityBoundsLetterboxed= false isFromLetterboxDoubleTap= false topActivityLetterboxVerticalPosition= -1 topActivityLetterboxHorizontalPosition= -1 topActivityLetterboxWidth=-1 topActivityLetterboxHeight=-1 topActivityAppBounds=Rect(0, 0 - 384, 384) isUserFullscreenOverrideEnabled=false isSystemFullscreenOverrideEnabled=false hasMinAspectRatioOverride=false topActivityLetterboxBounds=null topNonResizableActivityAspectRatio=-1.0} topActivityMainWindowFrame=null isAppBubble=false}, pipChange = null, remoteTransitionInfo = null, displayChanges = null, requestedLocation = null, userChange = null, windowingLayerChange = null, fullscreenRequestChange = null, flags = 0, debugId = 24 }
09-10 09:48:11.603  1435  1457 V WindowManager:     startWCT=WindowContainerTransaction { changes= {} hops= [] flags= 0 errorCallbackToken=null taskFragmentOrganizer=null }
09-10 09:48:11.603  1435  1457 V WindowManager:     info={id=24 t=OPEN f=0x2040 trk=0 r=[0@Point(0, 0)] c=[
09-10 09:48:11.603  1435  1457 V WindowManager:         {WCT{RemoteToken{8eb137f Task{80dab24 #1261 type=standard A=10068:sysui.charging}}} m=TO_BACK f=FLAG_CHANGED_INTERACTIVE p=WCT{RemoteToken{2b936bf DefaultTaskDisplayArea@13895191}} leash=Surface(name=Task=1261#1457)/@0x8fb5a87 sb=Rect(0, 0 - 384, 384) eb=Rect(0, 0 - 384, 384) epz=Point(384, 384) d=0 taskParent=-1 winMode=1 userId=0},
09-10 09:48:11.603  1435  1457 V WindowManager:         {WCT{RemoteToken{2b936bf DefaultTaskDisplayArea@13895191}} m=TO_BACK f=FLAG_IS_TASK_DISPLAY_AREA leash=Surface(name=DefaultTaskDisplayArea#1392)/@0x4a22c19 sb=Rect(0, 0 - 384, 384) eb=Rect(0, 0 - 384, 384) epz=Point(384, 384) d=0}
09-10 09:48:11.603  1435  1457 V WindowManager:     ]}
09-10 09:48:11.607  1435  1457 V WindowManager: Finish Transition (#24): created at 09-10 09:48:10.892 collect-started=0.994ms request-sent=28.769ms started=64.674ms ready=626.887ms sent=631.52ms commit=51.148ms finished=713.593ms
09-10 09:48:11.622  2150  2287 V WindowManagerShell: Track 0 became idle
09-10 09:48:11.622  2150  2287 V WindowManagerShell: All active transition animations finished
09-10 09:48:11.664  1435  3237 D WindowManager: setClientSurface Surface(name=VRI-SystemUIOverlay[StatusSurfaceLayer,KeyguardLayer]#1450)/@0x342f84c for e04cda5 SystemUIOverlay[StatusSurfaceLayer,KeyguardLayer]
09-10 09:48:12.052  1968  6021 D ActivityThread: Too many transaction errors, throttling transaction error callback.
09-10 09:48:12.065  1968  6189 D ActivityThread: Too many transaction errors, throttling transaction error callback.
09-10 09:48:12.070  1968  6189 E AndroidRuntime: FATAL EXCEPTION: [com.google.android.gms.chimera.container.intentoperation.PersistentIntentOperationChimeraService-Executor] idle
09-10 09:48:12.070  1968  6189 E AndroidRuntime: Process: com.google.android.gms, PID: 1968
09-10 09:48:12.070  1968  6189 E AndroidRuntime: DeadSystemException: The system died; earlier logs will point to the root cause
09-10 09:48:12.072  1968  6021 E AndroidRuntime: FATAL EXCEPTION: [com.google.android.gms.chimera.container.intentoperation.PersistentIntentOperationChimeraService-Executor] idle
09-10 09:48:12.072  1968  6021 E AndroidRuntime: Process: com.google.android.gms, PID: 1968
09-10 09:48:12.072  1968  6021 E AndroidRuntime: DeadSystemException: The system died; earlier logs will point to the root cause
09-10 09:48:12.075  1968  6026 D ActivityThread: Too many transaction errors, throttling transaction error callback.
09-10 09:48:12.075  1968  6026 D ActivityThread: Too many transaction errors, throttling transaction error callback.
09-10 09:48:12.078  1968  6189 D ActivityThread: Too many transaction errors, throttling transaction error callback.
09-10 09:48:12.531  1935  2229 D ActivityThread: Too many transaction errors, throttling transaction error callback.
09-10 09:48:12.564  1905  1905 I android.hardware.wifi-service-lazy: Callback died. cookie=0xee3a21c0
09-10 09:48:12.565  6232  6232 D ActivityThread: Too many transaction errors, throttling transaction error callback.
09-10 09:48:12.567  6232  6232 D ActivityThread: Too many transaction errors, throttling transaction error callback.
09-10 09:48:12.585  1905  1908 I android.hardware.wifi-service-lazy: Callback died. cookie=0xee3a2080
09-10 09:48:12.587  1905  1907 I android.hardware.wifi-service-lazy: Callback died. cookie=0xee3a2240
09-10 09:48:12.605  2150  2351 D ActivityThread: Too many transaction errors, throttling transaction error callback.
09-10 09:48:12.610  2150  2150 D ActivityThread: Too many transaction errors, throttling transaction error callback.
09-10 09:48:12.611  3259  3389 D ActivityThread: Too many transaction errors, throttling transaction error callback.
09-10 09:48:12.627  2150  2351 D ActivityThread: Too many transaction errors, throttling transaction error callback.
09-10 09:48:12.636  6232  6232 E AndroidRuntime: FATAL EXCEPTION: main
09-10 09:48:12.636  6232  6232 E AndroidRuntime: Process: com.vrp.poc, PID: 6232
09-10 09:48:12.636  6232  6232 E AndroidRuntime: DeadSystemException: The system died; earlier logs will point to the root cause
09-10 09:48:12.656  3259  3389 D ActivityThread: Too many transaction errors, throttling transaction error callback.
09-10 09:48:12.701  6232  6232 D ActivityThread: Too many transaction errors, throttling transaction error callback.
09-10 09:48:12.752  3801  3801 D ActivityThread: Too many transaction errors, throttling transaction error callback.
09-10 09:48:12.763  3801  3801 E AndroidRuntime: FATAL EXCEPTION: main
09-10 09:48:12.763  3801  3801 E AndroidRuntime: Process: com.google.android.wearable.app, PID: 3801
09-10 09:48:12.763  3801  3801 E AndroidRuntime: DeadSystemException: The system died; earlier logs will point to the root cause
09-10 09:48:12.768  3801  3801 D ActivityThread: Too many transaction errors, throttling transaction error callback.
09-10 09:48:12.774  2150  2150 E AndroidRuntime: FATAL EXCEPTION: main
09-10 09:48:12.774  2150  2150 E AndroidRuntime: Process: com.google.android.apps.wearable.systemui, PID: 2150
09-10 09:48:12.774  2150  2150 E AndroidRuntime: DeadSystemException: The system died; earlier logs will point to the root cause
09-10 09:48:12.775  3801  3801 D ActivityThread: Too many transaction errors, throttling transaction error callback.
09-10 09:48:13.326   353   353 D vold    : Aborting fuse connection entry /sys/fs/fuse/connections/122/abort
09-10 09:48:13.327   353   353 W vold    : Skip fsync /sys/fs/fuse/connections/122/abort on a file system does not support synchronization: Invalid argument
09-10 09:48:13.906  6355  6355 I wificond: wificond is starting up...
09-10 09:48:13.929  6355  6355 I HidlServiceManagement: Registered android.system.wifi.keystore@1.0::IKeystore/default
09-10 09:48:14.708  6351  6351 I audioserver_main: main: starting
09-10 09:48:15.753  6351  6351 I audioserver_main: main: AudioFlinger created
09-10 09:48:15.924  6335  6394 D BootAnimation: BootAnimationShownTiming start time: 35584199ms
--------- beginning of main
09-10 09:48:15.979  6335  6394 D SnapAlloc: from handle - reserved size 0 custom content metadata size 0
09-10 09:48:15.979  6335  6394 D SnapAlloc: Successfully mapped metadata 0x1
09-10 09:48:15.981  6351  6351 I APM::AudioPolicyEngine: getDevicesForStrategyInt no device found for strategy 8
09-10 09:48:15.983   523   560 D SnapAlloc: from handle - reserved size 0 custom content metadata size 0
09-10 09:48:15.983   523   560 D SnapAlloc: Successfully mapped metadata 0x1
09-10 09:48:15.992  6350  6350 I Zygote  : Preloading classes...
09-10 09:48:16.004  6350  6350 W Zygote  : Class not found for preloading: [Landroid.hardware.display.DisplayManagerGlobal$SnapshotReceived;
09-10 09:48:16.020  6351  6428 W AudioFlinger: no wake lock to update, system not ready yet
09-10 09:48:16.020  6351  6428 D DeviceHalAidl: [default] createAudioPatch: sources: 1 sinks 1
09-10 09:48:16.021  6351  6428 D Hal2AidlMapper: [default] createOrUpdatePatch: patch ID: 0, [disregard IDs] sources: [AudioPortConfig{id: 4, portId: 0, sampleRate: Int{value: 48000}, channelMask: AudioChannelLayout{layoutMask: 1073741827}, format: AudioFormatDescription{type: PCM, pcm: INT_16_BIT, encoding: }, gain: (null), flags: AudioIoFlags{output: 0}, ext: AudioPortExt{mix: AudioPortMixExt{handle: 21, usecase: AudioPortMixExtUseCase{stream: SYS_RESERVED_DEFAULT}, maxOpenStreamCount: 0, maxActiveStreamCount: 0, recommendedMuteDurationMs: 0}}}], sinks: [AudioPortConfig{id: 2, portId: 0, sampleRate: (null), channelMask: (null), format: (null), gain: (null), flags: (null), ext: AudioPortExt{device: AudioPortDeviceExt{device: AudioDevice{type: AudioDeviceDescription{type: OUT_SPEAKER, connection: }, address: AudioDeviceAddress{id: }}, flags: 0, encodedFormats: [], encapsulationModes: 0, encapsulationMetadataTypes: 0, speakerLayout: (null)}}}]
09-10 09:48:16.021  6351  6428 D Hal2AidlMapper: [default] findOrCreatePortConfig: device port config does not have audio or gain config specified
09-10 09:48:16.021  6351  6428 I Hal2AidlMapper: [default] createOrUpdatePatch: Updating transient patch. Current: AudioPatch{id: 2, sourcePortConfigIds: [30], sinkPortConfigIds: [28], minimumStreamBufferSizeFrames: 192, latenciesMs: [10]}, new: AudioPatch{id: 2, sourcePortConfigIds: [30], sinkPortConfigIds: [28], minimumStreamBufferSizeFrames: 0, latenciesMs: []}
09-10 09:48:16.021  6356  6359 I AHAL_Module_QTI: setAudioPatch: requested patch AudioPatch{id: 2, sourcePortConfigIds: [30], sinkPortConfigIds: [28], minimumStreamBufferSizeFrames: 0, latenciesMs: []}
09-10 09:48:16.022  6356  6359 I AHAL_Module_QTI: setAudioPatch: updated from [haptic  -> speaker  ] AudioPatch{id: 2, sourcePortConfigIds: [30], sinkPortConfigIds: [28], minimumStreamBufferSizeFrames: 192, latenciesMs: [10]} to [haptic  -> speaker  ] AudioPatch{id: 2, sourcePortConfigIds: [30], sinkPortConfigIds: [28], minimumStreamBufferSizeFrames: 0, latenciesMs: []}
09-10 09:48:16.022  6351  6428 E StreamHalAidl: Function: getRecommendedLatencyModes Line: 1351 Failed 
09-10 09:48:16.027  6351  6351 I AudioFlinger: openOutput() this 0xf20d0280, module 10 Device AUDIO_DEVICE_OUT_SPEAKER, @:, SamplingRate 48000, Format 0x000001, Channels 0x3, flags 0x104
09-10 09:48:16.027  6351  6351 D DeviceHalAidl: [default] openOutputStream: handle: 29 devices 2 flags 104 mixPortHalId 3
09-10 09:48:16.027  6351  6351 D Hal2AidlMapper: [default] prepareToOpenStream: handle 29, mixPortHalId 3, device AudioDevice{type: AudioDeviceDescription{type: OUT_SPEAKER, connection: }, address: AudioDeviceAddress{id: }}, flags AudioIoFlags{output: 260}, source SYS_RESERVED_INVALID, config AudioConfig{base: AudioConfigBase{sampleRate: 48000, channelMask: AudioChannelLayout{layoutMask: 3}, format: AudioFormatDescription{type: PCM, pcm: INT_16_BIT, encoding: }}, offloadInfo: AudioOffloadInfo{base: AudioConfigBase{sampleRate: 0, channelMask: AudioChannelLayout{none: 0}, format: AudioFormatDescription{type: DEFAULT, pcm: DEFAULT, encoding: }}, streamType: VOICE_CALL, bitRatePerSecond: 0, durationUs: 0, hasVideo: false, isStreaming: false, bitWidth: 16, offloadBufferSize: 0, usage: UNKNOWN, encapsulationMode: NONE, contentId: 0, syncId: 0}, frameCount: 0}, mixport config AudioPortConfig{id: 0, portId: 0, sampleRate: (null), channelMask: (null), format: (null), gain: (null), flags: (null), ext: AudioPortExt{unspecified: false}}
09-10 09:48:16.028  6356  6359 D AHAL_Module_QTI: setAudioPortConfig: requested AudioPortConfig{id: 0, portId: 3, sampleRate: Int{value: 48000}, channelMask: AudioChannelLayout{layoutMask: 3}, format: AudioFormatDescription{type: PCM, pcm: INT_16_BIT, encoding: }, gain: (null), flags: AudioIoFlags{output: 260}, ext: AudioPortExt{mix: AudioPortMixExt{handle: 29, usecase: AudioPortMixExtUseCase{unspecified: false}, maxOpenStreamCount: 0, maxActiveStreamCount: 0, recommendedMuteDurationMs: 0}}}
09-10 09:48:16.028  6356  6359 D AHAL_Module_QTI: setAudioPortConfig: created new port config for raw_out AudioPortConfig{id: 31, portId: 3, sampleRate: Int{value: 48000}, channelMask: AudioChannelLayout{layoutMask: 3}, format: AudioFormatDescription{type: PCM, pcm: INT_16_BIT, encoding: }, gain: (null), flags: AudioIoFlags{output: 260}, ext: AudioPortExt{mix: AudioPortMixExt{handle: 29, usecase: AudioPortMixExtUseCase{unspecified: false}, maxOpenStreamCount: 1, maxActiveStreamCount: 1, recommendedMuteDurationMs: 0}}}
09-10 09:48:16.029  6356  6359 I AHAL_Module_QTI: setAudioPatch: requested patch AudioPatch{id: 0, sourcePortConfigIds: [31], sinkPortConfigIds: [28], minimumStreamBufferSizeFrames: 0, latenciesMs: []}
09-10 09:48:16.029  6356  6359 I AHAL_Module_QTI: setAudioPatch: created [raw_out  -> speaker  ] AudioPatch{id: 3, sourcePortConfigIds: [31], sinkPortConfigIds: [28], minimumStreamBufferSizeFrames: 144, latenciesMs: [10]}
09-10 09:48:16.030  6356  6359 D AHAL_Module_QTI: openOutputStream: port config id 31, has offload info? 0, buffer size 144 frames
09-10 09:48:16.030  6356  6359 D AHAL_Module_QTI: createStreamContext: frame size 4 bytes
09-10 09:48:16.031  6356  6359 D AHAL_Stream_QTI: StreamOut
09-10 09:48:16.031  6356  6359 D AHAL_StreamOut_QTI: StreamOutPrimary : usecase: ULL_PLAYBACK IoHandle: 29 
09-10 09:48:16.033  6356  6359 D AHAL_Stream_QTI: initInstance: increase scheduling for tid : 6430
09-10 09:48:16.033  6356  6359 W AHAL_StreamOut_QTI: configureConnectedDevices_I : usecase: ULL_PLAYBACK IoHandle: 29 : stream is not configured
09-10 09:48:16.035  6356  6359 D AHAL_Stream_QTI: getStreamCommonCommon: returning 0xea306bd0
09-10 09:48:16.035  6351  6351 D StreamHalAidl: [out|ioHandle:29] StreamHalAidl
09-10 09:48:16.036  6351  6351 D StreamHalAidl: [out|ioHandle:29] getAudioProperties
09-10 09:48:16.037  6351  6351 D StreamHalAidl: [out|ioHandle:29] getFrameSize
09-10 09:48:16.037  6351  6351 D StreamHalAidl: [out|ioHandle:29] getAudioProperties
09-10 09:48:16.037  6351  6351 D StreamHalAidl: [out|ioHandle:29] getAudioProperties
09-10 09:48:16.037  6351  6351 D StreamHalAidl: [out|ioHandle:29] getBufferSize
09-10 09:48:16.037  6351  6351 I StreamHalAidl: [out|ioHandle:29] getBufferSize: size: 576
09-10 09:48:16.037  6351  6351 I AudioFlinger: HAL output buffer size 144 frames, normal sink buffer size 864 frames
09-10 09:48:16.038  6351  6351 D StreamHalAidl: [out|ioHandle:29] getBufferSize
09-10 09:48:16.038  6351  6351 I StreamHalAidl: [out|ioHandle:29] getBufferSize: size: 576
09-10 09:48:16.038  6351  6351 D StreamHalAidl: [out|ioHandle:29] getAudioProperties
09-10 09:48:16.039  6351  6351 W libutils.threads: Thread (this=0xf0c5e100): getTid() is undefined before run()
09-10 09:48:16.040  6351  6351 E StreamHalAidl: Function: getRecommendedLatencyModes Line: 1351 Failed 
09-10 09:48:16.040  6351  6351 D AudioFlinger: updateHalSupportedLatencyModes_l: thread(29) status -38 supported latency modes: { }
09-10 09:48:16.040  6351  6432 I AudioFlinger: AudioFlinger's thread 0xf0d60180 tid=6432 ready to run
09-10 09:48:16.040  6351  6432 I AudioFlinger: boostThreadPriority: Priority of AudioOut_1D (pid=6351, tid=6432) boosted to 3
09-10 09:48:16.040  6351  6432 W AudioFlinger: no wake lock to update, system not ready yet
09-10 09:48:16.041  6351  6432 D StreamHalAidl: [out|ioHandle:29] standby
09-10 09:48:16.044  6351  6351 I APM::AudioPolicyEngine: getDevicesForStrategyInt no device found for strategy 8
09-10 09:48:16.066  6351  6432 W AudioFlinger: no wake lock to update, system not ready yet
09-10 09:48:16.066  6351  6432 D DeviceHalAidl: [default] createAudioPatch: sources: 1 sinks 1
09-10 09:48:16.067  6351  6432 D Hal2AidlMapper: [default] createOrUpdatePatch: patch ID: 0, [disregard IDs] sources: [AudioPortConfig{id: 6, portId: 0, sampleRate: Int{value: 48000}, channelMask: AudioChannelLayout{layoutMask: 3}, format: AudioFormatDescription{type: PCM, pcm: INT_16_BIT, encoding: }, gain: (null), flags: AudioIoFlags{output: 260}, ext: AudioPortExt{mix: AudioPortMixExt{handle: 29, usecase: AudioPortMixExtUseCase{stream: SYS_RESERVED_DEFAULT}, maxOpenStreamCount: 0, maxActiveStreamCount: 0, recommendedMuteDurationMs: 0}}}], sinks: [AudioPortConfig{id: 2, portId: 0, sampleRate: (null), channelMask: (null), format: (null), gain: (null), flags: (null), ext: AudioPortExt{device: AudioPortDeviceExt{device: AudioDevice{type: AudioDeviceDescription{type: OUT_SPEAKER, connection: }, address: AudioDeviceAddress{id: }}, flags: 0, encodedFormats: [], encapsulationModes: 0, encapsulationMetadataTypes: 0, speakerLayout: (null)}}}]
09-10 09:48:16.067  6351  6432 D Hal2AidlMapper: [default] findOrCreatePortConfig: device port config does not have audio or gain config specified
09-10 09:48:16.067  6351  6432 I Hal2AidlMapper: [default] createOrUpdatePatch: Updating transient patch. Current: AudioPatch{id: 3, sourcePortConfigIds: [31], sinkPortConfigIds: [28], minimumStreamBufferSizeFrames: 144, latenciesMs: [10]}, new: AudioPatch{id: 3, sourcePortConfigIds: [31], sinkPortConfigIds: [28], minimumStreamBufferSizeFrames: 0, latenciesMs: []}
09-10 09:48:16.067  6356  6359 I AHAL_Module_QTI: setAudioPatch: requested patch AudioPatch{id: 3, sourcePortConfigIds: [31], sinkPortConfigIds: [28], minimumStreamBufferSizeFrames: 0, latenciesMs: []}
09-10 09:48:16.068  6356  6359 I AHAL_Module_QTI: setAudioPatch: updated from [raw_out  -> speaker  ] AudioPatch{id: 3, sourcePortConfigIds: [31], sinkPortConfigIds: [28], minimumStreamBufferSizeFrames: 144, latenciesMs: [10]} to [raw_out  -> speaker  ] AudioPatch{id: 3, sourcePortConfigIds: [31], sinkPortConfigIds: [28], minimumStreamBufferSizeFrames: 0, latenciesMs: []}
09-10 09:48:16.069  6351  6432 E StreamHalAidl: Function: getRecommendedLatencyModes Line: 1351 Failed 
09-10 09:48:16.072   886  1850 I usf_sensor_hal: DisplayInfo msg to sensor:28 (ALS), display_status:0 (OFF), panel_status:1 (ON), brightness:62, refresh_rate:60, timestamp_ms=35584348
09-10 09:48:16.073  6351  6351 I AudioFlinger: openOutput() this 0xf20d0280, module 10 Device AUDIO_DEVICE_OUT_SPEAKER, @:, SamplingRate 48000, Format 0x000001, Channels 0x3, flags 0x8
09-10 09:48:16.073  6351  6351 D DeviceHalAidl: [default] openOutputStream: handle: 37 devices 2 flags 8 mixPortHalId 4
09-10 09:48:16.074  6351  6351 D Hal2AidlMapper: [default] prepareToOpenStream: handle 37, mixPortHalId 4, device AudioDevice{type: AudioDeviceDescription{type: OUT_SPEAKER, connection: }, address: AudioDeviceAddress{id: }}, flags AudioIoFlags{output: 8}, source SYS_RESERVED_INVALID, config AudioConfig{base: AudioConfigBase{sampleRate: 48000, channelMask: AudioChannelLayout{layoutMask: 3}, format: AudioFormatDescription{type: PCM, pcm: INT_16_BIT, encoding: }}, offloadInfo: AudioOffloadInfo{base: AudioConfigBase{sampleRate: 0, channelMask: AudioChannelLayout{none: 0}, format: AudioFormatDescription{type: DEFAULT, pcm: DEFAULT, encoding: }}, streamType: VOICE_CALL, bitRatePerSecond: 0, durationUs: 0, hasVideo: false, isStreaming: false, bitWidth: 16, offloadBufferSize: 0, usage: UNKNOWN, encapsulationMode: NONE, contentId: 0, syncId: 0}, frameCount: 0}, mixport config AudioPortConfig{id: 0, portId: 0, sampleRate: (null), channelMask: (null), format: (null), gain: (null), flags: (null), ext: AudioPortExt{unspecified: false}}
09-10 09:48:16.075  6356  6356 D AHAL_Module_QTI: setAudioPortConfig: requested AudioPortConfig{id: 0, portId: 4, sampleRate: Int{value: 48000}, channelMask: AudioChannelLayout{layoutMask: 3}, format: AudioFormatDescription{type: PCM, pcm: INT_16_BIT, encoding: }, gain: (null), flags: AudioIoFlags{output: 8}, ext: AudioPortExt{mix: AudioPortMixExt{handle: 37, usecase: AudioPortMixExtUseCase{unspecified: false}, maxOpenStreamCount: 0, maxActiveStreamCount: 0, recommendedMuteDurationMs: 0}}}
09-10 09:48:16.075  6356  6356 D AHAL_Module_QTI: setAudioPortConfig: created new port config for deep_buffer_out AudioPortConfig{id: 32, portId: 4, sampleRate: Int{value: 48000}, channelMask: AudioChannelLayout{layoutMask: 3}, format: AudioFormatDescription{type: PCM, pcm: INT_16_BIT, encoding: }, gain: (null), flags: AudioIoFlags{output: 8}, ext: AudioPortExt{mix: AudioPortMixExt{handle: 37, usecase: AudioPortMixExtUseCase{unspecified: false}, maxOpenStreamCount: 1, maxActiveStreamCount: 1, recommendedMuteDurationMs: 0}}}
09-10 09:48:16.075  6350  6350 W Zygote  : Class not found for preloading: android.animation.AnimationHandler$2
09-10 09:48:16.075  6356  6356 I AHAL_Module_QTI: setAudioPatch: requested patch AudioPatch{id: 0, sourcePortConfigIds: [32], sinkPortConfigIds: [28], minimumStreamBufferSizeFrames: 0, latenciesMs: []}
09-10 09:48:16.076  6356  6356 I AHAL_Module_QTI: setAudioPatch: created [deep_buffer_out  -> speaker  ] AudioPatch{id: 4, sourcePortConfigIds: [32], sinkPortConfigIds: [28], minimumStreamBufferSizeFrames: 1920, latenciesMs: [10]}
09-10 09:48:16.077  6356  6356 D AHAL_Module_QTI: openOutputStream: port config id 32, has offload info? 0, buffer size 1920 frames
09-10 09:48:16.078  6356  6356 D AHAL_Module_QTI: createStreamContext: frame size 4 bytes
09-10 09:48:16.079  6356  6356 D AHAL_Stream_QTI: StreamOut
09-10 09:48:16.080  6356  6356 D AHAL_StreamOut_QTI: StreamOutPrimary : usecase: DEEP_BUFFER_PLAYBACK IoHandle: 37 
09-10 09:48:16.080  6356  6356 W AHAL_StreamOut_QTI: configureConnectedDevices_I : usecase: DEEP_BUFFER_PLAYBACK IoHandle: 37 : stream is not configured
09-10 09:48:16.082  6356  6356 D AHAL_Stream_QTI: getStreamCommonCommon: returning 0xea306c48
09-10 09:48:16.083   886  1850 I usf_sensor_hal: DisplayInfo msg to sensor:33 (TTW), display_status:1 (ON), panel_status:1 (ON), brightness:62, refresh_rate:60, timestamp_ms=35584359
09-10 09:48:16.083  6351  6351 D StreamHalAidl: [out|ioHandle:37] StreamHalAidl
09-10 09:48:16.083  6351  6351 D StreamHalAidl: [out|ioHandle:37] getAudioProperties
09-10 09:48:16.084  6351  6351 D StreamHalAidl: [out|ioHandle:37] getFrameSize
09-10 09:48:16.085  6351  6351 D StreamHalAidl: [out|ioHandle:37] getAudioProperties
09-10 09:48:16.085  6351  6351 D StreamHalAidl: [out|ioHandle:37] getAudioProperties
09-10 09:48:16.085  6351  6351 D StreamHalAidl: [out|ioHandle:37] getBufferSize
09-10 09:48:16.085  6351  6351 I StreamHalAidl: [out|ioHandle:37] getBufferSize: size: 7680
09-10 09:48:16.085  6351  6351 I AudioFlinger: HAL output buffer size 1920 frames, normal sink buffer size 1920 frames
09-10 09:48:16.087   523   523 E SurfaceFlinger: trackPendingFrame: Invalid present fence
09-10 09:48:16.087  6351  6351 D StreamHalAidl: [out|ioHandle:37] getBufferSize
09-10 09:48:16.087  6351  6351 I StreamHalAidl: [out|ioHandle:37] getBufferSize: size: 7680
09-10 09:48:16.087  6351  6351 D StreamHalAidl: [out|ioHandle:37] getAudioProperties
09-10 09:48:16.089  6351  6351 E StreamHalAidl: Function: getRecommendedLatencyModes Line: 1351 Failed 
09-10 09:48:16.089   532   615 D SnapAlloc: from handle - reserved size 0 custom content metadata size 0
09-10 09:48:16.089   532   615 D SnapAlloc: Successfully mapped metadata 0x1
09-10 09:48:16.089  6351  6351 D AudioFlinger: updateHalSupportedLatencyModes_l: thread(37) status -38 supported latency modes: { }
09-10 09:48:16.089  6351  6434 I AudioFlinger: AudioFlinger's thread 0xf090eb40 tid=6434 ready to run
09-10 09:48:16.089  6351  6434 I AudioFlinger: boostThreadPriority: Priority of AudioOut_25 (pid=6351, tid=6434) boosted to 3
09-10 09:48:16.089  6351  6434 W AudioFlinger: no wake lock to update, system not ready yet
09-10 09:48:16.089  6351  6434 D StreamHalAidl: [out|ioHandle:37] standby
09-10 09:48:16.094  6351  6351 I APM::AudioPolicyEngine: getDevicesForStrategyInt no device found for strategy 8
09-10 09:48:16.105   532   615 D SnapAlloc: from handle - reserved size 0 custom content metadata size 0
09-10 09:48:16.106   532   615 D SnapAlloc: Successfully mapped metadata 0x1
09-10 09:48:16.122   532   615 D SnapAlloc: from handle - reserved size 0 custom content metadata size 0
09-10 09:48:16.122   532   615 D SnapAlloc: Successfully mapped metadata 0x1
09-10 09:48:16.138  6350  6350 I AconfigPackage: com.android.os.statsd.flags is mapped to com.android.os.statsd
09-10 09:48:16.142  6350  6350 I AconfigPackage: com.android.uprobestats.flags is mapped to com.android.uprobestats
09-10 09:48:16.142  6350  6350 I AconfigPackage: android.uprobestats.mainline.flags is mapped to com.android.uprobestats
09-10 09:48:16.145  6350  6350 I AconfigPackage: com.android.media.extractor.flags is mapped to com.android.media
09-10 09:48:16.145  6350  6350 I AconfigPackage: com.android.media.metrics.flags is mapped to com.android.media
09-10 09:48:16.145  6350  6350 I AconfigPackage: com.android.media.mainline.flags is mapped to com.android.media
09-10 09:48:16.148  6350  6350 I AconfigPackage: com.android.adservices.flags is mapped to com.android.adservices
09-10 09:48:16.148  6350  6350 I AconfigPackage: com.android.sdksandbox.flags is mapped to com.android.adservices
09-10 09:48:16.148  6350  6350 I AconfigPackage: android.app.sdksandbox.flags is mapped to com.android.adservices
09-10 09:48:16.151  6350  6350 I AconfigPackage: com.android.npumanager is mapped to com.android.npumanager
09-10 09:48:16.153  6350  6350 I AconfigPackage: com.android.appsearch.flags is mapped to com.android.appsearch
09-10 09:48:16.156  6350  6350 I AconfigPackage: com.android.crashrecovery.flags is mapped to com.android.crashrecovery
09-10 09:48:16.159  6351  6434 W AudioFlinger: no wake lock to update, system not ready yet
09-10 09:48:16.159  6351  6434 D DeviceHalAidl: [default] createAudioPatch: sources: 1 sinks 1
09-10 09:48:16.160  6351  6434 D Hal2AidlMapper: [default] createOrUpdatePatch: patch ID: 0, [disregard IDs] sources: [AudioPortConfig{id: 8, portId: 0, sampleRate: Int{value: 48000}, channelMask: AudioChannelLayout{layoutMask: 3}, format: AudioFormatDescription{type: PCM, pcm: INT_16_BIT, encoding: }, gain: (null), flags: AudioIoFlags{output: 8}, ext: AudioPortExt{mix: AudioPortMixExt{handle: 37, usecase: AudioPortMixExtUseCase{stream: SYS_RESERVED_DEFAULT}, maxOpenStreamCount: 0, maxActiveStreamCount: 0, recommendedMuteDurationMs: 0}}}], sinks: [AudioPortConfig{id: 2, portId: 0, sampleRate: (null), channelMask: (null), format: (null), gain: (null), flags: (null), ext: AudioPortExt{device: AudioPortDeviceExt{device: AudioDevice{type: AudioDeviceDescription{type: OUT_SPEAKER, connection: }, address: AudioDeviceAddress{id: }}, flags: 0, encodedFormats: [], encapsulationModes: 0, encapsulationMetadataTypes: 0, speakerLayout: (null)}}}]
09-10 09:48:16.160  6351  6434 D Hal2AidlMapper: [default] findOrCreatePortConfig: device port config does not have audio or gain config specified
09-10 09:48:16.160  6350  6350 I AconfigPackage: com.android.tethering.mainline.beta is mapped to com.android.tethering
09-10 09:48:16.160  6351  6434 I Hal2AidlMapper: [default] createOrUpdatePatch: Updating transient patch. Current: AudioPatch{id: 4, sourcePortConfigIds: [32], sinkPortConfigIds: [28], minimumStreamBufferSizeFrames: 1920, latenciesMs: [10]}, new: AudioPatch{id: 4, sourcePortConfigIds: [32], sinkPortConfigIds: [28], minimumStreamBufferSizeFrames: 0, latenciesMs: []}
09-10 09:48:16.160  6350  6350 I AconfigPackage: android.net.http is mapped to com.android.tethering
09-10 09:48:16.160  6350  6350 I AconfigPackage: com.android.tethering.readonly.flags is mapped to com.android.tethering
09-10 09:48:16.160  6350  6350 I AconfigPackage: android.net.vcn is mapped to com.android.tethering
09-10 09:48:16.160  6350  6350 I AconfigPackage: com.android.net.flags is mapped to com.android.tethering
09-10 09:48:16.160  6350  6350 I AconfigPackage: com.android.tethering.flags is mapped to com.android.tethering
09-10 09:48:16.160  6350  6350 I AconfigPackage: com.android.tethering.beta.test is mapped to com.android.tethering
09-10 09:48:16.160  6350  6350 I AconfigPackage: com.android.nearby.flags is mapped to com.android.tethering
09-10 09:48:16.160  6350  6350 I AconfigPackage: com.android.net.thread.flags is mapped to com.android.tethering
09-10 09:48:16.160  6350  6350 I AconfigPackage: com.android.net.ct.flags is mapped to com.android.tethering
09-10 09:48:16.161  6356  6356 I AHAL_Module_QTI: setAudioPatch: requested patch AudioPatch{id: 4, sourcePortConfigIds: [32], sinkPortConfigIds: [28], minimumStreamBufferSizeFrames: 0, latenciesMs: []}
09-10 09:48:16.161  6356  6356 I AHAL_Module_QTI: setAudioPatch: updated from [deep_buffer_out  -> speaker  ] AudioPatch{id: 4, sourcePortConfigIds: [32], sinkPortConfigIds: [28], minimumStreamBufferSizeFrames: 1920, latenciesMs: [10]} to [deep_buffer_out  -> speaker  ] AudioPatch{id: 4, sourcePortConfigIds: [32], sinkPortConfigIds: [28], minimumStreamBufferSizeFrames: 0, latenciesMs: []}
09-10 09:48:16.162  6351  6434 E StreamHalAidl: Function: getRecommendedLatencyModes Line: 1351 Failed 
09-10 09:48:16.164  6350  6350 I AconfigPackage: com.android.nfc.module.flags is mapped to com.android.nfcservices
09-10 09:48:16.164  6350  6350 I AconfigPackage: com.android.nfc.module.nonexported.flags is mapped to com.android.nfcservices
09-10 09:48:16.166  6351  6351 I AudioFlinger: openOutput() this 0xf20d0280, module 10 Device AUDIO_DEVICE_OUT_SPEAKER, @:, SamplingRate 8000, Format 0x1000000, Channels 0x1, flags 0x20031
09-10 09:48:16.166  6351  6351 D DeviceHalAidl: [default] openOutputStream: handle: 45 devices 2 flags 20031 mixPortHalId 5
09-10 09:48:16.167  6351  6351 D Hal2AidlMapper: [default] prepareToOpenStream: handle 45, mixPortHalId 5, device AudioDevice{type: AudioDeviceDescription{type: OUT_SPEAKER, connection: }, address: AudioDeviceAddress{id: }}, flags AudioIoFlags{output: 32817}, source SYS_RESERVED_INVALID, config AudioConfig{base: AudioConfigBase{sampleRate: 8000, channelMask: AudioChannelLayout{layoutMask: 1}, format: AudioFormatDescription{type: DEFAULT, pcm: DEFAULT, encoding: audio/mpeg}}, offloadInfo: AudioOffloadInfo{base: AudioConfigBase{sampleRate: 8000, channelMask: AudioChannelLayout{layoutMask: 1}, format: AudioFormatDescription{type: DEFAULT, pcm: DEFAULT, encoding: audio/mpeg}}, streamType: SYS_RESERVED_DEFAULT, bitRatePerSecond: 0, durationUs: 0, hasVideo: false, isStreaming: false, bitWidth: 16, offloadBufferSize: 0, usage: UNKNOWN, encapsulationMode: NONE, contentId: 0, syncId: 0}, frameCount: 0}, mixport config AudioPortConfig{id: 0, portId: 0, sampleRate: (null), channelMask: (null), format: (null), gain: (null), flags: (null), ext: AudioPortExt{unspecified
09-10 09:48:16.167  6350  6350 I AconfigPackage: com.android.uwb.flags is mapped to com.android.uwb
09-10 09:48:16.167  6350  6350 I AconfigPackage: com.android.ranging.flags is mapped to com.android.uwb
09-10 09:48:16.167  6356  6356 D AHAL_Module_QTI: setAudioPortConfig: requested AudioPortConfig{id: 28, portId: 17, sampleRate: Int{value: 8000}, channelMask: AudioChannelLayout{layoutMask: 1}, format: AudioFormatDescription{type: DEFAULT, pcm: DEFAULT, encoding: audio/mpeg}, gain: (null), flags: AudioIoFlags{output: 0}, ext: AudioPortExt{device: AudioPortDeviceExt{device: AudioDevice{type: AudioDeviceDescription{type: OUT_SPEAKER, connection: }, address: AudioDeviceAddress{id: }}, flags: 1, encodedFormats: [], encapsulationModes: 0, encapsulationMetadataTypes: 0, speakerLayout: (null)}}}
09-10 09:48:16.167  6356  6356 W AHAL_Module_QTI: setAudioPortConfig: requested format AudioFormatDescription{type: DEFAULT, pcm: DEFAULT, encoding: audio/mpeg} is not found in port's 17 profiles
09-10 09:48:16.167  6356  6356 W AHAL_Module_QTI: setAudioPortConfig: requested channel mask AudioChannelLayout{layoutMask: 1} is not supported for the format AudioFormatDescription{type: PCM, pcm: INT_16_BIT, encoding: } by the port 17
09-10 09:48:16.167  6356  6356 W AHAL_Module_QTI: setAudioPortConfig: requested sample rate 8000 is not supported for the format AudioFormatDescription{type: PCM, pcm: INT_16_BIT, encoding: } by the port 17
09-10 09:48:16.167  6356  6356 D AHAL_Module_QTI: setAudioPortConfig: not applied; existing config ? 1; requested is valid? 0, fully specified? 1
09-10 09:48:16.168  6356  6356 D AHAL_Module_QTI: setAudioPortConfig: requested AudioPortConfig{id: 28, portId: 17, sampleRate: Int{value: 48000}, channelMask: AudioChannelLayout{layoutMask: 3}, format: AudioFormatDescription{type: PCM, pcm: INT_16_BIT, encoding: }, gain: (null), flags: AudioIoFlags{output: 0}, ext: AudioPortExt{device: AudioPortDeviceExt{device: AudioDevice{type: AudioDeviceDescription{type: OUT_SPEAKER, connection: }, address: AudioDeviceAddress{id: }}, flags: 1, encodedFormats: [], encapsulationModes: 0, encapsulationMetadataTypes: 0, speakerLayout: (null)}}}
09-10 09:48:16.168  6356  6356 D AHAL_Module_QTI: setAudioPortConfig: updated port config forspeaker AudioPortConfig{id: 28, portId: 17, sampleRate: Int{value: 48000}, channelMask: AudioChannelLayout{layoutMask: 3}, format: AudioFormatDescription{type: PCM, pcm: INT_16_BIT, encoding: }, gain: (null), flags: AudioIoFlags{output: 0}, ext: AudioPortExt{device: AudioPortDeviceExt{device: AudioDevice{type: AudioDeviceDescription{type: OUT_SPEAKER, connection: }, address: AudioDeviceAddress{id: }}, flags: 1, encodedFormats: [], encapsulationModes: 0, encapsulationMetadataTypes: 0, speakerLayout: (null)}}}
09-10 09:48:16.169  6356  6356 D AHAL_Module_QTI: setAudioPortConfig: requested AudioPortConfig{id: 0, portId: 5, sampleRate: Int{value: 8000}, channelMask: AudioChannelLayout{layoutMask: 1}, format: AudioFormatDescription{type: DEFAULT, pcm: DEFAULT, encoding: audio/mpeg}, gain: (null), flags: AudioIoFlags{output: 32817}, ext: AudioPortExt{mix: AudioPortMixExt{handle: 45, usecase: AudioPortMixExtUseCase{unspecified: false}, maxOpenStreamCount: 0, maxActiveStreamCount: 0, recommendedMuteDurationMs: 0}}}
09-10 09:48:16.169  6356  6356 D AHAL_Module_QTI: setAudioPortConfig: created new port config for compress_offload_out AudioPortConfig{id: 33, portId: 5, sampleRate: Int{value: 8000}, channelMask: AudioChannelLayout{layoutMask: 1}, format: AudioFormatDescription{type: DEFAULT, pcm: DEFAULT, encoding: audio/mpeg}, gain: (null), flags: AudioIoFlags{output: 32817}, ext: AudioPortExt{mix: AudioPortMixExt{handle: 45, usecase: AudioPortMixExtUseCase{unspecified: false}, maxOpenStreamCount: 1, maxActiveStreamCount: 1, recommendedMuteDurationMs: 0}}}
09-10 09:48:16.170  6356  6356 I AHAL_Module_QTI: setAudioPatch: requested patch AudioPatch{id: 0, sourcePortConfigIds: [33], sinkPortConfigIds: [28], minimumStreamBufferSizeFrames: 0, latenciesMs: []}
09-10 09:48:16.170  6350  6350 I AconfigPackage: com.android.rkpd.flags is mapped to com.android.rkpd
09-10 09:48:16.170  6356  6356 I AHAL_Module_QTI: setAudioPatch: created [compress_offload_out  -> speaker  ] AudioPatch{id: 5, sourcePortConfigIds: [33], sinkPortConfigIds: [28], minimumStreamBufferSizeFrames: 131072, latenciesMs: [10]}
09-10 09:48:16.171  6351  6351 W libbinder.Binder: Binder 0xf1e907bc destroyed after setInheritRt before being parceled.
09-10 09:48:16.171  6351  6351 W libbinder.Binder: Binder 0xf1e907bc destroyed after setMinSchedulerPolicy before being parceled.
09-10 09:48:16.172  6356  6356 D AHAL_Module_QTI: openOutputStream: port config id 33, has offload info? 1, buffer size 131072 frames
09-10 09:48:16.172  6356  6356 D AHAL_Module_QTI: createStreamContext: frame size 1 bytes
09-10 09:48:16.173  6356  6356 D AHAL_Stream_QTI: StreamOut
09-10 09:48:16.173  6356  6356 I AHAL_Usecase_QTI: configureDefault: AudioOffloadInfo{base: AudioConfigBase{sampleRate: 8000, channelMask: AudioChannelLayout{layoutMask: 1}, format: AudioFormatDescription{type: DEFAULT, pcm: DEFAULT, encoding: audio/mpeg}}, streamType: SYS_RESERVED_DEFAULT, bitRatePerSecond: 0, durationUs: 0, hasVideo: false, isStreaming: false, bitWidth: 16, offloadBufferSize: 0, usage: UNKNOWN, encapsulationMode: NONE, contentId: 0, syncId: 0}
09-10 09:48:16.174  6356  6356 D AHAL_StreamOut_QTI: StreamOutPrimary : usecase: COMPRESS_OFFLOAD_PLAYBACK IoHandle: 45 
09-10 09:48:16.175  6356  6356 W AHAL_StreamOut_QTI: configureConnectedDevices_I : usecase: COMPRESS_OFFLOAD_PLAYBACK IoHandle: 45 : stream is not configured
09-10 09:48:16.177  6356  6359 D AHAL_Stream_QTI: getStreamCommonCommon: returning 0xea306ce8
09-10 09:48:16.177  6350  6350 I AconfigPackage: com.android.system.virtualmachine.flags is mapped to com.android.virt
09-10 09:48:16.177  6351  6351 D StreamHalAidl: [out|ioHandle:45] StreamHalAidl
09-10 09:48:16.177  6351  6351 D StreamHalAidl: [out|ioHandle:45] getAudioProperties
09-10 09:48:16.177  6351  6351 D StreamHalAidl: [out|ioHandle:45] getFrameSize
09-10 09:48:16.178  6351  6351 D StreamHalAidl: [out|ioHandle:45] getAudioProperties
09-10 09:48:16.178  6350  6411 I zygote  : Background verification of 231 classes from boot classpath took 578.785ms
09-10 09:48:16.178  6351  6351 D StreamHalAidl: [out|ioHandle:45] getAudioProperties
09-10 09:48:16.178  6351  6351 D StreamHalAidl: [out|ioHandle:45] getBufferSize
09-10 09:48:16.178  6351  6351 I StreamHalAidl: [out|ioHandle:45] getBufferSize: size: 131072
09-10 09:48:16.178  6351  6351 I AudioFlinger: HAL output buffer size 131072 frames, normal sink buffer size 131072 frames
09-10 09:48:16.180  6351  6351 D StreamHalAidl: [out|ioHandle:45] setCallback
09-10 09:48:16.180  6350  6350 I AconfigPackage: com.android.org.conscrypt.flags is mapped to com.android.conscrypt
09-10 09:48:16.180  6350  6350 I AconfigPackage: com.android.org.conscrypt.net.flags is mapped to com.android.conscrypt
09-10 09:48:16.181  6351  6438 I AudioFlinger: AudioFlinger's thread 0xf1a62c40 tid=6438 ready to run
09-10 09:48:16.181  6351  6438 I AudioFlinger: boostThreadPriority: Priority of AudioOut_2D (pid=6351, tid=6438) boosted to 3
09-10 09:48:16.181  6351  6438 W AudioFlinger: no wake lock to update, system not ready yet
09-10 09:48:16.181  6351  6351 D StreamHalAidl: [out|ioHandle:45] dump
09-10 09:48:16.183  6350  6350 I AconfigPackage: android.media.swcodec.flags is mapped to com.android.media.swcodec
09-10 09:48:16.183  6351  6351 D StreamHalAidl: [out|ioHandle:45] exit
09-10 09:48:16.183  6356  6359 D AHAL_Stream_QTI: prepareToClose
09-10 09:48:16.184  6351  6438 W AudioFlinger: no wake lock to update, system not ready yet
09-10 09:48:16.184  6351  6438 D StreamHalAidl: [out|ioHandle:45] drain
09-10 09:48:16.184  6351  6438 D StreamHalAidl: [out|ioHandle:45] drain: stream already in STANDBY state
09-10 09:48:16.184  6351  6438 D StreamHalAidl: [out|ioHandle:45] sendOnDrainReadyToClients: sending onDrainReady to framework
09-10 09:48:16.184  6351  6351 D StreamHalAidl: [out|ioHandle:45] close
09-10 09:48:16.184  6356  6359 D AHAL_Stream_QTI: close
09-10 09:48:16.185  6356  6359 D AHAL_Stream_QTI: stopWorker: asking the worker to exit...
09-10 09:48:16.185  6356  6359 D AHAL_Stream_QTI: stopWorker: done
09-10 09:48:16.185  6356  6359 D AHAL_Stream_QTI: stopAndJoinWorker: joining the worker thread...
09-10 09:48:16.185  6356  6359 D AHAL_Stream_QTI: stopAndJoinWorker: worker thread joined
09-10 09:48:16.185  6351  6351 D DeviceHalAidl: [default] streamClosed
09-10 09:48:16.186  6351  6351 D Hal2AidlMapper: [default] releaseAudioPatch: patchId 5
09-10 09:48:16.186  6350  6350 I AconfigPackage: com.android.ipsec.flags is mapped to com.android.ipsec
09-10 09:48:16.186  6356  6359 D AHAL_Module_QTI: resetAudioPatch: erased patch 5 [compress_offload_out  -> speaker  ]
09-10 09:48:16.186  6356  6356 D AHAL_StreamOut_QTI: ~StreamOutPrimary : usecase: COMPRESS_OFFLOAD_PLAYBACK IoHandle: 45 
09-10 09:48:16.188  6351  6351 I AudioFlinger: openOutput() this 0xf20d0280, module 10 Device AUDIO_DEVICE_OUT_TELEPHONY_TX, @:, SamplingRate 48000, Format 0x000001, Channels 0x3, flags 0
09-10 09:48:16.188  6351  6351 D DeviceHalAidl: [default] openOutputStream: handle: 53 devices 10000 flags 0 mixPortHalId 6
09-10 09:48:16.188  6351  6351 D Hal2AidlMapper: [default] prepareToOpenStream: handle 53, mixPortHalId 6, device AudioDevice{type: AudioDeviceDescription{type: OUT_TELEPHONY_TX, connection: }, address: AudioDeviceAddress{id: }}, flags AudioIoFlags{output: 0}, source SYS_RESERVED_INVALID, config AudioConfig{base: AudioConfigBase{sampleRate: 48000, channelMask: AudioChannelLayout{layoutMask: 3}, format: AudioFormatDescription{type: PCM, pcm: INT_16_BIT, encoding: }}, offloadInfo: AudioOffloadInfo{base: AudioConfigBase{sampleRate: 0, channelMask: AudioChannelLayout{none: 0}, format: AudioFormatDescription{type: DEFAULT, pcm: DEFAULT, encoding: }}, streamType: VOICE_CALL, bitRatePerSecond: 0, durationUs: 0, hasVideo: false, isStreaming: false, bitWidth: 16, offloadBufferSize: 0, usage: UNKNOWN, encapsulationMode: NONE, contentId: 0, syncId: 0}, frameCount: 0}, mixport config AudioPortConfig{id: 0, portId: 0, sampleRate: (null), channelMask: (null), format: (null), gain: (null), flags: (null), ext: AudioPortExt{unspecified: false}}
09-10 09:48:16.188  6350  6350 I AconfigPackage: com.android.cellbroadcastreceiver.flags is mapped to com.android.cellbroadcast
09-10 09:48:16.189  6351  6351 D Hal2AidlMapper: [default] resetPortConfig: AudioPortConfig{id: 33, portId: 5, sampleRate: Int{value: 8000}, channelMask: AudioChannelLayout{layoutMask: 1}, format: AudioFormatDescription{type: DEFAULT, pcm: DEFAULT, encoding: audio/mpeg}, gain: (null), flags: AudioIoFlags{output: 32817}, ext: AudioPortExt{mix: AudioPortMixExt{handle: 45, usecase: AudioPortMixExtUseCase{unspecified: false}, maxOpenStreamCount: 1, maxActiveStreamCount: 1, recommendedMuteDurationMs: 0}}}
09-10 09:48:16.190  6356  6359 D AHAL_Module_QTI: resetAudioPortConfig: erased port config 33 compress_offload_out
09-10 09:48:16.190  6356  6359 D AHAL_Module_QTI: setAudioPortConfig: requested AudioPortConfig{id: 0, portId: 21, sampleRate: Int{value: 48000}, channelMask: AudioChannelLayout{layoutMask: 3}, format: AudioFormatDescription{type: PCM, pcm: INT_16_BIT, encoding: }, gain: (null), flags: (null), ext: AudioPortExt{unspecified: false}}
09-10 09:48:16.191  6356  6359 W AHAL_Module_QTI: setAudioPortConfig: requested sample rate 48000 is not supported for the format AudioFormatDescription{type: PCM, pcm: INT_16_BIT, encoding: } by the port 21
09-10 09:48:16.191  6356  6359 D AHAL_Module_QTI: setAudioPortConfig: not applied; existing config ? 0; requested is valid? 0, fully specified? 0
09-10 09:48:16.191  6350  6350 I AconfigPackage: android.telecom.flags is mapped to com.android.telephonycore
09-10 09:48:16.191  6350  6350 I AconfigPackage: com.android.internal.telecom.flags is mapped to com.android.telephonycore
09-10 09:48:16.191  6350  6350 I AconfigPackage: com.android.telephony.flags is mapped to com.android.telephonycore
09-10 09:48:16.191  6356  6359 D AHAL_Module_QTI: setAudioPortConfig: requested AudioPortConfig{id: 0, portId: 21, sampleRate: Int{value: 8000}, channelMask: AudioChannelLayout{layoutMask: 3}, format: AudioFormatDescription{type: PCM, pcm: INT_16_BIT, encoding: }, gain: (null), flags: AudioIoFlags{output: 0}, ext: AudioPortExt{device: AudioPortDeviceExt{device: AudioDevice{type: AudioDeviceDescription{type: OUT_TELEPHONY_TX, connection: }, address: AudioDeviceAddress{id: }}, flags: 0, encodedFormats: [], encapsulationModes: 0, encapsulationMetadataTypes: 0, speakerLayout: (null)}}}
09-10 09:48:16.192  6356  6359 D AHAL_Module_QTI: setAudioPortConfig: created new port config for telephony_tx AudioPortConfig{id: 34, portId: 21, sampleRate: Int{value: 8000}, channelMask: AudioChannelLayout{layoutMask: 3}, format: AudioFormatDescription{type: PCM, pcm: INT_16_BIT, encoding: }, gain: (null), flags: AudioIoFlags{output: 0}, ext: AudioPortExt{device: AudioPortDeviceExt{device: AudioDevice{type: AudioDeviceDescription{type: OUT_TELEPHONY_TX, connection: }, address: AudioDeviceAddress{id: }}, flags: 0, encodedFormats: [], encapsulationModes: 0, encapsulationMetadataTypes: 0, speakerLayout: (null)}}}
09-10 09:48:16.192  6356  6359 D AHAL_Module_QTI: setAudioPortConfig: requested AudioPortConfig{id: 0, portId: 6, sampleRate: Int{value: 48000}, channelMask: AudioChannelLayout{layoutMask: 3}, format: AudioFormatDescription{type: PCM, pcm: INT_16_BIT, encoding: }, gain: (null), flags: AudioIoFlags{output: 0}, ext: AudioPortExt{mix: AudioPortMixExt{handle: 53, usecase: AudioPortMixExtUseCase{unspecified: false}, maxOpenStreamCount: 0, maxActiveStreamCount: 0, recommendedMuteDurationMs: 0}}}
09-10 09:48:16.193  6356  6359 D AHAL_Module_QTI: setAudioPortConfig: created new port config for voice_tx AudioPortConfig{id: 35, portId: 6, sampleRate: Int{value: 48000}, channelMask: AudioChannelLayout{layoutMask: 3}, format: AudioFormatDescription{type: PCM, pcm: INT_16_BIT, encoding: }, gain: (null), flags: AudioIoFlags{output: 0}, ext: AudioPortExt{mix: AudioPortMixExt{handle: 53, usecase: AudioPortMixExtUseCase{unspecified: false}, maxOpenStreamCount: 1, maxActiveStreamCount: 1, recommendedMuteDurationMs: 0}}}
09-10 09:48:16.194  6356  6440 I AHAL_Module_QTI: setAudioPatch: requested patch AudioPatch{id: 0, sourcePortConfigIds: [35], sinkPortConfigIds: [34], minimumStreamBufferSizeFrames: 0, latenciesMs: []}
09-10 09:48:16.194  6350  6350 I AconfigPackage: com.android.devicelock.flags is mapped to com.android.devicelock
09-10 09:48:16.194  6356  6440 I AHAL_Module_QTI: setAudioPatch: created [voice_tx  -> telephony_tx  ] AudioPatch{id: 6, sourcePortConfigIds: [35], sinkPortConfigIds: [34], minimumStreamBufferSizeFrames: 1920, latenciesMs: [10]}
09-10 09:48:16.195  6356  6440 D AHAL_Module_QTI: openOutputStream: port config id 35, has offload info? 0, buffer size 1920 frames
09-10 09:48:16.195  6356  6440 D AHAL_Module_QTI: createStreamContext: frame size 4 bytes
09-10 09:48:16.196  6350  6350 I AconfigPackage: com.android.permission.flags is mapped to com.android.permission
09-10 09:48:16.196  6350  6350 I AconfigPackage: com.android.permissioncontroller.flags is mapped to com.android.permission
09-10 09:48:16.197  6356  6440 D AHAL_Stream_QTI: StreamOut
09-10 09:48:16.197  6356  6440 D AHAL_StreamOut_QTI: StreamOutPrimary : usecase: DEEP_BUFFER_PLAYBACK IoHandle: 53 
09-10 09:48:16.197  6356  6440 W AHAL_StreamOut_QTI: configureConnectedDevices_I : usecase: DEEP_BUFFER_PLAYBACK IoHandle: 53 : stream is not configured
09-10 09:48:16.199  6356  6440 D AHAL_Stream_QTI: getStreamCommonCommon: returning 0xea306cc0
09-10 09:48:16.199  6350  6350 I AconfigPackage: com.android.icu is mapped to com.android.i18n
09-10 09:48:16.199  6351  6351 D StreamHalAidl: [out|ioHandle:53] StreamHalAidl
09-10 09:48:16.199  6351  6351 D StreamHalAidl: [out|ioHandle:53] getAudioProperties
09-10 09:48:16.200  6351  6351 D StreamHalAidl: [out|ioHandle:53] getFrameSize
09-10 09:48:16.201  6351  6351 D StreamHalAidl: [out|ioHandle:53] getAudioProperties
09-10 09:48:16.201  6351  6351 D StreamHalAidl: [out|ioHandle:53] getAudioProperties
09-10 09:48:16.201  6351  6351 D StreamHalAidl: [out|ioHandle:53] getBufferSize
09-10 09:48:16.201  6351  6351 I StreamHalAidl: [out|ioHandle:53] getBufferSize: size: 7680
09-10 09:48:16.201  6351  6351 I AudioFlinger: HAL output buffer size 1920 frames, normal sink buffer size 1920 frames
09-10 09:48:16.202  6350  6350 I AconfigPackage: com.android.adservices.ondevicepersonalization.flags is mapped to com.android.ondevicepersonalization
09-10 09:48:16.202  6351  6351 D StreamHalAidl: [out|ioHandle:53] getBufferSize
09-10 09:48:16.202  6351  6351 I StreamHalAidl: [out|ioHandle:53] getBufferSize: size: 7680
09-10 09:48:16.202  6351  6351 D StreamHalAidl: [out|ioHandle:53] getAudioProperties
09-10 09:48:16.203  6351  6351 E StreamHalAidl: Function: getRecommendedLatencyModes Line: 1351 Failed 
09-10 09:48:16.203  6351  6351 D AudioFlinger: updateHalSupportedLatencyModes_l: thread(53) status -38 supported latency modes: { }
09-10 09:48:16.204  6351  6442 I AudioFlinger: AudioFlinger's thread 0xf0663f80 tid=6442 ready to run
09-10 09:48:16.204  6351  6442 I AudioFlinger: boostThreadPriority: Priority of AudioOut_35 (pid=6351, tid=6442) boosted to 3
09-10 09:48:16.204  6351  6442 W AudioFlinger: no wake lock to update, system not ready yet
09-10 09:48:16.204  6351  6351 D DeviceHalAidl: [default] getParameters: keys: "routing=65536;supEncapsulationMetadataTypes=;supEncapsulationModes="
09-10 09:48:16.204  6351  6442 D StreamHalAidl: [out|ioHandle:53] standby
09-10 09:48:16.205  6350  6350 I AconfigPackage: com.android.wifi.flags is mapped to com.android.wifi
09-10 09:48:16.205  6356  6440 D AHAL_ModulePrimary_QTI: getVendorParameters: id count: 3
09-10 09:48:16.205  6356  6440 E AHAL_ModulePrimary_QTI: getVendorParameters: handled parameters 0 requested 3
09-10 09:48:16.206  6351  6351 E DeviceHalAidl: Function: parseAndGetVendorParameters Line: 396 Failed 
09-10 09:48:16.206  6351  6351 D DeviceHalAidl: [usb] getParameters: keys: "routing=65536;supEncapsulationMetadataTypes=;supEncapsulationModes="
09-10 09:48:16.207  6351  6351 E DeviceHalAidl: Function: parseAndGetVendorParameters Line: 396 Failed 
09-10 09:48:16.207  6351  6351 D DeviceHalAidl: [r_submix] getParameters: keys: "routing=65536;supEncapsulationMetadataTypes=;supEncapsulationModes="
09-10 09:48:16.209  6350  6350 I AconfigPackage: com.android.webapp.flags is mapped to com.android.webapp
09-10 09:48:16.209  6351  6351 E DeviceHalAidl: Function: parseAndGetVendorParameters Line: 396 Failed 
09-10 09:48:16.212  6350  6350 I AconfigPackage: android.os.profiling is mapped to com.android.profiling
09-10 09:48:16.212  6350  6350 I AconfigPackage: android.os.profiling.anomaly.flags is mapped to com.android.profiling
09-10 09:48:16.215  6350  6350 I AconfigPackage: com.android.healthfitness.flags is mapped to com.android.healthfitness
09-10 09:48:16.218  6350  6350 I AconfigPackage: com.android.art.flags is mapped to com.android.art
09-10 09:48:16.218  6350  6350 I AconfigPackage: com.android.art.rw.flags is mapped to com.android.art
09-10 09:48:16.218  6350  6350 I AconfigPackage: com.android.libcore is mapped to com.android.art
09-10 09:48:16.221  6350  6350 I AconfigPackage: android.provider.flags is mapped to com.android.configinfrastructure
09-10 09:48:16.221  6350  6350 I AconfigPackage: com.android.server.deviceconfig is mapped to com.android.configinfrastructure
09-10 09:48:16.224  6350  6350 I AconfigPackage: com.google.android.widevine.flags is mapped to com.google.android.widevine
09-10 09:48:16.227  6350  6350 I AconfigPackage: com.android.adbd.flags is mapped to com.android.adbd
09-10 09:48:16.230  6350  6350 I AconfigPackage: android.graphics.pdf.flags is mapped to com.android.mediaprovider
09-10 09:48:16.230  6350  6350 I AconfigPackage: com.android.providers.media.flags is mapped to com.android.mediaprovider
09-10 09:48:16.230  6350  6350 I AconfigPackage: android.graphics.pdf.flags.readonly is mapped to com.android.mediaprovider
09-10 09:48:16.233  6350  6350 I AconfigPackage: com.android.bluetooth.beta.flags is mapped to com.android.bt
09-10 09:48:16.233  6350  6350 I AconfigPackage: com.android.bluetooth.flags is mapped to com.android.bt
09-10 09:48:16.234  6350  6350 E FeatureFlagsImplExport: android.os.flagging.AconfigStorageReadException: ERROR_PACKAGE_NOT_FOUND: package android.xr cannot be found on the device
09-10 09:48:16.278  6351  6442 W AudioFlinger: no wake lock to update, system not ready yet
09-10 09:48:16.278  6351  6442 D DeviceHalAidl: [default] createAudioPatch: sources: 1 sinks 1
09-10 09:48:16.279  6351  6442 D Hal2AidlMapper: [default] createOrUpdatePatch: patch ID: 0, [disregard IDs] sources: [AudioPortConfig{id: 11, portId: 0, sampleRate: Int{value: 48000}, channelMask: AudioChannelLayout{layoutMask: 3}, format: AudioFormatDescription{type: PCM, pcm: INT_16_BIT, encoding: }, gain: (null), flags: AudioIoFlags{output: 0}, ext: AudioPortExt{mix: AudioPortMixExt{handle: 53, usecase: AudioPortMixExtUseCase{stream: SYS_RESERVED_DEFAULT}, maxOpenStreamCount: 0, maxActiveStreamCount: 0, recommendedMuteDurationMs: 0}}}], sinks: [AudioPortConfig{id: 12, portId: 0, sampleRate: (null), channelMask: (null), format: (null), gain: (null), flags: (null), ext: AudioPortExt{device: AudioPortDeviceExt{device: AudioDevice{type: AudioDeviceDescription{type: OUT_TELEPHONY_TX, connection: }, address: AudioDeviceAddress{id: }}, flags: 0, encodedFormats: [], encapsulationModes: 0, encapsulationMetadataTypes: 0, speakerLayout: (null)}}}]
09-10 09:48:16.279  6351  6442 D Hal2AidlMapper: [default] findOrCreatePortConfig: device port config does not have audio or gain config specified
09-10 09:48:16.279  6351  6442 I Hal2AidlMapper: [default] createOrUpdatePatch: Updating transient patch. Current: AudioPatch{id: 6, sourcePortConfigIds: [35], sinkPortConfigIds: [34], minimumStreamBufferSizeFrames: 1920, latenciesMs: [10]}, new: AudioPatch{id: 6, sourcePortConfigIds: [35], sinkPortConfigIds: [34], minimumStreamBufferSizeFrames: 0, latenciesMs: []}
09-10 09:48:16.279  6356  6440 I AHAL_Module_QTI: setAudioPatch: requested patch AudioPatch{id: 6, sourcePortConfigIds: [35], sinkPortConfigIds: [34], minimumStreamBufferSizeFrames: 0, latenciesMs: []}
09-10 09:48:16.280  6356  6440 I AHAL_Module_QTI: setAudioPatch: updated from [voice_tx  -> telephony_tx  ] AudioPatch{id: 6, sourcePortConfigIds: [35], sinkPortConfigIds: [34], minimumStreamBufferSizeFrames: 1920, latenciesMs: [10]} to [voice_tx  -> telephony_tx  ] AudioPatch{id: 6, sourcePortConfigIds: [35], sinkPortConfigIds: [34], minimumStreamBufferSizeFrames: 0, latenciesMs: []}
09-10 09:48:16.281  6351  6442 E StreamHalAidl: Function: getRecommendedLatencyModes Line: 1351 Failed 
09-10 09:48:16.285  6351  6351 I AudioFlinger: openOutput() this 0xf20d0280, module 10 Device AUDIO_DEVICE_OUT_SPEAKER, @:, SamplingRate 48000, Format 0x000001, Channels 0x3, flags 0x8000
09-10 09:48:16.285  6351  6351 D DeviceHalAidl: [default] openOutputStream: handle: 61 devices 2 flags 8000 mixPortHalId 8
09-10 09:48:16.285  6351  6351 D Hal2AidlMapper: [default] prepareToOpenStream: handle 61, mixPortHalId 8, device AudioDevice{type: AudioDeviceDescription{type: OUT_SPEAKER, connection: }, address: AudioDeviceAddress{id: }}, flags AudioIoFlags{output: 8192}, source SYS_RESERVED_INVALID, config AudioConfig{base: AudioConfigBase{sampleRate: 48000, channelMask: AudioChannelLayout{layoutMask: 3}, format: AudioFormatDescription{type: PCM, pcm: INT_16_BIT, encoding: }}, offloadInfo: AudioOffloadInfo{base: AudioConfigBase{sampleRate: 0, channelMask: AudioChannelLayout{none: 0}, format: AudioFormatDescription{type: DEFAULT, pcm: DEFAULT, encoding: }}, streamType: VOICE_CALL, bitRatePerSecond: 0, durationUs: 0, hasVideo: false, isStreaming: false, bitWidth: 16, offloadBufferSize: 0, usage: UNKNOWN, encapsulationMode: NONE, contentId: 0, syncId: 0}, frameCount: 0}, mixport config AudioPortConfig{id: 0, portId: 0, sampleRate: (null), channelMask: (null), format: (null), gain: (null), flags: (null), ext: AudioPortExt{unspecified: false}}
09-10 09:48:16.286  6356  6440 D AHAL_Module_QTI: setAudioPortConfig: requested AudioPortConfig{id: 0, portId: 8, sampleRate: Int{value: 48000}, channelMask: AudioChannelLayout{layoutMask: 3}, format: AudioFormatDescription{type: PCM, pcm: INT_16_BIT, encoding: }, gain: (null), flags: AudioIoFlags{output: 8192}, ext: AudioPortExt{mix: AudioPortMixExt{handle: 61, usecase: AudioPortMixExtUseCase{unspecified: false}, maxOpenStreamCount: 0, maxActiveStreamCount: 0, recommendedMuteDurationMs: 0}}}
09-10 09:48:16.286  6356  6440 D AHAL_Module_QTI: setAudioPortConfig: created new port config for voip_playback AudioPortConfig{id: 36, portId: 8, sampleRate: Int{value: 48000}, channelMask: AudioChannelLayout{layoutMask: 3}, format: AudioFormatDescription{type: PCM, pcm: INT_16_BIT, encoding: }, gain: (null), flags: AudioIoFlags{output: 8192}, ext: AudioPortExt{mix: AudioPortMixExt{handle: 61, usecase: AudioPortMixExtUseCase{unspecified: false}, maxOpenStreamCount: 1, maxActiveStreamCount: 1, recommendedMuteDurationMs: 0}}}
09-10 09:48:16.287  6356  6440 I AHAL_Module_QTI: setAudioPatch: requested patch AudioPatch{id: 0, sourcePortConfigIds: [36], sinkPortConfigIds: [28], minimumStreamBufferSizeFrames: 0, latenciesMs: []}
09-10 09:48:16.287  6356  6440 I AHAL_Module_QTI: setAudioPatch: created [voip_playback  -> speaker  ] AudioPatch{id: 7, sourcePortConfigIds: [36], sinkPortConfigIds: [28], minimumStreamBufferSizeFrames: 960, latenciesMs: [10]}
09-10 09:48:16.288  6356  6440 D AHAL_Module_QTI: openOutputStream: port config id 36, has offload info? 0, buffer size 960 frames
09-10 09:48:16.288  6356  6440 D AHAL_Module_QTI: createStreamContext: frame size 4 bytes
09-10 09:48:16.290  6356  6440 D AHAL_Stream_QTI: StreamOut
09-10 09:48:16.290  6356  6440 D AHAL_StreamOut_QTI: StreamOutPrimary : usecase: VOIP_PLAYBACK IoHandle: 61 
09-10 09:48:16.291  6356  6440 W AHAL_StreamOut_QTI: configureConnectedDevices_I : usecase: VOIP_PLAYBACK IoHandle: 61 : stream is not configured
09-10 09:48:16.293  6356  6440 D AHAL_Stream_QTI: getStreamCommonCommon: returning 0xea306d60
09-10 09:48:16.293  6351  6351 D StreamHalAidl: [out|ioHandle:61] StreamHalAidl
09-10 09:48:16.293  6351  6351 D StreamHalAidl: [out|ioHandle:61] getAudioProperties
09-10 09:48:16.294  6351  6351 D StreamHalAidl: [out|ioHandle:61] getFrameSize
09-10 09:48:16.295  6351  6351 D StreamHalAidl: [out|ioHandle:61] getAudioProperties
09-10 09:48:16.295  6351  6351 D StreamHalAidl: [out|ioHandle:61] getAudioProperties
09-10 09:48:16.295  6351  6351 D StreamHalAidl: [out|ioHandle:61] getBufferSize
09-10 09:48:16.295  6351  6351 I StreamHalAidl: [out|ioHandle:61] getBufferSize: size: 3840
09-10 09:48:16.295  6351  6351 I AudioFlinger: HAL output buffer size 960 frames, normal sink buffer size 960 frames
09-10 09:48:16.296  6351  6351 D StreamHalAidl: [out|ioHandle:61] getBufferSize
09-10 09:48:16.297  6351  6351 I StreamHalAidl: [out|ioHandle:61] getBufferSize: size: 3840
09-10 09:48:16.297  6351  6351 D StreamHalAidl: [out|ioHandle:61] getAudioProperties
09-10 09:48:16.297  6351  6351 E StreamHalAidl: Function: getRecommendedLatencyModes Line: 1351 Failed 
09-10 09:48:16.297  6351  6351 D AudioFlinger: updateHalSupportedLatencyModes_l: thread(61) status -38 supported latency modes: { }
09-10 09:48:16.298  6351  6444 I AudioFlinger: AudioFlinger's thread 0xf029e500 tid=6444 ready to run
09-10 09:48:16.298  6351  6444 I AudioFlinger: boostThreadPriority: Priority of AudioOut_3D (pid=6351, tid=6444) boosted to 3
09-10 09:48:16.298  6351  6444 W AudioFlinger: no wake lock to update, system not ready yet
09-10 09:48:16.298  6351  6444 D StreamHalAidl: [out|ioHandle:61] standby
09-10 09:48:16.318   726   861 I MCU     : ambient_light_sensor.cc:213      10:09:57.884 AlsSensor Update display, mode:1, brightness:62, refresh:60
09-10 09:48:16.319   726   861 D MCU     : device_impl.cc:602               10:09:57.887 Tcs3701Device Vsync trigger enabled
09-10 09:48:16.319   726   861 D MCU     : tilt_sensor_base.cc:182          10:09:57.891 [TTW] display=ON
09-10 09:48:16.319   726   861 I MCU     : ttw_wrapper_ml.cc:1505           10:09:57.924 [TTW]: External Display ON (no gesture)
09-10 09:48:16.338  6351  6444 W AudioFlinger: no wake lock to update, system not ready yet
09-10 09:48:16.338  6351  6444 D DeviceHalAidl: [default] createAudioPatch: sources: 1 sinks 1
09-10 09:48:16.338  6351  6444 D Hal2AidlMapper: [default] createOrUpdatePatch: patch ID: 0, [disregard IDs] sources: [AudioPortConfig{id: 14, portId: 0, sampleRate: Int{value: 48000}, channelMask: AudioChannelLayout{layoutMask: 3}, format: AudioFormatDescription{type: PCM, pcm: INT_16_BIT, encoding: }, gain: (null), flags: AudioIoFlags{output: 8192}, ext: AudioPortExt{mix: AudioPortMixExt{handle: 61, usecase: AudioPortMixExtUseCase{stream: SYS_RESERVED_DEFAULT}, maxOpenStreamCount: 0, maxActiveStreamCount: 0, recommendedMuteDurationMs: 0}}}], sinks: [AudioPortConfig{id: 2, portId: 0, sampleRate: (null), channelMask: (null), format: (null), gain: (null), flags: (null), ext: AudioPortExt{device: AudioPortDeviceExt{device: AudioDevice{type: AudioDeviceDescription{type: OUT_SPEAKER, connection: }, address: AudioDeviceAddress{id: }}, flags: 0, encodedFormats: [], encapsulationModes: 0, encapsulationMetadataTypes: 0, speakerLayout: (null)}}}]
09-10 09:48:16.338  6351  6444 D Hal2AidlMapper: [default] findOrCreatePortConfig: device port config does not have audio or gain config specified
09-10 09:48:16.339  6351  6444 I Hal2AidlMapper: [default] createOrUpdatePatch: Updating transient patch. Current: AudioPatch{id: 7, sourcePortConfigIds: [36], sinkPortConfigIds: [28], minimumStreamBufferSizeFrames: 960, latenciesMs: [10]}, new: AudioPatch{id: 7, sourcePortConfigIds: [36], sinkPortConfigIds: [28], minimumStreamBufferSizeFrames: 0, latenciesMs: []}
09-10 09:48:16.339  6356  6440 I AHAL_Module_QTI: setAudioPatch: requested patch AudioPatch{id: 7, sourcePortConfigIds: [36], sinkPortConfigIds: [28], minimumStreamBufferSizeFrames: 0, latenciesMs: []}
09-10 09:48:16.339  6356  6440 I AHAL_Module_QTI: setAudioPatch: updated from [voip_playback  -> speaker  ] AudioPatch{id: 7, sourcePortConfigIds: [36], sinkPortConfigIds: [28], minimumStreamBufferSizeFrames: 960, latenciesMs: [10]} to [voip_playback  -> speaker  ] AudioPatch{id: 7, sourcePortConfigIds: [36], sinkPortConfigIds: [28], minimumStreamBufferSizeFrames: 0, latenciesMs: []}
09-10 09:48:16.341  6351  6444 E StreamHalAidl: Function: getRecommendedLatencyModes Line: 1351 Failed 
09-10 09:48:16.345  6351  6351 I AudioFlinger: openOutput() this 0xf20d0280, module 10 Device AUDIO_DEVICE_OUT_TELEPHONY_TX, @:, SamplingRate 48000, Format 0x000001, Channels 0x3, flags 0x10000
09-10 09:48:16.345  6351  6351 D DeviceHalAidl: [default] openOutputStream: handle: 69 devices 10000 flags 10000 mixPortHalId 9
09-10 09:48:16.345  6351  6351 D Hal2AidlMapper: [default] prepareToOpenStream: handle 69, mixPortHalId 9, device AudioDevice{type: AudioDeviceDescription{type: OUT_TELEPHONY_TX, connection: }, address: AudioDeviceAddress{id: }}, flags AudioIoFlags{output: 16384}, source SYS_RESERVED_INVALID, config AudioConfig{base: AudioConfigBase{sampleRate: 48000, channelMask: AudioChannelLayout{layoutMask: 3}, format: AudioFormatDescription{type: PCM, pcm: INT_16_BIT, encoding: }}, offloadInfo: AudioOffloadInfo{base: AudioConfigBase{sampleRate: 0, channelMask: AudioChannelLayout{none: 0}, format: AudioFormatDescription{type: DEFAULT, pcm: DEFAULT, encoding: }}, streamType: VOICE_CALL, bitRatePerSecond: 0, durationUs: 0, hasVideo: false, isStreaming: false, bitWidth: 16, offloadBufferSize: 0, usage: UNKNOWN, encapsulationMode: NONE, contentId: 0, syncId: 0}, frameCount: 0}, mixport config AudioPortConfig{id: 0, portId: 0, sampleRate: (null), channelMask: (null), format: (null), gain: (null), flags: (null), ext: AudioPortExt{unspecified: false}}
09-10 09:48:16.346  6356  6359 D AHAL_Module_QTI: setAudioPortConfig: requested AudioPortConfig{id: 34, portId: 21, sampleRate: Int{value: 48000}, channelMask: AudioChannelLayout{layoutMask: 3}, format: AudioFormatDescription{type: PCM, pcm: INT_16_BIT, encoding: }, gain: (null), flags: AudioIoFlags{output: 0}, ext: AudioPortExt{device: AudioPortDeviceExt{device: AudioDevice{type: AudioDeviceDescription{type: OUT_TELEPHONY_TX, connection: }, address: AudioDeviceAddress{id: }}, flags: 0, encodedFormats: [], encapsulationModes: 0, encapsulationMetadataTypes: 0, speakerLayout: (null)}}}
09-10 09:48:16.346  6356  6359 W AHAL_Module_QTI: setAudioPortConfig: requested sample rate 48000 is not supported for the format AudioFormatDescription{type: PCM, pcm: INT_16_BIT, encoding: } by the port 21
09-10 09:48:16.346  6356  6359 D AHAL_Module_QTI: setAudioPortConfig: not applied; existing config ? 1; requested is valid? 0, fully specified? 1
09-10 09:48:16.347  6356  6359 D AHAL_Module_QTI: setAudioPortConfig: requested AudioPortConfig{id: 34, portId: 21, sampleRate: Int{value: 8000}, channelMask: AudioChannelLayout{layoutMask: 3}, format: AudioFormatDescription{type: PCM, pcm: INT_16_BIT, encoding: }, gain: (null), flags: AudioIoFlags{output: 0}, ext: AudioPortExt{device: AudioPortDeviceExt{device: AudioDevice{type: AudioDeviceDescription{type: OUT_TELEPHONY_TX, connection: }, address: AudioDeviceAddress{id: }}, flags: 0, encodedFormats: [], encapsulationModes: 0, encapsulationMetadataTypes: 0, speakerLayout: (null)}}}
09-10 09:48:16.347  6356  6359 D AHAL_Module_QTI: setAudioPortConfig: updated port config fortelephony_tx AudioPortConfig{id: 34, portId: 21, sampleRate: Int{value: 8000}, channelMask: AudioChannelLayout{layoutMask: 3}, format: AudioFormatDescription{type: PCM, pcm: INT_16_BIT, encoding: }, gain: (null), flags: AudioIoFlags{output: 0}, ext: AudioPortExt{device: AudioPortDeviceExt{device: AudioDevice{type: AudioDeviceDescription{type: OUT_TELEPHONY_TX, connection: }, address: AudioDeviceAddress{id: }}, flags: 0, encodedFormats: [], encapsulationModes: 0, encapsulationMetadataTypes: 0, speakerLayout: (null)}}}
09-10 09:48:16.348  6356  6359 D AHAL_Module_QTI: setAudioPortConfig: requested AudioPortConfig{id: 0, portId: 9, sampleRate: Int{value: 48000}, channelMask: AudioChannelLayout{layoutMask: 3}, format: AudioFormatDescription{type: PCM, pcm: INT_16_BIT, encoding: }, gain: (null), flags: AudioIoFlags{output: 16384}, ext: AudioPortExt{mix: AudioPortMixExt{handle: 69, usecase: AudioPortMixExtUseCase{unspecified: false}, maxOpenStreamCount: 0, maxActiveStreamCount: 0, recommendedMuteDurationMs: 0}}}
09-10 09:48:16.348  6356  6359 D AHAL_Module_QTI: setAudioPortConfig: created new port config for in_call_music AudioPortConfig{id: 37, portId: 9, sampleRate: Int{value: 48000}, channelMask: AudioChannelLayout{layoutMask: 3}, format: AudioFormatDescription{type: PCM, pcm: INT_16_BIT, encoding: }, gain: (null), flags: AudioIoFlags{output: 16384}, ext: AudioPortExt{mix: AudioPortMixExt{handle: 69, usecase: AudioPortMixExtUseCase{unspecified: false}, maxOpenStreamCount: 1, maxActiveStreamCount: 1, recommendedMuteDurationMs: 0}}}
09-10 09:48:16.349  6356  6359 I AHAL_Module_QTI: setAudioPatch: requested patch AudioPatch{id: 0, sourcePortConfigIds: [37], sinkPortConfigIds: [34], minimumStreamBufferSizeFrames: 0, latenciesMs: []}
09-10 09:48:16.349  6356  6359 I AHAL_Module_QTI: setAudioPatch: created [in_call_music  -> telephony_tx  ] AudioPatch{id: 8, sourcePortConfigIds: [37], sinkPortConfigIds: [34], minimumStreamBufferSizeFrames: 960, latenciesMs: [10]}
09-10 09:48:16.350  6356  6359 D AHAL_Module_QTI: openOutputStream: port config id 37, has offload info? 0, buffer size 960 frames
09-10 09:48:16.351  6356  6359 D AHAL_Module_QTI: createStreamContext: frame size 4 bytes
09-10 09:48:16.352  6356  6359 D AHAL_Stream_QTI: StreamOut
09-10 09:48:16.352  6356  6359 D AHAL_StreamOut_QTI: StreamOutPrimary : usecase: IN_CALL_MUSIC IoHandle: 69 
09-10 09:48:16.353  6356  6359 W AHAL_StreamOut_QTI: configureConnectedDevices_I : usecase: IN_CALL_MUSIC IoHandle: 69 : stream is not configured
09-10 09:48:16.354  6356  6359 D AHAL_Stream_QTI: getStreamCommonCommon: returning 0xea306e00
09-10 09:48:16.355  6351  6351 D StreamHalAidl: [out|ioHandle:69] StreamHalAidl
09-10 09:48:16.355  6351  6351 D StreamHalAidl: [out|ioHandle:69] getAudioProperties
09-10 09:48:16.356  6351  6351 D StreamHalAidl: [out|ioHandle:69] getFrameSize
09-10 09:48:16.357  6351  6351 D StreamHalAidl: [out|ioHandle:69] getAudioProperties
09-10 09:48:16.357  6351  6351 D StreamHalAidl: [out|ioHandle:69] getAudioProperties
09-10 09:48:16.357  6351  6351 D StreamHalAidl: [out|ioHandle:69] getBufferSize
09-10 09:48:16.357  6351  6351 I StreamHalAidl: [out|ioHandle:69] getBufferSize: size: 3840
09-10 09:48:16.357  6351  6351 I AudioFlinger: HAL output buffer size 960 frames, normal sink buffer size 960 frames
09-10 09:48:16.358  6351  6351 D StreamHalAidl: [out|ioHandle:69] getBufferSize
09-10 09:48:16.358  6351  6351 I StreamHalAidl: [out|ioHandle:69] getBufferSize: size: 3840
09-10 09:48:16.358  6351  6351 D StreamHalAidl: [out|ioHandle:69] getAudioProperties
09-10 09:48:16.359  6351  6351 E StreamHalAidl: Function: getRecommendedLatencyModes Line: 1351 Failed 
09-10 09:48:16.359  6351  6351 D AudioFlinger: updateHalSupportedLatencyModes_l: thread(69) status -38 supported latency modes: { }
09-10 09:48:16.359  6351  6446 I AudioFlinger: AudioFlinger's thread 0xefe63340 tid=6446 ready to run
09-10 09:48:16.359  6351  6446 I AudioFlinger: boostThreadPriority: Priority of AudioOut_45 (pid=6351, tid=6446) boosted to 3
09-10 09:48:16.360  6351  6446 W AudioFlinger: no wake lock to update, system not ready yet
09-10 09:48:16.360  6351  6446 D StreamHalAidl: [out|ioHandle:69] standby
09-10 09:48:16.382  6356  6371 D Diag_Lib: diag: Diag_LSM_Init: invoked for pid: 6356 with init_count: 0
09-10 09:48:16.382  6356  6371 D Diag_Lib: diag:failed to connect to diag socket
09-10 09:48:16.382  6356  6371 D Diag_Lib:  Diag_LSM_Init: Failed to open handle to diag driver, error = 111
09-10 09:48:16.383  6356  6371 I ATS     : vendor/qcom/sw5100-lw4/proprietary-audio/args/acdb/ats/transports/diag/linux/actp/src/actp.c:actp_diag_init:105 Error[1]: Failed to initialize DIAG
09-10 09:48:16.383  6356  6371 E ATS     : vendor/qcom/sw5100-lw4/proprietary-audio/args/acdb/ats/src/ats.c:ats_init:143 Error[1]: Failed to initialize Diag
09-10 09:48:16.383  6356  6371 E ATS     : vendor/qcom/sw5100-lw4/proprietary-audio/args/acdb/ats/src/ats.c:ats_init:263 Error[1]: Failed to initialize ATS
09-10 09:48:16.383  6356  6371 E AGM: API: ats_init_thread: 64 ats_init failed retry 5 err 1
09-10 09:48:16.418  6351  6446 W AudioFlinger: no wake lock to update, system not ready yet
09-10 09:48:16.418  6351  6446 D DeviceHalAidl: [default] createAudioPatch: sources: 1 sinks 1
09-10 09:48:16.419  6351  6446 D Hal2AidlMapper: [default] createOrUpdatePatch: patch ID: 0, [disregard IDs] sources: [AudioPortConfig{id: 16, portId: 0, sampleRate: Int{value: 48000}, channelMask: AudioChannelLayout{layoutMask: 3}, format: AudioFormatDescription{type: PCM, pcm: INT_16_BIT, encoding: }, gain: (null), flags: AudioIoFlags{output: 16384}, ext: AudioPortExt{mix: AudioPortMixExt{handle: 69, usecase: AudioPortMixExtUseCase{stream: SYS_RESERVED_DEFAULT}, maxOpenStreamCount: 0, maxActiveStreamCount: 0, recommendedMuteDurationMs: 0}}}], sinks: [AudioPortConfig{id: 12, portId: 0, sampleRate: (null), channelMask: (null), format: (null), gain: (null), flags: (null), ext: AudioPortExt{device: AudioPortDeviceExt{device: AudioDevice{type: AudioDeviceDescription{type: OUT_TELEPHONY_TX, connection: }, address: AudioDeviceAddress{id: }}, flags: 0, encodedFormats: [], encapsulationModes: 0, encapsulationMetadataTypes: 0, speakerLayout: (null)}}}]
09-10 09:48:16.419  6351  6446 D Hal2AidlMapper: [default] findOrCreatePortConfig: device port config does not have audio or gain config specified
09-10 09:48:16.419  6351  6446 I Hal2AidlMapper: [default] createOrUpdatePatch: Updating transient patch. Current: AudioPatch{id: 8, sourcePortConfigIds: [37], sinkPortConfigIds: [34], minimumStreamBufferSizeFrames: 960, latenciesMs: [10]}, new: AudioPatch{id: 8, sourcePortConfigIds: [37], sinkPortConfigIds: [34], minimumStreamBufferSizeFrames: 0, latenciesMs: []}
09-10 09:48:16.419  6356  6359 I AHAL_Module_QTI: setAudioPatch: requested patch AudioPatch{id: 8, sourcePortConfigIds: [37], sinkPortConfigIds: [34], minimumStreamBufferSizeFrames: 0, latenciesMs: []}
09-10 09:48:16.420  6356  6359 I AHAL_Module_QTI: setAudioPatch: updated from [in_call_music  -> telephony_tx  ] AudioPatch{id: 8, sourcePortConfigIds: [37], sinkPortConfigIds: [34], minimumStreamBufferSizeFrames: 960, latenciesMs: [10]} to [in_call_music  -> telephony_tx  ] AudioPatch{id: 8, sourcePortConfigIds: [37], sinkPortConfigIds: [34], minimumStreamBufferSizeFrames: 0, latenciesMs: []}
09-10 09:48:16.421  6351  6446 E StreamHalAidl: Function: getRecommendedLatencyModes Line: 1351 Failed 
09-10 09:48:16.425  6351  6351 D DeviceHalAidl: [default] openInputStream: handle: 14 devices 80000004 flags 0 mixPortHalId 10
09-10 09:48:16.426  6351  6351 D Hal2AidlMapper: [default] prepareToOpenStream: handle 14, mixPortHalId 10, device AudioDevice{type: AudioDeviceDescription{type: IN_MICROPHONE, connection: }, address: AudioDeviceAddress{id: bottom}}, flags AudioIoFlags{input: 0}, source MIC, config AudioConfig{base: AudioConfigBase{sampleRate: 48000, channelMask: AudioChannelLayout{layoutMask: 1}, format: AudioFormatDescription{type: PCM, pcm: INT_16_BIT, encoding: }}, offloadInfo: AudioOffloadInfo{base: AudioConfigBase{sampleRate: 0, channelMask: AudioChannelLayout{none: 0}, format: AudioFormatDescription{type: DEFAULT, pcm: DEFAULT, encoding: }}, streamType: VOICE_CALL, bitRatePerSecond: 0, durationUs: 0, hasVideo: false, isStreaming: false, bitWidth: 16, offloadBufferSize: 0, usage: UNKNOWN, encapsulationMode: NONE, contentId: 0, syncId: 0}, frameCount: 0}, mixport config AudioPortConfig{id: 0, portId: 0, sampleRate: (null), channelMask: (null), format: (null), gain: (null), flags: (null), ext: AudioPortExt{unspecified: false}}
09-10 09:48:16.427  6356  6359 D AHAL_Module_QTI: setAudioPortConfig: requested AudioPortConfig{id: 0, portId: 25, sampleRate: Int{value: 48000}, channelMask: AudioChannelLayout{layoutMask: 1}, format: AudioFormatDescription{type: PCM, pcm: INT_16_BIT, encoding: }, gain: (null), flags: (null), ext: AudioPortExt{unspecified: false}}
09-10 09:48:16.427  6356  6359 D AHAL_Module_QTI: setAudioPortConfig: not applied; existing config ? 0; requested is valid? 1, fully specified? 0
09-10 09:48:16.427  6356  6359 D AHAL_Module_QTI: setAudioPortConfig: requested AudioPortConfig{id: 0, portId: 25, sampleRate: Int{value: 48000}, channelMask: AudioChannelLayout{layoutMask: 1}, format: AudioFormatDescription{type: PCM, pcm: INT_16_BIT, encoding: }, gain: (null), flags: AudioIoFlags{input: 0}, ext: AudioPortExt{device: AudioPortDeviceExt{device: AudioDevice{type: AudioDeviceDescription{type: IN_MICROPHONE, connection: }, address: AudioDeviceAddress{id: bottom}}, flags: 1, encodedFormats: [], encapsulationModes: 0, encapsulationMetadataTypes: 0, speakerLayout: (null)}}}
09-10 09:48:16.428  6356  6359 D AHAL_Module_QTI: setAudioPortConfig: created new port config for built_in_mic AudioPortConfig{id: 38, portId: 25, sampleRate: Int{value: 48000}, channelMask: AudioChannelLayout{layoutMask: 1}, format: AudioFormatDescription{type: PCM, pcm: INT_16_BIT, encoding: }, gain: (null), flags: AudioIoFlags{input: 0}, ext: AudioPortExt{device: AudioPortDeviceExt{device: AudioDevice{type: AudioDeviceDescription{type: IN_MICROPHONE, connection: }, address: AudioDeviceAddress{id: bottom}}, flags: 1, encodedFormats: [], encapsulationModes: 0, encapsulationMetadataTypes: 0, speakerLayout: (null)}}}
09-10 09:48:16.429  6356  6359 D AHAL_Module_QTI: setAudioPortConfig: requested AudioPortConfig{id: 0, portId: 10, sampleRate: Int{value: 48000}, channelMask: AudioChannelLayout{layoutMask: 1}, format: AudioFormatDescription{type: PCM, pcm: INT_16_BIT, encoding: }, gain: (null), flags: AudioIoFlags{input: 0}, ext: AudioPortExt{mix: AudioPortMixExt{handle: 14, usecase: AudioPortMixExtUseCase{source: MIC}, maxOpenStreamCount: 0, maxActiveStreamCount: 0, recommendedMuteDurationMs: 0}}}
09-10 09:48:16.429  6356  6359 D AHAL_Module_QTI: setAudioPortConfig: created new port config for primary_in AudioPortConfig{id: 39, portId: 10, sampleRate: Int{value: 48000}, channelMask: AudioChannelLayout{layoutMask: 1}, format: AudioFormatDescription{type: PCM, pcm: INT_16_BIT, encoding: }, gain: (null), flags: AudioIoFlags{input: 0}, ext: AudioPortExt{mix: AudioPortMixExt{handle: 14, usecase: AudioPortMixExtUseCase{source: MIC}, maxOpenStreamCount: 1, maxActiveStreamCount: 1, recommendedMuteDurationMs: 0}}}
09-10 09:48:16.430  6356  6440 I AHAL_Module_QTI: setAudioPatch: requested patch AudioPatch{id: 0, sourcePortConfigIds: [38], sinkPortConfigIds: [39], minimumStreamBufferSizeFrames: 0, latenciesMs: []}
09-10 09:48:16.430  6356  6440 I AHAL_Module_QTI: setAudioPatch: created [built_in_mic  -> primary_in  ] AudioPatch{id: 9, sourcePortConfigIds: [38], sinkPortConfigIds: [39], minimumStreamBufferSizeFrames: 960, latenciesMs: [10]}
09-10 09:48:16.431  6356  6440 D AHAL_Module_QTI: openInputStream: port config id 39, buffer size 960 frames
09-10 09:48:16.431  6356  6440 D AHAL_Module_QTI: createStreamContext: frame size 2 bytes
09-10 09:48:16.432  6356  6440 D AHAL_Stream_QTI: StreamIn
09-10 09:48:16.432  6356  6440 E AHAL_StreamIn_QTI: updateMetadataCommon: stream was closed
09-10 09:48:16.432  6356  6440 D AHAL_StreamIn_QTI: StreamInPrimary : usecase: PCM_RECORD IoHandle:14
09-10 09:48:16.433  6356  6440 D AHAL_StreamIn_QTI: configureConnectedDevices_I : usecase: PCM_RECORD IoHandle:14 stream is connected to devices:;AudioDevice{type: AudioDeviceDescription{type: IN_MICROPHONE, connection: }, address: AudioDeviceAddress{id: bottom}}
09-10 09:48:16.435  6356  6440 D AHAL_Stream_QTI: getStreamCommonCommon: returning 0xea306ea0
09-10 09:48:16.436  6351  6351 D StreamHalAidl: [in|ioHandle:14] StreamHalAidl
09-10 09:48:16.436  6351  6351 D StreamHalAidl: [in|ioHandle:14] getAudioProperties
09-10 09:48:16.436  6351  6351 D StreamHalAidl: [in|ioHandle:14] getFrameSize
09-10 09:48:16.438  6351  6351 D StreamHalAidl: [in|ioHandle:14] getAudioProperties
09-10 09:48:16.438  6351  6351 D StreamHalAidl: [in|ioHandle:14] getAudioProperties
09-10 09:48:16.438  6351  6351 D StreamHalAidl: [in|ioHandle:14] getBufferSize
09-10 09:48:16.438  6351  6351 I StreamHalAidl: [in|ioHandle:14] getBufferSize: size: 1920
09-10 09:48:16.439  6351  6351 D StreamHalAidl: [in|ioHandle:14] getBufferSize
09-10 09:48:16.439  6351  6351 I StreamHalAidl: [in|ioHandle:14] getBufferSize: size: 1920
09-10 09:48:16.439  6351  6351 D StreamHalAidl: [in|ioHandle:14] getAudioProperties
09-10 09:48:16.439  6351  6448 I AudioFlinger: AudioFlinger's thread 0xefbe7c88 tid=6448 ready to run
09-10 09:48:16.440  6351  6448 D StreamHalAidl: [in|ioHandle:14] standby
09-10 09:48:16.440  6351  6351 D StreamHalAidl: [in|ioHandle:14] dump
09-10 09:48:16.442  6351  6448 W AudioFlinger: no wake lock to update, system not ready yet
09-10 09:48:16.442  6351  6448 D StreamHalAidl: [in|ioHandle:14] standby
09-10 09:48:16.443  6356  6440 E AHAL_StreamIn_QTI: updateMetadataCommon : usecase: PCM_RECORD IoHandle:14: stream was closed
09-10 09:48:16.443  6351  6448 W AudioFlinger: no wake lock to update, system not ready yet
09-10 09:48:16.444  6351  6351 D StreamHalAidl: [in|ioHandle:14] close
09-10 09:48:16.444  6356  6440 D AHAL_Stream_QTI: close
09-10 09:48:16.444  6356  6440 D AHAL_Stream_QTI: stopWorker: asking the worker to exit...
09-10 09:48:16.444  6356  6440 D AHAL_Stream_QTI: stopWorker: done
09-10 09:48:16.444  6356  6440 D AHAL_Stream_QTI: stopAndJoinWorker: joining the worker thread...
09-10 09:48:16.444  6356  6447 D AHAL_Stream_QTI: cycle: received command Command{halReservedExit: 678529840} in reader
09-10 09:48:16.444  6356  6447 D AHAL_StreamIn_QTI: shutdown_I : usecase: PCM_RECORD IoHandle:14
09-10 09:48:16.445  6356  6440 D AHAL_Stream_QTI: stopAndJoinWorker: worker thread joined
09-10 09:48:16.445  6351  6351 D DeviceHalAidl: [default] streamClosed
09-10 09:48:16.446  6351  6351 D Hal2AidlMapper: [default] releaseAudioPatch: patchId 9
09-10 09:48:16.447  6356  6440 D AHAL_Module_QTI: resetAudioPatch: erased patch 9 [built_in_mic  -> primary_in  ]
09-10 09:48:16.447  6351  6351 D Hal2AidlMapper: [default] resetPortConfig: AudioPortConfig{id: 38, portId: 25, sampleRate: Int{value: 48000}, channelMask: AudioChannelLayout{layoutMask: 1}, format: AudioFormatDescription{type: PCM, pcm: INT_16_BIT, encoding: }, gain: (null), flags: AudioIoFlags{input: 0}, ext: AudioPortExt{device: AudioPortDeviceExt{device: AudioDevice{type: AudioDeviceDescription{type: IN_MICROPHONE, connection: }, address: AudioDeviceAddress{id: bottom}}, flags: 1, encodedFormats: [], encapsulationModes: 0, encapsulationMetadataTypes: 0, speakerLayout: (null)}}}
09-10 09:48:16.448  6356  6440 D AHAL_Module_QTI: resetAudioPortConfig: erased port config 38 built_in_mic
09-10 09:48:16.448  6356  6440 D AHAL_StreamIn_QTI: ~StreamInPrimary : usecase: PCM_RECORD IoHandle:14
09-10 09:48:16.449  6351  6351 D DeviceHalAidl: [default] openInputStream: handle: 22 devices 80000004 flags 2 mixPortHalId 11
09-10 09:48:16.450  6351  6351 D Hal2AidlMapper: [default] prepareToOpenStream: handle 22, mixPortHalId 11, device AudioDevice{type: AudioDeviceDescription{type: IN_MICROPHONE, connection: }, address: AudioDeviceAddress{id: bottom}}, flags AudioIoFlags{input: 2}, source MIC, config AudioConfig{base: AudioConfigBase{sampleRate: 16000, channelMask: AudioChannelLayout{layoutMask: 1}, format: AudioFormatDescription{type: PCM, pcm: INT_16_BIT, encoding: }}, offloadInfo: AudioOffloadInfo{base: AudioConfigBase{sampleRate: 0, channelMask: AudioChannelLayout{none: 0}, format: AudioFormatDescription{type: DEFAULT, pcm: DEFAULT, encoding: }}, streamType: VOICE_CALL, bitRatePerSecond: 0, durationUs: 0, hasVideo: false, isStreaming: false, bitWidth: 16, offloadBufferSize: 0, usage: UNKNOWN, encapsulationMode: NONE, contentId: 0, syncId: 0}, frameCount: 0}, mixport config AudioPortConfig{id: 0, portId: 0, sampleRate: (null), channelMask: (null), format: (null), gain: (null), flags: (null), ext: AudioPortExt{unspecified: false}}
09-10 09:48:16.450  6351  6351 D Hal2AidlMapper: [default] resetPortConfig: AudioPortConfig{id: 39, portId: 10, sampleRate: Int{value: 48000}, channelMask: AudioChannelLayout{layoutMask: 1}, format: AudioFormatDescription{type: PCM, pcm: INT_16_BIT, encoding: }, gain: (null), flags: AudioIoFlags{input: 0}, ext: AudioPortExt{mix: AudioPortMixExt{handle: 14, usecase: AudioPortMixExtUseCase{source: MIC}, maxOpenStreamCount: 1, maxActiveStreamCount: 1, recommendedMuteDurationMs: 0}}}
09-10 09:48:16.451  6356  6440 D AHAL_Module_QTI: resetAudioPortConfig: erased port config 39 primary_in
09-10 09:48:16.451  6356  6440 D AHAL_Module_QTI: setAudioPortConfig: requested AudioPortConfig{id: 0, portId: 25, sampleRate: Int{value: 16000}, channelMask: AudioChannelLayout{layoutMask: 1}, format: AudioFormatDescription{type: PCM, pcm: INT_16_BIT, encoding: }, gain: (null), flags: (null), ext: AudioPortExt{unspecified: false}}
09-10 09:48:16.451  6356  6440 D AHAL_Module_QTI: setAudioPortConfig: not applied; existing config ? 0; requested is valid? 1, fully specified? 0
09-10 09:48:16.452  6356  6359 D AHAL_Module_QTI: setAudioPortConfig: requested AudioPortConfig{id: 0, portId: 25, sampleRate: Int{value: 16000}, channelMask: AudioChannelLayout{layoutMask: 1}, format: AudioFormatDescription{type: PCM, pcm: INT_16_BIT, encoding: }, gain: (null), flags: AudioIoFlags{input: 0}, ext: AudioPortExt{device: AudioPortDeviceExt{device: AudioDevice{type: AudioDeviceDescription{type: IN_MICROPHONE, connection: }, address: AudioDeviceAddress{id: bottom}}, flags: 1, encodedFormats: [], encapsulationModes: 0, encapsulationMetadataTypes: 0, speakerLayout: (null)}}}
09-10 09:48:16.453  6356  6359 D AHAL_Module_QTI: setAudioPortConfig: created new port config for built_in_mic AudioPortConfig{id: 40, portId: 25, sampleRate: Int{value: 16000}, channelMask: AudioChannelLayout{layoutMask: 1}, format: AudioFormatDescription{type: PCM, pcm: INT_16_BIT, encoding: }, gain: (null), flags: AudioIoFlags{input: 0}, ext: AudioPortExt{device: AudioPortDeviceExt{device: AudioDevice{type: AudioDeviceDescription{type: IN_MICROPHONE, connection: }, address: AudioDeviceAddress{id: bottom}}, flags: 1, encodedFormats: [], encapsulationModes: 0, encapsulationMetadataTypes: 0, speakerLayout: (null)}}}
09-10 09:48:16.454  6356  6359 D AHAL_Module_QTI: setAudioPortConfig: requested AudioPortConfig{id: 0, portId: 11, sampleRate: Int{value: 16000}, channelMask: AudioChannelLayout{layoutMask: 1}, format: AudioFormatDescription{type: PCM, pcm: INT_16_BIT, encoding: }, gain: (null), flags: AudioIoFlags{input: 2}, ext: AudioPortExt{mix: AudioPortMixExt{handle: 22, usecase: AudioPortMixExtUseCase{source: MIC}, maxOpenStreamCount: 0, maxActiveStreamCount: 0, recommendedMuteDurationMs: 0}}}
09-10 09:48:16.454  6356  6359 D AHAL_Module_QTI: setAudioPortConfig: created new port config for hotword_input AudioPortConfig{id: 41, portId: 11, sampleRate: Int{value: 16000}, channelMask: AudioChannelLayout{layoutMask: 1}, format: AudioFormatDescription{type: PCM, pcm: INT_16_BIT, encoding: }, gain: (null), flags: AudioIoFlags{input: 2}, ext: AudioPortExt{mix: AudioPortMixExt{handle: 22, usecase: AudioPortMixExtUseCase{source: MIC}, maxOpenStreamCount: 1, maxActiveStreamCount: 0, recommendedMuteDurationMs: 0}}}
09-10 09:48:16.455  6356  6359 I AHAL_Module_QTI: setAudioPatch: requested patch AudioPatch{id: 0, sourcePortConfigIds: [40], sinkPortConfigIds: [41], minimumStreamBufferSizeFrames: 0, latenciesMs: []}
09-10 09:48:16.455  6356  6359 I AHAL_Module_QTI: setAudioPatch: created [built_in_mic  -> hotword_input  ] AudioPatch{id: 10, sourcePortConfigIds: [40], sinkPortConfigIds: [41], minimumStreamBufferSizeFrames: 320, latenciesMs: [10]}
09-10 09:48:16.456  6356  6359 D AHAL_Module_QTI: openInputStream: port config id 41, buffer size 320 frames
09-10 09:48:16.456  6356  6359 D AHAL_Module_QTI: createStreamContext: frame size 2 bytes
09-10 09:48:16.457  6356  6359 D AHAL_Stream_QTI: StreamIn
09-10 09:48:16.458  6356  6359 E AHAL_StreamIn_QTI: updateMetadataCommon: stream was closed
09-10 09:48:16.458  6356  6359 D AHAL_StreamIn_QTI: StreamInPrimary : usecase: HOTWORD_RECORD IoHandle:22
09-10 09:48:16.459  6356  6359 D AHAL_StreamIn_QTI: configureConnectedDevices_I : usecase: HOTWORD_RECORD IoHandle:22 stream is connected to devices:;AudioDevice{type: AudioDeviceDescription{type: IN_MICROPHONE, connection: }, address: AudioDeviceAddress{id: bottom}}
09-10 09:48:16.460  6356  6359 D AHAL_Stream_QTI: getStreamCommonCommon: returning 0xea306ea0
09-10 09:48:16.461  6351  6351 D StreamHalAidl: [in|ioHandle:22] StreamHalAidl
09-10 09:48:16.461  6351  6351 D StreamHalAidl: [in|ioHandle:22] getAudioProperties
09-10 09:48:16.462  6351  6351 D StreamHalAidl: [in|ioHandle:22] getFrameSize
09-10 09:48:16.463  6351  6351 D StreamHalAidl: [in|ioHandle:22] getAudioProperties
09-10 09:48:16.463  6351  6351 D StreamHalAidl: [in|ioHandle:22] getAudioProperties
09-10 09:48:16.463  6351  6351 D StreamHalAidl: [in|ioHandle:22] getBufferSize
09-10 09:48:16.463  6351  6351 I StreamHalAidl: [in|ioHandle:22] getBufferSize: size: 640
09-10 09:48:16.463  6351  6351 D StreamHalAidl: [in|ioHandle:22] getBufferSize
09-10 09:48:16.464  6351  6351 I StreamHalAidl: [in|ioHandle:22] getBufferSize: size: 640
09-10 09:48:16.464  6351  6351 D StreamHalAidl: [in|ioHandle:22] getAudioProperties
09-10 09:48:16.464  6351  6451 I AudioFlinger: AudioFlinger's thread 0xefbe7dc8 tid=6451 ready to run
09-10 09:48:16.464  6351  6451 D StreamHalAidl: [in|ioHandle:22] standby
09-10 09:48:16.464  6351  6451 W AudioFlinger: no wake lock to update, system not ready yet
09-10 09:48:16.464  6351  6451 D StreamHalAidl: [in|ioHandle:22] standby
09-10 09:48:16.465  6351  6351 D StreamHalAidl: [in|ioHandle:22] dump
09-10 09:48:16.468  6356  6359 E AHAL_StreamIn_QTI: updateMetadataCommon : usecase: HOTWORD_RECORD IoHandle:22: stream was closed
09-10 09:48:16.469  6351  6451 W AudioFlinger: no wake lock to update, system not ready yet
09-10 09:48:16.469  6351  6351 D StreamHalAidl: [in|ioHandle:22] close
09-10 09:48:16.470  6356  6359 D AHAL_Stream_QTI: close
09-10 09:48:16.470  6356  6359 D AHAL_Stream_QTI: stopWorker: asking the worker to exit...
09-10 09:48:16.470  6356  6359 D AHAL_Stream_QTI: stopWorker: done
09-10 09:48:16.470  6356  6359 D AHAL_Stream_QTI: stopAndJoinWorker: joining the worker thread...
09-10 09:48:16.470  6356  6450 D AHAL_Stream_QTI: cycle: received command Command{halReservedExit: 1273614307} in reader
09-10 09:48:16.470  6356  6450 D AHAL_StreamIn_QTI: shutdown_I : usecase: HOTWORD_RECORD IoHandle:22
09-10 09:48:16.470  6356  6359 D AHAL_Stream_QTI: stopAndJoinWorker: worker thread joined
09-10 09:48:16.471  6351  6351 D DeviceHalAidl: [default] streamClosed
09-10 09:48:16.471  6351  6351 D Hal2AidlMapper: [default] releaseAudioPatch: patchId 10
09-10 09:48:16.471  6356  6359 D AHAL_Module_QTI: resetAudioPatch: erased patch 10 [built_in_mic  -> hotword_input  ]
09-10 09:48:16.472  6351  6351 D Hal2AidlMapper: [default] resetPortConfig: AudioPortConfig{id: 40, portId: 25, sampleRate: Int{value: 16000}, channelMask: AudioChannelLayout{layoutMask: 1}, format: AudioFormatDescription{type: PCM, pcm: INT_16_BIT, encoding: }, gain: (null), flags: AudioIoFlags{input: 0}, ext: AudioPortExt{device: AudioPortDeviceExt{device: AudioDevice{type: AudioDeviceDescription{type: IN_MICROPHONE, connection: }, address: AudioDeviceAddress{id: bottom}}, flags: 1, encodedFormats: [], encapsulationModes: 0, encapsulationMetadataTypes: 0, speakerLayout: (null)}}}
09-10 09:48:16.473  6356  6359 D AHAL_Module_QTI: resetAudioPortConfig: erased port config 40 built_in_mic
09-10 09:48:16.473  6356  6359 D AHAL_StreamIn_QTI: ~StreamInPrimary : usecase: HOTWORD_RECORD IoHandle:22
09-10 09:48:16.475  6351  6351 W APM_AudioPolicyManager: Input profile contains no device on module primary
09-10 09:48:16.475  6351  6351 D DeviceHalAidl: [default] openInputStream: handle: 30 devices 80000004 flags 5 mixPortHalId 13
09-10 09:48:16.476  6351  6351 D Hal2AidlMapper: [default] prepareToOpenStream: handle 30, mixPortHalId 13, device AudioDevice{type: AudioDeviceDescription{type: IN_MICROPHONE, connection: }, address: AudioDeviceAddress{id: bottom}}, flags AudioIoFlags{input: 5}, source MIC, config AudioConfig{base: AudioConfigBase{sampleRate: 48000, channelMask: AudioChannelLayout{layoutMask: 1}, format: AudioFormatDescription{type: PCM, pcm: INT_16_BIT, encoding: }}, offloadInfo: AudioOffloadInfo{base: AudioConfigBase{sampleRate: 0, channelMask: AudioChannelLayout{none: 0}, format: AudioFormatDescription{type: DEFAULT, pcm: DEFAULT, encoding: }}, streamType: VOICE_CALL, bitRatePerSecond: 0, durationUs: 0, hasVideo: false, isStreaming: false, bitWidth: 16, offloadBufferSize: 0, usage: UNKNOWN, encapsulationMode: NONE, contentId: 0, syncId: 0}, frameCount: 0}, mixport config AudioPortConfig{id: 0, portId: 0, sampleRate: (null), channelMask: (null), format: (null), gain: (null), flags: (null), ext: AudioPortExt{unspecified: false}}
09-10 09:48:16.476  6351  6351 D Hal2AidlMapper: [default] resetPortConfig: AudioPortConfig{id: 41, portId: 11, sampleRate: Int{value: 16000}, channelMask: AudioChannelLayout{layoutMask: 1}, format: AudioFormatDescription{type: PCM, pcm: INT_16_BIT, encoding: }, gain: (null), flags: AudioIoFlags{input: 2}, ext: AudioPortExt{mix: AudioPortMixExt{handle: 22, usecase: AudioPortMixExtUseCase{source: MIC}, maxOpenStreamCount: 1, maxActiveStreamCount: 0, recommendedMuteDurationMs: 0}}}
09-10 09:48:16.476  6356  6440 D AHAL_Module_QTI: resetAudioPortConfig: erased port config 41 hotword_input
09-10 09:48:16.477  6356  6440 D AHAL_Module_QTI: setAudioPortConfig: requested AudioPortConfig{id: 0, portId: 25, sampleRate: Int{value: 48000}, channelMask: AudioChannelLayout{layoutMask: 1}, format: AudioFormatDescription{type: PCM, pcm: INT_16_BIT, encoding: }, gain: (null), flags: (null), ext: AudioPortExt{unspecified: false}}
09-10 09:48:16.477  6356  6440 D AHAL_Module_QTI: setAudioPortConfig: not applied; existing config ? 0; requested is valid? 1, fully specified? 0
09-10 09:48:16.478  6356  6359 D AHAL_Module_QTI: setAudioPortConfig: requested AudioPortConfig{id: 0, portId: 25, sampleRate: Int{value: 48000}, channelMask: AudioChannelLayout{layoutMask: 1}, format: AudioFormatDescription{type: PCM, pcm: INT_16_BIT, encoding: }, gain: (null), flags: AudioIoFlags{input: 0}, ext: AudioPortExt{device: AudioPortDeviceExt{device: AudioDevice{type: AudioDeviceDescription{type: IN_MICROPHONE, connection: }, address: AudioDeviceAddress{id: bottom}}, flags: 1, encodedFormats: [], encapsulationModes: 0, encapsulationMetadataTypes: 0, speakerLayout: (null)}}}
09-10 09:48:16.478  6356  6359 D AHAL_Module_QTI: setAudioPortConfig: created new port config for built_in_mic AudioPortConfig{id: 42, portId: 25, sampleRate: Int{value: 48000}, channelMask: AudioChannelLayout{layoutMask: 1}, format: AudioFormatDescription{type: PCM, pcm: INT_16_BIT, encoding: }, gain: (null), flags: AudioIoFlags{input: 0}, ext: AudioPortExt{device: AudioPortDeviceExt{device: AudioDevice{type: AudioDeviceDescription{type: IN_MICROPHONE, connection: }, address: AudioDeviceAddress{id: bottom}}, flags: 1, encodedFormats: [], encapsulationModes: 0, encapsulationMetadataTypes: 0, speakerLayout: (null)}}}
09-10 09:48:16.479  6356  6359 D AHAL_Module_QTI: setAudioPortConfig: requested AudioPortConfig{id: 0, portId: 13, sampleRate: Int{value: 48000}, channelMask: AudioChannelLayout{layoutMask: 1}, format: AudioFormatDescription{type: PCM, pcm: INT_16_BIT, encoding: }, gain: (null), flags: AudioIoFlags{input: 5}, ext: AudioPortExt{mix: AudioPortMixExt{handle: 30, usecase: AudioPortMixExtUseCase{source: MIC}, maxOpenStreamCount: 0, maxActiveStreamCount: 0, recommendedMuteDurationMs: 0}}}
09-10 09:48:16.480  6356  6359 D AHAL_Module_QTI: setAudioPortConfig: created new port config for fast_raw_input AudioPortConfig{id: 43, portId: 13, sampleRate: Int{value: 48000}, channelMask: AudioChannelLayout{layoutMask: 1}, format: AudioFormatDescription{type: PCM, pcm: INT_16_BIT, encoding: }, gain: (null), flags: AudioIoFlags{input: 5}, ext: AudioPortExt{mix: AudioPortMixExt{handle: 30, usecase: AudioPortMixExtUseCase{source: MIC}, maxOpenStreamCount: 1, maxActiveStreamCount: 1, recommendedMuteDurationMs: 0}}}
09-10 09:48:16.480  6356  6359 I AHAL_Module_QTI: setAudioPatch: requested patch AudioPatch{id: 0, sourcePortConfigIds: [42], sinkPortConfigIds: [43], minimumStreamBufferSizeFrames: 0, latenciesMs: []}
09-10 09:48:16.480  6356  6359 I AHAL_Module_QTI: setAudioPatch: created [built_in_mic  -> fast_raw_input  ] AudioPatch{id: 11, sourcePortConfigIds: [42], sinkPortConfigIds: [43], minimumStreamBufferSizeFrames: 96, latenciesMs: [10]}
09-10 09:48:16.482  6356  6440 D AHAL_Module_QTI: openInputStream: port config id 43, buffer size 96 frames
09-10 09:48:16.482  6356  6440 D AHAL_Module_QTI: createStreamContext: frame size 2 bytes
09-10 09:48:16.483  6356  6440 D AHAL_Stream_QTI: StreamIn
09-10 09:48:16.483  6356  6440 E AHAL_StreamIn_QTI: updateMetadataCommon: stream was closed
09-10 09:48:16.484  6356  6440 D AHAL_StreamIn_QTI: StreamInPrimary : usecase: ULTRA_FAST_RECORD IoHandle:30
09-10 09:48:16.485  6356  6440 D AHAL_Stream_QTI: initInstance: increase scheduling for tid : 6453
09-10 09:48:16.485  6356  6440 D AHAL_StreamIn_QTI: configureConnectedDevices_I : usecase: ULTRA_FAST_RECORD IoHandle:30 stream is connected to devices:;AudioDevice{type: AudioDeviceDescription{type: IN_MICROPHONE, connection: }, address: AudioDeviceAddress{id: bottom}}
09-10 09:48:16.487  6356  6440 D AHAL_Stream_QTI: getStreamCommonCommon: returning 0xea306e78
09-10 09:48:16.487  6351  6351 D StreamHalAidl: [in|ioHandle:30] StreamHalAidl
09-10 09:48:16.488  6351  6351 D StreamHalAidl: [in|ioHandle:30] getAudioProperties
09-10 09:48:16.488  6351  6351 D StreamHalAidl: [in|ioHandle:30] getFrameSize
09-10 09:48:16.489  6351  6351 D StreamHalAidl: [in|ioHandle:30] getAudioProperties
09-10 09:48:16.489  6351  6351 D StreamHalAidl: [in|ioHandle:30] getAudioProperties
09-10 09:48:16.489  6351  6351 D StreamHalAidl: [in|ioHandle:30] getBufferSize
09-10 09:48:16.489  6351  6351 I StreamHalAidl: [in|ioHandle:30] getBufferSize: size: 192
09-10 09:48:16.490  6351  6351 D StreamHalAidl: [in|ioHandle:30] getBufferSize
09-10 09:48:16.490  6351  6351 I StreamHalAidl: [in|ioHandle:30] getBufferSize: size: 192
09-10 09:48:16.490  6351  6351 D StreamHalAidl: [in|ioHandle:30] getAudioProperties
09-10 09:48:16.491  6351  6351 W libutils.threads: Thread (this=0xeed20800): getTid() is undefined before run()
09-10 09:48:16.492  6351  6455 I AudioFlinger: AudioFlinger's thread 0xefbe7d48 tid=6455 ready to run
09-10 09:48:16.492  6351  6455 I AudioFlinger: boostThreadPriority: Priority of AudioIn_1E (pid=6351, tid=6455) boosted to 1
09-10 09:48:16.492  6351  6455 D StreamHalAidl: [in|ioHandle:30] standby
09-10 09:48:16.492  6351  6351 D StreamHalAidl: [in|ioHandle:30] dump
09-10 09:48:16.494  6351  6455 W AudioFlinger: no wake lock to update, system not ready yet
09-10 09:48:16.494  6351  6455 D StreamHalAidl: [in|ioHandle:30] standby
09-10 09:48:16.494  6356  6440 E AHAL_StreamIn_QTI: updateMetadataCommon : usecase: ULTRA_FAST_RECORD IoHandle:30: stream was closed
09-10 09:48:16.495  6351  6455 W AudioFlinger: no wake lock to update, system not ready yet
09-10 09:48:16.495  6351  6351 D StreamHalAidl: [in|ioHandle:30] close
09-10 09:48:16.495  6356  6359 D AHAL_Stream_QTI: close
09-10 09:48:16.495  6356  6359 D AHAL_Stream_QTI: stopWorker: asking the worker to exit...
09-10 09:48:16.495  6356  6359 D AHAL_Stream_QTI: stopWorker: done
09-10 09:48:16.495  6356  6359 D AHAL_Stream_QTI: stopAndJoinWorker: joining the worker thread...
09-10 09:48:16.495  6356  6453 D AHAL_Stream_QTI: cycle: received command Command{halReservedExit: 535085229} in reader
09-10 09:48:16.496  6356  6453 D AHAL_StreamIn_QTI: shutdown_I : usecase: ULTRA_FAST_RECORD IoHandle:30
09-10 09:48:16.496  6356  6359 D AHAL_Stream_QTI: stopAndJoinWorker: worker thread joined
09-10 09:48:16.497  6351  6351 D DeviceHalAidl: [default] streamClosed
09-10 09:48:16.497  6351  6351 D Hal2AidlMapper: [default] releaseAudioPatch: patchId 11
09-10 09:48:16.497  6356  6359 D AHAL_Module_QTI: resetAudioPatch: erased patch 11 [built_in_mic  -> fast_raw_input  ]
09-10 09:48:16.498  6351  6351 D Hal2AidlMapper: [default] resetPortConfig: AudioPortConfig{id: 42, portId: 25, sampleRate: Int{value: 48000}, channelMask: AudioChannelLayout{layoutMask: 1}, format: AudioFormatDescription{type: PCM, pcm: INT_16_BIT, encoding: }, gain: (null), flags: AudioIoFlags{input: 0}, ext: AudioPortExt{device: AudioPortDeviceExt{device: AudioDevice{type: AudioDeviceDescription{type: IN_MICROPHONE, connection: }, address: AudioDeviceAddress{id: bottom}}, flags: 1, encodedFormats: [], encapsulationModes: 0, encapsulationMetadataTypes: 0, speakerLayout: (null)}}}
09-10 09:48:16.498  6356  6359 D AHAL_Module_QTI: resetAudioPortConfig: erased port config 42 built_in_mic
09-10 09:48:16.498  6356  6359 D AHAL_StreamIn_QTI: ~StreamInPrimary : usecase: ULTRA_FAST_RECORD IoHandle:30
09-10 09:48:16.500  6351  6454 E FastThread: did not receive expected priority boost on time
09-10 09:48:16.501  6351  6351 D DeviceHalAidl: [default] openInputStream: handle: 38 devices 80000040 flags 0 mixPortHalId 14
09-10 09:48:16.501  6351  6351 D Hal2AidlMapper: [default] prepareToOpenStream: handle 38, mixPortHalId 14, device AudioDevice{type: AudioDeviceDescription{type: IN_TELEPHONY_RX, connection: }, address: AudioDeviceAddress{id: }}, flags AudioIoFlags{input: 0}, source MIC, config AudioConfig{base: AudioConfigBase{sampleRate: 48000, channelMask: AudioChannelLayout{layoutMask: 1}, format: AudioFormatDescription{type: PCM, pcm: INT_16_BIT, encoding: }}, offloadInfo: AudioOffloadInfo{base: AudioConfigBase{sampleRate: 0, channelMask: AudioChannelLayout{none: 0}, format: AudioFormatDescription{type: DEFAULT, pcm: DEFAULT, encoding: }}, streamType: VOICE_CALL, bitRatePerSecond: 0, durationUs: 0, hasVideo: false, isStreaming: false, bitWidth: 16, offloadBufferSize: 0, usage: UNKNOWN, encapsulationMode: NONE, contentId: 0, syncId: 0}, frameCount: 0}, mixport config AudioPortConfig{id: 0, portId: 0, sampleRate: (null), channelMask: (null), format: (null), gain: (null), flags: (null), ext: AudioPortExt{unspecified: false}}
09-10 09:48:16.501  6351  6351 D Hal2AidlMapper: [default] resetPortConfig: AudioPortConfig{id: 43, portId: 13, sampleRate: Int{value: 48000}, channelMask: AudioChannelLayout{layoutMask: 1}, format: AudioFormatDescription{type: PCM, pcm: INT_16_BIT, encoding: }, gain: (null), flags: AudioIoFlags{input: 5}, ext: AudioPortExt{mix: AudioPortMixExt{handle: 30, usecase: AudioPortMixExtUseCase{source: MIC}, maxOpenStreamCount: 1, maxActiveStreamCount: 1, recommendedMuteDurationMs: 0}}}
09-10 09:48:16.502  6356  6359 D AHAL_Module_QTI: resetAudioPortConfig: erased port config 43 fast_raw_input
09-10 09:48:16.503  6356  6359 D AHAL_Module_QTI: setAudioPortConfig: requested AudioPortConfig{id: 0, portId: 27, sampleRate: Int{value: 48000}, channelMask: AudioChannelLayout{layoutMask: 1}, format: AudioFormatDescription{type: PCM, pcm: INT_16_BIT, encoding: }, gain: (null), flags: (null), ext: AudioPortExt{unspecified: false}}
09-10 09:48:16.503  6356  6359 D AHAL_Module_QTI: setAudioPortConfig: not applied; existing config ? 0; requested is valid? 1, fully specified? 0
09-10 09:48:16.504  6356  6359 D AHAL_Module_QTI: setAudioPortConfig: requested AudioPortConfig{id: 0, portId: 27, sampleRate: Int{value: 48000}, channelMask: AudioChannelLayout{layoutMask: 1}, format: AudioFormatDescription{type: PCM, pcm: INT_16_BIT, encoding: }, gain: (null), flags: AudioIoFlags{input: 0}, ext: AudioPortExt{device: AudioPortDeviceExt{device: AudioDevice{type: AudioDeviceDescription{type: IN_TELEPHONY_RX, connection: }, address: AudioDeviceAddress{id: }}, flags: 0, encodedFormats: [], encapsulationModes: 0, encapsulationMetadataTypes: 0, speakerLayout: (null)}}}
09-10 09:48:16.504  6356  6359 D AHAL_Module_QTI: setAudioPortConfig: created new port config for telephony_rx AudioPortConfig{id: 44, portId: 27, sampleRate: Int{value: 48000}, channelMask: AudioChannelLayout{layoutMask: 1}, format: AudioFormatDescription{type: PCM, pcm: INT_16_BIT, encoding: }, gain: (null), flags: AudioIoFlags{input: 0}, ext: AudioPortExt{device: AudioPortDeviceExt{device: AudioDevice{type: AudioDeviceDescription{type: IN_TELEPHONY_RX, connection: }, address: AudioDeviceAddress{id: }}, flags: 0, encodedFormats: [], encapsulationModes: 0, encapsulationMetadataTypes: 0, speakerLayout: (null)}}}
09-10 09:48:16.505  6356  6359 D AHAL_Module_QTI: setAudioPortConfig: requested AudioPortConfig{id: 0, portId: 14, sampleRate: Int{value: 48000}, channelMask: AudioChannelLayout{layoutMask: 1}, format: AudioFormatDescription{type: PCM, pcm: INT_16_BIT, encoding: }, gain: (null), flags: AudioIoFlags{input: 0}, ext: AudioPortExt{mix: AudioPortMixExt{handle: 38, usecase: AudioPortMixExtUseCase{source: MIC}, maxOpenStreamCount: 0, maxActiveStreamCount: 0, recommendedMuteDurationMs: 0}}}
09-10 09:48:16.505  6356  6359 D AHAL_Module_QTI: setAudioPortConfig: created new port config for voice_rx AudioPortConfig{id: 45, portId: 14, sampleRate: Int{value: 48000}, channelMask: AudioChannelLayout{layoutMask: 1}, format: AudioFormatDescription{type: PCM, pcm: INT_16_BIT, encoding: }, gain: (null), flags: AudioIoFlags{input: 0}, ext: AudioPortExt{mix: AudioPortMixExt{handle: 38, usecase: AudioPortMixExtUseCase{source: MIC}, maxOpenStreamCount: 1, maxActiveStreamCount: 1, recommendedMuteDurationMs: 0}}}
09-10 09:48:16.505  6356  6359 I AHAL_Module_QTI: setAudioPatch: requested patch AudioPatch{id: 0, sourcePortConfigIds: [44], sinkPortConfigIds: [45], minimumStreamBufferSizeFrames: 0, latenciesMs: []}
09-10 09:48:16.506  6356  6359 I AHAL_Module_QTI: setAudioPatch: created [telephony_rx  -> voice_rx  ] AudioPatch{id: 12, sourcePortConfigIds: [44], sinkPortConfigIds: [45], minimumStreamBufferSizeFrames: 960, latenciesMs: [10]}
09-10 09:48:16.506  6356  6359 D AHAL_Module_QTI: openInputStream: port config id 45, buffer size 960 frames
09-10 09:48:16.506  6356  6359 D AHAL_Module_QTI: createStreamContext: frame size 2 bytes
09-10 09:48:16.507  6356  6359 D AHAL_Stream_QTI: StreamIn
09-10 09:48:16.508  6356  6359 E AHAL_StreamIn_QTI: updateMetadataCommon: stream was closed
09-10 09:48:16.508  6356  6359 D AHAL_StreamIn_QTI: StreamInPrimary : usecase: PCM_RECORD IoHandle:38
09-10 09:48:16.509  6356  6359 D AHAL_StreamIn_QTI: configureConnectedDevices_I : usecase: PCM_RECORD IoHandle:38 stream is connected to devices:;AudioDevice{type: AudioDeviceDescription{type: IN_TELEPHONY_RX, connection: }, address: AudioDeviceAddress{id: }}
09-10 09:48:16.510  6356  6359 D AHAL_Stream_QTI: getStreamCommonCommon: returning 0xea306ea0
09-10 09:48:16.511  6351  6351 D StreamHalAidl: [in|ioHandle:38] StreamHalAidl
09-10 09:48:16.511  6351  6351 D StreamHalAidl: [in|ioHandle:38] getAudioProperties
09-10 09:48:16.511  6351  6351 D StreamHalAidl: [in|ioHandle:38] getFrameSize
09-10 09:48:16.512  6351  6351 D StreamHalAidl: [in|ioHandle:38] getAudioProperties
09-10 09:48:16.513  6351  6351 D StreamHalAidl: [in|ioHandle:38] getAudioProperties
09-10 09:48:16.513  6351  6351 D StreamHalAidl: [in|ioHandle:38] getBufferSize
09-10 09:48:16.513  6351  6351 I StreamHalAidl: [in|ioHandle:38] getBufferSize: size: 1920
09-10 09:48:16.513  6351  6351 D StreamHalAidl: [in|ioHandle:38] getBufferSize
09-10 09:48:16.514  6351  6351 I StreamHalAidl: [in|ioHandle:38] getBufferSize: size: 1920
09-10 09:48:16.514  6351  6351 D StreamHalAidl: [in|ioHandle:38] getAudioProperties
09-10 09:48:16.514  6350  6350 D nativeloader: Load libjavacrypto.so using APEX ns com_android_conscrypt for caller /apex/com.android.conscrypt/javalib/conscrypt.jar: ok
09-10 09:48:16.515  6351  6351 D StreamHalAidl: [in|ioHandle:38] dump
09-10 09:48:16.516  6351  6458 I AudioFlinger: AudioFlinger's thread 0xefbe78c8 tid=6458 ready to run
09-10 09:48:16.517  6351  6458 D StreamHalAidl: [in|ioHandle:38] standby
09-10 09:48:16.517  6351  6458 W AudioFlinger: no wake lock to update, system not ready yet
09-10 09:48:16.517  6351  6458 D StreamHalAidl: [in|ioHandle:38] standby
09-10 09:48:16.518  6356  6359 E AHAL_StreamIn_QTI: updateMetadataCommon : usecase: PCM_RECORD IoHandle:38: stream was closed
09-10 09:48:16.518  6351  6458 W AudioFlinger: no wake lock to update, system not ready yet
09-10 09:48:16.519  6351  6351 D StreamHalAidl: [in|ioHandle:38] close
09-10 09:48:16.519  6356  6359 D AHAL_Stream_QTI: close
09-10 09:48:16.519  6356  6359 D AHAL_Stream_QTI: stopWorker: asking the worker to exit...
09-10 09:48:16.519  6356  6359 D AHAL_Stream_QTI: stopWorker: done
09-10 09:48:16.519  6356  6457 D AHAL_Stream_QTI: cycle: received command Command{halReservedExit: 179138596} in reader
09-10 09:48:16.519  6356  6359 D AHAL_Stream_QTI: stopAndJoinWorker: joining the worker thread...
09-10 09:48:16.520  6356  6457 D AHAL_StreamIn_QTI: shutdown_I : usecase: PCM_RECORD IoHandle:38
09-10 09:48:16.520  6356  6359 D AHAL_Stream_QTI: stopAndJoinWorker: worker thread joined
09-10 09:48:16.521  6351  6351 D DeviceHalAidl: [default] streamClosed
09-10 09:48:16.521  6351  6351 D Hal2AidlMapper: [default] releaseAudioPatch: patchId 12
09-10 09:48:16.521  6356  6359 D AHAL_Module_QTI: resetAudioPatch: erased patch 12 [telephony_rx  -> voice_rx  ]
09-10 09:48:16.522  6351  6351 D Hal2AidlMapper: [default] resetPortConfig: AudioPortConfig{id: 44, portId: 27, sampleRate: Int{value: 48000}, channelMask: AudioChannelLayout{layoutMask: 1}, format: AudioFormatDescription{type: PCM, pcm: INT_16_BIT, encoding: }, gain: (null), flags: AudioIoFlags{input: 0}, ext: AudioPortExt{device: AudioPortDeviceExt{device: AudioDevice{type: AudioDeviceDescription{type: IN_TELEPHONY_RX, connection: }, address: AudioDeviceAddress{id: }}, flags: 0, encodedFormats: [], encapsulationModes: 0, encapsulationMetadataTypes: 0, speakerLayout: (null)}}}
09-10 09:48:16.522  6356  6359 D AHAL_Module_QTI: resetAudioPortConfig: erased port config 44 telephony_rx
09-10 09:48:16.523  6356  6440 D AHAL_StreamIn_QTI: ~StreamInPrimary : usecase: PCM_RECORD IoHandle:38
09-10 09:48:16.524  6351  6351 D DeviceHalAidl: [default] openInputStream: handle: 46 devices 80000004 flags 20 mixPortHalId 16
09-10 09:48:16.524  6351  6351 D Hal2AidlMapper: [default] prepareToOpenStream: handle 46, mixPortHalId 16, device AudioDevice{type: AudioDeviceDescription{type: IN_MICROPHONE, connection: }, address: AudioDeviceAddress{id: bottom}}, flags AudioIoFlags{input: 32}, source MIC, config AudioConfig{base: AudioConfigBase{sampleRate: 48000, channelMask: AudioChannelLayout{layoutMask: 1}, format: AudioFormatDescription{type: PCM, pcm: INT_16_BIT, encoding: }}, offloadInfo: AudioOffloadInfo{base: AudioConfigBase{sampleRate: 0, channelMask: AudioChannelLayout{none: 0}, format: AudioFormatDescription{type: DEFAULT, pcm: DEFAULT, encoding: }}, streamType: VOICE_CALL, bitRatePerSecond: 0, durationUs: 0, hasVideo: false, isStreaming: false, bitWidth: 16, offloadBufferSize: 0, usage: UNKNOWN, encapsulationMode: NONE, contentId: 0, syncId: 0}, frameCount: 0}, mixport config AudioPortConfig{id: 0, portId: 0, sampleRate: (null), channelMask: (null), format: (null), gain: (null), flags: (null), ext: AudioPortExt{unspecified: false}}
09-10 09:48:16.525  6351  6351 D Hal2AidlMapper: [default] resetPortConfig: AudioPortConfig{id: 45, portId: 14, sampleRate: Int{value: 48000}, channelMask: AudioChannelLayout{layoutMask: 1}, format: AudioFormatDescription{type: PCM, pcm: INT_16_BIT, encoding: }, gain: (null), flags: AudioIoFlags{input: 0}, ext: AudioPortExt{mix: AudioPortMixExt{handle: 38, usecase: AudioPortMixExtUseCase{source: MIC}, maxOpenStreamCount: 1, maxActiveStreamCount: 1, recommendedMuteDurationMs: 0}}}
09-10 09:48:16.525  6356  6359 D AHAL_Module_QTI: resetAudioPortConfig: erased port config 45 voice_rx
09-10 09:48:16.526  6356  6359 D AHAL_Module_QTI: setAudioPortConfig: requested AudioPortConfig{id: 0, portId: 25, sampleRate: Int{value: 48000}, channelMask: AudioChannelLayout{layoutMask: 1}, format: AudioFormatDescription{type: PCM, pcm: INT_16_BIT, encoding: }, gain: (null), flags: (null), ext: AudioPortExt{unspecified: false}}
09-10 09:48:16.526  6356  6359 D AHAL_Module_QTI: setAudioPortConfig: not applied; existing config ? 0; requested is valid? 1, fully specified? 0
09-10 09:48:16.527  6356  6359 D AHAL_Module_QTI: setAudioPortConfig: requested AudioPortConfig{id: 0, portId: 25, sampleRate: Int{value: 48000}, channelMask: AudioChannelLayout{layoutMask: 1}, format: AudioFormatDescription{type: PCM, pcm: INT_16_BIT, encoding: }, gain: (null), flags: AudioIoFlags{input: 0}, ext: AudioPortExt{device: AudioPortDeviceExt{device: AudioDevice{type: AudioDeviceDescription{type: IN_MICROPHONE, connection: }, address: AudioDeviceAddress{id: bottom}}, flags: 1, encodedFormats: [], encapsulationModes: 0, encapsulationMetadataTypes: 0, speakerLayout: (null)}}}
09-10 09:48:16.527  6356  6359 D AHAL_Module_QTI: setAudioPortConfig: created new port config for built_in_mic AudioPortConfig{id: 46, portId: 25, sampleRate: Int{value: 48000}, channelMask: AudioChannelLayout{layoutMask: 1}, format: AudioFormatDescription{type: PCM, pcm: INT_16_BIT, encoding: }, gain: (null), flags: AudioIoFlags{input: 0}, ext: AudioPortExt{device: AudioPortDeviceExt{device: AudioDevice{type: AudioDeviceDescription{type: IN_MICROPHONE, connection: }, address: AudioDeviceAddress{id: bottom}}, flags: 1, encodedFormats: [], encapsulationModes: 0, encapsulationMetadataTypes: 0, speakerLayout: (null)}}}
09-10 09:48:16.528  6356  6440 D AHAL_Module_QTI: setAudioPortConfig: requested AudioPortConfig{id: 0, portId: 16, sampleRate: Int{value: 48000}, channelMask: AudioChannelLayout{layoutMask: 1}, format: AudioFormatDescription{type: PCM, pcm: INT_16_BIT, encoding: }, gain: (null), flags: AudioIoFlags{input: 32}, ext: AudioPortExt{mix: AudioPortMixExt{handle: 46, usecase: AudioPortMixExtUseCase{source: MIC}, maxOpenStreamCount: 0, maxActiveStreamCount: 0, recommendedMuteDurationMs: 0}}}
09-10 09:48:16.528  6356  6440 D AHAL_Module_QTI: setAudioPortConfig: created new port config for voip_record AudioPortConfig{id: 47, portId: 16, sampleRate: Int{value: 48000}, channelMask: AudioChannelLayout{layoutMask: 1}, format: AudioFormatDescription{type: PCM, pcm: INT_16_BIT, encoding: }, gain: (null), flags: AudioIoFlags{input: 32}, ext: AudioPortExt{mix: AudioPortMixExt{handle: 46, usecase: AudioPortMixExtUseCase{source: MIC}, maxOpenStreamCount: 1, maxActiveStreamCount: 1, recommendedMuteDurationMs: 0}}}
09-10 09:48:16.528  6356  6440 I AHAL_Module_QTI: setAudioPatch: requested patch AudioPatch{id: 0, sourcePortConfigIds: [46], sinkPortConfigIds: [47], minimumStreamBufferSizeFrames: 0, latenciesMs: []}
09-10 09:48:16.529  6356  6440 I AHAL_Module_QTI: setAudioPatch: created [built_in_mic  -> voip_record  ] AudioPatch{id: 13, sourcePortConfigIds: [46], sinkPortConfigIds: [47], minimumStreamBufferSizeFrames: 960, latenciesMs: [10]}
09-10 09:48:16.529  6356  6440 D AHAL_Module_QTI: openInputStream: port config id 47, buffer size 960 frames
09-10 09:48:16.529  6356  6440 D AHAL_Module_QTI: createStreamContext: frame size 2 bytes
09-10 09:48:16.531  6356  6440 D AHAL_Stream_QTI: StreamIn
09-10 09:48:16.531  6356  6440 E AHAL_StreamIn_QTI: updateMetadataCommon: stream was closed
09-10 09:48:16.531  6356  6440 D AHAL_StreamIn_QTI: StreamInPrimary : usecase: PCM_RECORD IoHandle:46
09-10 09:48:16.531  6356  6440 D AHAL_StreamIn_QTI: configureConnectedDevices_I : usecase: PCM_RECORD IoHandle:46 stream is connected to devices:;AudioDevice{type: AudioDeviceDescription{type: IN_MICROPHONE, connection: }, address: AudioDeviceAddress{id: bottom}}
09-10 09:48:16.533  6356  6359 D AHAL_Stream_QTI: getStreamCommonCommon: returning 0xea306ea0
09-10 09:48:16.534  6351  6351 D StreamHalAidl: [in|ioHandle:46] StreamHalAidl
09-10 09:48:16.534  6351  6351 D StreamHalAidl: [in|ioHandle:46] getAudioProperties
09-10 09:48:16.535  6351  6351 D StreamHalAidl: [in|ioHandle:46] getFrameSize
09-10 09:48:16.536  6351  6351 D StreamHalAidl: [in|ioHandle:46] getAudioProperties
09-10 09:48:16.536  6351  6351 D StreamHalAidl: [in|ioHandle:46] getAudioProperties
09-10 09:48:16.536  6351  6351 D StreamHalAidl: [in|ioHandle:46] getBufferSize
09-10 09:48:16.536  6351  6351 I StreamHalAidl: [in|ioHandle:46] getBufferSize: size: 1920
09-10 09:48:16.537  6351  6351 D StreamHalAidl: [in|ioHandle:46] getBufferSize
09-10 09:48:16.537  6351  6351 I StreamHalAidl: [in|ioHandle:46] getBufferSize: size: 1920
09-10 09:48:16.537  6351  6351 D StreamHalAidl: [in|ioHandle:46] getAudioProperties
09-10 09:48:16.539  6351  6351 D StreamHalAidl: [in|ioHandle:46] dump
09-10 09:48:16.541  6351  6461 I AudioFlinger: AudioFlinger's thread 0xefbe7448 tid=6461 ready to run
09-10 09:48:16.541  6351  6461 D StreamHalAidl: [in|ioHandle:46] standby
09-10 09:48:16.541  6351  6461 W AudioFlinger: no wake lock to update, system not ready yet
09-10 09:48:16.541  6351  6461 D StreamHalAidl: [in|ioHandle:46] standby
09-10 09:48:16.542  6356  6359 E AHAL_StreamIn_QTI: updateMetadataCommon : usecase: PCM_RECORD IoHandle:46: stream was closed
09-10 09:48:16.542  6351  6461 W AudioFlinger: no wake lock to update, system not ready yet
09-10 09:48:16.543  6351  6351 D StreamHalAidl: [in|ioHandle:46] close
09-10 09:48:16.543  6356  6359 D AHAL_Stream_QTI: close
09-10 09:48:16.543  6356  6359 D AHAL_Stream_QTI: stopWorker: asking the worker to exit...
09-10 09:48:16.543  6356  6359 D AHAL_Stream_QTI: stopWorker: done
09-10 09:48:16.543  6356  6359 D AHAL_Stream_QTI: stopAndJoinWorker: joining the worker thread...
09-10 09:48:16.544  6356  6460 D AHAL_Stream_QTI: cycle: received command Command{halReservedExit: 418630997} in reader
09-10 09:48:16.544  6356  6460 D AHAL_StreamIn_QTI: shutdown_I : usecase: PCM_RECORD IoHandle:46
09-10 09:48:16.544  6356  6359 D AHAL_Stream_QTI: stopAndJoinWorker: worker thread joined
09-10 09:48:16.545  6351  6351 D DeviceHalAidl: [default] streamClosed
09-10 09:48:16.545  6351  6351 D Hal2AidlMapper: [default] releaseAudioPatch: patchId 13
09-10 09:48:16.546  6356  6359 D AHAL_Module_QTI: resetAudioPatch: erased patch 13 [built_in_mic  -> voip_record  ]
09-10 09:48:16.547  6351  6351 D Hal2AidlMapper: [default] resetPortConfig: AudioPortConfig{id: 46, portId: 25, sampleRate: Int{value: 48000}, channelMask: AudioChannelLayout{layoutMask: 1}, format: AudioFormatDescription{type: PCM, pcm: INT_16_BIT, encoding: }, gain: (null), flags: AudioIoFlags{input: 0}, ext: AudioPortExt{device: AudioPortDeviceExt{device: AudioDevice{type: AudioDeviceDescription{type: IN_MICROPHONE, connection: }, address: AudioDeviceAddress{id: bottom}}, flags: 1, encodedFormats: [], encapsulationModes: 0, encapsulationMetadataTypes: 0, speakerLayout: (null)}}}
09-10 09:48:16.547  6356  6359 D AHAL_Module_QTI: resetAudioPortConfig: erased port config 46 built_in_mic
09-10 09:48:16.547  6356  6359 D AHAL_StreamIn_QTI: ~StreamInPrimary : usecase: PCM_RECORD IoHandle:46
09-10 09:48:16.549  6351  6351 D DeviceHalAidl: [r_submix] openInputStream: handle: 54 devices 80000100 flags 0 mixPortHalId 4
09-10 09:48:16.550  6351  6351 D Hal2AidlMapper: [r_submix] prepareToOpenStream: handle 54, mixPortHalId 4, device AudioDevice{type: AudioDeviceDescription{type: IN_SUBMIX, connection: virtual}, address: AudioDeviceAddress{id: 0}}, flags AudioIoFlags{input: 0}, source MIC, config AudioConfig{base: AudioConfigBase{sampleRate: 192000, channelMask: AudioChannelLayout{layoutMask: 3}, format: AudioFormatDescription{type: PCM, pcm: INT_16_BIT, encoding: }}, offloadInfo: AudioOffloadInfo{base: AudioConfigBase{sampleRate: 0, channelMask: AudioChannelLayout{none: 0}, format: AudioFormatDescription{type: DEFAULT, pcm: DEFAULT, encoding: }}, streamType: VOICE_CALL, bitRatePerSecond: 0, durationUs: 0, hasVideo: false, isStreaming: false, bitWidth: 16, offloadBufferSize: 0, usage: UNKNOWN, encapsulationMode: NONE, contentId: 0, syncId: 0}, frameCount: 0}, mixport config AudioPortConfig{id: 0, portId: 0, sampleRate: (null), channelMask: (null), format: (null), gain: (null), flags: (null), ext: AudioPortExt{unspecified: false}}
09-10 09:48:16.550  6356  6359 D AHAL_Module: setAudioPortConfigImpl: r_submix: requested AudioPortConfig{id: 0, portId: 5, sampleRate: Int{value: 192000}, channelMask: AudioChannelLayout{layoutMask: 3}, format: AudioFormatDescription{type: PCM, pcm: INT_16_BIT, encoding: }, gain: (null), flags: (null), ext: AudioPortExt{unspecified: false}}
09-10 09:48:16.550  6356  6359 D AHAL_Module: setAudioPortConfigImpl: r_submix: not applied; existing config ? 0; requested is valid? 1, fully specified? 0
09-10 09:48:16.551  6356  6359 D AHAL_Module: setAudioPortConfigImpl: r_submix: requested AudioPortConfig{id: 0, portId: 5, sampleRate: Int{value: 192000}, channelMask: AudioChannelLayout{layoutMask: 3}, format: AudioFormatDescription{type: PCM, pcm: INT_16_BIT, encoding: }, gain: (null), flags: AudioIoFlags{input: 0}, ext: AudioPortExt{device: AudioPortDeviceExt{device: AudioDevice{type: AudioDeviceDescription{type: IN_SUBMIX, connection: virtual}, address: AudioDeviceAddress{id: 0}}, flags: 0, encodedFormats: [], encapsulationModes: 0, encapsulationMetadataTypes: 0, speakerLayout: (null)}}}
09-10 09:48:16.551  6356  6359 D AHAL_Module: setAudioPortConfigImpl: r_submix: created new port config AudioPortConfig{id: 7, portId: 5, sampleRate: Int{value: 192000}, channelMask: AudioChannelLayout{layoutMask: 3}, format: AudioFormatDescription{type: PCM, pcm: INT_16_BIT, encoding: }, gain: (null), flags: AudioIoFlags{input: 0}, ext: AudioPortExt{device: AudioPortDeviceExt{device: AudioDevice{type: AudioDeviceDescription{type: IN_SUBMIX, connection: virtual}, address: AudioDeviceAddress{id: 0}}, flags: 0, encodedFormats: [], encapsulationModes: 0, encapsulationMetadataTypes: 0, speakerLayout: (null)}}}
09-10 09:48:16.552  6356  6440 D AHAL_Module: setAudioPortConfigImpl: r_submix: requested AudioPortConfig{id: 0, portId: 4, sampleRate: Int{value: 192000}, channelMask: AudioChannelLayout{layoutMask: 3}, format: AudioFormatDescription{type: PCM, pcm: INT_16_BIT, encoding: }, gain: (null), flags: AudioIoFlags{input: 0}, ext: AudioPortExt{mix: AudioPortMixExt{handle: 54, usecase: AudioPortMixExtUseCase{source: MIC}, maxOpenStreamCount: 0, maxActiveStreamCount: 0, recommendedMuteDurationMs: 0}}}
09-10 09:48:16.552  6356  6440 D AHAL_Module: setAudioPortConfigImpl: r_submix: created new port config AudioPortConfig{id: 8, portId: 4, sampleRate: Int{value: 192000}, channelMask: AudioChannelLayout{layoutMask: 3}, format: AudioFormatDescription{type: PCM, pcm: INT_16_BIT, encoding: }, gain: (null), flags: AudioIoFlags{input: 0}, ext: AudioPortExt{mix: AudioPortMixExt{handle: 54, usecase: AudioPortMixExtUseCase{source: MIC}, maxOpenStreamCount: 10, maxActiveStreamCount: 10, recommendedMuteDurationMs: 0}}}
09-10 09:48:16.553  6356  6440 D AHAL_Module: setAudioPatch: r_submix: requested patch AudioPatch{id: 0, sourcePortConfigIds: [7], sinkPortConfigIds: [8], minimumStreamBufferSizeFrames: 0, latenciesMs: []}
09-10 09:48:16.553  6356  6440 D AHAL_Module: setAudioPatch: r_submix: created patch AudioPatch{id: 1, sourcePortConfigIds: [7], sinkPortConfigIds: [8], minimumStreamBufferSizeFrames: 4096, latenciesMs: [21]}
09-10 09:48:16.553  6356  6440 D AHAL_Module: openInputStream: r_submix: port config id 8, buffer size 4096 frames
09-10 09:48:16.553  6356  6440 D AHAL_Module: createStreamContext: r_submix: frame size 4 bytes
09-10 09:48:16.553  6356  6440 D AHAL_Module: getSoundDose: r_submix: returning instance of ISoundDose: 0xeabaf2d0
09-10 09:48:16.555  6356  6440 D AHAL_Stream: StreamIn
09-10 09:48:16.556  6356  6440 D AHAL_StreamRemoteSubmix: setConnectedDevices: ioHandle: 54, devices: [AudioDevice{type: AudioDeviceDescription{type: IN_SUBMIX, connection: virtual}, address: AudioDeviceAddress{id: 0}}]
09-10 09:48:16.558  6356  6440 D AHAL_StreamRemoteSubmix: setConnectedDevices: connected to AudioDeviceAddress{id: 0}
09-10 09:48:16.560  6356  6440 D AHAL_Stream: getStreamCommonCommon: returning 0xea307ee0
09-10 09:48:16.561  6351  6351 D StreamHalAidl: [in|ioHandle:54] StreamHalAidl
09-10 09:48:16.561  6351  6351 D StreamHalAidl: [in|ioHandle:54] getAudioProperties
09-10 09:48:16.561  6351  6351 D StreamHalAidl: [in|ioHandle:54] getFrameSize
09-10 09:48:16.562  6351  6351 D StreamHalAidl: [in|ioHandle:54] getAudioProperties
09-10 09:48:16.562  6351  6351 D StreamHalAidl: [in|ioHandle:54] getAudioProperties
09-10 09:48:16.562  6351  6351 D StreamHalAidl: [in|ioHandle:54] getBufferSize
09-10 09:48:16.562  6351  6351 I StreamHalAidl: [in|ioHandle:54] getBufferSize: size: 16384
09-10 09:48:16.563  6351  6351 D StreamHalAidl: [in|ioHandle:54] getBufferSize
09-10 09:48:16.563  6351  6351 I StreamHalAidl: [in|ioHandle:54] getBufferSize: size: 16384
09-10 09:48:16.563  6351  6351 D StreamHalAidl: [in|ioHandle:54] getAudioProperties
09-10 09:48:16.563  6351  6464 I AudioFlinger: AudioFlinger's thread 0xefbe7388 tid=6464 ready to run
09-10 09:48:16.564  6351  6464 D StreamHalAidl: [in|ioHandle:54] standby
09-10 09:48:16.564  6351  6464 W AudioFlinger: no wake lock to update, system not ready yet
09-10 09:48:16.564  6351  6464 D StreamHalAidl: [in|ioHandle:54] standby
09-10 09:48:16.564  6351  6351 D StreamHalAidl: [in|ioHandle:54] dump
09-10 09:48:16.567  6356  6440 D AHAL_Stream: updateMetadataCommon
09-10 09:48:16.568  6351  6464 W AudioFlinger: no wake lock to update, system not ready yet
09-10 09:48:16.568  6351  6351 D StreamHalAidl: [in|ioHandle:54] close
09-10 09:48:16.568  6356  6440 D AHAL_Stream: close
09-10 09:48:16.568  6356  6440 D AHAL_Stream: stopWorker: asking the worker to exit...
09-10 09:48:16.568  6356  6440 D AHAL_Stream: stopWorker: done
09-10 09:48:16.569  6356  6463 D AHAL_Stream: cycle: received command Command{halReservedExit: 423008788} in reader
09-10 09:48:16.569  6356  6463 D AHAL_StreamRemoteSubmix: shutdown: pipe AudioDeviceAddress{id: 0} destroyed
09-10 09:48:16.569  6356  6440 D AHAL_Stream: stopAndJoinWorker: joining the worker thread...
09-10 09:48:16.569  6356  6440 D AHAL_Stream: stopAndJoinWorker: worker thread joined
09-10 09:48:16.570  6351  6351 D DeviceHalAidl: [r_submix] streamClosed
09-10 09:48:16.570  6351  6351 D Hal2AidlMapper: [r_submix] releaseAudioPatch: patchId 1
09-10 09:48:16.571  6356  6440 D AHAL_Module: resetAudioPatch: r_submix: erased patch 1
09-10 09:48:16.571  6351  6351 D Hal2AidlMapper: [r_submix] resetPortConfig: AudioPortConfig{id: 7, portId: 5, sampleRate: Int{value: 192000}, channelMask: AudioChannelLayout{layoutMask: 3}, format: AudioFormatDescription{type: PCM, pcm: INT_16_BIT, encoding: }, gain: (null), flags: AudioIoFlags{input: 0}, ext: AudioPortExt{device: AudioPortDeviceExt{device: AudioDevice{type: AudioDeviceDescription{type: IN_SUBMIX, connection: virtual}, address: AudioDeviceAddress{id: 0}}, flags: 0, encodedFormats: [], encapsulationModes: 0, encapsulationMetadataTypes: 0, speakerLayout: (null)}}}
09-10 09:48:16.572  6356  6440 D AHAL_Module: resetAudioPortConfig: r_submix: in_portConfigId 7 configs size: 2
09-10 09:48:16.572  6356  6440 D AHAL_Module: resetAudioPortConfig: r_submix: erased port config 7
09-10 09:48:16.579  6351  6351 I FactoryHal: hasAidlHalService android.hardware.audio.effect.IFactory/default: true, version AudioHalVersion{type: AIDL, major: 1, minor: 0}
09-10 09:48:16.580  6351  6351 I FactoryHal: hasAidlHalService android.hardware.audio.core.IModule/default: true, version AudioHalVersion{type: AIDL, major: 1, minor: 0}
09-10 09:48:16.590  6351  6351 W EffectProxy: Inconsistent flags Flags{type: INSERT, insert: FIRST, volume: CTRL, hwAcceleratorMode: NONE, offloadIndication: false, deviceIndication: false, audioModeIndication: false, audioSourceIndication: false, bypass: false, sinkMetadataIndication: false, sourceMetadataIndication: false, notEligibleForSuspend: false} vs Flags{type: INSERT, insert: ANY, volume: CTRL, hwAcceleratorMode: TUNNEL, offloadIndication: true, deviceIndication: true, audioModeIndication: false, audioSourceIndication: false, bypass: false, sinkMetadataIndication: false, sourceMetadataIndication: false, notEligibleForSuspend: false}
09-10 09:48:16.594  6351  6351 I EffectsFactoryHalAidl: EffectsFactoryHalAidl with 12 nonProxyEffects and 8 proxyEffects
09-10 09:48:16.596   329  6466 W libc    : Unable to set property "ctl.interface_start" to "aidl/activity": PROP_ERROR_HANDLE_CONTROL_MESSAGE (0x20)
09-10 09:48:16.630  6350  6350 W Zygote  : Class not found for preloading: android.content.pm.ParceledListSlice-IA
09-10 09:48:16.670  6350  6350 D nativeloader: Load libdrmframework_jni.so using system ns (caller=/system/framework/framework.jar): ok
09-10 09:48:16.682  6350  6350 I Typeface: Preloading /system/fonts/Roboto-Regular.ttf
09-10 09:48:16.683  6350  6350 I Typeface: Preloading /system/fonts/RobotoStatic-Regular.ttf
09-10 09:48:16.684  6350  6350 I SystemFonts: Loading font config from /system/etc/fonts.xml
09-10 09:48:16.728  1638  1642 I pixel-thermal: audio-therm:41.902 raw data: audio-therm:41902 
09-10 09:48:16.730  1638  1642 I pixel-thermal: sdm-skin-therm:42.659 raw data: sdm-skin-therm:42659 
09-10 09:48:16.771   397   419 W libbinder.ServiceManagerCppClient: Waited one second for android.frameworks.stats.IStats/default (is service started? Number of threads started in the threadpool: 16. Are binder threads started and available?)
09-10 09:48:16.778   329  6468 W libc    : Unable to set property "ctl.interface_start" to "aidl/android.frameworks.stats.IStats/default": PROP_ERROR_HANDLE_CONTROL_MESSAGE (0x20)
09-10 09:48:16.883  6356  6371 D Diag_Lib: diag: Diag_LSM_Init: invoked for pid: 6356 with init_count: 0
09-10 09:48:16.883  6356  6371 D Diag_Lib: diag:failed to connect to diag socket
09-10 09:48:16.883  6356  6371 D Diag_Lib:  Diag_LSM_Init: Failed to open handle to diag driver, error = 111
09-10 09:48:16.883  6356  6371 I ATS     : vendor/qcom/sw5100-lw4/proprietary-audio/args/acdb/ats/transports/diag/linux/actp/src/actp.c:actp_diag_init:105 Error[1]: Failed to initialize DIAG
09-10 09:48:16.883  6356  6371 E ATS     : vendor/qcom/sw5100-lw4/proprietary-audio/args/acdb/ats/src/ats.c:ats_init:143 Error[1]: Failed to initialize Diag
09-10 09:48:16.883  6356  6371 E ATS     : vendor/qcom/sw5100-lw4/proprietary-audio/args/acdb/ats/src/ats.c:ats_init:263 Error[1]: Failed to initialize ATS
09-10 09:48:16.883  6356  6371 E AGM: API: ats_init_thread: 64 ats_init failed retry 6 err 1
09-10 09:48:16.921  6350  6350 W Zygote  : Class not found for preloading: android.hardware.display.DisplayManagerGlobal$DisplayListenerDelegate$$ExternalSyntheticLambda1
09-10 09:48:16.930  6350  6350 W Zygote  : Class not found for preloading: android.hardware.input.IVirtualInputDevice
09-10 09:48:16.930  6350  6350 W Zygote  : Class not found for preloading: android.hardware.input.IVirtualInputDevice$Stub
09-10 09:48:16.932  6350  6350 E ActivityRecognitionHardware: activity_recognition HAL is deprecated. class_init is effectively a no-op
09-10 09:48:17.152  1905  1907 I libbinder.AidlLazyServiceRegistrar: Process has 0 (of 1 available) client(s) in use after notification android.hardware.wifi.IWifi/default has clients: 0
09-10 09:48:17.152  1905  1907 I libbinder.AidlLazyServiceRegistrar: Trying to shut down the service. No clients in use for any service in process.
09-10 09:48:17.156  1905  1907 I libbinder.AidlLazyServiceRegistrar: Unregistered all clients and exiting
09-10 09:48:17.156  5590  5794 I libbinder.AidlLazyServiceRegistrar: Process has 0 (of 1 available) client(s) in use after notification artd has clients: 0
09-10 09:48:17.156  5590  5794 I libbinder.AidlLazyServiceRegistrar: Trying to shut down the service. No clients in use for any service in process.
09-10 09:48:17.158  5590  5794 I libbinder.AidlLazyServiceRegistrar: Unregistered all clients and exiting
09-10 09:48:17.383  6356  6371 D Diag_Lib: diag: Diag_LSM_Init: invoked for pid: 6356 with init_count: 0
09-10 09:48:17.384  6356  6371 D Diag_Lib: diag:failed to connect to diag socket
09-10 09:48:17.384  6356  6371 D Diag_Lib:  Diag_LSM_Init: Failed to open handle to diag driver, error = 111
09-10 09:48:17.384  6356  6371 I ATS     : vendor/qcom/sw5100-lw4/proprietary-audio/args/acdb/ats/transports/diag/linux/actp/src/actp.c:actp_diag_init:105 Error[1]: Failed to initialize DIAG
09-10 09:48:17.384  6356  6371 E ATS     : vendor/qcom/sw5100-lw4/proprietary-audio/args/acdb/ats/src/ats.c:ats_init:143 Error[1]: Failed to initialize Diag
09-10 09:48:17.384  6356  6371 E ATS     : vendor/qcom/sw5100-lw4/proprietary-audio/args/acdb/ats/src/ats.c:ats_init:263 Error[1]: Failed to initialize ATS
09-10 09:48:17.384  6356  6371 E AGM: API: ats_init_thread: 64 ats_init failed retry 7 err 1
09-10 09:48:17.583  6350  6350 D nativeloader: Load libmedia_jni.so using system ns (caller=/system/framework/framework.jar!classes2.dex): ok
09-10 09:48:17.584  6350  6350 D MtpDeviceJNI: register_android_mtp_MtpDevice
09-10 09:48:17.596  6351  6351 W libbinder.ServiceManagerCppClient: Waited one second for activity (is service started? Number of threads started in the threadpool: 16. Are binder threads started and available?)
09-10 09:48:17.598   329  6469 W libc    : Unable to set property "ctl.interface_start" to "aidl/activity": PROP_ERROR_HANDLE_CONTROL_MESSAGE (0x20)
09-10 09:48:17.631  6350  6350 D nativeloader: Load libsoundpool.so using system ns (caller=/system/framework/framework.jar!classes2.dex): ok
09-10 09:48:17.641  6350  6350 D nativeloader: Load libaudioeffect_jni.so using system ns (caller=/system/framework/framework.jar!classes2.dex): ok
09-10 09:48:17.701  6350  6350 W Zygote  : Class not found for preloading: android.os.Binder$TransactionTraceNamesCacheHolder
09-10 09:48:17.720  6350  6350 W Zygote  : Class not found for preloading: android.os.PerfettoTrace
09-10 09:48:17.721  6350  6350 W Zygote  : Class not found for preloading: android.os.PerfettoTrace$Category
09-10 09:48:17.721  6350  6350 W Zygote  : Class not found for preloading: android.os.PerfettoTrackEventExtra
09-10 09:48:17.722  6350  6350 W Zygote  : Class not found for preloading: android.os.PerfettoTrackEventExtra$$ExternalSyntheticLambda0
09-10 09:48:17.722  6350  6350 W Zygote  : Class not found for preloading: android.os.PerfettoTrackEventExtra$$ExternalSyntheticLambda1
09-10 09:48:17.723  6350  6350 W Zygote  : Class not found for preloading: android.os.PerfettoTrackEventExtra$$ExternalSyntheticLambda2
09-10 09:48:17.723  6350  6350 W Zygote  : Class not found for preloading: android.os.PerfettoTrackEventExtra$$ExternalSyntheticLambda3
09-10 09:48:17.723  6350  6350 W Zygote  : Class not found for preloading: android.os.PerfettoTrackEventExtra$$ExternalSyntheticLambda4
09-10 09:48:17.724  6350  6350 W Zygote  : Class not found for preloading: android.os.PerfettoTrackEventExtra$$ExternalSyntheticLambda5
09-10 09:48:17.725  6350  6350 W Zygote  : Class not found for preloading: android.os.PerfettoTrackEventExtra$$ExternalSyntheticLambda6
09-10 09:48:17.725  6350  6350 W Zygote  : Class not found for preloading: android.os.PerfettoTrackEventExtra$ArgBool
09-10 09:48:17.726  6350  6350 W Zygote  : Class not found for preloading: android.os.PerfettoTrackEventExtra$ArgDouble
09-10 09:48:17.726  6350  6350 W Zygote  : Class not found for preloading: android.os.PerfettoTrackEventExtra$ArgInt64
09-10 09:48:17.727  6350  6350 W Zygote  : Class not found for preloading: android.os.PerfettoTrackEventExtra$ArgString
09-10 09:48:17.727  6350  6350 W Zygote  : Class not found for preloading: android.os.PerfettoTrackEventExtra$Builder
09-10 09:48:17.728  6350  6350 W Zygote  : Class not found for preloading: android.os.PerfettoTrackEventExtra$CounterDouble
09-10 09:48:17.729  6350  6350 W Zygote  : Class not found for preloading: android.os.PerfettoTrackEventExtra$CounterInt64
09-10 09:48:17.729  6350  6350 W Zygote  : Class not found for preloading: android.os.PerfettoTrackEventExtra$CounterTrack
09-10 09:48:17.730  6350  6350 W Zygote  : Class not found for preloading: android.os.PerfettoTrackEventExtra$FieldContainer
09-10 09:48:17.730  6350  6350 W Zygote  : Class not found for preloading: android.os.PerfettoTrackEventExtra$FieldDouble
09-10 09:48:17.731  6350  6350 W Zygote  : Class not found for preloading: android.os.PerfettoTrackEventExtra$FieldInt64
09-10 09:48:17.732  6350  6350 W Zygote  : Class not found for preloading: android.os.PerfettoTrackEventExtra$FieldNested
09-10 09:48:17.732  6350  6350 W Zygote  : Class not found for preloading: android.os.PerfettoTrackEventExtra$FieldString
09-10 09:48:17.733  6350  6350 W Zygote  : Class not found for preloading: android.os.PerfettoTrackEventExtra$Flow
09-10 09:48:17.734  6350  6350 W Zygote  : Class not found for preloading: android.os.PerfettoTrackEventExtra$NamedTrack
09-10 09:48:17.734  6350  6350 W Zygote  : Class not found for preloading: android.os.PerfettoTrackEventExtra$PerfettoPointer
09-10 09:48:17.735  6350  6350 W Zygote  : Class not found for preloading: android.os.PerfettoTrackEventExtra$Pool
09-10 09:48:17.735  6350  6350 W Zygote  : Class not found for preloading: android.os.PerfettoTrackEventExtra$Proto
09-10 09:48:17.736  6350  6350 W Zygote  : Class not found for preloading: android.os.PerfettoTrackEventExtra$RingBuffer
09-10 09:48:17.736  6350  6350 W Zygote  : Class not found for preloading: android.os.PerfettoTrackEventExtra-IA
09-10 09:48:17.750  6350  6350 E VibratorInfo: Invalid frequency profile received from HAL. resonantFrequencyHz=NaN, frequenciesHz=null, outputAccelerationsGs=null
09-10 09:48:17.759  6350  6350 D nativeloader: Load libvintf_jni.so using system ns (caller=/system/framework/framework.jar!classes3.dex): ok
09-10 09:48:17.774  6350  6350 W Zygote  : Class not found for preloading: android.os.vibrator.RampSegment
09-10 09:48:17.774  6350  6350 W Zygote  : Class not found for preloading: android.os.vibrator.RampSegment$1
09-10 09:48:17.776   397   419 W libbinder.ServiceManagerCppClient: Waited one second for android.frameworks.stats.IStats/default (is service started? Number of threads started in the threadpool: 16. Are binder threads started and available?)
09-10 09:48:17.782   329  6470 W libc    : Unable to set property "ctl.interface_start" to "aidl/android.frameworks.stats.IStats/default": PROP_ERROR_HANDLE_CONTROL_MESSAGE (0x20)
09-10 09:48:17.861  6350  6350 D nativeloader: Load librs_jni.so using system ns (caller=/system/framework/framework.jar!classes3.dex): ok
09-10 09:48:17.867  6350  6350 W Zygote  : Class not found for preloading: android.security.KeyStoreSecurityLevel$$ExternalSyntheticLambda3
09-10 09:48:17.884  6356  6371 D Diag_Lib: diag: Diag_LSM_Init: invoked for pid: 6356 with init_count: 0
09-10 09:48:17.884  6356  6371 D Diag_Lib: diag:failed to connect to diag socket
09-10 09:48:17.885  6356  6371 D Diag_Lib:  Diag_LSM_Init: Failed to open handle to diag driver, error = 111
09-10 09:48:17.885  6356  6371 I ATS     : vendor/qcom/sw5100-lw4/proprietary-audio/args/acdb/ats/transports/diag/linux/actp/src/actp.c:actp_diag_init:105 Error[1]: Failed to initialize DIAG
09-10 09:48:17.885  6356  6371 E ATS     : vendor/qcom/sw5100-lw4/proprietary-audio/args/acdb/ats/src/ats.c:ats_init:143 Error[1]: Failed to initialize Diag
09-10 09:48:17.885  6356  6371 E ATS     : vendor/qcom/sw5100-lw4/proprietary-audio/args/acdb/ats/src/ats.c:ats_init:263 Error[1]: Failed to initialize ATS
09-10 09:48:17.885  6356  6371 E AGM: API: ats_init_thread: 64 ats_init failed retry 8 err 1
09-10 09:48:17.890  6350  6350 W Zygote  : Class not found for preloading: android.service.notification.IStatusBarNotificationHolder
09-10 09:48:17.891  6350  6350 W Zygote  : Class not found for preloading: android.service.notification.IStatusBarNotificationHolder$Stub
09-10 09:48:17.892  6350  6350 W Zygote  : Class not found for preloading: android.service.notification.IStatusBarNotificationHolder$Stub$Proxy
09-10 09:48:18.056  1235  1235 I adbd    : adbd service requested 'shell,v2,TERM=xterm-256color,raw:dumpsys package providers'
09-10 09:48:18.058  6350  6350 W Zygote  : Class not found for preloading: android.view.BatchedInputEventReceiver$BatchedInputRunnable
09-10 09:48:18.102  6350  6350 W Zygote  : Class not found for preloading: android.view.ViewRootImpl$ConsumeBatchedInputRunnable
09-10 09:48:18.104  6350  6350 W Zygote  : Class not found for preloading: android.view.ViewRootImpl$TraversalRunnable
09-10 09:48:18.108  6350  6350 W Zygote  : Class not found for preloading: android.view.ViewTreeObserver$OnWindowShownListener
09-10 09:48:18.203  6350  6350 W Zygote  : Class not found for preloading: android.window.DesktopExperienceFlags$$ExternalSyntheticLambda38
09-10 09:48:18.204  6350  6350 W Zygote  : Class not found for preloading: android.window.DesktopExperienceFlags$$ExternalSyntheticLambda39
09-10 09:48:18.204  6350  6350 W Zygote  : Class not found for preloading: android.window.DesktopExperienceFlags$$ExternalSyntheticLambda40
09-10 09:48:18.205  6350  6350 W Zygote  : Class not found for preloading: android.window.DesktopExperienceFlags$$ExternalSyntheticLambda41
09-10 09:48:18.205  6350  6350 W Zygote  : Class not found for preloading: android.window.DesktopExperienceFlags$$ExternalSyntheticLambda42
09-10 09:48:18.205  6350  6350 W Zygote  : Class not found for preloading: android.window.DesktopExperienceFlags$$ExternalSyntheticLambda43
09-10 09:48:18.205  6350  6350 W Zygote  : Class not found for preloading: android.window.DesktopExperienceFlags$$ExternalSyntheticLambda44
09-10 09:48:18.206  6350  6350 W Zygote  : Class not found for preloading: android.window.DesktopExperienceFlags$$ExternalSyntheticLambda45
09-10 09:48:18.206  6350  6350 W Zygote  : Class not found for preloading: android.window.DesktopExperienceFlags$$ExternalSyntheticLambda46
09-10 09:48:18.206  6350  6350 W Zygote  : Class not found for preloading: android.window.DesktopExperienceFlags$$ExternalSyntheticLambda47
09-10 09:48:18.206  6350  6350 W Zygote  : Class not found for preloading: android.window.DesktopExperienceFlags$$ExternalSyntheticLambda48
09-10 09:48:18.207  6350  6350 W Zygote  : Class not found for preloading: android.window.DesktopExperienceFlags$$ExternalSyntheticLambda49
09-10 09:48:18.207  6350  6350 W Zygote  : Class not found for preloading: android.window.DesktopExperienceFlags$$ExternalSyntheticLambda50
09-10 09:48:18.207  6350  6350 W Zygote  : Class not found for preloading: android.window.DesktopExperienceFlags$$ExternalSyntheticLambda51
09-10 09:48:18.208  6350  6350 W Zygote  : Class not found for preloading: android.window.DesktopExperienceFlags$$ExternalSyntheticLambda52
09-10 09:48:18.208  6350  6350 W Zygote  : Class not found for preloading: android.window.DesktopExperienceFlags$$ExternalSyntheticLambda53
09-10 09:48:18.209  6350  6350 W Zygote  : Class not found for preloading: android.window.DesktopExperienceFlags$$ExternalSyntheticLambda54
09-10 09:48:18.209  6350  6350 W Zygote  : Class not found for preloading: android.window.DesktopExperienceFlags$$ExternalSyntheticLambda55
09-10 09:48:18.210  6350  6350 W Zygote  : Class not found for preloading: android.window.DesktopExperienceFlags$$ExternalSyntheticLambda56
09-10 09:48:18.210  6350  6350 W Zygote  : Class not found for preloading: android.window.DesktopExperienceFlags$$ExternalSyntheticLambda57
09-10 09:48:18.210  6350  6350 W Zygote  : Class not found for preloading: android.window.DesktopExperienceFlags$$ExternalSyntheticLambda58
09-10 09:48:18.211  6350  6350 W Zygote  : Class not found for preloading: android.window.DesktopExperienceFlags$$ExternalSyntheticLambda59
09-10 09:48:18.212  6350  6350 W Zygote  : Class not found for preloading: android.window.DesktopExperienceFlags$$ExternalSyntheticLambda60
09-10 09:48:18.212  6350  6350 W Zygote  : Class not found for preloading: android.window.DesktopExperienceFlags$$ExternalSyntheticLambda61
09-10 09:48:18.212  6350  6350 W Zygote  : Class not found for preloading: android.window.DesktopExperienceFlags$$ExternalSyntheticLambda62
09-10 09:48:18.213  6350  6350 W Zygote  : Class not found for preloading: android.window.DesktopExperienceFlags$$ExternalSyntheticLambda63
09-10 09:48:18.213  6350  6350 W Zygote  : Class not found for preloading: android.window.DesktopExperienceFlags$$ExternalSyntheticLambda64
09-10 09:48:18.214  6350  6350 W Zygote  : Class not found for preloading: android.window.DesktopExperienceFlags$$ExternalSyntheticLambda65
09-10 09:48:18.214  6350  6350 W Zygote  : Class not found for preloading: android.window.DesktopExperienceFlags$$ExternalSyntheticLambda66
09-10 09:48:18.214  6350  6350 W Zygote  : Class not found for preloading: android.window.DesktopExperienceFlags$$ExternalSyntheticLambda67
09-10 09:48:18.214  6350  6350 W Zygote  : Class not found for preloading: android.window.DesktopExperienceFlags$$ExternalSyntheticLambda68
09-10 09:48:18.215  6350  6350 W Zygote  : Class not found for preloading: android.window.DesktopExperienceFlags$$ExternalSyntheticLambda69
09-10 09:48:18.215  6350  6350 W Zygote  : Class not found for preloading: android.window.DesktopExperienceFlags$$ExternalSyntheticLambda70
09-10 09:48:18.215  6350  6350 W Zygote  : Class not found for preloading: android.window.DesktopExperienceFlags$$ExternalSyntheticLambda71
09-10 09:48:18.215  6350  6350 W Zygote  : Class not found for preloading: android.window.DesktopExperienceFlags$$ExternalSyntheticLambda72
09-10 09:48:18.215  6350  6350 W Zygote  : Class not found for preloading: android.window.DesktopExperienceFlags$$ExternalSyntheticLambda73
09-10 09:48:18.216  6350  6350 W Zygote  : Class not found for preloading: android.window.DesktopExperienceFlags$$ExternalSyntheticLambda74
09-10 09:48:18.216  6350  6350 W Zygote  : Class not found for preloading: android.window.DesktopExperienceFlags$$ExternalSyntheticLambda75
09-10 09:48:18.216  6350  6350 W Zygote  : Class not found for preloading: android.window.DesktopExperienceFlags$$ExternalSyntheticLambda76
09-10 09:48:18.217  6350  6350 W Zygote  : Class not found for preloading: android.window.DesktopExperienceFlags$$ExternalSyntheticLambda77
09-10 09:48:18.217  6350  6350 W Zygote  : Class not found for preloading: android.window.DesktopExperienceFlags$$ExternalSyntheticLambda78
09-10 09:48:18.217  6350  6350 W Zygote  : Class not found for preloading: android.window.DesktopExperienceFlags$$ExternalSyntheticLambda79
09-10 09:48:18.218  6350  6350 W Zygote  : Class not found for preloading: android.window.DesktopExperienceFlags$$ExternalSyntheticLambda80
09-10 09:48:18.218  6350  6350 W Zygote  : Class not found for preloading: android.window.DesktopExperienceFlags$$ExternalSyntheticLambda81
09-10 09:48:18.218  6350  6350 W Zygote  : Class not found for preloading: android.window.DesktopExperienceFlags$$ExternalSyntheticLambda82
09-10 09:48:18.219  6350  6350 W Zygote  : Class not found for preloading: android.window.DesktopExperienceFlags$$ExternalSyntheticLambda83
09-10 09:48:18.219  6350  6350 W Zygote  : Class not found for preloading: android.window.DesktopExperienceFlags$$ExternalSyntheticLambda84
09-10 09:48:18.219  6350  6350 W Zygote  : Class not found for preloading: android.window.DesktopExperienceFlags$$ExternalSyntheticLambda85
09-10 09:48:18.220  6350  6350 W Zygote  : Class not found for preloading: android.window.DesktopExperienceFlags$$ExternalSyntheticLambda86
09-10 09:48:18.220  6350  6350 W Zygote  : Class not found for preloading: android.window.DesktopExperienceFlags$$ExternalSyntheticLambda87
09-10 09:48:18.221  6350  6350 W Zygote  : Class not found for preloading: android.window.DesktopExperienceFlags$$ExternalSyntheticLambda88
09-10 09:48:18.221  6350  6350 W Zygote  : Class not found for preloading: android.window.DesktopExperienceFlags$$ExternalSyntheticLambda89
09-10 09:48:18.221  6350  6350 W Zygote  : Class not found for preloading: android.window.DesktopExperienceFlags$$ExternalSyntheticLambda90
09-10 09:48:18.222  6350  6350 W Zygote  : Class not found for preloading: android.window.DesktopModeFlags$$ExternalSyntheticLambda13
09-10 09:48:18.223  6350  6350 W Zygote  : Class not found for preloading: android.window.DesktopModeFlags$$ExternalSyntheticLambda14
09-10 09:48:18.223  6350  6350 W Zygote  : Class not found for preloading: android.window.DesktopModeFlags$$ExternalSyntheticLambda15
09-10 09:48:18.224  6350  6350 W Zygote  : Class not found for preloading: android.window.DesktopModeFlags$$ExternalSyntheticLambda16
09-10 09:48:18.224  6350  6350 W Zygote  : Class not found for preloading: android.window.DesktopModeFlags$$ExternalSyntheticLambda17
09-10 09:48:18.224  6350  6350 W Zygote  : Class not found for preloading: android.window.DesktopModeFlags$$ExternalSyntheticLambda18
09-10 09:48:18.225  6350  6350 W Zygote  : Class not found for preloading: android.window.DesktopModeFlags$$ExternalSyntheticLambda19
09-10 09:48:18.226  6350  6350 W Zygote  : Class not found for preloading: android.window.DesktopModeFlags$$ExternalSyntheticLambda20
09-10 09:48:18.226  6350  6350 W Zygote  : Class not found for preloading: android.window.DesktopModeFlags$$ExternalSyntheticLambda21
09-10 09:48:18.226  6350  6350 W Zygote  : Class not found for preloading: android.window.DesktopModeFlags$$ExternalSyntheticLambda22
09-10 09:48:18.227  6350  6350 W Zygote  : Class not found for preloading: android.window.DesktopModeFlags$$ExternalSyntheticLambda23
09-10 09:48:18.227  6350  6350 W Zygote  : Class not found for preloading: android.window.DesktopModeFlags$$ExternalSyntheticLambda24
09-10 09:48:18.227  6350  6350 W Zygote  : Class not found for preloading: android.window.DesktopModeFlags$$ExternalSyntheticLambda25
09-10 09:48:18.228  6350  6350 W Zygote  : Class not found for preloading: android.window.DesktopModeFlags$$ExternalSyntheticLambda26
09-10 09:48:18.228  6350  6350 W Zygote  : Class not found for preloading: android.window.DesktopModeFlags$$ExternalSyntheticLambda27
09-10 09:48:18.229  6350  6350 W Zygote  : Class not found for preloading: android.window.DesktopModeFlags$$ExternalSyntheticLambda28
09-10 09:48:18.229  6350  6350 W Zygote  : Class not found for preloading: android.window.DesktopModeFlags$$ExternalSyntheticLambda29
09-10 09:48:18.230  6350  6350 W Zygote  : Class not found for preloading: android.window.DesktopModeFlags$$ExternalSyntheticLambda30
09-10 09:48:18.356  6350  6350 W Zygote  : Class not found for preloading: com.android.internal.dev.perfetto.sdk.PerfettoTrackEventBuilder$$ExternalSyntheticLambda6
09-10 09:48:18.357  6350  6350 W Zygote  : Class not found for preloading: com.android.internal.dev.perfetto.sdk.PerfettoTrackEventBuilder$$ExternalSyntheticLambda7
09-10 09:48:18.358  6350  6350 W Zygote  : Class not found for preloading: com.android.internal.dev.perfetto.sdk.PerfettoTrackEventExtra$ArgBool
09-10 09:48:18.359  6350  6350 W Zygote  : Class not found for preloading: com.android.internal.dev.perfetto.sdk.PerfettoTrackEventExtra$ArgDouble
09-10 09:48:18.359  6350  6350 W Zygote  : Class not found for preloading: com.android.internal.dev.perfetto.sdk.PerfettoTrackEventExtra$ArgInt64
09-10 09:48:18.360  6350  6350 W Zygote  : Class not found for preloading: com.android.internal.dev.perfetto.sdk.PerfettoTrackEventExtra$ArgString
09-10 09:48:18.361  6350  6350 W Zygote  : Class not found for preloading: com.android.internal.dev.perfetto.sdk.PerfettoTrackEventExtra$CounterDouble
09-10 09:48:18.362  6350  6350 W Zygote  : Class not found for preloading: com.android.internal.dev.perfetto.sdk.PerfettoTrackEventExtra$CounterInt64
09-10 09:48:18.363  6350  6350 W Zygote  : Class not found for preloading: com.android.internal.dev.perfetto.sdk.PerfettoTrackEventExtra$FieldDouble
09-10 09:48:18.364  6350  6350 W Zygote  : Class not found for preloading: com.android.internal.dev.perfetto.sdk.PerfettoTrackEventExtra$FieldInt64
09-10 09:48:18.364  6350  6350 W Zygote  : Class not found for preloading: com.android.internal.dev.perfetto.sdk.PerfettoTrackEventExtra$FieldString
09-10 09:48:18.369  6350  6350 W Zygote  : Class not found for preloading: com.android.internal.hidden_from_bootclasspath.android.adpf.FeatureFlags
09-10 09:48:18.370  6350  6350 W Zygote  : Class not found for preloading: com.android.internal.hidden_from_bootclasspath.android.adpf.FeatureFlagsImpl
09-10 09:48:18.371  6350  6350 W Zygote  : Class not found for preloading: com.android.internal.hidden_from_bootclasspath.android.aiseal.FeatureFlags
09-10 09:48:18.371  6350  6350 W Zygote  : Class not found for preloading: com.android.internal.hidden_from_bootclasspath.android.aiseal.FeatureFlagsImpl
09-10 09:48:18.372  6350  6350 W Zygote  : Class not found for preloading: com.android.internal.hidden_from_bootclasspath.android.app.FeatureFlags
09-10 09:48:18.372  6350  6350 W Zygote  : Class not found for preloading: com.android.internal.hidden_from_bootclasspath.android.app.FeatureFlagsImpl
09-10 09:48:18.373  6350  6350 W Zygote  : Class not found for preloading: com.android.internal.hidden_from_bootclasspath.android.app.admin.flags.FeatureFlags
09-10 09:48:18.374  6350  6350 W Zygote  : Class not found for preloading: com.android.internal.hidden_from_bootclasspath.android.app.admin.flags.FeatureFlagsImpl
09-10 09:48:18.375  6350  6350 W Zygote  : Class not found for preloading: com.android.internal.hidden_from_bootclasspath.android.app.appfunctions.flags.FeatureFlags
09-10 09:48:18.375  6350  6350 W Zygote  : Class not found for preloading: com.android.internal.hidden_from_bootclasspath.android.app.appfunctions.flags.FeatureFlagsImpl
09-10 09:48:18.376  6350  6350 W Zygote  : Class not found for preloading: com.android.internal.hidden_from_bootclasspath.android.app.assist.flags.FeatureFlags
09-10 09:48:18.376  6350  6350 W Zygote  : Class not found for preloading: com.android.internal.hidden_from_bootclasspath.android.app.assist.flags.FeatureFlagsImpl
09-10 09:48:18.377  6350  6350 W Zygote  : Class not found for preloading: com.android.internal.hidden_from_bootclasspath.android.app.jank.FeatureFlags
09-10 09:48:18.378  6350  6350 W Zygote  : Class not found for preloading: com.android.internal.hidden_from_bootclasspath.android.app.jank.FeatureFlagsImpl
09-10 09:48:18.379  6350  6350 W Zygote  : Class not found for preloading: com.android.internal.hidden_from_bootclasspath.android.app.job.FeatureFlags
09-10 09:48:18.379  6350  6350 W Zygote  : Class not found for preloading: com.android.internal.hidden_from_bootclasspath.android.app.job.FeatureFlagsImpl
09-10 09:48:18.381  6350  6350 W Zygote  : Class not found for preloading: com.android.internal.hidden_from_bootclasspath.android.app.lskfreset.flags.FeatureFlags
09-10 09:48:18.381  6350  6350 W Zygote  : Class not found for preloading: com.android.internal.hidden_from_bootclasspath.android.app.lskfreset.flags.FeatureFlagsImpl
09-10 09:48:18.382  6350  6350 W Zygote  : Class not found for preloading: com.android.internal.hidden_from_bootclasspath.android.app.privatecompute.flags.FeatureFlags
09-10 09:48:18.382  6350  6350 W Zygote  : Class not found for preloading: com.android.internal.hidden_from_bootclasspath.android.app.privatecompute.flags.FeatureFlagsImpl
09-10 09:48:18.383  6350  6350 W Zygote  : Class not found for preloading: com.android.internal.hidden_from_bootclasspath.android.app.supervision.flags.FeatureFlags
09-10 09:48:18.383  6350  6350 W Zygote  : Class not found for preloading: com.android.internal.hidden_from_bootclasspath.android.app.supervision.flags.FeatureFlagsImpl
09-10 09:48:18.383  6350  6350 W Zygote  : Class not found for preloading: com.android.internal.hidden_from_bootclasspath.android.app.usage.FeatureFlags
09-10 09:48:18.384  6350  6350 W Zygote  : Class not found for preloading: com.android.internal.hidden_from_bootclasspath.android.app.usage.FeatureFlagsImpl
09-10 09:48:18.384  6350  6350 W Zygote  : Class not found for preloading: com.android.internal.hidden_from_bootclasspath.android.appwidget.flags.FeatureFlags
09-10 09:48:18.385  6350  6350 W Zygote  : Class not found for preloading: com.android.internal.hidden_from_bootclasspath.android.appwidget.flags.FeatureFlagsImpl
09-10 09:48:18.385  6356  6371 D Diag_Lib: diag: Diag_LSM_Init: invoked for pid: 6356 with init_count: 0
09-10 09:48:18.386  6356  6371 D Diag_Lib: diag:failed to connect to diag socket
09-10 09:48:18.386  6356  6371 D Diag_Lib:  Diag_LSM_Init: Failed to open handle to diag driver, error = 111
09-10 09:48:18.386  6356  6371 I ATS     : vendor/qcom/sw5100-lw4/proprietary-audio/args/acdb/ats/transports/diag/linux/actp/src/actp.c:actp_diag_init:105 Error[1]: Failed to initialize DIAG
09-10 09:48:18.386  6356  6371 E ATS     : vendor/qcom/sw5100-lw4/proprietary-audio/args/acdb/ats/src/ats.c:ats_init:143 Error[1]: Failed to initialize Diag
09-10 09:48:18.386  6356  6371 E ATS     : vendor/qcom/sw5100-lw4/proprietary-audio/args/acdb/ats/src/ats.c:ats_init:263 Error[1]: Failed to initialize ATS
09-10 09:48:18.386  6356  6371 E AGM: API: ats_init_thread: 64 ats_init failed retry 9 err 1
09-10 09:48:18.386  6350  6350 W Zygote  : Class not found for preloading: com.android.internal.hidden_from_bootclasspath.android.companion.FeatureFlags
09-10 09:48:18.386  6350  6350 W Zygote  : Class not found for preloading: com.android.internal.hidden_from_bootclasspath.android.companion.FeatureFlagsImpl
09-10 09:48:18.387  6350  6350 W Zygote  : Class not found for preloading: com.android.internal.hidden_from_bootclasspath.android.companion.virtualdevice.flags.FeatureFlags
09-10 09:48:18.388  6350  6350 W Zygote  : Class not found for preloading: com.android.internal.hidden_from_bootclasspath.android.companion.virtualdevice.flags.FeatureFlagsImpl
09-10 09:48:18.389  6350  6350 W Zygote  : Class not found for preloading: com.android.internal.hidden_from_bootclasspath.android.content.flags.FeatureFlags
09-10 09:48:18.389  6350  6350 W Zygote  : Class not found for preloading: com.android.internal.hidden_from_bootclasspath.android.content.flags.FeatureFlagsImpl
09-10 09:48:18.390  6350  6350 W Zygote  : Class not found for preloading: com.android.internal.hidden_from_bootclasspath.android.content.pm.FeatureFlags
09-10 09:48:18.391  6350  6350 W Zygote  : Class not found for preloading: com.android.internal.hidden_from_bootclasspath.android.content.pm.FeatureFlagsImpl
09-10 09:48:18.392  6350  6350 W Zygote  : Class not found for preloading: com.android.internal.hidden_from_bootclasspath.android.content.res.FeatureFlags
09-10 09:48:18.393  6350  6350 W Zygote  : Class not found for preloading: com.android.internal.hidden_from_bootclasspath.android.content.res.FeatureFlagsImpl
09-10 09:48:18.394  6350  6350 W Zygote  : Class not found for preloading: com.android.internal.hidden_from_bootclasspath.android.database.sqlite.FeatureFlags
09-10 09:48:18.394  6350  6350 W Zygote  : Class not found for preloading: com.android.internal.hidden_from_bootclasspath.android.database.sqlite.FeatureFlagsImpl
09-10 09:48:18.395  6350  6350 W Zygote  : Class not found for preloading: com.android.internal.hidden_from_bootclasspath.android.hardware.biometrics.FeatureFlags
09-10 09:48:18.396  6350  6350 W Zygote  : Class not found for preloading: com.android.internal.hidden_from_bootclasspath.android.hardware.biometrics.FeatureFlagsImpl
09-10 09:48:18.397  6350  6350 W Zygote  : Class not found for preloading: com.android.internal.hidden_from_bootclasspath.android.hardware.devicestate.feature.flags.FeatureFlags
09-10 09:48:18.397  6350  6350 W Zygote  : Class not found for preloading: com.android.internal.hidden_from_bootclasspath.android.hardware.devicestate.feature.flags.FeatureFlagsImpl
09-10 09:48:18.398  6350  6350 W Zygote  : Class not found for preloading: com.android.internal.hidden_from_bootclasspath.android.hardware.flags.FeatureFlags
09-10 09:48:18.399  6350  6350 W Zygote  : Class not found for preloading: com.android.internal.hidden_from_bootclasspath.android.hardware.flags.FeatureFlagsImpl
09-10 09:48:18.399  6350  6350 W Zygote  : Class not found for preloading: com.android.internal.hidden_from_bootclasspath.android.hardware.serial.flags.FeatureFlags
09-10 09:48:18.399  6350  6350 W Zygote  : Class not found for preloading: com.android.internal.hidden_from_bootclasspath.android.hardware.serial.flags.FeatureFlagsImpl
09-10 09:48:18.400  6350  6350 W Zygote  : Class not found for preloading: com.android.internal.hidden_from_bootclasspath.android.location.flags.FeatureFlags
09-10 09:48:18.400  6350  6350 W Zygote  : Class not found for preloading: com.android.internal.hidden_from_bootclasspath.android.location.flags.FeatureFlagsImpl
09-10 09:48:18.401  6350  6350 W Zygote  : Class not found for preloading: com.android.internal.hidden_from_bootclasspath.android.media.audio.FeatureFlags
09-10 09:48:18.401  6350  6350 W Zygote  : Class not found for preloading: com.android.internal.hidden_from_bootclasspath.android.media.audio.FeatureFlagsImpl
09-10 09:48:18.402  6350  6350 W Zygote  : Class not found for preloading: com.android.internal.hidden_from_bootclasspath.android.media.codec.FeatureFlags
09-10 09:48:18.402  6350  6350 W Zygote  : Class not found for preloading: com.android.internal.hidden_from_bootclasspath.android.media.codec.FeatureFlagsImpl
09-10 09:48:18.403  6350  6350 W Zygote  : Class not found for preloading: com.android.internal.hidden_from_bootclasspath.android.media.tv.flags.FeatureFlags
09-10 09:48:18.403  6350  6350 W Zygote  : Class not found for preloading: com.android.internal.hidden_from_bootclasspath.android.media.tv.flags.FeatureFlagsImpl
09-10 09:48:18.404  6350  6350 W Zygote  : Class not found for preloading: com.android.internal.hidden_from_bootclasspath.android.multiuser.FeatureFlags
09-10 09:48:18.404  6350  6350 W Zygote  : Class not found for preloading: com.android.internal.hidden_from_bootclasspath.android.multiuser.FeatureFlagsImpl
09-10 09:48:18.405  6350  6350 W Zygote  : Class not found for preloading: com.android.internal.hidden_from_bootclasspath.android.net.http.FeatureFlags
09-10 09:48:18.406  6350  6350 W Zygote  : Class not found for preloading: com.android.internal.hidden_from_bootclasspath.android.net.http.FeatureFlagsImpl
09-10 09:48:18.407  6350  6350 W Zygote  : Class not found for preloading: com.android.internal.hidden_from_bootclasspath.android.net.platform.flags.FeatureFlags
09-10 09:48:18.407  6350  6350 W Zygote  : Class not found for preloading: com.android.internal.hidden_from_bootclasspath.android.net.platform.flags.FeatureFlagsImpl
09-10 09:48:18.408  6350  6350 W Zygote  : Class not found for preloading: com.android.internal.hidden_from_bootclasspath.android.os.FeatureFlags
09-10 09:48:18.409  6350  6350 W Zygote  : Class not found for preloading: com.android.internal.hidden_from_bootclasspath.android.os.FeatureFlagsImpl
09-10 09:48:18.410  6350  6350 W Zygote  : Class not found for preloading: com.android.internal.hidden_from_bootclasspath.android.provider.FeatureFlags
09-10 09:48:18.410  6350  6350 W Zygote  : Class not found for preloading: com.android.internal.hidden_from_bootclasspath.android.provider.FeatureFlagsImpl
09-10 09:48:18.412  6350  6350 W Zygote  : Class not found for preloading: com.android.internal.hidden_from_bootclasspath.android.security.FeatureFlags
09-10 09:48:18.413  6350  6350 W Zygote  : Class not found for preloading: com.android.internal.hidden_from_bootclasspath.android.security.FeatureFlagsImpl
09-10 09:48:18.414  6350  6350 W Zygote  : Class not found for preloading: com.android.internal.hidden_from_bootclasspath.android.server.FeatureFlags
09-10 09:48:18.414  6350  6350 W Zygote  : Class not found for preloading: com.android.internal.hidden_from_bootclasspath.android.server.FeatureFlagsImpl
09-10 09:48:18.415  6350  6350 W Zygote  : Class not found for preloading: com.android.internal.hidden_from_bootclasspath.android.service.autofill.FeatureFlags
09-10 09:48:18.415  6350  6350 W Zygote  : Class not found for preloading: com.android.internal.hidden_from_bootclasspath.android.service.autofill.FeatureFlagsImpl
09-10 09:48:18.416  6350  6350 W Zygote  : Class not found for preloading: com.android.internal.hidden_from_bootclasspath.android.service.chooser.FeatureFlags
09-10 09:48:18.417  6350  6350 W Zygote  : Class not found for preloading: com.android.internal.hidden_from_bootclasspath.android.service.chooser.FeatureFlagsImpl
09-10 09:48:18.417  6350  6350 W Zygote  : Class not found for preloading: com.android.internal.hidden_from_bootclasspath.android.service.dreams.FeatureFlags
09-10 09:48:18.417  6350  6350 W Zygote  : Class not found for preloading: com.android.internal.hidden_from_bootclasspath.android.service.dreams.FeatureFlagsImpl
09-10 09:48:18.418  6350  6350 W Zygote  : Class not found for preloading: com.android.internal.hidden_from_bootclasspath.android.service.notification.FeatureFlags
09-10 09:48:18.418  6350  6350 W Zygote  : Class not found for preloading: com.android.internal.hidden_from_bootclasspath.android.service.notification.FeatureFlagsImpl
09-10 09:48:18.419  6350  6350 W Zygote  : Class not found for preloading: com.android.internal.hidden_from_bootclasspath.android.service.personalcontext.FeatureFlags
09-10 09:48:18.419  6350  6350 W Zygote  : Class not found for preloading: com.android.internal.hidden_from_bootclasspath.android.service.personalcontext.FeatureFlagsImpl
09-10 09:48:18.420  6350  6350 W Zygote  : Class not found for preloading: com.android.internal.hidden_from_bootclasspath.android.service.voice.flags.FeatureFlags
09-10 09:48:18.420  6350  6350 W Zygote  : Class not found for preloading: com.android.internal.hidden_from_bootclasspath.android.service.voice.flags.FeatureFlagsImpl
09-10 09:48:18.422  6350  6350 W Zygote  : Class not found for preloading: com.android.internal.hidden_from_bootclasspath.android.tracing.FeatureFlags
09-10 09:48:18.423  6350  6350 W Zygote  : Class not found for preloading: com.android.internal.hidden_from_bootclasspath.android.tracing.FeatureFlagsImpl
09-10 09:48:18.423  6350  6350 W Zygote  : Class not found for preloading: com.android.internal.hidden_from_bootclasspath.android.view.accessibility.FeatureFlags
09-10 09:48:18.425  6350  6350 W Zygote  : Class not found for preloading: com.android.internal.hidden_from_bootclasspath.android.view.accessibility.FeatureFlagsImpl
09-10 09:48:18.426  6350  6350 W Zygote  : Class not found for preloading: com.android.internal.hidden_from_bootclasspath.android.view.contentcapture.flags.FeatureFlags
09-10 09:48:18.426  6350  6350 W Zygote  : Class not found for preloading: com.android.internal.hidden_from_bootclasspath.android.view.contentcapture.flags.FeatureFlagsImpl
09-10 09:48:18.427  6350  6350 W Zygote  : Class not found for preloading: com.android.internal.hidden_from_bootclasspath.android.view.flags.FeatureFlags
09-10 09:48:18.427  6350  6350 W Zygote  : Class not found for preloading: com.android.internal.hidden_from_bootclasspath.android.view.flags.FeatureFlagsImpl
09-10 09:48:18.428  6350  6350 W Zygote  : Class not found for preloading: com.android.internal.hidden_from_bootclasspath.android.view.inputmethod.FeatureFlags
09-10 09:48:18.429  6350  6350 W Zygote  : Class not found for preloading: com.android.internal.hidden_from_bootclasspath.android.view.inputmethod.FeatureFlagsImpl
09-10 09:48:18.430  6350  6350 W Zygote  : Class not found for preloading: com.android.internal.hidden_from_bootclasspath.android.webkit.FeatureFlags
09-10 09:48:18.431  6350  6350 W Zygote  : Class not found for preloading: com.android.internal.hidden_from_bootclasspath.android.webkit.FeatureFlagsImpl
09-10 09:48:18.431  6350  6350 W Zygote  : Class not found for preloading: com.android.internal.hidden_from_bootclasspath.android.widget.flags.FeatureFlags
09-10 09:48:18.432  6350  6350 W Zygote  : Class not found for preloading: com.android.internal.hidden_from_bootclasspath.android.widget.flags.FeatureFlagsImpl
09-10 09:48:18.434  6350  6350 W Zygote  : Class not found for preloading: com.android.internal.hidden_from_bootclasspath.com.android.graphics.flags.FeatureFlags
09-10 09:48:18.435  6350  6350 W Zygote  : Class not found for preloading: com.android.internal.hidden_from_bootclasspath.com.android.graphics.flags.FeatureFlagsImpl
09-10 09:48:18.435  6350  6350 W Zygote  : Class not found for preloading: com.android.internal.hidden_from_bootclasspath.com.android.graphics.hwui.flags.FeatureFlags
09-10 09:48:18.436  6350  6350 W Zygote  : Class not found for preloading: com.android.internal.hidden_from_bootclasspath.com.android.graphics.hwui.flags.FeatureFlagsImpl
09-10 09:48:18.436  6350  6350 W Zygote  : Class not found for preloading: com.android.internal.hidden_from_bootclasspath.com.android.graphics.surfaceflinger.flags.FeatureFlags
09-10 09:48:18.436  6350  6350 W Zygote  : Class not found for preloading: com.android.internal.hidden_from_bootclasspath.com.android.graphics.surfaceflinger.flags.FeatureFlagsImpl
09-10 09:48:18.437  6350  6350 W Zygote  : Class not found for preloading: com.android.internal.hidden_from_bootclasspath.com.android.hardware.input.FeatureFlags
09-10 09:48:18.437  6350  6350 W Zygote  : Class not found for preloading: com.android.internal.hidden_from_bootclasspath.com.android.hardware.input.FeatureFlagsImpl
09-10 09:48:18.438  6350  6350 W Zygote  : Class not found for preloading: com.android.internal.hidden_from_bootclasspath.com.android.internal.app.procstats.FeatureFlags
09-10 09:48:18.438  6350  6350 W Zygote  : Class not found for preloading: com.android.internal.hidden_from_bootclasspath.com.android.internal.app.procstats.FeatureFlagsImpl
09-10 09:48:18.439  6350  6350 W Zygote  : Class not found for preloading: com.android.internal.hidden_from_bootclasspath.com.android.internal.camera.flags.FeatureFlags
09-10 09:48:18.439  6350  6350 W Zygote  : Class not found for preloading: com.android.internal.hidden_from_bootclasspath.com.android.internal.camera.flags.FeatureFlagsImpl
09-10 09:48:18.440  6350  6350 W Zygote  : Class not found for preloading: com.android.internal.hidden_from_bootclasspath.com.android.internal.compat.flags.FeatureFlags
09-10 09:48:18.441  6350  6350 W Zygote  : Class not found for preloading: com.android.internal.hidden_from_bootclasspath.com.android.internal.compat.flags.FeatureFlagsImpl
09-10 09:48:18.441  6350  6350 W Zygote  : Class not found for preloading: com.android.internal.hidden_from_bootclasspath.com.android.internal.os.FeatureFlags
09-10 09:48:18.442  6350  6350 W Zygote  : Class not found for preloading: com.android.internal.hidden_from_bootclasspath.com.android.internal.os.FeatureFlagsImpl
09-10 09:48:18.443  6350  6350 W Zygote  : Class not found for preloading: com.android.internal.hidden_from_bootclasspath.com.android.internal.pm.pkg.component.flags.FeatureFlags
09-10 09:48:18.443  6350  6350 W Zygote  : Class not found for preloading: com.android.internal.hidden_from_bootclasspath.com.android.internal.pm.pkg.component.flags.FeatureFlagsImpl
09-10 09:48:18.445  6350  6350 W Zygote  : Class not found for preloading: com.android.internal.hidden_from_bootclasspath.com.android.libcore.readonly.FeatureFlags
09-10 09:48:18.445  6350  6350 W Zygote  : Class not found for preloading: com.android.internal.hidden_from_bootclasspath.com.android.libcore.readonly.FeatureFlagsImpl
09-10 09:48:18.446  6350  6350 W Zygote  : Class not found for preloading: com.android.internal.hidden_from_bootclasspath.com.android.media.flags.FeatureFlags
09-10 09:48:18.447  6350  6350 W Zygote  : Class not found for preloading: com.android.internal.hidden_from_bootclasspath.com.android.media.flags.FeatureFlagsImpl
09-10 09:48:18.448  6350  6350 W Zygote  : Class not found for preloading: com.android.internal.hidden_from_bootclasspath.com.android.media.projection.flags.FeatureFlags
09-10 09:48:18.449  6350  6350 W Zygote  : Class not found for preloading: com.android.internal.hidden_from_bootclasspath.com.android.media.projection.flags.FeatureFlagsImpl
09-10 09:48:18.450  6350  6350 W Zygote  : Class not found for preloading: com.android.internal.hidden_from_bootclasspath.com.android.server.display.feature.flags.FeatureFlags
09-10 09:48:18.451  6350  6350 W Zygote  : Class not found for preloading: com.android.internal.hidden_from_bootclasspath.com.android.server.display.feature.flags.FeatureFlagsImpl
09-10 09:48:18.451  6350  6350 W Zygote  : Class not found for preloading: com.android.internal.hidden_from_bootclasspath.com.android.server.power.feature.flags.FeatureFlags
09-10 09:48:18.452  6350  6350 W Zygote  : Class not found for preloading: com.android.internal.hidden_from_bootclasspath.com.android.server.power.feature.flags.FeatureFlagsImpl
09-10 09:48:18.452  6350  6350 W Zygote  : Class not found for preloading: com.android.internal.hidden_from_bootclasspath.com.android.server.power.optimization.FeatureFlags
09-10 09:48:18.453  6350  6350 W Zygote  : Class not found for preloading: com.android.internal.hidden_from_bootclasspath.com.android.server.power.optimization.FeatureFlagsImpl
09-10 09:48:18.454  6350  6350 W Zygote  : Class not found for preloading: com.android.internal.hidden_from_bootclasspath.com.android.settingslib.flags.FeatureFlags
09-10 09:48:18.455  6350  6350 W Zygote  : Class not found for preloading: com.android.internal.hidden_from_bootclasspath.com.android.settingslib.flags.FeatureFlagsImpl
09-10 09:48:18.455  6350  6350 W Zygote  : Class not found for preloading: com.android.internal.hidden_from_bootclasspath.com.android.text.flags.FeatureFlags
09-10 09:48:18.456  6350  6350 W Zygote  : Class not found for preloading: com.android.internal.hidden_from_bootclasspath.com.android.text.flags.FeatureFlagsImpl
09-10 09:48:18.457  6350  6350 W Zygote  : Class not found for preloading: com.android.internal.hidden_from_bootclasspath.com.android.window.flags.FeatureFlags
09-10 09:48:18.458  6350  6350 W Zygote  : Class not found for preloading: com.android.internal.hidden_from_bootclasspath.com.android.window.flags.FeatureFlagsImpl
09-10 09:48:18.467  6350  6350 W Zygote  : Class not found for preloading: com.android.internal.inputmethod.InputMethodSubtypeHandle$1
09-10 09:48:18.499  6350  6350 W Zygote  : Class not found for preloading: com.android.internal.protolog.ProcessedPerfettoProtoLogImpl$1
09-10 09:48:18.501  6350  6350 W Zygote  : Class not found for preloading: com.android.internal.protolog.ProtoLogDataSource$$ExternalSyntheticLambda3
09-10 09:48:18.502  6350  6350 W Zygote  : Class not found for preloading: com.android.internal.protolog.ProtoLogDataSource$Instance$TracingFlushCallback
09-10 09:48:18.502  6350  6350 W Zygote  : Class not found for preloading: com.android.internal.protolog.ProtoLogDataSource$Instance$TracingInstanceStartCallback
09-10 09:48:18.502  6350  6350 W Zygote  : Class not found for preloading: com.android.internal.protolog.ProtoLogDataSource$Instance$TracingInstanceStopCallback
09-10 09:48:18.580  6350  6350 W OverlayConfig: partition_order.xml does not exist.
09-10 09:48:18.597  6351  6351 W libbinder.ServiceManagerCppClient: Waited one second for activity (is service started? Number of threads started in the threadpool: 16. Are binder threads started and available?)
09-10 09:48:18.599   329  6475 W libc    : Unable to set property "ctl.interface_start" to "aidl/activity": PROP_ERROR_HANDLE_CONTROL_MESSAGE (0x20)
09-10 09:48:18.738  1638  1642 I pixel-thermal: audio-therm:41.889 raw data: audio-therm:41889 
09-10 09:48:18.740  1638  1642 I pixel-thermal: sdm-skin-therm:42.686 raw data: sdm-skin-therm:42686 
09-10 09:48:18.781   397   419 W libbinder.ServiceManagerCppClient: Waited one second for android.frameworks.stats.IStats/default (is service started? Number of threads started in the threadpool: 16. Are binder threads started and available?)
09-10 09:48:18.786   329  6476 W libc    : Unable to set property "ctl.interface_start" to "aidl/android.frameworks.stats.IStats/default": PROP_ERROR_HANDLE_CONTROL_MESSAGE (0x20)
09-10 09:48:18.887  6356  6371 D Diag_Lib: diag: Diag_LSM_Init: invoked for pid: 6356 with init_count: 0
09-10 09:48:18.887  6356  6371 D Diag_Lib: diag:failed to connect to diag socket
09-10 09:48:18.887  6356  6371 D Diag_Lib:  Diag_LSM_Init: Failed to open handle to diag driver, error = 111
09-10 09:48:18.887  6356  6371 I ATS     : vendor/qcom/sw5100-lw4/proprietary-audio/args/acdb/ats/transports/diag/linux/actp/src/actp.c:actp_diag_init:105 Error[1]: Failed to initialize DIAG
09-10 09:48:18.887  6356  6371 E ATS     : vendor/qcom/sw5100-lw4/proprietary-audio/args/acdb/ats/src/ats.c:ats_init:143 Error[1]: Failed to initialize Diag
09-10 09:48:18.887  6356  6371 E ATS     : vendor/qcom/sw5100-lw4/proprietary-audio/args/acdb/ats/src/ats.c:ats_init:263 Error[1]: Failed to initialize ATS
09-10 09:48:18.887  6356  6371 E AGM: API: ats_init_thread: 64 ats_init failed retry 10 err 1
09-10 09:48:18.993  6478  6478 W idmap2  : failed to create idmap
09-10 09:48:19.049  1168  2070 D AidlBufferPoolAcc: evictor expired: 1, evicted: 0
09-10 09:48:19.075  6335  6394 D BootAnimation: Playing files = /product/media/bootanimation-eos-384.zip/part2, Requested repeat = 0, playUntilComplete = false
09-10 09:48:19.100  6350  6350 W Zygote  : Class not found for preloading: com.android.internal.telephony.GsmCdmaPhone$$ExternalSyntheticLambda6
09-10 09:48:19.172  6350  6350 W Zygote  : Class not found for preloading: com.android.internal.telephony.data.DataServiceManager$$ExternalSyntheticLambda0
09-10 09:48:19.174  6350  6350 W Zygote  : Class not found for preloading: com.android.internal.telephony.data.DataSettingsManager$5
09-10 09:48:19.178  6350  6350 W Zygote  : Class not found for preloading: com.android.internal.telephony.data.PhoneSwitcher$7
09-10 09:48:19.181  6350  6350 W Zygote  : Class not found for preloading: com.android.internal.telephony.data.TelephonyNetworkRequest$$ExternalSyntheticLambda10
09-10 09:48:19.190  1235  1235 I adbd    : adbd service requested 'shell,v2,TERM=xterm-256color,raw:logcat -d -t 30'
09-10 09:48:19.206  6350  6350 W Zygote  : Class not found for preloading: com.android.internal.telephony.imsphone.ImsPhone$$ExternalSyntheticLambda5
09-10 09:48:19.207  6350  6350 W Zygote  : Class not found for preloading: com.android.internal.telephony.imsphone.ImsPhone$$ExternalSyntheticLambda8
09-10 09:48:19.287  6350  6350 W Zygote  : Class not found for preloading: com.android.internal.telephony.satellite.nano.SatelliteConfigData$CarrierRoamingConfigProto
09-10 09:48:19.288  6350  6350 W Zygote  : Class not found for preloading: com.android.internal.telephony.satellite.nano.SatelliteConfigData$CarrierSupportedSatelliteServicesProto
09-10 09:48:19.289  6350  6350 W Zygote  : Class not found for preloading: com.android.internal.telephony.satellite.nano.SatelliteConfigData$SatelliteConfigProto
09-10 09:48:19.289  6350  6350 W Zygote  : Class not found for preloading: com.android.internal.telephony.satellite.nano.SatelliteConfigData$SatelliteProviderCapabilityProto
09-10 09:48:19.289  6350  6350 W Zygote  : Class not found for preloading: com.android.internal.telephony.satellite.nano.SatelliteConfigData$SatelliteRegionProto
09-10 09:48:19.289  6350  6350 W Zygote  : Class not found for preloading: com.android.internal.telephony.satellite.nano.SatelliteConfigData$TelephonyConfigProto
09-10 09:48:19.295  1235  1235 I adbd    : adbd service requested 'shell,v2,TERM=xterm-256color,raw:logcat -d -t 30'
09-10 09:48:19.326  6350  6350 D nativeloader: Load libframework-connectivity-jni.so using APEX ns com_android_tethering for caller /apex/com.android.tethering/javalib/framework-connectivity.jar: ok
09-10 09:48:19.386  6350  6350 W zygote  : Monitor::Inflate: Install failed 0x71660188
09-10 09:48:19.387  6356  6371 D Diag_Lib: diag: Diag_LSM_Init: invoked for pid: 6356 with init_count: 0
09-10 09:48:19.388  6356  6371 D Diag_Lib: diag:failed to connect to diag socket
09-10 09:48:19.388  6356  6371 D Diag_Lib:  Diag_LSM_Init: Failed to open handle to diag driver, error = 111
09-10 09:48:19.388  6356  6371 I ATS     : vendor/qcom/sw5100-lw4/proprietary-audio/args/acdb/ats/transports/diag/linux/actp/src/actp.c:actp_diag_init:105 Error[1]: Failed to initialize DIAG
09-10 09:48:19.388  6356  6371 E ATS     : vendor/qcom/sw5100-lw4/proprietary-audio/args/acdb/ats/src/ats.c:ats_init:143 Error[1]: Failed to initialize Diag
09-10 09:48:19.388  6350  6350 W Zygote  : Class not found for preloading: com.google.wear.modes.EnduranceMode
09-10 09:48:19.388  6356  6371 E ATS     : vendor/qcom/sw5100-lw4/proprietary-audio/args/acdb/ats/src/ats.c:ats_init:263 Error[1]: Failed to initialize ATS
09-10 09:48:19.388  6356  6371 E AGM: API: ats_init_thread: 64 ats_init failed retry 11 err 1
09-10 09:48:19.393  6350  6350 W Zygote  : Class not found for preloading: com.google.wear.services.internal.flags.com.google.wear.services.infra.flags.FeatureFlags
09-10 09:48:19.394  6350  6350 W Zygote  : Class not found for preloading: com.google.wear.services.internal.flags.com.google.wear.services.infra.flags.FeatureFlagsImpl
09-10 09:48:19.406  1235  1235 I adbd    : adbd service requested 'shell,v2,TERM=xterm-256color,raw:logcat -d -t 30'
09-10 09:48:19.412  6350  6350 I Zygote  : ...preloaded 17995 classes in 3419ms.
09-10 09:48:19.430  6350  6350 D nativeloader: InitApexLibraries:
09-10 09:48:19.430  6350  6350 D nativeloader:   com_android_art: libnativehelper.so
09-10 09:48:19.430  6350  6350 D nativeloader:   com_android_i18n: libicui18n.so:libicuuc.so:libicu.so
09-10 09:48:19.430  6350  6350 D nativeloader:   com_android_neuralnetworks: libneuralnetworks.so
09-10 09:48:19.430  6350  6350 D nativeloader: InitDefaultPublicLibraries for_preload=0: libandroid.so:libaaudio.so:libamidi.so:libbinder_ndk.so:libc.so:libcamera2ndk.so:libdl.so:libEGL.so:libGLESv1_CM.so:libGLESv2.so:libGLESv3.so:libjnigraphics.so:liblog.so:libmediandk.so:libm.so:libnativewindow.so:libOpenMAXAL.so:libOpenSLES.so:libRS.so:libstdc++.so:libsync.so:libvulkan.so:libz.so
09-10 09:48:19.430  6350  6350 D nativeloader: Configuring clns-shared-1 for other apk /system/framework/android.hidl.base-V1.0-java.jar. target_sdk_version=37, uses_libraries=, library_path=, permitted_path=/data:/mnt/expand
09-10 09:48:19.433  6350  6350 D nativeloader: InitExtendedPublicLibraries: 
09-10 09:48:19.439  6350  6350 D nativeloader: InitApexLibraries:
09-10 09:48:19.439  6350  6350 D nativeloader:   
09-10 09:48:19.442  6350  6350 D nativeloader: InitVendorPublicLibraries: libadsprpc.so:libcdsprpc.so:libsdsprpc.so:libOpenCL.so
09-10 09:48:19.442  6350  6350 D nativeloader: InitProductPublicLibraries: 
09-10 09:48:19.442  6350  6350 D ApplicationLoaders: Created zygote-cached class loader: /system/framework/android.hidl.base-V1.0-java.jar
09-10 09:48:19.462  6350  6350 D nativeloader: Configuring clns-shared-2 for other apk /system/framework/android.hidl.manager-V1.0-java.jar. target_sdk_version=37, uses_libraries=, library_path=, permitted_path=/data:/mnt/expand
09-10 09:48:19.464  6350  6350 D ApplicationLoaders: Created zygote-cached class loader: /system/framework/android.hidl.manager-V1.0-java.jar
09-10 09:48:19.478  6350  6350 D nativeloader: Configuring clns-shared-3 for other apk /system/framework/android.test.base.jar. target_sdk_version=37, uses_libraries=, library_path=, permitted_path=/data:/mnt/expand
09-10 09:48:19.479  6350  6350 D ApplicationLoaders: Created zygote-cached class loader: /system/framework/android.test.base.jar
09-10 09:48:19.492  6350  6350 D nativeloader: Configuring clns-shared-4 for other apk /system/framework/org.apache.http.legacy.jar. target_sdk_version=37, uses_libraries=, library_path=, permitted_path=/data:/mnt/expand
09-10 09:48:19.494  6350  6350 D ApplicationLoaders: Created zygote-cached class loader: /system/framework/org.apache.http.legacy.jar
09-10 09:48:19.507  6350  6350 D nativeloader: Configuring clns-shared-5 for other apk /system/framework/com.android.location.provider.jar. target_sdk_version=37, uses_libraries=, library_path=, permitted_path=/data:/mnt/expand
09-10 09:48:19.509  6350  6350 D ApplicationLoaders: Created zygote-cached class loader: /system/framework/com.android.location.provider.jar
09-10 09:48:19.509  6350  6350 I Resources: Preloading resources...
09-10 09:48:19.510  6350  6350 I Resources: ...preloaded 0 resources in 0ms.
09-10 09:48:19.510  6350  6350 I Resources: ...preloaded 0 resources in 0ms.
09-10 09:48:19.598  6351  6351 W libbinder.ServiceManagerCppClient: Waited one second for activity (is service started? Number of threads started in the threadpool: 16. Are binder threads started and available?)
09-10 09:48:19.601   329  6489 W libc    : Unable to set property "ctl.interface_start" to "aidl/activity": PROP_ERROR_HANDLE_CONTROL_MESSAGE (0x20)
09-10 09:48:19.785   397   419 W libbinder.ServiceManagerCppClient: Waited one second for android.frameworks.stats.IStats/default (is service started? Number of threads started in the threadpool: 16. Are binder threads started and available?)
09-10 09:48:19.790   329  6490 W libc    : Unable to set property "ctl.interface_start" to "aidl/android.frameworks.stats.IStats/default": PROP_ERROR_HANDLE_CONTROL_MESSAGE (0x20)
09-10 09:48:19.889  6356  6371 D Diag_Lib: diag: Diag_LSM_Init: invoked for pid: 6356 with init_count: 0
09-10 09:48:19.889  6356  6371 D Diag_Lib: diag:failed to connect to diag socket
09-10 09:48:19.889  6356  6371 D Diag_Lib:  Diag_LSM_Init: Failed to open handle to diag driver, error = 111
09-10 09:48:19.889  6356  6371 I ATS     : vendor/qcom/sw5100-lw4/proprietary-audio/args/acdb/ats/transports/diag/linux/actp/src/actp.c:actp_diag_init:105 Error[1]: Failed to initialize DIAG
09-10 09:48:19.889  6356  6371 E ATS     : vendor/qcom/sw5100-lw4/proprietary-audio/args/acdb/ats/src/ats.c:ats_init:143 Error[1]: Failed to initialize Diag
09-10 09:48:19.889  6356  6371 E ATS     : vendor/qcom/sw5100-lw4/proprietary-audio/args/acdb/ats/src/ats.c:ats_init:263 Error[1]: Failed to initialize ATS
09-10 09:48:19.889  6356  6371 E AGM: API: ats_init_thread: 64 ats_init failed retry 12 err 1
09-10 09:48:19.918  6350  6350 I Zygote  : Preloading shared libraries...
09-10 09:48:19.920  6350  6350 D nativeloader: Load libandroid.so using system ns (caller=/system/framework/framework.jar!classes5.dex): ok
09-10 09:48:19.921  6350  6350 D nativeloader: Load libjnigraphics.so using system ns (caller=/system/framework/framework.jar!classes5.dex): ok
09-10 09:48:19.922  6350  6350 D nativeloader: Load libperfetto_framework_jni.so using system ns (caller=/system/framework/framework.jar!classes5.dex): ok
09-10 09:48:19.946  6350  6350 D nativeloader: Load libcompiler_rt.so using system ns (caller=/system/framework/framework.jar!classes5.dex): ok
09-10 09:48:20.003  1419  1419 E BatteryDefender: Failed to read /sys/devices/platform/google,charger/bd_state
09-10 09:48:20.014  1419  1419 E BatteryDefender: Failed to read /sys/devices/platform/google,charger/bd_state
09-10 09:48:20.041  6350  6350 I Zygote  : Preloading compat config...
09-10 09:48:20.042  6350  6350 I CompatibilityRules: Loading configs from /system/etc/compatconfig
09-10 09:48:20.046  6350  6350 I CompatibilityRules: Reading config file: /system/etc/compatconfig/services-platform-compat-config.xml
09-10 09:48:20.049  1168  2070 D AidlBufferPoolAcc: evictor expired: 2, evicted: 0
09-10 09:48:20.052  6350  6350 I CompatibilityRules: Reading config file: /system/etc/compatconfig/TeleService-platform-compat-config.xml
09-10 09:48:20.056  6350  6350 I CompatibilityRules: Reading config file: /system/etc/compatconfig/calendar-provider-compat-config.xml
09-10 09:48:20.058  6350  6350 I CompatibilityRules: Reading config file: /system/etc/compatconfig/framework-ondeviceintelligence-platform-compat-config.xml
09-10 09:48:20.060  6350  6350 I CompatibilityRules: Reading config file: /system/etc/compatconfig/SystemUI-application-compat-config.xml
09-10 09:48:20.062  6350  6350 I CompatibilityRules: Reading config file: /system/etc/compatconfig/framework-location-compat-config.xml
09-10 09:48:20.064  6350  6350 I CompatibilityRules: Reading config file: /system/etc/compatconfig/contacts-provider-platform-compat-config.xml
09-10 09:48:20.066  6350  6350 I CompatibilityRules: Reading config file: /system/etc/compatconfig/documents-ui-compat-config.xml
09-10 09:48:20.068  6350  6350 I CompatibilityRules: Reading config file: /system/etc/compatconfig/icu4j-platform-compat-config.xml
09-10 09:48:20.070  6350  6350 I CompatibilityRules: Reading config file: /system/etc/compatconfig/framework-platform-compat-config.xml
09-10 09:48:20.077  6350  6350 I CompatibilityRules: Loading configs from /system/system_ext/etc/compatconfig
09-10 09:48:20.080  6350  6350 W CompatibilityRules: Directory does not exist: /system/system_ext/etc/compatconfig
09-10 09:48:20.080  6350  6350 I CompatibilityRules: Compatibility rules initialized with 333 rules.
09-10 09:48:20.110  6350  6350 D nativeloader: Load libhttpengine.so using APEX ns com_android_tethering for caller /apex/com.android.tethering/javalib/framework-connectivity.jar: ok
09-10 09:48:20.289  6350  6350 D nativeloader: Load libwebviewchromium_loader.so using system ns (caller=/system/framework/framework.jar!classes4.dex): ok
09-10 09:48:20.292  6350  6350 I Zygote  : Called ZygoteHooks.endPreload()
09-10 09:48:20.293  6350  6350 I Zygote  : Installed AndroidKeyStoreProvider in 2ms.
09-10 09:48:20.309  6350  6350 I Zygote  : Warmed up JCA providers in 15ms.
09-10 09:48:20.309  6350  6350 D Zygote  : end preload
09-10 09:48:20.390  6356  6371 D Diag_Lib: diag: Diag_LSM_Init: invoked for pid: 6356 with init_count: 0
09-10 09:48:20.390  6356  6371 D Diag_Lib: diag:failed to connect to diag socket
09-10 09:48:20.390  6356  6371 D Diag_Lib:  Diag_LSM_Init: Failed to open handle to diag driver, error = 111
09-10 09:48:20.390  6356  6371 I ATS     : vendor/qcom/sw5100-lw4/proprietary-audio/args/acdb/ats/transports/diag/linux/actp/src/actp.c:actp_diag_init:105 Error[1]: Failed to initialize DIAG
09-10 09:48:20.390  6356  6371 E ATS     : vendor/qcom/sw5100-lw4/proprietary-audio/args/acdb/ats/src/ats.c:ats_init:143 Error[1]: Failed to initialize Diag
09-10 09:48:20.390  6356  6371 E ATS     : vendor/qcom/sw5100-lw4/proprietary-audio/args/acdb/ats/src/ats.c:ats_init:263 Error[1]: Failed to initialize ATS
09-10 09:48:20.390  6356  6371 E AGM: API: ats_init_thread: 64 ats_init failed retry 13 err 1
09-10 09:48:20.477  6350  6350 I zygote  : Explicit concurrent mark compact GC freed 9908KB AllocSpace bytes, 23(496KB) LOS objects, 93% free, 8261KB/128MB, paused 376us,5.640ms total 168.038ms
09-10 09:48:20.601  6351  6351 W libbinder.ServiceManagerCppClient: Waited one second for activity (is service started? Number of threads started in the threadpool: 16. Are binder threads started and available?)
09-10 09:48:20.606   329  6491 W libc    : Unable to set property "ctl.interface_start" to "aidl/activity": PROP_ERROR_HANDLE_CONTROL_MESSAGE (0x20)
09-10 09:48:20.613  6350  6350 I zygote  : Explicit concurrent mark compact GC freed 332KB AllocSpace bytes, 0(0B) LOS objects, 93% free, 8025KB/128MB, paused 373us,4.159ms total 124.200ms
09-10 09:48:20.646  6350  6350 W libprocessgroup: A JoinCgroup action in the SystemMemoryProcess profile is used for controller memory in the cgroup v2 hierarchy and will be ignored
09-10 09:48:20.654  1235  1235 I adbd    : adbd service requested 'shell,v2,TERM=xterm-256color,raw:dumpsys package providers'
09-10 09:48:20.790   397   419 W libbinder.ServiceManagerCppClient: Waited one second for android.frameworks.stats.IStats/default (is service started? Number of threads started in the threadpool: 16. Are binder threads started and available?)
09-10 09:48:20.795   329  6496 W libc    : Unable to set property "ctl.interface_start" to "aidl/android.frameworks.stats.IStats/default": PROP_ERROR_HANDLE_CONTROL_MESSAGE (0x20)
09-10 09:48:20.810  6350  6350 I zygote  : Background concurrent mark compact GC freed 128KB AllocSpace bytes, 0(0B) LOS objects, 93% free, 8025KB/128MB, paused 148us,4.116ms total 121.380ms
09-10 09:48:20.891  6356  6371 D Diag_Lib: diag: Diag_LSM_Init: invoked for pid: 6356 with init_count: 0
09-10 09:48:20.891  6356  6371 D Diag_Lib: diag:failed to connect to diag socket
09-10 09:48:20.891  6356  6371 D Diag_Lib:  Diag_LSM_Init: Failed to open handle to diag driver, error = 111
09-10 09:48:20.891  6356  6371 I ATS     : vendor/qcom/sw5100-lw4/proprietary-audio/args/acdb/ats/transports/diag/linux/actp/src/actp.c:actp_diag_init:105 Error[1]: Failed to initialize DIAG
09-10 09:48:20.892  6356  6371 E ATS     : vendor/qcom/sw5100-lw4/proprietary-audio/args/acdb/ats/src/ats.c:ats_init:143 Error[1]: Failed to initialize Diag
09-10 09:48:20.892  6356  6371 E ATS     : vendor/qcom/sw5100-lw4/proprietary-audio/args/acdb/ats/src/ats.c:ats_init:263 Error[1]: Failed to initialize ATS
09-10 09:48:20.892  6356  6371 E AGM: API: ats_init_thread: 64 ats_init failed retry 14 err 1
09-10 09:48:20.977  6350  6350 D Zygote  : Forked child process 6497
09-10 09:48:20.977  6350  6350 I Zygote  : System server process 6497 has been created
09-10 09:48:20.980  6350  6350 I Zygote  : Accepting command socket connections
09-10 09:48:20.982  6497  6497 I libprocessgroup: Created cgroup /sys/fs/cgroup/system/uid_1000/pid_6497
09-10 09:48:21.213   402  6103 I keystore2: system/security/keystore2/watchdog/src/lib.rs:371 - Watchdog thread idle -> terminating. Have a great day.
09-10 09:48:21.266  6497  6497 D nativeloader: Configuring clns-shared-6 for other apk /system/framework/services.jar:/system/framework/wear-service.jar:/apex/com.android.adservices/javalib/service-adservices.jar:/apex/com.android.adservices/javalib/service-sdksandbox.jar:/apex/com.android.appsearch/javalib/service-appsearch.jar:/apex/com.android.art/javalib/service-art.jar:/apex/com.android.configinfrastructure/javalib/service-configinfrastructure.jar:/apex/com.android.crashrecovery/javalib/service-crashrecovery.jar:/apex/com.android.healthfitness/javalib/service-healthfitness.jar:/apex/com.android.media/javalib/service-media-s.jar:/apex/com.android.npumanager/javalib/service-npumanager.jar:/apex/com.android.ondevicepersonalization/javalib/service-ondevicepersonalization.jar:/apex/com.android.permission/javalib/service-permission.jar:/apex/com.android.profiling/javalib/service-anomaly-detector.jar:/apex/com.android.rkpd/javalib/service-rkp.jar:/apex/com.android.telephonycore/javalib/service-telecom.jar:/apex/com.android.virt/javalib/service-virtualizati
09-10 09:48:21.271  6497  6497 D nativeloader: InitApexLibraries:
09-10 09:48:21.271  6497  6497 D nativeloader:   com_android_adservices: libhpke_jni.so:libtflite_support_classifiers_native.so
09-10 09:48:21.271  6497  6497 D nativeloader:   com_android_appsearch: libappsearchservice.so:libicing_anywhere.so
09-10 09:48:21.271  6497  6497 D nativeloader:   com_android_art: libartservice.so
09-10 09:48:21.271  6497  6497 D nativeloader:   com_android_bt: libbluetooth_jni.so
09-10 09:48:21.271  6497  6497 D nativeloader:   com_android_conscrypt: libjavacrypto.so
09-10 09:48:21.271  6497  6497 D nativeloader:   com_android_extservices: libtflite_support_classifiers_native.so
09-10 09:48:21.271  6497  6497 D nativeloader:   com_android_mediaprovider: libpdfclient.so
09-10 09:48:21.271  6497  6497 D nativeloader:   com_android_nfcservices: libnfc_nci_jni.so
09-10 09:48:21.271  6497  6497 D nativeloader:   com_android_npumanager: libnpumanager_service_jni.so
09-10 09:48:21.271  6497  6497 D nativeloader:   com_android_ondevicepersonalization: libfcp_cpp_dep_jni.so:libfcp_hpke_jni.so
09-10 09:48:21.271  6497  6497 D nativeloader:   com_android_os_statsd: libstats_jni.so
09-10 09:48:21.271  6497  6497 D nativeloader:   com_android_tethering: libandroid_net_connectivity_com_android_net_module_util_jni.so:libandroid_net_connectivity_com_android_net_module_util_jni_CommonConnectivityJni.so:libcrypto_httpengine.so:libframework-connectivity-jni.so:libframework-connectivity-tiramisu-jni.so:libhttpengine.so:libservice-connectivity.so:libservice-thread-jni.so
09-10 09:48:21.271  6497  6497 D nativeloader:   com_android_uwb: libuwb_uci_jni_rust.so
09-10 09:48:21.271  6497  6497 D nativeloader:   com_android_virt: Mi
09-10 09:48:21.294  6497  6497 D nativeloader: Configuring clns-shared-7 for other apk /apex/com.android.bt/javalib/service-bluetooth.jar. target_sdk_version=37, uses_libraries=ALL, library_path=, permitted_path=/data:/mnt/expand
09-10 09:48:21.310  6497  6497 D nativeloader: Configuring clns-shared-8 for other apk /apex/com.android.devicelock/javalib/service-devicelock.jar. target_sdk_version=37, uses_libraries=ALL, library_path=, permitted_path=/data:/mnt/expand
09-10 09:48:21.320  6497  6497 D nativeloader: Configuring clns-shared-9 for other apk /apex/com.android.os.statsd/javalib/service-statsd.jar. target_sdk_version=37, uses_libraries=ALL, library_path=, permitted_path=/data:/mnt/expand
09-10 09:48:21.336  6497  6497 D nativeloader: Configuring clns-shared-10 for other apk /apex/com.android.profiling/javalib/service-profiling.jar. target_sdk_version=37, uses_libraries=ALL, library_path=, permitted_path=/data:/mnt/expand
09-10 09:48:21.350  6497  6497 D nativeloader: Configuring clns-shared-11 for other apk /apex/com.android.scheduling/javalib/service-scheduling.jar. target_sdk_version=37, uses_libraries=ALL, library_path=, permitted_path=/data:/mnt/expand
09-10 09:48:21.371  6335  6394 D BootAnimation: Playing files = /product/media/bootanimation-eos-384.zip/part2, Requested repeat = 0, playUntilComplete = false
09-10 09:48:21.373  6497  6497 D nativeloader: Configuring clns-shared-12 for other apk /apex/com.android.tethering/javalib/service-connectivity.jar. target_sdk_version=37, uses_libraries=ALL, library_path=, permitted_path=/data:/mnt/expand
09-10 09:48:21.386  6497  6497 D nativeloader: Configuring clns-shared-13 for other apk /apex/com.android.uprobestats/javalib/service-uprobestats-bridge.jar. target_sdk_version=37, uses_libraries=ALL, library_path=, permitted_path=/data:/mnt/expand
09-10 09:48:21.392  6356  6371 D Diag_Lib: diag: Diag_LSM_Init: invoked for pid: 6356 with init_count: 0
09-10 09:48:21.392  6356  6371 D Diag_Lib: diag:failed to connect to diag socket
09-10 09:48:21.392  6356  6371 D Diag_Lib:  Diag_LSM_Init: Failed to open handle to diag driver, error = 111
09-10 09:48:21.393  6356  6371 I ATS     : vendor/qcom/sw5100-lw4/proprietary-audio/args/acdb/ats/transports/diag/linux/actp/src/actp.c:actp_diag_init:105 Error[1]: Failed to initialize DIAG
09-10 09:48:21.393  6356  6371 E ATS     : vendor/qcom/sw5100-lw4/proprietary-audio/args/acdb/ats/src/ats.c:ats_init:143 Error[1]: Failed to initialize Diag
09-10 09:48:21.393  6356  6371 E ATS     : vendor/qcom/sw5100-lw4/proprietary-audio/args/acdb/ats/src/ats.c:ats_init:263 Error[1]: Failed to initialize ATS
09-10 09:48:21.393  6356  6371 E AGM: API: ats_init_thread: 64 ats_init failed retry 15 err 1
09-10 09:48:21.411  6497  6497 D nativeloader: Configuring clns-shared-14 for other apk /apex/com.android.uwb/javalib/service-uwb.jar. target_sdk_version=37, uses_libraries=ALL, library_path=, permitted_path=/data:/mnt/expand
09-10 09:48:21.442  6497  6497 D nativeloader: Configuring clns-shared-15 for other apk /apex/com.android.uwb/javalib/service-ranging.jar. target_sdk_version=37, uses_libraries=ALL, library_path=, permitted_path=/data:/mnt/expand
09-10 09:48:21.520  6497  6497 D nativeloader: Configuring clns-shared-16 for other apk /apex/com.android.wifi/javalib/service-wifi.jar. target_sdk_version=37, uses_libraries=ALL, library_path=, permitted_path=/data:/mnt/expand
09-10 09:48:21.564  1638  1642 I pixel-thermal: audio-therm:41.857 raw data: audio-therm:41857 
09-10 09:48:21.565  1419  1419 E BatteryDefender: Failed to read /sys/devices/platform/google,charger/bd_state
09-10 09:48:21.566  1638  1642 I pixel-thermal: sdm-skin-therm:42.699 raw data: sdm-skin-therm:42699 
09-10 09:48:21.576  6497  6497 I system_server: Using generational CollectorTypeCMC GC.
09-10 09:48:21.578  1419  1419 E BatteryDefender: Failed to read /sys/devices/platform/google,charger/bd_state
09-10 09:48:21.585  6497  6497 W system_server: Failed to upload odrefresh metrics: Unable to open or parse metrics file /data/misc/odrefresh/odrefresh-metrics.xml (error: Error=XML_ERROR_FILE_NOT_FOUND ErrorID=3 (0x3) Line number=0: filename=/data/misc/odrefresh/odrefresh-metrics.xml)
09-10 09:48:21.598  6497  6497 D nativeloader: Load libframework-connectivity-tiramisu-jni.so using APEX ns com_android_tethering for caller /apex/com.android.tethering/javalib/framework-connectivity-t.jar: ok
09-10 09:48:21.603  6351  6351 W libbinder.ServiceManagerCppClient: Waited one second for activity (is service started? Number of threads started in the threadpool: 16. Are binder threads started and available?)
09-10 09:48:21.606   329  6528 W libc    : Unable to set property "ctl.interface_start" to "aidl/activity": PROP_ERROR_HANDLE_CONTROL_MESSAGE (0x20)
09-10 09:48:21.607  6497  6497 D SystemServerTiming: InitBeforeStartServices
09-10 09:48:21.611  6497  6497 I SystemServer: Entered the Android system server!
09-10 09:48:21.619  6497  6497 I SystemServerInitThreadPool: Creating instance with 4 threads
09-10 09:48:21.619  6497  6497 I SystemServer: Reading configuration...
09-10 09:48:21.619  6497  6497 D SystemServerTiming: ReadingSystemConfig
09-10 09:48:21.621  6497  6530 D SystemServerTimingAsync: InitThreadPoolExec:ReadingSystemConfig
09-10 09:48:21.627  6497  6530 I SystemConfig: Reading permissions from /system/etc/sysconfig/preinstalled-packages-asl-files.xml
09-10 09:48:21.629  6497  6530 I SystemConfig: Reading permissions from /system/etc/sysconfig/com.google.android.mainline.patchlevel.2.xml
09-10 09:48:21.631  6497  6530 I SystemConfig: Reading permissions from /system/etc/sysconfig/package-shareduid-allowlist.xml
09-10 09:48:21.633  6497  6530 I SystemConfig: Reading permissions from /system/etc/sysconfig/enhanced-confirmation.xml
09-10 09:48:21.635  6497  6530 I SystemConfig: Reading permissions from /system/etc/sysconfig/wear_services_sysconfig.xml
09-10 09:48:21.637  6497  6530 I SystemConfig: Reading permissions from /system/etc/sysconfig/clockwork-hiddenapi-package-whitelist.xml
09-10 09:48:21.639  6497  6530 I SystemConfig: Reading permissions from /system/etc/sysconfig/clockwork.xml
09-10 09:48:21.643  6497  6530 I SystemConfig: Reading permissions from /system/etc/sysconfig/initial-package-stopped-states.xml
09-10 09:48:21.644  6497  6530 I SystemConfig: Reading permissions from /system/etc/sysconfig/framework-sysconfig.xml
09-10 09:48:21.646  6497  6530 I SystemConfig: Reading permissions from /system/etc/sysconfig/app-lock-exempt.xml
09-10 09:48:21.648  6497  6530 I SystemConfig: Reading permissions from /system/etc/sysconfig/preinstalled-packages-strict-signature.xml
09-10 09:48:21.651  6497  6530 I SystemConfig: Reading permissions from /system/etc/sysconfig/dwf-runtime-sysconfig.xml
09-10 09:48:21.653  6497  6530 I SystemConfig: Reading permissions from /system/etc/sysconfig/hiddenapi-package-whitelist.xml
09-10 09:48:21.655  6497  6530 I SystemConfig: Reading permissions from /system/etc/sysconfig/sysconfig-safety-hub-clockwork.xml
09-10 09:48:21.657  6497  6530 I SystemConfig: Reading permissions from /system/etc/sysconfig/preinstalled-packages-platform.xml
09-10 09:48:21.661  6497  6530 I SystemConfig: Reading permissions from /system/etc/sysconfig/preinstalled-packages-clockwork-google-system.xml
09-10 09:48:21.663  6497  6530 I SystemConfig: Reading permissions from /system/etc/sysconfig/qti_whitelist.xml
09-10 09:48:21.666  6497  6530 I SystemConfig: Reading permissions from /system/etc/sysconfig/preinstalled-packages-platform-telephony-system.xml
09-10 09:48:21.668  6497  6530 I SystemConfig: Reading permissions from /system/etc/sysconfig/preinstalled-packages-clockwork-base-system.xml
09-10 09:48:21.671  6497  6530 I SystemConfig: Reading permissions from /system/etc/permissions/privapp-permissions_dwf_receiver.xml
09-10 09:48:21.674  6497  6530 I SystemConfig: Reading permissions from /system/etc/permissions/uimremoteclient.xml
09-10 09:48:21.677  6497  6530 I SystemConfig: Reading permissions from /system/etc/permissions/media_sessions_feature.xml
09-10 09:48:21.678  6497  6530 I SystemConfig: Reading permissions from /system/etc/permissions/privapp-permissions-platform.xml
09-10 09:48:21.696  6497  6530 I SystemConfig: Reading permissions from /system/etc/permissions/com.android.intentresolver.xml
09-10 09:48:21.698  6497  6530 I SystemConfig: Reading permissions from /system/etc/permissions/privapp-permissions-google.xml
09-10 09:48:21.701  6497  6530 I SystemConfig: Reading permissions from /system/etc/permissions/privapp-permissions-clockwork.xml
09-10 09:48:21.715  6497  6530 I SystemConfig: Reading permissions from /system/etc/permissions/privapp-permissions-pixel-watch-assistant.xml
09-10 09:48:21.717  6497  6530 I SystemConfig: Reading permissions from /system/etc/permissions/edoras_assistant_feature.xml
09-10 09:48:21.719  6497  6530 I SystemConfig: Reading permissions from /system/etc/permissions/com.android.location.provider.xml
09-10 09:48:21.724  6497  6530 I SystemConfig: Reading permissions from /system/etc/permissions/wcs_feature.xml
09-10 09:48:21.727  6497  6530 I SystemConfig: Reading permissions from /system/etc/permissions/privapp-permissions-qti.xml
09-10 09:48:21.736  6497  6530 I SystemConfig: Reading permissions from /system/etc/permissions/com.google.android.networkstack.xml
09-10 09:48:21.738  6497  6530 I SystemConfig: Reading permissions from /system/etc/permissions/protolayout_renderer_feature.xml
09-10 09:48:21.740  6497  6530 I SystemConfig: Reading permissions from /system/etc/permissions/split-permissions-google-clockwork.xml
09-10 09:48:21.743  6497  6530 I SystemConfig: Reading permissions from /system/etc/permissions/android.test.mock.xml
09-10 09:48:21.745  6497  6530 I SystemConfig: Reading permissions from /system/etc/permissions/privapp-permissions_tapandpay.xml
09-10 09:48:21.747  6497  6530 I SystemConfig: Reading permissions from /system/etc/permissions/active_unlock_feature.xml
09-10 09:48:21.748  6497  6530 I SystemConfig: Reading permissions from /system/etc/permissions/com.google.android.wearable.xml
09-10 09:48:21.750  6497  6530 I SystemConfig: Reading permissions from /system/etc/permissions/factory_reset_protection.xml
09-10 09:48:21.751  6497  6530 I SystemConfig: Reading permissions from /system/etc/permissions/org.apache.http.legacy.xml
09-10 09:48:21.753  6497  6530 I SystemConfig: Reading permissions from /system/etc/permissions/android.software.window_magnification.xml
09-10 09:48:21.755  6497  6530 I SystemConfig: Reading permissions from /system/etc/permissions/android.test.base.xml
09-10 09:48:21.757  6497  6530 I SystemConfig: Reading permissions from /system/etc/permissions/watch_features.xml
09-10 09:48:21.759  6497  6530 I SystemConfig: Reading permissions from /system/etc/permissions/clockwork-system.xml
09-10 09:48:21.762  6497  6530 I SystemConfig: Reading permissions from /system/etc/permissions/ExtServices-tplus.xml
09-10 09:48:21.764  6497  6530 I SystemConfig: Reading permissions from /system/etc/permissions/privapp-permissions-watch.xml
09-10 09:48:21.765  6497  6530 I SystemConfig: Reading permissions from /system/etc/permissions/com.qualcomm.qti.FASTRPCPRIVILEGE_vendor.xml
09-10 09:48:21.770  6497  6530 I SystemConfig: Reading permissions from /system/etc/permissions/wear-sdk.xml
09-10 09:48:21.773  6497  6530 I SystemConfig: Reading permissions from /system/etc/permissions/privapp-permissions_deskclock.xml
09-10 09:48:21.775  6497  6530 I SystemConfig: Reading permissions from /system/etc/permissions/android.test.runner.xml
09-10 09:48:21.777  6497  6530 I SystemConfig: Reading permissions from /system/etc/permissions/uimremoteserver.xml
09-10 09:48:21.779  6497  6530 I SystemConfig: Reading permissions from /system/etc/permissions/wear_services_priv_permissions.xml
09-10 09:48:21.781  6497  6530 I SystemConfig: Reading permissions from /system/etc/permissions/dialer_feature.xml
09-10 09:48:21.783  6497  6530 I SystemConfig: Reading permissions from /system/etc/permissions/clockwork-ambient.xml
09-10 09:48:21.785  6497  6530 I SystemConfig: Reading permissions from /system/etc/permissions/feature_DeclarativeWatchFaceRuntimePrebuilt.xml
09-10 09:48:21.786  6497  6530 I SystemConfig: Reading permissions from /system/etc/permissions/privapp-permissions-clockwork-media-sessions.xml
09-10 09:48:21.789  6497  6530 I SystemConfig: Reading permissions from /system/etc/permissions/clockwork-healthservices.xml
09-10 09:48:21.791  6497  6530 I SystemConfig: Reading permissions from /system/etc/permissions/javax.obex.xml
09-10 09:48:21.794   397   419 W libbinder.ServiceManagerCppClient: Waited one second for android.frameworks.stats.IStats/default (is service started? Number of threads started in the threadpool: 16. Are binder threads started and available?)
09-10 09:48:21.794  6497  6530 I SystemConfig: Reading permissions from /system/etc/permissions/platform.xml
09-10 09:48:21.797  6497  6530 I AconfigFlags: Using new flag storage
09-10 09:48:21.799   329  6531 W libc    : Unable to set property "ctl.interface_start" to "aidl/android.frameworks.stats.IStats/default": PROP_ERROR_HANDLE_CONTROL_MESSAGE (0x20)
09-10 09:48:21.807  6497  6530 I SystemConfig: Reading permissions from /vendor/etc/sysconfig/cacert-oem-defined-uids.xml
09-10 09:48:21.810  6497  6530 I SystemConfig: Reading permissions from /vendor/etc/permissions/android.software.opengles.deqp.level.xml
09-10 09:48:21.812  6497  6530 I SystemConfig: Reading permissions from /vendor/etc/permissions/android.hardware.vulkan.compute-0.xml
09-10 09:48:21.814  6497  6530 I SystemConfig: Reading permissions from /vendor/etc/permissions/android.hardware.sensor.barometer.xml
09-10 09:48:21.816  6497  6530 I SystemConfig: Reading permissions from /vendor/etc/permissions/com.google.android.hardwareinfo.xml
09-10 09:48:21.818  6497  6530 I SystemConfig: Reading permissions from /vendor/etc/permissions/android.software.device_id_attestation.xml
09-10 09:48:21.820  6497  6530 I SystemConfig: Reading permissions from /vendor/etc/permissions/android.hardware.bluetooth.xml
09-10 09:48:21.824  6497  6530 I SystemConfig: Reading permissions from /vendor/etc/permissions/android.hardware.se.omapi.ese.xml
09-10 09:48:21.826  6497  6530 I SystemConfig: Reading permissions from /vendor/etc/permissions/wearable_core_hardware.xml
09-10 09:48:21.829  6497  6530 I SystemConfig: Reading permissions from /vendor/etc/permissions/android.software.sip.voip.xml
09-10 09:48:21.831  6497  6530 I SystemConfig: Reading permissions from /vendor/etc/permissions/android.hardware.location.gps.xml
09-10 09:48:21.833  6497  6530 I SystemConfig: Reading permissions from /vendor/etc/permissions/android.hardware.nfc.hcef.prebuilt.xml
09-10 09:48:21.834  6497  6530 I SystemConfig: Reading permissions from /vendor/etc/permissions/com.android.se.xml
09-10 09:48:21.836  6497  6530 I SystemConfig: Reading permissions from /vendor/etc/permissions/android.hardware.sensor.heartrate.xml
09-10 09:48:21.841  6497  6530 I SystemConfig: Reading permissions from /vendor/etc/permissions/android.software.device_admin.prebuilt.xml
09-10 09:48:21.842  6497  6530 I SystemConfig: Reading permissions from /vendor/etc/permissions/android.software.vulkan.deqp.level.xml
09-10 09:48:21.845  6497  6530 I SystemConfig: Reading permissions from /vendor/etc/permissions/android.hardware.nfc.hce.prebuilt.xml
09-10 09:48:21.846  6497  6530 I SystemConfig: Reading permissions from /vendor/etc/permissions/kids_wear_experience_feature.xml
09-10 09:48:21.848  6497  6530 I SystemConfig: Reading permissions from /vendor/etc/permissions/android.hardware.sensor.stepcounter.xml
09-10 09:48:21.851  6497  6530 I SystemConfig: Reading permissions from /vendor/etc/permissions/android.hardware.nfc.ese.prebuilt.xml
09-10 09:48:21.853  6497  6530 I SystemConfig: Reading permissions from /vendor/etc/permissions/android.hardware.se.omapi.uicc.prebuilt.xml
09-10 09:48:21.855  6497  6530 I SystemConfig: Reading permissions from /vendor/etc/permissions/android.hardware.vulkan.version-1_1.xml
09-10 09:48:21.857  6497  6530 I SystemConfig: Reading permissions from /vendor/etc/permissions/android.hardware.bluetooth_le.xml
09-10 09:48:21.859  6497  6530 I SystemConfig: Reading permissions from /vendor/etc/permissions/android.hardware.hardware_keystore.xml
09-10 09:48:21.860  6497  6530 I SystemConfig: Reading permissions from /vendor/etc/permissions/android.hardware.wifi.passpoint.xml
09-10 09:48:21.863  6497  6530 I SystemConfig: Reading permissions from /vendor/etc/permissions/android.hardware.touchscreen.multitouch.distinct.xml
09-10 09:48:21.865  6497  6530 I SystemConfig: Reading permissions from /vendor/etc/permissions/android.hardware.usb.accessory.xml
09-10 09:48:21.866  6497  6530 I SystemConfig: Reading permissions from /vendor/etc/permissions/android.software.backup.prebuilt.xml
09-10 09:48:21.868  6497  6530 I SystemConfig: Reading permissions from /vendor/etc/permissions/android.hardware.wifi.xml
09-10 09:48:21.870  6497  6530 I SystemConfig: Reading permissions from /vendor/etc/permissions/android.software.ipsec_tunnels.xml
09-10 09:48:21.872  6497  6530 I SystemConfig: Reading permissions from /vendor/etc/permissions/android.hardware.telephony.gsm.prebuilt.xml
09-10 09:48:21.874  6497  6530 I SystemConfig: Reading permissions from /vendor/etc/permissions/android.hardware.location.prebuilt.xml
09-10 09:48:21.876  6497  6530 I SystemConfig: Reading permissions from /vendor/etc/permissions/android.hardware.audio.output.prebuilt.xml
09-10 09:48:21.879  6497  6530 I SystemConfig: Reading permissions from /vendor/etc/permissions/com.google.clockwork.hardware.sensor.llob.xml
09-10 09:48:21.880  6497  6530 I SystemConfig: Reading permissions from /vendor/etc/permissions/android.hardware.screen.portrait.xml
09-10 09:48:21.882  6497  6530 I SystemConfig: Reading permissions from /vendor/etc/permissions/android.hardware.keystore.app_attest_key.xml
09-10 09:48:21.884  6497  6530 I SystemConfig: Reading permissions from /vendor/etc/permissions/android.hardware.sensor.light.xml
09-10 09:48:21.886  6497  6530 I SystemConfig: Reading permissions from /vendor/etc/permissions/android.hardware.audio.output.xml
09-10 09:48:21.888  6497  6530 I SystemConfig: Reading permissions from /vendor/etc/permissions/android.hardware.vulkan.level-0.xml
09-10 09:48:21.890  6497  6530 I SystemConfig: Reading permissions from /vendor/etc/permissions/android.hardware.context_hub.xml
09-10 09:48:21.892  6497  6530 I SystemConfig: Reading permissions from /vendor/etc/permissions/android.software.verified_boot.xml
09-10 09:48:21.893  6356  6371 D Diag_Lib: diag: Diag_LSM_Init: invoked for pid: 6356 with init_count: 0
09-10 09:48:21.893  6356  6371 D Diag_Lib: diag:failed to connect to diag socket
09-10 09:48:21.894  6356  6371 D Diag_Lib:  Diag_LSM_Init: Failed to open handle to diag driver, error = 111
09-10 09:48:21.894  6497  6530 I SystemConfig: Reading permissions from /vendor/etc/permissions/android.hardware.sensor.heartrate.ecg.xml
09-10 09:48:21.894  6356  6371 I ATS     : vendor/qcom/sw5100-lw4/proprietary-audio/args/acdb/ats/transports/diag/linux/actp/src/actp.c:actp_diag_init:105 Error[1]: Failed to initialize DIAG
09-10 09:48:21.894  6356  6371 E ATS     : vendor/qcom/sw5100-lw4/proprietary-audio/args/acdb/ats/src/ats.c:ats_init:143 Error[1]: Failed to initialize Diag
09-10 09:48:21.894  6356  6371 E ATS     : vendor/qcom/sw5100-lw4/proprietary-audio/args/acdb/ats/src/ats.c:ats_init:263 Error[1]: Failed to initialize ATS
09-10 09:48:21.894  6356  6371 E AGM: API: ats_init_thread: 64 ats_init failed retry 16 err 1
09-10 09:48:21.896  6497  6530 I SystemConfig: Reading permissions from /vendor/etc/permissions/android.hardware.telephony.euicc.prebuilt.xml
09-10 09:48:21.898  6497  6530 I SystemConfig: Reading permissions from /vendor/etc/permissions/android.hardware.vulkan.version-1_3.xml
09-10 09:48:21.900  6497  6530 I SystemConfig: Reading permissions from /vendor/etc/permissions/android.hardware.strongbox_keystore.nxp.xml
09-10 09:48:21.902  6497  6530 I SystemConfig: Reading permissions from /vendor/etc/permissions/android.hardware.sensor.compass.xml
09-10 09:48:21.904  6497  6530 I SystemConfig: Reading permissions from /vendor/etc/permissions/android.hardware.sensor.stepdetector.xml
09-10 09:48:21.906  6497  6530 I SystemConfig: Reading permissions from /vendor/etc/permissions/android.hardware.telephony.ims.prebuilt.xml
09-10 09:48:21.908  6497  6530 I SystemConfig: Reading permissions from /vendor/etc/permissions/android.hardware.se.omapi.ese.prebuilt.xml
09-10 09:48:21.914  6497  6530 I SystemConfig: Reading permissions from /odm/etc/permissions/sku_sdw5100/unavailable-feature.xml
09-10 09:48:21.917  6497  6530 I SystemConfig: Reading permissions from /product/etc/sysconfig/eos_feature.xml
09-10 09:48:21.919  6497  6530 I SystemConfig: Reading permissions from /product/etc/sysconfig/preinstalled-packages-clockwork-google-product.xml
09-10 09:48:21.921  6497  6530 I SystemConfig: Reading permissions from /product/etc/sysconfig/component-overrides-clockwork.xml
09-10 09:48:21.923  6497  6530 I SystemConfig: Reading permissions from /product/etc/sysconfig/preinstalled-packages-com.google.android.apps.carrier.log.xml
09-10 09:48:21.925  6497  6530 I SystemConfig: Reading permissions from /product/etc/sysconfig/pixel_watch_experience_2023.xml
09-10 09:48:21.927  6497  6530 I SystemConfig: Reading permissions from /product/etc/sysconfig/pdms-apex-allowlist-sysconfig.xml
09-10 09:48:21.930  6497  6530 I SystemConfig: Reading permissions from /product/etc/sysconfig/pdms-sysconfig.xml
09-10 09:48:21.931  6497  6530 I SystemConfig: Adding association: com.google.android.wearable.pixel.pdms <- com.android.phone
09-10 09:48:21.932  6497  6530 I SystemConfig: Adding association: com.google.android.wearable.pixel.pdms <- com.fitbit.FitbitMobile
09-10 09:48:21.932  6497  6530 I SystemConfig: Adding association: com.google.android.wearable.pixel.pdms <- com.google.android.apps.safetyhub
09-10 09:48:21.932  6497  6530 I SystemConfig: Adding association: com.google.android.wearable.pixel.pdms <- com.google.android.apps.wearable.systemui
09-10 09:48:21.932  6497  6530 I SystemConfig: Adding association: com.google.android.wearable.pixel.pdms <- com.google.android.crossdeviceaccessservice
09-10 09:48:21.932  6497  6530 I SystemConfig: Adding association: com.google.android.wearable.pixel.pdms <- com.google.android.gms
09-10 09:48:21.932  6497  6530 I SystemConfig: Adding association: com.google.android.wearable.pixel.pdms <- com.google.android.pixelsystemservice
09-10 09:48:21.932  6497  6530 I SystemConfig: Adding association: com.google.android.wearable.pixel.pdms <- com.google.android.wearable.diagnosticstool
09-10 09:48:21.932  6497  6530 I SystemConfig: Adding association: com.google.android.wearable.pixel.pdms <- com.google.android.wearable.sysui
09-10 09:48:21.932  6497  6530 I SystemConfig: Adding association: com.google.android.wearable.pixel.pdms <- com.google.hardware.techeng.sensors.datacollection.weardcfreeliving
09-10 09:48:21.933  6497  6530 I SystemConfig: Reading permissions from /product/etc/sysconfig/preinstalled-packages-pixel-watch-pixelnfc.xml
09-10 09:48:21.935  6497  6530 I SystemConfig: Reading permissions from /product/etc/sysconfig/eos.xml
09-10 09:48:21.937  6497  6530 I SystemConfig: Reading permissions from /product/etc/sysconfig/component-overrides-mainline.xml
09-10 09:48:21.939  6497  6530 I SystemConfig: Reading permissions from /product/etc/sysconfig/sysui_google_feature.xml
09-10 09:48:21.941  6497  6530 I SystemConfig: Reading permissions from /product/etc/sysconfig/watchfaces.xml
09-10 09:48:21.943  6497  6530 I SystemConfig: Reading permissions from /product/etc/sysconfig/allowed_apex_com.google.android.gmssystem.xml
09-10 09:48:21.946  6497  6530 I SystemConfig: Reading permissions from /product/etc/sysconfig/adaptivecharging.xml
09-10 09:48:21.947  6497  6530 I SystemConfig: Reading permissions from /product/etc/sysconfig/felica_feature.xml
09-10 09:48:21.949  6497  6530 I SystemConfig: Reading permissions from /product/etc/sysconfig/ramdump_service_feature.xml
09-10 09:48:21.951  6497  6530 I SystemConfig: Reading permissions from /product/etc/sysconfig/pixel_watch_experience_2022.xml
09-10 09:48:21.952  6497  6530 I SystemConfig: Reading permissions from /product/etc/sysconfig/allowlist_com.android.omadm.service.xml
09-10 09:48:21.954  6497  6530 I SystemConfig: Reading permissions from /product/etc/sysconfig/wear-initial-package-stopped-states.xml
09-10 09:48:21.957  6497  6530 I SystemConfig: Reading permissions from /product/etc/sysconfig/preinstalled-packages-base-product.xml
09-10 09:48:21.958  6497  6530 I SystemConfig: Reading permissions from /product/etc/sysconfig/preinstalled-packages-pixel-watch-telephony.xml
09-10 09:48:21.962  6497  6530 I SystemConfig: Reading permissions from /product/etc/permissions/google_contacts_feature.xml
09-10 09:48:21.964  6497  6530 I SystemConfig: Reading permissions from /product/etc/permissions/vendor.qti.hardware.data.connectionaidl-V1-java.xml
09-10 09:48:21.966  6497  6530 I SystemConfig: Ignore shared library vendor.qti.hardware.data.connectionaidl-V1-java: /system/product/framework/vendor.qti.hardware.data.connectionaidl-V1-java.jar does not exist
09-10 09:48:21.967  6497  6530 I SystemConfig: Reading permissions from /product/etc/permissions/com.android.sdm.plugins.dcmo.xml
09-10 09:48:21.969  6497  6530 I SystemConfig: Reading permissions from /product/etc/permissions/privapp-permissions-google-spoon.xml
09-10 09:48:21.971  6497  6530 I SystemConfig: Reading permissions from /product/etc/permissions/qti_telephony_hidl_wrapper_prd.xml
09-10 09:48:21.973  6497  6530 I SystemConfig: Reading permissions from /product/etc/permissions/privapp-permissions_com.google.android.apps.messaging_wear.xml
09-10 09:48:21.976  6497  6530 I SystemConfig: Reading permissions from /product/etc/permissions/privapp-permissions-pdms.xml
09-10 09:48:21.978  6497  6530 I SystemConfig: Reading permissions from /product/etc/permissions/vendor.qti.hardware.data.connection-V1.1-java.xml
09-10 09:48:21.979  6497  6530 I SystemConfig: Ignore shared library vendor.qti.hardware.data.connection-V1.1-java: /system/product/framework/vendor.qti.hardware.data.connection-V1.1-java.jar does not exist
09-10 09:48:21.981  6497  6530 I SystemConfig: Reading permissions from /product/etc/permissions/telephony_product_privapp-permissions-qti.xml
09-10 09:48:21.983  6497  6530 I SystemConfig: Reading permissions from /product/etc/permissions/privapp-permissions_com.google.android.apps.scone_wear.xml
09-10 09:48:21.985  6497  6530 I SystemConfig: Reading permissions from /product/etc/permissions/qti_telephony_utils_prd.xml
09-10 09:48:21.991  6497  6530 I SystemConfig: Reading permissions from /product/etc/permissions/lpa.xml
09-10 09:48:21.995  6497  6530 I SystemConfig: Reading permissions from /product/etc/permissions/2023fitbit_wear_retail_app_feature.xml
09-10 09:48:21.997  6497  6530 I SystemConfig: Reading permissions from /product/etc/permissions/com.android.sdm.plugins.connmo.xml
09-10 09:48:21.999  6497  6530 I SystemConfig: Reading permissions from /product/etc/permissions/extphonelib_product.xml
09-10 09:48:22.002  6497  6530 I SystemConfig: Reading permissions from /product/etc/permissions/com.android.omadm.service.xml
09-10 09:48:22.004  6497  6530 I SystemConfig: Reading permissions from /product/etc/permissions/privapp-permissions-aspen.xml
09-10 09:48:22.006  6497  6530 I SystemConfig: Reading permissions from /product/etc/permissions/vendor.qti.hardware.data.connection-V1.0-java.xml
09-10 09:48:22.008  6497  6530 I SystemConfig: Ignore shared library vendor.qti.hardware.data.connection-V1.0-java: /system/product/framework/vendor.qti.hardware.data.connection-V1.0-java.jar does not exist
09-10 09:48:22.009  6497  6530 I SystemConfig: Reading permissions from /product/etc/permissions/com.qti.snapdragon.sdk.display.xml
09-10 09:48:22.010  6497  6530 I SystemConfig: Reading permissions from /product/etc/permissions/privapp-permissions-clockwork_product.xml
09-10 09:48:22.015  6497  6530 I SystemConfig: Reading permissions from /product/etc/permissions/com.google.SSRestartDetector.xml
09-10 09:48:22.017  6497  6530 I SystemConfig: Reading permissions from /product/etc/permissions/fitbit_ecg_feature.xml
09-10 09:48:22.018  6497  6530 I SystemConfig: Reading permissions from /product/etc/permissions/fitbit_app_feature.xml
09-10 09:48:22.020  6497  6530 I SystemConfig: Reading permissions from /product/etc/permissions/privapp-permissions_lw.xml
09-10 09:48:22.022  6497  6530 I SystemConfig: Reading permissions from /product/etc/permissions/com.android.sdm.plugins.diagmon.xml
09-10 09:48:22.025  1235  1235 I adbd    : adbd service requested 'shell,v2,TERM=xterm-256color:export ANDROID_LOG_TAGS=''; exec logcat '-d''
09-10 09:48:22.026  6497  6530 I SystemConfig: Reading permissions from /product/etc/permissions/ims_ext_common.xml
09-10 09:48:22.027  6497  6530 I SystemConfig: Reading permissions from /product/etc/permissions/com.google.omadm.trigger.xml
09-10 09:48:22.030  6497  6530 I SystemConfig: Reading permissions from /product/etc/permissions/split-permissions-google.xml
09-10 09:48:22.032  6497  6530 I SystemConfig: Reading permissions from /product/etc/permissions/privapp-permissions_WeatherPixelWatch.xml
09-10 09:48:22.034  6497  6530 I SystemConfig: Reading permissions from /product/etc/permissions/privapp-permissions-google-p.xml
09-10 09:48:22.064  6497  6497 D nativeloader: Load /system/lib/libandroid_servers.so using ns default for caller /system/framework/services.jar in same partition (is_bridged=0): ok
09-10 09:48:22.066  6497  6530 I SystemConfig: Reading permissions from /product/etc/permissions/privapp-permissions_fitbit_ecg.xml
09-10 09:48:22.068  6497  6530 I SystemConfig: Reading permissions from /product/etc/permissions/privapp-permissions-photos.xml
09-10 09:48:22.070  6497  6530 I SystemConfig: Reading permissions from /product/etc/permissions/privapp-permissions-google-pearl.xml
09-10 09:48:22.072  6497  6530 I SystemConfig: Reading permissions from /product/etc/permissions/com.google.android.wearable.diagnosticstool.xml
09-10 09:48:22.075  6497  6530 I SystemConfig: Reading permissions from /product/etc/permissions/default-permissions_lw.xml
09-10 09:48:22.077  6497  6530 W SystemConfig: Got exception parsing permissions.
09-10 09:48:22.077  6497  6530 W SystemConfig: org.xmlpull.v1.XmlPullParserException: Unexpected start tag in /product/etc/permissions/default-permissions_lw.xml: found exceptions, expected 'permissions' or 'config'
09-10 09:48:22.077  6497  6530 W SystemConfig: 	at com.android.server.SystemConfig.readPermissionsFromXml(go/retraceme 56cb9c0977ae9f67603f451f002522c463042b44293aaef01295dafee5e0332e:117)
09-10 09:48:22.077  6497  6530 W SystemConfig: 	at com.android.server.SystemConfig.readPermissions(go/retraceme 56cb9c0977ae9f67603f451f002522c463042b44293aaef01295dafee5e0332e:148)
09-10 09:48:22.077  6497  6530 W SystemConfig: 	at com.android.server.SystemConfig.readAllPermissions(go/retraceme 56cb9c0977ae9f67603f451f002522c463042b44293aaef01295dafee5e0332e:281)
09-10 09:48:22.077  6497  6530 W SystemConfig: 	at com.android.server.SystemConfig.<init>(go/retraceme 56cb9c0977ae9f67603f451f002522c463042b44293aaef01295dafee5e0332e:331)
09-10 09:48:22.077  6497  6530 W SystemConfig: 	at com.android.server.SystemConfig.getInstance(go/retraceme 56cb9c0977ae9f67603f451f002522c463042b44293aaef01295dafee5e0332e:25)
09-10 09:48:22.077  6497  6530 W SystemConfig: 	at com.android.server.SystemServer$$ExternalSyntheticLambda4.call(go/retraceme 56cb9c0977ae9f67603f451f002522c463042b44293aaef01295dafee5e0332e:0)
09-10 09:48:22.077  6497  6530 W SystemConfig: 	at com.android.server.SystemServerInitThreadPool$$ExternalSyntheticLambda1.call(go/retraceme 56cb9c0977ae9f67603f451f002522c463042b44293aaef01295dafee5e0332e:34)
09-10 09:48:22.077  6497  6530 W SystemConfig: 	at java.util.concurrent.FutureTask.run(FutureTask.java:328)
09-10 09:48:22.077  6497  6530 W SystemConfig: 	at java.util.concurrent.ThreadPoolExecutor.runWorker(ThreadPoolExecutor.java:1100)
09-10 09:48:22.077  6497  6530 W SystemConfig: 	at java.util.concurrent.ThreadPoolExecutor$Worker.run(ThreadPoolExecutor.java:624)
09-10 09:48:22.077  6497  6530 W SystemConfig: 	at com.android.internal.util.ConcurrentUtils$1$1.run(ConcurrentUtils.java:65)
09-10 09:48:22.077  6497  6530 I SystemConfig: Reading permissions from /product/etc/permissions/privapp-permissions_WatchFaces.xml
09-10 09:48:22.080  6497  6530 I SystemConfig: Reading permissions from /product/etc/permissions/privapp-permissions_fitbit_app.xml
09-10 09:48:22.084  6497  6530 I SystemConfig: Reading permissions from /system_ext/etc/sysconfig/preinstalled-packages-dcservice.xml
09-10 09:48:22.085  6497  6530 I SystemConfig: Reading permissions from /system_ext/etc/sysconfig/preinstalled-packages-device-vendor.xml
09-10 09:48:22.087  6497  6530 I SystemConfig: Reading permissions from /system_ext/etc/sysconfig/android.telephony.satellite.xml
09-10 09:48:22.090  6497  6530 I SystemConfig: Reading permissions from /system_ext/etc/sysconfig/pss-watch-sysconfig.xml
09-10 09:48:22.092  6497  6530 I SystemConfig: Reading permissions from /system_ext/etc/sysconfig/preinstalled-packages-device-vendor-eos.xml
09-10 09:48:22.094  6497  6530 I SystemConfig: Reading permissions from /system_ext/etc/sysconfig/preinstalled-packages-pixel-watch-experience-2022-and-newer.xml
09-10 09:48:22.096  6497  6497 D SystemServerTiming: StartServices
09-10 09:48:22.096  6497  6530 I SystemConfig: Reading permissions from /system_ext/etc/sysconfig/sysconfig-pixel-watch-sysui.xml
09-10 09:48:22.096  6497  6497 D SystemServerTiming: startBootstrapServices
09-10 09:48:22.096  6497  6497 D SystemServerTiming: ArtModuleServiceInitializer
09-10 09:48:22.097  6497  6497 D SystemServerTiming: StartWatchdog
09-10 09:48:22.098  6497  6530 I SystemConfig: Reading permissions from /system_ext/etc/sysconfig/qti_telephony_system_packages_config.xml
09-10 09:48:22.102  6497  6530 I SystemConfig: Reading permissions from /system_ext/etc/permissions/datachannellib.xml
09-10 09:48:22.107  6497  6530 I SystemConfig: Reading permissions from /system_ext/etc/permissions/privapp-permissions-pixel-watch-settings-provider.xml
09-10 09:48:22.111  6497  6530 I SystemConfig: Reading permissions from /system_ext/etc/permissions/qti_telephony_utils.xml
09-10 09:48:22.113  6497  6530 I SystemConfig: Reading permissions from /system_ext/etc/permissions/qcrilhook.xml
09-10 09:48:22.115  6497  6530 I SystemConfig: Reading permissions from /system_ext/etc/permissions/com.qualcomm.qti.imscmservice-V2.0-java.xml
09-10 09:48:22.116  6497  6497 D SystemServerTiming: StartProtoLogConfigurationService
09-10 09:48:22.117  6497  6530 I SystemConfig: Reading permissions from /system_ext/etc/permissions/privapp-permissions-google-se.xml
09-10 09:48:22.120  6497  6497 D SystemServerTiming: InitializeProtoLog
09-10 09:48:22.122  6497  6497 D SystemServerTiming: PlatformCompat
09-10 09:48:22.125  6497  6497 D ApexManagerTiming: getActiveApexInfos_noCache
09-10 09:48:22.129  6497  6530 I SystemConfig: Reading permissions from /system_ext/etc/permissions/com.google.euiccpixel.wear.xml
09-10 09:48:22.133  6497  6530 I SystemConfig: Reading permissions from /system_ext/etc/permissions/com.google.android.apps.wearable.systemui.xml
09-10 09:48:22.142  6497  6530 I SystemConfig: Reading permissions from /system_ext/etc/permissions/privapp-permissions-pixel-watch-settings.xml
09-10 09:48:22.147  6497  6530 I SystemConfig: Reading permissions from /system_ext/etc/permissions/android.hardware.telephony.ims.xml
09-10 09:48:22.150  6497  6530 I SystemConfig: Reading permissions from /system_ext/etc/permissions/com.android.hotwordenrollment.common.util.xml
09-10 09:48:22.153  6497  6530 I SystemConfig: Reading permissions from /system_ext/etc/permissions/com.qualcomm.qti.imscmservice-V2.1-java.xml
09-10 09:48:22.159  6497  6530 I SystemConfig: Reading permissions from /system_ext/etc/permissions/qti_libpermissions.xml
09-10 09:48:22.162  6497  6530 I SystemConfig: Reading permissions from /system_ext/etc/permissions/android.hardware.telephony.cdma.xml
09-10 09:48:22.167  6497  6530 I SystemConfig: Reading permissions from /system_ext/etc/permissions/com.android.carrierconfig.xml
09-10 09:48:22.169  6497  6530 I SystemConfig: Reading permissions from /system_ext/etc/permissions/com.android.omadm.radioconfig.xml
09-10 09:48:22.171  6497  6530 I SystemConfig: Reading permissions from /system_ext/etc/permissions/qti_telephony_hidl_wrapper.xml
09-10 09:48:22.177  6497  6530 I SystemConfig: Reading permissions from /system_ext/etc/permissions/telephony_system-ext_privapp-permissions-qti.xml
09-10 09:48:22.183  6497  6530 I SystemConfig: Reading permissions from /system_ext/etc/permissions/dcservice_permission_watch.xml
09-10 09:48:22.186  6497  6530 I SystemConfig: Reading permissions from /system_ext/etc/permissions/com.qualcomm.qti.imscmservice-V2.2-java.xml
09-10 09:48:22.189  6497  6530 I SystemConfig: Reading permissions from /system_ext/etc/permissions/com.qualcomm.qti.VENDORSSGTZD.xml
09-10 09:48:22.191  6497  6530 I SystemConfig: Reading permissions from /system_ext/etc/permissions/vendor.qti.hardware.c2pa-V1-java.xml
09-10 09:48:22.193  6497  6530 I SystemConfig: Reading permissions from /system_ext/etc/permissions/privapp-permissions-clockwork_ext.xml
09-10 09:48:22.195  6497  6530 I SystemConfig: Reading permissions from /system_ext/etc/permissions/qti_permissions.xml
09-10 09:48:22.198  6497  6530 I SystemConfig: Reading permissions from /system_ext/etc/permissions/privapp-permissions-pss-watch.xml
09-10 09:48:22.200  6497  6530 I SystemConfig: Reading permissions from /system_ext/etc/permissions/vendor.qti.imsdatachannel.xml
09-10 09:48:22.202  6497  6530 I SystemConfig: Reading permissions from /system_ext/etc/permissions/android.hardware.telephony.gsm.xml
09-10 09:48:22.203  6497  6530 I SystemConfig: Reading permissions from /system_ext/etc/permissions/privapp-permissions-pixel-watch-sysui.xml
09-10 09:48:22.206  6497  6530 I SystemConfig: Reading permissions from /system_ext/etc/permissions/health_services_feature.xml
09-10 09:48:22.207  6497  6530 I SystemConfig: Reading permissions from /system_ext/etc/permissions/com.qualcomm.qti.imscmservice.xml
09-10 09:48:22.209  6497  6530 I SystemConfig: Ignore shared library com.qualcomm.qti.imscmservice@1.0-java: /system/framework/com.qualcomm.qti.imscmservice@1.0-java.jar does not exist
09-10 09:48:22.210  6497  6530 I SystemConfig: Reading permissions from /system_ext/etc/permissions/extphonelib.xml
09-10 09:48:22.212  6497  6530 I SystemConfig: Reading permissions from /system_ext/etc/permissions/google-ril.xml
09-10 09:48:22.213  6497  6530 I SystemConfig: Reading permissions from /system_ext/etc/permissions/display_offload_feature.xml
09-10 09:48:22.218  6497  6530 I SystemConfig: Reading permissions from /apex/com.android.tethering/etc/sysconfig/preinstall_allowlist_com.google.android.connectivity.resources.xml
09-10 09:48:22.220  6497  6530 I SystemConfig: Reading permissions from /apex/com.android.tethering/etc/sysconfig/preinstall_allowlist_com.google.android.networkstack.tethering.xml
09-10 09:48:22.223  6497  6530 I SystemConfig: Reading permissions from /apex/com.android.tethering/etc/permissions/privapp_allowlist_com.google.android.networkstack.tethering.xml
09-10 09:48:22.229  6497  6530 I SystemConfig: Reading permissions from /apex/com.android.ipsec/etc/permissions/android.net.ipsec.ike.xml
09-10 09:48:22.233  6497  6530 I SystemConfig: Reading permissions from /apex/com.android.apex.cts.shim/etc/permissions/signature-permission-allowlist.xml
09-10 09:48:22.239  6497  6530 I SystemConfig: Reading permissions from /apex/com.android.devicelock/etc/sysconfig/preinstalled-packages-com.android.devicelockcontroller.xml
09-10 09:48:22.241  6497  6530 I SystemConfig: Reading permissions from /apex/com.android.devicelock/etc/permissions/com.google.android.devicelockcontroller.xml
09-10 09:48:22.249  6497  6530 I SystemConfig: Reading permissions from /apex/com.android.webapp/etc/sysconfig/preinstalled-packages-com.android.webapp.service.xml
09-10 09:48:22.252  6497  6530 I SystemConfig: Reading permissions from /apex/com.android.webapp/etc/permissions/com.android.webapp.service.xml
09-10 09:48:22.257  6497  6530 I SystemConfig: Reading permissions from /apex/com.android.bt/etc/sysconfig/preinstall_allowlist_com.google.android.bluetooth.xml
09-10 09:48:22.260  6497  6530 I SystemConfig: Reading permissions from /apex/com.android.bt/etc/permissions/privapp_allowlist_com.google.android.bluetooth.xml
09-10 09:48:22.266  6497  6530 I SystemConfig: Reading permissions from /apex/com.android.nfcservices/etc/sysconfig/preinstall_allowlist_com.google.android.nfc.xml
09-10 09:48:22.271  6497  6530 I SystemConfig: Reading permissions from /apex/com.android.nfcservices/etc/permissions/privapp_allowlist_com.google.android.nfc.xml
09-10 09:48:22.273  6497  6530 I SystemConfig: Reading permissions from /apex/com.android.nfcservices/etc/permissions/privapp_allowlist_com.android.nfc.xml
09-10 09:48:22.274   353   370 I Checkpoint: cp_needsCheckpoint called
09-10 09:48:22.278  6497  6530 I SystemConfig: Reading permissions from /apex/com.android.rkpd/etc/sysconfig/preinstall_allowlist_com.google.android.rkpdapp.xml
09-10 09:48:22.343  6497  6530 I SystemConfig: Reading permissions from /apex/com.android.mediaprovider/etc/sysconfig/preinstall_allowlist_com.google.android.photopicker.xml
09-10 09:48:22.357  6497  6530 I SystemConfig: Reading permissions from /apex/com.android.mediaprovider/etc/permissions/privapp_allowlist_com.google.android.providers.media.module.xml
09-10 09:48:22.359  6497  6530 I SystemConfig: Reading permissions from /apex/com.android.mediaprovider/etc/permissions/privapp_allowlist_com.google.android.photopicker.xml
09-10 09:48:22.364  6497  6530 I SystemConfig: Reading permissions from /apex/com.android.telephonycore/etc/sysconfig/preinstall_allowlist_com.google.android.telecomresources.xml
09-10 09:48:22.366  6497  6530 I SystemConfig: Reading permissions from /apex/com.android.telephonycore/etc/sysconfig/preinstall_allowlist_com.google.android.telecomui.xml
09-10 09:48:22.369  6497  6530 I SystemConfig: Reading permissions from /apex/com.android.telephonycore/etc/permissions/privapp_allowlist_com.google.android.telecomui.xml
09-10 09:48:22.375  6497  6530 I SystemConfig: Reading permissions from /apex/com.android.cellbroadcast/etc/sysconfig/preinstall_allowlist_com.google.android.cellbroadcastservice.xml
09-10 09:48:22.377  6497  6530 I SystemConfig: Reading permissions from /apex/com.android.cellbroadcast/etc/sysconfig/preinstall_allowlist_com.google.android.cellbroadcastreceiver.xml
09-10 09:48:22.380  6497  6530 I SystemConfig: Reading permissions from /apex/com.android.cellbroadcast/etc/permissions/privapp_allowlist_com.google.android.cellbroadcastreceiver.xml
09-10 09:48:22.382  6497  6530 I SystemConfig: Reading permissions from /apex/com.android.cellbroadcast/etc/permissions/privapp_allowlist_com.google.android.cellbroadcastservice.xml
09-10 09:48:22.395  6356  6371 D Diag_Lib: diag: Diag_LSM_Init: invoked for pid: 6356 with init_count: 0
09-10 09:48:22.395  6356  6371 D Diag_Lib: diag:failed to connect to diag socket
09-10 09:48:22.395  6356  6371 D Diag_Lib:  Diag_LSM_Init: Failed to open handle to diag driver, error = 111
09-10 09:48:22.395  6356  6371 I ATS     : vendor/qcom/sw5100-lw4/proprietary-audio/args/acdb/ats/transports/diag/linux/actp/src/actp.c:actp_diag_init:105 Error[1]: Failed to initialize DIAG
09-10 09:48:22.395  6356  6371 E ATS     : vendor/qcom/sw5100-lw4/proprietary-audio/args/acdb/ats/src/ats.c:ats_init:143 Error[1]: Failed to initialize Diag
09-10 09:48:22.395  6356  6371 E ATS     : vendor/qcom/sw5100-lw4/proprietary-audio/args/acdb/ats/src/ats.c:ats_init:263 Error[1]: Failed to initialize ATS
09-10 09:48:22.395  6356  6371 E AGM: API: ats_init_thread: 64 ats_init failed retry 17 err 1
09-10 09:48:22.401  6497  6530 I SystemConfig: Reading permissions from /apex/com.android.appsearch/etc/sysconfig/preinstall_allowlist_com.google.android.appsearch.apk.xml
09-10 09:48:22.406  6497  6530 I SystemConfig: Reading permissions from /apex/com.android.adservices/etc/sysconfig/preinstall_allowlist_com.google.android.sdksandbox.xml
09-10 09:48:22.407  6497  6530 I SystemConfig: Reading permissions from /apex/com.android.adservices/etc/sysconfig/preinstall_allowlist_com.google.android.adservices.api.xml
09-10 09:48:22.411  6497  6530 I SystemConfig: Reading permissions from /apex/com.android.adservices/etc/permissions/privapp_allowlist_com.google.android.adservices.api.xml
09-10 09:48:22.416  6497  6530 I SystemConfig: Reading permissions from /apex/com.android.wifi/etc/sysconfig/preinstall_allowlist_com.google.android.wifi.dialog.xml
09-10 09:48:22.418  6497  6530 I SystemConfig: Reading permissions from /apex/com.android.wifi/etc/sysconfig/preinstall_allowlist_com.google.android.wifi.resources.xml
09-10 09:48:22.419  6497  6530 I SystemConfig: Reading permissions from /apex/com.android.wifi/etc/sysconfig/preinstall_allowlist_com.google.android.hotspot2.osulogin.xml
09-10 09:48:22.419  6497  6497 D CompatConfig: No directory /apex/com.android.cellbroadcast/etc/compatconfig, skipping
09-10 09:48:22.421  6497  6497 D CompatConfig: No directory /apex/com.android.configinfrastructure/etc/compatconfig, skipping
09-10 09:48:22.422  6497  6497 D CompatConfig: No directory /apex/com.android.devicelock/etc/compatconfig, skipping
09-10 09:48:22.422  6497  6497 D CompatConfig: No directory /apex/com.android.rkpd/etc/compatconfig, skipping
09-10 09:48:22.422  6497  6497 D CompatConfig: No directory /apex/com.android.ipsec/etc/compatconfig, skipping
09-10 09:48:22.423  6497  6497 D CompatConfig: No directory /apex/com.android.ondevicepersonalization/etc/compatconfig, skipping
09-10 09:48:22.423  6497  6497 D CompatConfig: No directory /apex/com.android.adbd/etc/compatconfig, skipping
09-10 09:48:22.423  6497  6497 D CompatConfig: No directory /apex/com.android.os.statsd/etc/compatconfig, skipping
09-10 09:48:22.423  6497  6497 D CompatConfig: No directory /apex/com.android.webapp/etc/compatconfig, skipping
09-10 09:48:22.424  6497  6497 D CompatConfig: No directory /apex/com.android.apex.cts.shim/etc/compatconfig, skipping
09-10 09:48:22.424  6497  6497 D CompatConfig: No directory /apex/com.android.appsearch/etc/compatconfig, skipping
09-10 09:48:22.426  6497  6497 D CompatConfig: Found a config file: /apex/com.android.art/etc/compatconfig/libcore-platform-compat-config.xml
09-10 09:48:22.429  6497  6497 D CompatConfig: Found a config file: /apex/com.android.wifi/etc/compatconfig/wifi-compat-config.xml
09-10 09:48:22.431  6497  6530 I SystemConfig: Reading permissions from /apex/com.android.extservices/etc/permissions/android.ext_sminus.services.xml
09-10 09:48:22.431  6497  6497 D CompatConfig: No directory /apex/com.android.neuralnetworks/etc/compatconfig, skipping
09-10 09:48:22.432  6497  6497 D CompatConfig: Found a config file: /apex/com.android.telephonycore/etc/compatconfig/framework-telecom-compat-config.xml
09-10 09:48:22.435  6497  6497 D CompatConfig: No directory /apex/com.android.media/etc/compatconfig, skipping
09-10 09:48:22.435  6497  6497 D CompatConfig: No directory /apex/com.android.resolv/etc/compatconfig, skipping
09-10 09:48:22.436  6497  6497 D CompatConfig: No directory /apex/com.android.scheduling/etc/compatconfig, skipping
09-10 09:48:22.436  6497  6530 I SystemConfig: Reading permissions from /apex/com.google.android.gmssystem/etc/sysconfig/preinstalled_packages_com.google.android.gmssystem.xml
09-10 09:48:22.437  6497  6497 D CompatConfig: Found a config file: /apex/com.android.bt/etc/compatconfig/bluetoothapk-platform-compat-config.xml
09-10 09:48:22.437  6497  6530 I SystemConfig: Reading permissions from /apex/com.google.android.gmssystem/etc/permissions/privapp_allowlist_com.google.android.gmssystem.xml
09-10 09:48:22.439  6497  6497 D CompatConfig: Found a config file: /apex/com.android.bt/etc/compatconfig/bluetooth-compat-config.xml
09-10 09:48:22.440  6497  6497 D CompatConfig: Found a config file: /apex/com.android.bt/etc/compatconfig/framework-bluetooth-compat-config.xml
09-10 09:48:22.442  6497  6497 D CompatConfig: No directory /apex/com.android.i18n/etc/compatconfig, skipping
09-10 09:48:22.443  6497  6497 D CompatConfig: No directory /apex/com.android.uprobestats/etc/compatconfig, skipping
09-10 09:48:22.443  6497  6497 D CompatConfig: No directory /apex/com.android.extservices/etc/compatconfig, skipping
09-10 09:48:22.443  6497  6497 D CompatConfig: No directory /apex/com.android.nfcservices/etc/compatconfig, skipping
09-10 09:48:22.443  6497  6530 I SystemConfig: Reading permissions from /apex/com.android.healthfitness/etc/sysconfig/preinstall_allowlist_com.google.android.health.connect.backuprestore.xml
09-10 09:48:22.444  6497  6497 D CompatConfig: Found a config file: /apex/com.android.conscrypt/etc/compatconfig/framework-conscrypt-nsc-compat-config.xml
09-10 09:48:22.445  6497  6530 I SystemConfig: Reading permissions from /apex/com.android.healthfitness/etc/sysconfig/preinstall_allowlist_com.google.android.healthconnect.controller.xml
09-10 09:48:22.448  6497  6530 I SystemConfig: Reading permissions from /apex/com.android.healthfitness/etc/permissions/privapp_allowlist_com.google.android.healthconnect.controller.xml
09-10 09:48:22.448  6497  6497 D CompatConfig: Found a config file: /apex/com.android.permission/etc/compatconfig/framework-permission-s-compat-config.xml
09-10 09:48:22.450  6497  6530 I SystemConfig: Reading permissions from /apex/com.android.permission/etc/sysconfig/preinstall_allowlist_com.google.android.permissioncontroller.xml
09-10 09:48:22.452  6497  6497 D CompatConfig: No directory /apex/com.google.pixelwatchambient/etc/compatconfig, skipping
09-10 09:48:22.452  6497  6530 I SystemConfig: Reading permissions from /apex/com.android.permission/etc/sysconfig/preinstalled-packages-com.google.android.safetycenter.resources.xml
09-10 09:48:22.453  6497  6497 D CompatConfig: Found a config file: /apex/com.android.tethering/etc/compatconfig/connectivity-platform-compat-config.xml
09-10 09:48:22.454  6497  6530 I SystemConfig: Reading permissions from /apex/com.android.permission/etc/permissions/privapp_allowlist_com.google.android.permissioncontroller.xml
09-10 09:48:22.454  6497  6497 D CompatConfig: No directory /apex/com.android.crashrecovery/etc/compatconfig, skipping
09-10 09:48:22.455  6497  6497 D CompatConfig: No directory /apex/com.android.uwb/etc/compatconfig, skipping
09-10 09:48:22.456  6497  6497 D CompatConfig: No directory /apex/com.google.android.widevine/etc/compatconfig, skipping
09-10 09:48:22.456  6497  6497 D CompatConfig: No directory /apex/com.android.media.swcodec/etc/compatconfig, skipping
09-10 09:48:22.456  6497  6497 D CompatConfig: No directory /apex/com.android.adservices/etc/compatconfig, skipping
09-10 09:48:22.457  6497  6497 D CompatConfig: No directory /apex/com.android.hardware.biometrics.fingerprint.virtual/etc/compatconfig, skipping
09-10 09:48:22.458  6497  6497 D CompatConfig: No directory /apex/com.android.virt/etc/compatconfig, skipping
09-10 09:48:22.458  6497  6497 D CompatConfig: No directory /apex/com.android.npumanager/etc/compatconfig, skipping
09-10 09:48:22.459  6497  6497 D CompatConfig: Found a config file: /apex/com.android.mediaprovider/etc/compatconfig/framework-pdf-v-platform-compat-config.xml
09-10 09:48:22.460  6497  6530 I incfs   : Initial API level of the device: 33
09-10 09:48:22.461  6497  6530 I incfs   : ro.incremental.enable: yes
09-10 09:48:22.461  6497  6497 D CompatConfig: Found a config file: /apex/com.android.mediaprovider/etc/compatconfig/media-provider-platform-compat-config.xml
09-10 09:48:22.461  6497  6530 I incfs   : isFsAvailable: true
09-10 09:48:22.461  6497  6530 I incfs   : isFsAvailable: true
09-10 09:48:22.461  6497  6530 I incfs   : IncFs_Features: v2
09-10 09:48:22.463  6497  6497 D CompatConfig: No directory /apex/com.android.profiling/etc/compatconfig, skipping
09-10 09:48:22.464  6497  6497 D CompatConfig: No directory /apex/com.android.tzdata/etc/compatconfig, skipping
09-10 09:48:22.464  6497  6530 D SystemConfig: Removed unavailable feature android.hardware.telephony.cdma
09-10 09:48:22.464  6497  6497 D CompatConfig: No directory /apex/com.google.android.gmssystem/etc/compatconfig, skipping
09-10 09:48:22.464  6497  6530 D SystemConfig: Removed unavailable feature android.software.device_lock
09-10 09:48:22.464  6497  6497 D CompatConfig: No directory /apex/com.android.sdkext/etc/compatconfig, skipping
09-10 09:48:22.465  6497  6497 D CompatConfig: No directory /apex/com.android.runtime/etc/compatconfig, skipping
09-10 09:48:22.465  6497  6497 D CompatConfig: No directory /apex/com.android.healthfitness/etc/compatconfig, skipping
09-10 09:48:22.469  6497  6497 D SystemServerTiming: StartFileIntegrityService
09-10 09:48:22.469  6497  6497 I SystemServiceManager: Starting com.android.server.security.FileIntegrityService
09-10 09:48:22.470  6497  6497 D SystemServerTiming: StartInstaller
09-10 09:48:22.470  6497  6497 I SystemServiceManager: Starting com.android.server.pm.Installer
09-10 09:48:22.475  1115  1115 D installd: Found quota mount /dev/block/dm-16 at /data
09-10 09:48:22.475  1115  1115 D installd: Found quota mount /dev/block/dm-16 at /data/user/0
09-10 09:48:22.476  1115  1115 D installd: Found quota mount /dev/block/dm-16 at /mnt/pass_through/0/emulated
09-10 09:48:22.489  1115  1115 D installd: Found storage mount /dev/block/dm-16 at /mnt/pass_through/0/emulated
09-10 09:48:22.490  6497  6497 D SystemServerTiming: DeviceIdentifiersPolicyService
09-10 09:48:22.490  6497  6497 I SystemServiceManager: Starting com.android.server.os.DeviceIdentifiersPolicyService
09-10 09:48:22.492  6497  6497 D SystemServerTiming: StartFeatureFlagsService
09-10 09:48:22.492  6497  6497 I SystemServiceManager: Starting com.android.server.flags.FeatureFlagsService
09-10 09:48:22.493  6497  6497 D FeatureFlagsService: Started Feature Flag Service
09-10 09:48:22.495  6497  6497 D SystemServerTiming: UriGrantsManagerService
09-10 09:48:22.495  6497  6497 I SystemServiceManager: Starting com.android.server.uri.UriGrantsManagerService$Lifecycle
09-10 09:48:22.498  6497  6497 D SystemServerTiming: StartPowerStatsService
09-10 09:48:22.498  6497  6497 I SystemServiceManager: Starting com.android.server.powerstats.PowerStatsService
09-10 09:48:22.505  6497  6497 D SystemServerTiming: StartIStatsService
09-10 09:48:22.509  6497  6497 D SystemServerTiming: MemtrackProxyService
09-10 09:48:22.513  6497  6497 I libbinder.Stability: Interface set with vintf stability downgraded to system stability stability
09-10 09:48:22.517   397   419 E pixelstats-uevent: Unable to read  - No such file or directory
09-10 09:48:22.520  6497  6497 D SystemServerTiming: StartAccessCheckingService
09-10 09:48:22.520  6497  6497 I SystemServiceManager: Starting com.android.server.permission.access.AccessCheckingService
09-10 09:48:22.521   397   419 E pixelstats-uevent: Unable to read  - No such file or directory
09-10 09:48:22.522   397   419 E pixelstats-uevent: Unable to read  - No such file or directory
09-10 09:48:22.522   397   419 E pixelstats-uevent: Unable to read  - No such file or directory
09-10 09:48:22.522   397   419 E pixelstats-uevent: Unable to read  - No such file or directory
09-10 09:48:22.524  6497  6497 D SystemServerTiming: StartActivityManager
09-10 09:48:22.524  6497  6497 I SystemServiceManager: Starting com.android.server.wm.ActivityTaskManagerService$Lifecycle
09-10 09:48:22.525   397   419 E pixelstats-uevent: Unable to read  - No such file or directory
09-10 09:48:22.526   397   419 E pixelstats-uevent: Unable to read  - No such file or directory
09-10 09:48:22.526   397   419 E pixelstats-uevent: Unable to read  - No such file or directory
09-10 09:48:22.526   397   419 E pixelstats-uevent: Unable to read  - No such file or directory
09-10 09:48:22.526   397   419 E pixelstats-uevent: Unable to read  - No such file or directory
09-10 09:48:22.527   397   419 E pixelstats-uevent: Unable to read  - No such file or directory
09-10 09:48:22.527   397   419 E pixelstats-uevent: Unable to read  - No such file or directory
09-10 09:48:22.527   397   419 E pixelstats-uevent: Unable to read  - No such file or directory
09-10 09:48:22.528   397   419 E pixelstats-uevent: Unable to read  - No such file or directory
09-10 09:48:22.528   397   419 E pixelstats-uevent: Unable to read  - No such file or directory
09-10 09:48:22.530  6497  6497 I SystemServiceManager: Starting com.android.server.am.ActivityManagerService$Lifecycle
09-10 09:48:22.537  6497  6497 I ActivityManager: Memory class: 128
09-10 09:48:22.540  6497  6592 I Binder  : Setting heavy hitter watcher config: false, 0, 0.0
09-10 09:48:22.572  6497  6497 I PackageWatchdog: Updated health check state for package com.google.android.networkstack: INACTIVE -> PASSED
09-10 09:48:22.578  6497  6497 W PowerProfile: ambient.on is deprecated! Use ambient.on.display0 instead.
09-10 09:48:22.578  6497  6497 W PowerProfile: screen.on is deprecated! Use screen.on.display0 instead.
09-10 09:48:22.578  6497  6497 W PowerProfile: screen.full is deprecated! Use screen.full.display0 instead.
09-10 09:48:22.578  6497  6497 W ModemPowerProfile: getAverageBatteryDrainMaH called with unexpected key: 0x0, drain:SLEEP,RAT:DEFAULT
09-10 09:48:22.578  6497  6497 W ModemPowerProfile: getAverageBatteryDrainMaH called with unexpected key: 0x10000000, drain:IDLE,RAT:DEFAULT
09-10 09:48:22.578  6497  6497 W ModemPowerProfile: getAverageBatteryDrainMaH called with unexpected key: 0x20000000, drain:RX,RAT:DEFAULT
09-10 09:48:22.578  6497  6497 W ModemPowerProfile: getAverageBatteryDrainMaH called with unexpected key: 0x30000000, drain:TX,level:0,RAT:DEFAULT
09-10 09:48:22.578  6497  6497 W ModemPowerProfile: getAverageBatteryDrainMaH called with unexpected key: 0x31000000, drain:TX,level:1,RAT:DEFAULT
09-10 09:48:22.578  6497  6497 W ModemPowerProfile: getAverageBatteryDrainMaH called with unexpected key: 0x32000000, drain:TX,level:2,RAT:DEFAULT
09-10 09:48:22.578  6497  6497 W ModemPowerProfile: getAverageBatteryDrainMaH called with unexpected key: 0x33000000, drain:TX,level:3,RAT:DEFAULT
09-10 09:48:22.578  6497  6497 W ModemPowerProfile: getAverageBatteryDrainMaH called with unexpected key: 0x34000000, drain:TX,level:4,RAT:DEFAULT
09-10 09:48:22.585   397   419 E pixelstats-uevent: Unable to read  - No such file or directory
09-10 09:48:22.596  1419  1419 E BatteryDefender: Failed to read /sys/devices/platform/google,charger/bd_state
09-10 09:48:22.604  6351  6351 W libbinder.ServiceManagerCppClient: Waited one second for activity (is service started? Number of threads started in the threadpool: 16. Are binder threads started and available?)
09-10 09:48:22.607   329  6603 W libc    : Unable to set property "ctl.interface_start" to "aidl/activity": PROP_ERROR_HANDLE_CONTROL_MESSAGE (0x20)
09-10 09:48:22.608  1419  1419 E BatteryDefender: Failed to read /sys/devices/platform/google,charger/bd_state
09-10 09:48:22.612  6497  6497 D nativeloader: Load libstats_jni.so using APEX ns com_android_os_statsd for caller /apex/com.android.os.statsd/javalib/framework-statsd.jar: ok
09-10 09:48:22.617  6497  6497 D BatteryStatsImpl: Reading daily items from /data/system/batterystats-daily.xml
09-10 09:48:22.686  6497  6497 W system_server: Method void com.android.server.appop.HistoricalRegistry.systemReady(android.content.ContentResolver) failed lock verification and will run slower.
09-10 09:48:22.686  6497  6497 W system_server: Common causes for lock verification issues are non-optimized dex code
09-10 09:48:22.686  6497  6497 W system_server: and incorrect proguard optimizations.
09-10 09:48:22.694  6497  6497 I MemoryLimiter: no config file: /vendor/etc/memory-limiter-config.xml
09-10 09:48:22.698  6497  6497 I IntentFirewall: Read new rules (A:0 B:0 S:0)
09-10 09:48:22.703  6497  6497 D OomAdjuster: Not killing cached processes
09-10 09:48:22.705  6497  6497 E libprocessgroup: Failed to add task into cgroup
09-10 09:48:22.708  6497  6497 D AppOps  : AppOpsService published
09-10 09:48:22.712  6497  6497 D SystemServerTiming: StartDataLoaderManagerService
09-10 09:48:22.713  6497  6497 I SystemServiceManager: Starting com.android.server.pm.DataLoaderManagerService
09-10 09:48:22.717  6497  6497 D SystemServerTiming: StartIncrementalService
09-10 09:48:22.722  6497  6497 I incfs-mounts: [incfs] Loaded incremental-fs mount info: 5 instances, 10 mount points
09-10 09:48:22.722  6497  6497 I IncrementalService: Existing mount: /data/incremental/MT_data_app_vmdl134/backing_store->/data/incremental/MT_data_app_vmdl134/mount
09-10 09:48:22.722  6497  6497 I IncrementalService:   bind: ''->'/data/incremental/MT_data_app_vmdl134/mount'
09-10 09:48:22.722  6497  6497 I IncrementalService:          /data/incremental/MT_data_app_vmdl134/mount
09-10 09:48:22.723  6497  6497 I IncrementalService:   bind: '/st_86_1'->'/data/app/~~3M9xtQX4to4DfaysME9noA=='
09-10 09:48:22.723  6497  6497 I IncrementalService:          /data/incremental/MT_data_app_vmdl134/mount/st_86_1
09-10 09:48:22.723  6497  6497 I IncrementalService: Looks like an IncrementalService-owned: /data/incremental/MT_data_app_vmdl134
09-10 09:48:22.727  6497  6497 I IncrementalService: Permanent bind record: '/data/incremental/MT_data_app_vmdl134/mount/st_86_1'->'/data/app/~~3M9xtQX4to4DfaysME9noA=='
09-10 09:48:22.727  6497  6497 I IncrementalService: Matched permanent bound /data/incremental/MT_data_app_vmdl134/mount/st_86_1 to mount /st_86_1
09-10 09:48:22.728  6497  6497 I IncrementalService: Existing mount: /data/incremental/MT_data_app_vmdl167/backing_store->/data/incremental/MT_data_app_vmdl167/mount
09-10 09:48:22.728  6497  6497 I IncrementalService:   bind: ''->'/data/incremental/MT_data_app_vmdl167/mount'
09-10 09:48:22.728  6497  6497 I IncrementalService:          /data/incremental/MT_data_app_vmdl167/mount
09-10 09:48:22.728  6497  6497 I IncrementalService:   bind: '/st_29_1'->'/data/app/~~wTnOjv00M3KkmdMIKDBIfQ=='
09-10 09:48:22.728  6497  6497 I IncrementalService:          /data/incremental/MT_data_app_vmdl167/mount/st_29_1
09-10 09:48:22.728  6497  6497 I IncrementalService: Looks like an IncrementalService-owned: /data/incremental/MT_data_app_vmdl167
09-10 09:48:22.734  6497  6497 I IncrementalService: Permanent bind record: '/data/incremental/MT_data_app_vmdl167/mount/st_29_1'->'/data/app/~~wTnOjv00M3KkmdMIKDBIfQ=='
09-10 09:48:22.734  6497  6497 I IncrementalService: Matched permanent bound /data/incremental/MT_data_app_vmdl167/mount/st_29_1 to mount /st_29_1
09-10 09:48:22.734  6497  6497 I IncrementalService: Existing mount: /data/incremental/MT_data_app_vmdl385/backing_store->/data/incremental/MT_data_app_vmdl385/mount
09-10 09:48:22.734  6497  6497 I IncrementalService:   bind: ''->'/data/incremental/MT_data_app_vmdl385/mount'
09-10 09:48:22.734  6497  6497 I IncrementalService:          /data/incremental/MT_data_app_vmdl385/mount
09-10 09:48:22.734  6497  6497 I IncrementalService:   bind: '/st_14_1'->'/data/app/~~vhy8U0WGA3kllTKhkzVqoA=='
09-10 09:48:22.734  6497  6497 I IncrementalService:          /data/incremental/MT_data_app_vmdl385/mount/st_14_1
09-10 09:48:22.734  6497  6497 I IncrementalService: Looks like an IncrementalService-owned: /data/incremental/MT_data_app_vmdl385
09-10 09:48:22.741  6497  6497 I IncrementalService: Permanent bind record: '/data/incremental/MT_data_app_vmdl385/mount/st_14_1'->'/data/app/~~vhy8U0WGA3kllTKhkzVqoA=='
09-10 09:48:22.741  6497  6497 I IncrementalService: Matched permanent bound /data/incremental/MT_data_app_vmdl385/mount/st_14_1 to mount /st_14_1
09-10 09:48:22.741  6497  6497 I IncrementalService: Existing mount: /data/incremental/MT_data_app_vmdl139/backing_store->/data/incremental/MT_data_app_vmdl139/mount
09-10 09:48:22.742  6497  6497 I IncrementalService:   bind: ''->'/data/incremental/MT_data_app_vmdl139/mount'
09-10 09:48:22.742  6497  6497 I IncrementalService:          /data/incremental/MT_data_app_vmdl139/mount
09-10 09:48:22.742  6497  6497 I IncrementalService:   bind: '/st_24_1'->'/data/app/~~oO5f2Sc_IPoLSX4A1xTLuA=='
09-10 09:48:22.742  6497  6497 I IncrementalService:          /data/incremental/MT_data_app_vmdl139/mount/st_24_1
09-10 09:48:22.742  6497  6497 I IncrementalService: Looks like an IncrementalService-owned: /data/incremental/MT_data_app_vmdl139
09-10 09:48:22.746  6497  6497 I IncrementalService: Permanent bind record: '/data/incremental/MT_data_app_vmdl139/mount/st_24_1'->'/data/app/~~oO5f2Sc_IPoLSX4A1xTLuA=='
09-10 09:48:22.746  6497  6497 I IncrementalService: Matched permanent bound /data/incremental/MT_data_app_vmdl139/mount/st_24_1 to mount /st_24_1
09-10 09:48:22.747  6497  6497 I IncrementalService: Existing mount: /data/incremental/MT_data_app_vmdl157/backing_store->/data/incremental/MT_data_app_vmdl157/mount
09-10 09:48:22.747  6497  6497 I IncrementalService:   bind: ''->'/data/incremental/MT_data_app_vmdl157/mount'
09-10 09:48:22.747  6497  6497 I IncrementalService:          /data/incremental/MT_data_app_vmdl157/mount
09-10 09:48:22.747  6497  6497 I IncrementalService:   bind: '/st_7_1'->'/data/app/~~gfNiJ7zvh0W6Bs_VdQ05mw=='
09-10 09:48:22.747  6497  6497 I IncrementalService:          /data/incremental/MT_data_app_vmdl157/mount/st_7_1
09-10 09:48:22.747  6497  6497 I IncrementalService: Looks like an IncrementalService-owned: /data/incremental/MT_data_app_vmdl157
09-10 09:48:22.751  6497  6497 I IncrementalService: Permanent bind record: '/data/incremental/MT_data_app_vmdl157/mount/st_7_1'->'/data/app/~~gfNiJ7zvh0W6Bs_VdQ05mw=='
09-10 09:48:22.751  6497  6497 I IncrementalService: Matched permanent bound /data/incremental/MT_data_app_vmdl157/mount/st_7_1 to mount /st_7_1
09-10 09:48:22.754  6497  6497 D SystemServerTiming: StartPowerManager
09-10 09:48:22.754  6497  6497 I SystemServiceManager: Starting com.android.server.power.PowerManagerService
09-10 09:48:22.771  6497  6497 I PowerHalLoader: Successfully connected to Power HAL AIDL service.
09-10 09:48:22.773   519   519 I powerhal-libperfmgr: Power Mode INTERACTIVE isModeSupported: 0
09-10 09:48:22.773   519   519 I powerhal-libperfmgr: Power Mode DOUBLE_TAP_TO_WAKE isModeSupported: 0
09-10 09:48:22.775  6497  6497 D SystemServerTiming: StartThermalManager
09-10 09:48:22.776  6497  6497 I SystemServiceManager: Starting com.android.server.power.thermal.ThermalManagerService
09-10 09:48:22.778  6497  6497 D SystemServerTiming: InitPowerManagement
09-10 09:48:22.781  6497  6497 W PowerManagerService: Battery saver is not supported, no low power mode observer registered
09-10 09:48:22.782  6497  6497 D SystemServerTiming: StartRecoverySystemService
09-10 09:48:22.783  6497  6497 I SystemServiceManager: Starting com.android.server.recoverysystem.RecoverySystemService$Lifecycle
09-10 09:48:22.785  6497  6497 D SystemServerTiming: StartLightsService
09-10 09:48:22.785  6497  6497 I SystemServiceManager: Starting com.android.server.lights.LightsService
09-10 09:48:22.789  6497  6497 E LightsService: Failed to populate available lights, no ILights HAL service available
09-10 09:48:22.791  6497  6497 D SystemServerTiming: StartDisplayOffloadService
09-10 09:48:22.792  6497  6497 I SystemServiceManager: Starting com.android.clockwork.displayoffload.DisplayOffloadService
09-10 09:48:22.804  6497  6497 D DisplayOffload: onStart
09-10 09:48:22.809  6497  6527 D DOHalAdapter: [HAL] onRegistration: service notification name=vendor.google_clockwork.displayoffload2.IDisplayOffload/default
09-10 09:48:22.809  6497  6527 I DOHalAdapter: [HAL] Got hal.
09-10 09:48:22.810  6497  6527 W Binder  : Outgoing transactions from this process must be FLAG_ONEWAY
09-10 09:48:22.810  6497  6527 W Binder  : java.lang.Throwable
09-10 09:48:22.810  6497  6527 W Binder  : 	at android.os.BinderProxy.transact(BinderProxy.java:587)
09-10 09:48:22.810  6497  6527 W Binder  : 	at vendor.google_clockwork.displayoffload2.IDisplayOffload$Stub$Proxy.reset(go/retraceme cfe317e26c3e2829cc9d3bf73fa23c109c948b7d6c857f2317d8882bdc7d34b9:20)
09-10 09:48:22.810  6497  6527 W Binder  : 	at com.android.clockwork.displayoffload.AidlHalV2Adapter.resetResource(go/retraceme cfe317e26c3e2829cc9d3bf73fa23c109c948b7d6c857f2317d8882bdc7d34b9:22)
09-10 09:48:22.810  6497  6527 W Binder  : 	at com.android.clockwork.displayoffload.AidlHalV2Adapter.onHalRegistered(go/retraceme cfe317e26c3e2829cc9d3bf73fa23c109c948b7d6c857f2317d8882bdc7d34b9:52)
09-10 09:48:22.810  6497  6527 W Binder  : 	at com.android.clockwork.displayoffload.AidlHalAdapter.onRegistration(go/retraceme cfe317e26c3e2829cc9d3bf73fa23c109c948b7d6c857f2317d8882bdc7d34b9:22)
09-10 09:48:22.810  6497  6527 W Binder  : 	at android.os.IServiceCallback$Stub.onTransact(IServiceCallback.java:92)
09-10 09:48:22.810  6497  6527 W Binder  : 	at android.os.Binder.execTransactInternal(Binder.java:1369)
09-10 09:48:22.810  6497  6527 W Binder  : 	at android.os.Binder.execTransact(Binder.java:1323)
09-10 09:48:22.811  6497  6497 D SystemServerTiming: StartDisplayManager
09-10 09:48:22.812  6497  6497 I SystemServiceManager: Starting com.android.server.display.DisplayManagerService
09-10 09:48:22.817  1101  1371 I vendor.google_clockwork.displayoffload-service: reset
09-10 09:48:22.823  1101  1371 I vendor.google_clockwork.displayoffload-service: :end display
09-10 09:48:22.823  1101  1371 I vendor.google_clockwork.displayoffload-service: Set display mux select to 1
09-10 09:48:22.825  6497  6497 D PluginManager: loading plugins from:
09-10 09:48:22.825  6497  6497 D PluginManager: loaded Plugins:[]
09-10 09:48:22.831  6497  6497 D SystemServerTiming: WaitForDisplay
09-10 09:48:22.831  6497  6497 I SystemServiceManager: Starting phase 100
09-10 09:48:22.832  6497  6497 D SystemServerTiming: OnBootPhase_100
09-10 09:48:22.832  6497  6497 D SystemServerTiming: OnBootPhase_100_com.android.server.security.FileIntegrityService
09-10 09:48:22.832  6497  6497 D SystemServerTiming: OnBootPhase_100_com.android.server.pm.Installer
09-10 09:48:22.832  6497  6497 D SystemServerTiming: OnBootPhase_100_com.android.server.os.DeviceIdentifiersPolicyService
09-10 09:48:22.832  6497  6497 D SystemServerTiming: OnBootPhase_100_com.android.server.flags.FeatureFlagsService
09-10 09:48:22.832  6497  6497 D SystemServerTiming: OnBootPhase_100_com.android.server.uri.UriGrantsManagerService$Lifecycle
09-10 09:48:22.832  6497  6497 D SystemServerTiming: OnBootPhase_100_com.android.server.powerstats.PowerStatsService
09-10 09:48:22.832  6497  6497 D SystemServerTiming: OnBootPhase_100_com.android.server.permission.access.AccessCheckingService
09-10 09:48:22.832  6497  6497 D SystemServerTiming: OnBootPhase_100_com.android.server.wm.ActivityTaskManagerService$Lifecycle
09-10 09:48:22.832  6497  6497 D SystemServerTiming: OnBootPhase_100_com.android.server.am.ActivityManagerService$Lifecycle
09-10 09:48:22.832  6497  6497 D SystemServerTiming: OnBootPhase_100_com.android.server.pm.DataLoaderManagerService
09-10 09:48:22.832  6497  6497 D SystemServerTiming: OnBootPhase_100_com.android.server.power.PowerManagerService
09-10 09:48:22.832  6497  6497 D SystemServerTiming: OnBootPhase_100_com.android.server.power.thermal.ThermalManagerService
09-10 09:48:22.832  6497  6497 D SystemServerTiming: OnBootPhase_100_com.android.server.recoverysystem.RecoverySystemService$Lifecycle
09-10 09:48:22.832  6497  6497 D SystemServerTiming: OnBootPhase_100_com.android.server.lights.LightsService
09-10 09:48:22.832  6497  6497 D SystemServerTiming: OnBootPhase_100_com.android.clockwork.displayoffload.DisplayOffloadService
09-10 09:48:22.832  6497  6497 D SystemServerTiming: OnBootPhase_100_com.android.server.display.DisplayManagerService
09-10 09:48:22.836  6497  6539 E LocalDisplayAdapter: Can't find display mode with id -1
09-10 09:48:22.837  6497  6539 W LocalDisplayAdapter: DisplayModeSpecs base mode no longer available, using currently active mode.
09-10 09:48:22.838  6497  6539 W DisplayManagerService: Default display not found in cache
09-10 09:48:22.838  6497  6539 E DisplayManagerService: Default display is null for info request from uid 1000
09-10 09:48:22.838  6497  6539 W DisplayManagerService: getDisplayInfoInternal: display not found 0
09-10 09:48:22.847  6497  6539 I DisplayDeviceConfig: No thermal throttling config found
09-10 09:48:22.852  6497  6539 D DesktopExperienceFlags: Toggle override initialized to: false
09-10 09:48:22.857  6497  6539 I DisplayDeviceRepository: Display device added: DisplayDeviceInfo{"Built-in Screen": uniqueId="local:4630946367249729921", 384 x 384, modeId 1, renderFrameRate 60.000004, hasArrSupport false, frameRateCategoryRate FrameRateCategoryRate {normal=60.0, high=90.0}, supportedRefreshRates [60.000004, 30.000002, 20.0], defaultModeId 1, userPreferredModeId -1, supportedModes [{id=1, parentModeId=-1, sfModeId=0, flags=, width=384, height=384, fps=60.000004, vsync=60.000004, alternativeRefreshRates=[], supportedHdrTypes=[2, 3, 4]}], colorMode 0, supportedColorModes [0], hdrCapabilities HdrCapabilities{mSupportedHdrTypes=[2, 3, 4], mMaxLuminance=500.0, mMaxAverageLuminance=500.0, mMinLuminance=0.0}, isForceSdr false, allmSupported false, gameContentTypeSupported false, density 320, 325.12 x 325.12 dpi, appVsyncOff 14499998, presDeadline 16000000, touch INTERNAL, rotation 0, type INTERNAL, address StablePhysical{id=4630946367249729921, port=129}, deviceProductInfo DeviceProductInfo{name=, manufacturerPnpId=QCM, productId=1, modelYear=null, manufactureDate=ManufactureDate{week=27, year=2006}, connectionToSinkType=1, edidStructureMetadata=EdidStructureMetadata{version=0, revision=0}, videoInputType=0}, state UNKNOWN, committedState UNKNOWN, frameRateOverride , brightnessMinimum 0.0, brightnessMaximum 1.0, brightnessDefault 0.314688, brightnessDim 0.235, hdrSdrRatio NaN, FLAG_ALLOWED_TO_BE_DEFAULT_DISPLAY, FLAG_ROTATES_WITH_CONTENT, FLAG_SECURE, FLAG_SUPPORTS_PROTECTED_BUFFERS, FLAG_ROUND, FLAG_TRUSTED, installOrientation 0, displayShape DisplayShape{type=2, displayWidth=384, displayHeight=384, physicalPixelDisplaySizeRatio=1.0, rotation=0, offsetX=0, offsetY=0, scale=1.0}}
09-10 09:48:22.859  6497  6539 I LogicalDisplayMapper: Applying layout: [default_layout: [{dispId: 0(ON), displayGroupName: , addr: StablePhysical{id=4630946367249729921, port=129}, mThermalBrightnessThrottlingMapId: null, mRefreshRateZoneId: null, mLeadDisplayId: -1, mLeadDisplayAddress: null, mThermalRefreshRateThrottlingMapId: null, mPowerThrottlingMapId: null}]], Previous layout: null
09-10 09:48:22.860  6497  6539 I LogicalDisplayMapper: Setting new display group 0 for display 0, from previous group: null, for reason: 0, with flags: 0
09-10 09:48:22.875  6497  6539 E SystemServiceRegistry: No service published for: user
09-10 09:48:22.875  6497  6539 E SystemServiceRegistry: android.os.ServiceManager$ServiceNotFoundException: No service published for: user
09-10 09:48:22.875  6497  6539 E SystemServiceRegistry: 	at android.os.ServiceManager.getServiceOrThrow(ServiceManager.java:176)
09-10 09:48:22.875  6497  6539 E SystemServiceRegistry: 	at android.app.SystemServiceRegistry$68.createService(SystemServiceRegistry.java:1037)
09-10 09:48:22.875  6497  6539 E SystemServiceRegistry: 	at android.app.SystemServiceRegistry$68.createService(SystemServiceRegistry.java:1034)
09-10 09:48:22.875  6497  6539 E SystemServiceRegistry: 	at android.app.SystemServiceRegistry$CachedServiceFetcher.getService(SystemServiceRegistry.java:2784)
09-10 09:48:22.875  6497  6539 E SystemServiceRegistry: 	at android.app.SystemServiceRegistry.getSystemService(SystemServiceRegistry.java:2297)
09-10 09:48:22.875  6497  6539 E SystemServiceRegistry: 	at android.app.ContextImpl.getSystemService(ContextImpl.java:2450)
09-10 09:48:22.875  6497  6539 E SystemServiceRegistry: 	at android.content.Context.getSystemService(Context.java:4916)
09-10 09:48:22.875  6497  6539 E SystemServiceRegistry: 	at com.android.server.display.DisplayManagerService.getUserManager(go/retraceme 56cb9c0977ae9f67603f451f002522c463042b44293aaef01295dafee5e0332e:4)
09-10 09:48:22.875  6497  6539 E SystemServiceRegistry: 	at com.android.server.display.DisplayManagerService.getStoredUserPreferredModeLocked(go/retraceme 56cb9c0977ae9f67603f451f002522c463042b44293aaef01295dafee5e0332e:0)
09-10 09:48:22.875  6497  6539 E SystemServiceRegistry: 	at com.android.server.display.LogicalDisplayMapper.sendUpdatesForDisplaysLocked(go/retraceme 56cb9c0977ae9f67603f451f002522c463042b44293aaef01295dafee5e0332e:549)
09-10 09:48:22.875  6497  6539 E SystemServiceRegistry: 	at com.android.server.display.LogicalDisplayMapper.updateLogicalDisplaysLocked(go/retraceme 56cb9c0977ae9f67603f451f002522c463042b44293aaef01295dafee5e0332e:875)
09-10 09:48:22.875  6497  6539 E SystemServiceRegistry: 	at com.android.server.display.LogicalDisplayMapper.updateLogicalDisplaysLocked$1(go/retraceme 56cb9c0977ae9f67603f451f002522c463042b44293aaef01295dafee5e0332e:2)
09-10 09:48:22.875  6497  6539 E SystemServiceRegistry: 	at com.android.server.display.DisplayDeviceRepository.sendEventLocked(go/retraceme 56cb9c0977ae9f67603f451f002522c463042b44293aaef01295dafee5e0332e:395)
09-10 09:48:22.875  6497  6539 E SystemServiceRegistry: 	at com.android.server.display.DisplayDeviceRepository.onDisplayDeviceEvent(go/retraceme 56cb9c0977ae9f67603f451f002522c463042b44293aaef01295dafee5e0332e:540)
09-10 09:48:22.875  6497  6539 E SystemServiceRegistry: 	at com.android.server.display.DisplayAdapter$$ExternalSyntheticLambda1.run(go/retraceme 56cb9c0977ae9f67603f451f002522c463042b44293aaef01295dafee5e0332e:10)
09-10 09:48:22.875  6497  6539 E SystemServiceRegistry: 	at android.os.Handler.handleCallback(Handler.java:1095)
09-10 09:48:22.875  6497  6539 E SystemServiceRegistry: 	at android.os.Handler.dispatchMessageImpl(Handler.java:135)
09-10 09:48:22.875  6497  6539 E SystemServiceRegistry: 	at android.os.Handler.dispatchMessage(Handler.java:125)
09-10 09:48:22.875  6497  6539 E SystemServiceRegistry: 	at android.os.Looper.loopOnce(Looper.java:296)
09-10 09:48:22.875  6497  6539 E SystemServiceRegistry: 	at android.os.Looper.loop(Looper.java:397)
09-10 09:48:22.875  6497  6539 E SystemServiceRegistry: 	at android.os.HandlerThread.run(HandlerThread.java:139)
09-10 09:48:22.875  6497  6539 E SystemServiceRegistry: 	at com.android.server.ServiceThread.run(ServiceThread.java:46)
09-10 09:48:22.878  6497  6539 E SystemServiceRegistry: Manager wrapper not available: user
09-10 09:48:22.881  6497  6539 I DisplayTopologyCoordinator: Display 0 added, new topology: DisplayTopology:
09-10 09:48:22.881  6497  6539 I DisplayTopologyCoordinator: --------------------
09-10 09:48:22.881  6497  6539 I DisplayTopologyCoordinator:   mPrimaryDisplayId: 0
09-10 09:48:22.881  6497  6539 I DisplayTopologyCoordinator:   Topology tree:
09-10 09:48:22.881  6497  6539 I DisplayTopologyCoordinator:     Display {id=0, logical width=384, logical height=384, logical density=320, position=left, offset=0.0}
09-10 09:48:22.883  6497  6539 W DisplayManagerService: Not sending topology, mInputManagerInternal is null
09-10 09:48:22.883  6497  6497 D SystemServerTiming: StartDomainVerificationService
09-10 09:48:22.886  6497  6497 D SystemServerTiming: StartPackageManagerService
09-10 09:48:22.886  6497  6497 I Watchdog: Pausing HandlerChecker: main thread for reason: packagemanagermain. Pause count: 1
09-10 09:48:22.887  6497  6497 D PackageManagerTiming: create package manager
09-10 09:48:22.892  6497  6497 D PackageManagerTiming: createSubComponents
09-10 09:48:22.895  6356  6371 D Diag_Lib: diag: Diag_LSM_Init: invoked for pid: 6356 with init_count: 0
09-10 09:48:22.896  6356  6371 D Diag_Lib: diag:failed to connect to diag socket
09-10 09:48:22.896  6356  6371 D Diag_Lib:  Diag_LSM_Init: Failed to open handle to diag driver, error = 111
09-10 09:48:22.896  6356  6371 I ATS     : vendor/qcom/sw5100-lw4/proprietary-audio/args/acdb/ats/transports/diag/linux/actp/src/actp.c:actp_diag_init:105 Error[1]: Failed to initialize DIAG
09-10 09:48:22.896  6356  6371 E ATS     : vendor/qcom/sw5100-lw4/proprietary-audio/args/acdb/ats/src/ats.c:ats_init:143 Error[1]: Failed to initialize Diag
09-10 09:48:22.896  6356  6371 E ATS     : vendor/qcom/sw5100-lw4/proprietary-audio/args/acdb/ats/src/ats.c:ats_init:263 Error[1]: Failed to initialize ATS
09-10 09:48:22.896  6356  6371 E AGM: API: ats_init_thread: 64 ats_init failed retry 18 err 1
09-10 09:48:22.909  6497  6497 I UserManagerService: Upgrading users from userVersion 11 to 11
09-10 09:48:22.909  6497  6497 I UserManagerService: Forcing an upgrade due to flagged changes
09-10 09:48:22.928  6497  6497 I SELinux : SELinux: Loaded file context from:
09-10 09:48:22.928  6497  6497 I SELinux : 		/system/etc/selinux/plat_file_contexts
09-10 09:48:22.928  6497  6497 I SELinux : 		/system_ext/etc/selinux/system_ext_file_contexts
09-10 09:48:22.928  6497  6497 I SELinux : 		/product/etc/selinux/product_file_contexts
09-10 09:48:22.928  6497  6497 I SELinux : 		/vendor/etc/selinux/vendor_file_contexts
09-10 09:48:22.928  6497  6497 I SELinux : 		/odm/etc/selinux/odm_file_contexts
09-10 09:48:22.948  6497  6497 D PackageManagerTiming: get system config
09-10 09:48:22.948  6497  6497 D PackageManagerTiming: addSharedUsers
09-10 09:48:22.955  6497  6497 D SELinuxMMAC: Using policy file /system/etc/selinux/plat_mac_permissions.xml
09-10 09:48:22.963  6497  6497 D SELinuxMMAC: Using policy file /system_ext/etc/selinux/system_ext_mac_permissions.xml
09-10 09:48:22.965  6497  6497 D SELinuxMMAC: Using policy file /product/etc/selinux/product_mac_permissions.xml
09-10 09:48:22.966  6497  6497 D SELinuxMMAC: Using policy file /vendor/etc/selinux/vendor_mac_permissions.xml
09-10 09:48:22.968  6497  6497 D SELinuxMMAC: Using policy file /odm/etc/selinux/odm_mac_permissions.xml
09-10 09:48:22.970  6497  6497 D PackageManagerTiming: loadFallbacks
09-10 09:48:22.972  6497  6497 D FallbackCategoryProvider: Found 1 fallback categories
09-10 09:48:22.973  6497  6497 D PackageManagerTiming: read user settings
09-10 09:48:23.201  6497  6497 W PackageManager: No package known for package restrictions com.google.android.devicelock
09-10 09:48:23.203  6497  6497 W PackageManager: No package known for package restrictions com.google.android.tzdata6
09-10 09:48:23.203  6497  6497 W PackageManager: No package known for package restrictions com.google.android.ondevicepersonalization
09-10 09:48:23.206  6497  6497 W PackageManager: No package known for package restrictions com.google.android.media.swcodec
09-10 09:48:23.206  6497  6497 W PackageManager: No package known for package restrictions com.google.android.os.statsd
09-10 09:48:23.207  6497  6497 W PackageManager: No package known for package restrictions com.google.android.widevine.nonupdatable
09-10 09:48:23.212  6497  6497 W PackageManager: No package known for package restrictions com.google.android.bt
09-10 09:48:23.213  6497  6497 W PackageManager: No package known for package restrictions com.google.android.healthfitness
09-10 09:48:23.213  6497  6497 W PackageManager: No package known for package restrictions com.google.android.gmssystem
09-10 09:48:23.214  6497  6497 W PackageManager: No package known for package restrictions com.google.android.ipsec
09-10 09:48:23.214  6497  6497 W PackageManager: No package known for package restrictions com.google.android.media
09-10 09:48:23.215  6497  6497 W PackageManager: No package known for package restrictions com.google.android.uprobestats
09-10 09:48:23.215  6497  6497 W PackageManager: No package known for package restrictions com.android.i18n
09-10 09:48:23.215  6497  6497 W PackageManager: No package known for package restrictions com.android.virt
09-10 09:48:23.216  6497  6497 W PackageManager: No package known for package restrictions com.google.android.nfcservices
09-10 09:48:23.217  6497  6497 W PackageManager: No package known for package restrictions com.google.android.appsearch
09-10 09:48:23.217  6497  6497 W PackageManager: No package known for package restrictions com.google.android.configinfrastructure
09-10 09:48:23.218  6497  6497 W PackageManager: No package known for package restrictions com.google.android.cellbroadcast
09-10 09:48:23.218  6497  6497 W PackageManager: No package known for package restrictions com.android.apex.cts.shim
09-10 09:48:23.218  6497  6497 W PackageManager: No package known for package restrictions com.google.android.resolv
09-10 09:48:23.218  6497  6497 W PackageManager: No package known for package restrictions com.google.android.sdkext
09-10 09:48:23.219  6497  6497 W PackageManager: No package known for package restrictions com.google.android.art
09-10 09:48:23.220  6497  6497 W PackageManager: No package known for package restrictions com.google.android.uwb
09-10 09:48:23.221  6497  6497 W PackageManager: No package known for package restrictions com.android.hardware.biometrics.fingerprint.virtual
09-10 09:48:23.221  6497  6497 W PackageManager: No package known for package restrictions com.google.android.runtime
09-10 09:48:23.222  6497  6497 W PackageManager: No package known for package restrictions com.google.android.adservices
09-10 09:48:23.223  6497  6497 W PackageManager: No package known for package restrictions com.google.android.crashrecovery
09-10 09:48:23.223  6497  6497 W PackageManager: No package known for package restrictions com.google.android.scheduling
09-10 09:48:23.224  6497  6497 W PackageManager: No package known for package restrictions com.google.android.mediaprovider
09-10 09:48:23.224  6497  6497 W PackageManager: No package known for package restrictions com.android.webapp
09-10 09:48:23.225  6497  6497 W PackageManager: No package known for package restrictions com.google.android.permission
09-10 09:48:23.225  6497  6497 W PackageManager: No package known for package restrictions com.google.android.profiling
09-10 09:48:23.227  6497  6497 W PackageManager: No package known for package restrictions com.android.extservices
09-10 09:48:23.229  6497  6497 W PackageManager: No package known for package restrictions com.google.android.neuralnetworks
09-10 09:48:23.229  6497  6497 W PackageManager: No package known for package restrictions com.google.android.tethering
09-10 09:48:23.229  6497  6497 W PackageManager: No package known for package restrictions com.google.pixelwatchambient
09-10 09:48:23.229  6497  6497 W PackageManager: No package known for package restrictions com.google.android.adbd
09-10 09:48:23.230  6497  6497 W PackageManager: No package known for package restrictions com.google.android.rkpd
09-10 09:48:23.230  6497  6497 W PackageManager: No package known for package restrictions com.google.android.wifi
09-10 09:48:23.230  6497  6497 W PackageManager: No package known for package restrictions com.google.android.telephonycore
09-10 09:48:23.230  6497  6497 W PackageManager: No package known for package restrictions com.android.npumanager
09-10 09:48:23.230  6497  6497 W PackageManager: No package known for package restrictions com.google.android.conscrypt
09-10 09:48:23.243  6497  6497 W PackageSettings: Missing permission state for package com.google.omadm.trigger on user 0
09-10 09:48:23.244  6497  6497 W PackageSettings: Missing permission state for package com.google.android.apps.wearable.settings.overlay.pixel.watch on user 0
09-10 09:48:23.244  6497  6497 W PackageSettings: Missing permission state for package com.android.cts.priv.ctsshim on user 0
09-10 09:48:23.244  6497  6497 W PackageSettings: Missing permission state for package com.google.android.apps.weather on user 0
09-10 09:48:23.244  6497  6497 W PackageSettings: Missing permission state for package com.android.sdm.plugins.connmo on user 0
09-10 09:48:23.244  6497  6497 W PackageSettings: Missing permission state for package com.google.android.crossdeviceaccessservice on user 0
09-10 09:48:23.244  6497  6497 W PackageSettings: Missing permission state for package com.google.android.telecomresources.dialer.overlay on user 0
09-10 09:48:23.244  6497  6497 W PackageSettings: Missing permission state for package com.google.android.pixelsystemservice on user 0
09-10 09:48:23.245  6497  6497 W PackageSettings: Missing permission state for package com.google.android.apps.wearable.pixelwatchpermissions on user 0
09-10 09:48:23.245  6497  6497 W PackageSettings: Missing permission state for package android.overlay.disallow.speaker.use on user 0
09-10 09:48:23.245  6497  6497 W PackageSettings: Missing permission state for package com.google.android.ext.shared on user 0
09-10 09:48:23.245  6497  6497 W PackageSettings: Missing permission state for package com.android.virtualmachine.res on user 0
09-10 09:48:23.245  6497  6497 W PackageSettings: Missing permission state for package com.google.android.clockwork.flashlight on user 0
09-10 09:48:23.245  6497  6497 W PackageSettings: Missing permission state for package com.google.android.federatedcompute on user 0
09-10 09:48:23.245  6497  6497 W PackageSettings: Missing permission state for package com.google.android.wearable.sysui on user 0
09-10 09:48:23.245  6497  6497 W PackageSettings: Missing permission state for package com.google.android.wearable.sysui.overlay.quickactions.pixelwatch on user 0
09-10 09:48:23.245  6497  6497 W PackageSettings: Missing permission state for package com.android.wearable.overlay.com.google.android.wearable.sysui on user 0
09-10 09:48:23.246  6497  6497 W PackageSettings: Missing permission state for package com.google.android.apps.messaging.overlay.wearmaterial.pixelwatch on user 0
09-10 09:48:23.246  6497  6497 W PackageSettings: Missing permission state for package com.google.euiccpixel on user 0
09-10 09:48:23.246  6497  6497 W PackageSettings: Missing permission state for package com.google.android.wearable.weather on user 0
09-10 09:48:23.246  6497  6497 W PackageSettings: Missing permission state for package com.android.providers.telephony.auto_generated_characteristics_rro on user 0
09-10 09:48:23.246  6497  6497 W PackageSettings: Missing permission state for package com.google.android.wearable.setupwizard.overlay.fastpair.pixelwatch.eos on user 0
09-10 09:48:23.246  6497  6497 W PackageSettings: Missing permission state for package com.qualcomm.uimremoteclient on user 0
09-10 09:48:23.246  6497  6497 W PackageSettings: Missing permission state for package com.google.android.grilservice.overlay.pixelwatch on user 0
09-10 09:48:23.247  6497  6497 W PackageSettings: Missing permission state for package com.whatsapp on user 0
09-10 09:48:23.247  6497  6497 W PackageSettings: Missing permission state for package com.google.android.telecomui on user 0
09-10 09:48:23.247  6497  6497 W PackageSettings: Missing permission state for package android.service.displayoffload.resources on user 0
09-10 09:48:23.247  6497  6497 W PackageSettings: Missing permission state for package com.google.android.wearable.setupwizard on user 0
09-10 09:48:23.247  6497  6497 W PackageSettings: Missing permission state for package com.google.android.resources.overlay.batterystats on user 0
09-10 09:48:23.247  6497  6497 W PackageSettings: Missing permission state for package com.google.android.health.connect.backuprestore on user 0
09-10 09:48:23.247  6497  6497 W PackageSettings: Missing permission state for package com.google.android.apps.messaging on user 0
09-10 09:48:23.247  6497  6497 W PackageSettings: Missing permission state for package com.google.android.wearable.setupwizard.overlay.pixel.watch on user 0
09-10 09:48:23.247  6497  6497 W PackageSettings: Missing permission state for package com.google.android.configupdater on user 0
09-10 09:48:23.247  6497  6497 W PackageSettings: Missing permission state for package com.google.android.providers.media.module on user 0
09-10 09:48:23.247  6497  6497 W PackageSettings: Missing permission state for package com.google.android.pixel.watch.wearable.resources.overlayEnableBIP on user 0
09-10 09:48:23.247  6497  6497 W PackageSettings: Missing permission state for package com.qualcomm.uimremoteserver on user 0
09-10 09:48:23.247  6497  6497 W PackageSettings: Missing permission state for package com.android.se.overlay.target on user 0
09-10 09:48:23.247  6497  6497 W PackageSettings: Missing permission state for package com.google.android.apps.safetyhub on user 0
09-10 09:48:23.247  6497  6497 W PackageSettings: Missing permission state for package com.google.android.hotspot2.osulogin on user 0
09-10 09:48:23.247  6497  6497 W PackageSettings: Missing permission state for package com.android.vending on user 0
09-10 09:48:23.247  6497  6497 W PackageSettings: Missing permission state for package com.google.android.adservices.api on user 0
09-10 09:48:23.248  6497  6497 W PackageSettings: Missing permission state for package android.autoinstalls.config.google.wear on user 0
09-10 09:48:23.248   397   419 E pixelstats-uevent: Unable to read  - No such file or directory
09-10 09:48:23.248  6497  6497 W PackageSettings: Missing permission state for package com.google.android.wearable.app.overlay.wearmaterial.pixelwatch on user 0
09-10 09:48:23.248  6497  6497 W PackageSettings: Missing permission state for package com.google.android.clockwork.nfc on user 0
09-10 09:48:23.248  6497  6497 W PackageSettings: Missing permission state for package com.android.modulemetadata on user 0
09-10 09:48:23.248  6497  6497 W PackageSettings: Missing permission state for package com.android.certinstaller on user 0
09-10 09:48:23.248  6497  6497 W PackageSettings: Missing permission state for package com.google.android.wearable.lw on user 0
09-10 09:48:23.248  6497  6497 W PackageSettings: Missing permission state for package com.google.android.marvin.talkback on user 0
09-10 09:48:23.248  6497  6497 W PackageSettings: Missing permission state for package com.android.phone.overlay.lte.pixelwatch on user 0
09-10 09:48:23.248  6497  6497 W PackageSettings: Missing permission state for package com.google.android.connectivity.resources.overlay.pixelwatch on user 0
09-10 09:48:23.248  6497  6497 W PackageSettings: Missing permission state for package com.android.hotwordenrollment.xgoogle on user 0
09-10 09:48:23.248  6497  6497 W PackageSettings: Missing permission state for package com.google.android.wearable.dwf.receiver on user 0
09-10 09:48:23.248  6497  6497 W PackageSettings: Missing permission state for package com.google.android.grilservice on user 0
09-10 09:48:23.248  6497  6497 W PackageSettings: Missing permission state for package com.android.appsearch.aiseal.config on user 0
09-10 09:48:23.248  6497  6497 W PackageSettings: Missing permission state for package com.google.android.sdksandbox on user 0
09-10 09:48:23.248  6497  6497 W PackageSettings: Missing permission state for package com.test.watchprobe on user 0
09-10 09:48:23.248  6497  6497 W PackageSettings: Missing permission state for package com.android.backupconfirm on user 0
09-10 09:48:23.248  6497  6497 W PackageSettings: Missing permission state for package com.google.android.deskclock on user 0
09-10 09:48:23.248  6497  6497 W PackageSettings: Missing permission state for package com.test.crossdevicepoc on user 0
09-10 09:48:23.249  6497  6497 W PackageSettings: Missing permission state for package org.codeaurora.ims on user 0
09-10 09:48:23.249  6497  6497 W PackageSettings: Missing permission state for package com.google.android.gm on user 0
09-10 09:48:23.249  6497  6497 W PackageSettings: Missing permission state for package com.google.android.carrier on user 0
09-10 09:48:23.249  6497  6497 W PackageSettings: Missing permission state for package com.google.android.permissioncontroller on user 0
09-10 09:48:23.249  6497  6497 W PackageSettings: Missing permission state for package com.android.wearable.resources on user 0
09-10 09:48:23.249  6497  6497 W PackageSettings: Missing permission state for package com.android.hotwordenrollment.okgoogle on user 0
09-10 09:48:23.249  6497  6497 W PackageSettings: Missing permission state for package com.google.android.wearable.pixel.pdms on user 0
09-10 09:48:23.249  6497  6497 W PackageSettings: Missing permission state for package com.android.sdm.plugins.diagmon on user 0
09-10 09:48:23.250  6497  6497 W PackageSettings: Missing permission state for package com.christan.google_ass_tv_poc on user 0
09-10 09:48:23.250  6497  6497 W PackageSettings: Missing permission state for package com.google.android.devicelockcontroller on user 0
09-10 09:48:23.250  6497  6497 W PackageSettings: Missing permission state for package com.google.android.dialer on user 0
09-10 09:48:23.250  6497  6497 W PackageSettings: Missing permission state for package com.fitbit.ecg on user 0
09-10 09:48:23.250  6497  6497 W PackageSettings: Missing permission state for package com.google.android.captiveportallogin on user 0
09-10 09:48:23.250  6497  6497 W PackageSettings: Missing permission state for package com.google.android.wearable.protolayout.renderer on user 0
09-10 09:48:23.250  6497  6497 W PackageSettings: Missing permission state for package android.auto_generated_characteristics_rro on user 0
09-10 09:48:23.250  6497  6497 W PackageSettings: Missing permission state for package com.google.android.appsearch.apk on user 0
09-10 09:48:23.250  6497  6497 W PackageSettings: Missing permission state for package com.google.android.gsmediator on user 0
09-10 09:48:23.250  6497  6497 W PackageSettings: Missing permission state for package com.google.android.apps.maps on user 0
09-10 09:48:23.250  6497  6497 W PackageSettings: Missing permission state for package com.google.android.apps.wearable.settings.overlay.preferences.pixelwatch on user 0
09-10 09:48:23.250  6497  6497 W PackageSettings: Missing permission state for package com.android.webapp.service on user 0
09-10 09:48:23.250  6497  6497 W PackageSettings: Missing permission state for package com.google.android.pixel.watch.android.resources.overlay2023 on user 0
09-10 09:48:23.250  6497  6497 W PackageSettings: Missing permission state for package com.google.clockwork.watchface.runtime.overlay on user 0
09-10 09:48:23.251  6497  6497 W PackageSettings: Missing permission state for package com.android.cellbroadcastreceiver on user 0
09-10 09:48:23.251  6497  6497 W PackageSettings: Missing permission state for package com.google.android.apps.carrier.log on user 0
09-10 09:48:23.251  6497  6497 W PackageSettings: Missing permission state for package com.google.android.rkpdapp on user 0
09-10 09:48:23.251  6497  6497 W PackageSettings: Missing permission state for package com.google.android.contacts on user 0
09-10 09:48:23.251  6497  6497 W PackageSettings: Missing permission state for package com.poc.avatarleak on user 0
09-10 09:48:23.251  6497  6497 W PackageSettings: Missing permission state for package com.android.phone.auto_generated_characteristics_rro on user 0
09-10 09:48:23.251  6497  6497 W PackageSettings: Missing permission state for package com.google.android.packageinstaller on user 0
09-10 09:48:23.251  6497  6497 W PackageSettings: Missing permission state for package com.google.android.gms on user 0
09-10 09:48:23.251  6497  6497 W PackageSettings: Missing permission state for package com.google.android.tts on user 0
09-10 09:48:23.251  6497  6497 W PackageSettings: Missing permission state for package android.ext.services on user 0
09-10 09:48:23.251  6497  6497 W PackageSettings: Missing permission state for package com.google.android.apps.walletnfcrel on user 0
09-10 09:48:23.251  6497  6497 W PackageSettings: Missing permission state for package com.android.carrierdefaultapp on user 0
09-10 09:48:23.251  6497  6497 W PackageSettings: Missing permission state for package com.google.android.apps.wearable.settings.overlay.pixel.watch2023 on user 0
09-10 09:48:23.251  6497  6497 W PackageSettings: Missing permission state for package com.google.wear.services.overlay.pixelwatch.watchfaces.v2 on user 0
09-10 09:48:23.252  6497  6497 W PackageSettings: Missing permission state for package com.android.credentialmanager on user 0
09-10 09:48:23.252  6497  6497 W PackageSettings: Missing permission state for package com.google.android.safetycenter.resources on user 0
09-10 09:48:23.252  6497  6497 W PackageSettings: Missing permission state for package com.google.clockwork.overlay.frameworks on user 0
09-10 09:48:23.252  6497  6497 W PackageSettings: Missing permission state for package com.android.intentresolver on user 0
09-10 09:48:23.252  6497  6497 W PackageSettings: Missing permission state for package com.google.android.connectivity.resources on user 0
09-10 09:48:23.252  6497  6497 W PackageSettings: Missing permission state for package com.google.android.apps.photos on user 0
09-10 09:48:23.252  6497  6497 W PackageSettings: Missing permission state for package com.google.android.calendar on user 0
09-10 09:48:23.252  6497  6497 W PackageSettings: Missing permission state for package com.android.managedprovisioning on user 0
09-10 09:48:23.252  6497  6497 W PackageSettings: Missing permission state for package com.google.android.apps.wearable.settings.overlay.wearmaterial.pixelwatch on user 0
09-10 09:48:23.252  6497  6497 W PackageSettings: Missing permission state for package com.spotify.music on user 0
09-10 09:48:23.252  6497  6497 W PackageSettings: Missing permission state for package com.google.android.pixelnfc on user 0
09-10 09:48:23.252  6497  6497 W PackageSettings: Missing permission state for package com.google.android.pixel.watch.wearable.resources.overlay on user 0
09-10 09:48:23.252  6497  6497 W PackageSettings: Missing permission state for package com.google.android.apps.wearable.systemui.wearmaterial.pixelwatch on user 0
09-10 09:48:23.253  6497  6497 W PackageSettings: Missing permission state for package com.android.sdm.plugins.dcmo on user 0
09-10 09:48:23.253  6497  6497 W PackageSettings: Missing permission state for package com.google.android.wearable.watchface.rwf on user 0
09-10 09:48:23.253  6497  6497 W PackageSettings: Missing permission state for package com.google.android.pixel.watch.android.resources.haptics on user 0
09-10 09:48:23.253  6497  6497 W PackageSettings: Missing permission state for package com.google.android.euicc.wear on user 0
09-10 09:48:23.253  6497  6497 W PackageSettings: Missing permission state for package com.google.android.wearable.healthservices on user 0
09-10 09:48:23.253  6497  6497 W PackageSettings: Missing permission state for package com.poc.bal on user 0
09-10 09:48:23.253  6497  6497 W PackageSettings: Missing permission state for package com.google.android.apps.wearable.retailattractloop on user 0
09-10 09:48:23.253  6497  6497 W PackageSettings: Missing permission state for package com.google.android.pixel.watch.wearable.resources.overlay2023 on user 0
09-10 09:48:23.253  6497  6497 W PackageSettings: Missing permission state for package com.google.android.clockwork.font.sandbox.impl on user 0
09-10 09:48:23.253  6497  6497 W PackageSettings: Missing permission state for package com.google.android.telecomresources on user 0
09-10 09:48:23.254  6497  6497 W PackageSettings: Missing permission state for package com.poc.silentsms on user 0
09-10 09:48:23.254  6497  6497 W PackageSettings: Missing permission state for package com.google.android.healthconnect.controller on user 0
09-10 09:48:23.254  6497  6497 W PackageSettings: Missing permission state for package com.google.android.wearable.pixel.aspen on user 0
09-10 09:48:23.254  6497  6497 W PackageSettings: Missing permission state for package com.google.android.wearable.assistant on user 0
09-10 09:48:23.254  6497  6497 W PackageSettings: Missing permission state for package com.google.android.wearable.media.sessions on user 0
09-10 09:48:23.254  6497  6497 W PackageSettings: Missing permission state for package com.google.android.wearable.sysui.overlay.pixelwatch2023 on user 0
09-10 09:48:23.254  6497  6497 W PackageSettings: Missing permission state for package com.google.android.gms.supervision on user 0
09-10 09:48:23.254  6497  6497 W PackageSettings: Missing permission state for package com.google.android.wearable.watchface.rwf.overlay.wearmaterial.pixelwatch on user 0
09-10 09:48:23.254  6497  6497 W PackageSettings: Missing permission state for package com.android.wifi.resources.overlay.pixelwatch on user 0
09-10 09:48:23.255  6497  6497 W PackageSettings: Missing permission state for package com.google.android.wearable.sysui.overlay.notification.pixelwatch on user 0
09-10 09:48:23.255  6497  6497 W PackageSettings: Missing permission state for package com.qualcomm.qti.ims on user 0
09-10 09:48:23.255  6497  6497 W PackageSettings: Missing permission state for package com.fitbit.FitbitMobile on user 0
09-10 09:48:23.255  6497  6497 W PackageSettings: Missing permission state for package com.google.android.apps.scone on user 0
09-10 09:48:23.255  6497  6497 W PackageSettings: Missing permission state for package com.google.android.wearable.app on user 0
09-10 09:48:23.255  6497  6497 W PackageSettings: Missing permission state for package android.overlay.com.google.android.wearable.sysui on user 0
09-10 09:48:23.255  6497  6497 W PackageSettings: Missing permission state for package com.google.android.uwb.resources on user 0
09-10 09:48:23.255  6497  6497 W PackageSettings: Missing permission state for package com.google.android.permissioncontroller.overlay.pixel.watch.config on user 0
09-10 09:48:23.255  6497  6497 W PackageSettings: Missing permission state for package com.google.android.apps.chromecast.app on user 0
09-10 09:48:23.255  6497  6497 W PackageSettings: Missing permission state for package com.android.cts.ctsshim on user 0
09-10 09:48:23.255  6497  6497 W PackageSettings: Missing permission state for package com.google.android.wifi.resources on user 0
09-10 09:48:23.255  6497  6497 W PackageSettings: Missing permission state for package com.google.android.wifi.dialog on user 0
09-10 09:48:23.255  6497  6497 W PackageSettings: Missing permission state for package com.google.android.wearable.settings.overlay.pdms.autobedtimemode on user 0
09-10 09:48:23.255  6497  6497 W PackageSettings: Missing permission state for package com.google.android.inputmethod.latin.overlay.wearmaterial.pixelwatch on user 0
09-10 09:48:23.255  6497  6497 W PackageSettings: Missing permission state for package com.google.android.keep on user 0
09-10 09:48:23.255  6497  6497 W PackageSettings: Missing permission state for package com.test.datalayer on user 0
09-10 09:48:23.256  6497  6497 W PackageSettings: Missing permission state for package com.google.wear.services.overlay2023 on user 0
09-10 09:48:23.256  6497  6497 W PackageSettings: Missing permission state for package com.google.android.wearable.sysui.overlay.wearmaterial.pixelwatch on user 0
09-10 09:48:23.256  6497  6497 W PackageSettings: Missing permission state for package com.google.android.ondevicepersonalization.services on user 0
09-10 09:48:23.256  6497  6497 W PackageSettings: Missing permission state for package com.google.android.hardwareinfo on user 0
09-10 09:48:23.256  6497  6497 W PackageSettings: Missing permission state for package com.google.android.apps.youtube.music on user 0
09-10 09:48:23.256  6497  6497 W PackageSettings: Missing permission state for package com.qualcomm.qti.confdialer on user 0
09-10 09:48:23.256  6497  6497 W PackageSettings: Missing permission state for package com.google.android.cellbroadcastreceiver on user 0
09-10 09:48:23.256  6497  6497 W PackageSettings: Missing permission state for package com.google.android.apps.scone.coex.overlay.pixelwatch on user 0
09-10 09:48:23.256  6497  6497 W PackageSettings: Missing permission state for package com.google.android.wearable.app.overlay.tiles.pixelwatch on user 0
09-10 09:48:23.256  6497  6497 W PackageSettings: Missing permission state for package com.research.providerprobe on user 0
09-10 09:48:23.256  6497  6497 W PackageSettings: Missing permission state for package com.google.android.wearable.fitbit.retaildemo on user 0
09-10 09:48:23.256  6497  6497 W PackageSettings: Missing permission state for package com.google.android.wearable.setupwizard.overlay.wearmaterial.pixelwatch on user 0
09-10 09:48:23.256  6497  6497 W PackageSettings: Missing permission state for package com.google.android.apps.adm on user 0
09-10 09:48:23.256  6497  6497 W PackageSettings: Missing permission state for package com.poc.lockbypass on user 0
09-10 09:48:23.256  6497  6497 W PackageSettings: Missing permission state for package com.qualcomm.timeservice on user 0
09-10 09:48:23.256  6497  6497 W PackageSettings: Missing permission state for package com.google.android.telecomresources.clockwork.overlay on user 0
09-10 09:48:23.256  6497  6497 W PackageSettings: Missing permission state for package com.google.android.wearable.cavalry on user 0
09-10 09:48:23.257  6497  6497 W PackageSettings: Missing permission state for package com.vrp.poc on user 0
09-10 09:48:23.257  6497  6497 W PackageSettings: Missing permission state for package com.google.android.wearable.diagnosticstool on user 0
09-10 09:48:23.257  6497  6497 W PackageSettings: Missing permission state for package com.google.android.wearable.frameworkpackagestubs on user 0
09-10 09:48:23.257  6497  6497 W PackageSettings: Missing permission state for package com.google.wear.watchface.runtime on user 0
09-10 09:48:23.257  6497  6497 W PackageSettings: Missing permission state for package com.google.android.GoogleCamera on user 0
09-10 09:48:23.257  6497  6497 W PackageSettings: Missing permission state for package com.google.android.apps.pixel.dcservice on user 0
09-10 09:48:23.257  6497  6497 W PackageSettings: Missing permission state for package com.google.android.photopicker on user 0
09-10 09:48:23.257  6497  6497 W PackageSettings: Missing permission state for package com.google.android.inputmethod.latin on user 0
09-10 09:48:23.257  6497  6497 W PackageSettings: Missing permission state for shared user: android.uid.log
09-10 09:48:23.257  6497  6497 W PackageSettings: Missing permission state for shared user: android.uid.uwb
09-10 09:48:23.261  1419  1419 E BatteryDefender: Failed to read /sys/devices/platform/google,charger/bd_state
09-10 09:48:23.262  6497  6497 W PackageManager: Could not find package com.android.companiondevicemanager
09-10 09:48:23.270  1419  1419 E BatteryDefender: Failed to read /sys/devices/platform/google,charger/bd_state
09-10 09:48:23.345  1235  1235 I adbd    : adbd service requested 'shell,v2,TERM=xterm-256color,raw:dumpsys package providers'
09-10 09:48:23.397  6356  6371 D Diag_Lib: diag: Diag_LSM_Init: invoked for pid: 6356 with init_count: 0
09-10 09:48:23.397  6356  6371 D Diag_Lib: diag:failed to connect to diag socket
09-10 09:48:23.397  6356  6371 D Diag_Lib:  Diag_LSM_Init: Failed to open handle to diag driver, error = 111
09-10 09:48:23.398  6356  6371 I ATS     : vendor/qcom/sw5100-lw4/proprietary-audio/args/acdb/ats/transports/diag/linux/actp/src/actp.c:actp_diag_init:105 Error[1]: Failed to initialize DIAG
09-10 09:48:23.398  6356  6371 E ATS     : vendor/qcom/sw5100-lw4/proprietary-audio/args/acdb/ats/src/ats.c:ats_init:143 Error[1]: Failed to initialize Diag
09-10 09:48:23.398  6356  6371 E ATS     : vendor/qcom/sw5100-lw4/proprietary-audio/args/acdb/ats/src/ats.c:ats_init:263 Error[1]: Failed to initialize ATS
09-10 09:48:23.398  6356  6371 E AGM: API: ats_init_thread: 64 ats_init failed retry 19 err 1
09-10 09:48:23.398  6497  6497 D PackageManager: Directories scanned as system partitions: [/system:0, /vendor:524288, /odm:4194304, /oem:262144, /product:1048576, /system_ext:2097152, /apex/com.android.cellbroadcast:41943040, /apex/com.android.configinfrastructure:41943040, /apex/com.android.devicelock:41943040, /apex/com.android.rkpd:41943040, /apex/com.android.ipsec:41943040, /apex/com.android.ondevicepersonalization:41943040, /apex/com.android.adbd:41943040, /apex/com.android.os.statsd:41943040, /apex/com.android.webapp:41943040, /apex/com.android.apex.cts.shim:41943040, /apex/com.android.appsearch:41943040, /apex/com.android.art:41943040, /apex/com.android.wifi:41943040, /apex/com.android.neuralnetworks:41943040, /apex/com.android.telephonycore:41943040, /apex/com.android.media:41943040, /apex/com.android.resolv:41943040, /apex/com.android.scheduling:41943040, /apex/com.android.bt:41943040, /apex/com.android.i18n:41943040, /apex/com.android.uprobestats:41943040, /apex/com.android.extservices:41943040, /apex/com.android.nfcservices:41943040, /apex/com.android.conscrypt:41943040, /apex/com.android.permission:41943040, /apex/com.google.pixelwatchambient:42467328, /apex/com.android.tethering:41943040, /apex/com.android.crashrecovery:41943040, /apex/com.android.uwb:41943040, /apex/com.google.android.widevine:42467328, /apex/com.android.media.swcodec:41943040, /apex/com.android.adservices:41943040, /apex/com.android.hardware.biometrics.fingerprint.virtual:44040192, /apex/com.android.virt:41943040, /apex/com.android.npumanager:41943040, /apex/com.android.mediaprovider:41943040, /apex/com.android.profiling:41943040, /apex/com.android.tzdata:41943040, /apex/com.google.android.gmssystem:42991616, /apex/com.android.sdkext:41943040, /apex/com.android.runtime:41943040, /apex/com.android.healthfitness:41943040]
09-10 09:48:23.401  6497  6497 D PackageManager: Keeping known cache bf811039d2dd0b3a344154423d4bf126f803e4cc
09-10 09:48:23.485  6497  6632 D PackageCacher: Feature flags for package /system/apex/com.google.android.appsearch.apex: {android.permission.flags.access_local_network_permission_enabled=true}
09-10 09:48:23.485  6497  6630 D PackageCacher: Feature flags for package /system/apex/com.google.android.adservices.apex: {android.permission.flags.access_local_network_permission_enabled=true}
09-10 09:48:23.485  6497  6629 D PackageCacher: Feature flags for package /system/apex/com.google.android.adbd.apex: {android.permission.flags.access_local_network_permission_enabled=true}
09-10 09:48:23.485  6497  6631 D PackageCacher: Feature flags for package /system/apex/com.android.apex.cts.shim.apex: {android.permission.flags.access_local_network_permission_enabled=true}
09-10 09:48:23.487  6497  6629 D PackageCacher: Feature flags for package /system/apex/com.google.android.art.apex: {android.permission.flags.access_local_network_permission_enabled=true}
09-10 09:48:23.487  6497  6632 D PackageCacher: Feature flags for package /system/apex/com.google.android.cellbroadcast.apex: {android.permission.flags.access_local_network_permission_enabled=true}
09-10 09:48:23.488  6497  6630 D PackageCacher: Feature flags for package /system/apex/com.google.android.bt.apex: {android.permission.flags.access_local_network_permission_enabled=true}
09-10 09:48:23.488  6497  6631 D PackageCacher: Feature flags for package /system/apex/com.google.android.configinfrastructure.apex: {android.permission.flags.access_local_network_permission_enabled=true}
09-10 09:48:23.490  6497  6629 D PackageCacher: Feature flags for package /system/apex/com.google.android.crashrecovery.apex: {android.permission.flags.access_local_network_permission_enabled=true}
09-10 09:48:23.490  6497  6630 D PackageCacher: Feature flags for package /system/apex/com.android.extservices.apex: {android.permission.flags.access_local_network_permission_enabled=true}
09-10 09:48:23.490  6497  6631 D PackageCacher: Feature flags for package /system/apex/com.google.android.conscrypt.apex: {android.permission.flags.access_local_network_permission_enabled=true}
09-10 09:48:23.490  6497  6632 D PackageCacher: Feature flags for package /system/apex/com.google.android.devicelock.apex: {android.permission.flags.access_local_network_permission_enabled=true}
09-10 09:48:23.492  6497  6631 D PackageCacher: Feature flags for package /system/apex/com.google.android.ipsec.apex: {android.permission.flags.access_local_network_permission_enabled=true}
09-10 09:48:23.492  6497  6629 D PackageCacher: Feature flags for package /system/apex/com.android.i18n.apex: {android.permission.flags.access_local_network_permission_enabled=true}
09-10 09:48:23.492  6497  6632 D PackageCacher: Feature flags for package /system/apex/com.google.android.healthfitness.apex: {android.permission.flags.access_local_network_permission_enabled=true}
09-10 09:48:23.492  6497  6630 D PackageCacher: Feature flags for package /system_ext/apex/com.android.hardware.biometrics.fingerprint.virtual.apex: {android.permission.flags.access_local_network_permission_enabled=true}
09-10 09:48:23.495  6497  6632 D PackageCacher: Feature flags for package /system/apex/com.google.android.media.apex: {android.permission.flags.access_local_network_permission_enabled=true}
09-10 09:48:23.495  6497  6631 D PackageCacher: Feature flags for package /system/apex/com.google.android.media.swcodec.apex: {android.permission.flags.access_local_network_permission_enabled=true}
09-10 09:48:23.495  6497  6630 D PackageCacher: Feature flags for package /system/apex/com.google.android.neuralnetworks.apex: {android.permission.flags.access_local_network_permission_enabled=true}
09-10 09:48:23.495  6497  6629 D PackageCacher: Feature flags for package /system/apex/com.google.android.mediaprovider.apex: {android.permission.flags.access_local_network_permission_enabled=true}
09-10 09:48:23.497  6497  6631 D PackageCacher: Feature flags for package /system/apex/com.android.npumanager.apex: {android.permission.flags.access_local_network_permission_enabled=true}
09-10 09:48:23.498  6497  6630 D PackageCacher: Feature flags for package /system/apex/com.google.android.nfcservices.apex: {android.permission.flags.access_local_network_permission_enabled=true}
09-10 09:48:23.498  6497  6629 D PackageCacher: Feature flags for package /system/apex/com.google.android.os.statsd.apex: {android.permission.flags.access_local_network_permission_enabled=true}
09-10 09:48:23.498  6497  6632 D PackageCacher: Feature flags for package /system/apex/com.google.android.ondevicepersonalization.apex: {android.permission.flags.access_local_network_permission_enabled=true}
09-10 09:48:23.500  6497  6630 D PackageCacher: Feature flags for package /system/apex/com.google.android.resolv.apex: {android.permission.flags.access_local_network_permission_enabled=true}
09-10 09:48:23.500  6497  6629 D PackageCacher: Feature flags for package /system/apex/com.google.android.profiling.apex: {android.permission.flags.access_local_network_permission_enabled=true}
09-10 09:48:23.500  6497  6632 D PackageCacher: Feature flags for package /system/apex/com.google.android.rkpd.apex: {android.permission.flags.access_local_network_permission_enabled=true}
09-10 09:48:23.502  6497  6631 D PackageCacher: Feature flags for package /system/apex/com.google.android.permission.apex: {android.permission.flags.access_local_network_permission_enabled=true}
09-10 09:48:23.502  6497  6630 D PackageCacher: Feature flags for package /system/apex/com.android.runtime.apex: {android.permission.flags.access_local_network_permission_enabled=true}
09-10 09:48:23.503  6497  6629 D PackageCacher: Feature flags for package /system/apex/com.google.android.sdkext.apex: {android.permission.flags.access_local_network_permission_enabled=true}
09-10 09:48:23.503  6497  6632 D PackageCacher: Feature flags for package /system/apex/com.google.android.scheduling.apex: {android.permission.flags.access_local_network_permission_enabled=true}
09-10 09:48:23.505  6497  6631 D PackageCacher: Feature flags for package /system/apex/com.google.android.telephonycore.apex: {android.permission.flags.access_local_network_permission_enabled=true}
09-10 09:48:23.505  6497  6630 D PackageCacher: Feature flags for package /system/apex/com.google.android.tethering.apex: {android.permission.flags.access_local_network_permission_enabled=true}
09-10 09:48:23.505  6497  6629 D PackageCacher: Feature flags for package /system/apex/com.google.android.uprobestats.apex: {android.permission.flags.access_local_network_permission_enabled=true}
09-10 09:48:23.505  6497  6632 D PackageCacher: Feature flags for package /system/apex/com.google.android.tzdata6.apex: {android.permission.flags.access_local_network_permission_enabled=true}
09-10 09:48:23.507  6497  6630 D PackageCacher: Feature flags for package /system/apex/com.google.android.uwb.apex: {android.permission.flags.access_local_network_permission_enabled=true}
09-10 09:48:23.507  6497  6629 D PackageCacher: Feature flags for package /system/apex/com.android.virt.apex: {android.permission.flags.access_local_network_permission_enabled=true}
09-10 09:48:23.507  6497  6631 D PackageCacher: Feature flags for package /system/apex/com.android.webapp.apex: {android.permission.flags.access_local_network_permission_enabled=true}
09-10 09:48:23.507  6497  6632 D PackageCacher: Feature flags for package /system/apex/com.google.android.wifi.apex: {android.permission.flags.access_local_network_permission_enabled=true}
09-10 09:48:23.509  6497  6629 D PackageCacher: Feature flags for package /product/apex/com.google.android.gmssystem.wearable.apex: {android.permission.flags.access_local_network_permission_enabled=true}
09-10 09:48:23.509  6497  6630 D PackageCacher: Feature flags for package /vendor/apex/com.google.pixelwatchambient.apex: {android.permission.flags.access_local_network_permission_enabled=true}
09-10 09:48:23.509  6497  6631 D PackageCacher: Feature flags for package /vendor/apex/com.google.android.widevine-15027108-cp2a.apex: {android.permission.flags.access_local_network_permission_enabled=true}
09-10 09:48:23.514  6497  6497 I PackageManager: /system/apex/com.google.android.adbd.apex changed; collecting certs
09-10 09:48:23.539  6497  6497 I PackageBackwardCompatibility: Loaded android.content.pm.AndroidTestBaseUpdater
09-10 09:48:23.549  6497  6497 I PackageManager: /system/apex/com.google.android.adservices.apex changed; collecting certs
09-10 09:48:23.560  6497  6497 I PackageManager: /system/apex/com.google.android.appsearch.apex changed; collecting certs
09-10 09:48:23.571  6497  6497 I PackageManager: /system/apex/com.android.apex.cts.shim.apex changed; collecting certs
09-10 09:48:23.581  6497  6497 I PackageManager: /system/apex/com.google.android.art.apex changed; collecting certs
09-10 09:48:23.593  6497  6497 I PackageManager: /system/apex/com.google.android.configinfrastructure.apex changed; collecting certs
09-10 09:48:23.604  6497  6497 I PackageManager: /system/apex/com.google.android.cellbroadcast.apex changed; collecting certs
09-10 09:48:23.606  6351  6351 W libbinder.ServiceManagerCppClient: Waited one second for activity (is service started? Number of threads started in the threadpool: 16. Are binder threads started and available?)
09-10 09:48:23.610   329  6633 W libc    : Unable to set property "ctl.interface_start" to "aidl/activity": PROP_ERROR_HANDLE_CONTROL_MESSAGE (0x20)
09-10 09:48:23.616  6497  6497 I PackageManager: /system/apex/com.google.android.bt.apex changed; collecting certs
09-10 09:48:23.625  6335  6394 D BootAnimation: Playing files = /product/media/bootanimation-eos-384.zip/part2, Requested repeat = 0, playUntilComplete = false
09-10 09:48:23.627  6497  6497 I PackageManager: /system/apex/com.android.extservices.apex changed; collecting certs
09-10 09:48:23.639  6497  6497 I PackageManager: /system/apex/com.google.android.devicelock.apex changed; collecting certs
09-10 09:48:23.650  6497  6497 I PackageManager: /system/apex/com.google.android.crashrecovery.apex changed; collecting certs
09-10 09:48:23.661  6497  6497 I PackageManager: /system/apex/com.google.android.conscrypt.apex changed; collecting certs
09-10 09:48:23.671  6497  6497 I PackageManager: /system/apex/com.google.android.healthfitness.apex changed; collecting certs
09-10 09:48:23.683  6497  6497 I PackageManager: /system/apex/com.google.android.ipsec.apex changed; collecting certs
09-10 09:48:23.695  6497  6497 I PackageManager: /system/apex/com.android.i18n.apex changed; collecting certs
09-10 09:48:23.705  6497  6497 I PackageManager: /system_ext/apex/com.android.hardware.biometrics.fingerprint.virtual.apex changed; collecting certs
09-10 09:48:23.717  6497  6497 I PackageManager: /system/apex/com.google.android.neuralnetworks.apex changed; collecting certs
09-10 09:48:23.729  6497  6497 I PackageManager: /system/apex/com.google.android.media.apex changed; collecting certs
09-10 09:48:23.740  6497  6497 I PackageManager: /system/apex/com.google.android.media.swcodec.apex changed; collecting certs
09-10 09:48:23.752  6497  6497 I PackageManager: /system/apex/com.google.android.mediaprovider.apex changed; collecting certs
09-10 09:48:23.763  6497  6497 I PackageManager: /system/apex/com.android.npumanager.apex changed; collecting certs
09-10 09:48:23.774  6497  6497 I PackageManager: /system/apex/com.google.android.os.statsd.apex changed; collecting certs
09-10 09:48:23.786  6497  6497 I PackageManager: /system/apex/com.google.android.nfcservices.apex changed; collecting certs
09-10 09:48:23.797  6497  6497 I PackageManager: /system/apex/com.google.android.ondevicepersonalization.apex changed; collecting certs
09-10 09:48:23.809  6497  6497 I PackageManager: /system/apex/com.google.android.resolv.apex changed; collecting certs
09-10 09:48:23.823  6497  6497 I PackageManager: /system/apex/com.google.android.profiling.apex changed; collecting certs
09-10 09:48:23.835  6497  6497 I PackageManager: /system/apex/com.google.android.rkpd.apex changed; collecting certs
09-10 09:48:23.846  6497  6497 I PackageManager: /system/apex/com.google.android.permission.apex changed; collecting certs
09-10 09:48:23.858  6497  6497 I PackageManager: /system/apex/com.android.runtime.apex changed; collecting certs
09-10 09:48:23.870  6497  6497 I PackageManager: /system/apex/com.google.android.scheduling.apex changed; collecting certs
09-10 09:48:23.882  6497  6497 I PackageManager: /system/apex/com.google.android.sdkext.apex changed; collecting certs
09-10 09:48:23.893  6497  6497 I PackageManager: /system/apex/com.google.android.tethering.apex changed; collecting certs
09-10 09:48:23.898  6356  6371 D Diag_Lib: diag: Diag_LSM_Init: invoked for pid: 6356 with init_count: 0
09-10 09:48:23.898  6356  6371 D Diag_Lib: diag:failed to connect to diag socket
09-10 09:48:23.898  6356  6371 D Diag_Lib:  Diag_LSM_Init: Failed to open handle to diag driver, error = 111
09-10 09:48:23.898  6356  6371 I ATS     : vendor/qcom/sw5100-lw4/proprietary-audio/args/acdb/ats/transports/diag/linux/actp/src/actp.c:actp_diag_init:105 Error[1]: Failed to initialize DIAG
09-10 09:48:23.898  6356  6371 E ATS     : vendor/qcom/sw5100-lw4/proprietary-audio/args/acdb/ats/src/ats.c:ats_init:143 Error[1]: Failed to initialize Diag
09-10 09:48:23.898  6356  6371 E ATS     : vendor/qcom/sw5100-lw4/proprietary-audio/args/acdb/ats/src/ats.c:ats_init:263 Error[1]: Failed to initialize ATS
09-10 09:48:23.898  6356  6371 E AGM: API: ats_init_thread: 64 ats_init failed retry 20 err 1
09-10 09:48:23.905  6497  6497 I PackageManager: /system/apex/com.google.android.uprobestats.apex changed; collecting certs
09-10 09:48:23.917  6497  6497 I PackageManager: /system/apex/com.google.android.telephonycore.apex changed; collecting certs
09-10 09:48:23.929  6497  6497 I PackageManager: /system/apex/com.google.android.tzdata6.apex changed; collecting certs
09-10 09:48:23.940  6497  6497 I PackageManager: /system/apex/com.android.virt.apex changed; collecting certs
09-10 09:48:23.952  6497  6497 I PackageManager: /system/apex/com.android.webapp.apex changed; collecting certs
09-10 09:48:23.964  6497  6497 I PackageManager: /system/apex/com.google.android.uwb.apex changed; collecting certs
09-10 09:48:23.975  6497  6497 I PackageManager: /system/apex/com.google.android.wifi.apex changed; collecting certs
09-10 09:48:23.989  6497  6497 I PackageManager: /vendor/apex/com.google.android.widevine-15027108-cp2a.apex changed; collecting certs
09-10 09:48:24.031  6497  6497 I PackageManager: /vendor/apex/com.google.pixelwatchambient.apex changed; collecting certs
09-10 09:48:24.046  6497  6497 I PackageManager: /product/apex/com.google.android.gmssystem.wearable.apex changed; collecting certs
09-10 09:48:24.046  6497  6522 I system_server: Background concurrent mark compact GC freed 10MB AllocSpace bytes, 261(10MB) LOS objects, 97% free, 6631KB/256MB, paused 1.884ms,3.906ms total 186.470ms
09-10 09:48:24.066  6497  6497 D PackageManager: No files in app dir /apex/com.google.android.gmssystem/overlay
09-10 09:48:24.066  6497  6497 D PackageManager: No files in app dir /apex/com.android.hardware.biometrics.fingerprint.virtual/overlay
09-10 09:48:24.066  6497  6497 D PackageManager: No files in app dir /apex/com.google.android.widevine/overlay
09-10 09:48:24.066  6497  6497 D PackageManager: No files in app dir /apex/com.google.pixelwatchambient/overlay
09-10 09:48:24.068  6497  6497 D PackageManager: No files in app dir /oem/overlay
09-10 09:48:24.072  6497  6629 D PackageCacher: Feature flags for package /product/overlay/PixelWatchAndroidOverlay2023.apk: {android.permission.flags.access_local_network_permission_enabled=true}
09-10 09:48:24.073  6497  6630 D PackageCacher: Feature flags for package /product/overlay/SetupWizardOverlayFastPairEos.apk: {android.permission.flags.access_local_network_permission_enabled=true}
09-10 09:48:24.073  6497  6632 D PackageCacher: Feature flags for package /system_ext/overlay/AndroidWearableOverlayPixelWatchSysUi.apk: {android.permission.flags.access_local_network_permission_enabled=true}
09-10 09:48:24.074  6497  6631 D PackageCacher: Feature flags for package /system_ext/overlay/AndroidOverlayPixelWatchSysUi.apk: {android.permission.flags.access_local_network_permission_enabled=true}
09-10 09:48:24.076  6497  6630 D PackageCacher: Feature flags for package /product/overlay/SysUIQuickActionsOverlayPixelWatch: {android.permission.flags.access_local_network_permission_enabled=true}
09-10 09:48:24.078  6497  6631 D PackageCacher: Feature flags for package /product/overlay/SysUIWearMaterialOverlayPixelWatch.apk: {android.permission.flags.access_local_network_permission_enabled=true}
09-10 09:48:24.079  6497  6629 D PackageCacher: Feature flags for package /product/overlay/DwfRuntimeOverlay: {android.permission.flags.access_local_network_permission_enabled=true}
09-10 09:48:24.079  6497  6632 D PackageCacher: Feature flags for package /product/overlay/SetupWizardOverlay.apk: {android.permission.flags.access_local_network_permission_enabled=true}
09-10 09:48:24.080  6497  6497 D PackageManager: No files in app dir /odm/priv-app
09-10 09:48:24.080  6497  6630 D PackageCacher: Feature flags for package /product/overlay/SconeCoexOverlayPixelWatch: {android.permission.flags.access_local_network_permission_enabled=true}
09-10 09:48:24.080  6497  6497 D PackageManager: No files in app dir /odm/app
09-10 09:48:24.080  6497  6497 D PackageManager: No files in app dir /oem/app
09-10 09:48:24.081  6497  6631 D PackageCacher: Feature flags for package /product/overlay/PixelWatchWearOverlayEnableBIP.apk: {android.permission.flags.access_local_network_permission_enabled=true}
09-10 09:48:24.082  6497  6632 D PackageCacher: Feature flags for package /product/overlay/TelecomDialerOverlayGoogle.apk: {android.permission.flags.access_local_network_permission_enabled=true}
09-10 09:48:24.083  6497  6629 D PackageCacher: Feature flags for package /product/overlay/WearServicesOverlayPixelWatchWatchfacesV2.apk: {android.permission.flags.access_local_network_permission_enabled=true}
09-10 09:48:24.083  6497  6631 D PackageCacher: Feature flags for package /product/overlay/GboardWearMaterialOverlayPixelWatch.apk: {android.permission.flags.access_local_network_permission_enabled=true}
09-10 09:48:24.084  6497  6630 D PackageCacher: Feature flags for package /product/overlay/FrameworksOverlayClockwork.apk: {android.permission.flags.access_local_network_permission_enabled=true}
09-10 09:48:24.085  6497  6632 D PackageCacher: Feature flags for package /product/overlay/MessageWearMaterialOverlayPixelWatch.apk: {android.permission.flags.access_local_network_permission_enabled=true}
09-10 09:48:24.085  6497  6629 D PackageCacher: Feature flags for package /product/overlay/SettingsWearMaterialOverlayPixelWatch.apk: {android.permission.flags.access_local_network_permission_enabled=true}
09-10 09:48:24.086  6497  6631 D PackageCacher: Feature flags for package /product/overlay/PhoneOverlayLtePixelWatch.apk: {android.permission.flags.access_local_network_permission_enabled=true}
09-10 09:48:24.086  6497  6630 D PackageCacher: Feature flags for package /product/overlay/PermissionControllerOverlay.apk: {android.permission.flags.access_local_network_permission_enabled=true}
09-10 09:48:24.088  6497  6632 D PackageCacher: Feature flags for package /product/overlay/SettingsPreferencesAutoBedtimeModeOverlay.apk: {android.permission.flags.access_local_network_permission_enabled=true}
09-10 09:48:24.088  6497  6629 D PackageCacher: Feature flags for package /product/overlay/PixelWatchWearServicesOverlay2023: {android.permission.flags.access_local_network_permission_enabled=true}
09-10 09:48:24.089  6497  6630 D PackageCacher: Feature flags for package /product/overlay/PixelWatchWearOverlay2023.apk: {android.permission.flags.access_local_network_permission_enabled=true}
09-10 09:48:24.090  6497  6631 D PackageCacher: Feature flags for package /product/overlay/ClockworkSettingsOverlayPixelWatch.apk: {android.permission.flags.access_local_network_permission_enabled=true}
09-10 09:48:24.091  6497  6632 D PackageCacher: Feature flags for package /product/overlay/WcsWearMaterialOverlayPixelWatch.apk: {android.permission.flags.access_local_network_permission_enabled=true}
09-10 09:48:24.091  6497  6629 D PackageCacher: Feature flags for package /product/overlay/TelecomOverlayClockworkGoogle.apk: {android.permission.flags.access_local_network_permission_enabled=true}
09-10 09:48:24.091  6497  6630 D PackageCacher: Feature flags for package /product/overlay/framework-res__nosdcard_watch__auto_generated_characteristics_rro.apk: {android.permission.flags.access_local_network_permission_enabled=true}
09-10 09:48:24.091  6497  6497 D PackageManager: No files in app dir /apex/com.android.cellbroadcast/app
09-10 09:48:24.091  6497  6497 D PackageManager: No files in app dir /apex/com.android.configinfrastructure/priv-app
09-10 09:48:24.091  6497  6497 D PackageManager: No files in app dir /apex/com.android.configinfrastructure/app
09-10 09:48:24.093  6497  6631 D PackageCacher: Feature flags for package /product/overlay/PixelWatchHapticsOverlay2023Newer.apk: {android.permission.flags.access_local_network_permission_enabled=true}
09-10 09:48:24.093  6497  6497 D PackageManager: No files in app dir /apex/com.android.devicelock/app
09-10 09:48:24.094  6497  6630 D PackageCacher: Feature flags for package /product/overlay/RWFWearMaterialOverlayPixelWatch.apk: {android.permission.flags.access_local_network_permission_enabled=true}
09-10 09:48:24.095  6497  6629 D PackageCacher: Feature flags for package /product/overlay/SysUIOverlayPixelWatch2023.apk: {android.permission.flags.access_local_network_permission_enabled=true}
09-10 09:48:24.095  6497  6497 D PackageManager: No files in app dir /apex/com.android.rkpd/app
09-10 09:48:24.096  6497  6497 D PackageManager: No files in app dir /apex/com.android.ipsec/priv-app
09-10 09:48:24.096  6497  6497 D PackageManager: No files in app dir /apex/com.android.ipsec/app
09-10 09:48:24.096  6497  6631 D PackageCacher: Feature flags for package /product/overlay/WcsOverlayPixelWatch: {android.permission.flags.access_local_network_permission_enabled=true}
09-10 09:48:24.097  6497  6630 D PackageCacher: Feature flags for package /product/overlay/ClockworkSettingsOverlayPixelWatch2023.apk: {android.permission.flags.access_local_network_permission_enabled=true}
09-10 09:48:24.097  6497  6632 D PackageCacher: Feature flags for package /product/overlay/SettingsPreferencesOverlayPixelWatch: {android.permission.flags.access_local_network_permission_enabled=true}
09-10 09:48:24.099  6497  6631 D PackageCacher: Feature flags for package /product/overlay/SysUINotificationOverlayPixelWatch: {android.permission.flags.access_local_network_permission_enabled=true}
09-10 09:48:24.099  6497  6629 D PackageCacher: Feature flags for package /product/overlay/PixelWatchFrameworksWearOverlay.apk: {android.permission.flags.access_local_network_permission_enabled=true}
09-10 09:48:24.100  6497  6630 D PackageCacher: Feature flags for package /product/overlay/GrilServiceOverlayPixelWatch: {android.permission.flags.access_local_network_permission_enabled=true}
09-10 09:48:24.100  6497  6632 D PackageCacher: Feature flags for package /product/overlay/TelephonyProvider__nosdcard_watch__auto_generated_characteristics_rro.apk: {android.permission.flags.access_local_network_permission_enabled=true}
09-10 09:48:24.101  6497  6497 D PackageManager: No files in app dir /apex/com.android.adbd/priv-app
09-10 09:48:24.102  6497  6497 D PackageManager: No files in app dir /apex/com.android.adbd/app
09-10 09:48:24.102  6497  6629 D PackageCacher: Feature flags for package /product/overlay/TeleService__nosdcard_watch__auto_generated_characteristics_rro.apk: {android.permission.flags.access_local_network_permission_enabled=true}
09-10 09:48:24.102  6497  6630 D PackageCacher: Feature flags for package /product/overlay/AndroidOverlayBatteryStats.apk: {android.permission.flags.access_local_network_permission_enabled=true}
09-10 09:48:24.102  6497  6497 D PackageManager: No files in app dir /apex/com.android.os.statsd/priv-app
09-10 09:48:24.102  6497  6631 D PackageCacher: Feature flags for package /product/overlay/SetupWizardWearMaterialOverlayPixelWatch.apk: {android.permission.flags.access_local_network_permission_enabled=true}
09-10 09:48:24.102  6497  6497 D PackageManager: No files in app dir /apex/com.android.os.statsd/app
09-10 09:48:24.102  6497  6632 D PackageCacher: Feature flags for package /product/overlay/ClockworkSystemUIWearMaterialOverlayPixelWatch.apk: {android.permission.flags.access_local_network_permission_enabled=true}
09-10 09:48:24.103  6497  6497 D PackageManager: No files in app dir /apex/com.android.webapp/app
09-10 09:48:24.105  6497  6631 D PackageCacher: Feature flags for package /odm/overlay/AndroidOverlayDisallowSpeakerUse.apk: {android.permission.flags.access_local_network_permission_enabled=true}
09-10 09:48:24.105  6497  6632 D PackageCacher: Feature flags for package /vendor/overlay/SecureElementResTarget_Vendor.apk: {android.permission.flags.access_local_network_permission_enabled=true}
09-10 09:48:24.106  6497  6629 I ApkLiteParseUtils: Skipping target and overlay pair com.google.android.wearable.setupwizard and /product/overlay/SetupWizardOverlayFastPairAurora.apk: overlay ignored due to required system property: ro.boot.product.hardware.sku with value: swp5100
09-10 09:48:24.106  6497  6630 D PackageCacher: Feature flags for package /odm/overlay/WifiOverlayPixelWatch: {android.permission.flags.access_local_network_permission_enabled=true}
09-10 09:48:24.107  6497  6631 D PackageCacher: Feature flags for package /vendor/overlay/ConnectivityOverlayPixelWatch: {android.permission.flags.access_local_network_permission_enabled=true}
09-10 09:48:24.111  6497  6497 D PackageManager: No files in app dir /apex/com.android.appsearch/app
09-10 09:48:24.111  6497  6497 D PackageManager: No files in app dir /apex/com.android.art/priv-app
09-10 09:48:24.112  6497  6497 D PackageManager: No files in app dir /apex/com.android.art/app
09-10 09:48:24.114  6497  6632 D PackageCacher: Feature flags for package /system/priv-app/NetworkStackGoogle: {android.permission.flags.access_local_network_permission_enabled=true}
09-10 09:48:24.114  6497  6631 D PackageCacher: Feature flags for package /system/priv-app/InputDevices: {android.permission.flags.access_local_network_permission_enabled=true}
09-10 09:48:24.116  6497  6497 D PackageManager: No files in app dir /apex/com.android.neuralnetworks/priv-app
09-10 09:48:24.117  6497  6497 D PackageManager: No files in app dir /apex/com.android.neuralnetworks/app
09-10 09:48:24.118  6497  6497 D PackageManager: No files in app dir /apex/com.android.telephonycore/app
09-10 09:48:24.118  6497  6497 D PackageManager: No files in app dir /apex/com.android.media/priv-app
09-10 09:48:24.118  6497  6497 D PackageManager: No files in app dir /apex/com.android.media/app
09-10 09:48:24.118  6497  6497 D PackageManager: No files in app dir /apex/com.android.resolv/priv-app
09-10 09:48:24.118  6497  6497 D PackageManager: No files in app dir /apex/com.android.resolv/app
09-10 09:48:24.119  6497  6497 D PackageManager: No files in app dir /apex/com.android.scheduling/priv-app
09-10 09:48:24.119  6497  6497 D PackageManager: No files in app dir /apex/com.android.scheduling/app
09-10 09:48:24.119  6497  6497 D PackageManager: No files in app dir /apex/com.android.bt/priv-app
09-10 09:48:24.119  6497  6631 D PackageCacher: Feature flags for package /system/priv-app/ClockworkCredentialManager: {android.permission.flags.access_local_network_permission_enabled=true}
09-10 09:48:24.120  6497  6497 D PackageManager: No files in app dir /apex/com.android.i18n/priv-app
09-10 09:48:24.120  6497  6497 D PackageManager: No files in app dir /apex/com.android.i18n/app
09-10 09:48:24.121  6497  6497 D PackageManager: No files in app dir /apex/com.android.uprobestats/priv-app
09-10 09:48:24.121  6497  6632 D PackageCacher: Feature flags for package /system/priv-app/TelecomShim: {android.permission.flags.access_local_network_permission_enabled=true}
09-10 09:48:24.121  6497  6497 D PackageManager: No files in app dir /apex/com.android.uprobestats/app
09-10 09:48:24.125  6497  6497 D PackageManager: No files in app dir /apex/com.android.extservices/app
09-10 09:48:24.126  6497  6629 D PackageCacher: Feature flags for package /system/priv-app/ExtServices-tplus: {android.permission.flags.access_local_network_permission_enabled=true}
09-10 09:48:24.127  6497  6497 D PackageManager: No files in app dir /apex/com.android.nfcservices/app
09-10 09:48:24.127  6497  6497 D PackageManager: No files in app dir /apex/com.android.conscrypt/priv-app
09-10 09:48:24.127  6497  6497 D PackageManager: No files in app dir /apex/com.android.conscrypt/app
09-10 09:48:24.129  6497  6497 D PackageManager: No files in app dir /apex/com.android.permission/app
09-10 09:48:24.129  6497  6497 D PackageManager: No files in app dir /apex/com.google.pixelwatchambient/priv-app
09-10 09:48:24.129  6497  6497 D PackageManager: No files in app dir /apex/com.google.pixelwatchambient/app
09-10 09:48:24.131  6497  6497 D PackageManager: No files in app dir /apex/com.android.tethering/app
09-10 09:48:24.131  6497  6497 D PackageManager: No files in app dir /apex/com.android.crashrecovery/priv-app
09-10 09:48:24.131  6497  6497 D PackageManager: No files in app dir /apex/com.android.crashrecovery/app
09-10 09:48:24.133  6497  6629 D PackageCacher: Feature flags for package /system/priv-app/SoundPicker: {android.permission.flags.access_local_network_permission_enabled=true}
09-10 09:48:24.133  6497  6497 D PackageManager: No files in app dir /apex/com.android.uwb/app
09-10 09:48:24.133  6497  6497 D PackageManager: No files in app dir /apex/com.google.android.widevine/priv-app
09-10 09:48:24.133  6497  6497 D PackageManager: No files in app dir /apex/com.google.android.widevine/app
09-10 09:48:24.133  6497  6497 D PackageManager: No files in app dir /apex/com.android.media.swcodec/priv-app
09-10 09:48:24.133  6497  6497 D PackageManager: No files in app dir /apex/com.android.media.swcodec/app
09-10 09:48:24.134  6497  6631 D PackageCacher: Feature flags for package /system/priv-app/DeclarativeWatchFaceRuntimePrebuilt: {android.permission.flags.access_local_network_permission_enabled=true}
09-10 09:48:24.135  6497  6497 D PackageManager: No files in app dir /apex/com.android.hardware.biometrics.fingerprint.virtual/priv-app
09-10 09:48:24.135  6497  6497 D PackageManager: No files in app dir /apex/com.android.hardware.biometrics.fingerprint.virtual/app
09-10 09:48:24.135  6497  6497 D PackageManager: No files in app dir /apex/com.android.virt/priv-app
09-10 09:48:24.137  6497  6497 D PackageManager: No files in app dir /apex/com.android.npumanager/priv-app
09-10 09:48:24.137  6497  6497 D PackageManager: No files in app dir /apex/com.android.npumanager/app
09-10 09:48:24.140  6497  6497 D PackageManager: No files in app dir /apex/com.android.mediaprovider/app
09-10 09:48:24.140  6497  6497 D PackageManager: No files in app dir /apex/com.android.profiling/priv-app
09-10 09:48:24.140  6497  6497 D PackageManager: No files in app dir /apex/com.android.profiling/app
09-10 09:48:24.140  6497  6497 D PackageManager: No files in app dir /apex/com.android.tzdata/priv-app
09-10 09:48:24.140  6497  6631 D PackageCacher: Feature flags for package /system/priv-app/SettingsProvider: {android.permission.flags.access_local_network_permission_enabled=true}
09-10 09:48:24.140  6497  6497 D PackageManager: No files in app dir /apex/com.android.tzdata/app
09-10 09:48:24.140  6497  6497 D PackageManager: No files in app dir /apex/com.google.android.gmssystem/app
09-10 09:48:24.140  6497  6497 D PackageManager: No files in app dir /apex/com.android.sdkext/priv-app
09-10 09:48:24.140  6497  6497 D PackageManager: No files in app dir /apex/com.android.sdkext/app
09-10 09:48:24.140  6497  6497 D PackageManager: No files in app dir /apex/com.android.runtime/priv-app
09-10 09:48:24.140  6497  6497 D PackageManager: No files in app dir /apex/com.android.runtime/app
09-10 09:48:24.144  6497  6629 D PackageCacher: Feature flags for package /system/priv-app/ContactsProvider: {android.permission.flags.access_local_network_permission_enabled=true}
09-10 09:48:24.144  6497  6631 D PackageCacher: Feature flags for package /system/priv-app/E2eeContactKeysProvider: {android.permission.flags.access_local_network_permission_enabled=true}
09-10 09:48:24.153  6497  6631 D PackageCacher: Feature flags for package /system/priv-app/DownloadProvider: {android.permission.flags.access_local_network_permission_enabled=true}
09-10 09:48:24.163  6497  6632 D PackageCacher: Feature flags for package /system/priv-app/PrebuiltWearsky: {android.permission.flags.access_local_network_permission_enabled=true}
09-10 09:48:24.164  6497  6629 D PackageCacher: Feature flags for package /system/priv-app/ClockworkSetupWizard: {android.permission.flags.access_local_network_permission_enabled=true}
09-10 09:48:24.166  6497  6631 D PackageCacher: Feature flags for package /system/priv-app/GooglePackageInstaller: {android.permission.flags.access_local_network_permission_enabled=true}
09-10 09:48:24.169  6497  6631 D PackageCacher: Feature flags for package /system/priv-app/BlockedNumberProvider: {android.permission.flags.access_local_network_permission_enabled=true}
09-10 09:48:24.176  6497  6632 D PackageCacher: Feature flags for package /system/priv-app/WearGboard: {android.permission.flags.access_local_network_permission_enabled=true}
09-10 09:48:24.177  6497  6631 D PackageCacher: Feature flags for package /system/priv-app/CalendarProvider: {android.permission.flags.access_local_network_permission_enabled=true}
09-10 09:48:24.184  6497  6629 D PackageCacher: Feature flags for package /system/priv-app/PrebuiltDeskClockMicroApp: {android.permission.flags.access_local_network_permission_enabled=true}
09-10 09:48:24.191  6497  6632 D PackageCacher: Feature flags for package /system/priv-app/GoogleTTSPrebuiltWearable: {android.permission.flags.access_local_network_permission_enabled=true}
09-10 09:48:24.192  6497  6630 D PackageCacher: Feature flags for package /system/framework/framework-res.apk: {android.permission.flags.access_local_network_permission_enabled=true}
09-10 09:48:24.192  6497  6631 D PackageCacher: Feature flags for package /system/priv-app/ManagedProvisioning: {android.permission.flags.access_local_network_permission_enabled=true}
09-10 09:48:24.192  6497  6629 D PackageCacher: Feature flags for package /system/priv-app/MmsService: {android.permission.flags.access_local_network_permission_enabled=true}
09-10 09:48:24.197  6497  6629 D PackageCacher: Feature flags for package /system/priv-app/CallLogBackup: {android.permission.flags.access_local_network_permission_enabled=true}
09-10 09:48:24.200  6497  6630 D PackageCacher: Feature flags for package /system/priv-app/TelephonyProvider: {android.permission.flags.access_local_network_permission_enabled=true}
09-10 09:48:24.204  6497  6629 D PackageCacher: Feature flags for package /system/priv-app/IntentResolver: {android.permission.flags.access_local_network_permission_enabled=true}
09-10 09:48:24.205  6497  6630 D PackageCacher: Feature flags for package /system/priv-app/DeclarativeWatchFaceReceiverPrebuilt: {android.permission.flags.access_local_network_permission_enabled=true}
09-10 09:48:24.208  6497  6629 D PackageCacher: Feature flags for package /system/priv-app/LocalTransport: {android.permission.flags.access_local_network_permission_enabled=true}
09-10 09:48:24.222   397   419 E pixelstats-uevent: Unable to read  - No such file or directory
09-10 09:48:24.224  6497  6632 D PackageCacher: Feature flags for package /system/priv-app/SafetyHubClockwork: {android.permission.flags.access_local_network_permission_enabled=true}
09-10 09:48:24.227  6497  6631 D PackageCacher: Feature flags for package /system/priv-app/TeleService: {android.permission.flags.access_local_network_permission_enabled=true}
09-10 09:48:24.233  1638  1642 I pixel-thermal: audio-therm:41.844 raw data: audio-therm:41844 
09-10 09:48:24.234  6497  6631 D PackageCacher: Feature flags for package /system/priv-app/FusedLocation: {android.permission.flags.access_local_network_permission_enabled=true}
09-10 09:48:24.237  1638  1642 I pixel-thermal: sdm-skin-therm:42.712 raw data: sdm-skin-therm:42712 
09-10 09:48:24.242  1419  1419 E BatteryDefender: Failed to read /sys/devices/platform/google,charger/bd_state
09-10 09:48:24.248  6497  6629 D PackageCacher: Feature flags for package /system/priv-app/PrebuiltTapAndPayWearable: {android.permission.flags.access_local_network_permission_enabled=true}
09-10 09:48:24.256  1419  1419 E BatteryDefender: Failed to read /sys/devices/platform/google,charger/bd_state
09-10 09:48:24.256  6497  6632 D PackageCacher: Feature flags for package /system/priv-app/EuiccWearPrebuilt: {android.permission.flags.access_local_network_permission_enabled=true}
09-10 09:48:24.257  6497  6631 D PackageCacher: Feature flags for package /system/priv-app/AssistantWearPrebuilt: {android.permission.flags.access_local_network_permission_enabled=true}
09-10 09:48:24.260  6497  6629 D PackageCacher: Feature flags for package /system/priv-app/CellBroadcastLegacyApp: {android.permission.flags.access_local_network_permission_enabled=true}
09-10 09:48:24.269  6497  6629 D PackageCacher: Feature flags for package /system/priv-app/WeatherClockworkStub: {android.permission.flags.access_local_network_permission_enabled=true}
09-10 09:48:24.270  6497  6632 D PackageCacher: Feature flags for package /system/priv-app/MediaSessionsClockworkPrebuilt: {android.permission.flags.access_local_network_permission_enabled=true}
09-10 09:48:24.274  6497  6632 D PackageCacher: Feature flags for package /system/priv-app/BackupRestoreConfirmation: {android.permission.flags.access_local_network_permission_enabled=true}
09-10 09:48:24.278  6497  6631 D PackageCacher: Feature flags for package /system/priv-app/WearServicesGoogle: {android.permission.flags.access_local_network_permission_enabled=true}
09-10 09:48:24.281  6497  6629 D PackageCacher: Feature flags for package /system/priv-app/WearHealthServicesPrebuilt: {android.permission.flags.skin_temp_oxygen_saturation_health_services_pregrant_enabled=true, android.permission.flags.granular_health_permissions_phase_two_enabled=true, android.permission.flags.access_local_network_permission_enabled=true}
09-10 09:48:24.282  6497  6632 D PackageCacher: Feature flags for package /system/priv-app/ClockworkFrameworkPackageStubs: {android.permission.flags.access_local_network_permission_enabled=true}
09-10 09:48:24.286  6497  6497 W PackageManager: Failed to parse /product/overlay/SetupWizardOverlayFastPairAurora.apk: Skipping target and overlay pair com.google.android.wearable.setupwizard and /product/overlay/SetupWizardOverlayFastPairAurora.apk: overlay ignored due to required system property: ro.boot.product.hardware.sku with value: swp5100
09-10 09:48:24.288  6497  6632 D PackageCacher: Feature flags for package /system/priv-app/UserDictionaryProvider: {android.permission.flags.access_local_network_permission_enabled=true}
09-10 09:48:24.289  6497  6630 D PackageCacher: Feature flags for package /system/priv-app/ClockworkShell: {android.permission.flags.access_local_network_permission_enabled=true}
09-10 09:48:24.293  6497  6632 D PackageCacher: Feature flags for package /system/priv-app/LwClockworkPrebuilt: {android.permission.flags.access_local_network_permission_enabled=true}
09-10 09:48:24.295  6497  6629 D PackageCacher: Feature flags for package /system/priv-app/ClockworkPhone: {android.permission.flags.access_local_network_permission_enabled=true}
09-10 09:48:24.298  6497  6630 D PackageCacher: Feature flags for package /system/priv-app/ClockworkRetailAttractLoop: {android.permission.flags.access_local_network_permission_enabled=true}
09-10 09:48:24.299  6497  6632 D PackageCacher: Feature flags for package /system/priv-app/ONS: {android.permission.flags.access_local_network_permission_enabled=true}
09-10 09:48:24.301  6497  6631 D PackageCacher: Feature flags for package /system/priv-app/ClockworkWcs: {android.permission.flags.access_local_network_permission_enabled=true}
09-10 09:48:24.303  6497  6630 D PackageCacher: Feature flags for package /system/app/NfcPlacement: {android.permission.flags.access_local_network_permission_enabled=true}
09-10 09:48:24.305  6497  6632 D PackageCacher: Feature flags for package /system/app/GoogleExtShared: {android.permission.flags.access_local_network_permission_enabled=true}
09-10 09:48:24.305  6497  6631 D PackageCacher: Feature flags for package /system/app/WearGoogleServicesMediator: {android.permission.flags.access_local_network_permission_enabled=true}
09-10 09:48:24.308  6497  6629 D PackageCacher: Feature flags for package /system/app/MapsClockwork: {android.permission.flags.access_local_network_permission_enabled=true}
09-10 09:48:24.308  6497  6630 D PackageCacher: Feature flags for package /system/app/displayoffload-resources: {android.permission.flags.access_local_network_permission_enabled=true}
09-10 09:48:24.308  6497  6632 D PackageCacher: Feature flags for package /system/app/ClockworkPlayAutoInstallStub: {android.permission.flags.access_local_network_permission_enabled=true}
09-10 09:48:24.312  6497  6630 D PackageCacher: Feature flags for package /system/app/DeclarativeWatchFaceFontSandboxPrebuilt: {android.permission.flags.access_local_network_permission_enabled=true}
09-10 09:48:24.313  6497  6629 D PackageCacher: Feature flags for package /system/app/SecureElement: {android.permission.flags.access_local_network_permission_enabled=true}
09-10 09:48:24.314  6497  6631 D PackageCacher: Feature flags for package /system/app/TalkbackWearPrebuilt: {android.permission.flags.access_local_network_permission_enabled=true}
09-10 09:48:24.316  6497  6632 D PackageCacher: Feature flags for package /system/app/ClockworkFlashlight: {android.permission.flags.access_local_network_permission_enabled=true}
09-10 09:48:24.320  6497  6497 W PackageManager: Failed to parse /system/framework/arm: Missing base APK in /system/framework/arm
09-10 09:48:24.320  6497  6497 W PackageManager: Failed to parse /system/framework/oat: Missing base APK in /system/framework/oat/arm
09-10 09:48:24.322  6497  6632 D PackageCacher: Feature flags for package /system/app/wear-resources: {android.permission.flags.access_local_network_permission_enabled=true}
09-10 09:48:24.323  6497  6630 D PackageCacher: Feature flags for package /system/app/WearCalendar: {android.permission.flags.access_local_network_permission_enabled=true}
09-10 09:48:24.325  6497  6631 D PackageCacher: Feature flags for package /system/app/YouTubeMusicClockwork: {android.permission.flags.access_local_network_permission_enabled=true}
09-10 09:48:24.326  6497  6629 D PackageCacher: Feature flags for package /system/app/GmailWear: {android.permission.flags.access_local_network_permission_enabled=true}
09-10 09:48:24.328  6497  6630 D PackageCacher: Feature flags for package /system/app/CertInstaller: {android.permission.flags.access_local_network_permission_enabled=true}
09-10 09:48:24.328  6497  6632 D PackageCacher: Feature flags for package /system/app/CarrierDefaultApp: {android.permission.flags.access_local_network_permission_enabled=true}
09-10 09:48:24.332  6497  6631 D PackageCacher: Feature flags for package /system/app/Stk: {android.permission.flags.access_local_network_permission_enabled=true}
09-10 09:48:24.334  6497  6632 D PackageCacher: Feature flags for package /system/app/AppSearchAiSealConfig: {android.permission.flags.access_local_network_permission_enabled=true}
09-10 09:48:24.335  6497  6630 D PackageCacher: Feature flags for package /system/app/CaptivePortalLoginGoogle: {android.permission.flags.access_local_network_permission_enabled=true}
09-10 09:48:24.336  6497  6631 D PackageCacher: Feature flags for package /vendor/priv-app/PixelWatchPermissions: {android.permission.flags.access_local_network_permission_enabled=true}
09-10 09:48:24.336  6497  6629 D PackageCacher: Feature flags for package /system/app/KeyChain: {android.permission.flags.access_local_network_permission_enabled=true}
09-10 09:48:24.338  6497  6632 D PackageCacher: Feature flags for package /vendor/app/IWlanService: {android.permission.flags.access_local_network_permission_enabled=true}
09-10 09:48:24.341  6497  6631 D PackageCacher: Feature flags for package /vendor/app/TimeService: {android.permission.flags.access_local_network_permission_enabled=true}
09-10 09:48:24.341  6497  6630 D PackageCacher: Feature flags for package /vendor/app/CneApp: {android.permission.flags.access_local_network_permission_enabled=true}
09-10 09:48:24.342  6497  6629 D PackageCacher: Feature flags for package /vendor/app/CACertService: {android.permission.flags.access_local_network_permission_enabled=true}
09-10 09:48:24.347  6497  6630 D PackageCacher: Feature flags for package /product/priv-app/DCMO: {android.permission.flags.access_local_network_permission_enabled=true}
09-10 09:48:24.347  6497  6632 D PackageCacher: Feature flags for package /vendor/app/HardwareInfo: {android.permission.flags.access_local_network_permission_enabled=true}
09-10 09:48:24.347  6497  6497 W PackageManager: Failed to scan /system/priv-app/DeclarativeWatchFaceRuntimePrebuilt: Package com.google.wear.watchface.runtime at /system/priv-app/DeclarativeWatchFaceRuntimePrebuilt ignored: updated version 335100140 better than this 335100040
09-10 09:48:24.350  6497  6629 D PackageCacher: Feature flags for package /product/priv-app/HotwordEnrollmentXGoogleHEXAGON_WIDEBAND: {android.permission.flags.access_local_network_permission_enabled=true}
09-10 09:48:24.350  6497  6497 W PackageManager: Failed to scan /system/priv-app/PrebuiltWearsky: Package com.android.vending at /system/priv-app/PrebuiltWearsky ignored: updated version 85281325 better than this 84701515
09-10 09:48:24.353  6497  6632 D PackageCacher: Feature flags for package /product/priv-app/FitbitEcgClockwork: {android.permission.flags.access_local_network_permission_enabled=true}
09-10 09:48:24.356  6497  6629 D PackageCacher: Feature flags for package /product/priv-app/OemDmTrigger: {android.permission.flags.access_local_network_permission_enabled=true}
09-10 09:48:24.361  6497  6632 D PackageCacher: Feature flags for package /product/priv-app/cavalry: {android.permission.flags.access_local_network_permission_enabled=true}
09-10 09:48:24.365  6497  6631 D PackageCacher: Feature flags for package /product/priv-app/FitbitClockwork: {android.permission.flags.access_local_network_permission_enabled=true}
09-10 09:48:24.368  6497  6630 D PackageCacher: Feature flags for package /product/priv-app/PixelWatchWatchfacesV2: {android.permission.flags.access_local_network_permission_enabled=true}
09-10 09:48:24.369  6497  6629 D PackageCacher: Feature flags for package /product/priv-app/WearConnectedFitnessPrebuilt: {android.permission.flags.access_local_network_permission_enabled=true}
09-10 09:48:24.369  6497  6631 D PackageCacher: Feature flags for package /product/priv-app/ClockworkProtoLayoutRendererPrebuilt: {android.permission.flags.access_local_network_permission_enabled=true}
09-10 09:48:24.373  6497  6632 D PackageCacher: Feature flags for package /product/priv-app/ConnMO: {android.permission.flags.access_local_network_permission_enabled=true}
09-10 09:48:24.373  6497  6630 D PackageCacher: Feature flags for package /product/priv-app/CarrierMetrics: {android.permission.flags.access_local_network_permission_enabled=true}
09-10 09:48:24.375  6497  6629 D PackageCacher: Feature flags for package /product/priv-app/ConfigUpdater: {android.permission.flags.access_local_network_permission_enabled=true}
09-10 09:48:24.378  6497  6497 W PackageManager: Failed to scan /system/priv-app/WearGboard: Package com.google.android.inputmethod.latin at /system/priv-app/WearGboard ignored: updated version 2228061 better than this 1833621
09-10 09:48:24.379  6497  6631 D PackageCacher: Feature flags for package /product/priv-app/DiagnosticsToolWearPrebuilt: {android.permission.flags.access_local_network_permission_enabled=true}
09-10 09:48:24.380  6497  6497 W PackageManager: Failed to scan /system/priv-app/PrebuiltDeskClockMicroApp: Package com.google.android.deskclock at /system/priv-app/PrebuiltDeskClockMicroApp ignored: updated version 60388842 better than this 60326770
09-10 09:48:24.384  6497  6630 D PackageCacher: Feature flags for package /product/priv-app/WeatherPixelWatch: {android.permission.flags.access_local_network_permission_enabled=true}
09-10 09:48:24.385  6497  6629 D PackageCacher: Feature flags for package /product/priv-app/FitbitRetailClockwork2023: {android.permission.flags.access_local_network_permission_enabled=true}
09-10 09:48:24.388  6497  6630 D PackageCacher: Feature flags for package /product/priv-app/DiagMon: {android.permission.flags.access_local_network_permission_enabled=true}
09-10 09:48:24.389  6497  6631 D PackageCacher: Feature flags for package /product/priv-app/CarrierSettingsGwear: {android.permission.flags.access_local_network_permission_enabled=true}
09-10 09:48:24.391  6497  6497 W PackageManager: Failed to scan /system/priv-app/GoogleTTSPrebuiltWearable: Package com.google.android.tts at /system/priv-app/GoogleTTSPrebuiltWearable ignored: updated version 210668438 better than this 210609883
09-10 09:48:24.391  6497  6632 D PackageCacher: Feature flags for package /product/priv-app/GoogleCameraWear: {android.permission.flags.access_local_network_permission_enabled=true}
09-10 09:48:24.399  6356  6371 D Diag_Lib: diag: Diag_LSM_Init: invoked for pid: 6356 with init_count: 0
09-10 09:48:24.400  6356  6371 D Diag_Lib: diag:failed to connect to diag socket
09-10 09:48:24.400  6356  6371 D Diag_Lib:  Diag_LSM_Init: Failed to open handle to diag driver, error = 111
09-10 09:48:24.400  6356  6371 I ATS     : vendor/qcom/sw5100-lw4/proprietary-audio/args/acdb/ats/transports/diag/linux/actp/src/actp.c:actp_diag_init:105 Error[1]: Failed to initialize DIAG
09-10 09:48:24.400  6356  6371 E ATS     : vendor/qcom/sw5100-lw4/proprietary-audio/args/acdb/ats/src/ats.c:ats_init:143 Error[1]: Failed to initialize Diag
09-10 09:48:24.400  6356  6371 E ATS     : vendor/qcom/sw5100-lw4/proprietary-audio/args/acdb/ats/src/ats.c:ats_init:263 Error[1]: Failed to initialize ATS
09-10 09:48:24.400  6356  6371 E AGM: API: ats_init_thread: 64 ats_init failed retry 21 err 1
09-10 09:48:24.401  6497  6630 D PackageCacher: Feature flags for package /product/priv-app/GooglePhotosClockwork: {android.permission.flags.access_local_network_permission_enabled=true}
09-10 09:48:24.401  6497  6629 D PackageCacher: Feature flags for package /product/priv-app/PDMS: {android.permission.flags.access_local_network_permission_enabled=true}
09-10 09:48:24.402  6497  6497 W PackageManager: Failed to scan /system/priv-app/SafetyHubClockwork: Package com.google.android.apps.safetyhub at /system/priv-app/SafetyHubClockwork ignored: updated version 100878313 better than this 100773873
09-10 09:48:24.403  6497  6632 D PackageCacher: Feature flags for package /product/priv-app/HotwordEnrollmentOKGoogleHEXAGON_WIDEBAND: {android.permission.flags.access_local_network_permission_enabled=true}
09-10 09:48:24.406  6497  6631 D PackageCacher: Feature flags for package /product/priv-app/KidsSupervisionWearFull: {android.permission.flags.access_local_network_permission_enabled=true}
09-10 09:48:24.416  6497  6632 D PackageCacher: Feature flags for package /product/priv-app/DMService: {android.permission.flags.access_local_network_permission_enabled=true}
09-10 09:48:24.417  6497  6631 D PackageCacher: Feature flags for package /product/priv-app/GoogleContactsClockwork: {android.permission.flags.access_local_network_permission_enabled=true}
09-10 09:48:24.419  6497  6497 W PackageManager: Failed to scan /system/priv-app/DeclarativeWatchFaceReceiverPrebuilt: Package com.google.android.wearable.dwf.receiver at /system/priv-app/DeclarativeWatchFaceReceiverPrebuilt ignored: updated version 393 better than this 340
09-10 09:48:24.421  6497  6629 D PackageCacher: Feature flags for package /product/priv-app/PrebuiltBugleWearable: {android.permission.flags.access_local_network_permission_enabled=true}
09-10 09:48:24.423  6497  6632 D PackageCacher: Feature flags for package /product/app/datastatusnotification: {android.permission.flags.access_local_network_permission_enabled=true}
09-10 09:48:24.423  6497  6631 D PackageCacher: Feature flags for package /product/app/ConferenceDialer: {android.permission.flags.access_local_network_permission_enabled=true}
09-10 09:48:24.424  6497  6630 D PackageCacher: Feature flags for package /product/priv-app/SCONE-WEAR-v60982: {android.permission.flags.access_local_network_permission_enabled=true}
09-10 09:48:24.430  6497  6630 D PackageCacher: Feature flags for package /product/app/ModuleMetadata: {android.permission.flags.access_local_network_permission_enabled=true}
09-10 09:48:24.430  6497  6631 D PackageCacher: Feature flags for package /product/app/uimremoteserver: {android.permission.flags.access_local_network_permission_enabled=true}
09-10 09:48:24.432  6497  6629 D PackageCacher: Feature flags for package /product/app/FindMyDeviceWearPrebuilt: {android.permission.flags.access_local_network_permission_enabled=true}
09-10 09:48:24.432  6497  6497 W PackageManager: Failed to scan /system/priv-app/PrebuiltTapAndPayWearable: Package com.google.android.apps.walletnfcrel at /system/priv-app/PrebuiltTapAndPayWearable ignored: updated version 933742888 better than this 933399871
09-10 09:48:24.436  6497  6631 D PackageCacher: Feature flags for package /product/app/uimremoteclient: {android.permission.flags.access_local_network_permission_enabled=true}
09-10 09:48:24.440  6497  6632 D PackageCacher: Feature flags for package /product/app/GoogleKeepWearPrebuilt: {android.permission.flags.access_local_network_permission_enabled=true}
09-10 09:48:24.442  6497  6497 W PackageManager: Failed to scan /system/priv-app/AssistantWearPrebuilt: Package com.google.android.wearable.assistant at /system/priv-app/AssistantWearPrebuilt ignored: updated version 311401746 better than this 311164056
09-10 09:48:24.446  6497  6631 D PackageCacher: Feature flags for package /system_ext/priv-app/SSRestartDetector: {android.permission.flags.access_local_network_permission_enabled=true}
09-10 09:48:24.449  6497  6497 W PackageManager: Failed to scan /system/priv-app/MediaSessionsClockworkPrebuilt: Package com.google.android.wearable.media.sessions at /system/priv-app/MediaSessionsClockworkPrebuilt ignored: updated version 100179348 better than this 100168698
09-10 09:48:24.453  6497  6631 D PackageCacher: Feature flags for package /system_ext/priv-app/qcrilmsgtunnel: {android.permission.flags.access_local_network_permission_enabled=true}
09-10 09:48:24.454  6497  6630 D PackageCacher: Feature flags for package /product/app/GoogleHomeAppClockwork: {android.permission.flags.access_local_network_permission_enabled=true}
09-10 09:48:24.458  6497  6497 W PackageManager: Failed to scan /system/priv-app/WearHealthServicesPrebuilt: Package com.google.android.wearable.healthservices at /system/priv-app/WearHealthServicesPrebuilt ignored: updated version 1493545 better than this 1491535
09-10 09:48:24.460  6497  6631 D PackageCacher: Feature flags for package /system_ext/priv-app/QtiTelephonyWear: {android.permission.flags.access_local_network_permission_enabled=true}
09-10 09:48:24.462  6497  6630 D PackageCacher: Feature flags for package /system_ext/priv-app/DeviceConnectivityServiceWearPrebuilt_26.02.00: {android.permission.flags.access_local_network_permission_enabled=true}
09-10 09:48:24.462  6497  6629 D PackageCacher: Feature flags for package /system_ext/priv-app/PixelWatchSysUi: {android.permission.flags.access_local_network_permission_enabled=true}
09-10 09:48:24.463  6497  6632 D PackageCacher: Feature flags for package /system_ext/priv-app/PixelWatchSettingsCompose: {android.permission.flags.access_local_network_permission_enabled=true}
09-10 09:48:24.468  6497  6632 D PackageCacher: Feature flags for package /system_ext/priv-app/PixelWatchSettingsProvider: {android.permission.flags.access_local_network_permission_enabled=true}
09-10 09:48:24.468  6497  6497 W PackageManager: Failed to scan /system/priv-app/ClockworkWcs: Package com.google.android.wearable.app at /system/priv-app/ClockworkWcs ignored: updated version 790488563 better than this 790472107
09-10 09:48:24.468  6497  6629 D PackageCacher: Feature flags for package /system_ext/priv-app/EuiccSupportWear: {android.permission.flags.access_local_network_permission_enabled=true}
09-10 09:48:24.470  6497  6631 D PackageCacher: Feature flags for package /system_ext/priv-app/ims: {android.permission.flags.access_local_network_permission_enabled=true}
09-10 09:48:24.473  6497  6629 D PackageCacher: Feature flags for package /system_ext/priv-app/grilservice: {android.permission.flags.access_local_network_permission_enabled=true}
09-10 09:48:24.473  6497  6497 W PackageManager: Failed to scan /system/priv-app/ClockworkPhone: Package com.google.android.dialer at /system/priv-app/ClockworkPhone ignored: updated version 259928 better than this 244943
09-10 09:48:24.477  6497  6631 D PackageCacher: Feature flags for package /system_ext/priv-app/PersistentBackgroundServices-watch: {android.permission.flags.access_local_network_permission_enabled=true}
09-10 09:48:24.477  6497  6629 D PackageCacher: Feature flags for package /system_ext/priv-app/PixelNfc: {android.permission.flags.access_local_network_permission_enabled=true}
09-10 09:48:24.478  6497  6497 D CompatChangeReporter: Compat change id reported: 168782947; UID -1; state: ENABLED
09-10 09:48:24.479  6497  6630 D PackageCacher: Feature flags for package /system_ext/priv-app/GoogleServicesFramework: {android.permission.flags.access_local_network_permission_enabled=true}
09-10 09:48:24.480  6497  6631 D PackageCacher: Feature flags for package /system_ext/app/imssettings: {android.permission.flags.access_local_network_permission_enabled=true}
09-10 09:48:24.483  6497  6632 D PackageCacher: Feature flags for package /system_ext/priv-app/ClockworkSystemUI: {android.permission.flags.access_local_network_permission_enabled=true}
09-10 09:48:24.483  6497  6630 D PackageCacher: Feature flags for package /system_ext/app/QtiTelephonyService: {android.permission.flags.access_local_network_permission_enabled=true}
09-10 09:48:24.485  6497  6497 W PackageManager: Failed to scan /system/app/MapsClockwork: Package com.google.android.apps.maps at /system/app/MapsClockwork ignored: updated version 1068740958 better than this 1068487532
09-10 09:48:24.485  6497  6629 D PackageCacher: Feature flags for package /system_ext/app/CrossDeviceAccessServiceAssociated2023: {android.permission.flags.access_local_network_permission_enabled=true}
09-10 09:48:24.486  6497  6631 D PackageCacher: Feature flags for package /apex/com.android.cellbroadcast/priv-app/GoogleCellBroadcastServiceModule@370546200: {android.permission.flags.access_local_network_permission_enabled=true}
09-10 09:48:24.490  6497  6630 D PackageCacher: Feature flags for package /apex/com.android.cellbroadcast/priv-app/GoogleCellBroadcastApp@370546200: {android.permission.flags.access_local_network_permission_enabled=true}
09-10 09:48:24.493  6497  6629 D PackageCacher: Feature flags for package /apex/com.android.rkpd/priv-app/rkpdapp.google@370546200: {android.permission.flags.access_local_network_permission_enabled=true}
09-10 09:48:24.493  6497  6631 D PackageCacher: Feature flags for package /apex/com.android.ondevicepersonalization/priv-app/OnDevicePersonalizationGoogle@370546200: {android.permission.flags.access_local_network_permission_enabled=true}
09-10 09:48:24.494  6497  6630 D PackageCacher: Feature flags for package /apex/com.android.ondevicepersonalization/app/FederatedComputeGoogle@370546200: {android.permission.flags.access_local_network_permission_enabled=true}
09-10 09:48:24.495  6497  6632 D PackageCacher: Feature flags for package /apex/com.android.devicelock/priv-app/DeviceLockControllerGoogle@CP2A.260603.001: {android.permission.flags.access_local_network_permission_enabled=true}
09-10 09:48:24.498  6497  6629 D PackageCacher: Feature flags for package /apex/com.android.webapp/priv-app/WebAppService@CP2A.260603.001: {android.permission.flags.access_local_network_permission_enabled=true}
09-10 09:48:24.500  6497  6632 D PackageCacher: Feature flags for package /apex/com.android.appsearch/priv-app/com.google.android.appsearch.apk@370546200: {android.permission.flags.access_local_network_permission_enabled=true}
09-10 09:48:24.501  6497  6630 D PackageCacher: Feature flags for package /apex/com.android.apex.cts.shim/app/CtsShim@MAIN: {android.permission.flags.access_local_network_permission_enabled=true}
09-10 09:48:24.502  6497  6631 D PackageCacher: Feature flags for package /apex/com.android.apex.cts.shim/priv-app/CtsShimPriv@MAIN: {android.permission.flags.access_local_network_permission_enabled=true}
09-10 09:48:24.505  6497  6629 D PackageCacher: Feature flags for package /apex/com.android.wifi/priv-app/ServiceWifiResourcesGoogle@370546200: {android.permission.flags.access_local_network_permission_enabled=true}
09-10 09:48:24.505  6497  6632 D PackageCacher: Feature flags for package /apex/com.android.wifi/app/OsuLoginGoogle@370546200: {android.permission.flags.access_local_network_permission_enabled=true}
09-10 09:48:24.506  6497  6497 W PackageManager: Failed to scan /system/app/TalkbackWearPrebuilt: Package com.google.android.marvin.talkback at /system/app/TalkbackWearPrebuilt ignored: updated version 60222648 better than this 60144776
09-10 09:48:24.507  6497  6630 D PackageCacher: Feature flags for package /apex/com.android.telephonycore/priv-app/TelecomResourcesGoogle@370546200: {android.permission.flags.access_local_network_permission_enabled=true}
09-10 09:48:24.508  6497  6631 D PackageCacher: Feature flags for package /apex/com.android.wifi/app/WifiDialogGoogle@370546200: {android.permission.flags.access_local_network_permission_enabled=true}
09-10 09:48:24.511  6497  6629 D PackageCacher: Feature flags for package /apex/com.android.telephonycore/priv-app/TelecomUiGoogle@370546200: {android.permission.flags.access_local_network_permission_enabled=true}
09-10 09:48:24.514  6497  6631 D PackageCacher: Feature flags for package /apex/com.android.nfcservices/priv-app/NfcNciApexMigrationGoogle@370546220: {android.permission.flags.access_local_network_permission_enabled=true}
09-10 09:48:24.519  6497  6497 W PackageManager: Failed to scan /system/app/WearCalendar: Package com.google.android.calendar at /system/app/WearCalendar ignored: updated version 2018273423 better than this 2017727601
09-10 09:48:24.521  6497  6497 W PackageManager: Failed to scan /system/app/GmailWear: Package com.google.android.gm at /system/app/GmailWear ignored: updated version 65989342 better than this 65592070
09-10 09:48:24.522  6497  6632 D PackageCacher: Feature flags for package /apex/com.android.bt/app/BluetoothGoogle@370546320: {android.permission.flags.access_local_network_permission_enabled=true}
09-10 09:48:24.523  6497  6497 W PackageManager: Failed to scan /system/app/YouTubeMusicClockwork: Package com.google.android.apps.youtube.music at /system/app/YouTubeMusicClockwork ignored: updated version 93542730 better than this 64041730
09-10 09:48:24.523  6497  6630 D PackageCacher: Feature flags for package /apex/com.android.extservices/priv-app/ExtServices-sminus@CP2A.260603.001: {android.permission.flags.access_local_network_permission_enabled=true}
09-10 09:48:24.524  6497  6629 D PackageCacher: Feature flags for package /apex/com.android.nfcservices/priv-app/NfcNciApexGoogle@370546220: {android.permission.flags.access_local_network_permission_enabled=true}
09-10 09:48:24.530  6497  6632 D PackageCacher: Feature flags for package /apex/com.android.permission/priv-app/GoogleSafetyCenterResources@370546320: {android.permission.flags.access_local_network_permission_enabled=true}
09-10 09:48:24.531  6497  6631 D PackageCacher: Feature flags for package /apex/com.android.permission/priv-app/GooglePermissionController@370546320: {android.permission.flags.access_local_network_permission_enabled=true}
09-10 09:48:24.531  6497  6630 D PackageCacher: Feature flags for package /apex/com.android.tethering/priv-app/ServiceConnectivityResourcesGoogle@370546320: {android.permission.flags.access_local_network_permission_enabled=true}
09-10 09:48:24.532  6497  6629 D PackageCacher: Feature flags for package /apex/com.android.tethering/priv-app/TetheringGoogle@370546320: {android.permission.flags.access_local_network_permission_enabled=true}
09-10 09:48:24.535  6497  6632 D PackageCacher: Feature flags for package /apex/com.android.uwb/priv-app/ServiceUwbResourcesGoogle@370546320: {android.permission.flags.access_local_network_permission_enabled=true}
09-10 09:48:24.536  6497  6631 D PackageCacher: Feature flags for package /apex/com.android.adservices/app/SdkSandboxGoogle@370546200: {android.permission.flags.access_local_network_permission_enabled=true}
09-10 09:48:24.536  6497  6629 D PackageCacher: Feature flags for package /apex/com.android.virt/app/android.system.virtualmachine.res@CP2A.260603.001: {android.permission.flags.access_local_network_permission_enabled=true}
09-10 09:48:24.539  6497  6630 D PackageCacher: Feature flags for package /apex/com.android.adservices/priv-app/AdServicesApkGoogle@370546200: {android.permission.flags.access_local_network_permission_enabled=true}
09-10 09:48:24.541  6497  6632 D PackageCacher: Feature flags for package /apex/com.android.mediaprovider/priv-app/PhotopickerGoogle@370546200: {android.permission.flags.access_local_network_permission_enabled=true}
09-10 09:48:24.544  6497  6631 D PackageCacher: Feature flags for package /apex/com.android.mediaprovider/priv-app/MediaProviderGoogle@370546200: {android.permission.flags.access_local_network_permission_enabled=true}
09-10 09:48:24.547  6497  6632 D PackageCacher: Feature flags for package /apex/com.android.healthfitness/app/HealthConnectBackupRestoreGoogle@370546200: {android.permission.flags.access_local_network_permission_enabled=true}
09-10 09:48:24.557  6497  6630 D PackageCacher: Feature flags for package /apex/com.android.healthfitness/priv-app/HealthConnectControllerGoogle@370546200: {android.permission.flags.access_local_network_permission_enabled=true}
09-10 09:48:24.569  6497  6497 W PackageManager: Failed to scan /product/priv-app/FitbitClockwork: Package com.fitbit.FitbitMobile at /product/priv-app/FitbitClockwork ignored: updated version 1104093963 better than this 1103965332
09-10 09:48:24.573  6497  6497 W PackageManager: Failed to scan /product/priv-app/FitbitEcgClockwork: Package com.fitbit.ecg at /product/priv-app/FitbitEcgClockwork ignored: updated version 361994 better than this 2017
09-10 09:48:24.574  6497  6497 W PackageManager: Failed to scan /product/priv-app/PixelWatchWatchfacesV2: Package com.google.android.wearable.watchface.rwf at /product/priv-app/PixelWatchWatchfacesV2 ignored: updated version 20029429 better than this 20029393
09-10 09:48:24.587  6497  6629 D PackageCacher: Feature flags for package /apex/com.google.android.gmssystem/priv-app/PrebuiltGmsCoreForClockworkWearable@CP2A.260603.001: {android.permission.flags.access_local_network_permission_enabled=true}
09-10 09:48:24.589  6497  6497 W PackageManager: Failed to scan /product/priv-app/ClockworkProtoLayoutRendererPrebuilt: Package com.google.android.wearable.protolayout.renderer at /product/priv-app/ClockworkProtoLayoutRendererPrebuilt ignored: updated version 100052009 better than this 100043158
09-10 09:48:24.599  6497  6497 W PackageManager: Failed to scan /product/priv-app/GoogleCameraWear: Package com.google.android.GoogleCamera at /product/priv-app/GoogleCameraWear ignored: updated version 69514418 better than this 69032715
09-10 09:48:24.601  6497  6497 W PackageManager: Failed to scan /product/priv-app/WeatherPixelWatch: Package com.google.android.apps.weather at /product/priv-app/WeatherPixelWatch ignored: updated version 1029671 better than this 1026481
09-10 09:48:24.608  6351  6351 W libbinder.ServiceManagerCppClient: Waited one second for activity (is service started? Number of threads started in the threadpool: 16. Are binder threads started and available?)
09-10 09:48:24.611  6497  6497 W PackageManager: Failed to scan /product/priv-app/PDMS: Package com.google.android.wearable.pixel.pdms at /product/priv-app/PDMS ignored: updated version 189472 better than this 150193
09-10 09:48:24.612   329  6634 W libc    : Unable to set property "ctl.interface_start" to "aidl/activity": PROP_ERROR_HANDLE_CONTROL_MESSAGE (0x20)
09-10 09:48:24.619  6497  6497 W PackageManager: Failed to parse /product/priv-app/PrebuiltGmsCoreForClockworkWearable: Missing base APK in /product/priv-app/PrebuiltGmsCoreForClockworkWearable/app_chimera/m
09-10 09:48:24.623  6497  6497 W PackageManager: Failed to scan /product/priv-app/PrebuiltBugleWearable: Package com.google.android.apps.messaging at /product/priv-app/PrebuiltBugleWearable ignored: updated version 321562500 better than this 304819500
09-10 09:48:24.632  6497  6497 W PackageManager: Failed to scan /product/priv-app/GoogleContactsClockwork: Package com.google.android.contacts at /product/priv-app/GoogleContactsClockwork ignored: updated version 3290923 better than this 3265717
09-10 09:48:24.639  6497  6497 W PackageManager: Failed to scan /product/app/FindMyDeviceWearPrebuilt: Package com.google.android.apps.adm at /product/app/FindMyDeviceWearPrebuilt ignored: updated version 50078152 better than this 50057768
09-10 09:48:24.640  6497  6497 W PackageManager: Failed to scan /product/app/GoogleKeepWearPrebuilt: Package com.google.android.keep at /product/app/GoogleKeepWearPrebuilt ignored: updated version 220673994 better than this 220647138
09-10 09:48:24.649  6497  6497 W PackageManager: Failed to scan /product/app/GoogleHomeAppClockwork: Package com.google.android.apps.chromecast.app at /product/app/GoogleHomeAppClockwork ignored: updated version 27936014 better than this 27357024
09-10 09:48:24.658  6497  6497 I PackageManager: Replacing default ResolverActivity with custom activity: ComponentInfo{com.google.android.apps.wearable.settings/com.google.android.apps.wearable.resolver.ResolverActivity}
09-10 09:48:24.707  6497  6497 I ApexManager: Registering com.google.android.cellbroadcastservice as apk-in-apex of com.android.cellbroadcast
09-10 09:48:24.710  6497  6497 I ApexManager: Registering com.google.android.cellbroadcastreceiver as apk-in-apex of com.android.cellbroadcast
09-10 09:48:24.714  6497  6497 I ApexManager: Registering com.google.android.devicelockcontroller as apk-in-apex of com.android.devicelock
09-10 09:48:24.719  6497  6497 I ApexManager: Registering com.google.android.rkpdapp as apk-in-apex of com.android.rkpd
09-10 09:48:24.722  6497  6497 I ApexManager: Registering com.google.android.ondevicepersonalization.services as apk-in-apex of com.android.ondevicepersonalization
09-10 09:48:24.726  6497  6497 I ApexManager: Registering com.google.android.federatedcompute as apk-in-apex of com.android.ondevicepersonalization
09-10 09:48:24.729  6497  6497 I ApexManager: Registering com.android.webapp.service as apk-in-apex of com.android.webapp
09-10 09:48:24.733  6497  6497 I ApexManager: Registering com.android.cts.priv.ctsshim as apk-in-apex of com.android.apex.cts.shim
09-10 09:48:24.738  6497  6497 I ApexManager: Registering com.android.cts.ctsshim as apk-in-apex of com.android.apex.cts.shim
09-10 09:48:24.741  6497  6497 I ApexManager: Registering com.google.android.appsearch.apk as apk-in-apex of com.android.appsearch
09-10 09:48:24.745  6497  6497 I ApexManager: Registering com.google.android.wifi.resources as apk-in-apex of com.android.wifi
09-10 09:48:24.749  6497  6497 I ApexManager: Registering com.google.android.hotspot2.osulogin as apk-in-apex of com.android.wifi
09-10 09:48:24.752  6497  6497 I ApexManager: Registering com.google.android.wifi.dialog as apk-in-apex of com.android.wifi
09-10 09:48:24.756  6497  6497 I ApexManager: Registering com.google.android.telecomresources as apk-in-apex of com.android.telephonycore
09-10 09:48:24.760  6497  6497 I ApexManager: Registering com.google.android.telecomui as apk-in-apex of com.android.telephonycore
09-10 09:48:24.765  6497  6497 I ApexManager: Registering com.google.android.bluetooth as apk-in-apex of com.android.bt
09-10 09:48:24.768  6497  6497 I PackageManager: /apex/com.android.extservices/priv-app/ExtServices-sminus@CP2A.260603.001 changed; collecting certs
09-10 09:48:24.783  6497  6497 W PackageManager: Failed to scan /apex/com.android.extservices/priv-app/ExtServices-sminus@CP2A.260603.001: Application package android.ext.services already installed.  Skipping duplicate.
09-10 09:48:24.786  6497  6497 I ApexManager: Registering com.android.nfc as apk-in-apex of com.android.nfcservices
09-10 09:48:24.790  6497  6497 I ApexManager: Registering com.google.android.nfc as apk-in-apex of com.android.nfcservices
09-10 09:48:24.794  6497  6497 I ApexManager: Registering com.google.android.permissioncontroller as apk-in-apex of com.android.permission
09-10 09:48:24.800  6497  6497 I ApexManager: Registering com.google.android.safetycenter.resources as apk-in-apex of com.android.permission
09-10 09:48:24.804  6497  6497 I ApexManager: Registering com.google.android.connectivity.resources as apk-in-apex of com.android.tethering
09-10 09:48:24.809  6497  6497 I ApexManager: Registering com.google.android.networkstack.tethering as apk-in-apex of com.android.tethering
09-10 09:48:24.813  6497  6497 I ApexManager: Registering com.google.android.uwb.resources as apk-in-apex of com.android.uwb
09-10 09:48:24.816  6497  6497 I ApexManager: Registering com.google.android.adservices.api as apk-in-apex of com.android.adservices
09-10 09:48:24.820  6497  6497 I ApexManager: Registering com.google.android.sdksandbox as apk-in-apex of com.android.adservices
09-10 09:48:24.824  6497  6497 I ApexManager: Registering com.android.virtualmachine.res as apk-in-apex of com.android.virt
09-10 09:48:24.828  6497  6497 I ApexManager: Registering com.google.android.photopicker as apk-in-apex of com.android.mediaprovider
09-10 09:48:24.832  6497  6497 I ApexManager: Registering com.google.android.providers.media.module as apk-in-apex of com.android.mediaprovider
09-10 09:48:24.835  6497  6497 I PackageManager: /apex/com.google.android.gmssystem/priv-app/PrebuiltGmsCoreForClockworkWearable@CP2A.260603.001 changed; collecting certs
09-10 09:48:24.849  6497  6497 I PackageManager: Update system package com.google.android.gms code path from /data/app/~~4OkDuO0TQX-wHEEPKnS1tA==/com.google.android.gms-9NEI3LtmM_lcBdmsLLItRQ== to /apex/com.google.android.gmssystem/priv-app/PrebuiltGmsCoreForClockworkWearable@CP2A.260603.001; Retain data and using new
09-10 09:48:24.850  6497  6497 I ApexManager: Registering com.google.android.gms as apk-in-apex of com.google.android.gmssystem
09-10 09:48:24.869  6497  6497 I ApexManager: Registering com.google.android.healthconnect.controller as apk-in-apex of com.android.healthfitness
09-10 09:48:24.875  6497  6497 I ApexManager: Registering com.google.android.health.connect.backuprestore as apk-in-apex of com.android.healthfitness
09-10 09:48:24.878  6497  6497 W OverlayConfig: partition_order.xml does not exist.
09-10 09:48:24.901  6356  6371 D Diag_Lib: diag: Diag_LSM_Init: invoked for pid: 6356 with init_count: 0
09-10 09:48:24.902  6356  6371 D Diag_Lib: diag:failed to connect to diag socket
09-10 09:48:24.902  6356  6371 D Diag_Lib:  Diag_LSM_Init: Failed to open handle to diag driver, error = 111
09-10 09:48:24.902  6356  6371 I ATS     : vendor/qcom/sw5100-lw4/proprietary-audio/args/acdb/ats/transports/diag/linux/actp/src/actp.c:actp_diag_init:105 Error[1]: Failed to initialize DIAG
09-10 09:48:24.902  6356  6371 E ATS     : vendor/qcom/sw5100-lw4/proprietary-audio/args/acdb/ats/src/ats.c:ats_init:143 Error[1]: Failed to initialize Diag
09-10 09:48:24.902  6356  6371 E ATS     : vendor/qcom/sw5100-lw4/proprietary-audio/args/acdb/ats/src/ats.c:ats_init:263 Error[1]: Failed to initialize ATS
09-10 09:48:24.902  6356  6371 E AGM: API: ats_init_thread: 64 ats_init failed retry 22 err 1
09-10 09:48:24.905  6497  6497 W PackageManager: Expecting better updated system app for com.google.android.gms; removing system app.  Last known codePath=/apex/com.google.android.gmssystem/priv-app/PrebuiltGmsCoreForClockworkWearable@CP2A.260603.001, versionCode=261136081; scanned versionCode=261136081
09-10 09:48:24.920  6497  6497 I PackageManager: Finished scanning system apps. Time: 1528 ms, packageCount: 209 , timePerPackage: 7 , cached: 241
09-10 09:48:24.933  6497  6631 D PackageCacher: Feature flags for package /data/app/~~PIpImtNRf6PJWFKyTdgz3w==/com.poc.avatarleak-hAt0BuZxyTzf3bJSktt-Uw==: {android.permission.flags.access_local_network_permission_enabled=true}
09-10 09:48:24.935  6497  6497 W system_server: Monitor::Inflate: Install failed 0x72d7e740
09-10 09:48:24.943  6497  6630 D PackageCacher: Feature flags for package /data/app/~~S4b2osp-T7WU05ujSN5alw==/com.fitbit.ecg-1V2HMCZX2-c5c84ZlsNpSA==: {android.permission.flags.access_local_network_permission_enabled=true}
09-10 09:48:24.945  6497  6632 D PackageCacher: Feature flags for package /data/app/~~2AaEXKAi-VEArEhULsJsDA==/com.google.android.calendar-M0kR6hERuNMpwuNIM2djXw==: {android.permission.flags.access_local_network_permission_enabled=true}
09-10 09:48:24.947  6497  6497 W PackageManager: Relax SCAN_REQUIRE_KNOWN requirement for package com.fitbit.ecg
09-10 09:48:24.952  6497  6497 W PackageManager: Relax SCAN_REQUIRE_KNOWN requirement for package com.google.android.calendar
09-10 09:48:24.952  6497  6631 D PackageCacher: Feature flags for package /data/app/~~aOoJR2UYZubKB2q6Cr3OTA==/com.google.android.wearable.assistant-clsKf4NpOHAhj6CwzaeYnw==: {android.permission.flags.access_local_network_permission_enabled=true}
09-10 09:48:24.953  6497  6629 D PackageCacher: Feature flags for package /data/app/~~dnWLyC4avCOSdFWnxFkLog==/com.fitbit.FitbitMobile-suJ3PHJqCM8sDjZcqxu0dw==: {android.permission.flags.access_local_network_permission_enabled=true}
09-10 09:48:24.954  6497  6632 D PackageCacher: Feature flags for package /data/app/~~9pbp8_-K2rCCAKLOK5DECg==/com.google.android.wearable.healthservices-mpm3Pr9iwbO3ODdvUNPH5w==: {android.permission.flags.access_local_network_permission_enabled=true}
09-10 09:48:24.955  6497  6630 D PackageCacher: Feature flags for package /data/app/~~cgzTqMKjgSQaLF-t_h1bYA==/com.google.android.apps.maps-wbtvTapBpGWJx4AAhn0nvw==: {android.permission.flags.access_local_network_permission_enabled=true}
09-10 09:48:24.957  6497  6497 W PackageManager: Relax SCAN_REQUIRE_KNOWN requirement for package com.google.android.wearable.assistant
09-10 09:48:24.959  6497  6629 D PackageCacher: Feature flags for package /data/app/~~adw-D0psAIKqscAyls_f2g==/com.spotify.music-mp2SxcuAqO6ZyGXFCwvP_A==: {android.permission.flags.access_local_network_permission_enabled=true}
09-10 09:48:24.963  6497  6631 D PackageCacher: Feature flags for package /data/app/~~fj6nilqvvoLTKsSX0yrgxg==/com.google.android.apps.youtube.music-TOS3C_K_uCFt1G8oNQ0pYw==: {android.permission.flags.access_local_network_permission_enabled=true}
09-10 09:48:24.963  6497  6497 W PackageManager: Relax SCAN_REQUIRE_KNOWN requirement for package com.fitbit.FitbitMobile
09-10 09:48:24.966  6497  6630 D PackageCacher: Feature flags for package /data/app/~~jVZf04gc836rggE5Fw4VtQ==/com.google.android.wearable.protolayout.renderer-nKkXQt9vSzaGc8Y1qpv60Q==: {android.permission.flags.access_local_network_permission_enabled=true}
09-10 09:48:24.970  6497  6497 W PackageManager: Relax SCAN_REQUIRE_KNOWN requirement for package com.google.android.wearable.healthservices
09-10 09:48:24.975  6497  6497 W PackageManager: Relax SCAN_REQUIRE_KNOWN requirement for package com.google.android.apps.maps
09-10 09:48:24.976  6497  6631 D PackageCacher: Feature flags for package /data/app/~~khLOFzjolXaZH5lnp7L41g==/com.google.android.apps.adm-1VopjU21N-49ZOoTDTbFUQ==: {android.permission.flags.access_local_network_permission_enabled=true}
09-10 09:48:24.977  6497  6629 D PackageCacher: Feature flags for package /data/app/~~2ktbH33pSjTyQmUZMAMvyQ==/com.google.android.apps.chromecast.app-Ew_4GS-ypdWQzD150668xA==: {android.permission.flags.access_local_network_permission_enabled=true}
09-10 09:48:24.977  6497  6630 D PackageCacher: Feature flags for package /data/app/~~BXSQqewlcZhaQh_gANhoDQ==/com.google.android.apps.weather-gmzOsbxhPBhUaD9qJ463uQ==: {android.permission.flags.access_local_network_permission_enabled=true}
09-10 09:48:24.989  6497  6630 D PackageCacher: Feature flags for package /data/app/~~KYo-5uxnef5YdsrifyAuUA==/com.google.wear.watchface.runtime-smssykVA5hbgS5WCtSN1VA==: {android.permission.flags.access_local_network_permission_enabled=true}
09-10 09:48:24.991  6497  6629 D PackageCacher: Feature flags for package /data/app/~~RGV_iRFOv2Svu-aT3kwVYQ==/com.google.android.marvin.talkback-CN7li8A7kaK_pZib2g2Izg==: {android.permission.flags.access_local_network_permission_enabled=true}
09-10 09:48:24.993  6497  6630 D PackageCacher: Feature flags for package /data/app/~~gfNiJ7zvh0W6Bs_VdQ05mw==/com.test.crossdevicepoc-uY2obAcvRlr1Naq5ACqwtQ==: {android.permission.flags.access_local_network_permission_enabled=true}
09-10 09:48:25.002  6497  6629 D PackageCacher: Feature flags for package /data/app/~~lUaxDmZtGLp6B9HVK6OC7Q==/com.google.android.keep-VxQ2Ep21PpD1xkZVRGFjUw==: {android.permission.flags.access_local_network_permission_enabled=true}
09-10 09:48:25.003  6497  6631 D PackageCacher: Feature flags for package /data/app/~~c05N5Tb6ipUhKXZ4chvEjw==/com.google.android.apps.messaging-fSFew6STFaV-G2bjLtxvWQ==: {android.permission.flags.access_local_network_permission_enabled=true}
09-10 09:48:25.007  6497  6497 W PackageManager: Relax SCAN_REQUIRE_KNOWN requirement for package com.google.android.apps.youtube.music
09-10 09:48:25.012  6497  6630 D PackageCacher: Feature flags for package /data/app/~~ByDsNl5wS0KTQJtvFPPsuQ==/com.google.android.wearable.app-6P6Uf3icgnSU7x9Y-rl9tA==: {android.permission.flags.access_local_network_permission_enabled=true}
09-10 09:48:25.013  6497  6497 W PackageManager: Relax SCAN_REQUIRE_KNOWN requirement for package com.google.android.wearable.protolayout.renderer
09-10 09:48:25.016  6497  6631 D PackageCacher: Feature flags for package /data/app/~~_DC0gmkh5vfzwLiI9264tw==/com.google.android.dialer-UesrwclyNRoW1qcab3wyVA==: {android.permission.flags.access_local_network_permission_enabled=true}
09-10 09:48:25.017  6497  6629 D PackageCacher: Feature flags for package /data/app/~~5I9OYz5fRtjibpsyYTVD-g==/com.google.android.apps.walletnfcrel-6wdnqIMcowgmxLRmGNrnhQ==: {android.permission.flags.access_local_network_permission_enabled=true}
09-10 09:48:25.017  6497  6630 D PackageCacher: Feature flags for package /data/app/~~FLJ0mP0Daln8_on1Xdai1A==/com.poc.silentsms-iL_uQkYLBtXX0TMwfWrATA==: {android.permission.flags.access_local_network_permission_enabled=true}
09-10 09:48:25.018  6497  6497 W PackageManager: Relax SCAN_REQUIRE_KNOWN requirement for package com.google.android.apps.adm
09-10 09:48:25.023  6497  6497 W PackageManager: Relax SCAN_REQUIRE_KNOWN requirement for package com.google.android.apps.weather
09-10 09:48:25.026  6497  6631 D PackageCacher: Feature flags for package /data/app/~~8f2FU7xsBv7Upax8jjSdEQ==/com.google.android.wearable.media.sessions-myhUWGq3ZvCwO-pMqJarpw==: {android.permission.flags.access_local_network_permission_enabled=true}
09-10 09:48:25.028  6497  6629 D PackageCacher: Feature flags for package /data/app/~~Eqej9gK4Zvn6Um3jsykN8w==/com.google.android.tts-JuRMUGtTdgOzIE89Gcc_kw==: {android.permission.flags.access_local_network_permission_enabled=true}
09-10 09:48:25.028  6497  6497 W PackageManager: Relax SCAN_REQUIRE_KNOWN requirement for package com.google.android.apps.chromecast.app
09-10 09:48:25.035  6497  6497 W PackageManager: Relax SCAN_REQUIRE_KNOWN requirement for package com.google.wear.watchface.runtime
09-10 09:48:25.035  6497  6629 D PackageCacher: Feature flags for package /data/app/~~YnVlcj2XUh-n8-LVbOBsWw==/com.google.android.wearable.dwf.receiver-tJdLta_zEB4QFIkpJw-FFw==: {android.permission.flags.access_local_network_permission_enabled=true}
09-10 09:48:25.039  6497  6629 D PackageCacher: Feature flags for package /data/app/~~JjOcR8SUxyw2mn1XJmYK9g==/com.poc.lockbypass-HtvgTiToK4aq1kv7tEZEWA==: {android.permission.flags.access_local_network_permission_enabled=true}
09-10 09:48:25.041  6497  6497 W PackageManager: Relax SCAN_REQUIRE_KNOWN requirement for package com.google.android.marvin.talkback
09-10 09:48:25.046  6497  6630 D PackageCacher: Feature flags for package /data/app/~~oazUwMX7epBGvSYk8dwdyQ==/com.android.vending-pap5Lp8zpZ0fC-a3-3exxQ==: {android.permission.flags.access_local_network_permission_enabled=true}
09-10 09:48:25.048  6497  6631 D PackageCacher: Feature flags for package /data/app/~~120yV1wR1VtOk-0rP0kGGg==/com.whatsapp-6OZuEb9YOQzpA1X5Xy59KQ==: {android.permission.flags.access_local_network_permission_enabled=true}
09-10 09:48:25.049  6497  6629 D PackageCacher: Feature flags for package /data/app/~~cSXMB6CNKN7zUrWtqQIuwg==/com.google.android.contacts-k0o6Hy3vdaVpkH3kpofKfA==: {android.permission.flags.access_local_network_permission_enabled=true}
09-10 09:48:25.050  6497  6497 W PackageManager: Relax SCAN_REQUIRE_KNOWN requirement for package com.google.android.keep
09-10 09:48:25.051  6497  6629 D PackageCacher: Feature flags for package /data/app/~~oO5f2Sc_IPoLSX4A1xTLuA==/com.test.watchprobe-j3zBJacK3kQZKX9TsOaX9A==: {android.permission.flags.access_local_network_permission_enabled=true}
09-10 09:48:25.054  6497  6629 D PackageCacher: Feature flags for package /data/app/~~nMbn6wjpfhF9IG12tz4AHw==/com.test.datalayer-ZAbbHhSSRFqh_0TasG5QZQ==: {android.permission.flags.access_local_network_permission_enabled=true}
09-10 09:48:25.056  6497  6497 W PackageManager: Relax SCAN_REQUIRE_KNOWN requirement for package com.google.android.apps.messaging
09-10 09:48:25.057  6497  6632 D PackageCacher: Feature flags for package /data/app/~~4OkDuO0TQX-wHEEPKnS1tA==/com.google.android.gms-9NEI3LtmM_lcBdmsLLItRQ==: {android.permission.flags.access_local_network_permission_enabled=true}
09-10 09:48:25.057  6497  6629 D PackageCacher: Feature flags for package /data/app/~~vhy8U0WGA3kllTKhkzVqoA==/com.poc.bal-gERQgkRdyDZvwMKjN6_0fg==: {android.permission.flags.access_local_network_permission_enabled=true}
09-10 09:48:25.058  6497  6630 D PackageCacher: Feature flags for package /data/app/~~GhGzVqpIbrswZ6cfg6-3Iw==/com.google.android.wearable.watchface.rwf-II_Enq9nizBO63lSxyFrEw==: {android.permission.flags.access_local_network_permission_enabled=true}
09-10 09:48:25.061  6497  6630 D PackageCacher: Feature flags for package /data/app/~~NNvecTj5kR6ei9uCj2CBZA==/com.christan.google_ass_tv_poc-TvcncKohHoAbuelVERxDAg==: {android.permission.flags.access_local_network_permission_enabled=true}
09-10 09:48:25.062  6497  6629 D PackageCacher: Feature flags for package /data/app/~~wTnOjv00M3KkmdMIKDBIfQ==/com.research.providerprobe-99G_YXS-3JS-jccB2EeaGA==: {android.permission.flags.access_local_network_permission_enabled=true}
09-10 09:48:25.063  6497  6497 W PackageManager: Relax SCAN_REQUIRE_KNOWN requirement for package com.google.android.wearable.app
09-10 09:48:25.068  6497  6497 W PackageManager: Relax SCAN_REQUIRE_KNOWN requirement for package com.google.android.dialer
09-10 09:48:25.070  6497  6631 D PackageCacher: Feature flags for package /data/app/~~z_K-WwEN3LbciRVBQhSalw==/com.google.android.apps.safetyhub-R5WPzYnfTNjRTN0cJGgj4Q==: {android.permission.flags.access_local_network_permission_enabled=true}
09-10 09:48:25.071  6497  6630 D PackageCacher: Feature flags for package /data/app/~~e5YwZv2ovS3RjmaiMAFNuw==/com.google.android.gm-DRNeHo0IrTi12EHY-j7Vbw==: {android.permission.flags.access_local_network_permission_enabled=true}
09-10 09:48:25.071  6497  6629 D PackageCacher: Feature flags for package /data/app/~~178rioFY_dWHmuuITVUpog==/com.google.android.inputmethod.latin-lq2CHxU5mFRBFHTLvRtQWw==: {android.permission.flags.access_local_network_permission_enabled=true}
09-10 09:48:25.071  6497  6632 D PackageCacher: Feature flags for package /data/app/~~2ulKM2W4hr-MLHq9gATBJA==/com.google.android.deskclock-ZRz6S3vzuwIwl4sTdc9j-Q==: {android.permission.flags.access_local_network_permission_enabled=true}
09-10 09:48:25.075  6497  6497 W PackageManager: Relax SCAN_REQUIRE_KNOWN requirement for package com.google.android.apps.walletnfcrel
09-10 09:48:25.078  6497  6631 D PackageCacher: Feature flags for package /data/app/~~vveRLkhQW8lfMx9Uor4AIQ==/com.google.android.GoogleCamera-paIvSJvVVq9cnzc4iIpJdA==: {android.permission.flags.access_local_network_permission_enabled=true}
09-10 09:48:25.080  6497  6630 D PackageCacher: Feature flags for package /data/app/~~q73BiewNKPpbRljDjRFTQw==/com.google.android.wearable.pixel.pdms--EaChjbowWD87MdcbvV_rw==: {android.permission.flags.access_local_network_permission_enabled=true}
09-10 09:48:25.085  6497  6497 W PackageManager: Relax SCAN_REQUIRE_KNOWN requirement for package com.google.android.wearable.media.sessions
09-10 09:48:25.090  6497  6497 W PackageManager: Relax SCAN_REQUIRE_KNOWN requirement for package com.google.android.tts
09-10 09:48:25.096  6497  6497 W PackageManager: Relax SCAN_REQUIRE_KNOWN requirement for package com.google.android.wearable.dwf.receiver
09-10 09:48:25.104  6497  6497 W PackageManager: Relax SCAN_REQUIRE_KNOWN requirement for package com.android.vending
09-10 09:48:25.119  6497  6497 W PackageManager: Relax SCAN_REQUIRE_KNOWN requirement for package com.google.android.contacts
09-10 09:48:25.131  6497  6497 I PackageManager: /data/app/~~4OkDuO0TQX-wHEEPKnS1tA==/com.google.android.gms-9NEI3LtmM_lcBdmsLLItRQ== changed; collecting certs
09-10 09:48:25.402  6356  6371 D Diag_Lib: diag: Diag_LSM_Init: invoked for pid: 6356 with init_count: 0
09-10 09:48:25.403  6356  6371 D Diag_Lib: diag:failed to connect to diag socket
09-10 09:48:25.403  6356  6371 D Diag_Lib:  Diag_LSM_Init: Failed to open handle to diag driver, error = 111
09-10 09:48:25.403  6356  6371 I ATS     : vendor/qcom/sw5100-lw4/proprietary-audio/args/acdb/ats/transports/diag/linux/actp/src/actp.c:actp_diag_init:105 Error[1]: Failed to initialize DIAG
09-10 09:48:25.403  6356  6371 E ATS     : vendor/qcom/sw5100-lw4/proprietary-audio/args/acdb/ats/src/ats.c:ats_init:143 Error[1]: Failed to initialize Diag
09-10 09:48:25.403  6356  6371 E ATS     : vendor/qcom/sw5100-lw4/proprietary-audio/args/acdb/ats/src/ats.c:ats_init:263 Error[1]: Failed to initialize ATS
09-10 09:48:25.403  6356  6371 E AGM: API: ats_init_thread: 64 ats_init failed retry 23 err 1
09-10 09:48:25.610  6351  6351 W libbinder.ServiceManagerCppClient: Waited one second for activity (is service started? Number of threads started in the threadpool: 16. Are binder threads started and available?)
09-10 09:48:25.613   329  6635 W libc    : Unable to set property "ctl.interface_start" to "aidl/activity": PROP_ERROR_HANDLE_CONTROL_MESSAGE (0x20)
09-10 09:48:25.793  1235  1235 I adbd    : adbd service requested 'shell,v2,TERM=xterm-256color,raw:dumpsys package providers 2>&1'
09-10 09:48:25.893  6335  6394 D BootAnimation: Playing files = /product/media/bootanimation-eos-384.zip/part2, Requested repeat = 0, playUntilComplete = false
09-10 09:48:25.903  6356  6371 D Diag_Lib: diag: Diag_LSM_Init: invoked for pid: 6356 with init_count: 0
09-10 09:48:25.904  6356  6371 D Diag_Lib: diag:failed to connect to diag socket
09-10 09:48:25.904  6356  6371 D Diag_Lib:  Diag_LSM_Init: Failed to open handle to diag driver, error = 111
09-10 09:48:25.904  6356  6371 I ATS     : vendor/qcom/sw5100-lw4/proprietary-audio/args/acdb/ats/transports/diag/linux/actp/src/actp.c:actp_diag_init:105 Error[1]: Failed to initialize DIAG
09-10 09:48:25.904  6356  6371 E ATS     : vendor/qcom/sw5100-lw4/proprietary-audio/args/acdb/ats/src/ats.c:ats_init:143 Error[1]: Failed to initialize Diag
09-10 09:48:25.904  6356  6371 E ATS     : vendor/qcom/sw5100-lw4/proprietary-audio/args/acdb/ats/src/ats.c:ats_init:263 Error[1]: Failed to initialize ATS
09-10 09:48:25.904  6356  6371 E AGM: API: ats_init_thread: 64 ats_init failed retry 24 err 1
09-10 09:48:26.149  1235  1235 I adbd    : adbd service requested 'shell,v2,TERM=xterm-256color,raw:logcat -d -t 60'
09-10 09:48:26.245  1638  1642 I pixel-thermal: audio-therm:41.832 raw data: audio-therm:41832 
09-10 09:48:26.250  1638  1642 I pixel-thermal: sdm-skin-therm:42.666 raw data: sdm-skin-therm:42666 
09-10 09:48:26.404  6356  6371 D Diag_Lib: diag: Diag_LSM_Init: invoked for pid: 6356 with init_count: 0
09-10 09:48:26.404  6356  6371 D Diag_Lib: diag:failed to connect to diag socket
09-10 09:48:26.404  6356  6371 D Diag_Lib:  Diag_LSM_Init: Failed to open handle to diag driver, error = 111
09-10 09:48:26.404  6356  6371 I ATS     : vendor/qcom/sw5100-lw4/proprietary-audio/args/acdb/ats/transports/diag/linux/actp/src/actp.c:actp_diag_init:105 Error[1]: Failed to initialize DIAG
09-10 09:48:26.404  6356  6371 E ATS     : vendor/qcom/sw5100-lw4/proprietary-audio/args/acdb/ats/src/ats.c:ats_init:143 Error[1]: Failed to initialize Diag
09-10 09:48:26.404  6356  6371 E ATS     : vendor/qcom/sw5100-lw4/proprietary-audio/args/acdb/ats/src/ats.c:ats_init:263 Error[1]: Failed to initialize ATS
09-10 09:48:26.404  6356  6371 E AGM: API: ats_init_thread: 64 ats_init failed retry 25 err 1
09-10 09:48:26.611  6351  6351 W libbinder.ServiceManagerCppClient: Waited one second for activity (is service started? Number of threads started in the threadpool: 16. Are binder threads started and available?)
09-10 09:48:26.614   329  6644 W libc    : Unable to set property "ctl.interface_start" to "aidl/activity": PROP_ERROR_HANDLE_CONTROL_MESSAGE (0x20)
09-10 09:48:26.905  6356  6371 D Diag_Lib: diag: Diag_LSM_Init: invoked for pid: 6356 with init_count: 0
09-10 09:48:26.905  6356  6371 D Diag_Lib: diag:failed to connect to diag socket
09-10 09:48:26.905  6356  6371 D Diag_Lib:  Diag_LSM_Init: Failed to open handle to diag driver, error = 111
09-10 09:48:26.905  6356  6371 I ATS     : vendor/qcom/sw5100-lw4/proprietary-audio/args/acdb/ats/transports/diag/linux/actp/src/actp.c:actp_diag_init:105 Error[1]: Failed to initialize DIAG
09-10 09:48:26.905  6356  6371 E ATS     : vendor/qcom/sw5100-lw4/proprietary-audio/args/acdb/ats/src/ats.c:ats_init:143 Error[1]: Failed to initialize Diag
09-10 09:48:26.905  6356  6371 E ATS     : vendor/qcom/sw5100-lw4/proprietary-audio/args/acdb/ats/src/ats.c:ats_init:263 Error[1]: Failed to initialize ATS
09-10 09:48:26.905  6356  6371 E AGM: API: ats_init_thread: 64 ats_init failed retry 26 err 1
09-10 09:48:27.284  1235  1235 I adbd    : adbd service requested 'shell,v2,TERM=xterm-256color:export ANDROID_LOG_TAGS=''; exec logcat '-d''
