--------- beginning of main
06-30 02:57:00.712  2305  2605 D ImsResolver: maybeAddedImsService, packageName: com.poc.silentsms
06-30 02:57:00.712  2305  2605 V ImsResolver: searchForImsServices: package=com.poc.silentsms, users=[UserHandle{0}]
06-30 02:57:00.718  1719  3725 W PackageInfo: Large parcel: size=36812 pkg=com.android.shell uid=2000 perm=908(5) reqPerm=31900(650) prevAllowSquashing=false
06-30 02:57:00.718  2305  2605 V ImsResolver: searchForImsServices: package=com.poc.silentsms, users=[UserHandle{0}]
06-30 02:57:00.727  1719  2492 W PackageInfo: Large parcel: size=36812 pkg=com.android.shell uid=2000 perm=908(5) reqPerm=31900(650) prevAllowSquashing=false
06-30 02:57:00.728  1719  3186 E RoleControllerServiceImpl: Default/fallback role holder package doesn't qualify for the role, package: com.google.android.gms.supervision, role: android.app.role.SYSTEM_SUPERVISION, user: 0
06-30 02:57:00.733 16989 16989 I Finsky  : [2] qby - Received: android.intent.action.PACKAGE_ADDED, [FmueAhFLPT-Jh9etCj38oK-rx4rWI9A5Xus3dqHL4Wk]
06-30 02:57:00.734  1719  1974 D ConnectivityService: releasing NetworkRequest [ REQUEST id=359, [ Capabilities: INTERNET&NOT_RESTRICTED&TRUSTED&NOT_VCN_MANAGED&NOT_BANDWIDTH_CONSTRAINED Uid: 10163 RequestorUid: 10163 RequestorPkg: com.whatsapp UnderlyingNetworks: Null] ] (release request)
06-30 02:57:00.735  1719  1974 D NetworkRequestStateStatsMetrics: Removed nr with ID = 359
06-30 02:57:00.741  2305  2305 E VvmPkgInstalledRcvr: carrierVvmPkgAdded: cannot create TelephonyManager from ComponentInfo{com.android.phone/com.android.services.telephony.TelephonyConnectionService}, E, UserHandle{0}
06-30 02:57:00.741  2305  2305 E VvmPkgInstalledRcvr: carrierVvmPkgAdded: cannot create TelephonyManager from ComponentInfo{com.google.wear.services/com.google.wear.services.calling.client.CompanionClientConnectionService}, ***, UserHandle{0}
06-30 02:57:00.743 15190 15198 I PermissionControllerServiceImpl: Updating user sensitive for uid 10006
06-30 02:57:00.755 16989 16989 I Finsky  : [2] Clearing split related stale data.
06-30 02:57:00.755 16989 16989 I Finsky  : [2] DTU: Received onPackageAdded, replacing: false
--------- beginning of system
06-30 02:57:00.757  1719  2003 I AdbWifiNetworkMonitor: Wi-Fi network available
06-30 02:57:00.757  1719  2003 I AdbWifiNetworkMonitor: Received the same Wi-Fi SSID. Ignoring.
06-30 02:57:00.760  2299  2299 D NfcService: renewTagAppPrefList: TagAppPreference changed false
06-30 02:57:00.765  3468  3468 W JobService: onNetworkChanged() not implemented in androidx.work.impl.background.systemjob.SystemJobService. Must override in a subclass.
06-30 02:57:00.766  1719  1967 I HalDevMgr: bestIfaceCreationProposal is null, requestIface=STA, existingIface=[name=wlan0 type=STA]
06-30 02:57:00.766 16989 19676 I Finsky  : [126] [ContentSync] finished, scheduled=false
06-30 02:57:00.766  1719  1967 D UntrustedWifiNetworkFactory: got request NetworkRequest [ REQUEST id=390, [ Capabilities: INTERNET&NOT_RESTRICTED&TRUSTED&NOT_VCN_MANAGED&NOT_BANDWIDTH_CONSTRAINED Uid: 10059 RequestorUid: 10059 RequestorPkg: com.google.android.wearable.assistant UnderlyingNetworks: Null] ]
06-30 02:57:00.767  1719  1967 D OemPaidWifiNetworkFactory: got request NetworkRequest [ REQUEST id=390, [ Capabilities: INTERNET&NOT_RESTRICTED&TRUSTED&NOT_VCN_MANAGED&NOT_BANDWIDTH_CONSTRAINED Uid: 10059 RequestorUid: 10059 RequestorPkg: com.google.android.wearable.assistant UnderlyingNetworks: Null] ]
06-30 02:57:00.767  1719  1967 D MultiInternetWifiNetworkFactory: got request NetworkRequest [ REQUEST id=390, [ Capabilities: INTERNET&NOT_RESTRICTED&TRUSTED&NOT_VCN_MANAGED&NOT_BANDWIDTH_CONSTRAINED Uid: 10059 RequestorUid: 10059 RequestorPkg: com.google.android.wearable.assistant UnderlyingNetworks: Null] ]
06-30 02:57:00.771  1719  3186 I DevicePolicyManager: Found incompatible accounts on any user, not allowing bypassing
06-30 02:57:00.772  1719  1762 I libprocessgroup: Removed cgroup /sys/fs/cgroup/apps/uid_10163/pid_17691
06-30 02:57:00.774  2637  2987 D DeviceStateHelper: Wifi freq: 2412
06-30 02:57:00.778  2304  2982 D QCNEJ/NativeAidlConnector: -> SND notifyDefaultNetworkChanged(1)
06-30 02:57:00.780  2304  2982 D cneJni  : sendDefaultNwMsg start
06-30 02:57:00.782  1719  3186 W SignedPackage: Package doesn't have required signing certificate: com.google.android.apps.work.clouddpc
06-30 02:57:00.785  2304  2982 D cneJni  : sendWifiStatus start
06-30 02:57:00.786  1719  1719 I BackupManagerService: No delayed restore requests for the given dependency: com.poc.silentsms
06-30 02:57:00.789  1719  1719 W Looper  : Slow delivery took 200ms main app=system_server main=true group=FOREGROUND h=com.android.server.alarm.AlarmManagerService$AlarmHandler c=null m=11
06-30 02:57:00.790  1719  1719 D WEAR_NETWORK_OBSERVER: got request NetworkRequest [ REQUEST id=390, [ Capabilities: INTERNET&NOT_RESTRICTED&TRUSTED&NOT_VCN_MANAGED&NOT_BANDWIDTH_CONSTRAINED Uid: 10059 RequestorUid: 10059 RequestorPkg: com.google.android.wearable.assistant UnderlyingNetworks: Null] ]
06-30 02:57:00.796  1719  1719 W libbinder.IPCThreadState: Sending oneway calls to frozen process.
06-30 02:57:00.802  1719  1719 W libbinder.IPCThreadState: Sending oneway calls to frozen process.
06-30 02:57:00.820  1719  1719 W libbinder.IPCThreadState: Sending oneway calls to frozen process.
06-30 02:57:00.820  1719  1719 W libbinder.IPCThreadState: Sending oneway calls to frozen process.
06-30 02:57:00.822  3468  3668 W EdorasConnMonitorState: unhandled onNetworkConnected
06-30 02:57:00.822  2299  2299 I RegisteredComponentCache: generateComponentsList: New Components => 
06-30 02:57:00.822  2299  2299 I RegisteredComponentCache: generateComponentsList: Removed Components => 
06-30 02:57:00.842  2305  2305 D CarrierSvcBindHelper: onPackageModified: com.poc.silentsms
06-30 02:57:00.844  2305  2305 D CarrierSvcBindHelper: No carrier app for: 0
06-30 02:57:00.846  1719  1719 W Looper  : Drained
06-30 02:57:00.846  2305  2506 I SatelliteAppTracker: onPackageModified : com.poc.silentsms
06-30 02:57:00.848  2076  2573 W SysUI   : [RecentTasksLauncherRepo]getRecentApps matched with a Launcher Activity in the task TaskInfo{userId=0 taskId=438 effectiveUid=10072 displayId=-1 isRunning=false baseIntent=Intent { act=android.intent.action.DIAL dat=tel:xxxxxxxxxxx flg=0x10000000 cmp=com.google.android.dialer/com.google.android.wearable.googledialer.homescreen.impl.ui.HomeScreenActivity } baseActivity=null topActivity=null origActivity=null realActivity=ComponentInfo{com.google.android.dialer/com.google.android.wearable.googledialer.homescreen.impl.ui.HomeScreenActivity} realActivityIsAppLockEnabled=false numActivities=0 lastActiveTime=56587501 supportsMultiWindow=false supportsMultiWindowWithoutConstraints=false resizeMode=1 isResizeable=true minWidth=-1 minHeight=-1 defaultMinSize=220 token=WCT{android.os.BinderProxy@d1d71aa} topActivityType=1 pictureInPictureParams=null shouldDockBigOverlays=false launchIntoPipHostTaskId=-1 lastParentTaskIdBeforePip=-1 displayCutoutSafeInsets=Rect(0, 0 - 0, 0) topActivityInfo=null launchCookies=[] positionInParent=Point(0, 0) parentTaskId=-1 isFocused=false isInteractive=false isVisible=false isVisibleRequested=false isTopActivityNoDisplay=false isSleeping=false locusId=null displayAreaFeatureId=1 isTopActivityTransparent=false isActivityStackTransparent=true lastNonFullscreenBounds=Rect(54, 54 - 330, 330) leafTaskBoundsFromOptions= false capturedLink=null capturedLinkTimestamp=0 requestedVisibleTypes=503 topActivityRequestOpenInBrowserEducationTimestamp=0 appCompatTaskInfo=AppCompatTaskInfo { topActivityInSizeCompat=false isLeafTask= true eligibleForLetterboxEducation= false isLetterboxEducationEnabled= false isLetterboxDoubleTapEnabled= false eligibleForUserAspectRatioButton= false topActivityBoundsLetterboxed= false isFromLetterboxDoubleTap= false topActivityLetterboxVerticalPosition= -1 topActivityLetterboxHorizontalPosition= -1 topActivityLetterboxWidth=-1 topActivityLetterboxHeight=-1 topActivityAppBounds=Rect(0, 0 - 0, 0) isUserFullscreenOverrideEnabled=false isSystemFullscreenOverrideEnabled=false hasMinAspectRatioOverride=false topActivityLetterboxBounds=null topNonResizableActivityAspectRatio=-1.0} topActivityMainWindowFrame=null isAppBubble=false} == ActivityLauncherApp(label=Phone, activity=ComponentInfo{com.google.android.dialer/com.google.android.wearable.googledialer.homescreen.impl.ui.HomeScreenActivity}, launcherIconRequest=AllAppsLauncherIconRequest(packageName=com.google.android.dialer, activityName=com.google.android.wearable.googledialer.homescreen.impl.ui.HomeScreenActivity, isDefaultApp=false), loadLauncherIcon=ioi@883eed4)
06-30 02:57:00.848  2076  2573 W SysUI   : [RecentTasksLauncherRepo]getRecentApps matched with a Launcher Activity in the task TaskInfo{userId=0 taskId=435 effectiveUid=1000 displayId=0 isRunning=true baseIntent=Intent { act=android.intent.action.MAIN cat=[android.intent.category.LAUNCHER] flg=0x10000000 cmp=com.google.android.apps.wearable.settings/com.google.android.clockwork.settings.MainSettingsActivity } baseActivity=ComponentInfo{com.google.android.apps.wearable.settings/com.google.android.clockwork.settings.MainSettingsActivity} topActivity=ComponentInfo{com.google.android.apps.wearable.settings/com.google.android.clockwork.settings.MainSettingsActivity} origActivity=null realActivity=ComponentInfo{com.google.android.apps.wearable.settings/com.google.android.clockwork.settings.MainSettingsActivity} realActivityIsAppLockEnabled=false numActivities=1 lastActiveTime=51746088 supportsMultiWindow=false supportsMultiWindowWithoutConstraints=false resizeMode=1 isResizeable=true minWidth=-1 minHeight=-1 defaultMinSize=220 token=WCT{android.os.BinderProxy@775cfa} topActivityType=1 pictureInPictureParams=null shouldDockBigOverlays=false launchIntoPipHostTaskId=-1 lastParentTaskIdBeforePip=-1 displayCutoutSafeInsets=Rect(0, 0 - 0, 0) topActivityInfo=ActivityInfo{26592a0 com.google.android.clockwork.settings.MainSettingsActivity} launchCookies=[] positionInParent=Point(0, 0) parentTaskId=-1 isFocused=false isInteractive=false isVisible=false isVisibleRequested=false isTopActivityNoDisplay=false isSleeping=false locusId=null displayAreaFeatureId=1 isTopActivityTransparent=false isActivityStackTransparent=false lastNonFullscreenBounds=Rect(54, 54 - 330, 330) leafTaskBoundsFromOptions= false capturedLink=null capturedLinkTimestamp=0 requestedVisibleTypes=503 topActivityRequestOpenInBrowserEducationTimestamp=0 appCompatTaskInfo=AppCompatTaskInfo { topActivityInSizeCompat=false isLeafTask= true eligibleForLetterboxEducation= false isLetterboxEducationEnabled= false isLetterboxDoubleTapEnabled= false eligibleForUserAspectRatioButton= false topActivityBoundsLetterboxed= false isFromLetterboxDoubleTap= false topActivityLetterboxVerticalPosition= -1 topActivityLetterboxHorizontalPosition= -1 topActivityLetterboxWidth=-1 topActivityLetterboxHeight=-1 topActivityAppBounds=Rect(0, 0 - 384, 384) isUserFullscreenOverrideEnabled=false isSystemFullscreenOverrideEnabled=false hasMinAspectRatioOverride=false topActivityLetterboxBounds=null topNonResizableActivityAspectRatio=-1.0} topActivityMainWindowFrame=null isAppBubble=false} == ActivityLauncherApp(label=Settings, activity=ComponentInfo{com.google.android.apps.wearable.settings/com.google.android.clockwork.settings.MainSettingsActivity}, launcherIconRequest=AllAppsLauncherIconRequest(packageName=com.google.android.apps.wearable.settings, activityName=com.google.android.clockwork.settings.MainSettingsActivity, isDefaultApp=false), loadLauncherIcon=ioi@cf39d08)
06-30 02:57:00.849  2076  2573 W SysUI   : [RecentTasksLauncherRepo]getRecentApps matched with a Launcher Activity in the task TaskInfo{userId=0 taskId=436 effectiveUid=10066 displayId=-1 isRunning=false baseIntent=Intent { act=android.intent.action.MAIN flg=0x10000000 cmp=com.google.android.apps.walletnfcrel/com.google.commerce.tapandpay.wear.cardlist.WalletThemedWearCardListActivity } baseActivity=null topActivity=null origActivity=null realActivity=ComponentInfo{com.google.android.apps.walletnfcrel/com.google.commerce.tapandpay.wear.cardlist.WalletThemedWearCardListActivity} realActivityIsAppLockEnabled=false numActivities=0 lastActiveTime=51690225 supportsMultiWindow=false supportsMultiWindowWithoutConstraints=false resizeMode=1 isResizeable=true minWidth=-1 minHeight=-1 defaultMinSize=220 token=WCT{android.os.BinderProxy@a3b2b97} topActivityType=1 pictureInPictureParams=null shouldDockBigOverlays=false launchIntoPipHostTaskId=-1 lastParentTaskIdBeforePip=-1 displayCutoutSafeInsets=Rect(0, 0 - 0, 0) topActivityInfo=null launchCookies=[] positionInParent=Point(0, 0) parentTaskId=-1 isFocused=false isInteractive=false isVisible=false isVisibleRequested=false isTopActivityNoDisplay=false isSleeping=false locusId=null displayAreaFeatureId=1 isTopActivityTransparent=false isActivityStackTransparent=true lastNonFullscreenBounds=Rect(54, 54 - 330, 330) leafTaskBoundsFromOptions= false capturedLink=null capturedLinkTimestamp=0 requestedVisibleTypes=503 topActivityRequestOpenInBrowserEducationTimestamp=0 appCompatTaskInfo=AppCompatTaskInfo { topActivityInSizeCompat=false isLeafTask= true eligibleForLetterboxEducation= false isLetterboxEducationEnabled= false isLetterboxDoubleTapEnabled= false eligibleForUserAspectRatioButton= false topActivityBoundsLetterboxed= false isFromLetterboxDoubleTap= false topActivityLetterboxVerticalPosition= -1 topActivityLetterboxHorizontalPosition= -1 topActivityLetterboxWidth=-1 topActivityLetterboxHeight=-1 topActivityAppBounds=Rect(0, 0 - 0, 0) isUserFullscreenOverrideEnabled=false isSystemFullscreenOverrideEnabled=false hasMinAspectRatioOverride=false topActivityLetterboxBounds=null topNonResizableActivityAspectRatio=-1.0} topActivityMainWindowFrame=null isAppBubble=false} == ActivityLauncherApp(label=Wallet, activity=ComponentInfo{com.google.android.apps.walletnfcrel/com.google.commerce.tapandpay.wear.cardlist.WalletThemedWearCardListActivity}, launcherIconRequest=AllAppsLauncherIconRequest(packageName=com.google.android.apps.walletnfcrel, activityName=com.google.commerce.tapandpay.wear.cardlist.WalletThemedWearCardListActivity, isDefaultApp=false), loadLauncherIcon=ioi@dcfe26a)
06-30 02:57:00.857  2305  2527 D EuiccConnector: handleMessage: E msg.what=1
06-30 02:57:00.857  2305  2527 D EuiccConnector: processMsg: ConnectedState
06-30 02:57:00.857  1226  1226 I adbd    : adbd service requested 'shell,v2,TERM=xterm-256color,raw:am start -n com.poc.silentsms/.MainActivity'
06-30 02:57:00.857  2305  2527 D EuiccConnector: processMsg: DisconnectedState
06-30 02:57:00.860 17105 17105 I Finsky:background: [2] qbo - Received: android.intent.action.PACKAGE_ADDED, [FmueAhFLPT-Jh9etCj38oK-rx4rWI9A5Xus3dqHL4Wk]
06-30 02:57:00.861  2305  2527 D EuiccConnector: handleMessage: X
06-30 02:57:00.867 15190 15199 I PermissionControllerServiceImpl: Updating user sensitive for uid 10006
06-30 02:57:00.870  1719  1905 D CompatChangeReporter: Compat change id reported: 262645982; UID 10006; state: ENABLED
06-30 02:57:00.873 17105 19655 I Finsky:background: [95] Wrote row to frosting DB: 1258
06-30 02:57:00.876  2076  2573 W SysUI   : [LauncherDefaultRecentsCombiner]Unable to get ActivityDisplayInfo for {com.google.android.apps.youtube.music/com.google.android.apps.youtube.music.wear.WearMainActivity} attempting to fetch from ResolveInfo
06-30 02:57:00.881  1719  2025 D ShortcutService: received package broadcast intent: Intent { act=android.intent.action.PACKAGE_CHANGED dat=package: flg=0x5000010 (has extras) }
06-30 02:57:00.881  1719  2025 D ShortcutService: changing package: com.poc.silentsms userId=0
06-30 02:57:00.882  1719  1939 V AccessibilityUserState: updateShortcutTargets: type:accessibility_shortcut_target_service, current:{}, new:{}
06-30 02:57:00.889  1719  3186 W SignedPackage: Cannot get ApplicationInfo for package: com.android.gallery3d
06-30 02:57:00.903  2305  2305 E SmsApplication: com.google.android.apps.messaging lost android:receive_wap_push:  (fixing)
06-30 02:57:00.914 19743 19743 D nativeloader: Configuring clns-6 for other apk /system/framework/com.google.android.wearable.jar. target_sdk_version=36, uses_libraries=ALL, library_path=/data/app/~~YnVlcj2XUh-n8-LVbOBsWw==/com.google.android.wearable.dwf.receiver-tJdLta_zEB4QFIkpJw-FFw==/lib/arm, permitted_path=/data:/mnt/expand:/data/user/0/com.google.android.wearable.dwf.receiver
06-30 02:57:00.915   855   880 D ContextHubHal: Got message from nanoapp: ID 0x476f6f676c003000
06-30 02:57:00.932  2305  2305 E SmsApplication: com.google.android.apps.messaging lost android:read_cell_broadcasts:  (fixing)
06-30 02:57:00.942 17105 17105 I Finsky:background: [2] qbo - Received: android.intent.action.PACKAGE_CHANGED, [FmueAhFLPT-Jh9etCj38oK-rx4rWI9A5Xus3dqHL4Wk]
06-30 02:57:00.942  2109 17409 E WearServices: [ProviderGetter]Fetched empty list of supported providers: wfSlotSupportedTypes = null, packageName = com.poc.silentsms, watchFaceId = null
06-30 02:57:00.951  1719  1939 V AccessibilityUserState: updateShortcutTargets: type:accessibility_qs_targets, current:{}, new:{}
06-30 02:57:00.951  1719  1939 V AccessibilityUserState: updateShortcutTargets: type:accessibility_button_targets, current:{}, new:{}
06-30 02:57:00.951  1719  1939 V AccessibilityUserState: updateShortcutTargets: type:accessibility_gesture_targets, current:{}, new:{}
06-30 02:57:00.951  1719  1939 V AccessibilityUserState: updateShortcutTargets: type:accessibility_key_gesture_targets, current:{}, new:{}
06-30 02:57:00.952  1719  1939 V AccessibilityUserState: updateShortcutTargets: type:accessibility_top_row_key_targets, current:{}, new:{}
06-30 02:57:00.952  1719  1939 V AccessibilityUserState: updateShortcutTargets: type:accessibility_quick_access_targets, current:{}, new:{}
06-30 02:57:00.954  2305  2450 V MessagingReadRestrictionAllowlistMonitor: onBroadcastReceived: No AppOp changes for package: com.poc.silentsms
06-30 02:57:00.961  1719  2160 W ActivityTaskManager: callingPackage for (uid=2000, pid=19759) has no WPC
06-30 02:57:00.961  1719  1939 V AccessibilityManagerService: onUserStateChangedLocked for userId: 0, forceUpdate: false
06-30 02:57:00.963  1719  1758 I AppBindingService: [Supervision app] feature disabled
06-30 02:57:00.966  1719  2160 W AppCompatResourceOverlayPolicy: constructor: Failed to find VirtualDeviceManagerService
06-30 02:57:00.981 19743 19743 W le.dwf.receiver: Failed to find entry 'classes.dex': Entry not found
06-30 02:57:00.981  1719  2160 V GrammaticalInflectionUtils: AttributionSource: android.content.AttributionSource@e0ca9776 does not have READ_SYSTEM_GRAMMATICAL_GENDER permission.
06-30 02:57:00.985 19743 19743 W le.dwf.receiver: Failed to find entry 'classes.dex': Entry not found
06-30 02:57:00.985  1719  2160 D ActivityTaskManager: Temporarily retain top process state for launching app
06-30 02:57:00.988 19743 19743 W le.dwf.receiver: Failed to find entry 'classes.dex': Entry not found
06-30 02:57:01.015  1719  2160 V ActivityTaskManager: TaskLaunchParamsModifier: phase=3 task=Task{e915ffe #460 type=standard A=10006:com.poc.silentsms} activity=ActivityRecord{158518656 u0 com.poc.silentsms/.MainActivity t-1} display-from-task=0 display-id=0 task-display-area-windowing-mode=1 suggested-display-area=DefaultTaskDisplayArea@89885625 inherit-from-task=fullscreen non-freeform-task-display-area display-area=DefaultTaskDisplayArea@89885625 default-portrait freeform-size-mismatch=Rect(54, 54 - 330, 330)
06-30 02:57:01.015  1719  2160 I ActivityTaskManager: START u0 {flg=0x10000000 xflg=0x5 cmp=com.poc.silentsms/.MainActivity} with LAUNCH_MULTIPLE from uid 2000 (com.android.shell) (BAL_ALLOW_PERMISSION) result code=0
06-30 02:57:01.017  2285  2373 V WindowManagerShell: Transition requested (#357): android.os.BinderProxy@97deb31 TransitionRequestInfo { type = OPEN, triggerTask = TaskInfo{userId=0 taskId=460 effectiveUid=10006 displayId=0 isRunning=true baseIntent=Intent { flg=0x10000000 cmp=com.poc.silentsms/.MainActivity } baseActivity=ComponentInfo{com.poc.silentsms/com.poc.silentsms.MainActivity} topActivity=ComponentInfo{com.poc.silentsms/com.poc.silentsms.MainActivity} origActivity=null realActivity=ComponentInfo{com.poc.silentsms/com.poc.silentsms.MainActivity} realActivityIsAppLockEnabled=false numActivities=1 lastActiveTime=56640868 supportsMultiWindow=false supportsMultiWindowWithoutConstraints=false resizeMode=1 isResizeable=true minWidth=-1 minHeight=-1 defaultMinSize=220 token=WCT{android.os.BinderProxy@12c4216} topActivityType=1 pictureInPictureParams=null shouldDockBigOverlays=false launchIntoPipHostTaskId=-1 lastParentTaskIdBeforePip=-1 displayCutoutSafeInsets=Rect(0, 0 - 0, 0) topActivityInfo=ActivityInfo{eff0797 com.poc.silentsms.MainActivity} launchCookies=[] positionInParent=Point(0, 0) parentTaskId=-1 isFocused=false isInteractive=false isVisible=false isVisibleRequested=false isTopActivityNoDisplay=false isSleeping=false locusId=null displayAreaFeatureId=1 isTopActivityTransparent=false isActivityStackTransparent=false lastNonFullscreenBounds=Rect(54, 54 - 330, 330) leafTaskBoundsFromOptions= false capturedLink=null capturedLinkTimestamp=0 requestedVisibleTypes=503 topActivityRequestOpenInBrowserEducationTimestamp=0 appCompatTaskInfo=AppCompatTaskInfo { topActivityInSizeCompat=false isLeafTask= true eligibleForLetterboxEducation= false isLetterboxEducationEnabled= false isLetterboxDoubleTapEnabled= false eligibleForUserAspectRatioButton= false topActivityBoundsLetterboxed= false isFromLetterboxDoubleTap= false topActivityLetterboxVerticalPosition= -1 topActivityLetterboxHorizontalPosition= -1 topActivityLetterboxWidth=-1 topActivityLetterboxHeight=-1 topActivityAppBounds=Rect(0, 0 - 384, 384) isUserFullscreenOverrideEnabled=false isSystemFullscreenOverrideEnabled=false hasMinAspectRatioOverride=false topActivityLetterboxBounds=null topNonResizableActivityAspectRatio=-1.0} topActivityMainWindowFrame=null isAppBubble=false}, pipChange = null, remoteTransitionInfo = null, displayChanges = null, requestedLocation = null, userChange = null, windowingLayerChange = null, fullscreenRequestChange = null, flags = 0, debugId = 357 }
06-30 02:57:01.019  2285  2373 V WindowManagerShell: Transition (#357): request handled by WearMixedTransitionHandler
06-30 02:57:01.020  1719  2161 W TransitionChain: Combining kgOccludeChg into #357(OPEN|R|0x0) from startAct
06-30 02:57:01.020  1719  2161 D WindowManager: Add SleepToken: tag=keyguard, displayId=0
06-30 02:57:01.022  1719  2161 D ActivityTaskManager: Top Process State changed to PROCESS_STATE_TOP_SLEEPING
06-30 02:57:01.024  1719  1939 V AccessibilityUserState: updateShortcutTargets: type:accessibility_shortcut_target_service, current:{}, new:{}
06-30 02:57:01.024  1719  1939 V AccessibilityUserState: updateShortcutTargets: type:accessibility_button_targets, current:{}, new:{}
06-30 02:57:01.024  1719  1939 V AccessibilityUserState: updateShortcutTargets: type:accessibility_gesture_targets, current:{}, new:{}
06-30 02:57:01.024  1719  1939 V AccessibilityUserState: updateShortcutTargets: type:accessibility_qs_targets, current:{}, new:{}
06-30 02:57:01.025  1719  1749 V GrammaticalInflectionUtils: AttributionSource: android.content.AttributionSource@e0ca9776 does not have READ_SYSTEM_GRAMMATICAL_GENDER permission.
06-30 02:57:01.028  1719  3725 D DOS_DisplayControlLock: released: android.os.BinderProxy@69af562
06-30 02:57:01.029 19743 19743 W le.dwf.receiver: Failed to find entry 'classes.dex': Entry not found
06-30 02:57:01.030  1719  3725 I DOS_DisplayControlLock: All released
06-30 02:57:01.037  2285  2597 E perf_hint: createSessionUsingConfig: PerformanceHint cannot create session. PowerHintSessions are not supported!
06-30 02:57:01.050  1435  1435 E BatteryDefender: Failed to read /sys/devices/platform/google,charger/bd_state
06-30 02:57:01.051 17105 19655 I Finsky:background: [95] Wrote row to frosting DB: 1259
06-30 02:57:01.051   752   752 W Zygote  : Setting SCHED_FIFO for top-app fork
06-30 02:57:01.054 19743 19743 W le.dwf.receiver: Failed to find entry 'classes.dex': Entry not found
06-30 02:57:01.061 19743 19743 W le.dwf.receiver: Failed to find entry 'classes.dex': Entry not found
06-30 02:57:01.067   752   752 D Zygote  : Forked child process 19764
06-30 02:57:01.067   752   752 D Zygote  : Reset scheduler to SCHED_OTHER
06-30 02:57:01.069 17105 19655 I Finsky:background: [95] Wrote row to frosting DB: 1260
06-30 02:57:01.070 19743 19743 W le.dwf.receiver: Failed to find entry 'classes.dex': Entry not found
06-30 02:57:01.071  1719  2161 W TransitionChain: Combining kgOccludeChg into #357(OPEN|R|0x2000) from startAct
06-30 02:57:01.075  1719  2161 D WindowManager: Remove SleepToken: tag=keyguard, displayId=0
06-30 02:57:01.076  1719  2161 D ActivityTaskManager: Top Process State changed to PROCESS_STATE_TOP
06-30 02:57:01.077  1719  2161 W TransitionChain: Combining sleepTokens into #357(OPEN|R|0x1000) from startAct
06-30 02:57:01.077 19764 19764 I libprocessgroup: Created cgroup /sys/fs/cgroup/apps/uid_10006
06-30 02:57:01.079 19743 19743 W le.dwf.receiver: Failed to find entry 'classes.dex': Entry not found
06-30 02:57:01.080 19764 19764 I libprocessgroup: Created cgroup /sys/fs/cgroup/apps/uid_10006/pid_19764
06-30 02:57:01.082  1435  1435 E BatteryDefender: Failed to read /sys/devices/platform/google,charger/bd_state
06-30 02:57:01.083 19743 19743 W le.dwf.receiver: Failed to find entry 'classes.dex': Entry not found
06-30 02:57:01.084  1719  1761 W ActivityManager: Slow operation: 59ms so far, now at startProcess: returned from zygote!
06-30 02:57:01.086 19743 19743 D nativeloader: Configuring clns-7 for other apk /data/app/~~YnVlcj2XUh-n8-LVbOBsWw==/com.google.android.wearable.dwf.receiver-tJdLta_zEB4QFIkpJw-FFw==/base.apk:/data/app/~~YnVlcj2XUh-n8-LVbOBsWw==/com.google.android.wearable.dwf.receiver-tJdLta_zEB4QFIkpJw-FFw==/split_config.bn.apk:/data/app/~~YnVlcj2XUh-n8-LVbOBsWw==/com.google.android.wearable.dwf.receiver-tJdLta_zEB4QFIkpJw-FFw==/split_config.en.apk:/data/app/~~YnVlcj2XUh-n8-LVbOBsWw==/com.google.android.wearable.dwf.receiver-tJdLta_zEB4QFIkpJw-FFw==/split_config.gu.apk:/data/app/~~YnVlcj2XUh-n8-LVbOBsWw==/com.google.android.wearable.dwf.receiver-tJdLta_zEB4QFIkpJw-FFw==/split_config.hi.apk:/data/app/~~YnVlcj2XUh-n8-LVbOBsWw==/com.google.android.wearable.dwf.receiver-tJdLta_zEB4QFIkpJw-FFw==/split_config.kn.apk:/data/app/~~YnVlcj2XUh-n8-LVbOBsWw==/com.google.android.wearable.dwf.receiver-tJdLta_zEB4QFIkpJw-FFw==/split_config.mr.apk:/data/app/~~YnVlcj2XUh-n8-LVbOBsWw==/com.google.android.wearable.dwf.receiver-tJdLta_zEB4QFIkpJw-FFw==/split_config.ta.apk:/data/app/~~YnVlc
06-30 02:57:01.089 17105 19655 I Finsky:background: [95] Wrote row to frosting DB: 1261
06-30 02:57:01.093  1719  1939 V AccessibilityUserState: updateShortcutTargets: type:accessibility_key_gesture_targets, current:{}, new:{}
06-30 02:57:01.094  1719  1939 V AccessibilityUserState: updateShortcutTargets: type:accessibility_top_row_key_targets, current:{}, new:{}
06-30 02:57:01.094  1719  1939 V AccessibilityUserState: updateShortcutTargets: type:accessibility_quick_access_targets, current:{}, new:{}
06-30 02:57:01.094  1719  1939 W MagnificationConnectionManager: requestConnection duplicated request: connect=false, mConnectionState=DISCONNECTED
06-30 02:57:01.094  1719  1719 V AccessibilityManagerService: onUserStateChangedLocked for userId: 0, forceUpdate: false
06-30 02:57:01.095 17105 17179 I Finsky:background: [44] RECEIVER_PACKAGE_MONITOR_BACKGROUND#logWorkEndAndFinishGoAsync: SUCCESS
06-30 02:57:01.096  1719  1761 W ActivityManager: Slow operation: 71ms so far, now at startProcess: done updating battery stats
06-30 02:57:01.097 19764 19764 I Zygote  : Process 19764 created for com.poc.silentsms
06-30 02:57:01.098  1719  1761 W ActivityManager: Slow operation: 73ms so far, now at startProcess: building log message
06-30 02:57:01.098  1719  1761 I ActivityManager: Start proc 19764:com.poc.silentsms/u0a6 for next-top-activity {com.poc.silentsms/com.poc.silentsms.MainActivity}
06-30 02:57:01.098  1719  1761 W ActivityManager: Slow operation: 73ms so far, now at startProcess: starting to update pids map
06-30 02:57:01.098 19764 19764 I m.poc.silentsms: Late-enabling -Xcheck:jni
06-30 02:57:01.107   721   859 D MCU     : calories_consumer.cc:157         16:11:08.362 Calories OnSample timestamp_ns=56625807586669 total=1.05
06-30 02:57:01.107   721   859 D MCU     : offload_data_provider_app.cc:1190 16:11:08.363 [OffloadDataProvider] Got Calories, total=266.61
06-30 02:57:01.125 19743 19743 W le.dwf.receiver: Monitor::Inflate: Install failed 0x719ed798
06-30 02:57:01.131 19743 19743 V GraphicsEnvironment: Currently set values for:
06-30 02:57:01.131 19743 19743 V GraphicsEnvironment:   angle_gl_driver_selection_pkgs=[]
06-30 02:57:01.131 19743 19743 V GraphicsEnvironment:   angle_gl_driver_selection_values=[]
06-30 02:57:01.131 19743 19743 V GraphicsEnvironment: com.google.android.wearable.dwf.receiver is not listed in per-application setting
06-30 02:57:01.131 19743 19743 V GraphicsEnvironment: No special selections for ANGLE, returning default driver choice
06-30 02:57:01.133 19743 19743 V GraphicsEnvironment: Neither updatable production driver nor prerelease driver is supported.
06-30 02:57:01.146  1719  2161 W InputChannel-JNI: Channel already disposed.
06-30 02:57:01.149  1719  1719 V AccessibilityUserState: updateShortcutTargets: type:accessibility_shortcut_target_service, current:{}, new:{}
06-30 02:57:01.149  1719  1719 V AccessibilityUserState: updateShortcutTargets: type:accessibility_button_targets, current:{}, new:{}
06-30 02:57:01.149  1719  1719 V AccessibilityUserState: updateShortcutTargets: type:accessibility_gesture_targets, current:{}, new:{}
06-30 02:57:01.149  1719  1719 V AccessibilityUserState: updateShortcutTargets: type:accessibility_qs_targets, current:{}, new:{}
06-30 02:57:01.149  1719  1719 V AccessibilityUserState: updateShortcutTargets: type:accessibility_key_gesture_targets, current:{}, new:{}
06-30 02:57:01.149  1719  1719 V AccessibilityUserState: updateShortcutTargets: type:accessibility_top_row_key_targets, current:{}, new:{}
06-30 02:57:01.150  2285  2373 D WindowManagerShell: onKeyguardOccludingTaskChanged displayId=0 taskId=-1
06-30 02:57:01.152  1719  1719 V AccessibilityUserState: updateShortcutTargets: type:accessibility_quick_access_targets, current:{}, new:{}
06-30 02:57:01.152  1719  1719 W MagnificationConnectionManager: requestConnection duplicated request: connect=false, mConnectionState=DISCONNECTED
06-30 02:57:01.154  2285  2373 D WindowManagerShell: onKeyguardOccludingTaskChanged displayId=0 taskId=460
06-30 02:57:01.154  1719  1761 W ActivityManager: Slow operation: 129ms so far, now at startProcess: done updating pids map
06-30 02:57:01.155  1719  2160 D WindowManager: setClientSurface Surface(name=VRI-Splash Screen com.poc.silentsms#1109)/@0x9940d3f for e1b7dba Splash Screen com.poc.silentsms
06-30 02:57:01.166  1719  1719 W Looper  : Slow dispatch took 265ms main app=system_server main=true group=FOREGROUND h=com.android.server.accessibility.AccessibilityManagerService$MainHandler c=com.android.server.accessibility.AccessibilityManagerService$$ExternalSyntheticLambda5@16b6b55 m=0
06-30 02:57:01.170  2285  2423 I Surface : Creating surface for consumer unnamed-2285-54 with slotExpansion=1 for 64 slots
06-30 02:57:01.170  2305  2605 D ImsResolver: maybeAddedImsService, packageName: com.poc.silentsms
06-30 02:57:01.170  2305  2605 V ImsResolver: searchForImsServices: package=com.poc.silentsms, users=[UserHandle{0}]
06-30 02:57:01.171  2305  2605 V ImsResolver: searchForImsServices: package=com.poc.silentsms, users=[UserHandle{0}]
06-30 02:57:01.172 19764 19764 I m.poc.silentsms: Using generational CollectorTypeCMC GC.
06-30 02:57:01.173  1719  1719 W Looper  : Slow delivery took 277ms main app=system_server main=true group=FOREGROUND h=android.app.ActivityThread$H c=android.app.LoadedApk$ReceiverDispatcher$Args$$ExternalSyntheticLambda0@e2ec96a m=0
06-30 02:57:01.180  1719  1719 W libbinder.IPCThreadState: Sending oneway calls to frozen process.
06-30 02:57:01.183  1719  1719 W libbinder.IPCThreadState: Sending oneway calls to frozen process.
06-30 02:57:01.187  2305  2305 D SatelliteController: packageStateChanged: package:com.poc.silentsms defaultSmsPackageName: com.google.android.apps.messaging satelliteGatewayServicePackageName: 
06-30 02:57:01.190  1719  1719 W libbinder.IPCThreadState: Sending oneway calls to frozen process.
06-30 02:57:01.191  1719  1719 W libbinder.IPCThreadState: Sending oneway calls to frozen process.
06-30 02:57:01.196  2076  2573 W SysUI   : [RecentTasksLauncherRepo]getRecentApps matched with a Launcher Activity in the task TaskInfo{userId=0 taskId=460 effectiveUid=10006 displayId=0 isRunning=true baseIntent=Intent { flg=0x10000000 cmp=com.poc.silentsms/.MainActivity } baseActivity=ComponentInfo{com.poc.silentsms/com.poc.silentsms.MainActivity} topActivity=ComponentInfo{com.poc.silentsms/com.poc.silentsms.MainActivity} origActivity=null realActivity=ComponentInfo{com.poc.silentsms/com.poc.silentsms.MainActivity} realActivityIsAppLockEnabled=false numActivities=1 lastActiveTime=56640868 supportsMultiWindow=false supportsMultiWindowWithoutConstraints=false resizeMode=1 isResizeable=true minWidth=-1 minHeight=-1 defaultMinSize=220 token=WCT{android.os.BinderProxy@e8caef6} topActivityType=1 pictureInPictureParams=null shouldDockBigOverlays=false launchIntoPipHostTaskId=-1 lastParentTaskIdBeforePip=-1 displayCutoutSafeInsets=Rect(0, 0 - 0, 0) topActivityInfo=ActivityInfo{779a2f7 com.poc.silentsms.MainActivity} launchCookies=[] positionInParent=Point(0, 0) parentTaskId=-1 isFocused=false isInteractive=true isVisible=false isVisibleRequested=true isTopActivityNoDisplay=false isSleeping=false locusId=null displayAreaFeatureId=1 isTopActivityTransparent=false isActivityStackTransparent=false lastNonFullscreenBounds=Rect(54, 54 - 330, 330) leafTaskBoundsFromOptions= false capturedLink=null capturedLinkTimestamp=0 requestedVisibleTypes=503 topActivityRequestOpenInBrowserEducationTimestamp=0 appCompatTaskInfo=AppCompatTaskInfo { topActivityInSizeCompat=false isLeafTask= true eligibleForLetterboxEducation= false isLetterboxEducationEnabled= false isLetterboxDoubleTapEnabled= false eligibleForUserAspectRatioButton= false topActivityBoundsLetterboxed= false isFromLetterboxDoubleTap= false topActivityLetterboxVerticalPosition= -1 topActivityLetterboxHorizontalPosition= -1 topActivityLetterboxWidth=-1 topActivityLetterboxHeight=-1 topActivityAppBounds=Rect(0, 0 - 384, 384) isUserFullscreenOverrideEnabled=false isSystemFullscreenOverrideEnabled=false hasMinAspectRatioOverride=false topActivityLetterboxBounds=null topNonResizableActivityAspectRatio=-1.0} topActivityMainWindowFrame=null isAppBubble=false} == ActivityLauncherApp(label=SMS PoC, activity=ComponentInfo{com.poc.silentsms/com.poc.silentsms.MainActivity}, launcherIconRequest=AllAppsLauncherIconRequest(packageName=com.poc.silentsms, activityName=com.poc.silentsms.MainActivity, isDefaultApp=false), loadLauncherIcon=ioi@7bd564)
06-30 02:57:01.197  2076  2573 W SysUI   : [RecentTasksLauncherRepo]getRecentApps matched with a Launcher Activity in the task TaskInfo{userId=0 taskId=438 effectiveUid=10072 displayId=-1 isRunning=false baseIntent=Intent { act=android.intent.action.DIAL dat=tel:xxxxxxxxxxx flg=0x10000000 cmp=com.google.android.dialer/com.google.android.wearable.googledialer.homescreen.impl.ui.HomeScreenActivity } baseActivity=null topActivity=null origActivity=null realActivity=ComponentInfo{com.google.android.dialer/com.google.android.wearable.googledialer.homescreen.impl.ui.HomeScreenActivity} realActivityIsAppLockEnabled=false numActivities=0 lastActiveTime=56587501 supportsMultiWindow=false supportsMultiWindowWithoutConstraints=false resizeMode=1 isResizeable=true minWidth=-1 minHeight=-1 defaultMinSize=220 token=WCT{android.os.BinderProxy@d1d71aa} topActivityType=1 pictureInPictureParams=null shouldDockBigOverlays=false launchIntoPipHostTaskId=-1 lastParentTaskIdBeforePip=-1 displayCutoutSafeInsets=Rect(0, 0 - 0, 0) topActivityInfo=null launchCookies=[] positionInParent=Point(0, 0) parentTaskId=-1 isFocused=false isInteractive=false isVisible=false isVisibleRequested=false isTopActivityNoDisplay=false isSleeping=false locusId=null displayAreaFeatureId=1 isTopActivityTransparent=false isActivityStackTransparent=true lastNonFullscreenBounds=Rect(54, 54 - 330, 330) leafTaskBoundsFromOptions= false capturedLink=null capturedLinkTimestamp=0 requestedVisibleTypes=503 topActivityRequestOpenInBrowserEducationTimestamp=0 appCompatTaskInfo=AppCompatTaskInfo { topActivityInSizeCompat=false isLeafTask= true eligibleForLetterboxEducation= false isLetterboxEducationEnabled= false isLetterboxDoubleTapEnabled= false eligibleForUserAspectRatioButton= false topActivityBoundsLetterboxed= false isFromLetterboxDoubleTap= false topActivityLetterboxVerticalPosition= -1 topActivityLetterboxHorizontalPosition= -1 topActivityLetterboxWidth=-1 topActivityLetterboxHeight=-1 topActivityAppBounds=Rect(0, 0 - 0, 0) isUserFullscreenOverrideEnabled=false isSystemFullscreenOverrideEnabled=false hasMinAspectRatioOverride=false topActivityLetterboxBounds=null topNonResizableActivityAspectRatio=-1.0} topActivityMainWindowFrame=null isAppBubble=false} == ActivityLauncherApp(label=Phone, activity=ComponentInfo{com.google.android.dialer/com.google.android.wearable.googledialer.homescreen.impl.ui.HomeScreenActivity}, launcherIconRequest=AllAppsLauncherIconRequest(packageName=com.google.android.dialer, activityName=com.google.android.wearable.googledialer.homescreen.impl.ui.HomeScreenActivity, isDefaultApp=false), loadLauncherIcon=ioi@883eed4)
06-30 02:57:01.197  2076  2573 W SysUI   : [RecentTasksLauncherRepo]getRecentApps matched with a Launcher Activity in the task TaskInfo{userId=0 taskId=435 effectiveUid=1000 displayId=0 isRunning=true baseIntent=Intent { act=android.intent.action.MAIN cat=[android.intent.category.LAUNCHER] flg=0x10000000 cmp=com.google.android.apps.wearable.settings/com.google.android.clockwork.settings.MainSettingsActivity } baseActivity=ComponentInfo{com.google.android.apps.wearable.settings/com.google.android.clockwork.settings.MainSettingsActivity} topActivity=ComponentInfo{com.google.android.apps.wearable.settings/com.google.android.clockwork.settings.MainSettingsActivity} origActivity=null realActivity=ComponentInfo{com.google.android.apps.wearable.settings/com.google.android.clockwork.settings.MainSettingsActivity} realActivityIsAppLockEnabled=false numActivities=1 lastActiveTime=51746088 supportsMultiWindow=false supportsMultiWindowWithoutConstraints=false resizeMode=1 isResizeable=true minWidth=-1 minHeight=-1 defaultMinSize=220 token=WCT{android.os.BinderProxy@775cfa} topActivityType=1 pictureInPictureParams=null shouldDockBigOverlays=false launchIntoPipHostTaskId=-1 lastParentTaskIdBeforePip=-1 displayCutoutSafeInsets=Rect(0, 0 - 0, 0) topActivityInfo=ActivityInfo{64cc482 com.google.android.clockwork.settings.MainSettingsActivity} launchCookies=[] positionInParent=Point(0, 0) parentTaskId=-1 isFocused=false isInteractive=false isVisible=false isVisibleRequested=false isTopActivityNoDisplay=false isSleeping=false locusId=null displayAreaFeatureId=1 isTopActivityTransparent=false isActivityStackTransparent=false lastNonFullscreenBounds=Rect(54, 54 - 330, 330) leafTaskBoundsFromOptions= false capturedLink=null capturedLinkTimestamp=0 requestedVisibleTypes=503 topActivityRequestOpenInBrowserEducationTimestamp=0 appCompatTaskInfo=AppCompatTaskInfo { topActivityInSizeCompat=false isLeafTask= true eligibleForLetterboxEducation= false isLetterboxEducationEnabled= false isLetterboxDoubleTapEnabled= false eligibleForUserAspectRatioButton= false topActivityBoundsLetterboxed= false isFromLetterboxDoubleTap= false topActivityLetterboxVerticalPosition= -1 topActivityLetterboxHorizontalPosition= -1 topActivityLetterboxWidth=-1 topActivityLetterboxHeight=-1 topActivityAppBounds=Rect(0, 0 - 384, 384) isUserFullscreenOverrideEnabled=false isSystemFullscreenOverrideEnabled=false hasMinAspectRatioOverride=false topActivityLetterboxBounds=null topNonResizableActivityAspectRatio=-1.0} topActivityMainWindowFrame=null isAppBubble=false} == ActivityLauncherApp(label=Settings, activity=ComponentInfo{com.google.android.apps.wearable.settings/com.google.android.clockwork.settings.MainSettingsActivity}, launcherIconRequest=AllAppsLauncherIconRequest(packageName=com.google.android.apps.wearable.settings, activityName=com.google.android.clockwork.settings.MainSettingsActivity, isDefaultApp=false), loadLauncherIcon=ioi@cf39d08)
06-30 02:57:01.197  2076  2573 W SysUI   : [RecentTasksLauncherRepo]getRecentApps matched with a Launcher Activity in the task TaskInfo{userId=0 taskId=436 effectiveUid=10066 displayId=-1 isRunning=false baseIntent=Intent { act=android.intent.action.MAIN flg=0x10000000 cmp=com.google.android.apps.walletnfcrel/com.google.commerce.tapandpay.wear.cardlist.WalletThemedWearCardListActivity } baseActivity=null topActivity=null origActivity=null realActivity=ComponentInfo{com.google.android.apps.walletnfcrel/com.google.commerce.tapandpay.wear.cardlist.WalletThemedWearCardListActivity} realActivityIsAppLockEnabled=false numActivities=0 lastActiveTime=51690225 supportsMultiWindow=false supportsMultiWindowWithoutConstraints=false resizeMode=1 isResizeable=true minWidth=-1 minHeight=-1 defaultMinSize=220 token=WCT{android.os.BinderProxy@a3b2b97} topActivityType=1 pictureInPictureParams=null shouldDockBigOverlays=false launchIntoPipHostTaskId=-1 lastParentTaskIdBeforePip=-1 displayCutoutSafeInsets=Rect(0, 0 - 0, 0) topActivityInfo=null launchCookies=[] positionInParent=Point(0, 0) parentTaskId=-1 isFocused=false isInteractive=false isVisible=false isVisibleRequested=false isTopActivityNoDisplay=false isSleeping=false locusId=null displayAreaFeatureId=1 isTopActivityTransparent=false isActivityStackTransparent=true lastNonFullscreenBounds=Rect(54, 54 - 330, 330) leafTaskBoundsFromOptions= false capturedLink=null capturedLinkTimestamp=0 requestedVisibleTypes=503 topActivityRequestOpenInBrowserEducationTimestamp=0 appCompatTaskInfo=AppCompatTaskInfo { topActivityInSizeCompat=false isLeafTask= true eligibleForLetterboxEducation= false isLetterboxEducationEnabled= false isLetterboxDoubleTapEnabled= false eligibleForUserAspectRatioButton= false topActivityBoundsLetterboxed= false isFromLetterboxDoubleTap= false topActivityLetterboxVerticalPosition= -1 topActivityLetterboxHorizontalPosition= -1 topActivityLetterboxWidth=-1 topActivityLetterboxHeight=-1 topActivityAppBounds=Rect(0, 0 - 0, 0) isUserFullscreenOverrideEnabled=false isSystemFullscreenOverrideEnabled=false hasMinAspectRatioOverride=false topActivityLetterboxBounds=null topNonResizableActivityAspectRatio=-1.0} topActivityMainWindowFrame=null isAppBubble=false} == ActivityLauncherApp(label=Wallet, activity=ComponentInfo{com.google.android.apps.walletnfcrel/com.google.commerce.tapandpay.wear.cardlist.WalletThemedWearCardListActivity}, launcherIconRequest=AllAppsLauncherIconRequest(packageName=com.google.android.apps.walletnfcrel, activityName=com.google.commerce.tapandpay.wear.cardlist.WalletThemedWearCardListActivity, isDefaultApp=false), loadLauncherIcon=ioi@dcfe26a)
06-30 02:57:01.203  2076  2573 W SysUI   : [LauncherDefaultRecentsCombiner]Unable to get ActivityDisplayInfo for {com.google.android.apps.youtube.music/com.google.android.apps.youtube.music.wear.WearMainActivity} attempting to fetch from ResolveInfo
06-30 02:57:01.206 19764 19764 D nativeloader: Load libframework-connectivity-tiramisu-jni.so using APEX ns com_android_tethering for caller /apex/com.android.tethering/javalib/framework-connectivity-t.jar: ok
06-30 02:57:01.217  2285  2423 I Surface : Creating surface for consumer VRI[silentsms]#54(BLAST Consumer)54 with slotExpansion=1 for 64 slots
06-30 02:57:01.222  1226  1274 I adbd    : jdwp connection from 19764
06-30 02:57:01.233 17105 17179 I Finsky:background: [44] RECEIVER_ENGAGE_PACKAGE_CHANGED#logWorkEndAndFinishGoAsync: SKIPPED_PRECONDITIONS_UNMET
06-30 02:57:01.248   489   519 I SnapAlloc: Using graphics libs for alignment calculations
06-30 02:57:01.249   489   519 D SnapAlloc: from handle - reserved size 4077967720 custom content metadata size 0
06-30 02:57:01.249   489   519 D SnapAlloc: Successfully mapped metadata 0x1
06-30 02:57:01.249   489   519 D SnapAlloc: from handle - reserved size 0 custom content metadata size 0
06-30 02:57:01.249   489   519 D SnapAlloc: Successfully mapped metadata 0x1
06-30 02:57:01.250  1719  3186 W SignedPackage: Cannot get ApplicationInfo for package: com.android.devicelockcontroller
06-30 02:57:01.251  2285 19777 D SnapAlloc: from handle - reserved size 0 custom content metadata size 0
06-30 02:57:01.252  2285 19777 D SnapAlloc: Successfully mapped metadata 0x1
06-30 02:57:01.252   489   519 I SnapAlloc: Using graphics libs for alignment calculations
06-30 02:57:01.253   489   519 D SnapAlloc: from handle - reserved size 4077967720 custom content metadata size 0
06-30 02:57:01.253   489   519 D SnapAlloc: Successfully mapped metadata 0x1
06-30 02:57:01.253   489   519 D SnapAlloc: from handle - reserved size 0 custom content metadata size 0
06-30 02:57:01.253   489   519 D SnapAlloc: Successfully mapped metadata 0x1
06-30 02:57:01.254  2285 19777 D SnapAlloc: from handle - reserved size 0 custom content metadata size 0
06-30 02:57:01.254  2285 19777 D SnapAlloc: Successfully mapped metadata 0x1
06-30 02:57:01.255   489   519 I SnapAlloc: Using graphics libs for alignment calculations
06-30 02:57:01.256   489   519 D SnapAlloc: from handle - reserved size 4077967720 custom content metadata size 0
06-30 02:57:01.256   489   519 D SnapAlloc: Successfully mapped metadata 0x1
06-30 02:57:01.256   489   519 D SnapAlloc: from handle - reserved size 0 custom content metadata size 0
06-30 02:57:01.256   489   519 D SnapAlloc: Successfully mapped metadata 0x1
06-30 02:57:01.258  2285 19777 D SnapAlloc: from handle - reserved size 0 custom content metadata size 0
06-30 02:57:01.259  2285 19777 D SnapAlloc: Successfully mapped metadata 0x1
06-30 02:57:01.260   489   519 I SnapAlloc: Using graphics libs for alignment calculations
06-30 02:57:01.260   489   519 D SnapAlloc: from handle - reserved size 4077967720 custom content metadata size 0
06-30 02:57:01.260   489   519 D SnapAlloc: Successfully mapped metadata 0x1
06-30 02:57:01.260   489   519 D SnapAlloc: from handle - reserved size 0 custom content metadata size 0
06-30 02:57:01.260   489   519 D SnapAlloc: Successfully mapped metadata 0x1
06-30 02:57:01.262  2285 19777 D SnapAlloc: from handle - reserved size 0 custom content metadata size 0
06-30 02:57:01.262  2285 19777 D SnapAlloc: Successfully mapped metadata 0x1
06-30 02:57:01.263  2305  2614 E SmsApplication: com.google.android.apps.messaging lost android:receive_wap_push:  (fixing)
06-30 02:57:01.265  1719  1719 W Looper  : Drained
06-30 02:57:01.269  2305  2614 E SmsApplication: com.google.android.apps.messaging lost android:read_cell_broadcasts:  (fixing)
06-30 02:57:01.281   488   662 D SnapAlloc: from handle - reserved size 0 custom content metadata size 0
06-30 02:57:01.282   488   662 D SnapAlloc: Successfully mapped metadata 0x1
06-30 02:57:01.285  1719  3664 I PackageManager: getInstalledPackages: callingUid=10063 flags=128 updatedFlags=786560 userId=0
06-30 02:57:01.291 19764 19764 D CompatChangeReporter: Compat change id reported: 242716250; UID 10006; state: ENABLED
06-30 02:57:01.346  2305  2614 D SatelliteAccessController: Current default SMS app:ComponentInfo{com.google.android.apps.messaging/com.google.android.apps.messaging.shared.receiver.SmsDeliverReceiver}
06-30 02:57:01.350  2305  2614 D SatelliteController: getSelectedSatelliteSubId: subId=-1
06-30 02:57:01.353  1719  1760 V GrammaticalInflectionUtils: AttributionSource: android.content.AttributionSource@26c148ed does not have READ_SYSTEM_GRAMMATICAL_GENDER permission.
06-30 02:57:01.369 19764 19764 D nativeloader: Configuring clns-6 for other apk /data/app/~~hualCwErVmdHAJ1eQAVD5Q==/com.poc.silentsms-2sNmvQ8rqaY5chUSQfR_NQ==/base.apk. target_sdk_version=34, uses_libraries=, library_path=/data/app/~~hualCwErVmdHAJ1eQAVD5Q==/com.poc.silentsms-2sNmvQ8rqaY5chUSQfR_NQ==/lib/arm, permitted_path=/data:/mnt/expand:/data/user/0/com.poc.silentsms
06-30 02:57:01.377  2305  2614 D SatelliteAccessController: supportedMsgApps:com.google.android.apps.messaging
06-30 02:57:01.387 19764 19764 W m.poc.silentsms: Monitor::Inflate: Install failed 0x719ed798
06-30 02:57:01.395   752   752 D Zygote  : Forked child process 19780
06-30 02:57:01.398 19764 19764 V GraphicsEnvironment: Currently set values for:
06-30 02:57:01.399 19764 19764 V GraphicsEnvironment:   angle_gl_driver_selection_pkgs=[]
06-30 02:57:01.399 19764 19764 V GraphicsEnvironment:   angle_gl_driver_selection_values=[]
06-30 02:57:01.399 19764 19764 V GraphicsEnvironment: com.poc.silentsms is not listed in per-application setting
06-30 02:57:01.400 19764 19764 V GraphicsEnvironment: No special selections for ANGLE, returning default driver choice
06-30 02:57:01.401  1719  1761 I ActivityManager: Start proc 19780:android.process.media/u0a47 for broadcast {com.android.providers.downloads/com.android.providers.downloads.DownloadReceiver}
06-30 02:57:01.402 19764 19764 V GraphicsEnvironment: Neither updatable production driver nor prerelease driver is supported.
06-30 02:57:01.425  1719  3621 D CorePackageUpdate: Couldn't find a persistent state for task= 460
06-30 02:57:01.431 19780 19780 I libprocessgroup: Created cgroup /sys/fs/cgroup/apps/uid_10047/pid_19780
06-30 02:57:01.437   853  2607 I vendor.qti.bluetooth@1.0-ibs_handler: DeviceSleep: TX Awake, Sending SLEEP_IND
06-30 02:57:01.441   853  2607 D vendor.qti.bluetooth@1.0-ibs_handler: SerialClockVote: vote for UART CLK OFF
06-30 02:57:01.441   853  2607 D vendor.qti.bluetooth@1.0-uart_transport: ClockOperation: USERIAL_OP_CLK_OFF - after sys fs write-ret:4
06-30 02:57:01.445  2188  2472 I bt_btm_pm: system/stack/acl/btm_pm.cc:239 BTM_SetPowerMode: Setting power mode for peer:xx:xx:xx:xx:d8:c0 current_mode:immediate:active[0] new_mode:forced:sniff[2]
06-30 02:57:01.445  2188  2472 I bt_btm_pm: system/stack/acl/btm_pm.cc:515 btm_pm_snd_md_req: Switching from immediate:active[0x00] to immediate:sniff[0x02]
06-30 02:57:01.449   853   861 D vendor.qti.bluetooth@1.0-ibs_handler: SerialClockVote: vote for UART CLK ON
06-30 02:57:01.449   853   861 D vendor.qti.bluetooth@1.0-uart_transport: ClockOperation: USERIAL_OP_CLK_ON - after sys fs write-ret:4
06-30 02:57:01.449   853   861 D vendor.qti.bluetooth@1.0-uart_transport: SocRxDWakeup: Flow off->Change UART baudrate to 38.4kbs->send 0x00->Change UART baudrate to max->Flow on
06-30 02:57:01.449   853   861 I vendor.qti.bluetooth@1.0-uart_transport: ## userial_vendor_ioctl: UART Flow Off 
06-30 02:57:01.454 19780 19780 I Zygote  : Process 19780 created for android.process.media
06-30 02:57:01.454 19780 19780 I d.process.media: Using generational CollectorTypeCMC GC.
06-30 02:57:01.460   853   861 I vendor.qti.bluetooth@1.0-uart_transport: ## userial_vendor_set_baud: 17
06-30 02:57:01.460 19764 19785 I DisplayManager: Choreographer implicitly registered for the refresh rate.
06-30 02:57:01.469   853   861 I vendor.qti.bluetooth@1.0-uart_transport: SetBaudRate: in BOTHER
06-30 02:57:01.469   853   861 I vendor.qti.bluetooth@1.0-uart_transport: ## userial_vendor_ioctl: UART Flow On 
06-30 02:57:01.469   853   861 I vendor.qti.bluetooth@1.0-ibs_handler: DeviceWakeUp: Writing IBS_WAKE_IND
06-30 02:57:01.469   853  2603 I vendor.qti.bluetooth@1.0-ibs_handler: ProcessIbsCmd: Received IBS_WAKE_ACK: 0xFC
06-30 02:57:01.470   853  2603 I vendor.qti.bluetooth@1.0-ibs_handler: ProcessIbsCmd: Signal wack_cond_
06-30 02:57:01.470   853   861 D vendor.qti.bluetooth@1.0-ibs_handler: DeviceWakeUp: Unblocked from waiting for FC, pthread_cond_timedwait ret = 0
06-30 02:57:01.470   853  2603 I vendor.qti.bluetooth@1.0-ibs_handler: ProcessIbsCmd: Received IBS_WAKE_IND: 0xFD
06-30 02:57:01.470   853  2603 I vendor.qti.bluetooth@1.0-ibs_handler: ProcessIbsCmd: Writing IBS_WAKE_ACK
06-30 02:57:01.485 19780 19780 D nativeloader: Load libframework-connectivity-tiramisu-jni.so using APEX ns com_android_tethering for caller /apex/com.android.tethering/javalib/framework-connectivity-t.jar: ok
06-30 02:57:01.495  1719  1904 D IntervalStats: Unable to parse usage stats packages: [11]
06-30 02:57:01.503  1719  1904 D IntervalStats: Unable to parse usage stats packages: [11]
06-30 02:57:01.508  2188  2472 I bt_btm_pm: system/stack/acl/btm_pm.cc:648 btm_pm_proc_mode_change: Power mode switched from immediate:pending[4] to immediate:sniff[2]
06-30 02:57:01.516  1719  1904 D IntervalStats: Unable to parse usage stats packages: [11]
06-30 02:57:01.519 16989 16989 I Finsky  : [2] qby - Received: android.intent.action.PACKAGE_CHANGED, [FmueAhFLPT-Jh9etCj38oK-rx4rWI9A5Xus3dqHL4Wk]
06-30 02:57:01.529  1719  1904 D IntervalStats: Unable to parse usage stats packages: [11]
06-30 02:57:01.542  1719  1904 D IntervalStats: Unable to parse usage stats packages: [11]
06-30 02:57:01.548   853  2603 I vendor.qti.bluetooth@1.0-ibs_handler: ProcessIbsCmd: Received IBS_SLEEP_IND: 0xFE
06-30 02:57:01.579 15640 19697 I Fitness : (REDACTED) OnPackageChangedOperation got intent: %s
06-30 02:57:01.580 19764 19785 I AdrenoGLES-0: QUALCOMM build                   : 3656bb992e, I0abb6f342e
06-30 02:57:01.580 19764 19785 I AdrenoGLES-0: Build Date                       : 09/08/25
06-30 02:57:01.580 19764 19785 I AdrenoGLES-0: OpenGL ES Shader Compiler Version: E031.47.18.42
06-30 02:57:01.580 19764 19785 I AdrenoGLES-0: Local Branch                     : 
06-30 02:57:01.580 19764 19785 I AdrenoGLES-0: Remote Branch                    : refs/tags/AU_LINUX_ANDROID_LA.VENDOR.15.4.1.11.00.00.1186.254
06-30 02:57:01.580 19764 19785 I AdrenoGLES-0: Remote Branch                    : NONE
06-30 02:57:01.580 19764 19785 I AdrenoGLES-0: Reconstruct Branch               : NOTHING
06-30 02:57:01.580 19764 19785 I AdrenoGLES-0: Build Config                     : S P 18.0.0 AArch32
06-30 02:57:01.580 19764 19785 I AdrenoGLES-0: Driver Path                      : /vendor/lib/egl/libGLESv2_adreno.so
06-30 02:57:01.580 19764 19785 I AdrenoGLES-0: Driver Version                   : 0800.56
06-30 02:57:01.580 19764 19785 I AdrenoGLES-0: Process Name                     : com.poc.silentsms
06-30 02:57:01.592 16989 17005 I Finsky  : [38] RECEIVER_PACKAGE_MONITOR#logWorkEndAndFinishGoAsync: SUCCESS
06-30 02:57:01.608 19764 19785 D qdgralloc: Fetching IMapper5 from QtiMapper5
06-30 02:57:01.621 19780 19780 D CompatChangeReporter: Compat change id reported: 333566037; UID 10047; state: ENABLED
06-30 02:57:01.622 19764 19785 I SnapAlloc: UBWC is disabled
06-30 02:57:01.623 19764 19785 I SnapAlloc: Graphics lib is available
06-30 02:57:01.628 19764 19785 W SnapAlloc: Camera lib is not available - read json file
06-30 02:57:01.649 19780 19780 D nativeloader: Configuring clns-shared-6 for other apk /system/priv-app/DownloadProvider/DownloadProvider.apk. target_sdk_version=37, uses_libraries=, library_path=/system/priv-app/DownloadProvider/lib/arm:/system/lib:/system_ext/lib, permitted_path=/data:/mnt/expand:/data/user/0/com.android.providers.downloads:/system/priv-app/DownloadProvider:/system/lib:/system_ext/lib
06-30 02:57:01.649 19764 19785 I AdrenoGLES-0: PFP: 0x017aa048, ME: 0x00000000
06-30 02:57:01.660 15265 19706 I Auth    : (REDACTED) [SupervisedAccountIntentOperation] onHandleIntent: %s
06-30 02:57:01.665 19780 19780 W d.process.media: Monitor::Inflate: Install failed 0x719ed798
06-30 02:57:01.665 15265 19703 I NearbyDiscovery: (REDACTED) processGrantSlicePermission: %s
06-30 02:57:01.676 19780 19780 V GraphicsEnvironment: Currently set values for:
06-30 02:57:01.676 19780 19780 V GraphicsEnvironment:   angle_gl_driver_selection_pkgs=[]
06-30 02:57:01.676 19780 19780 V GraphicsEnvironment:   angle_gl_driver_selection_values=[]
06-30 02:57:01.676 19780 19780 V GraphicsEnvironment: com.android.providers.downloads is not listed in per-application setting
06-30 02:57:01.676 19780 19780 V GraphicsEnvironment: No special selections for ANGLE, returning default driver choice
06-30 02:57:01.677 19780 19780 V GraphicsEnvironment: Neither updatable production driver nor prerelease driver is supported.
06-30 02:57:01.681 19780 19780 I d.process.media: Waiting for a blocking GC ClampGrowthLimit
06-30 02:57:01.695 19764 19764 W HWUI    : Unknown dataspace 0
06-30 02:57:01.697 19780 19780 I d.process.media: WaitForGcToComplete blocked ClampGrowthLimit on CollectorTransition for 16.238ms
06-30 02:57:01.701 19780 19780 D CompatChangeReporter: Compat change id reported: 407952621; UID 10047; state: ENABLED
06-30 02:57:01.702 19780 19780 D CompatChangeReporter: Compat change id reported: 419020719; UID 10047; state: ENABLED
06-30 02:57:01.705 15640 19698 I Fitness : (REDACTED) FitCleanupIntentOperation received Intent %s
06-30 02:57:01.712  1719  1736 W system_server: Suspending all threads took: 7.636ms
06-30 02:57:01.732 19764 19804 E perf_hint: createSessionUsingConfig: PerformanceHint cannot create session. PowerHintSessions are not supported!
06-30 02:57:01.744  3540  3540 I WMS-PackageChangedRecei: Received intent: android.intent.action.PACKAGE_ADDED
06-30 02:57:01.749  1719  2007 I PackageManager: getInstalledPackages: callingUid=10054 flags=0 updatedFlags=786432 userId=0
06-30 02:57:01.751  1719  3664 W InputChannel-JNI: Channel already disposed.
06-30 02:57:01.774 19764 19764 D WindowOnBackDispatcher: setTopOnBackInvokedCallback (unwrapped): android.app.Activity$$ExternalSyntheticLambda0@7b1d73c
06-30 02:57:01.780 19764 19764 D VRI[MainActivity]: WindowInsets changed: 384x384 
06-30 02:57:01.784 19764 19764 I HWUI    : Using FreeType backend (prop=Auto)
06-30 02:57:01.792  1719  2465 D CoreBackPreview: Window{f540c3 u0 com.poc.silentsms/com.poc.silentsms.MainActivity}: Setting back callback OnBackInvokedCallbackInfo{mCallback=android.window.IOnBackInvokedCallback$Stub$Proxy@d5dfca, mPriority=-1, mIsAnimationCallback=false, mOverrideBehavior=0}
06-30 02:57:01.815  2285  2285 I DisplayOffloadManager: updateTopActivity: taskId = 457; activityToFront=ComponentInfo{com.google.android.wearable.sysui/com.google.android.clockwork.sysui.experiences.charging.ui.composable.ChargingComposeActivity}
06-30 02:57:01.819  1719  2161 D DisplayOffload: updateTopTask: taskId=457; activityToFront=ComponentInfo{com.google.android.wearable.sysui/com.google.android.clockwork.sysui.experiences.charging.ui.composable.ChargingComposeActivity}
06-30 02:57:01.822   488  2054 W libbinder.ServiceManagerCppClient: Permission failure: android.permission.ACCESS_SURFACE_FLINGER from uid=10006 pid=19764
06-30 02:57:01.822   488  2054 D libbinder.PermissionCache: checking android.permission.ACCESS_SURFACE_FLINGER for uid=10006 => denied (854 us)
06-30 02:57:01.823   488  2054 W libbinder.ServiceManagerCppClient: Permission failure: android.permission.ROTATE_SURFACE_FLINGER from uid=10006 pid=19764
06-30 02:57:01.823   488  2054 D libbinder.PermissionCache: checking android.permission.ROTATE_SURFACE_FLINGER for uid=10006 => denied (642 us)
06-30 02:57:01.823   488  2054 W libbinder.ServiceManagerCppClient: Permission failure: android.permission.INTERNAL_SYSTEM_WINDOW from uid=10006 pid=19764
06-30 02:57:01.823   488  2054 D libbinder.PermissionCache: checking android.permission.INTERNAL_SYSTEM_WINDOW for uid=10006 => denied (588 us)
06-30 02:57:01.824   488  2054 W libbinder.ServiceManagerCppClient: Permission failure: android.permission.READ_FRAME_BUFFER from uid=10006 pid=19764
06-30 02:57:01.824  4198  4434 I SettingManager: Setting /protogensettings/accessibility/talkback_present/6efd13d9 to true
06-30 02:57:01.824   488  2054 D libbinder.PermissionCache: checking android.permission.READ_FRAME_BUFFER for uid=10006 => denied (731 us)
06-30 02:57:01.828  1719  2161 D WindowManager: setClientSurface Surface(name=VRI-com.poc.silentsms/com.poc.silentsms.MainActivity#1111)/@0xcb6e04 for f540c3 com.poc.silentsms/com.poc.silentsms.MainActivity
06-30 02:57:01.836  1719  2161 W TransitionChain: Combining kgOccludeChg into #357(OPEN|R|0x1000) from startAct
06-30 02:57:01.837  1719  2161 D WindowManager: Add SleepToken: tag=keyguard, displayId=0
06-30 02:57:01.837  2285  2373 D WindowManagerShell: onKeyguardOccludingTaskChanged displayId=0 taskId=-1
06-30 02:57:01.838  1719  2161 D ActivityTaskManager: Top Process State changed to PROCESS_STATE_TOP_SLEEPING
06-30 02:57:01.852   489   519 I SnapAlloc: Using graphics libs for alignment calculations
06-30 02:57:01.852   489   519 E SnapAlloc: Failed to get format mapping to use mmm_color_fmt
06-30 02:57:01.852   489   519 W SnapAlloc: Error while getting constraints from display libs width 192, height 192, format 0
06-30 02:57:01.852   489   519 D SnapAlloc: from handle - reserved size 4077967720 custom content metadata size 0
06-30 02:57:01.853   489   519 D SnapAlloc: Successfully mapped metadata 0x1
06-30 02:57:01.853   489   519 D SnapAlloc: from handle - reserved size 0 custom content metadata size 0
06-30 02:57:01.853   489   519 D SnapAlloc: Successfully mapped metadata 0x1
06-30 02:57:01.853   488  2054 D SnapAlloc: from handle - reserved size 0 custom content metadata size 0
06-30 02:57:01.853   488  2054 D SnapAlloc: Successfully mapped metadata 0x1
06-30 02:57:01.854  2285  2343 V WindowManagerShell: onTransitionReady(transaction=7383048795723)
06-30 02:57:01.856  2285  2373 V WindowManagerShell: onTransitionReady (#357) android.os.BinderProxy@97deb31: {id=357 t=OPEN f=0x2040 trk=0 r=[0@Point(0, 0)] c=[
06-30 02:57:01.856  2285  2373 V WindowManagerShell:         {m=TO_BACK f=FLAG_CHANGED_INTERACTIVE p=WCT{android.os.BinderProxy@9e75156} leash=Surface(name=Task=457#1031)/@0x5bca6aa sb=Rect(0, 0 - 384, 384) eb=Rect(0, 0 - 384, 384) epz=Point(384, 384) d=0 taskParent=-1 winMode=1 userId=0},
06-30 02:57:01.856  2285  2373 V WindowManagerShell:         {m=TO_BACK f=FLAG_IS_TASK_DISPLAY_AREA leash=Surface(name=DefaultTaskDisplayArea#9)/@0xd96f29b sb=Rect(0, 0 - 384, 384) eb=Rect(0, 0 - 384, 384) epz=Point(384, 384) d=0}
06-30 02:57:01.856  2285  2373 V WindowManagerShell:     ]}
06-30 02:57:01.858  1719  2161 D SnapAlloc: from handle - reserved size 0 custom content metadata size 0
06-30 02:57:01.858  1719  2161 D SnapAlloc: Successfully mapped metadata 0x1
06-30 02:57:01.864 19764 19764 I Surface : Creating surface for consumer unnamed-19764-0 with slotExpansion=1 for 64 slots
06-30 02:57:01.866 19764 19764 I Surface : Creating surface for consumer VRI[MainActivity]#0(BLAST Consumer)0 with slotExpansion=1 for 64 slots
06-30 02:57:01.871  2285  2373 V WindowManagerShell: Playing animation for (#357) android.os.BinderProxy@97deb31@0
06-30 02:57:01.871  2285  2373 V WindowManagerShell:  try firstHandler com.google.android.clockwork.systemui.transition.shelltransition.WearMixedTransitionHandler@30ac255
06-30 02:57:01.871  2285  2373 V WindowManagerShell:  skip handler com.google.android.clockwork.systemui.transition.shelltransition.WearMixedTransitionHandler@30ac255
06-30 02:57:01.871  2285  2373 V WindowManagerShell: start keyguard unocclude transition, info = {id=357 t=OPEN f=0x2040 trk=0 r=[0@Point(0, 0)] c=[{m=TO_BACK f=FLAG_CHANGED_INTERACTIVE p=WCT{android.os.BinderProxy@9e75156} leash=Surface(name=Task=457#1031)/@0x5bca6aa sb=Rect(0, 0 - 384, 384) eb=Rect(0, 0 - 384, 384) epz=Point(384, 384) d=0 taskParent=-1 winMode=1 userId=0},{m=TO_BACK f=FLAG_IS_TASK_DISPLAY_AREA leash=Surface(name=DefaultTaskDisplayArea#9)/@0xd96f29b sb=Rect(0, 0 - 384, 384) eb=Rect(0, 0 - 384, 384) epz=Point(384, 384) d=0}]}
06-30 02:57:01.878   489   519 I SnapAlloc: Using graphics libs for alignment calculations
06-30 02:57:01.879   489   519 D SnapAlloc: from handle - reserved size 4077967720 custom content metadata size 0
06-30 02:57:01.879   489   519 D SnapAlloc: Successfully mapped metadata 0x1
06-30 02:57:01.879   489   519 D SnapAlloc: from handle - reserved size 0 custom content metadata size 0
06-30 02:57:01.879   489   519 D SnapAlloc: Successfully mapped metadata 0x1
06-30 02:57:01.884 19764 19807 D SnapAlloc: from handle - reserved size 0 custom content metadata size 0
06-30 02:57:01.884 19764 19807 D SnapAlloc: Successfully mapped metadata 0x1
06-30 02:57:01.884  1719  1746 V WindowManager: Sent Transition (#357) createdAt=06-30 02:57:00.984 via request=TransitionRequestInfo { type = OPEN, triggerTask = TaskInfo{userId=0 taskId=460 effectiveUid=10006 displayId=0 isRunning=true baseIntent=Intent { flg=0x10000000 cmp=com.poc.silentsms/.MainActivity } baseActivity=ComponentInfo{com.poc.silentsms/com.poc.silentsms.MainActivity} topActivity=ComponentInfo{com.poc.silentsms/com.poc.silentsms.MainActivity} origActivity=null realActivity=ComponentInfo{com.poc.silentsms/com.poc.silentsms.MainActivity} realActivityIsAppLockEnabled=false numActivities=1 lastActiveTime=56640868 supportsMultiWindow=false supportsMultiWindowWithoutConstraints=false resizeMode=1 isResizeable=true minWidth=-1 minHeight=-1 defaultMinSize=220 token=WCT{RemoteToken{b936670 Task{e915ffe #460 type=standard A=10006:com.poc.silentsms}}} topActivityType=1 pictureInPictureParams=null shouldDockBigOverlays=false launchIntoPipHostTaskId=-1 lastParentTaskIdBeforePip=-1 displayCutoutSafeInsets=Rect(0, 0 - 0, 0) topActivityInfo=ActivityInfo{198ede9 com.poc.silentsms.MainActivity} launchCookies=[] positionInParent=Point(0, 0) parentTaskId=-1 isFocused=false isInteractive=false isVisible=false isVisibleRequested=false isTopActivityNoDisplay=false isSleeping=false locusId=null displayAreaFeatureId=1 isTopActivityTransparent=false isActivityStackTransparent=false lastNonFullscreenBounds=Rect(54, 54 - 330, 330) leafTaskBoundsFromOptions= false capturedLink=null capturedLinkTimestamp=0 requestedVisibleTypes=503 topActivityRequestOpenInBrowserEducationTimestamp=0 appCompatTaskInfo=AppCompatTaskInfo { topActivityInSizeCompat=false isLeafTask= true eligibleForLetterboxEducation= false isLetterboxEducationEnabled= false isLetterboxDoubleTapEnabled= false eligibleForUserAspectRatioButton= false topActivityBoundsLetterboxed= false isFromLetterboxDoubleTap= false topActivityLetterboxVerticalPosition= -1 topActivityLetterboxHorizontalPosition= -1 topActivityLetterboxWidth=-1 topActivityLetterboxHeight=-1 topActivityAppBounds=Rect(0, 0 - 384, 384) isUserFullscreenOverrideEnabled=false isSystemFullscreenOverrideEnabled=false hasMinAspectRatioOverride=false topActivityLetterboxBounds=null topNonResizableActivityAspectRatio=-1.0} topActivityMainWindowFrame=null isAppBubble=false}, pipChange = null, remoteTransitionInfo = null, displayChanges = null, requestedLocation = null, userChange = null, windowingLayerChange = null, fullscreenRequestChange = null, flags = 0, debugId = 357 }
06-30 02:57:01.884  1719  1746 V WindowManager:     startWCT=WindowContainerTransaction { changes= {} hops= [] flags= 0 errorCallbackToken=null taskFragmentOrganizer=null }
06-30 02:57:01.884   489   519 I SnapAlloc: Using graphics libs for alignment calculations
06-30 02:57:01.884  1719  1746 V WindowManager:     info={id=357 t=OPEN f=0x2040 trk=0 r=[0@Point(0, 0)] c=[
06-30 02:57:01.884  1719  1746 V WindowManager:         {WCT{RemoteToken{b46365e Task{8803bb2 #457 type=standard A=10068:sysui.charging}}} m=TO_BACK f=FLAG_CHANGED_INTERACTIVE p=WCT{RemoteToken{f4e9acd DefaultTaskDisplayArea@89885625}} leash=Surface(name=Task=457#1031)/@0x9ea6574 sb=Rect(0, 0 - 384, 384) eb=Rect(0, 0 - 384, 384) epz=Point(384, 384) d=0 taskParent=-1 winMode=1 userId=0},
06-30 02:57:01.884  1719  1746 V WindowManager:         {WCT{RemoteToken{f4e9acd DefaultTaskDisplayArea@89885625}} m=TO_BACK f=FLAG_IS_TASK_DISPLAY_AREA leash=Surface(name=DefaultTaskDisplayArea#9)/@0x4c40346 sb=Rect(0, 0 - 384, 384) eb=Rect(0, 0 - 384, 384) epz=Point(384, 384) d=0}
06-30 02:57:01.884  1719  1746 V WindowManager:     ]}
06-30 02:57:01.885   489   519 D SnapAlloc: from handle - reserved size 4077967720 custom content metadata size 0
06-30 02:57:01.885   489   519 D SnapAlloc: Successfully mapped metadata 0x1
06-30 02:57:01.885   489   519 D SnapAlloc: from handle - reserved size 0 custom content metadata size 0
06-30 02:57:01.885   489   519 D SnapAlloc: Successfully mapped metadata 0x1
06-30 02:57:01.889 19764 19807 D SnapAlloc: from handle - reserved size 0 custom content metadata size 0
06-30 02:57:01.889 19764 19807 D SnapAlloc: Successfully mapped metadata 0x1
06-30 02:57:01.890   489   519 I SnapAlloc: Using graphics libs for alignment calculations
06-30 02:57:01.891   489   519 D SnapAlloc: from handle - reserved size 4077967720 custom content metadata size 0
06-30 02:57:01.891   489   519 D SnapAlloc: Successfully mapped metadata 0x1
06-30 02:57:01.891   489   519 D SnapAlloc: from handle - reserved size 0 custom content metadata size 0
06-30 02:57:01.891   489   519 D SnapAlloc: Successfully mapped metadata 0x1
06-30 02:57:01.891 19764 19807 D SnapAlloc: from handle - reserved size 0 custom content metadata size 0
06-30 02:57:01.892 19764 19807 D SnapAlloc: Successfully mapped metadata 0x1
06-30 02:57:01.892   489 17261 I SnapAlloc: Using graphics libs for alignment calculations
06-30 02:57:01.892   489 17261 D SnapAlloc: from handle - reserved size 4075862376 custom content metadata size 0
06-30 02:57:01.893   489 17261 D SnapAlloc: Successfully mapped metadata 0x1
06-30 02:57:01.893   489 17261 D SnapAlloc: from handle - reserved size 0 custom content metadata size 0
06-30 02:57:01.893   489 17261 D SnapAlloc: Successfully mapped metadata 0x1
06-30 02:57:01.897 19764 19807 D SnapAlloc: from handle - reserved size 0 custom content metadata size 0
06-30 02:57:01.897 19764 19807 D SnapAlloc: Successfully mapped metadata 0x1
06-30 02:57:01.900  4198  4406 I SettingManager: Setting /protogensettings/accessibility/talkback_present/6efd13d9 to true
06-30 02:57:01.900  2285  2373 V WindowManagerShell:  animated by com.android.wm.shell.keyguard.KeyguardTransitionHandler@e49d1ad
06-30 02:57:01.900  2285  2373 V ShellTaskOrganizer: Task appeared taskId=460 listener=FullscreenTaskListener
06-30 02:57:01.900  2285  2373 V ShellTaskOrganizer: Fullscreen Task Appeared: #460
06-30 02:57:01.900  2285  2373 V WindowManagerShell: Transition animation finished (aborted=false), notifying core (#357) android.os.BinderProxy@97deb31@0
06-30 02:57:01.906  2285  2285 I AmbientTaskStateMachine: State transition: TaskInteractive -> LockScreenInteractive. Reason: need to show lock screen watch face and we are not in ambient
06-30 02:57:01.906  2285  2285 I AmbientTaskStackManager: setState: session state has changed from INITIALIZED to BEGINNING, reason="begin() is called."
06-30 02:57:01.906  2285  2285 D AmbientTaskStackManager: Wait for timer update ...
06-30 02:57:01.912  1719  3621 D DOS_DisplayControlLock: acquired: SystemUIRCDCLock android.os.BinderProxy@1a0799c
06-30 02:57:01.913  2285  2285 D AmbientTaskStackManager: doInvalidateAutoResumeTaskLocked: query all tasks! candidateTask=null
06-30 02:57:01.913  1719  3621 I DOS_DisplayControlLock: First acquired
06-30 02:57:01.919  1719  3621 I DisplayControlPolicy: isOffloadStartPending: hasUnreleased lock
06-30 02:57:01.920  4198  4818 I SettingManager: Starting async job to set /protogensettings/accessibility/talkback_present/6efd13d9 to true
06-30 02:57:01.922  4198  4818 I SettingManager: Setting remote setting /protogensettings/accessibility/talkback_present/6efd13d9 to true
06-30 02:57:01.930   488   488 E SurfaceFlinger: trackPendingFrame: Invalid present fence
06-30 02:57:01.931  2076  2076 D VRI[ChargingComposeActivity]: visibilityChanged oldVisibility=true newVisibility=false
06-30 02:57:01.931  1719  1746 V WindowManager: Finish Transition (#357): created at 06-30 02:57:00.984 collect-started=0.114ms request-sent=30.675ms started=165.573ms ready=856.626ms sent=860.78ms commit=38.563ms finished=935.278ms
06-30 02:57:01.938  4198  4434 I SettingManager: Starting async job to set /protogensettings/accessibility/talkback_present/6efd13d9 to true
06-30 02:57:01.939  2285  2373 V WindowManagerShell: Track 0 became idle
06-30 02:57:01.939  2285  2373 V WindowManagerShell: All active transition animations finished
06-30 02:57:01.941  4198  4434 I SettingManager: Setting remote setting /protogensettings/accessibility/talkback_present/6efd13d9 to true
06-30 02:57:01.946   488   488 E SurfaceFlinger: trackPendingFrame: Invalid present fence
06-30 02:57:01.960   488   542 D SnapAlloc: from handle - reserved size 0 custom content metadata size 0
06-30 02:57:01.960   488   542 D SnapAlloc: Successfully mapped metadata 0x1
06-30 02:57:01.965   488   488 E SurfaceFlinger: trackPendingFrame: Invalid present fence
06-30 02:57:01.979   488   542 D SnapAlloc: from handle - reserved size 0 custom content metadata size 0
06-30 02:57:01.979   488   542 D SnapAlloc: Successfully mapped metadata 0x1
06-30 02:57:01.981   488   488 E SurfaceFlinger: trackPendingFrame: Invalid present fence
06-30 02:57:01.985  2285  2285 I AmbientTaskStackManager: Auto-resume task is [#460|standard|invis|focused|top="com.poc.silentsms/.MainActivity"|no-ongoing]
06-30 02:57:01.990  3540  3623 W WMS-ResponseMatcher: Received update with unknown token null. Finishing all transactions.
06-30 02:57:01.998   488   488 E SurfaceFlinger: trackPendingFrame: Invalid present fence
06-30 02:57:02.000  2076  2566 D SnapAlloc: from handle - reserved size 0 custom content metadata size 0
06-30 02:57:02.000  2076  2566 D SnapAlloc: Successfully mapped metadata 0x1
06-30 02:57:02.000  2076  2076 E TaskSnapshot: getHardwareBuffer is deprecated!
06-30 02:57:02.010 15640 15701 W WearableService: Failed to deliver message to AppKey[com.google.android.apps.wear.companion,78f631ae7d905e163085a790049b875db65cab52]; Event[24125463: dataChanged, event=DataWearableServiceEvent(/installed_apps/data/installed_apps/com.poc.silentsms)]
06-30 02:57:02.018  2188  2472 I bt_btm_pm: system/stack/acl/btm_pm.cc:239 BTM_SetPowerMode: Setting power mode for peer:xx:xx:xx:xx:d8:c0 current_mode:immediate:sniff[2] new_mode:forced:active[0]
06-30 02:57:02.018  2188  2472 I bt_btm_pm: system/stack/acl/btm_pm.cc:515 btm_pm_snd_md_req: Switching from immediate:sniff[0x02] to immediate:active[0x00]
06-30 02:57:02.019   853  2603 I vendor.qti.bluetooth@1.0-ibs_handler: ProcessIbsCmd: Received IBS_WAKE_IND: 0xFD
06-30 02:57:02.019   853  2603 I vendor.qti.bluetooth@1.0-ibs_handler: ProcessIbsCmd: Writing IBS_WAKE_ACK
06-30 02:57:02.023   488   542 D SnapAlloc: from handle - reserved size 0 custom content metadata size 0
06-30 02:57:02.024   488   542 D SnapAlloc: Successfully mapped metadata 0x1
06-30 02:57:02.028  2109 17409 E WearServices: [ProviderGetter]Fetched empty list of supported providers: wfSlotSupportedTypes = null, packageName = com.poc.silentsms, watchFaceId = null
06-30 02:57:02.030  2285  2285 I AmbientTaskStackManager: updateTimer: skipped - waiting for grace period for recently changed task
06-30 02:57:02.030 15640 19258 I Fitness : (REDACTED) Package %s enabled.  Potentially restarting recording
06-30 02:57:02.031   488   488 E SurfaceFlinger: trackPendingFrame: Invalid present fence
06-30 02:57:02.038  2285  2285 I DisplayOffloadManager: updateTopActivity: taskId = 460; activityToFront=ComponentInfo{com.poc.silentsms/com.poc.silentsms.MainActivity}
06-30 02:57:02.047   488   488 E SurfaceFlinger: trackPendingFrame: Invalid present fence
06-30 02:57:02.049  1719  2048 I Surface : Creating surface for consumer unnamed-1719-63 with slotExpansion=1 for 64 slots
06-30 02:57:02.049  1719  2048 I Surface : Creating surface for consumer ImageReader-192x192f4m1-1719-63 with slotExpansion=1 for 64 slots
06-30 02:57:02.049  1719  2048 W ImageReader_JNI: Unable to acquire a buffer item, very likely client tried to acquire more than maxImages buffers
06-30 02:57:02.050  1719  2048 E ConsumerBase: [ImageReader-192x192f4m1-1719-63] abandonLocked: ConsumerBase is abandoned!
06-30 02:57:02.055  2076  2076 W ProxyAndroidLoggerBackend: Too many Flogger logs received before configuration. Dropping old logs.
06-30 02:57:02.060   853  2603 I vendor.qti.bluetooth@1.0-ibs_handler: ProcessIbsCmd: Received IBS_SLEEP_IND: 0xFE
06-30 02:57:02.065   488   488 E SurfaceFlinger: trackPendingFrame: Invalid present fence
06-30 02:57:02.068  1719  2081 D DisplayOffload: updateTopTask: taskId=460; activityToFront=ComponentInfo{com.poc.silentsms/com.poc.silentsms.MainActivity}
06-30 02:57:02.076  1719  2007 D WindowManager: setClientSurface Surface(name=VRI-SystemUIOverlay[StatusSurfaceLayer,KeyguardLayer]#69)/@0xba095d1 for e3aea9a SystemUIOverlay[StatusSurfaceLayer,KeyguardLayer,AodLayer,AodSurfaceLayer]
06-30 02:57:02.077 15640 19698 W GCM     : Unexpected forwarded intent: Intent { act=android.intent.action.PACKAGE_ADDED dat=package: flg=0x4000010 pkg=com.google.android.gms cmp=com.google.android.gms/.chimera.PersistentIntentOperationService (has extras) }
06-30 02:57:02.081   488   488 E SurfaceFlinger: trackPendingFrame: Invalid present fence
06-30 02:57:02.083 15640 19697 W NetworkScheduler: Unexpected forwarded intent: Intent { act=android.intent.action.PACKAGE_ADDED dat=package: flg=0x4000010 pkg=com.google.android.gms cmp=com.google.android.gms/.chimera.PersistentIntentOperationService (has extras) }
06-30 02:57:02.093  2285  2285 I Surface : Creating surface for consumer unnamed-2285-55 with slotExpansion=1 for 64 slots
06-30 02:57:02.095  2142  2142 D WallpaperService: onVisibilityChanged(true): dcf@fe5ccda
06-30 02:57:02.095  2142  2142 I WatchFaceService: onVisibilityChanged(true)
06-30 02:57:02.096  1719  1750 I DOLayout: onWallpaperVisibilityChanged: visible=true displayId=0
06-30 02:57:02.099   488   488 E SurfaceFlinger: trackPendingFrame: Invalid present fence
06-30 02:57:02.104  1719  1719 I DisplayOffload: skipping watchface visibility update, since pipe not found (10115,true)
06-30 02:57:02.110  1719  3496 I PackageManager: getInstalledPackages: callingUid=1000 flags=134217856 updatedFlags=135004288 userId=0
06-30 02:57:02.115   493  3417 D SnapAlloc: from handle - reserved size 0 custom content metadata size 0
06-30 02:57:02.116 15640 19696 I FontLog : (REDACTED) Package %s has no metadata
06-30 02:57:02.116   493  3417 D SnapAlloc: Successfully mapped metadata 0x1
06-30 02:57:02.116   493  3417 I SDM     : Using previously loaded IMapper library.
06-30 02:57:02.117  2285  2285 I Surface : Creating surface for consumer VRI[SystemUIOverlay[]]#55(BLAST Consumer)55 with slotExpansion=1 for 64 slots
06-30 02:57:02.118   488   488 E SurfaceFlinger: trackPendingFrame: Invalid present fence
06-30 02:57:02.128  1719  2492 W ActivityManager: Skipping manifest association check for null package. SourceUid: -1, SourcePkg: null, TargetUid: 10115, TargetPkg: com.google.android.wearable.watchface.rwf
06-30 02:57:02.165   493  3417 D SnapAlloc: from handle - reserved size 0 custom content metadata size 0
06-30 02:57:02.165   493  3417 D SnapAlloc: Successfully mapped metadata 0x1
06-30 02:57:02.173   853  2603 I vendor.qti.bluetooth@1.0-ibs_handler: ProcessIbsCmd: Received IBS_WAKE_IND: 0xFD
06-30 02:57:02.173   853  2603 I vendor.qti.bluetooth@1.0-ibs_handler: ProcessIbsCmd: Writing IBS_WAKE_ACK
06-30 02:57:02.174  2188  2472 I bt_btm_pm: system/stack/acl/btm_pm.cc:648 btm_pm_proc_mode_change: Power mode switched from immediate:pending[4] to immediate:active[0]
06-30 02:57:02.174  2076  2462 W ProxyAndroidLoggerBackend: Too many Flogger logs received before configuration. Dropping old logs.
06-30 02:57:02.174  2076  2462 W ProxyAndroidLoggerBackend: Too many Flogger logs received before configuration. Dropping old logs.
06-30 02:57:02.182   493  3417 D SnapAlloc: from handle - reserved size 0 custom content metadata size 0
06-30 02:57:02.182   493  3417 D SnapAlloc: Successfully mapped metadata 0x1
06-30 02:57:02.193  2285  2303 W System  : A resource failed to call release. 
06-30 02:57:02.193  2285  2303 W System  : A resource failed to call release. 
06-30 02:57:02.193  2285  2303 W System  : A resource failed to call release. 
06-30 02:57:02.201  2285  2303 W System  : A resource failed to call release. 
06-30 02:57:02.201  2285  2303 W System  : A resource failed to call release. 
06-30 02:57:02.201  2285  2303 W System  : A resource failed to call release. 
06-30 02:57:02.201  2285  2303 W System  : A resource failed to call release. 
06-30 02:57:02.201  2285  2303 W System  : A resource failed to call release. 
06-30 02:57:02.201  2285  2303 W System  : A resource failed to call release. 
06-30 02:57:02.201  2285  2303 W System  : A resource failed to call release. 
06-30 02:57:02.202  2285  2303 W System  : A resource failed to call release. 
06-30 02:57:02.206  1719  1736 I system_server: Background concurrent mark compact GC freed 13MB AllocSpace bytes, 16(416KB) LOS objects, 86% free, 34MB/256MB, paused 20.503ms,11.299ms total 1.760s
06-30 02:57:02.215   493  3417 D SnapAlloc: from handle - reserved size 0 custom content metadata size 0
06-30 02:57:02.215   493  3417 D SnapAlloc: Successfully mapped metadata 0x1
06-30 02:57:02.226   853  2603 I vendor.qti.bluetooth@1.0-ibs_handler: ProcessIbsCmd: Received IBS_SLEEP_IND: 0xFE
06-30 02:57:02.254 15640 19696 I Fitness : (REDACTED) OnPackageChangedOperation got intent: %s
06-30 02:57:02.261  2285  2285 I Surface : Creating surface for consumer unnamed-2285-56 with slotExpansion=1 for 64 slots
06-30 02:57:02.264  2285  2285 I Surface : Creating surface for consumer 60c0f35 SurfaceView[SystemUIOverlay[StatusSurfaceLayer,KeyguardLayer,AodLayer,AodSurfaceLayer]]#56(BLAST Consumer)56 with slotExpansion=1 for 64 slots
06-30 02:57:02.264  2285  2285 D NotificationShadeWC: surface created!
06-30 02:57:02.266  2285  2285 D NotificationShadeWC: surface changed
06-30 02:57:02.273   489 17261 I SnapAlloc: Using graphics libs for alignment calculations
06-30 02:57:02.274   489 17261 D SnapAlloc: from handle - reserved size 4075862376 custom content metadata size 0
06-30 02:57:02.274   489 17261 D SnapAlloc: Successfully mapped metadata 0x1
06-30 02:57:02.274   489 17261 D SnapAlloc: from handle - reserved size 0 custom content metadata size 0
06-30 02:57:02.274   489 17261 D SnapAlloc: Successfully mapped metadata 0x1
06-30 02:57:02.276  2285  2599 D SnapAlloc: from handle - reserved size 0 custom content metadata size 0
06-30 02:57:02.276  2285  2599 D SnapAlloc: Successfully mapped metadata 0x1
06-30 02:57:02.282   488   540 D SnapAlloc: from handle - reserved size 0 custom content metadata size 0
06-30 02:57:02.282   488   540 D SnapAlloc: Successfully mapped metadata 0x1
06-30 02:57:02.286  2285  2285 D StatusOverlayController: setOverlayVisible: visible=true, tokens={Keyguard}
06-30 02:57:02.305 19780 19780 D CompatChangeReporter: Compat change id reported: 458413887; UID 10047; state: ENABLED
06-30 02:57:02.322 15640 19697 I Fitness : (REDACTED) FitCleanupIntentOperation received Intent %s
06-30 02:57:02.325  4198  4434 I SettingManager: Returning job result for setting /protogensettings/accessibility/talkback_present/6efd13d9 to true
06-30 02:57:02.341  2285  2285 D StatusOverlayController: Setting status layer visibility to visible
06-30 02:57:02.343  1719  1749 W ActivityTaskManager: Activity top resumed state loss timeout for ActivityRecord{158518656 u0 com.poc.silentsms/.MainActivity t460}
06-30 02:57:02.343  1719  1749 W ActivityTaskManager: Activity pause timeout for ActivityRecord{158518656 u0 com.poc.silentsms/.MainActivity t460}
06-30 02:57:02.345 15640 19258 I Fitness : (REDACTED) Package %s enabled.  Potentially restarting recording
06-30 02:57:02.353  1719  2492 I ActivityManager: Killing 12755:com.google.android.apps.messaging/u0a100 (adj 975): empty #17
06-30 02:57:02.357   752   752 D Zygote  : Forked child process 19814
06-30 02:57:02.369  1719  1761 W ActivityManager: Slow operation: 59ms so far, now at startProcess: returned from zygote!
06-30 02:57:02.374   853  2603 I vendor.qti.bluetooth@1.0-ibs_handler: ProcessIbsCmd: Received IBS_WAKE_IND: 0xFD
06-30 02:57:02.374   853  2603 I vendor.qti.bluetooth@1.0-ibs_handler: ProcessIbsCmd: Writing IBS_WAKE_ACK
06-30 02:57:02.377 19814 19814 I libprocessgroup: Created cgroup /sys/fs/cgroup/apps/uid_10058/pid_19814
06-30 02:57:02.397   488   662 D SnapAlloc: from handle - reserved size 0 custom content metadata size 0
06-30 02:57:02.397   488   662 D SnapAlloc: Successfully mapped metadata 0x1
06-30 02:57:02.398  4198  4434 I SettingManager: Returning job result for setting /protogensettings/accessibility/talkback_present/6efd13d9 to true
06-30 02:57:02.399  1719  2465 W libbinder.ServiceManagerCppClient: Permission failure: android.permission.ACCESS_SURFACE_FLINGER from uid=10006 pid=0
06-30 02:57:02.399  1719  2465 D libbinder.PermissionCache: checking android.permission.ACCESS_SURFACE_FLINGER for uid=10006 => denied (306 us)
06-30 02:57:02.400  1719  2465 W libbinder.ServiceManagerCppClient: Permission failure: android.permission.ROTATE_SURFACE_FLINGER from uid=10006 pid=0
06-30 02:57:02.400  1719  2465 D libbinder.PermissionCache: checking android.permission.ROTATE_SURFACE_FLINGER for uid=10006 => denied (132 us)
06-30 02:57:02.400  1719  2465 W libbinder.ServiceManagerCppClient: Permission failure: android.permission.INTERNAL_SYSTEM_WINDOW from uid=10006 pid=0
06-30 02:57:02.400  1719  2465 D libbinder.PermissionCache: checking android.permission.INTERNAL_SYSTEM_WINDOW for uid=10006 => denied (75 us)
06-30 02:57:02.400  1719  2465 W libbinder.ServiceManagerCppClient: Permission failure: android.permission.READ_FRAME_BUFFER from uid=10006 pid=0
06-30 02:57:02.400  1719  2465 D libbinder.PermissionCache: checking android.permission.READ_FRAME_BUFFER for uid=10006 => denied (63 us)
06-30 02:57:02.403  1719  1761 W ActivityManager: Slow operation: 93ms so far, now at startProcess: done updating battery stats
06-30 02:57:02.403  1719  1761 W ActivityManager: Slow operation: 93ms so far, now at startProcess: building log message
06-30 02:57:02.403  1719  1761 I ActivityManager: Start proc 19814:com.google.android.packageinstaller/u0a58 for broadcast {com.google.android.packageinstaller/com.android.packageinstaller.PackageInstalledReceiver}
06-30 02:57:02.403  1719  1761 W ActivityManager: Slow operation: 93ms so far, now at startProcess: starting to update pids map
06-30 02:57:02.409 19814 19814 I Zygote  : Process 19814 created for com.google.android.packageinstaller
06-30 02:57:02.410 19814 19814 I ackageinstaller: Using generational CollectorTypeCMC GC.
06-30 02:57:02.420   853  2603 I vendor.qti.bluetooth@1.0-ibs_handler: ProcessIbsCmd: Received IBS_SLEEP_IND: 0xFE
06-30 02:57:02.427  1719  1761 W ActivityManager: Slow operation: 117ms so far, now at startProcess: done updating pids map
06-30 02:57:02.427  2285  2285 D AmbientTaskStackManager: Timer com.poc.silentsms/.MainActivity:460 is created!
06-30 02:57:02.431  2285  2285 I AmbientTaskStackManager: checkActiveLocked: timer expires because mTaskTimeoutMs=0, mMaxResetCount=2
06-30 02:57:02.432  2285  2285 I AmbientTaskStackManager: setState: session state has changed from BEGINNING to BEGUN, reason="timer is updated"
06-30 02:57:02.432   493  3417 D SnapAlloc: from handle - reserved size 0 custom content metadata size 0
06-30 02:57:02.433   493  3417 D SnapAlloc: Successfully mapped metadata 0x1
06-30 02:57:02.433   493  3417 I SDM     : Using previously loaded IMapper library.
06-30 02:57:02.462  2076  2573 W SysUI   : [RecentTasksLauncherRepo]getRecentApps matched with a Launcher Activity in the task TaskInfo{userId=0 taskId=460 effectiveUid=10006 displayId=0 isRunning=true baseIntent=Intent { flg=0x10000000 cmp=com.poc.silentsms/.MainActivity } baseActivity=ComponentInfo{com.poc.silentsms/com.poc.silentsms.MainActivity} topActivity=ComponentInfo{com.poc.silentsms/com.poc.silentsms.MainActivity} origActivity=null realActivity=ComponentInfo{com.poc.silentsms/com.poc.silentsms.MainActivity} realActivityIsAppLockEnabled=false numActivities=1 lastActiveTime=56641691 supportsMultiWindow=false supportsMultiWindowWithoutConstraints=false resizeMode=1 isResizeable=true minWidth=-1 minHeight=-1 defaultMinSize=220 token=WCT{android.os.BinderProxy@e8caef6} topActivityType=1 pictureInPictureParams=null shouldDockBigOverlays=false launchIntoPipHostTaskId=-1 lastParentTaskIdBeforePip=-1 displayCutoutSafeInsets=Rect(0, 0 - 0, 0) topActivityInfo=ActivityInfo{3435232 com.poc.silentsms.MainActivity} launchCookies=[] positionInParent=Point(0, 0) parentTaskId=-1 isFocused=true isInteractive=false isVisible=false isVisibleRequested=false isTopActivityNoDisplay=false isSleeping=true locusId=null displayAreaFeatureId=1 isTopActivityTransparent=false isActivityStackTransparent=false lastNonFullscreenBounds=Rect(54, 54 - 330, 330) leafTaskBoundsFromOptions= false capturedLink=null capturedLinkTimestamp=0 requestedVisibleTypes=503 topActivityRequestOpenInBrowserEducationTimestamp=0 appCompatTaskInfo=AppCompatTaskInfo { topActivityInSizeCompat=false isLeafTask= true eligibleForLetterboxEducation= false isLetterboxEducationEnabled= false isLetterboxDoubleTapEnabled= false eligibleForUserAspectRatioButton= false topActivityBoundsLetterboxed= false isFromLetterboxDoubleTap= false topActivityLetterboxVerticalPosition= -1 topActivityLetterboxHorizontalPosition= -1 topActivityLetterboxWidth=-1 topActivityLetterboxHeight=-1 topActivityAppBounds=Rect(0, 0 - 384, 384) isUserFullscreenOverrideEnabled=false isSystemFullscreenOverrideEnabled=false hasMinAspectRatioOverride=false topActivityLetterboxBounds=null topNonResizableActivityAspectRatio=-1.0} topActivityMainWindowFrame=null isAppBubble=false} == ActivityLauncherApp(label=SMS PoC, activity=ComponentInfo{com.poc.silentsms/com.poc.silentsms.MainActivity}, launcherIconRequest=AllAppsLauncherIconRequest(packageName=com.poc.silentsms, activityName=com.poc.silentsms.MainActivity, isDefaultApp=false), loadLauncherIcon=ioi@7bd564)
06-30 02:57:02.465  2076  2573 W SysUI   : [RecentTasksLauncherRepo]getRecentApps matched with a Launcher Activity in the task TaskInfo{userId=0 taskId=438 effectiveUid=10072 displayId=-1 isRunning=false baseIntent=Intent { act=android.intent.action.DIAL dat=tel:xxxxxxxxxxx flg=0x10000000 cmp=com.google.android.dialer/com.google.android.wearable.googledialer.homescreen.impl.ui.HomeScreenActivity } baseActivity=null topActivity=null origActivity=null realActivity=ComponentInfo{com.google.android.dialer/com.google.android.wearable.googledialer.homescreen.impl.ui.HomeScreenActivity} realActivityIsAppLockEnabled=false numActivities=0 lastActiveTime=56587501 supportsMultiWindow=false supportsMultiWindowWithoutConstraints=false resizeMode=1 isResizeable=true minWidth=-1 minHeight=-1 defaultMinSize=220 token=WCT{android.os.BinderProxy@d1d71aa} topActivityType=1 pictureInPictureParams=null shouldDockBigOverlays=false launchIntoPipHostTaskId=-1 lastParentTaskIdBeforePip=-1 displayCutoutSafeInsets=Rect(0, 0 - 0, 0) topActivityInfo=null launchCookies=[] positionInParent=Point(0, 0) parentTaskId=-1 isFocused=false isInteractive=false isVisible=false isVisibleRequested=false isTopActivityNoDisplay=false isSleeping=true locusId=null displayAreaFeatureId=1 isTopActivityTransparent=false isActivityStackTransparent=true lastNonFullscreenBounds=Rect(54, 54 - 330, 330) leafTaskBoundsFromOptions= false capturedLink=null capturedLinkTimestamp=0 requestedVisibleTypes=503 topActivityRequestOpenInBrowserEducationTimestamp=0 appCompatTaskInfo=AppCompatTaskInfo { topActivityInSizeCompat=false isLeafTask= true eligibleForLetterboxEducation= false isLetterboxEducationEnabled= false isLetterboxDoubleTapEnabled= false eligibleForUserAspectRatioButton= false topActivityBoundsLetterboxed= false isFromLetterboxDoubleTap= false topActivityLetterboxVerticalPosition= -1 topActivityLetterboxHorizontalPosition= -1 topActivityLetterboxWidth=-1 topActivityLetterboxHeight=-1 topActivityAppBounds=Rect(0, 0 - 0, 0) isUserFullscreenOverrideEnabled=false isSystemFullscreenOverrideEnabled=false hasMinAspectRatioOverride=false topActivityLetterboxBounds=null topNonResizableActivityAspectRatio=-1.0} topActivityMainWindowFrame=null isAppBubble=false} == ActivityLauncherApp(label=Phone, activity=ComponentInfo{com.google.android.dialer/com.google.android.wearable.googledialer.homescreen.impl.ui.HomeScreenActivity}, launcherIconRequest=AllAppsLauncherIconRequest(packageName=com.google.android.dialer, activityName=com.google.android.wearable.googledialer.homescreen.impl.ui.HomeScreenActivity, isDefaultApp=false), loadLauncherIcon=ioi@883eed4)
06-30 02:57:02.465  2076  2573 W SysUI   : [RecentTasksLauncherRepo]getRecentApps matched with a Launcher Activity in the task TaskInfo{userId=0 taskId=435 effectiveUid=1000 displayId=0 isRunning=true baseIntent=Intent { act=android.intent.action.MAIN cat=[android.intent.category.LAUNCHER] flg=0x10000000 cmp=com.google.android.apps.wearable.settings/com.google.android.clockwork.settings.MainSettingsActivity } baseActivity=ComponentInfo{com.google.android.apps.wearable.settings/com.google.android.clockwork.settings.MainSettingsActivity} topActivity=ComponentInfo{com.google.android.apps.wearable.settings/com.google.android.clockwork.settings.MainSettingsActivity} origActivity=null realActivity=ComponentInfo{com.google.android.apps.wearable.settings/com.google.android.clockwork.settings.MainSettingsActivity} realActivityIsAppLockEnabled=false numActivities=1 lastActiveTime=51746088 supportsMultiWindow=false supportsMultiWindowWithoutConstraints=false resizeMode=1 isResizeable=true minWidth=-1 minHeight=-1 defaultMinSize=220 token=WCT{android.os.BinderProxy@775cfa} topActivityType=1 pictureInPictureParams=null shouldDockBigOverlays=false launchIntoPipHostTaskId=-1 lastParentTaskIdBeforePip=-1 displayCutoutSafeInsets=Rect(0, 0 - 0, 0) topActivityInfo=ActivityInfo{b616b83 com.google.android.clockwork.settings.MainSettingsActivity} launchCookies=[] positionInParent=Point(0, 0) parentTaskId=-1 isFocused=false isInteractive=false isVisible=false isVisibleRequested=false isTopActivityNoDisplay=false isSleeping=true locusId=null displayAreaFeatureId=1 isTopActivityTransparent=false isActivityStackTransparent=false lastNonFullscreenBounds=Rect(54, 54 - 330, 330) leafTaskBoundsFromOptions= false capturedLink=null capturedLinkTimestamp=0 requestedVisibleTypes=503 topActivityRequestOpenInBrowserEducationTimestamp=0 appCompatTaskInfo=AppCompatTaskInfo { topActivityInSizeCompat=false isLeafTask= true eligibleForLetterboxEducation= false isLetterboxEducationEnabled= false isLetterboxDoubleTapEnabled= false eligibleForUserAspectRatioButton= false topActivityBoundsLetterboxed= false isFromLetterboxDoubleTap= false topActivityLetterboxVerticalPosition= -1 topActivityLetterboxHorizontalPosition= -1 topActivityLetterboxWidth=-1 topActivityLetterboxHeight=-1 topActivityAppBounds=Rect(0, 0 - 384, 384) isUserFullscreenOverrideEnabled=false isSystemFullscreenOverrideEnabled=false hasMinAspectRatioOverride=false topActivityLetterboxBounds=null topNonResizableActivityAspectRatio=-1.0} topActivityMainWindowFrame=null isAppBubble=false} == ActivityLauncherApp(label=Settings, activity=ComponentInfo{com.google.android.apps.wearable.settings/com.google.android.clockwork.settings.MainSettingsActivity}, launcherIconRequest=AllAppsLauncherIconRequest(packageName=com.google.android.apps.wearable.settings, activityName=com.google.android.clockwork.settings.MainSettingsActivity, isDefaultApp=false), loadLauncherIcon=ioi@cf39d08)
06-30 02:57:02.466  2076  2573 W SysUI   : [RecentTasksLauncherRepo]getRecentApps matched with a Launcher Activity in the task TaskInfo{userId=0 taskId=436 effectiveUid=10066 displayId=-1 isRunning=false baseIntent=Intent { act=android.intent.action.MAIN flg=0x10000000 cmp=com.google.android.apps.walletnfcrel/com.google.commerce.tapandpay.wear.cardlist.WalletThemedWearCardListActivity } baseActivity=null topActivity=null origActivity=null realActivity=ComponentInfo{com.google.android.apps.walletnfcrel/com.google.commerce.tapandpay.wear.cardlist.WalletThemedWearCardListActivity} realActivityIsAppLockEnabled=false numActivities=0 lastActiveTime=51690225 supportsMultiWindow=false supportsMultiWindowWithoutConstraints=false resizeMode=1 isResizeable=true minWidth=-1 minHeight=-1 defaultMinSize=220 token=WCT{android.os.BinderProxy@a3b2b97} topActivityType=1 pictureInPictureParams=null shouldDockBigOverlays=false launchIntoPipHostTaskId=-1 lastParentTaskIdBeforePip=-1 displayCutoutSafeInsets=Rect(0, 0 - 0, 0) topActivityInfo=null launchCookies=[] positionInParent=Point(0, 0) parentTaskId=-1 isFocused=false isInteractive=false isVisible=false isVisibleRequested=false isTopActivityNoDisplay=false isSleeping=true locusId=null displayAreaFeatureId=1 isTopActivityTransparent=false isActivityStackTransparent=true lastNonFullscreenBounds=Rect(54, 54 - 330, 330) leafTaskBoundsFromOptions= false capturedLink=null capturedLinkTimestamp=0 requestedVisibleTypes=503 topActivityRequestOpenInBrowserEducationTimestamp=0 appCompatTaskInfo=AppCompatTaskInfo { topActivityInSizeCompat=false isLeafTask= true eligibleForLetterboxEducation= false isLetterboxEducationEnabled= false isLetterboxDoubleTapEnabled= false eligibleForUserAspectRatioButton= false topActivityBoundsLetterboxed= false isFromLetterboxDoubleTap= false topActivityLetterboxVerticalPosition= -1 topActivityLetterboxHorizontalPosition= -1 topActivityLetterboxWidth=-1 topActivityLetterboxHeight=-1 topActivityAppBounds=Rect(0, 0 - 0, 0) isUserFullscreenOverrideEnabled=false isSystemFullscreenOverrideEnabled=false hasMinAspectRatioOverride=false topActivityLetterboxBounds=null topNonResizableActivityAspectRatio=-1.0} topActivityMainWindowFrame=null isAppBubble=false} == ActivityLauncherApp(label=Wallet, activity=ComponentInfo{com.google.android.apps.walletnfcrel/com.google.commerce.tapandpay.wear.cardlist.WalletThemedWearCardListActivity}, launcherIconRequest=AllAppsLauncherIconRequest(packageName=com.google.android.apps.walletnfcrel, activityName=com.google.commerce.tapandpay.wear.cardlist.WalletThemedWearCardListActivity, isDefaultApp=false), loadLauncherIcon=ioi@dcfe26a)
06-30 02:57:02.469  2076  2573 W SysUI   : [LauncherDefaultRecentsCombiner]Unable to get ActivityDisplayInfo for {com.google.android.apps.youtube.music/com.google.android.apps.youtube.music.wear.WearMainActivity} attempting to fetch from ResolveInfo
06-30 02:57:02.480   853  2603 I vendor.qti.bluetooth@1.0-ibs_handler: ProcessIbsCmd: Received IBS_WAKE_IND: 0xFD
06-30 02:57:02.480   853  2603 I vendor.qti.bluetooth@1.0-ibs_handler: ProcessIbsCmd: Writing IBS_WAKE_ACK
06-30 02:57:02.493  2285  2285 D AmbientTaskStackManager: Moving task [#460|standard|invis|focused|top="com.poc.silentsms/.MainActivity"] to the back of activity stack!
06-30 02:57:02.501   752   752 I Zygote  : Process 12755 exited due to signal 9 (Killed)
06-30 02:57:02.506  1719  1762 I libprocessgroup: Removed cgroup /sys/fs/cgroup/apps/uid_10100/pid_12755
06-30 02:57:02.529  2285  2285 D AmbientTaskStackManager: Task [#457|standard|invis|top="com.google.android.wearable.sysui/com.google.android.clockwork.sysui.experiences.charging.ui.composable.ChargingComposeActivity"] should stay in the front.
06-30 02:57:02.531  2285  2373 V WindowManagerShell: Directly starting a new transition type=TO_BACK wct=WindowContainerTransaction { changes= {} hops= [{reorder: android.os.BinderProxy@12c4216 to bottom}] flags= 0 errorCallbackToken=null taskFragmentOrganizer=null } handler=null
06-30 02:57:02.535 19814 19814 D nativeloader: Load libframework-connectivity-tiramisu-jni.so using APEX ns com_android_tethering for caller /apex/com.android.tethering/javalib/framework-connectivity-t.jar: ok
06-30 02:57:02.536  1719  2081 V WindowManager: deferTransitionReady deferReadyDepth=1 stack=com.android.server.wm.WindowOrganizerController.applyTransaction:1069 com.android.server.wm.WindowOrganizerController$$ExternalSyntheticLambda4.onCollectStarted:31 com.android.server.wm.TransitionController.startCollectOrQueue:108 com.android.server.wm.WindowOrganizerController.startTransition:208 com.android.server.wm.WindowOrganizerController.startNewTransition:1 
06-30 02:57:02.544   853  2603 I vendor.qti.bluetooth@1.0-ibs_handler: ProcessIbsCmd: Received IBS_SLEEP_IND: 0xFE
06-30 02:57:02.545  1719  2081 W TransitionChain: Combining kgOccludeChg into #358(TO_BACK||0x0) from startNewTransit
06-30 02:57:02.554  1719  2081 D WindowManager: Remove SleepToken: tag=keyguard, displayId=0
06-30 02:57:02.555  1719  2081 D ActivityTaskManager: Top Process State changed to PROCESS_STATE_TOP
06-30 02:57:02.556  1719  2081 W TransitionChain: Combining sleepTokens into #358(TO_BACK||0x1000) from startNewTransit
06-30 02:57:02.576   489 17261 I SnapAlloc: Using graphics libs for alignment calculations
06-30 02:57:02.577   489 17261 D SnapAlloc: from handle - reserved size 4075862376 custom content metadata size 0
06-30 02:57:02.577   489 17261 D SnapAlloc: Successfully mapped metadata 0x1
06-30 02:57:02.578   489 17261 D SnapAlloc: from handle - reserved size 0 custom content metadata size 0
06-30 02:57:02.578   489 17261 D SnapAlloc: Successfully mapped metadata 0x1
06-30 02:57:02.583  2285  2599 D SnapAlloc: from handle - reserved size 0 custom content metadata size 0
06-30 02:57:02.589  2285  2599 D SnapAlloc: Successfully mapped metadata 0x1
06-30 02:57:02.592   488  2054 D SnapAlloc: from handle - reserved size 0 custom content metadata size 0
06-30 02:57:02.593   488  2054 D SnapAlloc: Successfully mapped metadata 0x1
06-30 02:57:02.602   489 17261 I SnapAlloc: Using graphics libs for alignment calculations
06-30 02:57:02.602   489 17261 D SnapAlloc: from handle - reserved size 4075862376 custom content metadata size 0
06-30 02:57:02.602   489 17261 D SnapAlloc: Successfully mapped metadata 0x1
06-30 02:57:02.602   489 17261 D SnapAlloc: from handle - reserved size 0 custom content metadata size 0
06-30 02:57:02.602   489 17261 D SnapAlloc: Successfully mapped metadata 0x1
06-30 02:57:02.603  2285  2599 D SnapAlloc: from handle - reserved size 0 custom content metadata size 0
06-30 02:57:02.603  2285  2599 D SnapAlloc: Successfully mapped metadata 0x1
06-30 02:57:02.606  1719  2081 V WindowManager: continueTransitionReady deferReadyDepth=0 stack=com.android.server.wm.WindowOrganizerController.applyTransaction:966 com.android.server.wm.WindowOrganizerController.applyTransaction:1069 com.android.server.wm.WindowOrganizerController$$ExternalSyntheticLambda4.onCollectStarted:31 com.android.server.wm.TransitionController.startCollectOrQueue:108 com.android.server.wm.WindowOrganizerController.startTransition:208 
06-30 02:57:02.608  2076  2076 D ViewRootImpl: Skipping stats log for color mode
06-30 02:57:02.610  2285  2373 D WindowManagerShell: onKeyguardOccludingTaskChanged displayId=0 taskId=457
06-30 02:57:02.611   488  2054 D SnapAlloc: from handle - reserved size 0 custom content metadata size 0
06-30 02:57:02.611   488  2054 D SnapAlloc: Successfully mapped metadata 0x1
06-30 02:57:02.622  2076  2076 W ProxyAndroidLoggerBackend: Too many Flogger logs received before configuration. Dropping old logs.
06-30 02:57:02.625  2285  2285 D AmbientTaskStackManager: doInvalidateAutoResumeTaskLocked: query all tasks! candidateTask=null
06-30 02:57:02.627  1719  3725 D DOS_DisplayControlLock: acquired: ChargingComposeActivity android.os.BinderProxy@69af562
06-30 02:57:02.628  2076  2076 I Surface : Creating surface for consumer unnamed-2076-174 with slotExpansion=1 for 64 slots
06-30 02:57:02.629  2076  2076 I Surface : Creating surface for consumer VRI[ChargingComposeActivity]#174(BLAST Consumer)174 with slotExpansion=1 for 64 slots
06-30 02:57:02.632   489 17261 I SnapAlloc: Using graphics libs for alignment calculations
06-30 02:57:02.633   489 17261 D SnapAlloc: from handle - reserved size 4075862376 custom content metadata size 0
06-30 02:57:02.633   489 17261 D SnapAlloc: Successfully mapped metadata 0x1
06-30 02:57:02.633   489 17261 D SnapAlloc: from handle - reserved size 0 custom content metadata size 0
06-30 02:57:02.633   489 17261 D SnapAlloc: Successfully mapped metadata 0x1
06-30 02:57:02.634  2076 19826 D SnapAlloc: from handle - reserved size 0 custom content metadata size 0
06-30 02:57:02.634  2076 19826 D SnapAlloc: Successfully mapped metadata 0x1
06-30 02:57:02.635   489 17261 I SnapAlloc: Using graphics libs for alignment calculations
06-30 02:57:02.635  1719  1749 W ActivityManager: setHasOverlayUi called on unknown pid: 12755
06-30 02:57:02.640   489 17261 D SnapAlloc: from handle - reserved size 4075862376 custom content metadata size 0
06-30 02:57:02.640   489 17261 D SnapAlloc: Successfully mapped metadata 0x1
06-30 02:57:02.640   489 17261 D SnapAlloc: from handle - reserved size 0 custom content metadata size 0
06-30 02:57:02.640   489 17261 D SnapAlloc: Successfully mapped metadata 0x1
06-30 02:57:02.641  2076 19826 D SnapAlloc: from handle - reserved size 0 custom content metadata size 0
06-30 02:57:02.641  2076 19826 D SnapAlloc: Successfully mapped metadata 0x1
06-30 02:57:02.641   489   519 I SnapAlloc: Using graphics libs for alignment calculations
06-30 02:57:02.643   489   519 D SnapAlloc: from handle - reserved size 4077967720 custom content metadata size 0
06-30 02:57:02.643   489   519 D SnapAlloc: Successfully mapped metadata 0x1
06-30 02:57:02.643   489   519 D SnapAlloc: from handle - reserved size 0 custom content metadata size 0
06-30 02:57:02.643   489   519 D SnapAlloc: Successfully mapped metadata 0x1
06-30 02:57:02.644  2076 19826 D SnapAlloc: from handle - reserved size 0 custom content metadata size 0
06-30 02:57:02.644  2076 19826 D SnapAlloc: Successfully mapped metadata 0x1
06-30 02:57:02.644   489   519 I SnapAlloc: Using graphics libs for alignment calculations
06-30 02:57:02.646   489   519 D SnapAlloc: from handle - reserved size 4077967720 custom content metadata size 0
06-30 02:57:02.646   489   519 D SnapAlloc: Successfully mapped metadata 0x1
06-30 02:57:02.646   489   519 D SnapAlloc: from handle - reserved size 0 custom content metadata size 0
06-30 02:57:02.646   489   519 D SnapAlloc: Successfully mapped metadata 0x1
06-30 02:57:02.649   488  2054 D SnapAlloc: from handle - reserved size 0 custom content metadata size 0
06-30 02:57:02.649   488  2054 D SnapAlloc: Successfully mapped metadata 0x1
06-30 02:57:02.651  2076 19826 D SnapAlloc: from handle - reserved size 0 custom content metadata size 0
06-30 02:57:02.651  2076 19826 D SnapAlloc: Successfully mapped metadata 0x1
06-30 02:57:02.661  1719  2081 D WindowManager: setClientSurface Surface(name=VRI-com.google.android.wearable.sysui/com.google.android.clockwork.sysui.experiences.charging.ui.composable.ChargingComposeActivity#1118)/@0x68063e for 2b705ae com.google.android.wearable.sysui/com.google.android.clockwork.sysui.experiences.charging.ui.composable.ChargingComposeActivity
06-30 02:57:02.665  2076  2088 I .wearable.sysui: CollectorTransition concurrent mark compact GC freed 3305KB AllocSpace bytes, 2(104KB) LOS objects, 89% free, 13MB/128MB, paused 1.503ms,6.887ms total 679.990ms
06-30 02:57:02.671  2076  2090 W System  : A resource failed to call HardwareBuffer.close. 
06-30 02:57:02.674  1719  1760 W ActivityManager: Skipping manifest association check for null package. SourceUid: -1, SourcePkg: null, TargetUid: 10115, TargetPkg: com.google.android.wearable.watchface.rwf
06-30 02:57:02.692  1719  1746 V WindowManager: Sent Transition (#358) createdAt=06-30 02:57:02.535
06-30 02:57:02.692  1719  1746 V WindowManager:     startWCT=WindowContainerTransaction { changes= {} hops= [{reorder: RemoteToken{b936670 Task{e915ffe #460 type=standard A=10006:com.poc.silentsms}} to bottom}] flags= 0 errorCallbackToken=null taskFragmentOrganizer=null }
06-30 02:57:02.693  1719  1746 V WindowManager:     info={id=358 t=TO_BACK f=0x1040 trk=0 r=[0@Point(0, 0)] c=[
06-30 02:57:02.693  1719  1746 V WindowManager:         {WCT{RemoteToken{b46365e Task{8803bb2 #457 type=standard A=10068:sysui.charging}}} m=TO_FRONT f=FLAG_CHANGED_INTERACTIVE p=WCT{RemoteToken{f4e9acd DefaultTaskDisplayArea@89885625}} leash=Surface(name=Task=457#1031)/@0x9ea6574 sb=Rect(0, 0 - 384, 384) eb=Rect(0, 0 - 384, 384) epz=Point(384, 384) d=0 taskParent=-1 winMode=1 userId=0},
06-30 02:57:02.693  1719  1746 V WindowManager:         {WCT{RemoteToken{f4e9acd DefaultTaskDisplayArea@89885625}} m=TO_FRONT f=FLAG_IS_TASK_DISPLAY_AREA leash=Surface(name=DefaultTaskDisplayArea#9)/@0x4c40346 sb=Rect(0, 0 - 384, 384) eb=Rect(0, 0 - 384, 384) epz=Point(384, 384) d=0}
06-30 02:57:02.693  1719  1746 V WindowManager:     ]}
06-30 02:57:02.697  2285  2343 V WindowManagerShell: onTransitionReady(transaction=7383048795789)
06-30 02:57:02.697  2285  2373 V WindowManagerShell: onTransitionReady (#358) android.os.BinderProxy@c7e6581: {id=358 t=TO_BACK f=0x1040 trk=0 r=[0@Point(0, 0)] c=[
06-30 02:57:02.697  2285  2373 V WindowManagerShell:         {m=TO_FRONT f=FLAG_CHANGED_INTERACTIVE p=WCT{android.os.BinderProxy@9e75156} leash=Surface(name=Task=457#1031)/@0x784b626 sb=Rect(0, 0 - 384, 384) eb=Rect(0, 0 - 384, 384) epz=Point(384, 384) d=0 taskParent=-1 winMode=1 userId=0},
06-30 02:57:02.697  2285  2373 V WindowManagerShell:         {m=TO_FRONT f=FLAG_IS_TASK_DISPLAY_AREA leash=Surface(name=DefaultTaskDisplayArea#9)/@0xa655267 sb=Rect(0, 0 - 384, 384) eb=Rect(0, 0 - 384, 384) epz=Point(384, 384) d=0}
06-30 02:57:02.697  2285  2373 V WindowManagerShell:     ]}
06-30 02:57:02.698  2285  2373 V WindowManagerShell: Playing animation for (#358) android.os.BinderProxy@c7e6581@0
06-30 02:57:02.698  2285  2373 V WindowManagerShell: start keyguard occlude transition, info = {id=358 t=TO_BACK f=0x1040 trk=0 r=[0@Point(0, 0)] c=[{m=TO_FRONT f=FLAG_CHANGED_INTERACTIVE p=WCT{android.os.BinderProxy@9e75156} leash=Surface(name=Task=457#1031)/@0x784b626 sb=Rect(0, 0 - 384, 384) eb=Rect(0, 0 - 384, 384) epz=Point(384, 384) d=0 taskParent=-1 winMode=1 userId=0},{m=TO_FRONT f=FLAG_IS_TASK_DISPLAY_AREA leash=Surface(name=DefaultTaskDisplayArea#9)/@0xa655267 sb=Rect(0, 0 - 384, 384) eb=Rect(0, 0 - 384, 384) epz=Point(384, 384) d=0}]}
06-30 02:57:02.701  2285  2373 V WindowManagerShell:  animated by com.android.wm.shell.keyguard.KeyguardTransitionHandler@e49d1ad
06-30 02:57:02.701  2285  2373 V WindowManagerShell: Transition animation finished (aborted=false), notifying core (#358) android.os.BinderProxy@c7e6581@0
06-30 02:57:02.710  2285  2285 I AmbientTaskStackManager: Auto-resume task is [#457|standard|invis|focused|top="com.google.android.wearable.sysui/com.google.android.clockwork.sysui.experiences.charging.ui.composable.ChargingComposeActivity"]
06-30 02:57:02.710  2285  2285 I AmbientTaskStackManager: updateTimer: skipped - waiting for grace period for recently changed task
06-30 02:57:02.711  2285  2285 I DisplayOffloadManager: updateTopActivity: taskId = 457; activityToFront=ComponentInfo{com.google.android.wearable.sysui/com.google.android.clockwork.sysui.experiences.charging.ui.composable.ChargingComposeActivity}
06-30 02:57:02.716   493  3417 D SnapAlloc: from handle - reserved size 0 custom content metadata size 0
06-30 02:57:02.716   493  3417 D SnapAlloc: Successfully mapped metadata 0x1
06-30 02:57:02.716   493  3417 I SDM     : Using previously loaded IMapper library.
06-30 02:57:02.717  1719  1746 V WindowManager: Finish Transition (#358): created at 06-30 02:57:02.535 collect-started=0.097ms started=0.13ms ready=70.667ms sent=151.459ms finished=178.351ms
06-30 02:57:02.721  2285  2373 V WindowManagerShell: Track 0 became idle
06-30 02:57:02.721  2285  2373 V WindowManagerShell: All active transition animations finished
06-30 02:57:02.726  2285  2285 I WakefulDisplayControlLock: acquire: acquired without timeout, using default, mTag=task-opening
06-30 02:57:02.726  1719  2081 D DisplayOffload: updateTopTask: taskId=457; activityToFront=ComponentInfo{com.google.android.wearable.sysui/com.google.android.clockwork.sysui.experiences.charging.ui.composable.ChargingComposeActivity}
06-30 02:57:02.748 19814 19814 D CompatChangeReporter: Compat change id reported: 333566037; UID 10058; state: ENABLED
06-30 02:57:02.757 15640 15742 D ActivityThread: Too many transaction errors, throttling transaction error callback.
06-30 02:57:02.758  2285  2285 I AmbientTaskStackManager: Auto-resume task is [#457|standard|vis|focused|top="com.google.android.wearable.sysui/com.google.android.clockwork.sysui.experiences.charging.ui.composable.ChargingComposeActivity"]
06-30 02:57:02.758  2285  2285 I AmbientTaskStackManager: updateTimer: skipped - waiting for grace period for recently changed task
06-30 02:57:02.763  2109 16102 W ContextImpl: Calling a method in the system process without a qualified user: android.app.ContextImpl.bindService:2168 android.content.ContextWrapper.bindService:906 com.google.android.gms.wearable.zzz.dispatchMessageTraced:45 com.google.android.gms.libs.punchclock.threads.TracingHandler.dispatchMessage:0 android.os.Looper.loopOnce:296 
06-30 02:57:02.771  2285  2285 I DisplayOffloadManager: updateTopActivity: taskId = 457; activityToFront=ComponentInfo{com.google.android.wearable.sysui/com.google.android.clockwork.sysui.experiences.charging.ui.composable.ChargingComposeActivity}
06-30 02:57:02.771  1719  3757 D DisplayOffload: updateTopTask: taskId=457; activityToFront=ComponentInfo{com.google.android.wearable.sysui/com.google.android.clockwork.sysui.experiences.charging.ui.composable.ChargingComposeActivity}
06-30 02:57:02.773  2285  2285 I NotificationShadeWC: requestVisibility(visible=false): layer "KeyguardLayer" has a pending future while in state STATE_TRANSITION_TO_VISIBLE, will revert to STATE_INVISIBLE.
06-30 02:57:02.779  2285  2285 I AmbientTaskStackManager: setState: session state has changed from BEGUN to ENDING, reason="end() is called."
06-30 02:57:02.779  2285  2285 I AmbientTaskStackManager: setState: session state has changed from ENDING to ENDED, reason="end() is called."
06-30 02:57:02.780  2285  2285 I AmbientTaskStateMachine: State transition: LockScreenInteractive -> TaskInteractive. Reason: not in ambient
06-30 02:57:02.786  2285  2285 D StatusOverlayController: Received Sysui overlay package
06-30 02:57:02.789  2285  2285 D StatusOverlayController: setOverlayVisible: visible=false, tokens={}
06-30 02:57:02.790  2285  2285 D StatusOverlayController: Setting status layer visibility to invisible
06-30 02:57:02.791 19814 19814 D nativeloader: Configuring clns-shared-6 for other apk /system/priv-app/GooglePackageInstaller/GooglePackageInstaller.apk. target_sdk_version=37, uses_libraries=, library_path=/system/priv-app/GooglePackageInstaller/lib/arm:/system/lib:/system_ext/lib, permitted_path=/data:/mnt/expand:/data/user_de/0/com.google.android.packageinstaller:/system/priv-app/GooglePackageInstaller:/system/lib:/system_ext/lib
06-30 02:57:02.794  2285  2285 D NotificationShadeWC: surface destroyed
06-30 02:57:02.796  2142  2142 D WallpaperService: onVisibilityChanged(false): dcf@fe5ccda
06-30 02:57:02.796  2142  2142 I WatchFaceService: onVisibilityChanged(false)
06-30 02:57:02.798  1719  1750 I DOLayout: onWallpaperVisibilityChanged: visible=false displayId=0
06-30 02:57:02.799  1719  1719 I DisplayOffload: skipping watchface visibility update, since pipe not found (10115,false)
06-30 02:57:02.843  1719  1933 I ImeTracker: com.google.android.wearable.sysui:de0975a3: onRequestHide at ORIGIN_SERVER reason HIDE_SAME_WINDOW_FOCUSED_WITHOUT_EDITOR fromUser false userId 0 displayId 0
06-30 02:57:02.844  2076  2076 D InsetsController: hide(ime())
06-30 02:57:02.845  2076  2076 I ImeTracker: com.google.android.wearable.sysui:de0975a3: onCancelled at PHASE_CLIENT_ALREADY_HIDDEN
06-30 02:57:02.845 19814 19814 W ackageinstaller: Monitor::Inflate: Install failed 0x719ed798
06-30 02:57:02.854 19814 19814 V GraphicsEnvironment: Currently set values for:
06-30 02:57:02.854 19814 19814 V GraphicsEnvironment:   angle_gl_driver_selection_pkgs=[]
06-30 02:57:02.854 19814 19814 V GraphicsEnvironment:   angle_gl_driver_selection_values=[]
06-30 02:57:02.854 19814 19814 V GraphicsEnvironment: com.google.android.packageinstaller is not listed in per-application setting
06-30 02:57:02.855 19814 19814 V GraphicsEnvironment: No special selections for ANGLE, returning default driver choice
06-30 02:57:02.856 19814 19814 V GraphicsEnvironment: Neither updatable production driver nor prerelease driver is supported.
06-30 02:57:02.861 19814 19814 D CompatChangeReporter: Compat change id reported: 407952621; UID 10058; state: ENABLED
06-30 02:57:02.862 19814 19814 D CompatChangeReporter: Compat change id reported: 419020719; UID 10058; state: ENABLED
06-30 02:57:02.903 19814 19814 D CompatChangeReporter: Compat change id reported: 458413887; UID 10058; state: ENABLED
06-30 02:57:02.911  1719  3757 I ActivityManager: Killing 17577:com.google.android.calendar/u0a80 (adj 975): empty #17
06-30 02:57:02.948  1719  1762 I libprocessgroup: Removed cgroup /sys/fs/cgroup/apps/uid_10080/pid_17577
06-30 02:57:02.950   752   752 I Zygote  : Process 17577 exited due to signal 9 (Killed)
06-30 02:57:03.292  1719  2160 D DOS_DisplayControlLock: released: android.os.BinderProxy@1a0799c
06-30 02:57:03.479   853  2607 I vendor.qti.bluetooth@1.0-ibs_handler: DeviceSleep: TX Awake, Sending SLEEP_IND
06-30 02:57:03.479   853  2607 D vendor.qti.bluetooth@1.0-ibs_handler: SerialClockVote: vote for UART CLK OFF
06-30 02:57:03.480   853  2607 D vendor.qti.bluetooth@1.0-uart_transport: ClockOperation: USERIAL_OP_CLK_OFF - after sys fs write-ret:4
06-30 02:57:03.630   853  2495 D vendor.qti.bluetooth@1.0-wake_lock: Release wakelock is released 
06-30 02:57:03.791  1719  1967 I HalDevMgr: bestIfaceCreationProposal is null, requestIface=STA, existingIface=[name=wlan0 type=STA]
06-30 02:57:04.018  2188  2472 I bt_btm_pm: system/stack/acl/btm_pm.cc:239 BTM_SetPowerMode: Setting power mode for peer:xx:xx:xx:xx:d8:c0 current_mode:immediate:active[0] new_mode:forced:sniff[2]
06-30 02:57:04.018  2188  2472 I bt_btm_pm: system/stack/acl/btm_pm.cc:515 btm_pm_snd_md_req: Switching from immediate:active[0x00] to immediate:sniff[0x02]
06-30 02:57:04.019   853   853 D vendor.qti.bluetooth@1.0-wake_lock: Acquire wakelock is acquired 
06-30 02:57:04.019   853   861 D vendor.qti.bluetooth@1.0-ibs_handler: SerialClockVote: vote for UART CLK ON
06-30 02:57:04.021  1719  3504 E TaskPersister: File error accessing recents directory (directory doesn't exist?).
06-30 02:57:04.025   853   861 D vendor.qti.bluetooth@1.0-uart_transport: ClockOperation: USERIAL_OP_CLK_ON - after sys fs write-ret:4
06-30 02:57:04.025   853   861 D vendor.qti.bluetooth@1.0-uart_transport: SocRxDWakeup: Flow off->Change UART baudrate to 38.4kbs->send 0x00->Change UART baudrate to max->Flow on
06-30 02:57:04.025   853   861 I vendor.qti.bluetooth@1.0-uart_transport: ## userial_vendor_ioctl: UART Flow Off 
06-30 02:57:04.028   853   861 I vendor.qti.bluetooth@1.0-uart_transport: ## userial_vendor_set_baud: 17
06-30 02:57:04.038   853   861 I vendor.qti.bluetooth@1.0-uart_transport: SetBaudRate: in BOTHER
06-30 02:57:04.038   853   861 I vendor.qti.bluetooth@1.0-uart_transport: ## userial_vendor_ioctl: UART Flow On 
06-30 02:57:04.038   853   861 I vendor.qti.bluetooth@1.0-ibs_handler: DeviceWakeUp: Writing IBS_WAKE_IND
06-30 02:57:04.039   853  2603 I vendor.qti.bluetooth@1.0-ibs_handler: ProcessIbsCmd: Received IBS_WAKE_ACK: 0xFC
06-30 02:57:04.039   853  2603 I vendor.qti.bluetooth@1.0-ibs_handler: ProcessIbsCmd: Signal wack_cond_
06-30 02:57:04.039   853   861 D vendor.qti.bluetooth@1.0-ibs_handler: DeviceWakeUp: Unblocked from waiting for FC, pthread_cond_timedwait ret = 0
06-30 02:57:04.040   853  2603 I vendor.qti.bluetooth@1.0-ibs_handler: ProcessIbsCmd: Received IBS_WAKE_IND: 0xFD
06-30 02:57:04.040   853  2603 I vendor.qti.bluetooth@1.0-ibs_handler: ProcessIbsCmd: Writing IBS_WAKE_ACK
06-30 02:57:04.081   853  2603 I vendor.qti.bluetooth@1.0-ibs_handler: ProcessIbsCmd: Received IBS_SLEEP_IND: 0xFE
06-30 02:57:04.101   853  2603 I vendor.qti.bluetooth@1.0-ibs_handler: ProcessIbsCmd: Received IBS_WAKE_IND: 0xFD
06-30 02:57:04.101   853  2603 I vendor.qti.bluetooth@1.0-ibs_handler: ProcessIbsCmd: Writing IBS_WAKE_ACK
06-30 02:57:04.102  2188  2472 I bt_btm_pm: system/stack/acl/btm_pm.cc:648 btm_pm_proc_mode_change: Power mode switched from immediate:pending[4] to immediate:sniff[2]
06-30 02:57:04.142   853  2603 I vendor.qti.bluetooth@1.0-ibs_handler: ProcessIbsCmd: Received IBS_SLEEP_IND: 0xFE
06-30 02:57:04.559  3468  3729 W JobInfo : Requested important-while-foreground flag for job1469 is ignored and takes no effect
06-30 02:57:04.573  1719  1974 D NetworkRequestStateStatsMetrics: Removed nr with ID = 390
06-30 02:57:04.595  1719  2081 W AppCompatResourceOverlayPolicy: constructor: Failed to find VirtualDeviceManagerService
06-30 02:57:04.597  1719  2081 V GrammaticalInflectionUtils: AttributionSource: android.content.AttributionSource@813221d8 does not have READ_SYSTEM_GRAMMATICAL_GENDER permission.
06-30 02:57:04.599  1719  1740 D ConnectivityService: requestNetwork for uid/pid:10059/3468 activeRequest: null callbackRequest: 391 [NetworkRequest [ REQUEST id=392, [ Capabilities: INTERNET&NOT_RESTRICTED&TRUSTED&NOT_VCN_MANAGED&NOT_BANDWIDTH_CONSTRAINED Uid: 10059 RequestorUid: 10059 RequestorPkg: com.google.android.wearable.assistant UnderlyingNetworks: Null] ]] callback flags: 0 order: 2147483647 isUidTracked: false declaredMethods: AVAIL|LOST|NC|BLK
06-30 02:57:04.601  1719  1974 D NetworkRequestStateStatsMetrics: Registered nr with ID = 392, package_uid = 10059
06-30 02:57:04.601  1719  2081 D ActivityTaskManager: Temporarily retain top process state for launching app
06-30 02:57:04.609  1719  1719 D WEAR_NETWORK_OBSERVER: got request NetworkRequest [ REQUEST id=392, [ Capabilities: INTERNET&NOT_RESTRICTED&TRUSTED&NOT_VCN_MANAGED&NOT_BANDWIDTH_CONSTRAINED Uid: 10059 RequestorUid: 10059 RequestorPkg: com.google.android.wearable.assistant UnderlyingNetworks: Null] ]
06-30 02:57:04.613  1719  1967 D WifiNetworkFactory: got request NetworkRequest [ REQUEST id=392, [ Capabilities: INTERNET&NOT_RESTRICTED&TRUSTED&NOT_VCN_MANAGED&NOT_BANDWIDTH_CONSTRAINED Uid: 10059 RequestorUid: 10059 RequestorPkg: com.google.android.wearable.assistant UnderlyingNetworks: Null] ]
06-30 02:57:04.614  1719  1967 D UntrustedWifiNetworkFactory: got request NetworkRequest [ REQUEST id=392, [ Capabilities: INTERNET&NOT_RESTRICTED&TRUSTED&NOT_VCN_MANAGED&NOT_BANDWIDTH_CONSTRAINED Uid: 10059 RequestorUid: 10059 RequestorPkg: com.google.android.wearable.assistant UnderlyingNetworks: Null] ]
06-30 02:57:04.614  1719  1967 D OemPaidWifiNetworkFactory: got request NetworkRequest [ REQUEST id=392, [ Capabilities: INTERNET&NOT_RESTRICTED&TRUSTED&NOT_VCN_MANAGED&NOT_BANDWIDTH_CONSTRAINED Uid: 10059 RequestorUid: 10059 RequestorPkg: com.google.android.wearable.assistant UnderlyingNetworks: Null] ]
06-30 02:57:04.619  1719  2081 D CorePackageUpdate: onRecentTaskRemoved Removing task: 456
06-30 02:57:04.619  1719  2081 D CorePackageUpdate: Couldn't find a persistent state for task= 456
06-30 02:57:04.619  1719  1974 D ConnectivityService: NetReassign [392 : null → 109] [c 3] [a 3] [i 12]
06-30 02:57:04.619  1719  1967 D MultiInternetWifiNetworkFactory: got request NetworkRequest [ REQUEST id=392, [ Capabilities: INTERNET&NOT_RESTRICTED&TRUSTED&NOT_VCN_MANAGED&NOT_BANDWIDTH_CONSTRAINED Uid: 10059 RequestorUid: 10059 RequestorPkg: com.google.android.wearable.assistant UnderlyingNetworks: Null] ]
06-30 02:57:04.620  1719  2081 V ActivityTaskManager: TaskLaunchParamsModifier: phase=3 task=Task{661967e #461 type=standard A=10100:com.google.android.apps.messaging} activity=ActivityRecord{111771648 u0 com.google.android.apps.messaging/.send.SendToProxyActivityWithPrivilege t-1} display-area-from-source=DefaultTaskDisplayArea@89885625 display-id=0 task-display-area-windowing-mode=1 suggested-display-area=DefaultTaskDisplayArea@89885625 inherit-from-source=fullscreen non-freeform-task-display-area display-area=DefaultTaskDisplayArea@89885625 default-portrait freeform-size-mismatch=Rect(54, 54 - 330, 330)
06-30 02:57:04.621  1719  2081 I ActivityTaskManager: START u0 {act=com.google.android.apps.messaging.action.SEND_MESSAGE dat=smsto:xxxxxxxxxx flg=0x10008000 xflg=0x4 cmp=com.google.android.apps.messaging/.send.SendToProxyActivityWithPrivilege (has extras)} with LAUNCH_MULTIPLE from uid 10006 (com.poc.silentsms) (sr=158518656) (BAL_ALLOW_GRACE_PERIOD) result code=0
06-30 02:57:04.625  2285  2373 V WindowManagerShell: Transition requested (#359): android.os.BinderProxy@33143b9 TransitionRequestInfo { type = OPEN, triggerTask = TaskInfo{userId=0 taskId=461 effectiveUid=10100 displayId=0 isRunning=true baseIntent=Intent { act=com.google.android.apps.messaging.action.SEND_MESSAGE dat=smsto:xxxxxxxxxx flg=0x10808000 cmp=com.google.android.apps.messaging/.send.SendToProxyActivityWithPrivilege } baseActivity=ComponentInfo{com.google.android.apps.messaging/com.google.android.apps.messaging.send.SendToProxyActivity} topActivity=ComponentInfo{com.google.android.apps.messaging/com.google.android.apps.messaging.send.SendToProxyActivity} origActivity=ComponentInfo{com.google.android.apps.messaging/com.google.android.apps.messaging.send.SendToProxyActivityWithPrivilege} realActivity=ComponentInfo{com.google.android.apps.messaging/com.google.android.apps.messaging.send.SendToProxyActivity} realActivityIsAppLockEnabled=false numActivities=1 lastActiveTime=56644473 supportsMultiWindow=false supportsMultiWindowWithoutConstraints=false resizeMode=1 isResizeable=true minWidth=-1 minHeight=-1 defaultMinSize=220 token=WCT{android.os.BinderProxy@8b263fe} topActivityType=1 pictureInPictureParams=null shouldDockBigOverlays=false launchIntoPipHostTaskId=-1 lastParentTaskIdBeforePip=-1 displayCutoutSafeInsets=Rect(0, 0 - 0, 0) topActivityInfo=ActivityInfo{2e0275f com.google.android.apps.messaging.send.SendToProxyActivityWithPrivilege} launchCookies=[] positionInParent=Point(0, 0) parentTaskId=-1 isFocused=false isInteractive=false isVisible=false isVisibleRequested=false isTopActivityNoDisplay=false isSleeping=false locusId=null displayAreaFeatureId=1 isTopActivityTransparent=true isActivityStackTransparent=true lastNonFullscreenBounds=Rect(54, 54 - 330, 330) leafTaskBoundsFromOptions= false capturedLink=null capturedLinkTimestamp=0 requestedVisibleTypes=503 topActivityRequestOpenInBrowserEducationTimestamp=0 appCompatTaskInfo=AppCompatTaskInfo { topActivityInSizeCompat=false isLeafTask= true eligibleForLetterboxEducation= false isLetterboxEducationEnabled= false isLetterboxDoubleTapEnabled= false eligibleForUserAspectRatioButton= false topActivityBoundsLetterboxed= false isFromLetterboxDoubleTap= false topActivityLetterboxVerticalPosition= -1 topActivityLetterboxHorizontalPosition= -1 topActivityLetterboxWidth=-1 topActivityLetterboxHeight=-1 topActivityAppBounds=Rect(0, 0 - 384, 384) isUserFullscreenOverrideEnabled=false isSystemFullscreenOverrideEnabled=false hasMinAspectRatioOverride=false topActivityLetterboxBounds=null topNonResizableActivityAspectRatio=-1.0} topActivityMainWindowFrame=null isAppBubble=false}, pipChange = null, remoteTransitionInfo = null, displayChanges = null, requestedLocation = null, userChange = null, windowingLayerChange = null, fullscreenRequestChange = null, flags = 0, debugId = 359 }
06-30 02:57:04.625  1719  3664 W TransitionChain: Combining kgOccludeChg into #359(OPEN|R|0x0) from startAct
06-30 02:57:04.625  1719  3664 D WindowManager: Add SleepToken: tag=keyguard, displayId=0
06-30 02:57:04.626  2285  2373 V WindowManagerShell: Transition (#359): request handled by WearMixedTransitionHandler
06-30 02:57:04.627  1719  3664 D ActivityTaskManager: Top Process State changed to PROCESS_STATE_TOP_SLEEPING
06-30 02:57:04.629  1719  1749 V GrammaticalInflectionUtils: AttributionSource: android.content.AttributionSource@813221d8 does not have READ_SYSTEM_GRAMMATICAL_GENDER permission.
06-30 02:57:04.629  2285  2373 D WindowManagerShell: onKeyguardOccludingTaskChanged displayId=0 taskId=-1
06-30 02:57:04.634   752   752 W Zygote  : Setting SCHED_FIFO for top-app fork
06-30 02:57:04.650   752   752 D Zygote  : Forked child process 19831
06-30 02:57:04.651   752   752 D Zygote  : Reset scheduler to SCHED_OTHER
06-30 02:57:04.657  1719  1740 D DOS_DisplayControlLock: released: android.os.BinderProxy@69af562
06-30 02:57:04.657  1719  1740 I DOS_DisplayControlLock: All released
06-30 02:57:04.658  1719  1761 I ActivityManager: Start proc 19831:com.google.android.apps.messaging/u0a100 for next-top-activity {com.google.android.apps.messaging/com.google.android.apps.messaging.send.SendToProxyActivityWithPrivilege}
06-30 02:57:04.663 19831 19831 I libprocessgroup: Created cgroup /sys/fs/cgroup/apps/uid_10100/pid_19831
06-30 02:57:04.680 19831 19831 I Zygote  : Process 19831 created for com.google.android.apps.messaging
06-30 02:57:04.681 19831 19831 I .apps.messaging: Using generational CollectorTypeCMC GC.
06-30 02:57:04.698 19831 19831 D nativeloader: Load libframework-connectivity-tiramisu-jni.so using APEX ns com_android_tethering for caller /apex/com.android.tethering/javalib/framework-connectivity-t.jar: ok
06-30 02:57:04.735  2076  2573 W SysUI   : [RecentTasksLauncherRepo]getRecentApps matched with a Launcher Activity in the task TaskInfo{userId=0 taskId=460 effectiveUid=10006 displayId=0 isRunning=true baseIntent=Intent { flg=0x10000000 cmp=com.poc.silentsms/.MainActivity } baseActivity=ComponentInfo{com.poc.silentsms/com.poc.silentsms.MainActivity} topActivity=ComponentInfo{com.poc.silentsms/com.poc.silentsms.MainActivity} origActivity=null realActivity=ComponentInfo{com.poc.silentsms/com.poc.silentsms.MainActivity} realActivityIsAppLockEnabled=false numActivities=1 lastActiveTime=56641691 supportsMultiWindow=false supportsMultiWindowWithoutConstraints=false resizeMode=1 isResizeable=true minWidth=-1 minHeight=-1 defaultMinSize=220 token=WCT{android.os.BinderProxy@e8caef6} topActivityType=1 pictureInPictureParams=null shouldDockBigOverlays=false launchIntoPipHostTaskId=-1 lastParentTaskIdBeforePip=-1 displayCutoutSafeInsets=Rect(0, 0 - 0, 0) topActivityInfo=ActivityInfo{278195c com.poc.silentsms.MainActivity} launchCookies=[] positionInParent=Point(0, 0) parentTaskId=-1 isFocused=false isInteractive=false isVisible=false isVisibleRequested=false isTopActivityNoDisplay=false isSleeping=true locusId=null displayAreaFeatureId=1 isTopActivityTransparent=false isActivityStackTransparent=false lastNonFullscreenBounds=Rect(54, 54 - 330, 330) leafTaskBoundsFromOptions= false capturedLink=null capturedLinkTimestamp=0 requestedVisibleTypes=503 topActivityRequestOpenInBrowserEducationTimestamp=0 appCompatTaskInfo=AppCompatTaskInfo { topActivityInSizeCompat=false isLeafTask= true eligibleForLetterboxEducation= false isLetterboxEducationEnabled= false isLetterboxDoubleTapEnabled= false eligibleForUserAspectRatioButton= false topActivityBoundsLetterboxed= false isFromLetterboxDoubleTap= false topActivityLetterboxVerticalPosition= -1 topActivityLetterboxHorizontalPosition= -1 topActivityLetterboxWidth=-1 topActivityLetterboxHeight=-1 topActivityAppBounds=Rect(0, 0 - 384, 384) isUserFullscreenOverrideEnabled=false isSystemFullscreenOverrideEnabled=false hasMinAspectRatioOverride=false topActivityLetterboxBounds=null topNonResizableActivityAspectRatio=-1.0} topActivityMainWindowFrame=null isAppBubble=false} == ActivityLauncherApp(label=SMS PoC, activity=ComponentInfo{com.poc.silentsms/com.poc.silentsms.MainActivity}, launcherIconRequest=AllAppsLauncherIconRequest(packageName=com.poc.silentsms, activityName=com.poc.silentsms.MainActivity, isDefaultApp=false), loadLauncherIcon=ioi@7bd564)
06-30 02:57:04.736  2076  2573 W SysUI   : [RecentTasksLauncherRepo]getRecentApps matched with a Launcher Activity in the task TaskInfo{userId=0 taskId=438 effectiveUid=10072 displayId=-1 isRunning=false baseIntent=Intent { act=android.intent.action.DIAL dat=tel:xxxxxxxxxxx flg=0x10000000 cmp=com.google.android.dialer/com.google.android.wearable.googledialer.homescreen.impl.ui.HomeScreenActivity } baseActivity=null topActivity=null origActivity=null realActivity=ComponentInfo{com.google.android.dialer/com.google.android.wearable.googledialer.homescreen.impl.ui.HomeScreenActivity} realActivityIsAppLockEnabled=false numActivities=0 lastActiveTime=56587501 supportsMultiWindow=false supportsMultiWindowWithoutConstraints=false resizeMode=1 isResizeable=true minWidth=-1 minHeight=-1 defaultMinSize=220 token=WCT{android.os.BinderProxy@d1d71aa} topActivityType=1 pictureInPictureParams=null shouldDockBigOverlays=false launchIntoPipHostTaskId=-1 lastParentTaskIdBeforePip=-1 displayCutoutSafeInsets=Rect(0, 0 - 0, 0) topActivityInfo=null launchCookies=[] positionInParent=Point(0, 0) parentTaskId=-1 isFocused=false isInteractive=false isVisible=false isVisibleRequested=false isTopActivityNoDisplay=false isSleeping=true locusId=null displayAreaFeatureId=1 isTopActivityTransparent=false isActivityStackTransparent=true lastNonFullscreenBounds=Rect(54, 54 - 330, 330) leafTaskBoundsFromOptions= false capturedLink=null capturedLinkTimestamp=0 requestedVisibleTypes=503 topActivityRequestOpenInBrowserEducationTimestamp=0 appCompatTaskInfo=AppCompatTaskInfo { topActivityInSizeCompat=false isLeafTask= true eligibleForLetterboxEducation= false isLetterboxEducationEnabled= false isLetterboxDoubleTapEnabled= false eligibleForUserAspectRatioButton= false topActivityBoundsLetterboxed= false isFromLetterboxDoubleTap= false topActivityLetterboxVerticalPosition= -1 topActivityLetterboxHorizontalPosition= -1 topActivityLetterboxWidth=-1 topActivityLetterboxHeight=-1 topActivityAppBounds=Rect(0, 0 - 0, 0) isUserFullscreenOverrideEnabled=false isSystemFullscreenOverrideEnabled=false hasMinAspectRatioOverride=false topActivityLetterboxBounds=null topNonResizableActivityAspectRatio=-1.0} topActivityMainWindowFrame=null isAppBubble=false} == ActivityLauncherApp(label=Phone, activity=ComponentInfo{com.google.android.dialer/com.google.android.wearable.googledialer.homescreen.impl.ui.HomeScreenActivity}, launcherIconRequest=AllAppsLauncherIconRequest(packageName=com.google.android.dialer, activityName=com.google.android.wearable.googledialer.homescreen.impl.ui.HomeScreenActivity, isDefaultApp=false), loadLauncherIcon=ioi@883eed4)
06-30 02:57:04.737  2076  2573 W SysUI   : [RecentTasksLauncherRepo]getRecentApps matched with a Launcher Activity in the task TaskInfo{userId=0 taskId=435 effectiveUid=1000 displayId=0 isRunning=true baseIntent=Intent { act=android.intent.action.MAIN cat=[android.intent.category.LAUNCHER] flg=0x10000000 cmp=com.google.android.apps.wearable.settings/com.google.android.clockwork.settings.MainSettingsActivity } baseActivity=ComponentInfo{com.google.android.apps.wearable.settings/com.google.android.clockwork.settings.MainSettingsActivity} topActivity=ComponentInfo{com.google.android.apps.wearable.settings/com.google.android.clockwork.settings.MainSettingsActivity} origActivity=null realActivity=ComponentInfo{com.google.android.apps.wearable.settings/com.google.android.clockwork.settings.MainSettingsActivity} realActivityIsAppLockEnabled=false numActivities=1 lastActiveTime=51746088 supportsMultiWindow=false supportsMultiWindowWithoutConstraints=false resizeMode=1 isResizeable=true minWidth=-1 minHeight=-1 defaultMinSize=220 token=WCT{android.os.BinderProxy@775cfa} topActivityType=1 pictureInPictureParams=null shouldDockBigOverlays=false launchIntoPipHostTaskId=-1 lastParentTaskIdBeforePip=-1 displayCutoutSafeInsets=Rect(0, 0 - 0, 0) topActivityInfo=ActivityInfo{e050465 com.google.android.clockwork.settings.MainSettingsActivity} launchCookies=[] positionInParent=Point(0, 0) parentTaskId=-1 isFocused=false isInteractive=false isVisible=false isVisibleRequested=false isTopActivityNoDisplay=false isSleeping=true locusId=null displayAreaFeatureId=1 isTopActivityTransparent=false isActivityStackTransparent=false lastNonFullscreenBounds=Rect(54, 54 - 330, 330) leafTaskBoundsFromOptions= false capturedLink=null capturedLinkTimestamp=0 requestedVisibleTypes=503 topActivityRequestOpenInBrowserEducationTimestamp=0 appCompatTaskInfo=AppCompatTaskInfo { topActivityInSizeCompat=false isLeafTask= true eligibleForLetterboxEducation= false isLetterboxEducationEnabled= false isLetterboxDoubleTapEnabled= false eligibleForUserAspectRatioButton= false topActivityBoundsLetterboxed= false isFromLetterboxDoubleTap= false topActivityLetterboxVerticalPosition= -1 topActivityLetterboxHorizontalPosition= -1 topActivityLetterboxWidth=-1 topActivityLetterboxHeight=-1 topActivityAppBounds=Rect(0, 0 - 384, 384) isUserFullscreenOverrideEnabled=false isSystemFullscreenOverrideEnabled=false hasMinAspectRatioOverride=false topActivityLetterboxBounds=null topNonResizableActivityAspectRatio=-1.0} topActivityMainWindowFrame=null isAppBubble=false} == ActivityLauncherApp(label=Settings, activity=ComponentInfo{com.google.android.apps.wearable.settings/com.google.android.clockwork.settings.MainSettingsActivity}, launcherIconRequest=AllAppsLauncherIconRequest(packageName=com.google.android.apps.wearable.settings, activityName=com.google.android.clockwork.settings.MainSettingsActivity, isDefaultApp=false), loadLauncherIcon=ioi@cf39d08)
06-30 02:57:04.737  2076  2573 W SysUI   : [RecentTasksLauncherRepo]getRecentApps matched with a Launcher Activity in the task TaskInfo{userId=0 taskId=436 effectiveUid=10066 displayId=-1 isRunning=false baseIntent=Intent { act=android.intent.action.MAIN flg=0x10000000 cmp=com.google.android.apps.walletnfcrel/com.google.commerce.tapandpay.wear.cardlist.WalletThemedWearCardListActivity } baseActivity=null topActivity=null origActivity=null realActivity=ComponentInfo{com.google.android.apps.walletnfcrel/com.google.commerce.tapandpay.wear.cardlist.WalletThemedWearCardListActivity} realActivityIsAppLockEnabled=false numActivities=0 lastActiveTime=51690225 supportsMultiWindow=false supportsMultiWindowWithoutConstraints=false resizeMode=1 isResizeable=true minWidth=-1 minHeight=-1 defaultMinSize=220 token=WCT{android.os.BinderProxy@a3b2b97} topActivityType=1 pictureInPictureParams=null shouldDockBigOverlays=false launchIntoPipHostTaskId=-1 lastParentTaskIdBeforePip=-1 displayCutoutSafeInsets=Rect(0, 0 - 0, 0) topActivityInfo=null launchCookies=[] positionInParent=Point(0, 0) parentTaskId=-1 isFocused=false isInteractive=false isVisible=false isVisibleRequested=false isTopActivityNoDisplay=false isSleeping=true locusId=null displayAreaFeatureId=1 isTopActivityTransparent=false isActivityStackTransparent=true lastNonFullscreenBounds=Rect(54, 54 - 330, 330) leafTaskBoundsFromOptions= false capturedLink=null capturedLinkTimestamp=0 requestedVisibleTypes=503 topActivityRequestOpenInBrowserEducationTimestamp=0 appCompatTaskInfo=AppCompatTaskInfo { topActivityInSizeCompat=false isLeafTask= true eligibleForLetterboxEducation= false isLetterboxEducationEnabled= false isLetterboxDoubleTapEnabled= false eligibleForUserAspectRatioButton= false topActivityBoundsLetterboxed= false isFromLetterboxDoubleTap= false topActivityLetterboxVerticalPosition= -1 topActivityLetterboxHorizontalPosition= -1 topActivityLetterboxWidth=-1 topActivityLetterboxHeight=-1 topActivityAppBounds=Rect(0, 0 - 0, 0) isUserFullscreenOverrideEnabled=false isSystemFullscreenOverrideEnabled=false hasMinAspectRatioOverride=false topActivityLetterboxBounds=null topNonResizableActivityAspectRatio=-1.0} topActivityMainWindowFrame=null isAppBubble=false} == ActivityLauncherApp(label=Wallet, activity=ComponentInfo{com.google.android.apps.walletnfcrel/com.google.commerce.tapandpay.wear.cardlist.WalletThemedWearCardListActivity}, launcherIconRequest=AllAppsLauncherIconRequest(packageName=com.google.android.apps.walletnfcrel, activityName=com.google.commerce.tapandpay.wear.cardlist.WalletThemedWearCardListActivity, isDefaultApp=false), loadLauncherIcon=ioi@dcfe26a)
06-30 02:57:04.740  2076  2573 W SysUI   : [LauncherDefaultRecentsCombiner]Unable to get ActivityDisplayInfo for {com.google.android.apps.youtube.music/com.google.android.apps.youtube.music.wear.WearMainActivity} attempting to fetch from ResolveInfo
06-30 02:57:04.748 19831 19831 D nativeloader: Configuring clns-6 for other apk /system/framework/com.google.android.wearable.jar. target_sdk_version=36, uses_libraries=ALL, library_path=/data/app/~~wFL8cvlshUvmRoKvI3spWA==/com.google.android.apps.messaging-HsnZGoSIB7G6ZjJNuihrtw==/lib/arm:/data/app/~~wFL8cvlshUvmRoKvI3spWA==/com.google.android.apps.messaging-HsnZGoSIB7G6ZjJNuihrtw==/base.apk!/lib/armeabi-v7a:/data/app/~~wFL8cvlshUvmRoKvI3spWA==/com.google.android.apps.messaging-HsnZGoSIB7G6ZjJNuihrtw==/split_config.armeabi_v7a.apk!/lib/armeabi-v7a:/data/app/~~wFL8cvlshUvmRoKvI3spWA==/com.google.android.apps.messaging-HsnZGoSIB7G6ZjJNuihrtw==/split_config.en.apk!/lib/armeabi-v7a:/data/app/~~wFL8cvlshUvmRoKvI3spWA==/com.google.android.apps.messaging-HsnZGoSIB7G6ZjJNuihrtw==/split_config.xhdpi.apk!/lib/armeabi-v7a, permitted_path=/data:/mnt/expand:/data/user/0/com.google.android.apps.messaging
06-30 02:57:04.894  2171 19320 D IpClient/wlan0: interfaceLinkStateChanged: ifindex 26 up
06-30 02:57:04.936 19831 19831 W .apps.messaging: Failed to find entry 'classes.dex': Entry not found
06-30 02:57:04.941 19831 19831 W .apps.messaging: Failed to find entry 'classes.dex': Entry not found
06-30 02:57:04.945 19831 19831 W .apps.messaging: Failed to find entry 'classes.dex': Entry not found
06-30 02:57:04.947 19831 19831 D nativeloader: Configuring clns-7 for other apk /data/app/~~wFL8cvlshUvmRoKvI3spWA==/com.google.android.apps.messaging-HsnZGoSIB7G6ZjJNuihrtw==/base.apk:/data/app/~~wFL8cvlshUvmRoKvI3spWA==/com.google.android.apps.messaging-HsnZGoSIB7G6ZjJNuihrtw==/split_config.armeabi_v7a.apk:/data/app/~~wFL8cvlshUvmRoKvI3spWA==/com.google.android.apps.messaging-HsnZGoSIB7G6ZjJNuihrtw==/split_config.en.apk:/data/app/~~wFL8cvlshUvmRoKvI3spWA==/com.google.android.apps.messaging-HsnZGoSIB7G6ZjJNuihrtw==/split_config.xhdpi.apk. target_sdk_version=36, uses_libraries=, library_path=/data/app/~~wFL8cvlshUvmRoKvI3spWA==/com.google.android.apps.messaging-HsnZGoSIB7G6ZjJNuihrtw==/lib/arm:/data/app/~~wFL8cvlshUvmRoKvI3spWA==/com.google.android.apps.messaging-HsnZGoSIB7G6ZjJNuihrtw==/base.apk!/lib/armeabi-v7a:/data/app/~~wFL8cvlshUvmRoKvI3spWA==/com.google.android.apps.messaging-HsnZGoSIB7G6ZjJNuihrtw==/split_config.armeabi_v7a.apk!/lib/armeabi-v7a:/data/app/~~wFL8cvlshUvmRoKvI3spWA==/com.google.android.apps.messaging-HsnZGoSIB7G6ZjJNuihrtw==/split_c
06-30 02:57:04.974 19831 19831 W .apps.messaging: Monitor::Inflate: Install failed 0x719ed798
06-30 02:57:04.980 19831 19831 V GraphicsEnvironment: Currently set values for:
06-30 02:57:04.980 19831 19831 V GraphicsEnvironment:   angle_gl_driver_selection_pkgs=[]
06-30 02:57:04.980 19831 19831 V GraphicsEnvironment:   angle_gl_driver_selection_values=[]
06-30 02:57:04.980 19831 19831 V GraphicsEnvironment: com.google.android.apps.messaging is not listed in per-application setting
06-30 02:57:04.980 19831 19831 V GraphicsEnvironment: No special selections for ANGLE, returning default driver choice
06-30 02:57:04.982 19831 19831 V GraphicsEnvironment: Neither updatable production driver nor prerelease driver is supported.
06-30 02:57:05.039   853  2607 I vendor.qti.bluetooth@1.0-ibs_handler: DeviceSleep: TX Awake, Sending SLEEP_IND
06-30 02:57:05.040   853  2607 D vendor.qti.bluetooth@1.0-ibs_handler: SerialClockVote: vote for UART CLK OFF
06-30 02:57:05.040   853  2607 D vendor.qti.bluetooth@1.0-uart_transport: ClockOperation: USERIAL_OP_CLK_OFF - after sys fs write-ret:4
06-30 02:57:05.075   855   880 D ContextHubHal: Got message from nanoapp: ID 0x476f6f676c003000
06-30 02:57:05.101   721   859 D MCU     : site_data_provider.cc:220        16:11:12.659 [SiteDataProvider] Flushing 1 GROK records
06-30 02:57:05.102   721   859 D MCU     : site_data_provider.cc:220        16:11:12.659 [SiteDataProvider] Flushing 1 GROK records
06-30 02:57:05.147 19831 19831 I ccaj    : SslGuard completed installation.
06-30 02:57:05.190   853  2495 D vendor.qti.bluetooth@1.0-wake_lock: Release wakelock is released 
06-30 02:57:05.198 19831 19831 I Bugle   : BugleApplicationBase: Bugle version: messages.android_20260611_04_rc01.wear_dynamic , Bugle version code: 312389500
06-30 02:57:05.202  1719  1740 D CorePackageUpdate: Couldn't find a persistent state for task= 461
06-30 02:57:05.213  2285  2285 D AmbientTaskStackManager: Timer com.poc.silentsms/.MainActivity:460 is released!
06-30 02:57:05.217  2285  2285 I DisplayOffloadManager: updateTopActivity: taskId = 457; activityToFront=ComponentInfo{com.google.android.wearable.sysui/com.google.android.clockwork.sysui.experiences.charging.ui.composable.ChargingComposeActivity}
06-30 02:57:05.218  1719  1740 D DisplayOffload: updateTopTask: taskId=457; activityToFront=ComponentInfo{com.google.android.wearable.sysui/com.google.android.clockwork.sysui.experiences.charging.ui.composable.ChargingComposeActivity}
06-30 02:57:05.223 19831 19862 I DisplayManager: Choreographer implicitly registered for the refresh rate.
06-30 02:57:05.227 19831 19862 I AdrenoGLES-0: QUALCOMM build                   : 3656bb992e, I0abb6f342e
06-30 02:57:05.227 19831 19862 I AdrenoGLES-0: Build Date                       : 09/08/25
06-30 02:57:05.227 19831 19862 I AdrenoGLES-0: OpenGL ES Shader Compiler Version: E031.47.18.42
06-30 02:57:05.227 19831 19862 I AdrenoGLES-0: Local Branch                     : 
06-30 02:57:05.227 19831 19862 I AdrenoGLES-0: Remote Branch                    : refs/tags/AU_LINUX_ANDROID_LA.VENDOR.15.4.1.11.00.00.1186.254
06-30 02:57:05.227 19831 19862 I AdrenoGLES-0: Remote Branch                    : NONE
06-30 02:57:05.227 19831 19862 I AdrenoGLES-0: Reconstruct Branch               : NOTHING
06-30 02:57:05.227 19831 19862 I AdrenoGLES-0: Build Config                     : S P 18.0.0 AArch32
06-30 02:57:05.227 19831 19862 I AdrenoGLES-0: Driver Path                      : /vendor/lib/egl/libGLESv2_adreno.so
06-30 02:57:05.227 19831 19862 I AdrenoGLES-0: Driver Version                   : 0800.56
06-30 02:57:05.227 19831 19862 I AdrenoGLES-0: Process Name                     : com.google.android.apps.messaging
06-30 02:57:05.234 19831 19862 D qdgralloc: Fetching IMapper5 from QtiMapper5
06-30 02:57:05.242 19831 19862 I SnapAlloc: UBWC is disabled
06-30 02:57:05.243 19831 19862 I SnapAlloc: Graphics lib is available
06-30 02:57:05.245 19831 19862 W SnapAlloc: Camera lib is not available - read json file
06-30 02:57:05.253 19831 19862 I AdrenoGLES-0: PFP: 0x017aa048, ME: 0x00000000
06-30 02:57:05.269 19831 19831 D DesktopExperienceFlags: Toggle override initialized to: false
06-30 02:57:05.277 19831 19831 D AppCompatDelegate: Checking for metadata for AppLocalesMetadataHolderService : Service not found
06-30 02:57:05.279 19831 19853 D nativeloader: Load /data/app/~~wFL8cvlshUvmRoKvI3spWA==/com.google.android.apps.messaging-HsnZGoSIB7G6ZjJNuihrtw==/split_config.armeabi_v7a.apk!/lib/armeabi-v7a/libnative_crash_handler_jni.so using class loader ns clns-7 (caller=/data/app/~~wFL8cvlshUvmRoKvI3spWA==/com.google.android.apps.messaging-HsnZGoSIB7G6ZjJNuihrtw==/base.apk): ok
06-30 02:57:05.345 19831 19831 D CompatChangeReporter: Compat change id reported: 377864165; UID 10100; state: ENABLED
06-30 02:57:05.356 19831 19831 I SendToProxyActivityPeer: Starting timer for SendTo action latency.
06-30 02:57:05.364 19831 19831 I SendToProxyActivityPeer: Using PHONE account for Google Watch
06-30 02:57:05.423 19831 19858 W ConfigurationContentLdr: ContentProvider query returned null cursor, using default values
06-30 02:57:05.494 19831 19831 W HWUI    : Unknown dataspace 0
06-30 02:57:05.495 19831 19857 I BugleRcs: couldn't get package info for carrier services package with name com.google.android.ims
06-30 02:57:05.495 19831 19857 I BugleRcs: android.content.pm.PackageManager$NameNotFoundException: com.google.android.ims
06-30 02:57:05.495 19831 19857 I BugleRcs: 	at android.app.ApplicationPackageManager.getPackageInfoAsUser(ApplicationPackageManager.java:293)
06-30 02:57:05.495 19831 19857 I BugleRcs: 	at android.app.ApplicationPackageManager.getPackageInfo(ApplicationPackageManager.java:253)
06-30 02:57:05.495 19831 19857 I BugleRcs: 	at android.app.ApplicationPackageManager.getPackageInfo(ApplicationPackageManager.java:247)
06-30 02:57:05.495 19831 19857 I BugleRcs: 	at bpxp.<init>(PG:60)
06-30 02:57:05.495 19831 19857 I BugleRcs: 	at bpxp.a(PG:10)
06-30 02:57:05.495 19831 19857 I BugleRcs: 	at bqfx.run(PG:57)
06-30 02:57:05.495 19831 19857 I BugleRcs: 	at cgeq.run(PG:25)
06-30 02:57:05.495 19831 19857 I BugleRcs: 	at java.util.concurrent.Executors$RunnableAdapter.call(Executors.java:520)
06-30 02:57:05.495 19831 19857 I BugleRcs: 	at cjov.a(PG:3)
06-30 02:57:05.495 19831 19857 I BugleRcs: 	at cjnx.run(PG:19)
06-30 02:57:05.495 19831 19857 I BugleRcs: 	at cjow.run(PG:5)
06-30 02:57:05.495 19831 19857 I BugleRcs: 	at bxsc.run(PG:7)
06-30 02:57:05.495 19831 19857 I BugleRcs: 	at java.util.concurrent.ThreadPoolExecutor.runWorker(ThreadPoolExecutor.java:1100)
06-30 02:57:05.495 19831 19857 I BugleRcs: 	at java.util.concurrent.ThreadPoolExecutor$Worker.run(ThreadPoolExecutor.java:624)
06-30 02:57:05.495 19831 19857 I BugleRcs: 	at bxrg.run(PG:13)
06-30 02:57:05.495 19831 19857 I BugleRcs: 	at java.lang.Thread.run(Thread.java:1572)
06-30 02:57:05.495 19831 19857 I BugleRcs: 	at bxsz.run(PG:61)
06-30 02:57:05.502 19831 19873 E perf_hint: createSessionUsingConfig: PerformanceHint cannot create session. PowerHintSessions are not supported!
06-30 02:57:05.504  1719  3664 D CompatChangeReporter: Compat change id reported: 463899193; UID 10100; state: ENABLED
06-30 02:57:05.508  1719  3664 W InputChannel-JNI: Channel already disposed.
06-30 02:57:05.539 19831 19831 I BugleWearable: loadData [CONTEXT class_name="ConnectivityStatusDataSource" ]
06-30 02:57:05.561 19831 19866 I Bugle   : DatabaseHelperBasic.doInitializationTraced
06-30 02:57:05.567 19831 19867 I Bugle   : DatabaseHelperBasic.doInitializationTraced
06-30 02:57:05.573  1719  1914 D ActivityManager: freezing 19714 com.google.android.rkpdapp
06-30 02:57:05.574 19831 19868 I Bugle   : DatabaseHelperBasic.doInitializationTraced
06-30 02:57:05.590  1719  1974 D InetDiagMessage: Destroyed 0 sockets, proto=IPPROTO_TCP, family=AF_INET, states=14
06-30 02:57:05.591  1719  1974 D InetDiagMessage: Destroyed 0 sockets, proto=IPPROTO_TCP, family=AF_INET6, states=14
06-30 02:57:05.591  1719  1974 D InetDiagMessage: Destroyed live tcp sockets for uids={10151} in 2ms
06-30 02:57:05.611 19831 19857 I Bugle   : TelephonyManagerFactory: Returning per-subscription TelephonyManager (>= N) subscription{id:-1}
06-30 02:57:05.626 19831 19831 I Bugle   : TelephonySubscriptionInfoAsOfLMR1: getActiveSubscriptionInfo(): empty sub info [CONTEXT ratelimit_period="1 MINUTES" sub_id=-1 ]
06-30 02:57:05.628 19831 19831 I Bugle   : CountryCodeDetector: updateHomeCountry from system locale as fallback. detected country: US
06-30 02:57:05.651 19831 19868 I Bugle   : DatabaseHelperBasic: sqlite version is 3.50.6
06-30 02:57:05.662   853  2603 I vendor.qti.bluetooth@1.0-ibs_handler: ProcessIbsCmd: Received IBS_WAKE_IND: 0xFD
06-30 02:57:05.662   853  2603 D vendor.qti.bluetooth@1.0-ibs_handler: SerialClockVote: vote for UART CLK ON
06-30 02:57:05.662   853  2603 D vendor.qti.bluetooth@1.0-uart_transport: ClockOperation: USERIAL_OP_CLK_ON - after sys fs write-ret:4
06-30 02:57:05.662   853  2603 D vendor.qti.bluetooth@1.0-wake_lock: Acquire wakelock is acquired 
06-30 02:57:05.662   853  2603 I vendor.qti.bluetooth@1.0-ibs_handler: ProcessIbsCmd: Writing IBS_WAKE_ACK
06-30 02:57:05.669 19831 19866 I Bugle   : DatabaseHelperBasic: sqlite version is 3.50.6
06-30 02:57:05.671  3468  3730 W JobInfo : Requested important-while-foreground flag for job1470 is ignored and takes no effect
06-30 02:57:05.678 19831 19866 I Bugle   : DatabaseHelperBasic.doInitializationTraced() returned SQLiteDatabase: /data/user/0/com.google.android.apps.messaging/databases/bugle_backup_db
06-30 02:57:05.679 19831 19866 I Bugle   : DatabaseHelperBasic.doInitializationTraced returned SQLiteDatabase: /data/user/0/com.google.android.apps.messaging/databases/bugle_backup_db
06-30 02:57:05.688  1719  1974 D NetworkRequestStateStatsMetrics: Removed nr with ID = 392
06-30 02:57:05.703   853  2603 I vendor.qti.bluetooth@1.0-ibs_handler: ProcessIbsCmd: Received IBS_SLEEP_IND: 0xFE
06-30 02:57:05.703   853  2603 D vendor.qti.bluetooth@1.0-ibs_handler: SerialClockVote: vote for UART CLK OFF
06-30 02:57:05.703   853  2603 D vendor.qti.bluetooth@1.0-uart_transport: ClockOperation: USERIAL_OP_CLK_OFF - after sys fs write-ret:4
06-30 02:57:05.708  1719  3326 D ConnectivityService: requestNetwork for uid/pid:10059/3468 activeRequest: null callbackRequest: 393 [NetworkRequest [ REQUEST id=394, [ Capabilities: INTERNET&NOT_RESTRICTED&TRUSTED&NOT_VCN_MANAGED&NOT_BANDWIDTH_CONSTRAINED Uid: 10059 RequestorUid: 10059 RequestorPkg: com.google.android.wearable.assistant UnderlyingNetworks: Null] ]] callback flags: 0 order: 2147483647 isUidTracked: false declaredMethods: AVAIL|LOST|NC|BLK
06-30 02:57:05.709  1719  1974 D NetworkRequestStateStatsMetrics: Registered nr with ID = 394, package_uid = 10059
06-30 02:57:05.712 19831 19868 I Bugle   : DatabaseHelperBasic.doInitializationTraced() returned SQLiteDatabase: /data/user/0/com.google.android.apps.messaging/databases/workqueue_db
06-30 02:57:05.719 19831 19868 I Bugle   : DatabaseHelperBasic.doInitializationTraced returned SQLiteDatabase: /data/user/0/com.google.android.apps.messaging/databases/workqueue_db
06-30 02:57:05.721  1719  1719 D WEAR_NETWORK_OBSERVER: got request NetworkRequest [ REQUEST id=394, [ Capabilities: INTERNET&NOT_RESTRICTED&TRUSTED&NOT_VCN_MANAGED&NOT_BANDWIDTH_CONSTRAINED Uid: 10059 RequestorUid: 10059 RequestorPkg: com.google.android.wearable.assistant UnderlyingNetworks: Null] ]
06-30 02:57:05.723  1719  1967 D WifiNetworkFactory: got request NetworkRequest [ REQUEST id=394, [ Capabilities: INTERNET&NOT_RESTRICTED&TRUSTED&NOT_VCN_MANAGED&NOT_BANDWIDTH_CONSTRAINED Uid: 10059 RequestorUid: 10059 RequestorPkg: com.google.android.wearable.assistant UnderlyingNetworks: Null] ]
06-30 02:57:05.725  1719  1967 D UntrustedWifiNetworkFactory: got request NetworkRequest [ REQUEST id=394, [ Capabilities: INTERNET&NOT_RESTRICTED&TRUSTED&NOT_VCN_MANAGED&NOT_BANDWIDTH_CONSTRAINED Uid: 10059 RequestorUid: 10059 RequestorPkg: com.google.android.wearable.assistant UnderlyingNetworks: Null] ]
06-30 02:57:05.725  1719  1967 D OemPaidWifiNetworkFactory: got request NetworkRequest [ REQUEST id=394, [ Capabilities: INTERNET&NOT_RESTRICTED&TRUSTED&NOT_VCN_MANAGED&NOT_BANDWIDTH_CONSTRAINED Uid: 10059 RequestorUid: 10059 RequestorPkg: com.google.android.wearable.assistant UnderlyingNetworks: Null] ]
06-30 02:57:05.729  1719  1967 D MultiInternetWifiNetworkFactory: got request NetworkRequest [ REQUEST id=394, [ Capabilities: INTERNET&NOT_RESTRICTED&TRUSTED&NOT_VCN_MANAGED&NOT_BANDWIDTH_CONSTRAINED Uid: 10059 RequestorUid: 10059 RequestorPkg: com.google.android.wearable.assistant UnderlyingNetworks: Null] ]
06-30 02:57:05.732  1719  3725 I PackageManager: getInstalledPackages: callingUid=10059 flags=0 updatedFlags=786432 userId=0
06-30 02:57:05.738  1719  1974 D ConnectivityService: NetReassign [394 : null → 109] [c 1] [a 8] [i 20]
06-30 02:57:05.742 19831 19831 I Bugle   : CountryCodeDetector: updateHomeCountry from system locale as fallback. detected country: US
06-30 02:57:05.761 19831 19867 I Bugle   : DatabaseHelperBasic: sqlite version is 3.50.6
06-30 02:57:05.762 19831 19831 W Bugle   : Get mms config failed: invalid subId. subId=-1, real subId=-1, map={} [CONTEXT ratelimit_period="1 MINUTES" ]
06-30 02:57:05.772 19831 19831 D WindowOnBackDispatcher: setTopOnBackInvokedCallback (unwrapped): android.app.Activity$$ExternalSyntheticLambda0@5f9ab0a
06-30 02:57:05.772 19831 19831 D VRI[SendToProxyActivityWithPrivilege]: WindowInsets changed: 384x384 
06-30 02:57:05.773  1719  3725 D CoreBackPreview: Window{494bf90 u0 com.google.android.apps.messaging/com.google.android.apps.messaging.send.SendToProxyActivityWithPrivilege}: Setting back callback OnBackInvokedCallbackInfo{mCallback=android.window.IOnBackInvokedCallback$Stub$Proxy@5ec35d0, mPriority=-1, mIsAnimationCallback=false, mOverrideBehavior=0}
06-30 02:57:05.780  1719  3725 D WindowManager: setClientSurface Surface(name=VRI-com.google.android.apps.messaging/com.google.android.apps.messaging.send.SendToProxyActivityWithPrivilege#1124)/@0x2f58b5c for 494bf90 com.google.android.apps.messaging/com.google.android.apps.messaging.send.SendToProxyActivityWithPrivilege
06-30 02:57:05.792   489   519 I SnapAlloc: Using graphics libs for alignment calculations
06-30 02:57:05.793   489   519 E SnapAlloc: Failed to get format mapping to use mmm_color_fmt
06-30 02:57:05.793   489   519 W SnapAlloc: Error while getting constraints from display libs width 192, height 192, format 0
06-30 02:57:05.793   489   519 D SnapAlloc: from handle - reserved size 4077967720 custom content metadata size 0
06-30 02:57:05.793   489   519 D SnapAlloc: Successfully mapped metadata 0x1
06-30 02:57:05.793   489   519 D SnapAlloc: from handle - reserved size 0 custom content metadata size 0
06-30 02:57:05.793   489   519 D SnapAlloc: Successfully mapped metadata 0x1
06-30 02:57:05.794  2285  3216 V WindowManagerShell: onTransitionReady(transaction=7383048795844)
06-30 02:57:05.794   488   661 D SnapAlloc: from handle - reserved size 0 custom content metadata size 0
06-30 02:57:05.794   488   661 D SnapAlloc: Successfully mapped metadata 0x1
06-30 02:57:05.795  2285  2373 V WindowManagerShell: onTransitionReady (#359) android.os.BinderProxy@33143b9: {id=359 t=OPEN f=0x2040 trk=0 r=[0@Point(0, 0)] c=[
06-30 02:57:05.795  2285  2373 V WindowManagerShell:         {m=TO_BACK f=FLAG_CHANGED_INTERACTIVE p=WCT{android.os.BinderProxy@9e75156} leash=Surface(name=Task=457#1031)/@0x22b8862 sb=Rect(0, 0 - 384, 384) eb=Rect(0, 0 - 384, 384) epz=Point(384, 384) d=0 taskParent=-1 winMode=1 userId=0},
06-30 02:57:05.795  2285  2373 V WindowManagerShell:         {m=TO_BACK f=FLAG_IS_TASK_DISPLAY_AREA leash=Surface(name=DefaultTaskDisplayArea#9)/@0xde31df3 sb=Rect(0, 0 - 384, 384) eb=Rect(0, 0 - 384, 384) epz=Point(384, 384) d=0}
06-30 02:57:05.795  2285  2373 V WindowManagerShell:     ]}
06-30 02:57:05.795  2285  2373 V WindowManagerShell: Playing animation for (#359) android.os.BinderProxy@33143b9@0
06-30 02:57:05.795  2285  2373 V WindowManagerShell:  try firstHandler com.google.android.clockwork.systemui.transition.shelltransition.WearMixedTransitionHandler@30ac255
06-30 02:57:05.795  2285  2373 V WindowManagerShell:  skip handler com.google.android.clockwork.systemui.transition.shelltransition.WearMixedTransitionHandler@30ac255
06-30 02:57:05.795  2285  2373 V WindowManagerShell: start keyguard unocclude transition, info = {id=359 t=OPEN f=0x2040 trk=0 r=[0@Point(0, 0)] c=[{m=TO_BACK f=FLAG_CHANGED_INTERACTIVE p=WCT{android.os.BinderProxy@9e75156} leash=Surface(name=Task=457#1031)/@0x22b8862 sb=Rect(0, 0 - 384, 384) eb=Rect(0, 0 - 384, 384) epz=Point(384, 384) d=0 taskParent=-1 winMode=1 userId=0},{m=TO_BACK f=FLAG_IS_TASK_DISPLAY_AREA leash=Surface(name=DefaultTaskDisplayArea#9)/@0xde31df3 sb=Rect(0, 0 - 384, 384) eb=Rect(0, 0 - 384, 384) epz=Point(384, 384) d=0}]}
06-30 02:57:05.799  1719  3725 D SnapAlloc: from handle - reserved size 0 custom content metadata size 0
06-30 02:57:05.800  1719  3725 D SnapAlloc: Successfully mapped metadata 0x1
06-30 02:57:05.802  2076 17712 D SnapAlloc: from handle - reserved size 0 custom content metadata size 0
06-30 02:57:05.802  2076 17712 D SnapAlloc: Successfully mapped metadata 0x1
06-30 02:57:05.803  2076  2076 E TaskSnapshot: getHardwareBuffer is deprecated!
06-30 02:57:05.801  2285  2373 V WindowManagerShell:  animated by com.android.wm.shell.keyguard.KeyguardTransitionHandler@e49d1ad
06-30 02:57:05.806  2285  2373 V WindowManagerShell: Transition animation finished (aborted=false), notifying core (#359) android.os.BinderProxy@33143b9@0
06-30 02:57:05.805  1719  1746 V WindowManager: Sent Transition (#359) createdAt=06-30 02:57:04.599 via request=TransitionRequestInfo { type = OPEN, triggerTask = TaskInfo{userId=0 taskId=461 effectiveUid=10100 displayId=0 isRunning=true baseIntent=Intent { act=com.google.android.apps.messaging.action.SEND_MESSAGE dat=smsto:xxxxxxxxxx flg=0x10808000 cmp=com.google.android.apps.messaging/.send.SendToProxyActivityWithPrivilege } baseActivity=ComponentInfo{com.google.android.apps.messaging/com.google.android.apps.messaging.send.SendToProxyActivity} topActivity=ComponentInfo{com.google.android.apps.messaging/com.google.android.apps.messaging.send.SendToProxyActivity} origActivity=ComponentInfo{com.google.android.apps.messaging/com.google.android.apps.messaging.send.SendToProxyActivityWithPrivilege} realActivity=ComponentInfo{com.google.android.apps.messaging/com.google.android.apps.messaging.send.SendToProxyActivity} realActivityIsAppLockEnabled=false numActivities=1 lastActiveTime=56644473 supportsMultiWindow=false supportsMultiWindowWithoutConstraints=false resizeMode=1 isResizeable=true minWidth=-1 minHeight=-1 defaultMinSize=220 token=WCT{RemoteToken{c5fed06 Task{661967e #461 type=standard A=10100:com.google.android.apps.messaging}}} topActivityType=1 pictureInPictureParams=null shouldDockBigOverlays=false launchIntoPipHostTaskId=-1 lastParentTaskIdBeforePip=-1 displayCutoutSafeInsets=Rect(0, 0 - 0, 0) topActivityInfo=ActivityInfo{7b3efc7 com.google.android.apps.messaging.send.SendToProxyActivityWithPrivilege} launchCookies=[] positionInParent=Point(0, 0) parentTaskId=-1 isFocused=false isInteractive=false isVisible=false isVisibleRequested=false isTopActivityNoDisplay=false isSleeping=false locusId=null displayAreaFeatureId=1 isTopActivityTransparent=true isActivityStackTransparent=true lastNonFullscreenBounds=Rect(54, 54 - 330, 330) leafTaskBoundsFromOptions= false capturedLink=null capturedLinkTimestamp=0 requestedVisibleTypes=503 topActivityRequestOpenInBrowserEducationTimestamp=0 appCompatTaskInfo=AppCompatTaskInfo { topActivityInSizeCompat=false isLeafTask= true eligibleForLetterboxEducation= false isLetterboxEducationEnabled= false isLetterboxDoubleTapEnabled= false eligibleForUserAspectRatioButton= false topActivityBoundsLetterboxed= false isFromLetterboxDoubleTap= false topActivityLetterboxVerticalPosition= -1 topActivityLetterboxHorizontalPosition= -1 topActivityLetterboxWidth=-1 topActivityLetterboxHeight=-1 topActivityAppBounds=Rect(0, 0 - 384, 384) isUserFullscreenOverrideEnabled=false isSystemFullscreenOverrideEnabled=false hasMinAspectRatioOverride=false topActivityLetterboxBounds=null topNonResizableActivityAspectRatio=-1.0} topActivityMainWindowFrame=null isAppBubble=false}, pipChange = null, remoteTransitionInfo = null, displayChanges = null, requestedLocation = null, userChange = null, windowingLayerChange = null, fullscreenRequestChange = null, flags = 0, debugId = 359 }
06-30 02:57:05.807  1719  1746 V WindowManager:     startWCT=WindowContainerTransaction { changes= {} hops= [] flags= 0 errorCallbackToken=null taskFragmentOrganizer=null }
06-30 02:57:05.807  1719  1746 V WindowManager:     info={id=359 t=OPEN f=0x2040 trk=0 r=[0@Point(0, 0)] c=[
06-30 02:57:05.807  1719  1746 V WindowManager:         {WCT{RemoteToken{b46365e Task{8803bb2 #457 type=standard A=10068:sysui.charging}}} m=TO_BACK f=FLAG_CHANGED_INTERACTIVE p=WCT{RemoteToken{f4e9acd DefaultTaskDisplayArea@89885625}} leash=Surface(name=Task=457#1031)/@0x9ea6574 sb=Rect(0, 0 - 384, 384) eb=Rect(0, 0 - 384, 384) epz=Point(384, 384) d=0 taskParent=-1 winMode=1 userId=0},
06-30 02:57:05.807  1719  1746 V WindowManager:         {WCT{RemoteToken{f4e9acd DefaultTaskDisplayArea@89885625}} m=TO_BACK f=FLAG_IS_TASK_DISPLAY_AREA leash=Surface(name=DefaultTaskDisplayArea#9)/@0x4c40346 sb=Rect(0, 0 - 384, 384) eb=Rect(0, 0 - 384, 384) epz=Point(384, 384) d=0}
06-30 02:57:05.807  1719  1746 V WindowManager:     ]}
06-30 02:57:05.813 19831 19831 I Surface : Creating surface for consumer unnamed-19831-0 with slotExpansion=1 for 64 slots
06-30 02:57:05.815  2076  2076 D VRI[ChargingComposeActivity]: visibilityChanged oldVisibility=true newVisibility=false
06-30 02:57:05.815  1719  1746 V WindowManager: Finish Transition (#359): created at 06-30 02:57:04.599 collect-started=0.182ms request-sent=19.917ms started=29.09ms ready=604.653ms sent=1184.564ms commit=20.825ms finished=1213.418ms
06-30 02:57:05.816 19831 19831 I Surface : Creating surface for consumer VRI[SendToProxyActivityWithPrivilege]#0(BLAST Consumer)0 with slotExpansion=1 for 64 slots
06-30 02:57:05.821  2285  2373 V WindowManagerShell: Track 0 became idle
06-30 02:57:05.821  2285  2373 V WindowManagerShell: All active transition animations finished
06-30 02:57:05.822  2285  2285 I AmbientTaskStateMachine: State transition: TaskInteractive -> LockScreenInteractive. Reason: need to show lock screen watch face and we are not in ambient
06-30 02:57:05.823  2285  2285 I AmbientTaskStackManager: setState: session state has changed from INITIALIZED to BEGINNING, reason="begin() is called."
06-30 02:57:05.823  2285  2285 D AmbientTaskStackManager: Wait for timer update ...
06-30 02:57:05.833   489   519 I SnapAlloc: Using graphics libs for alignment calculations
06-30 02:57:05.833   489   519 D SnapAlloc: from handle - reserved size 4077967720 custom content metadata size 0
06-30 02:57:05.833   489   519 D SnapAlloc: Successfully mapped metadata 0x1
06-30 02:57:05.833   489   519 D SnapAlloc: from handle - reserved size 0 custom content metadata size 0
06-30 02:57:05.833   489   519 D SnapAlloc: Successfully mapped metadata 0x1
06-30 02:57:05.836  2285  2285 D AmbientTaskStackManager: doInvalidateAutoResumeTaskLocked: query all tasks! candidateTask=null
06-30 02:57:05.836 19831 19862 D SnapAlloc: from handle - reserved size 0 custom content metadata size 0
06-30 02:57:05.837 19831 19862 D SnapAlloc: Successfully mapped metadata 0x1
06-30 02:57:05.837   488   488 E SurfaceFlinger: trackPendingFrame: Invalid present fence
06-30 02:57:05.839   489   519 I SnapAlloc: Using graphics libs for alignment calculations
06-30 02:57:05.839   489   519 D SnapAlloc: from handle - reserved size 4077967720 custom content metadata size 0
06-30 02:57:05.839   489   519 D SnapAlloc: Successfully mapped metadata 0x1
06-30 02:57:05.839   489   519 D SnapAlloc: from handle - reserved size 0 custom content metadata size 0
06-30 02:57:05.839   489   519 D SnapAlloc: Successfully mapped metadata 0x1
06-30 02:57:05.840 19831 19881 D SnapAlloc: from handle - reserved size 0 custom content metadata size 0
06-30 02:57:05.840 19831 19881 D SnapAlloc: Successfully mapped metadata 0x1
06-30 02:57:05.840   489   519 I SnapAlloc: Using graphics libs for alignment calculations
06-30 02:57:05.840   489   519 D SnapAlloc: from handle - reserved size 4077967720 custom content metadata size 0
06-30 02:57:05.841   489   519 D SnapAlloc: Successfully mapped metadata 0x1
06-30 02:57:05.841   489   519 D SnapAlloc: from handle - reserved size 0 custom content metadata size 0
06-30 02:57:05.841   489   519 D SnapAlloc: Successfully mapped metadata 0x1
06-30 02:57:05.841 19831 19881 D SnapAlloc: from handle - reserved size 0 custom content metadata size 0
06-30 02:57:05.841 19831 19881 D SnapAlloc: Successfully mapped metadata 0x1
06-30 02:57:05.842   489   519 I SnapAlloc: Using graphics libs for alignment calculations
06-30 02:57:05.842  1719  1740 D DOS_DisplayControlLock: acquired: SystemUIRCDCLock android.os.BinderProxy@1a0799c
06-30 02:57:05.842  1719  1740 I DOS_DisplayControlLock: First acquired
06-30 02:57:05.842  1719  1740 I DisplayControlPolicy: isOffloadStartPending: hasUnreleased lock
06-30 02:57:05.842   489   519 D SnapAlloc: from handle - reserved size 4077967720 custom content metadata size 0
06-30 02:57:05.842   489   519 D SnapAlloc: Successfully mapped metadata 0x1
06-30 02:57:05.843   489   519 D SnapAlloc: from handle - reserved size 0 custom content metadata size 0
06-30 02:57:05.843   489   519 D SnapAlloc: Successfully mapped metadata 0x1
06-30 02:57:05.843 19831 19881 D SnapAlloc: from handle - reserved size 0 custom content metadata size 0
06-30 02:57:05.843 19831 19881 D SnapAlloc: Successfully mapped metadata 0x1
06-30 02:57:05.847   488   662 D SnapAlloc: from handle - reserved size 0 custom content metadata size 0
06-30 02:57:05.848   488   662 D SnapAlloc: Successfully mapped metadata 0x1
06-30 02:57:05.852  2076  2076 W ProxyAndroidLoggerBackend: Too many Flogger logs received before configuration. Dropping old logs.
06-30 02:57:05.853   853  2495 D vendor.qti.bluetooth@1.0-wake_lock: Release wakelock is released 
06-30 02:57:05.856   488   488 E SurfaceFlinger: trackPendingFrame: Invalid present fence
06-30 02:57:05.866  2285  2373 V ShellTaskOrganizer: Task appeared taskId=461 listener=FullscreenTaskListener
06-30 02:57:05.867  2285  2373 V ShellTaskOrganizer: Fullscreen Task Appeared: #461
06-30 02:57:05.872   488   488 E SurfaceFlinger: trackPendingFrame: Invalid present fence
06-30 02:57:05.874  2285  2285 I AmbientTaskStackManager: Auto-resume task is [#457|standard|invis|top="com.google.android.wearable.sysui/com.google.android.clockwork.sysui.experiences.charging.ui.composable.ChargingComposeActivity"]
06-30 02:57:05.879  2285  2285 I AmbientTaskStackManager: setState: session state has changed from BEGINNING to BEGUN, reason="timer is updated"
06-30 02:57:05.886  2285  2285 I DisplayOffloadManager: updateTopActivity: taskId = 457; activityToFront=ComponentInfo{com.google.android.wearable.sysui/com.google.android.clockwork.sysui.experiences.charging.ui.composable.ChargingComposeActivity}
06-30 02:57:05.887  2285  2285 D AmbientTaskStackManager: doInvalidateAutoResumeTaskLocked: query all tasks! candidateTask=null
06-30 02:57:05.888 19831 19856 I ForwardSyncCache: reclaimMemory: Clearing caches
06-30 02:57:05.889  1719  2489 D DOS_DisplayControlLock: released: android.os.BinderProxy@1a0799c
06-30 02:57:05.889  1719  2489 I DOS_DisplayControlLock: All released
06-30 02:57:05.889   488   488 E SurfaceFlinger: trackPendingFrame: Invalid present fence
06-30 02:57:05.890  1719  2489 D DisplayOffload: updateTopTask: taskId=457; activityToFront=ComponentInfo{com.google.android.wearable.sysui/com.google.android.clockwork.sysui.experiences.charging.ui.composable.ChargingComposeActivity}
06-30 02:57:05.904  2285  2285 I AmbientTaskStackManager: Auto-resume task is [#461|standard|invis|focused|top="com.google.android.apps.messaging/.send.SendToProxyActivity"|no-ongoing]
06-30 02:57:05.906  2285  2285 I AmbientTaskStackManager: updateTimer: skipped - waiting for grace period for recently changed task
06-30 02:57:05.910  2285  2285 I DisplayOffloadManager: updateTopActivity: taskId = 461; activityToFront=ComponentInfo{com.google.android.apps.messaging/com.google.android.apps.messaging.send.SendToProxyActivity}
06-30 02:57:05.914  1719  2157 D DisplayOffload: updateTopTask: taskId=461; activityToFront=ComponentInfo{com.google.android.apps.messaging/com.google.android.apps.messaging.send.SendToProxyActivity}
06-30 02:57:05.920  2285  2285 I Surface : Creating surface for consumer unnamed-2285-57 with slotExpansion=1 for 64 slots
06-30 02:57:05.921  1719  1740 D WindowManager: setClientSurface Surface(name=VRI-SystemUIOverlay[StatusSurfaceLayer,KeyguardLayer]#69)/@0xfe0838c for e3aea9a SystemUIOverlay[StatusSurfaceLayer,KeyguardLayer,AodLayer,AodSurfaceLayer]
06-30 02:57:05.922  2285  2285 I Surface : Creating surface for consumer VRI[SystemUIOverlay[]]#57(BLAST Consumer)57 with slotExpansion=1 for 64 slots
06-30 02:57:05.922   488   488 E SurfaceFlinger: trackPendingFrame: Invalid present fence
06-30 02:57:05.933  2285  2285 I Surface : Creating surface for consumer unnamed-2285-58 with slotExpansion=1 for 64 slots
06-30 02:57:05.937  1719  1750 I DOLayout: onWallpaperVisibilityChanged: visible=true displayId=0
06-30 02:57:05.938  2285  2285 I Surface : Creating surface for consumer 60c0f35 SurfaceView[SystemUIOverlay[StatusSurfaceLayer,KeyguardLayer,AodLayer,AodSurfaceLayer]]#58(BLAST Consumer)58 with slotExpansion=1 for 64 slots
06-30 02:57:05.938  2285  2285 D NotificationShadeWC: surface created!
06-30 02:57:05.939  1719  1719 I DisplayOffload: skipping watchface visibility update, since pipe not found (10115,true)
06-30 02:57:05.940  2285  2285 D NotificationShadeWC: surface changed
06-30 02:57:05.940   488   488 E SurfaceFlinger: trackPendingFrame: Invalid present fence
06-30 02:57:05.941  2142  2142 D WallpaperService: onVisibilityChanged(true): dcf@fe5ccda
06-30 02:57:05.941  2142  2142 I WatchFaceService: onVisibilityChanged(true)
06-30 02:57:05.943  1719  3725 W ActivityManager: Skipping manifest association check for null package. SourceUid: -1, SourcePkg: null, TargetUid: 10115, TargetPkg: com.google.android.wearable.watchface.rwf
06-30 02:57:05.945   489   519 I SnapAlloc: Using graphics libs for alignment calculations
06-30 02:57:05.946   489   519 D SnapAlloc: from handle - reserved size 4077967720 custom content metadata size 0
06-30 02:57:05.946   489   519 D SnapAlloc: Successfully mapped metadata 0x1
06-30 02:57:05.946   489   519 D SnapAlloc: from handle - reserved size 0 custom content metadata size 0
06-30 02:57:05.946   489   519 D SnapAlloc: Successfully mapped metadata 0x1
06-30 02:57:05.947  2285  2599 D SnapAlloc: from handle - reserved size 0 custom content metadata size 0
06-30 02:57:05.947  2285  2599 D SnapAlloc: Successfully mapped metadata 0x1
06-30 02:57:05.950   488   662 D SnapAlloc: from handle - reserved size 0 custom content metadata size 0
06-30 02:57:05.951   488   662 D SnapAlloc: Successfully mapped metadata 0x1
06-30 02:57:05.952  1719  2048 I Surface : Creating surface for consumer unnamed-1719-64 with slotExpansion=1 for 64 slots
06-30 02:57:05.952  1719  2048 I Surface : Creating surface for consumer ImageReader-192x192f4m1-1719-64 with slotExpansion=1 for 64 slots
06-30 02:57:05.952  1719  2048 W ImageReader_JNI: Unable to acquire a buffer item, very likely client tried to acquire more than maxImages buffers
06-30 02:57:05.953  1719  2048 E ConsumerBase: [ImageReader-192x192f4m1-1719-64] abandonLocked: ConsumerBase is abandoned!
06-30 02:57:05.956  2285  2285 D StatusOverlayController: setOverlayVisible: visible=true, tokens={Keyguard}
06-30 02:57:05.957   488   488 E SurfaceFlinger: trackPendingFrame: Invalid present fence
06-30 02:57:05.958 19831 19844 W libbinder.Binder: Large data transaction of 379132 bytes, interface descriptor com.google.android.gms.phenotype.internal.IPhenotypeCallbacks, function: UNKNOWN_FUNCTION_NAME, code: 4, flags: 17
06-30 02:57:05.961 15640 19689 W libbinder.BpBinder: Large outgoing transaction of 379132 bytes, interface descriptor '(not cached)', code 4, flags 1 was sent
06-30 02:57:05.965  2285  2285 D StatusOverlayController: Setting status layer visibility to visible
06-30 02:57:05.968  1719  2081 D DOS_DisplayControlLock: acquired: SystemUIRCDCLock android.os.BinderProxy@1a0799c
06-30 02:57:05.968  1719  2081 I DOS_DisplayControlLock: First acquired
06-30 02:57:05.968  1719  2081 I DisplayControlPolicy: isOffloadStartPending: hasUnreleased lock
06-30 02:57:05.973   493  3417 D SnapAlloc: from handle - reserved size 0 custom content metadata size 0
06-30 02:57:05.973   493  3417 D SnapAlloc: Successfully mapped metadata 0x1
06-30 02:57:05.973   493  3417 I SDM     : Using previously loaded IMapper library.
06-30 02:57:05.975   488   488 E SurfaceFlinger: trackPendingFrame: Invalid present fence
06-30 02:57:05.990   493  3417 D SnapAlloc: from handle - reserved size 0 custom content metadata size 0
06-30 02:57:05.991   493  3417 D SnapAlloc: Successfully mapped metadata 0x1
06-30 02:57:05.991   493  3417 D SnapAlloc: from handle - reserved size 0 custom content metadata size 0
06-30 02:57:05.991   493  3417 D SnapAlloc: Successfully mapped metadata 0x1
06-30 02:57:05.991   493  3417 I SDM     : Using previously loaded IMapper library.
06-30 02:57:05.993   489   519 I SnapAlloc: Using graphics libs for alignment calculations
06-30 02:57:05.994   489   519 D SnapAlloc: from handle - reserved size 4077967720 custom content metadata size 0
06-30 02:57:05.994   489   519 D SnapAlloc: Successfully mapped metadata 0x1
06-30 02:57:05.995   489   519 D SnapAlloc: from handle - reserved size 0 custom content metadata size 0
06-30 02:57:05.995   489   519 D SnapAlloc: Successfully mapped metadata 0x1
06-30 02:57:05.999  2285  2599 D SnapAlloc: from handle - reserved size 0 custom content metadata size 0
06-30 02:57:05.999  2285  2599 D SnapAlloc: Successfully mapped metadata 0x1
06-30 02:57:06.004   488   662 D SnapAlloc: from handle - reserved size 0 custom content metadata size 0
06-30 02:57:06.004   488   662 D SnapAlloc: Successfully mapped metadata 0x1
06-30 02:57:06.011 19831 19867 I Bugle   : DatabaseHelperBasic.doInitializationTraced() returned SQLiteDatabase: /data/user/0/com.google.android.apps.messaging/databases/bugle_db
06-30 02:57:06.012 19831 19867 I Bugle   : DatabaseHelperBasic.doInitializationTraced returned SQLiteDatabase: /data/user/0/com.google.android.apps.messaging/databases/bugle_db
06-30 02:57:06.012   489   519 I SnapAlloc: Using graphics libs for alignment calculations
06-30 02:57:06.013   489   519 D SnapAlloc: from handle - reserved size 4077967720 custom content metadata size 0
06-30 02:57:06.013   489   519 D SnapAlloc: Successfully mapped metadata 0x1
06-30 02:57:06.013   489   519 D SnapAlloc: from handle - reserved size 0 custom content metadata size 0
06-30 02:57:06.013   489   519 D SnapAlloc: Successfully mapped metadata 0x1
06-30 02:57:06.014  2285  2599 D SnapAlloc: from handle - reserved size 0 custom content metadata size 0
06-30 02:57:06.014  2285  2599 D SnapAlloc: Successfully mapped metadata 0x1
06-30 02:57:06.017   488   662 D SnapAlloc: from handle - reserved size 0 custom content metadata size 0
06-30 02:57:06.017   488   662 D SnapAlloc: Successfully mapped metadata 0x1
06-30 02:57:06.022   489   519 I SnapAlloc: Using graphics libs for alignment calculations
06-30 02:57:06.022   489   519 D SnapAlloc: from handle - reserved size 4077967720 custom content metadata size 0
06-30 02:57:06.022   489   519 D SnapAlloc: Successfully mapped metadata 0x1
06-30 02:57:06.023   489   519 D SnapAlloc: from handle - reserved size 0 custom content metadata size 0
06-30 02:57:06.023   489   519 D SnapAlloc: Successfully mapped metadata 0x1
06-30 02:57:06.024  2285  2599 D SnapAlloc: from handle - reserved size 0 custom content metadata size 0
06-30 02:57:06.024  2285  2599 D SnapAlloc: Successfully mapped metadata 0x1
06-30 02:57:06.030   488   662 D SnapAlloc: from handle - reserved size 0 custom content metadata size 0
06-30 02:57:06.030   488   662 D SnapAlloc: Successfully mapped metadata 0x1
06-30 02:57:06.039   493  3417 D SnapAlloc: from handle - reserved size 0 custom content metadata size 0
06-30 02:57:06.039   493  3417 D SnapAlloc: Successfully mapped metadata 0x1
06-30 02:57:06.042 19831 19866 I BugleWearable: IsSmsRoleSupported check result on Android Q+ [CONTEXT class_name="WatchDefaultSmsAppManager" sms_role_supported=true ]
06-30 02:57:06.047 19831 19866 I BugleWearable: BugleWearableSystemBindingListener: onBuglePhenotypeFlagChanged
06-30 02:57:06.051 19831 19866 I BugleTransport: Not kicking off update transport registration because RCS provisioning change has not been received.
06-30 02:57:06.055 19831 19865 I BugleWearable: IsSmsRoleSupported check result on Android Q+ [CONTEXT class_name="WatchDefaultSmsAppManager" sms_role_supported=true ]
06-30 02:57:06.063 19831 19865 I BugleWearable: isOsAtLeastR: true, isDefaultSmsApp: true, system binding minimum condition met: true [CONTEXT class_name="BugleWearableSystemBindingManager" ]
06-30 02:57:06.072   493  3417 D SnapAlloc: from handle - reserved size 0 custom content metadata size 0
06-30 02:57:06.072   493  3417 D SnapAlloc: Successfully mapped metadata 0x1
06-30 02:57:06.172 19831 19869 I BugleTrustedContacts: TrustedContacts not enabled due to preconditions. Does not need to register parental controls listener. [CONTEXT class_name="TrustedContactsSyncManager" ]
06-30 02:57:06.177 19831 19868 I BugleWearable: Not standalone watch, client cannot provision [CONTEXT class_name="WearProvisioningClientStatePrecondition" ]
06-30 02:57:06.178 19831 19865 I BugleTrustedContacts: isConversationAllowed: Devices not under supervision, conversation is always allowed. [CONTEXT class_name="ConversationTrustedContactsApi" ratelimit_period="1 MINUTES" ]
06-30 02:57:06.179 19831 19856 I BugleWearable: Phone online. [CONTEXT class_name="ConnectivityStatusDataSource" ]
06-30 02:57:06.180 19831 19868 I BugleWearable: RCS conditions not met. Disabling system binding. [CONTEXT class_name="BugleWearableSystemBindingManager" ]
06-30 02:57:06.212 19831 19866 I BugleWearable: IsSmsRoleSupported check result on Android Q+ [CONTEXT class_name="WatchDefaultSmsAppManager" sms_role_supported=true ]
06-30 02:57:06.228 19831 19859 D WM-PackageManagerHelper: Skipping component enablement for androidx.work.impl.background.systemjob.SystemJobService
06-30 02:57:06.229 19831 19859 D WM-Schedulers: Created SystemJobScheduler and enabled SystemJobService
06-30 02:57:06.255 19831 19865 D WM-ForceStopRunnable: Is default app process = true
06-30 02:57:06.256 19831 19865 D WM-ForceStopRunnable: Performing cleanup operations.
06-30 02:57:06.259  2076  2090 W System  : A resource failed to call release. 
06-30 02:57:06.260  2076  2090 W System  : A resource failed to call HardwareBuffer.close. 
06-30 02:57:06.267 19831 19870 I BugleDataModel: 3 not running because already up to date, upgradeCommand: EXECUTE_UPGRADE, version: 2
06-30 02:57:06.272 19831 19869 I BugleDataModel: 2 not running because already up to date, upgradeCommand: EXECUTE_UPGRADE, version: 4
06-30 02:57:06.277 19831 19870 I BugleDataModel: 7 not running because already up to date, upgradeCommand: EXECUTE_UPGRADE, version: 1
06-30 02:57:06.281 19831 19869 I BugleDataModel: 11 not running because already up to date, upgradeCommand: EXECUTE_UPGRADE, version: 1
06-30 02:57:06.286 19831 19870 I BugleDataModel: 8 not running because already up to date, upgradeCommand: EXECUTE_UPGRADE, version: 1
06-30 02:57:06.293 19831 19869 I BugleDataModel: 9 not running because already up to date, upgradeCommand: EXECUTE_DOWNGRADE, version: 4
06-30 02:57:06.296 19831 19870 I BugleDataModel: 4 not running because already up to date, upgradeCommand: EXECUTE_UPGRADE, version: 1
06-30 02:57:06.327 19831 19865 D WM-SystemJobScheduler: Reconciling jobs
06-30 02:57:06.373  2285  2285 D AmbientTaskStackManager: Timer com.google.android.apps.messaging/.send.SendToProxyActivity:461 is created!
06-30 02:57:06.373  2285  2285 I AmbientTaskStackManager: checkActiveLocked: timer expires because mTaskTimeoutMs=0, mMaxResetCount=2
06-30 02:57:06.378 19831 19865 D WM-ForceStopRunnable: Found unfinished work, scheduling it.
06-30 02:57:06.382  2285  2285 D AmbientTaskStackManager: Moving task [#461|standard|invis|focused|top="com.google.android.apps.messaging/.send.SendToProxyActivity"] to the back of activity stack!
06-30 02:57:06.387  2285  2285 D AmbientTaskStackManager: Task [#457|standard|invis|top="com.google.android.wearable.sysui/com.google.android.clockwork.sysui.experiences.charging.ui.composable.ChargingComposeActivity"] should stay in the front.
06-30 02:57:06.388  2285  2373 V WindowManagerShell: Directly starting a new transition type=TO_BACK wct=WindowContainerTransaction { changes= {} hops= [{reorder: android.os.BinderProxy@8b263fe to bottom}] flags= 0 errorCallbackToken=null taskFragmentOrganizer=null } handler=null
06-30 02:57:06.389  1719  3326 V WindowManager: deferTransitionReady deferReadyDepth=1 stack=com.android.server.wm.WindowOrganizerController.applyTransaction:1069 com.android.server.wm.WindowOrganizerController$$ExternalSyntheticLambda4.onCollectStarted:31 com.android.server.wm.TransitionController.startCollectOrQueue:108 com.android.server.wm.WindowOrganizerController.startTransition:208 com.android.server.wm.WindowOrganizerController.startNewTransition:1 
06-30 02:57:06.396  1719  3326 W TransitionChain: Combining kgOccludeChg into #360(TO_BACK||0x0) from startNewTransit
06-30 02:57:06.397  1719  3326 D WindowManager: Remove SleepToken: tag=keyguard, displayId=0
06-30 02:57:06.398  1719  3326 D ActivityTaskManager: Top Process State changed to PROCESS_STATE_TOP
06-30 02:57:06.398  1719  3326 W TransitionChain: Combining sleepTokens into #360(TO_BACK||0x1000) from startNewTransit
06-30 02:57:06.411  1719  3326 V WindowManager: continueTransitionReady deferReadyDepth=0 stack=com.android.server.wm.WindowOrganizerController.applyTransaction:966 com.android.server.wm.WindowOrganizerController.applyTransaction:1069 com.android.server.wm.WindowOrganizerController$$ExternalSyntheticLambda4.onCollectStarted:31 com.android.server.wm.TransitionController.startCollectOrQueue:108 com.android.server.wm.WindowOrganizerController.startTransition:208 
06-30 02:57:06.413  2076  2076 D ViewRootImpl: Skipping stats log for color mode
06-30 02:57:06.415  2076  2076 W ProxyAndroidLoggerBackend: Too many Flogger logs received before configuration. Dropping old logs.
06-30 02:57:06.415 19831 19856 I ForwardSyncCache: reclaimMemory: Clearing caches
06-30 02:57:06.415  2076  2076 W ProxyAndroidLoggerBackend: Too many Flogger logs received before configuration. Dropping old logs.
06-30 02:57:06.415 19831 19865 D WM-SystemJobScheduler: Scheduling work ID 5b953128-13f9-4165-8486-9725b61afd80 (com.google.apps.tiktok.contrib.work.TikTokListenableWorker), Job ID 2053
06-30 02:57:06.419  2285  2373 D WindowManagerShell: onKeyguardOccludingTaskChanged displayId=0 taskId=457
06-30 02:57:06.422  2076  2076 I Surface : Creating surface for consumer unnamed-2076-175 with slotExpansion=1 for 64 slots
06-30 02:57:06.423  2076  2076 I Surface : Creating surface for consumer VRI[ChargingComposeActivity]#175(BLAST Consumer)175 with slotExpansion=1 for 64 slots
06-30 02:57:06.424  1719  3326 D WindowManager: setClientSurface Surface(name=VRI-com.google.android.wearable.sysui/com.google.android.clockwork.sysui.experiences.charging.ui.composable.ChargingComposeActivity#1130)/@0x4af75fd for 2b705ae com.google.android.wearable.sysui/com.google.android.clockwork.sysui.experiences.charging.ui.composable.ChargingComposeActivity
06-30 02:57:06.426   489   519 I SnapAlloc: Using graphics libs for alignment calculations
06-30 02:57:06.428   489   519 D SnapAlloc: from handle - reserved size 4077967720 custom content metadata size 0
06-30 02:57:06.428   489   519 D SnapAlloc: Successfully mapped metadata 0x1
06-30 02:57:06.428   489   519 D SnapAlloc: from handle - reserved size 0 custom content metadata size 0
06-30 02:57:06.428   489   519 D SnapAlloc: Successfully mapped metadata 0x1
06-30 02:57:06.429  2076 19882 D SnapAlloc: from handle - reserved size 0 custom content metadata size 0
06-30 02:57:06.429  2076 19882 D SnapAlloc: Successfully mapped metadata 0x1
06-30 02:57:06.430   489   519 I SnapAlloc: Using graphics libs for alignment calculations
06-30 02:57:06.431   489   519 D SnapAlloc: from handle - reserved size 4077967720 custom content metadata size 0
06-30 02:57:06.431   489   519 D SnapAlloc: Successfully mapped metadata 0x1
06-30 02:57:06.431   489   519 D SnapAlloc: from handle - reserved size 0 custom content metadata size 0
06-30 02:57:06.431   489   519 D SnapAlloc: Successfully mapped metadata 0x1
06-30 02:57:06.431  2076 19882 D SnapAlloc: from handle - reserved size 0 custom content metadata size 0
06-30 02:57:06.431  2076 19882 D SnapAlloc: Successfully mapped metadata 0x1
06-30 02:57:06.432   489 17261 I SnapAlloc: Using graphics libs for alignment calculations
06-30 02:57:06.433   489 17261 D SnapAlloc: from handle - reserved size 4075862376 custom content metadata size 0
06-30 02:57:06.433   489 17261 D SnapAlloc: Successfully mapped metadata 0x1
06-30 02:57:06.433   489 17261 D SnapAlloc: from handle - reserved size 0 custom content metadata size 0
06-30 02:57:06.433   489 17261 D SnapAlloc: Successfully mapped metadata 0x1
06-30 02:57:06.434  2285  2285 D AmbientTaskStackManager: doInvalidateAutoResumeTaskLocked: query all tasks! candidateTask=null
06-30 02:57:06.434  2076 19882 D SnapAlloc: from handle - reserved size 0 custom content metadata size 0
06-30 02:57:06.434  2076 19882 D SnapAlloc: Successfully mapped metadata 0x1
06-30 02:57:06.435   488   661 D SnapAlloc: from handle - reserved size 0 custom content metadata size 0
06-30 02:57:06.435   488   661 D SnapAlloc: Successfully mapped metadata 0x1
06-30 02:57:06.436  1719  3725 D DOS_DisplayControlLock: acquired: ChargingComposeActivity android.os.BinderProxy@69af562
06-30 02:57:06.441   489 17261 I SnapAlloc: Using graphics libs for alignment calculations
06-30 02:57:06.442   489 17261 D SnapAlloc: from handle - reserved size 4075862376 custom content metadata size 0
06-30 02:57:06.442   489 17261 D SnapAlloc: Successfully mapped metadata 0x1
06-30 02:57:06.442   489 17261 D SnapAlloc: from handle - reserved size 0 custom content metadata size 0
06-30 02:57:06.442   489 17261 D SnapAlloc: Successfully mapped metadata 0x1
06-30 02:57:06.443  2076 19882 D SnapAlloc: from handle - reserved size 0 custom content metadata size 0
06-30 02:57:06.443  2076 19882 D SnapAlloc: Successfully mapped metadata 0x1
06-30 02:57:06.445  1719  1914 D ActivityManager: freezing 19743 com.google.android.wearable.dwf.receiver
06-30 02:57:06.463  1719  1974 D InetDiagMessage: Destroyed 0 sockets, proto=IPPROTO_TCP, family=AF_INET, states=14
06-30 02:57:06.466  1719  1760 W ActivityManager: Skipping manifest association check for null package. SourceUid: -1, SourcePkg: null, TargetUid: 10115, TargetPkg: com.google.android.wearable.watchface.rwf
06-30 02:57:06.476  1719  1746 V WindowManager: Sent Transition (#360) createdAt=06-30 02:57:06.389
06-30 02:57:06.476  1719  1746 V WindowManager:     startWCT=WindowContainerTransaction { changes= {} hops= [{reorder: RemoteToken{c5fed06 Task{661967e #461 type=standard A=10100:com.google.android.apps.messaging}} to bottom}] flags= 0 errorCallbackToken=null taskFragmentOrganizer=null }
06-30 02:57:06.476  1719  1746 V WindowManager:     info={id=360 t=TO_BACK f=0x1040 trk=0 r=[0@Point(0, 0)] c=[
06-30 02:57:06.476  1719  1746 V WindowManager:         {WCT{RemoteToken{b46365e Task{8803bb2 #457 type=standard A=10068:sysui.charging}}} m=TO_FRONT f=FLAG_CHANGED_INTERACTIVE p=WCT{RemoteToken{f4e9acd DefaultTaskDisplayArea@89885625}} leash=Surface(name=Task=457#1031)/@0x9ea6574 sb=Rect(0, 0 - 384, 384) eb=Rect(0, 0 - 384, 384) epz=Point(384, 384) d=0 taskParent=-1 winMode=1 userId=0},
06-30 02:57:06.476  1719  1746 V WindowManager:         {WCT{RemoteToken{f4e9acd DefaultTaskDisplayArea@89885625}} m=TO_FRONT f=FLAG_IS_TASK_DISPLAY_AREA leash=Surface(name=DefaultTaskDisplayArea#9)/@0x4c40346 sb=Rect(0, 0 - 384, 384) eb=Rect(0, 0 - 384, 384) epz=Point(384, 384) d=0}
06-30 02:57:06.476  1719  1746 V WindowManager:     ]}
06-30 02:57:06.476  1719  1974 D InetDiagMessage: Destroyed 0 sockets, proto=IPPROTO_TCP, family=AF_INET6, states=14
06-30 02:57:06.476  1719  1974 D InetDiagMessage: Destroyed live tcp sockets for uids={10063} in 15ms
06-30 02:57:06.480  2285  3216 V WindowManagerShell: onTransitionReady(transaction=7383048795903)
06-30 02:57:06.481  2285  2373 V WindowManagerShell: onTransitionReady (#360) android.os.BinderProxy@8a2c074: {id=360 t=TO_BACK f=0x1040 trk=0 r=[0@Point(0, 0)] c=[
06-30 02:57:06.481  2285  2373 V WindowManagerShell:         {m=TO_FRONT f=FLAG_CHANGED_INTERACTIVE p=WCT{android.os.BinderProxy@9e75156} leash=Surface(name=Task=457#1031)/@0x1a7799d sb=Rect(0, 0 - 384, 384) eb=Rect(0, 0 - 384, 384) epz=Point(384, 384) d=0 taskParent=-1 winMode=1 userId=0},
06-30 02:57:06.481  2285  2373 V WindowManagerShell:         {m=TO_FRONT f=FLAG_IS_TASK_DISPLAY_AREA leash=Surface(name=DefaultTaskDisplayArea#9)/@0x7cace12 sb=Rect(0, 0 - 384, 384) eb=Rect(0, 0 - 384, 384) epz=Point(384, 384) d=0}
06-30 02:57:06.481  2285  2373 V WindowManagerShell:     ]}
06-30 02:57:06.482  2285  2373 V WindowManagerShell: Playing animation for (#360) android.os.BinderProxy@8a2c074@0
06-30 02:57:06.482  2285  2373 V WindowManagerShell: start keyguard occlude transition, info = {id=360 t=TO_BACK f=0x1040 trk=0 r=[0@Point(0, 0)] c=[{m=TO_FRONT f=FLAG_CHANGED_INTERACTIVE p=WCT{android.os.BinderProxy@9e75156} leash=Surface(name=Task=457#1031)/@0x1a7799d sb=Rect(0, 0 - 384, 384) eb=Rect(0, 0 - 384, 384) epz=Point(384, 384) d=0 taskParent=-1 winMode=1 userId=0},{m=TO_FRONT f=FLAG_IS_TASK_DISPLAY_AREA leash=Surface(name=DefaultTaskDisplayArea#9)/@0x7cace12 sb=Rect(0, 0 - 384, 384) eb=Rect(0, 0 - 384, 384) epz=Point(384, 384) d=0}]}
06-30 02:57:06.483 19831 19865 D WM-SystemJobScheduler: Scheduling work ID 7c2adf38-e1a9-4418-85f6-16288eabbba6 (com.google.apps.tiktok.contrib.work.TikTokListenableWorker), Job ID 2091
06-30 02:57:06.485  2285  2285 I AmbientTaskStackManager: Auto-resume task is [#457|standard|invis|focused|top="com.google.android.wearable.sysui/com.google.android.clockwork.sysui.experiences.charging.ui.composable.ChargingComposeActivity"]
06-30 02:57:06.485  2285  2285 I AmbientTaskStackManager: updateTimer: skipped - waiting for grace period for recently changed task
06-30 02:57:06.485  2285  2285 I DisplayOffloadManager: updateTopActivity: taskId = 457; activityToFront=ComponentInfo{com.google.android.wearable.sysui/com.google.android.clockwork.sysui.experiences.charging.ui.composable.ChargingComposeActivity}
06-30 02:57:06.490  2285  2373 V WindowManagerShell:  animated by com.android.wm.shell.keyguard.KeyguardTransitionHandler@e49d1ad
06-30 02:57:06.490  2285  2373 V WindowManagerShell: Transition animation finished (aborted=false), notifying core (#360) android.os.BinderProxy@8a2c074@0
06-30 02:57:06.491 19831 19865 D WM-SystemJobScheduler: Scheduling work ID 4b138719-753a-4dd1-b7b4-31c7aa05bbc2 (com.google.apps.tiktok.contrib.work.TikTokListenableWorker), Job ID 2092
06-30 02:57:06.493  2285  2285 D StatusOverlayController: Received Sysui overlay package
06-30 02:57:06.494  1719  3326 D DisplayOffload: updateTopTask: taskId=457; activityToFront=ComponentInfo{com.google.android.wearable.sysui/com.google.android.clockwork.sysui.experiences.charging.ui.composable.ChargingComposeActivity}
06-30 02:57:06.495  1719  3326 D DOS_DisplayControlLock: released: android.os.BinderProxy@1a0799c
06-30 02:57:06.498 19831 19865 D WM-SystemJobScheduler: Scheduling work ID ca4b9d88-686d-4805-a835-08c46353e694 (com.google.apps.tiktok.contrib.work.TikTokListenableWorker), Job ID 2093
06-30 02:57:06.500  1719  1746 V WindowManager: Finish Transition (#360): created at 06-30 02:57:06.389 collect-started=0.152ms started=0.197ms ready=22.514ms sent=72.733ms finished=110.638ms
06-30 02:57:06.501  2285  2285 I WakefulDisplayControlLock: acquire: acquired without timeout, using default, mTag=task-opening
06-30 02:57:06.507  1719  1740 D DOS_DisplayControlLock: acquired: SystemUIRCDCLock android.os.BinderProxy@1a0799c
06-30 02:57:06.508   493  3417 D SnapAlloc: from handle - reserved size 0 custom content metadata size 0
06-30 02:57:06.508   493  3417 D SnapAlloc: Successfully mapped metadata 0x1
06-30 02:57:06.508   493  3417 I SDM     : Using previously loaded IMapper library.
06-30 02:57:06.513  2076  2462 W ProxyAndroidLoggerBackend: Too many Flogger logs received before configuration. Dropping old logs.
06-30 02:57:06.513  2076  2462 W ProxyAndroidLoggerBackend: Too many Flogger logs received before configuration. Dropping old logs.
06-30 02:57:06.515  2285  2373 V WindowManagerShell: Track 0 became idle
06-30 02:57:06.515  2285  2373 V WindowManagerShell: All active transition animations finished
06-30 02:57:06.520  2285  2285 I AmbientTaskStackManager: Auto-resume task is [#457|standard|vis|focused|top="com.google.android.wearable.sysui/com.google.android.clockwork.sysui.experiences.charging.ui.composable.ChargingComposeActivity"]
06-30 02:57:06.520  2285  2285 I AmbientTaskStackManager: updateTimer: skipped - waiting for grace period for recently changed task
06-30 02:57:06.526  2285  2285 I DisplayOffloadManager: updateTopActivity: taskId = 457; activityToFront=ComponentInfo{com.google.android.wearable.sysui/com.google.android.clockwork.sysui.experiences.charging.ui.composable.ChargingComposeActivity}
06-30 02:57:06.527  1719  3664 D DisplayOffload: updateTopTask: taskId=457; activityToFront=ComponentInfo{com.google.android.wearable.sysui/com.google.android.clockwork.sysui.experiences.charging.ui.composable.ChargingComposeActivity}
06-30 02:57:06.542  2285  2285 I AmbientTaskStackManager: setState: session state has changed from BEGUN to ENDING, reason="end() is called."
06-30 02:57:06.542  2285  2285 I AmbientTaskStackManager: setState: session state has changed from ENDING to ENDED, reason="end() is called."
06-30 02:57:06.542  2285  2285 I AmbientTaskStateMachine: State transition: LockScreenInteractive -> TaskInteractive. Reason: not in ambient
06-30 02:57:06.576  2285  2285 D StatusOverlayController: setOverlayVisible: visible=false, tokens={}
06-30 02:57:06.577  2285  2285 D StatusOverlayController: Setting status layer visibility to invisible
06-30 02:57:06.578 19831 19865 W JobInfo : Requested important-while-foreground flag for job2094 is ignored and takes no effect
06-30 02:57:06.578 19831 19865 D WM-SystemJobScheduler: Scheduling work ID 07eaeec0-1c8d-4e89-a2b1-a8930e4ce72d (com.google.android.apps.messaging.shared.datamodel.workqueue.WorkQueueWorkerShim), Job ID 2094
06-30 02:57:06.585  2285  2285 D NotificationShadeWC: surface destroyed
06-30 02:57:06.600  2142  2142 D WallpaperService: onVisibilityChanged(false): dcf@fe5ccda
06-30 02:57:06.601  2142  2142 I WatchFaceService: onVisibilityChanged(false)
06-30 02:57:06.601  1719  2160 I DOLayout: onWallpaperVisibilityChanged: visible=false displayId=0
06-30 02:57:06.604  1719  1719 I DisplayOffload: skipping watchface visibility update, since pipe not found (10115,false)
06-30 02:57:06.621 19831 19831 D WM-SystemJobService: onStartJob for WorkGenerationalId(workSpecId=07eaeec0-1c8d-4e89-a2b1-a8930e4ce72d, generation=0)
06-30 02:57:06.624 19831 19865 D WM-GreedyScheduler: Starting work for 07eaeec0-1c8d-4e89-a2b1-a8930e4ce72d
06-30 02:57:06.633  1719  1933 I ImeTracker: com.google.android.wearable.sysui:1aad3a00: onRequestHide at ORIGIN_SERVER reason HIDE_SAME_WINDOW_FOCUSED_WITHOUT_EDITOR fromUser false userId 0 displayId 0
06-30 02:57:06.634  2076  2076 D InsetsController: hide(ime())
06-30 02:57:06.634  2076  2076 I ImeTracker: com.google.android.wearable.sysui:1aad3a00: onCancelled at PHASE_CLIENT_ALREADY_HIDDEN
06-30 02:57:06.640 19831 19866 D WM-Processor: lkh: processing WorkGenerationalId(workSpecId=07eaeec0-1c8d-4e89-a2b1-a8930e4ce72d, generation=0)
06-30 02:57:06.642 19831 19868 D WM-Processor: Work WorkGenerationalId(workSpecId=07eaeec0-1c8d-4e89-a2b1-a8930e4ce72d, generation=0) is already enqueued for processing
06-30 02:57:06.657 19831 19831 D WM-WorkerWrapper: Starting work for com.google.android.apps.messaging.shared.datamodel.workqueue.WorkQueueWorkerShim
06-30 02:57:06.662 19831 19868 D WM-PackageManagerHelper: Skipping component enablement for androidx.work.impl.background.systemalarm.RescheduleReceiver
06-30 02:57:06.664 19831 19868 I WM-WorkerWrapper: Worker result SUCCESS for Work [ id=07eaeec0-1c8d-4e89-a2b1-a8930e4ce72d, class=com.google.android.apps.messaging.shared.datamodel.workqueue.WorkQueueWorkerShim, tags={ com.google.android.apps.messaging.shared.datamodel.workqueue.WorkQueueWorkerShim,data_upgrade- } ]
06-30 02:57:06.668 19831 19831 D WM-Processor: lkh 07eaeec0-1c8d-4e89-a2b1-a8930e4ce72d executed; reschedule = false
06-30 02:57:06.668 19831 19831 D WM-SystemJobService: 07eaeec0-1c8d-4e89-a2b1-a8930e4ce72d executed on JobScheduler
06-30 02:57:06.675 19831 19865 D WM-GreedyScheduler: Cancelling work ID 07eaeec0-1c8d-4e89-a2b1-a8930e4ce72d
06-30 02:57:06.687 19831 19856 I ForwardSyncCache: reclaimMemory: Clearing caches
06-30 02:57:06.830  1719  1967 I HalDevMgr: bestIfaceCreationProposal is null, requestIface=STA, existingIface=[name=wlan0 type=STA]
06-30 02:57:07.080  1719  2157 D DOS_DisplayControlLock: released: android.os.BinderProxy@1a0799c
06-30 02:57:07.156  3468  3630 W JobInfo : Requested important-while-foreground flag for job1471 is ignored and takes no effect
06-30 02:57:07.169  1719  1974 D NetworkRequestStateStatsMetrics: Removed nr with ID = 394
06-30 02:57:07.193  1719  2157 D ConnectivityService: requestNetwork for uid/pid:10059/3468 activeRequest: null callbackRequest: 395 [NetworkRequest [ REQUEST id=396, [ Capabilities: INTERNET&NOT_RESTRICTED&TRUSTED&NOT_VCN_MANAGED&NOT_BANDWIDTH_CONSTRAINED Uid: 10059 RequestorUid: 10059 RequestorPkg: com.google.android.wearable.assistant UnderlyingNetworks: Null] ]] callback flags: 0 order: 2147483647 isUidTracked: false declaredMethods: AVAIL|LOST|NC|BLK
06-30 02:57:07.193  1719  1974 D NetworkRequestStateStatsMetrics: Registered nr with ID = 396, package_uid = 10059
06-30 02:57:07.199  1719  1719 D WEAR_NETWORK_OBSERVER: got request NetworkRequest [ REQUEST id=396, [ Capabilities: INTERNET&NOT_RESTRICTED&TRUSTED&NOT_VCN_MANAGED&NOT_BANDWIDTH_CONSTRAINED Uid: 10059 RequestorUid: 10059 RequestorPkg: com.google.android.wearable.assistant UnderlyingNetworks: Null] ]
06-30 02:57:07.203  1719  1974 D ConnectivityService: NetReassign [396 : null → 109] [c 1] [a 3] [i 5]
06-30 02:57:07.204  1719  1967 D WifiNetworkFactory: got request NetworkRequest [ REQUEST id=396, [ Capabilities: INTERNET&NOT_RESTRICTED&TRUSTED&NOT_VCN_MANAGED&NOT_BANDWIDTH_CONSTRAINED Uid: 10059 RequestorUid: 10059 RequestorPkg: com.google.android.wearable.assistant UnderlyingNetworks: Null] ]
06-30 02:57:07.204  1719  1967 D UntrustedWifiNetworkFactory: got request NetworkRequest [ REQUEST id=396, [ Capabilities: INTERNET&NOT_RESTRICTED&TRUSTED&NOT_VCN_MANAGED&NOT_BANDWIDTH_CONSTRAINED Uid: 10059 RequestorUid: 10059 RequestorPkg: com.google.android.wearable.assistant UnderlyingNetworks: Null] ]
06-30 02:57:07.204  1719  1967 D OemPaidWifiNetworkFactory: got request NetworkRequest [ REQUEST id=396, [ Capabilities: INTERNET&NOT_RESTRICTED&TRUSTED&NOT_VCN_MANAGED&NOT_BANDWIDTH_CONSTRAINED Uid: 10059 RequestorUid: 10059 RequestorPkg: com.google.android.wearable.assistant UnderlyingNetworks: Null] ]
06-30 02:57:07.205  1719  1967 D MultiInternetWifiNetworkFactory: got request NetworkRequest [ REQUEST id=396, [ Capabilities: INTERNET&NOT_RESTRICTED&TRUSTED&NOT_VCN_MANAGED&NOT_BANDWIDTH_CONSTRAINED Uid: 10059 RequestorUid: 10059 RequestorPkg: com.google.android.wearable.assistant UnderlyingNetworks: Null] ]
06-30 02:57:07.355  1719  1914 D ActivityManager: freezing 19780 android.process.media
06-30 02:57:07.358  1719  1974 D InetDiagMessage: Destroyed 0 sockets, proto=IPPROTO_TCP, family=AF_INET, states=14
06-30 02:57:07.359  1719  1974 D InetDiagMessage: Destroyed 0 sockets, proto=IPPROTO_TCP, family=AF_INET6, states=14
06-30 02:57:07.359  1719  1974 D InetDiagMessage: Destroyed live tcp sockets for uids={10047} in 1ms
06-30 02:57:07.459 19831 19870 I BugleNetwork: Start tachygram channels binding.
06-30 02:57:07.472 19831 19870 I RcsProvisioningManager: Scheduling identity mapping backfill.
06-30 02:57:07.473 19831 19868 I RcsProvisioningManager: Calculating availability
06-30 02:57:07.474 19831 19868 I RcsProvisioningManager: Computing availability for all sims.
06-30 02:57:07.480 19831 19868 I RcsProvisioningIdMap: getAvailableProvisioningIds: accessing uninitialized provisioning identities. [CONTEXT ratelimit_period="1 MINUTES" ]
06-30 02:57:07.480 19831 19868 I RcsProvisioningIdMap: chel: FULL
06-30 02:57:07.480 19831 19868 I RcsProvisioningIdMap: 	at bvet.v(PG:60)
06-30 02:57:07.480 19831 19868 I RcsProvisioningIdMap: 	at bvly.q(PG:34)
06-30 02:57:07.480 19831 19868 I RcsProvisioningIdMap: 	at bjea.q(PG:3)
06-30 02:57:07.480 19831 19868 I RcsProvisioningIdMap: 	at bnuj.a(PG:33)
06-30 02:57:07.480 19831 19868 I RcsProvisioningIdMap: 	at bnui.b(PG:28)
06-30 02:57:07.480 19831 19868 I RcsProvisioningIdMap: 	at bnto.g(PG:23)
06-30 02:57:07.480 19831 19868 I RcsProvisioningIdMap: 	at bejd.invokeSuspend(PG:35)
06-30 02:57:07.480 19831 19868 I RcsProvisioningIdMap: 	at csut.resumeWith(PG:11)
06-30 02:57:07.480 19831 19868 I RcsProvisioningIdMap: 	at ctfo.run(PG:112)
06-30 02:57:07.480 19831 19868 I RcsProvisioningIdMap: 	at cexb.run(PG:3)
06-30 02:57:07.480 19831 19868 I RcsProvisioningIdMap: 	at cgek.run(PG:17)
06-30 02:57:07.480 19831 19868 I RcsProvisioningIdMap: 	at bxsc.run(PG:7)
06-30 02:57:07.480 19831 19868 I RcsProvisioningIdMap: 	at java.util.concurrent.ThreadPoolExecutor.runWorker(ThreadPoolExecutor.java:1100)
06-30 02:57:07.480 19831 19868 I RcsProvisioningIdMap: 	at java.util.concurrent.ThreadPoolExecutor$Worker.run(ThreadPoolExecutor.java:624)
06-30 02:57:07.480 19831 19868 I RcsProvisioningIdMap: 	at bxrg.run(PG:13)
06-30 02:57:07.480 19831 19868 I RcsProvisioningIdMap: 	at java.lang.Thread.run(Thread.java:1572)
06-30 02:57:07.480 19831 19868 I RcsProvisioningIdMap: 	at bxsz.run(PG:61)
06-30 02:57:07.481 19831 19868 I BugleTransport: Retrieved RCS available simIds: []
06-30 02:57:07.482 19831 19868 I BugleNetwork: No TG identities in CTC, skipping channel binding.
06-30 02:57:07.639  1719  1914 D ActivityManager: freezing 19764 com.poc.silentsms
06-30 02:57:07.643  1719  1974 D InetDiagMessage: Destroyed 0 sockets, proto=IPPROTO_TCP, family=AF_INET, states=14
06-30 02:57:07.644  1719  1974 D InetDiagMessage: Destroyed 0 sockets, proto=IPPROTO_TCP, family=AF_INET6, states=14
06-30 02:57:07.644  1719  1974 D InetDiagMessage: Destroyed live tcp sockets for uids={10006} in 2ms
06-30 02:57:07.780  1719  1974 D NetworkRequestStateStatsMetrics: Removed nr with ID = 396
06-30 02:57:07.931  1719  1914 D ActivityManager: freezing 19814 com.google.android.packageinstaller
06-30 02:57:07.934  1719  1974 D InetDiagMessage: Destroyed 0 sockets, proto=IPPROTO_TCP, family=AF_INET, states=14
06-30 02:57:07.935  1719  1974 D InetDiagMessage: Destroyed 0 sockets, proto=IPPROTO_TCP, family=AF_INET6, states=14
06-30 02:57:07.935  1719  1974 D InetDiagMessage: Destroyed live tcp sockets for uids={10058} in 2ms
06-30 02:57:08.490 19831 19844 V ClearcutMetricXmitter: Transmission is done.
06-30 02:57:08.492 19831 19856 V ClearcutMetricXmitter: Transmission is done.
06-30 02:57:08.492 19831 19844 V ClearcutMetricXmitter: Transmission is done.
06-30 02:57:08.530 19831 19856 V ClearcutMetricXmitter: Transmission is done.
06-30 02:57:08.999  1719  2081 I ActivityManager: Killing 17734:com.google.android.crossdeviceaccessservice/u0a137 (adj 975): empty #17
06-30 02:57:09.036  1719  1762 I libprocessgroup: Removed cgroup /sys/fs/cgroup/apps/uid_10137/pid_17734
06-30 02:57:09.036   752   752 I Zygote  : Process 17734 exited due to signal 9 (Killed)
06-30 02:57:09.316   396 19643 I keystore2: system/security/keystore2/watchdog/src/lib.rs:371 - Watchdog thread idle -> terminating. Have a great day.
06-30 02:57:09.865  1719  1967 I HalDevMgr: bestIfaceCreationProposal is null, requestIface=STA, existingIface=[name=wlan0 type=STA]
06-30 02:57:10.605   721   859 D MCU     : usf_sensor.cc:1920               16:11:18.046 [USF] Received start sampling request for Skin temperature sensor (active:1).
06-30 02:57:10.605   721   859 D MCU     : device.cc:154                    16:11:18.047 AS6221Device Set conversion timer: 60000000 ns
06-30 02:57:10.605   721   859 D MCU     : device.cc:173                    16:11:18.047 AS6221Device Set sampling timer:180000000
06-30 02:57:10.606   721   859 D MCU     : skin_temperature_manager.cc:333  16:11:18.110 [SkinTemperature] [Record Processing Incomplete] Processed 0 temperature samples.
06-30 02:57:10.947  1719  2157 I ActivityManager: Killing 18444:com.google.android.apps.weather/u0a119 (adj 975): empty #17
06-30 02:57:10.980  1719  1762 I libprocessgroup: Removed cgroup /sys/fs/cgroup/apps/uid_10119/pid_18444
06-30 02:57:10.981   752   752 I Zygote  : Process 18444 exited due to signal 9 (Killed)
06-30 02:57:11.683  1719  1914 D ActivityManager: freezing 19831 com.google.android.apps.messaging
06-30 02:57:11.688  1719  1974 D InetDiagMessage: Destroyed 0 sockets, proto=IPPROTO_TCP, family=AF_INET, states=14
06-30 02:57:11.689  1719  1974 D InetDiagMessage: Destroyed 0 sockets, proto=IPPROTO_TCP, family=AF_INET6, states=14
06-30 02:57:11.690  1719  1974 D InetDiagMessage: Destroyed live tcp sockets for uids={10100} in 3ms
06-30 02:57:12.077  1719  1749 W ProcessStats: Tracking association SourceState{7946d10 system/1000 BFgs #19741} whose proc state 4 is better than process ProcessState{e5e8933 com.google.android.tts/10049 pkg=com.google.android.tts} proc state 14 (110 skipped)
06-30 02:57:12.904  1719  1967 I HalDevMgr: bestIfaceCreationProposal is null, requestIface=STA, existingIface=[name=wlan0 type=STA]
06-30 02:57:13.259  3468  3688 E TraceManagerImpl: Trace SodaGrpcTransport#start timed out after 2140219 ms. Complete trace: # ucp@e8bf34e1
06-30 02:57:13.259  3468  3688 E TraceManagerImpl: uct: 
06-30 02:57:13.259  3468  3688 E TraceManagerImpl: 	at tk_trace.gRPC:speech.s3.S3StubbyClientConnectorService/S3Bidi(Started After:0)
06-30 02:57:13.259  3468  3688 E TraceManagerImpl: 	at tk_trace.SodaGrpcTransport#start(Started After:0)
06-30 02:57:13.259  3468  3668 E TraceManagerImpl: Trace SodaGrpcTransport#start timed out after 2783303 ms. Complete trace: # ucp@bd53a6f9
06-30 02:57:13.259  3468  3668 E TraceManagerImpl: uct: 
06-30 02:57:13.259  3468  3668 E TraceManagerImpl: 	at tk_trace.gRPC:speech.s3.S3StubbyClientConnectorService/S3Bidi(Started After:0)
06-30 02:57:13.259  3468  3668 E TraceManagerImpl: 	at tk_trace.SodaGrpcTransport#start(Started After:0)
06-30 02:57:14.008  1719  1914 D ActivityManager: freezing 15265 com.google.android.gms
06-30 02:57:15.068  1719  1901 I SensorService: Setting connection 0xe47359c0 disabled status to 0 for reason 2
06-30 02:57:15.075  1719  1760 D ActivityManager: sync unfroze 8905 com.fitbit.FitbitMobile for 3
06-30 02:57:15.952  1719  1914 D ActivityManager: freezing 15190 com.google.android.permissioncontroller
06-30 02:57:15.956  1719  1967 I HalDevMgr: bestIfaceCreationProposal is null, requestIface=STA, existingIface=[name=wlan0 type=STA]
06-30 02:57:15.957  1719  1974 D InetDiagMessage: Destroyed 0 sockets, proto=IPPROTO_TCP, family=AF_INET, states=14
06-30 02:57:15.958  1719  1974 D InetDiagMessage: Destroyed 0 sockets, proto=IPPROTO_TCP, family=AF_INET6, states=14
06-30 02:57:15.958  1719  1974 D InetDiagMessage: Destroyed live tcp sockets for uids={10161} in 2ms
06-30 02:57:16.466 16989 16989 I Finsky  : [2] SCH: job service start with id 9644.
06-30 02:57:16.478 16989 19676 I Finsky  : [126] SCH: Satisfied jobs for 9644 are: 12-1
06-30 02:57:16.481 16989 19894 I Finsky  : [139] SCH: Job 12-1 starting
06-30 02:57:16.481 16989 16989 I Finsky  : [2] WM::SCH: Logging work start for 12-1
06-30 02:57:16.482 16989 16989 I Finsky  : [2] [ContentSync] job started
06-30 02:57:16.499  1719  2081 I PackageManager: getInstalledPackages: callingUid=10064 flags=134217728 updatedFlags=135004160 userId=0
06-30 02:57:16.536  1719  1967 D WifiConfigStore: Writing to stores completed in 17 ms.
06-30 02:57:16.909 17105 17105 I Finsky:background: [2] Memory trim requested to level 40
06-30 02:57:17.507 16989 16989 I Finsky  : [2] App states replicator found 2 unowned apps
06-30 02:57:17.519 16989 17014 I Finsky  : [47] Completed 0 account content syncs with 0 successful.
06-30 02:57:17.519 16989 16989 I Finsky  : [2] [ContentSync] Installation state replication succeeded.
06-30 02:57:17.520 16989 16989 I Finsky  : [2] SCH: jobFinished: 12-1. TimeElapsed: 1038ms.
06-30 02:57:17.520 16989 16989 I Finsky  : [2] WM::SCH: Logging work end for 12-1
06-30 02:57:17.528 16989 17014 I Finsky  : [47] SCH: Scheduling phonesky job Id: 1-1337, CT: 1782743257197, Constraints: [{ L: 43009751, D: 86209751, C: CHARGING_NONE, I: IDLE_NONE, N: NET_ANY, B: BATTERY_ANY }]
06-30 02:57:17.534 16989 17018 I Finsky  : [51] SCH: Scheduling 1 system job(s)
06-30 02:57:17.535 16989 17018 I Finsky  : [51] SCH: Scheduling system job Id: 9646, L: 17829414, D: 61029414, C: false, I: false, N: 1
06-30 02:57:17.542 16989 19894 I Finsky  : [139] SCH: job service finished with id 9644.
06-30 02:57:17.550 16989 16989 I Finsky  : [2] Memory trim requested to level 40
06-30 02:57:17.550 16989 16989 I Finsky  : [2] Flushing in-memory image cache
06-30 02:57:19.013  1719  1967 I HalDevMgr: bestIfaceCreationProposal is null, requestIface=STA, existingIface=[name=wlan0 type=STA]
06-30 02:57:20.159  1719  1914 D ActivityManager: freezing 8905 com.fitbit.FitbitMobile
06-30 02:57:20.161  1719  1901 I SensorService: Setting connection 0xe47359c0 disabled status to 1 for reason 2
06-30 02:57:20.166  1719  1974 D InetDiagMessage: Destroyed 0 sockets, proto=IPPROTO_TCP, family=AF_INET, states=14
06-30 02:57:20.167  1719  1974 D InetDiagMessage: Destroyed 0 sockets, proto=IPPROTO_TCP, family=AF_INET6, states=14
06-30 02:57:20.167  1719  1974 D InetDiagMessage: Destroyed live tcp sockets for uids={10111} in 3ms
06-30 02:57:20.168  1719  1974 D InetDiagMessage: Destroyed 0 sockets, proto=IPPROTO_TCP, family=AF_INET, states=14
06-30 02:57:20.171  1719  1974 D InetDiagMessage: Destroyed 0 sockets, proto=IPPROTO_TCP, family=AF_INET6, states=14
06-30 02:57:20.171  1719  1974 D InetDiagMessage: Destroyed live tcp sockets for uids={20111} in 4ms
06-30 02:57:20.172  1719  1974 D InetDiagMessage: Destroyed 0 sockets, proto=IPPROTO_TCP, family=AF_INET, states=14
06-30 02:57:20.173  1719  1974 D InetDiagMessage: Destroyed 0 sockets, proto=IPPROTO_TCP, family=AF_INET6, states=14
06-30 02:57:20.173  1719  1974 D InetDiagMessage: Destroyed live tcp sockets for uids={10111} in 2ms
06-30 02:57:21.051  1226  1226 I adbd    : adbd service requested 'shell,v2,TERM=xterm-256color:export ANDROID_LOG_TAGS=''; exec logcat '-d''
06-30 02:57:21.219   857   857 E ODPM    : readEnergyMeter()
06-30 02:57:21.906   391   416 E pixelstats-uevent: Unable to read  - No such file or directory
06-30 02:57:21.912  1435  1435 E BatteryDefender: Failed to read /sys/devices/platform/google,charger/bd_state
06-30 02:57:21.913  1719  1914 D ActivityManager: freezing 17105 com.android.vending:background
06-30 02:57:21.922  1435  1435 E BatteryDefender: Failed to read /sys/devices/platform/google,charger/bd_state
06-30 02:57:22.043  1719  1967 I HalDevMgr: bestIfaceCreationProposal is null, requestIface=STA, existingIface=[name=wlan0 type=STA]
06-30 02:57:22.554  1719  1914 D ActivityManager: freezing 16989 com.android.vending
06-30 02:57:22.562  1719  1974 D InetDiagMessage: Destroyed 0 sockets, proto=IPPROTO_TCP, family=AF_INET, states=14
06-30 02:57:22.574  1719  1974 D InetDiagMessage: Destroyed 1 sockets, proto=IPPROTO_TCP, family=AF_INET6, states=14
06-30 02:57:22.574  1719  1974 D InetDiagMessage: Destroyed live tcp sockets for uids={10064} in 14ms
06-30 02:57:25.090  1719  1967 I HalDevMgr: bestIfaceCreationProposal is null, requestIface=STA, existingIface=[name=wlan0 type=STA]
06-30 02:57:28.127  1719  2003 I AdbWifiNetworkMonitor: Wi-Fi network available
06-30 02:57:28.127  1719  2003 I AdbWifiNetworkMonitor: Received the same Wi-Fi SSID. Ignoring.
06-30 02:57:28.132  2637  2987 D DeviceStateHelper: Wifi freq: 2412
06-30 02:57:28.135  1719  1974 W libbinder.IPCThreadState: Sending oneway calls to frozen process.
06-30 02:57:28.135  1719  1974 W libbinder.IPCThreadState: Sending oneway calls to frozen process.
06-30 02:57:28.145  2304  2982 D QCNEJ/NativeAidlConnector: -> SND notifyDefaultNetworkChanged(1)
06-30 02:57:28.145  2304  2982 D cneJni  : sendDefaultNwMsg start
06-30 02:57:28.145  1719  1967 I HalDevMgr: bestIfaceCreationProposal is null, requestIface=STA, existingIface=[name=wlan0 type=STA]
06-30 02:57:28.148  2304  2982 D cneJni  : sendWifiStatus start
06-30 02:57:28.225  3468  3668 W EdorasConnMonitorState: unhandled onNetworkConnected
06-30 02:57:28.274  1719  1736 I system_server: Background young concurrent mark compact GC freed 17MB AllocSpace bytes, 22(3288KB) LOS objects, 87% free, 31MB/256MB, paused 4.197ms,9.002ms total 188.064ms
06-30 02:57:30.916   855   880 D ContextHubHal: Got message from nanoapp: ID 0x476f6f676c003000
06-30 02:57:31.113   721   859 D MCU     : site_data_provider.cc:220        16:11:39.299 [SiteDataProvider] Flushing 1 SLEEP_300S records
06-30 02:57:31.114   721   859 D MCU     : site_data_provider.cc:220        16:11:39.299 [SiteDataProvider] Flushing 1 SLEEP_300S records
06-30 02:57:31.205  1719  1967 I HalDevMgr: bestIfaceCreationProposal is null, requestIface=STA, existingIface=[name=wlan0 type=STA]
06-30 02:57:34.267  1719  1967 I HalDevMgr: bestIfaceCreationProposal is null, requestIface=STA, existingIface=[name=wlan0 type=STA]
06-30 02:57:37.312  1719  1967 I HalDevMgr: bestIfaceCreationProposal is null, requestIface=STA, existingIface=[name=wlan0 type=STA]
06-30 02:57:37.646   391   416 E pixelstats-uevent: Unable to read  - No such file or directory
06-30 02:57:37.794  1719  1914 D ActivityManager: freezing 15311 com.google.android.apps.wearable.settings
06-30 02:57:37.800  1719  1914 D ActivityManager: freezing 19660 com.android.keychain
06-30 02:57:40.348  1719  1967 I HalDevMgr: bestIfaceCreationProposal is null, requestIface=STA, existingIface=[name=wlan0 type=STA]
06-30 02:57:41.116   391   416 E pixelstats-uevent: Unable to read  - No such file or directory
06-30 02:57:43.131  1628  1654 I pixel-thermal: CDEV log 
06-30 02:57:43.177  1226  1226 I adbd    : adbd service requested 'shell,v2,TERM=xterm-256color:export ANDROID_LOG_TAGS=''; exec logcat '-d''
06-30 02:57:43.288  1226  1226 I adbd    : adbd service requested 'shell,v2,TERM=xterm-256color,raw:dumpsys activity services'
06-30 02:57:43.370  1719  2003 I AdbWifiNetworkMonitor: Wi-Fi network available
06-30 02:57:43.370  2637  2987 D DeviceStateHelper: Wifi freq: 2412
06-30 02:57:43.370  1719  2003 I AdbWifiNetworkMonitor: Received the same Wi-Fi SSID. Ignoring.
06-30 02:57:43.378  1719  1974 W libbinder.IPCThreadState: Sending oneway calls to frozen process.
06-30 02:57:43.378  1719  1974 W libbinder.IPCThreadState: Sending oneway calls to frozen process.
06-30 02:57:43.378  3468  3668 W EdorasConnMonitorState: unhandled onNetworkConnected
06-30 02:57:43.379  1719  1967 I HalDevMgr: bestIfaceCreationProposal is null, requestIface=STA, existingIface=[name=wlan0 type=STA]
06-30 02:57:43.383  2304  2982 D QCNEJ/NativeAidlConnector: -> SND notifyDefaultNetworkChanged(1)
06-30 02:57:43.384  2304  2982 D cneJni  : sendDefaultNwMsg start
06-30 02:57:43.387  2304  2982 D cneJni  : sendWifiStatus start
06-30 02:57:43.414  1226  1226 I adbd    : adbd service requested 'shell,v2,TERM=xterm-256color:export ANDROID_LOG_TAGS=''; exec logcat '-d''
06-30 02:57:43.517  1226  1226 I adbd    : adbd service requested 'shell,v2,TERM=xterm-256color:export ANDROID_LOG_TAGS=''; exec logcat '-d''
06-30 02:57:43.620  1226  1226 I adbd    : adbd service requested 'shell,v2,TERM=xterm-256color:export ANDROID_LOG_TAGS=''; exec logcat '-d''
