--------- beginning of system
09-12 00:18:26.753 11796 13132 W ActivityTaskManager: callingPackage for (uid=2000, pid=16768) has no WPC
09-12 00:18:26.755 11796 13132 W AppCompatResourceOverlayPolicy: constructor: Failed to find VirtualDeviceManagerService
09-12 00:18:26.770 11796 13132 D ActivityTaskManager: Temporarily retain top process state for launching app
09-12 00:18:26.781 11796 13132 D CorePackageUpdate: onRecentTaskRemoved Removing task: 1375
09-12 00:18:26.781 11796 13132 D CorePackageUpdate: Couldn't find a persistent state for task= 1375
09-12 00:18:26.783 11796 13132 V ActivityTaskManager: TaskLaunchParamsModifier: phase=3 task=Task{67a28 #1382 type=standard A=10191:com.poc.healthprobe} activity=ActivityRecord{135303243 u0 com.poc.healthprobe/.ModeManagerCrash t-1} display-from-task=0 display-id=0 task-display-area-windowing-mode=1 suggested-display-area=DefaultTaskDisplayArea@109505509 inherit-from-task=fullscreen non-freeform-task-display-area display-area=DefaultTaskDisplayArea@109505509 default-portrait freeform-size-mismatch=Rect(54, 54 - 330, 330)
09-12 00:18:26.783 11796 13132 I ActivityTaskManager: START u0 {flg=0x10000000 xflg=0x4 cmp=com.poc.healthprobe/.ModeManagerCrash} with LAUNCH_MULTIPLE from uid 2000 (com.android.shell) (BAL_ALLOW_PERMISSION) result code=0
09-12 00:18:26.783 12373 12497 V WindowManagerShell: Transition requested (#22): android.os.BinderProxy@426e1e6 TransitionRequestInfo { type = OPEN, triggerTask = TaskInfo{userId=0 taskId=1382 effectiveUid=10191 displayId=0 isRunning=true baseIntent=Intent { flg=0x10000000 cmp=com.poc.healthprobe/.ModeManagerCrash } baseActivity=ComponentInfo{com.poc.healthprobe/com.poc.healthprobe.ModeManagerCrash} topActivity=ComponentInfo{com.poc.healthprobe/com.poc.healthprobe.ModeManagerCrash} origActivity=null realActivity=ComponentInfo{com.poc.healthprobe/com.poc.healthprobe.ModeManagerCrash} realActivityIsAppLockEnabled=false numActivities=1 lastActiveTime=130186495 supportsMultiWindow=false supportsMultiWindowWithoutConstraints=false resizeMode=1 isResizeable=true minWidth=-1 minHeight=-1 defaultMinSize=220 token=WCT{android.os.BinderProxy@b467327} topActivityType=1 pictureInPictureParams=null shouldDockBigOverlays=false launchIntoPipHostTaskId=-1 lastParentTaskIdBeforePip=-1 displayCutoutSafeInsets=Rect(0, 0 - 0, 0) topActivityInfo=ActivityInfo{b3f19d4 com.poc.healthprobe.ModeManagerCrash} launchCookies=[] positionInParent=Point(0, 0) parentTaskId=-1 isFocused=false isInteractive=false isVisible=false isVisibleRequested=false isTopActivityNoDisplay=false isSleeping=false locusId=null displayAreaFeatureId=1 isTopActivityTransparent=false isActivityStackTransparent=false lastNonFullscreenBounds=Rect(54, 54 - 330, 330) leafTaskBoundsFromOptions= false capturedLink=null capturedLinkTimestamp=0 requestedVisibleTypes=503 topActivityRequestOpenInBrowserEducationTimestamp=0 appCompatTaskInfo=AppCompatTaskInfo { topActivityInSizeCompat=false isLeafTask= true eligibleForLetterboxEducation= false isLetterboxEducationEnabled= false isLetterboxDoubleTapEnabled= false eligibleForUserAspectRatioButton= false topActivityBoundsLetterboxed= false isFromLetterboxDoubleTap= false topActivityLetterboxVerticalPosition= -1 topActivityLetterboxHorizontalPosition= -1 topActivityLetterboxWidth=-1 topActivityLetterboxHeight=-1 topActivityAppBounds=Rect(0, 0 - 384, 384) isUserFullscreenOverrideEnabled=false isSystemFullscreenOverrideEnabled=false hasMinAspectRatioOverride=false topActivityLetterboxBounds=null topNonResizableActivityAspectRatio=-1.0} topActivityMainWindowFrame=null isAppBubble=false}, pipChange = null, remoteTransitionInfo = null, displayChanges = null, requestedLocation = null, userChange = null, windowingLayerChange = null, fullscreenRequestChange = null, flags = 0, debugId = 22 }
09-12 00:18:26.786 11796 13132 W TransitionChain: Combining kgOccludeChg into #22(OPEN|R|0x0) from startAct
09-12 00:18:26.786 11796 13132 D WindowManager: Add SleepToken: tag=keyguard, displayId=0
09-12 00:18:26.787 12373 12497 V WindowManagerShell: Transition (#22): request handled by WearMixedTransitionHandler
09-12 00:18:26.788 11796 13132 D ActivityTaskManager: Top Process State changed to PROCESS_STATE_TOP_SLEEPING
09-12 00:18:26.790 11796 13142 D CompatChangeReporter: Compat change id reported: 309578419; UID 10191; state: ENABLED
09-12 00:18:26.798 12373 12497 D WindowManagerShell: onKeyguardOccludingTaskChanged displayId=0 taskId=-1
09-12 00:18:26.804 11796 11970 W TransitionChain: Combining kgOccludeChg into #22(OPEN|R|0x2000) from startAct
09-12 00:18:26.805 11796 11970 D WindowManager: Remove SleepToken: tag=keyguard, displayId=0
09-12 00:18:26.805 11796 11970 D ActivityTaskManager: Top Process State changed to PROCESS_STATE_TOP
09-12 00:18:26.806 11796 11970 W TransitionChain: Combining sleepTokens into #22(OPEN|R|0x1000) from startAct
09-12 00:18:26.806 11796 11839 I ActivityManager: updateOomAdj start time is before than pendingPid added, don't delete it
09-12 00:18:26.810 12373 12497 D WindowManagerShell: onKeyguardOccludingTaskChanged displayId=0 taskId=1382
09-12 00:18:26.815 11796 11896 I ActivityManager: Start proc 16771:com.poc.healthprobe/u0a191 for next-top-activity {com.poc.healthprobe/com.poc.healthprobe.ModeManagerCrash}
09-12 00:18:26.822 11796 11970 D WindowManager: setClientSurface Surface(name=VRI-Splash Screen com.poc.healthprobe#3098)/@0xee46640 for cb8f27d Splash Screen com.poc.healthprobe
09-12 00:18:26.926 11796 13132 D CorePackageUpdate: Couldn't find a persistent state for task= 1382
09-12 00:18:26.927 11796 13132 D CompatChangeReporter: Compat change id reported: 324203798; UID 10191; state: ENABLED
09-12 00:18:26.933 16771 16783 I DisplayManager: Choreographer implicitly registered for the refresh rate.
--------- beginning of crash
09-12 00:18:26.967 11796 11796 E AndroidRuntime: *** FATAL EXCEPTION IN SYSTEM PROCESS: main
09-12 00:18:26.967 11796 11796 E AndroidRuntime: java.lang.NullPointerException: Attempt to invoke interface method 'android.os.IBinder com.android.clockwork.modes.IStateChangeListener.asBinder()' on a null object reference
09-12 00:18:26.967 11796 11796 E AndroidRuntime: 	at com.android.clockwork.modes.ListenerManager.findRemoteObserverWrapperLocked(go/retraceme cfe317e26c3e2829cc9d3bf73fa23c109c948b7d6c857f2317d8882bdc7d34b9:0)
09-12 00:18:26.967 11796 11796 E AndroidRuntime: 	at com.android.clockwork.modes.ListenerManager$$ExternalSyntheticLambda4.run(go/retraceme cfe317e26c3e2829cc9d3bf73fa23c109c948b7d6c857f2317d8882bdc7d34b9:17)
09-12 00:18:26.967 11796 11796 E AndroidRuntime: 	at android.os.Handler.handleCallback(Handler.java:1095)
09-12 00:18:26.967 11796 11796 E AndroidRuntime: 	at android.os.Handler.dispatchMessageImpl(Handler.java:135)
09-12 00:18:26.967 11796 11796 E AndroidRuntime: 	at android.os.Handler.dispatchMessage(Handler.java:125)
09-12 00:18:26.967 11796 11796 E AndroidRuntime: 	at android.os.Looper.loopOnce(Looper.java:296)
09-12 00:18:26.967 11796 11796 E AndroidRuntime: 	at android.os.Looper.loop(Looper.java:397)
09-12 00:18:26.967 11796 11796 E AndroidRuntime: 	at com.android.server.SystemServer.main(go/retraceme 56cb9c0977ae9f67603f451f002522c463042b44293aaef01295dafee5e0332e:696)
09-12 00:18:26.967 11796 11796 E AndroidRuntime: 	at java.lang.reflect.Method.invoke(Native Method)
09-12 00:18:26.967 11796 11796 E AndroidRuntime: 	at com.android.internal.os.RuntimeInit$MethodAndArgsCaller.run(RuntimeInit.java:575)
09-12 00:18:26.967 11796 11796 E AndroidRuntime: 	at com.android.internal.os.ZygoteInit.main(ZygoteInit.java:917)
09-12 00:18:26.972 11796 11796 I DropBoxManagerService: add tag=system_server_crash isTagEnabled=true flags=0x2
09-12 00:18:27.451 16771 16771 D ActivityThread: Too many transaction errors, throttling transaction error callback.
09-12 00:18:27.453 16771 16771 D ActivityThread: Too many transaction errors, throttling transaction error callback.
09-12 00:18:27.453 16771 16771 D ActivityThread: Too many transaction errors, throttling transaction error callback.
09-12 00:18:27.453 16771 16771 D ActivityThread: Too many transaction errors, throttling transaction error callback.
09-12 00:18:27.453 16771 16771 D ActivityThread: Too many transaction errors, throttling transaction error callback.
09-12 00:18:27.454 16771 16771 D ActivityThread: Too many transaction errors, throttling transaction error callback.
09-12 00:18:27.454 16771 16771 D ActivityThread: Too many transaction errors, throttling transaction error callback.
09-12 00:18:27.454 16771 16771 D ActivityThread: Too many transaction errors, throttling transaction error callback.
09-12 00:18:27.454 16771 16771 D ActivityThread: Too many transaction errors, throttling transaction error callback.
09-12 00:18:27.454 16771 16771 D ActivityThread: Too many transaction errors, throttling transaction error callback.
09-12 00:18:27.455 16771 16771 D ActivityThread: Too many transaction errors, throttling transaction error callback.
09-12 00:18:27.455 16771 16771 D ActivityThread: Too many transaction errors, throttling transaction error callback.
09-12 00:18:27.455 16771 16771 D ActivityThread: Too many transaction errors, throttling transaction error callback.
09-12 00:18:27.455 16771 16771 D ActivityThread: Too many transaction errors, throttling transaction error callback.
09-12 00:18:27.455 16771 16771 D ActivityThread: Too many transaction errors, throttling transaction error callback.
09-12 00:18:27.456 16771 16771 D ActivityThread: Too many transaction errors, throttling transaction error callback.
09-12 00:18:27.456 16771 16771 D ActivityThread: Too many transaction errors, throttling transaction error callback.
09-12 00:18:27.456 16771 16771 D ActivityThread: Too many transaction errors, throttling transaction error callback.
09-12 00:18:27.456 16771 16771 D ActivityThread: Too many transaction errors, throttling transaction error callback.
09-12 00:18:27.457 16771 16771 D ActivityThread: Too many transaction errors, throttling transaction error callback.
09-12 00:18:27.457 16771 16771 D ActivityThread: Too many transaction errors, throttling transaction error callback.
09-12 00:18:27.457 16771 16771 D ActivityThread: Too many transaction errors, throttling transaction error callback.
09-12 00:18:27.457 16771 16771 D ActivityThread: Too many transaction errors, throttling transaction error callback.
09-12 00:18:27.457 16771 16771 D ActivityThread: Too many transaction errors, throttling transaction error callback.
09-12 00:18:27.458 16771 16771 D ActivityThread: Too many transaction errors, throttling transaction error callback.
09-12 00:18:27.458 16771 16771 D ActivityThread: Too many transaction errors, throttling transaction error callback.
09-12 00:18:27.458 16771 16771 D ActivityThread: Too many transaction errors, throttling transaction error callback.
09-12 00:18:27.458 16771 16771 D ActivityThread: Too many transaction errors, throttling transaction error callback.
09-12 00:18:27.458 16771 16771 D ActivityThread: Too many transaction errors, throttling transaction error callback.
09-12 00:18:27.458 16771 16771 D ActivityThread: Too many transaction errors, throttling transaction error callback.
09-12 00:18:27.459 16771 16771 D ActivityThread: Too many transaction errors, throttling transaction error callback.
09-12 00:18:27.459 16771 16771 D ActivityThread: Too many transaction errors, throttling transaction error callback.
09-12 00:18:27.459 16771 16771 D ActivityThread: Too many transaction errors, throttling transaction error callback.
09-12 00:18:27.459 16771 16771 D ActivityThread: Too many transaction errors, throttling transaction error callback.
09-12 00:18:27.459 16771 16771 D ActivityThread: Too many transaction errors, throttling transaction error callback.
09-12 00:18:27.460 16771 16771 D ActivityThread: Too many transaction errors, throttling transaction error callback.
09-12 00:18:27.460 16771 16771 D ActivityThread: Too many transaction errors, throttling transaction error callback.
09-12 00:18:27.460 16771 16771 D ActivityThread: Too many transaction errors, throttling transaction error callback.
09-12 00:18:27.461 16771 16771 D ActivityThread: Too many transaction errors, throttling transaction error callback.
09-12 00:18:27.461 16771 16771 D ActivityThread: Too many transaction errors, throttling transaction error callback.
09-12 00:18:27.463 16771 16771 E TransactionExecutor: Failed to execute the transaction: tId:-1349402461 ClientTransaction{
09-12 00:18:27.463 16771 16771 E TransactionExecutor: tId:-1349402461   transactionItems=[
09-12 00:18:27.463 16771 16771 E TransactionExecutor: tId:-1349402461     LaunchActivityItem{activityToken=android.os.BinderProxy@10e274e,intent=Intent { flg=0x10000000 xflg=0x4 cmp=com.poc.healthprobe/.ModeManagerCrash },ident=135303243,info=ActivityInfo{5976c98 com.poc.healthprobe.ModeManagerCrash},curConfig={1.0 ?mcc0mnc [en_US] ldltr sw192dp w192dp h192dp 320dpi smll round hdr port watch finger -keyb/v/h -nav/h winConfig={ mBounds=Rect(0, 0 - 384, 384) mAppBounds=Rect(0, 0 - 384, 384) mMaxBounds=Rect(0, 0 - 384, 384) mDisplayRotation=ROTATION_0 mWindowingMode=fullscreen mActivityType=undefined mAlwaysOnTop=undefined mRotation=ROTATION_0} s.17 fontWeightAdjustment=0},overrideConfig={1.0 ?mcc0mnc [en_US] ldltr sw192dp w192dp h192dp 320dpi smll round hdr port watch finger -keyb/v/h -nav/h winConfig={ mBounds=Rect(0, 0 - 384, 384) mAppBounds=Rect(0, 0 - 384, 384) mMaxBounds=Rect(0, 0 - 384, 384) mDisplayRotation=ROTATION_0 mWindowingMode=fullscreen mActivityType=standard mAlwaysOnTop=undefined mRotation=ROTATION_0} s.2 fontWeightAdjustment=0},deviceId=0,referrer=com.android.shell,procState=2,state=null,persistentState=null,pendingResults=null,pendingNewIntents=null,sceneTransitionInfo=null,profilerInfo=null,assistToken=android.os.BinderProxy@415ae75,shareableActivityToken=android.os.BinderProxy@be11e0a,activityWindowInfo=ActivityWindowInfo{isEmbedded=false, taskBounds=Rect(0, 0 - 384, 384), taskFragmentBounds=Rect(0, 0 - 384, 384)},displayId=0}
09-12 00:18:27.463 16771 16771 E TransactionExecutor: tId:-1349402461     ResumeActivityItem{mActivityToken=android.os.BinderProxy@10e274e,procState=-1,isForward=true,shouldSendCompatFakeFocus=false}
09-12 00:18:27.463 16771 16771 E TransactionExecutor: tId:-1349402461     Target activity: com.poc.healthprobe.ModeManagerCrash
09-12 00:18:27.463 16771 16771 E TransactionExecutor: tId:-1349402461   ]
09-12 00:18:27.463 16771 16771 E TransactionExecutor: tId:-1349402461 }
09-12 00:18:27.464 16771 16771 E AndroidRuntime: FATAL EXCEPTION: main
09-12 00:18:27.464 16771 16771 E AndroidRuntime: Process: com.poc.healthprobe, PID: 16771
09-12 00:18:27.464 16771 16771 E AndroidRuntime: DeadSystemException: The system died; earlier logs will point to the root cause
09-12 00:18:27.465 16771 16771 D ActivityThread: Too many transaction errors, throttling transaction error callback.
09-12 00:18:27.480 13301 13433 D ActivityThread: Too many transaction errors, throttling transaction error callback.
09-12 00:18:27.789 12270 12270 D ActivityThread: Too many transaction errors, throttling transaction error callback.
09-12 00:18:27.791 12270 12270 E AndroidRuntime: FATAL EXCEPTION: main
09-12 00:18:27.791 12270 12270 E AndroidRuntime: Process: com.android.networkstack.process, PID: 12270
09-12 00:18:27.791 12270 12270 E AndroidRuntime: DeadSystemException: The system died; earlier logs will point to the root cause
09-12 00:18:27.792 12270 12270 D ActivityThread: Too many transaction errors, throttling transaction error callback.
09-12 00:18:29.166 12141 12144 I android.hardware.wifi-service-lazy: Callback died. cookie=0xf38181c0
09-12 00:18:29.167 12141 12141 I android.hardware.wifi-service-lazy: Callback died. cookie=0xf3818240
09-12 00:18:29.167 12141 12143 I android.hardware.wifi-service-lazy: Callback died. cookie=0xf3818080
09-12 00:18:29.541   346   362 D vold    : Aborting fuse connection entry /sys/fs/fuse/connections/103/abort
09-12 00:18:29.541   346   362 W vold    : Skip fsync /sys/fs/fuse/connections/103/abort on a file system does not support synchronization: Invalid argument
09-12 00:18:30.130 16863 16863 I wificond: wificond is starting up...
09-12 00:18:30.151 16863 16863 I HidlServiceManagement: Registered android.system.wifi.keystore@1.0::IKeystore/default
09-12 00:18:30.673 16859 16859 I audioserver_main: main: starting
09-12 00:18:31.635 16859 16859 I audioserver_main: main: AudioFlinger created
09-12 00:18:31.957 16853 16903 D BootAnimation: BootAnimationShownTiming start time: 130191671ms
--------- beginning of main
09-12 00:18:32.066 16858 16858 I AconfigPackage: com.android.art.rw.flags is mapped to com.android.art
09-12 00:18:32.067 16858 16858 I AconfigPackage: com.android.libcore is mapped to com.android.art
09-12 00:18:32.069 16858 16858 I AconfigPackage: android.provider.flags is mapped to com.android.configinfrastructure
09-12 00:18:32.069 16858 16858 I AconfigPackage: com.android.server.deviceconfig is mapped to com.android.configinfrastructure
09-12 00:18:32.069 16858 16858 I AconfigPackage: com.google.android.widevine.flags is mapped to com.google.android.widevine
09-12 00:18:32.070 16858 16858 I AconfigPackage: com.android.adbd.flags is mapped to com.android.adbd
09-12 00:18:32.071 16858 16858 I AconfigPackage: android.graphics.pdf.flags is mapped to com.android.mediaprovider
09-12 00:18:32.071 16858 16858 I AconfigPackage: com.android.providers.media.flags is mapped to com.android.mediaprovider
09-12 00:18:32.071 16858 16858 I AconfigPackage: android.graphics.pdf.flags.readonly is mapped to com.android.mediaprovider
09-12 00:18:32.072 16858 16858 I AconfigPackage: com.android.bluetooth.beta.flags is mapped to com.android.bt
09-12 00:18:32.072 16858 16858 I AconfigPackage: com.android.bluetooth.flags is mapped to com.android.bt
09-12 00:18:32.072 16858 16858 E FeatureFlagsImplExport: android.os.flagging.AconfigStorageReadException: ERROR_PACKAGE_NOT_FOUND: package android.xr cannot be found on the device
09-12 00:18:32.107 16866 16882 D Diag_Lib: diag: Diag_LSM_Init: invoked for pid: 16866 with init_count: 0
09-12 00:18:32.107 16866 16882 D Diag_Lib: diag:failed to connect to diag socket
09-12 00:18:32.107 16866 16882 D Diag_Lib:  Diag_LSM_Init: Failed to open handle to diag driver, error = 111
09-12 00:18:32.107 16866 16882 I ATS     : vendor/qcom/sw5100-lw4/proprietary-audio/args/acdb/ats/transports/diag/linux/actp/src/actp.c:actp_diag_init:105 Error[1]: Failed to initialize DIAG
09-12 00:18:32.107 16866 16882 E ATS     : vendor/qcom/sw5100-lw4/proprietary-audio/args/acdb/ats/src/ats.c:ats_init:143 Error[1]: Failed to initialize Diag
09-12 00:18:32.107 16866 16882 E ATS     : vendor/qcom/sw5100-lw4/proprietary-audio/args/acdb/ats/src/ats.c:ats_init:263 Error[1]: Failed to initialize ATS
09-12 00:18:32.107 16866 16882 E AGM: API: ats_init_thread: 64 ats_init failed retry 4 err 1
09-12 00:18:32.117 16858 16913 I zygote  : Background verification of 231 classes from boot classpath took 453.234ms
09-12 00:18:32.118 16859 16942 W AudioFlinger: no wake lock to update, system not ready yet
09-12 00:18:32.118 16859 16942 D DeviceHalAidl: [default] createAudioPatch: sources: 1 sinks 1
09-12 00:18:32.118 16859 16942 D Hal2AidlMapper: [default] createOrUpdatePatch: patch ID: 0, [disregard IDs] sources: [AudioPortConfig{id: 11, portId: 0, sampleRate: Int{value: 48000}, channelMask: AudioChannelLayout{layoutMask: 3}, format: AudioFormatDescription{type: PCM, pcm: INT_16_BIT, encoding: }, gain: (null), flags: AudioIoFlags{output: 0}, ext: AudioPortExt{mix: AudioPortMixExt{handle: 53, usecase: AudioPortMixExtUseCase{stream: SYS_RESERVED_DEFAULT}, maxOpenStreamCount: 0, maxActiveStreamCount: 0, recommendedMuteDurationMs: 0}}}], sinks: [AudioPortConfig{id: 12, portId: 0, sampleRate: (null), channelMask: (null), format: (null), gain: (null), flags: (null), ext: AudioPortExt{device: AudioPortDeviceExt{device: AudioDevice{type: AudioDeviceDescription{type: OUT_TELEPHONY_TX, connection: }, address: AudioDeviceAddress{id: }}, flags: 0, encodedFormats: [], encapsulationModes: 0, encapsulationMetadataTypes: 0, speakerLayout: (null)}}}]
09-12 00:18:32.118 16859 16942 D Hal2AidlMapper: [default] findOrCreatePortConfig: device port config does not have audio or gain config specified
09-12 00:18:32.118 16859 16942 I Hal2AidlMapper: [default] createOrUpdatePatch: Updating transient patch. Current: AudioPatch{id: 6, sourcePortConfigIds: [35], sinkPortConfigIds: [34], minimumStreamBufferSizeFrames: 1920, latenciesMs: [10]}, new: AudioPatch{id: 6, sourcePortConfigIds: [35], sinkPortConfigIds: [34], minimumStreamBufferSizeFrames: 0, latenciesMs: []}
09-12 00:18:32.119 16866 16872 I AHAL_Module_QTI: setAudioPatch: requested patch AudioPatch{id: 6, sourcePortConfigIds: [35], sinkPortConfigIds: [34], minimumStreamBufferSizeFrames: 0, latenciesMs: []}
09-12 00:18:32.119 16866 16872 I AHAL_Module_QTI: setAudioPatch: updated from [voice_tx  -> telephony_tx  ] AudioPatch{id: 6, sourcePortConfigIds: [35], sinkPortConfigIds: [34], minimumStreamBufferSizeFrames: 1920, latenciesMs: [10]} to [voice_tx  -> telephony_tx  ] AudioPatch{id: 6, sourcePortConfigIds: [35], sinkPortConfigIds: [34], minimumStreamBufferSizeFrames: 0, latenciesMs: []}
09-12 00:18:32.120 16859 16942 E StreamHalAidl: Function: getRecommendedLatencyModes Line: 1351 Failed 
09-12 00:18:32.123 16859 16859 I AudioFlinger: openOutput() this 0xf2635280, module 10 Device AUDIO_DEVICE_OUT_SPEAKER, @:, SamplingRate 48000, Format 0x000001, Channels 0x3, flags 0x8000
09-12 00:18:32.123 16859 16859 D DeviceHalAidl: [default] openOutputStream: handle: 61 devices 2 flags 8000 mixPortHalId 8
09-12 00:18:32.123 16859 16859 D Hal2AidlMapper: [default] prepareToOpenStream: handle 61, mixPortHalId 8, device AudioDevice{type: AudioDeviceDescription{type: OUT_SPEAKER, connection: }, address: AudioDeviceAddress{id: }}, flags AudioIoFlags{output: 8192}, source SYS_RESERVED_INVALID, config AudioConfig{base: AudioConfigBase{sampleRate: 48000, channelMask: AudioChannelLayout{layoutMask: 3}, format: AudioFormatDescription{type: PCM, pcm: INT_16_BIT, encoding: }}, offloadInfo: AudioOffloadInfo{base: AudioConfigBase{sampleRate: 0, channelMask: AudioChannelLayout{none: 0}, format: AudioFormatDescription{type: DEFAULT, pcm: DEFAULT, encoding: }}, streamType: VOICE_CALL, bitRatePerSecond: 0, durationUs: 0, hasVideo: false, isStreaming: false, bitWidth: 16, offloadBufferSize: 0, usage: UNKNOWN, encapsulationMode: NONE, contentId: 0, syncId: 0}, frameCount: 0}, mixport config AudioPortConfig{id: 0, portId: 0, sampleRate: (null), channelMask: (null), format: (null), gain: (null), flags: (null), ext: AudioPortExt{unspecified: false}}
09-12 00:18:32.124 16866 16872 D AHAL_Module_QTI: setAudioPortConfig: requested AudioPortConfig{id: 0, portId: 8, sampleRate: Int{value: 48000}, channelMask: AudioChannelLayout{layoutMask: 3}, format: AudioFormatDescription{type: PCM, pcm: INT_16_BIT, encoding: }, gain: (null), flags: AudioIoFlags{output: 8192}, ext: AudioPortExt{mix: AudioPortMixExt{handle: 61, usecase: AudioPortMixExtUseCase{unspecified: false}, maxOpenStreamCount: 0, maxActiveStreamCount: 0, recommendedMuteDurationMs: 0}}}
09-12 00:18:32.124 16866 16872 D AHAL_Module_QTI: setAudioPortConfig: created new port config for voip_playback AudioPortConfig{id: 36, portId: 8, sampleRate: Int{value: 48000}, channelMask: AudioChannelLayout{layoutMask: 3}, format: AudioFormatDescription{type: PCM, pcm: INT_16_BIT, encoding: }, gain: (null), flags: AudioIoFlags{output: 8192}, ext: AudioPortExt{mix: AudioPortMixExt{handle: 61, usecase: AudioPortMixExtUseCase{unspecified: false}, maxOpenStreamCount: 1, maxActiveStreamCount: 1, recommendedMuteDurationMs: 0}}}
09-12 00:18:32.125 16866 16872 I AHAL_Module_QTI: setAudioPatch: requested patch AudioPatch{id: 0, sourcePortConfigIds: [36], sinkPortConfigIds: [28], minimumStreamBufferSizeFrames: 0, latenciesMs: []}
09-12 00:18:32.125 16866 16872 I AHAL_Module_QTI: setAudioPatch: created [voip_playback  -> speaker  ] AudioPatch{id: 7, sourcePortConfigIds: [36], sinkPortConfigIds: [28], minimumStreamBufferSizeFrames: 960, latenciesMs: [10]}
09-12 00:18:32.126 16866 16872 D AHAL_Module_QTI: openOutputStream: port config id 36, has offload info? 0, buffer size 960 frames
09-12 00:18:32.126 16866 16872 D AHAL_Module_QTI: createStreamContext: frame size 4 bytes
09-12 00:18:32.127 16866 16872 D AHAL_Stream_QTI: StreamOut
09-12 00:18:32.127 16866 16872 D AHAL_StreamOut_QTI: StreamOutPrimary : usecase: VOIP_PLAYBACK IoHandle: 61 
09-12 00:18:32.128 16866 16872 W AHAL_StreamOut_QTI: configureConnectedDevices_I : usecase: VOIP_PLAYBACK IoHandle: 61 : stream is not configured
09-12 00:18:32.129 16866 16872 D AHAL_Stream_QTI: getStreamCommonCommon: returning 0xefc13d60
09-12 00:18:32.130 16859 16859 D StreamHalAidl: [out|ioHandle:61] StreamHalAidl
09-12 00:18:32.130 16859 16859 D StreamHalAidl: [out|ioHandle:61] getAudioProperties
09-12 00:18:32.130 16859 16859 D StreamHalAidl: [out|ioHandle:61] getFrameSize
09-12 00:18:32.131 16859 16859 D StreamHalAidl: [out|ioHandle:61] getAudioProperties
09-12 00:18:32.131 16859 16859 D StreamHalAidl: [out|ioHandle:61] getAudioProperties
09-12 00:18:32.131 16859 16859 D StreamHalAidl: [out|ioHandle:61] getBufferSize
09-12 00:18:32.131 16859 16859 I StreamHalAidl: [out|ioHandle:61] getBufferSize: size: 3840
09-12 00:18:32.131 16859 16859 I AudioFlinger: HAL output buffer size 960 frames, normal sink buffer size 960 frames
09-12 00:18:32.132 16859 16859 D StreamHalAidl: [out|ioHandle:61] getBufferSize
09-12 00:18:32.132 16859 16859 I StreamHalAidl: [out|ioHandle:61] getBufferSize: size: 3840
09-12 00:18:32.132 16859 16859 D StreamHalAidl: [out|ioHandle:61] getAudioProperties
09-12 00:18:32.133 16859 16859 E StreamHalAidl: Function: getRecommendedLatencyModes Line: 1351 Failed 
09-12 00:18:32.133 16859 16859 D AudioFlinger: updateHalSupportedLatencyModes_l: thread(61) status -38 supported latency modes: { }
09-12 00:18:32.133 16859 16944 I AudioFlinger: AudioFlinger's thread 0xefb22b00 tid=16944 ready to run
09-12 00:18:32.134 16859 16944 I AudioFlinger: boostThreadPriority: Priority of AudioOut_3D (pid=16859, tid=16944) boosted to 3
09-12 00:18:32.134 16859 16944 W AudioFlinger: no wake lock to update, system not ready yet
09-12 00:18:32.134 16859 16944 D StreamHalAidl: [out|ioHandle:61] standby
09-12 00:18:32.172 16859 16944 W AudioFlinger: no wake lock to update, system not ready yet
09-12 00:18:32.173 16859 16944 D DeviceHalAidl: [default] createAudioPatch: sources: 1 sinks 1
09-12 00:18:32.173 16859 16944 D Hal2AidlMapper: [default] createOrUpdatePatch: patch ID: 0, [disregard IDs] sources: [AudioPortConfig{id: 14, portId: 0, sampleRate: Int{value: 48000}, channelMask: AudioChannelLayout{layoutMask: 3}, format: AudioFormatDescription{type: PCM, pcm: INT_16_BIT, encoding: }, gain: (null), flags: AudioIoFlags{output: 8192}, ext: AudioPortExt{mix: AudioPortMixExt{handle: 61, usecase: AudioPortMixExtUseCase{stream: SYS_RESERVED_DEFAULT}, maxOpenStreamCount: 0, maxActiveStreamCount: 0, recommendedMuteDurationMs: 0}}}], sinks: [AudioPortConfig{id: 2, portId: 0, sampleRate: (null), channelMask: (null), format: (null), gain: (null), flags: (null), ext: AudioPortExt{device: AudioPortDeviceExt{device: AudioDevice{type: AudioDeviceDescription{type: OUT_SPEAKER, connection: }, address: AudioDeviceAddress{id: }}, flags: 0, encodedFormats: [], encapsulationModes: 0, encapsulationMetadataTypes: 0, speakerLayout: (null)}}}]
09-12 00:18:32.173 16859 16944 D Hal2AidlMapper: [default] findOrCreatePortConfig: device port config does not have audio or gain config specified
09-12 00:18:32.173 16859 16944 I Hal2AidlMapper: [default] createOrUpdatePatch: Updating transient patch. Current: AudioPatch{id: 7, sourcePortConfigIds: [36], sinkPortConfigIds: [28], minimumStreamBufferSizeFrames: 960, latenciesMs: [10]}, new: AudioPatch{id: 7, sourcePortConfigIds: [36], sinkPortConfigIds: [28], minimumStreamBufferSizeFrames: 0, latenciesMs: []}
09-12 00:18:32.174 16866 16872 I AHAL_Module_QTI: setAudioPatch: requested patch AudioPatch{id: 7, sourcePortConfigIds: [36], sinkPortConfigIds: [28], minimumStreamBufferSizeFrames: 0, latenciesMs: []}
09-12 00:18:32.174 16866 16872 I AHAL_Module_QTI: setAudioPatch: updated from [voip_playback  -> speaker  ] AudioPatch{id: 7, sourcePortConfigIds: [36], sinkPortConfigIds: [28], minimumStreamBufferSizeFrames: 960, latenciesMs: [10]} to [voip_playback  -> speaker  ] AudioPatch{id: 7, sourcePortConfigIds: [36], sinkPortConfigIds: [28], minimumStreamBufferSizeFrames: 0, latenciesMs: []}
09-12 00:18:32.175 16859 16944 E StreamHalAidl: Function: getRecommendedLatencyModes Line: 1351 Failed 
09-12 00:18:32.179 16859 16859 I AudioFlinger: openOutput() this 0xf2635280, module 10 Device AUDIO_DEVICE_OUT_TELEPHONY_TX, @:, SamplingRate 48000, Format 0x000001, Channels 0x3, flags 0x10000
09-12 00:18:32.179 16859 16859 D DeviceHalAidl: [default] openOutputStream: handle: 69 devices 10000 flags 10000 mixPortHalId 9
09-12 00:18:32.179 16859 16859 D Hal2AidlMapper: [default] prepareToOpenStream: handle 69, mixPortHalId 9, device AudioDevice{type: AudioDeviceDescription{type: OUT_TELEPHONY_TX, connection: }, address: AudioDeviceAddress{id: }}, flags AudioIoFlags{output: 16384}, source SYS_RESERVED_INVALID, config AudioConfig{base: AudioConfigBase{sampleRate: 48000, channelMask: AudioChannelLayout{layoutMask: 3}, format: AudioFormatDescription{type: PCM, pcm: INT_16_BIT, encoding: }}, offloadInfo: AudioOffloadInfo{base: AudioConfigBase{sampleRate: 0, channelMask: AudioChannelLayout{none: 0}, format: AudioFormatDescription{type: DEFAULT, pcm: DEFAULT, encoding: }}, streamType: VOICE_CALL, bitRatePerSecond: 0, durationUs: 0, hasVideo: false, isStreaming: false, bitWidth: 16, offloadBufferSize: 0, usage: UNKNOWN, encapsulationMode: NONE, contentId: 0, syncId: 0}, frameCount: 0}, mixport config AudioPortConfig{id: 0, portId: 0, sampleRate: (null), channelMask: (null), format: (null), gain: (null), flags: (null), ext: AudioPortExt{unspecified: false}}
09-12 00:18:32.180 16866 16872 D AHAL_Module_QTI: setAudioPortConfig: requested AudioPortConfig{id: 34, portId: 21, sampleRate: Int{value: 48000}, channelMask: AudioChannelLayout{layoutMask: 3}, format: AudioFormatDescription{type: PCM, pcm: INT_16_BIT, encoding: }, gain: (null), flags: AudioIoFlags{output: 0}, ext: AudioPortExt{device: AudioPortDeviceExt{device: AudioDevice{type: AudioDeviceDescription{type: OUT_TELEPHONY_TX, connection: }, address: AudioDeviceAddress{id: }}, flags: 0, encodedFormats: [], encapsulationModes: 0, encapsulationMetadataTypes: 0, speakerLayout: (null)}}}
09-12 00:18:32.180 16866 16872 W AHAL_Module_QTI: setAudioPortConfig: requested sample rate 48000 is not supported for the format AudioFormatDescription{type: PCM, pcm: INT_16_BIT, encoding: } by the port 21
09-12 00:18:32.180 16866 16872 D AHAL_Module_QTI: setAudioPortConfig: not applied; existing config ? 1; requested is valid? 0, fully specified? 1
09-12 00:18:32.181 16866 16872 D AHAL_Module_QTI: setAudioPortConfig: requested AudioPortConfig{id: 34, portId: 21, sampleRate: Int{value: 8000}, channelMask: AudioChannelLayout{layoutMask: 3}, format: AudioFormatDescription{type: PCM, pcm: INT_16_BIT, encoding: }, gain: (null), flags: AudioIoFlags{output: 0}, ext: AudioPortExt{device: AudioPortDeviceExt{device: AudioDevice{type: AudioDeviceDescription{type: OUT_TELEPHONY_TX, connection: }, address: AudioDeviceAddress{id: }}, flags: 0, encodedFormats: [], encapsulationModes: 0, encapsulationMetadataTypes: 0, speakerLayout: (null)}}}
09-12 00:18:32.181 16866 16872 D AHAL_Module_QTI: setAudioPortConfig: updated port config fortelephony_tx AudioPortConfig{id: 34, portId: 21, sampleRate: Int{value: 8000}, channelMask: AudioChannelLayout{layoutMask: 3}, format: AudioFormatDescription{type: PCM, pcm: INT_16_BIT, encoding: }, gain: (null), flags: AudioIoFlags{output: 0}, ext: AudioPortExt{device: AudioPortDeviceExt{device: AudioDevice{type: AudioDeviceDescription{type: OUT_TELEPHONY_TX, connection: }, address: AudioDeviceAddress{id: }}, flags: 0, encodedFormats: [], encapsulationModes: 0, encapsulationMetadataTypes: 0, speakerLayout: (null)}}}
09-12 00:18:32.182 16866 16872 D AHAL_Module_QTI: setAudioPortConfig: requested AudioPortConfig{id: 0, portId: 9, sampleRate: Int{value: 48000}, channelMask: AudioChannelLayout{layoutMask: 3}, format: AudioFormatDescription{type: PCM, pcm: INT_16_BIT, encoding: }, gain: (null), flags: AudioIoFlags{output: 16384}, ext: AudioPortExt{mix: AudioPortMixExt{handle: 69, usecase: AudioPortMixExtUseCase{unspecified: false}, maxOpenStreamCount: 0, maxActiveStreamCount: 0, recommendedMuteDurationMs: 0}}}
09-12 00:18:32.182 16866 16872 D AHAL_Module_QTI: setAudioPortConfig: created new port config for in_call_music AudioPortConfig{id: 37, portId: 9, sampleRate: Int{value: 48000}, channelMask: AudioChannelLayout{layoutMask: 3}, format: AudioFormatDescription{type: PCM, pcm: INT_16_BIT, encoding: }, gain: (null), flags: AudioIoFlags{output: 16384}, ext: AudioPortExt{mix: AudioPortMixExt{handle: 69, usecase: AudioPortMixExtUseCase{unspecified: false}, maxOpenStreamCount: 1, maxActiveStreamCount: 1, recommendedMuteDurationMs: 0}}}
09-12 00:18:32.183 16866 16866 I AHAL_Module_QTI: setAudioPatch: requested patch AudioPatch{id: 0, sourcePortConfigIds: [37], sinkPortConfigIds: [34], minimumStreamBufferSizeFrames: 0, latenciesMs: []}
09-12 00:18:32.183 16866 16866 I AHAL_Module_QTI: setAudioPatch: created [in_call_music  -> telephony_tx  ] AudioPatch{id: 8, sourcePortConfigIds: [37], sinkPortConfigIds: [34], minimumStreamBufferSizeFrames: 960, latenciesMs: [10]}
09-12 00:18:32.184 16866 16872 D AHAL_Module_QTI: openOutputStream: port config id 37, has offload info? 0, buffer size 960 frames
09-12 00:18:32.184 16866 16872 D AHAL_Module_QTI: createStreamContext: frame size 4 bytes
09-12 00:18:32.185 16866 16872 D AHAL_Stream_QTI: StreamOut
09-12 00:18:32.185 16866 16872 D AHAL_StreamOut_QTI: StreamOutPrimary : usecase: IN_CALL_MUSIC IoHandle: 69 
09-12 00:18:32.186 16866 16872 W AHAL_StreamOut_QTI: configureConnectedDevices_I : usecase: IN_CALL_MUSIC IoHandle: 69 : stream is not configured
09-12 00:18:32.187 16866 16872 D AHAL_Stream_QTI: getStreamCommonCommon: returning 0xefc13e00
09-12 00:18:32.188 16859 16859 D StreamHalAidl: [out|ioHandle:69] StreamHalAidl
09-12 00:18:32.188 16859 16859 D StreamHalAidl: [out|ioHandle:69] getAudioProperties
09-12 00:18:32.188 16859 16859 D StreamHalAidl: [out|ioHandle:69] getFrameSize
09-12 00:18:32.189 16859 16859 D StreamHalAidl: [out|ioHandle:69] getAudioProperties
09-12 00:18:32.189 16859 16859 D StreamHalAidl: [out|ioHandle:69] getAudioProperties
09-12 00:18:32.189 16859 16859 D StreamHalAidl: [out|ioHandle:69] getBufferSize
09-12 00:18:32.189 16859 16859 I StreamHalAidl: [out|ioHandle:69] getBufferSize: size: 3840
09-12 00:18:32.189 16859 16859 I AudioFlinger: HAL output buffer size 960 frames, normal sink buffer size 960 frames
09-12 00:18:32.190 16859 16859 D StreamHalAidl: [out|ioHandle:69] getBufferSize
09-12 00:18:32.190 16859 16859 I StreamHalAidl: [out|ioHandle:69] getBufferSize: size: 3840
09-12 00:18:32.190 16859 16859 D StreamHalAidl: [out|ioHandle:69] getAudioProperties
09-12 00:18:32.191 16859 16859 E StreamHalAidl: Function: getRecommendedLatencyModes Line: 1351 Failed 
09-12 00:18:32.192 16859 16859 D AudioFlinger: updateHalSupportedLatencyModes_l: thread(69) status -38 supported latency modes: { }
09-12 00:18:32.192 16859 16946 I AudioFlinger: AudioFlinger's thread 0xef662700 tid=16946 ready to run
09-12 00:18:32.192 16859 16946 I AudioFlinger: boostThreadPriority: Priority of AudioOut_45 (pid=16859, tid=16946) boosted to 3
09-12 00:18:32.192 16859 16946 W AudioFlinger: no wake lock to update, system not ready yet
09-12 00:18:32.192 16859 16946 D StreamHalAidl: [out|ioHandle:69] standby
09-12 00:18:32.250 16859 16946 W AudioFlinger: no wake lock to update, system not ready yet
09-12 00:18:32.250 16859 16946 D DeviceHalAidl: [default] createAudioPatch: sources: 1 sinks 1
09-12 00:18:32.251 16859 16946 D Hal2AidlMapper: [default] createOrUpdatePatch: patch ID: 0, [disregard IDs] sources: [AudioPortConfig{id: 16, portId: 0, sampleRate: Int{value: 48000}, channelMask: AudioChannelLayout{layoutMask: 3}, format: AudioFormatDescription{type: PCM, pcm: INT_16_BIT, encoding: }, gain: (null), flags: AudioIoFlags{output: 16384}, ext: AudioPortExt{mix: AudioPortMixExt{handle: 69, usecase: AudioPortMixExtUseCase{stream: SYS_RESERVED_DEFAULT}, maxOpenStreamCount: 0, maxActiveStreamCount: 0, recommendedMuteDurationMs: 0}}}], sinks: [AudioPortConfig{id: 12, portId: 0, sampleRate: (null), channelMask: (null), format: (null), gain: (null), flags: (null), ext: AudioPortExt{device: AudioPortDeviceExt{device: AudioDevice{type: AudioDeviceDescription{type: OUT_TELEPHONY_TX, connection: }, address: AudioDeviceAddress{id: }}, flags: 0, encodedFormats: [], encapsulationModes: 0, encapsulationMetadataTypes: 0, speakerLayout: (null)}}}]
09-12 00:18:32.251 16859 16946 D Hal2AidlMapper: [default] findOrCreatePortConfig: device port config does not have audio or gain config specified
09-12 00:18:32.251 16859 16946 I Hal2AidlMapper: [default] createOrUpdatePatch: Updating transient patch. Current: AudioPatch{id: 8, sourcePortConfigIds: [37], sinkPortConfigIds: [34], minimumStreamBufferSizeFrames: 960, latenciesMs: [10]}, new: AudioPatch{id: 8, sourcePortConfigIds: [37], sinkPortConfigIds: [34], minimumStreamBufferSizeFrames: 0, latenciesMs: []}
09-12 00:18:32.251 16866 16872 I AHAL_Module_QTI: setAudioPatch: requested patch AudioPatch{id: 8, sourcePortConfigIds: [37], sinkPortConfigIds: [34], minimumStreamBufferSizeFrames: 0, latenciesMs: []}
09-12 00:18:32.251 16866 16872 I AHAL_Module_QTI: setAudioPatch: updated from [in_call_music  -> telephony_tx  ] AudioPatch{id: 8, sourcePortConfigIds: [37], sinkPortConfigIds: [34], minimumStreamBufferSizeFrames: 960, latenciesMs: [10]} to [in_call_music  -> telephony_tx  ] AudioPatch{id: 8, sourcePortConfigIds: [37], sinkPortConfigIds: [34], minimumStreamBufferSizeFrames: 0, latenciesMs: []}
09-12 00:18:32.252 16859 16946 E StreamHalAidl: Function: getRecommendedLatencyModes Line: 1351 Failed 
09-12 00:18:32.255 16859 16859 D DeviceHalAidl: [default] openInputStream: handle: 14 devices 80000004 flags 0 mixPortHalId 10
09-12 00:18:32.255 16859 16859 D Hal2AidlMapper: [default] prepareToOpenStream: handle 14, mixPortHalId 10, device AudioDevice{type: AudioDeviceDescription{type: IN_MICROPHONE, connection: }, address: AudioDeviceAddress{id: bottom}}, flags AudioIoFlags{input: 0}, source MIC, config AudioConfig{base: AudioConfigBase{sampleRate: 48000, channelMask: AudioChannelLayout{layoutMask: 1}, format: AudioFormatDescription{type: PCM, pcm: INT_16_BIT, encoding: }}, offloadInfo: AudioOffloadInfo{base: AudioConfigBase{sampleRate: 0, channelMask: AudioChannelLayout{none: 0}, format: AudioFormatDescription{type: DEFAULT, pcm: DEFAULT, encoding: }}, streamType: VOICE_CALL, bitRatePerSecond: 0, durationUs: 0, hasVideo: false, isStreaming: false, bitWidth: 16, offloadBufferSize: 0, usage: UNKNOWN, encapsulationMode: NONE, contentId: 0, syncId: 0}, frameCount: 0}, mixport config AudioPortConfig{id: 0, portId: 0, sampleRate: (null), channelMask: (null), format: (null), gain: (null), flags: (null), ext: AudioPortExt{unspecified: false}}
09-12 00:18:32.256 16866 16866 D AHAL_Module_QTI: setAudioPortConfig: requested AudioPortConfig{id: 0, portId: 25, sampleRate: Int{value: 48000}, channelMask: AudioChannelLayout{layoutMask: 1}, format: AudioFormatDescription{type: PCM, pcm: INT_16_BIT, encoding: }, gain: (null), flags: (null), ext: AudioPortExt{unspecified: false}}
09-12 00:18:32.256 16866 16866 D AHAL_Module_QTI: setAudioPortConfig: not applied; existing config ? 0; requested is valid? 1, fully specified? 0
09-12 00:18:32.256 16866 16866 D AHAL_Module_QTI: setAudioPortConfig: requested AudioPortConfig{id: 0, portId: 25, sampleRate: Int{value: 48000}, channelMask: AudioChannelLayout{layoutMask: 1}, format: AudioFormatDescription{type: PCM, pcm: INT_16_BIT, encoding: }, gain: (null), flags: AudioIoFlags{input: 0}, ext: AudioPortExt{device: AudioPortDeviceExt{device: AudioDevice{type: AudioDeviceDescription{type: IN_MICROPHONE, connection: }, address: AudioDeviceAddress{id: bottom}}, flags: 1, encodedFormats: [], encapsulationModes: 0, encapsulationMetadataTypes: 0, speakerLayout: (null)}}}
09-12 00:18:32.257 16866 16866 D AHAL_Module_QTI: setAudioPortConfig: created new port config for built_in_mic AudioPortConfig{id: 38, portId: 25, sampleRate: Int{value: 48000}, channelMask: AudioChannelLayout{layoutMask: 1}, format: AudioFormatDescription{type: PCM, pcm: INT_16_BIT, encoding: }, gain: (null), flags: AudioIoFlags{input: 0}, ext: AudioPortExt{device: AudioPortDeviceExt{device: AudioDevice{type: AudioDeviceDescription{type: IN_MICROPHONE, connection: }, address: AudioDeviceAddress{id: bottom}}, flags: 1, encodedFormats: [], encapsulationModes: 0, encapsulationMetadataTypes: 0, speakerLayout: (null)}}}
09-12 00:18:32.258 16866 16866 D AHAL_Module_QTI: setAudioPortConfig: requested AudioPortConfig{id: 0, portId: 10, sampleRate: Int{value: 48000}, channelMask: AudioChannelLayout{layoutMask: 1}, format: AudioFormatDescription{type: PCM, pcm: INT_16_BIT, encoding: }, gain: (null), flags: AudioIoFlags{input: 0}, ext: AudioPortExt{mix: AudioPortMixExt{handle: 14, usecase: AudioPortMixExtUseCase{source: MIC}, maxOpenStreamCount: 0, maxActiveStreamCount: 0, recommendedMuteDurationMs: 0}}}
09-12 00:18:32.258 16866 16866 D AHAL_Module_QTI: setAudioPortConfig: created new port config for primary_in AudioPortConfig{id: 39, portId: 10, sampleRate: Int{value: 48000}, channelMask: AudioChannelLayout{layoutMask: 1}, format: AudioFormatDescription{type: PCM, pcm: INT_16_BIT, encoding: }, gain: (null), flags: AudioIoFlags{input: 0}, ext: AudioPortExt{mix: AudioPortMixExt{handle: 14, usecase: AudioPortMixExtUseCase{source: MIC}, maxOpenStreamCount: 1, maxActiveStreamCount: 1, recommendedMuteDurationMs: 0}}}
09-12 00:18:32.259 16866 16866 I AHAL_Module_QTI: setAudioPatch: requested patch AudioPatch{id: 0, sourcePortConfigIds: [38], sinkPortConfigIds: [39], minimumStreamBufferSizeFrames: 0, latenciesMs: []}
09-12 00:18:32.259 16866 16866 I AHAL_Module_QTI: setAudioPatch: created [built_in_mic  -> primary_in  ] AudioPatch{id: 9, sourcePortConfigIds: [38], sinkPortConfigIds: [39], minimumStreamBufferSizeFrames: 960, latenciesMs: [10]}
09-12 00:18:32.260 16866 16866 D AHAL_Module_QTI: openInputStream: port config id 39, buffer size 960 frames
09-12 00:18:32.260 16866 16866 D AHAL_Module_QTI: createStreamContext: frame size 2 bytes
09-12 00:18:32.262 16866 16866 D AHAL_Stream_QTI: StreamIn
09-12 00:18:32.262 16866 16866 E AHAL_StreamIn_QTI: updateMetadataCommon: stream was closed
09-12 00:18:32.262 16866 16866 D AHAL_StreamIn_QTI: StreamInPrimary : usecase: PCM_RECORD IoHandle:14
09-12 00:18:32.263 16866 16866 D AHAL_StreamIn_QTI: configureConnectedDevices_I : usecase: PCM_RECORD IoHandle:14 stream is connected to devices:;AudioDevice{type: AudioDeviceDescription{type: IN_MICROPHONE, connection: }, address: AudioDeviceAddress{id: bottom}}
09-12 00:18:32.265 16866 16866 D AHAL_Stream_QTI: getStreamCommonCommon: returning 0xefc13ea0
09-12 00:18:32.266 16859 16859 D StreamHalAidl: [in|ioHandle:14] StreamHalAidl
09-12 00:18:32.266 16859 16859 D StreamHalAidl: [in|ioHandle:14] getAudioProperties
09-12 00:18:32.266 16859 16859 D StreamHalAidl: [in|ioHandle:14] getFrameSize
09-12 00:18:32.268 16859 16859 D StreamHalAidl: [in|ioHandle:14] getAudioProperties
09-12 00:18:32.268 16859 16859 D StreamHalAidl: [in|ioHandle:14] getAudioProperties
09-12 00:18:32.268 16859 16859 D StreamHalAidl: [in|ioHandle:14] getBufferSize
09-12 00:18:32.268 16859 16859 I StreamHalAidl: [in|ioHandle:14] getBufferSize: size: 1920
09-12 00:18:32.269 16859 16859 D StreamHalAidl: [in|ioHandle:14] getBufferSize
09-12 00:18:32.269 16859 16859 I StreamHalAidl: [in|ioHandle:14] getBufferSize: size: 1920
09-12 00:18:32.269 16859 16859 D StreamHalAidl: [in|ioHandle:14] getAudioProperties
09-12 00:18:32.269 16859 16948 I AudioFlinger: AudioFlinger's thread 0xef5db148 tid=16948 ready to run
09-12 00:18:32.269   869   869 W libbinder.ServiceManagerCppClient: Waited one second for android.frameworks.stats.IStats/default (is service started? Number of threads started in the threadpool: 1. Are binder threads started and available?)
09-12 00:18:32.270 16859 16859 D StreamHalAidl: [in|ioHandle:14] dump
09-12 00:18:32.270 16859 16948 D StreamHalAidl: [in|ioHandle:14] standby
09-12 00:18:32.271 16859 16948 W AudioFlinger: no wake lock to update, system not ready yet
09-12 00:18:32.272 16859 16948 D StreamHalAidl: [in|ioHandle:14] standby
09-12 00:18:32.272 16866 16866 E AHAL_StreamIn_QTI: updateMetadataCommon : usecase: PCM_RECORD IoHandle:14: stream was closed
09-12 00:18:32.272 16859 16948 W AudioFlinger: no wake lock to update, system not ready yet
09-12 00:18:32.273 16859 16859 D StreamHalAidl: [in|ioHandle:14] close
09-12 00:18:32.273 16866 16866 D AHAL_Stream_QTI: close
09-12 00:18:32.273 16866 16866 D AHAL_Stream_QTI: stopWorker: asking the worker to exit...
09-12 00:18:32.273 16866 16866 D AHAL_Stream_QTI: stopWorker: done
09-12 00:18:32.273   320 16950 W libc    : Unable to set property "ctl.interface_start" to "aidl/android.frameworks.stats.IStats/default": PROP_ERROR_HANDLE_CONTROL_MESSAGE (0x20)
09-12 00:18:32.273 16866 16866 D AHAL_Stream_QTI: stopAndJoinWorker: joining the worker thread...
09-12 00:18:32.273 16866 16947 D AHAL_Stream_QTI: cycle: received command Command{halReservedExit: 1066796423} in reader
09-12 00:18:32.273 16866 16947 D AHAL_StreamIn_QTI: shutdown_I : usecase: PCM_RECORD IoHandle:14
09-12 00:18:32.274 16866 16866 D AHAL_Stream_QTI: stopAndJoinWorker: worker thread joined
09-12 00:18:32.274 16859 16859 D DeviceHalAidl: [default] streamClosed
09-12 00:18:32.274 16859 16859 D Hal2AidlMapper: [default] releaseAudioPatch: patchId 9
09-12 00:18:32.275 16866 16866 D AHAL_Module_QTI: resetAudioPatch: erased patch 9 [built_in_mic  -> primary_in  ]
09-12 00:18:32.275 16859 16859 D Hal2AidlMapper: [default] resetPortConfig: AudioPortConfig{id: 38, portId: 25, sampleRate: Int{value: 48000}, channelMask: AudioChannelLayout{layoutMask: 1}, format: AudioFormatDescription{type: PCM, pcm: INT_16_BIT, encoding: }, gain: (null), flags: AudioIoFlags{input: 0}, ext: AudioPortExt{device: AudioPortDeviceExt{device: AudioDevice{type: AudioDeviceDescription{type: IN_MICROPHONE, connection: }, address: AudioDeviceAddress{id: bottom}}, flags: 1, encodedFormats: [], encapsulationModes: 0, encapsulationMetadataTypes: 0, speakerLayout: (null)}}}
09-12 00:18:32.276 16866 16866 D AHAL_Module_QTI: resetAudioPortConfig: erased port config 38 built_in_mic
09-12 00:18:32.276 16866 16872 D AHAL_StreamIn_QTI: ~StreamInPrimary : usecase: PCM_RECORD IoHandle:14
09-12 00:18:32.277 16859 16859 D DeviceHalAidl: [default] openInputStream: handle: 22 devices 80000004 flags 2 mixPortHalId 11
09-12 00:18:32.278 16859 16859 D Hal2AidlMapper: [default] prepareToOpenStream: handle 22, mixPortHalId 11, device AudioDevice{type: AudioDeviceDescription{type: IN_MICROPHONE, connection: }, address: AudioDeviceAddress{id: bottom}}, flags AudioIoFlags{input: 2}, source MIC, config AudioConfig{base: AudioConfigBase{sampleRate: 16000, channelMask: AudioChannelLayout{layoutMask: 1}, format: AudioFormatDescription{type: PCM, pcm: INT_16_BIT, encoding: }}, offloadInfo: AudioOffloadInfo{base: AudioConfigBase{sampleRate: 0, channelMask: AudioChannelLayout{none: 0}, format: AudioFormatDescription{type: DEFAULT, pcm: DEFAULT, encoding: }}, streamType: VOICE_CALL, bitRatePerSecond: 0, durationUs: 0, hasVideo: false, isStreaming: false, bitWidth: 16, offloadBufferSize: 0, usage: UNKNOWN, encapsulationMode: NONE, contentId: 0, syncId: 0}, frameCount: 0}, mixport config AudioPortConfig{id: 0, portId: 0, sampleRate: (null), channelMask: (null), format: (null), gain: (null), flags: (null), ext: AudioPortExt{unspecified: false}}
09-12 00:18:32.278 16859 16859 D Hal2AidlMapper: [default] resetPortConfig: AudioPortConfig{id: 39, portId: 10, sampleRate: Int{value: 48000}, channelMask: AudioChannelLayout{layoutMask: 1}, format: AudioFormatDescription{type: PCM, pcm: INT_16_BIT, encoding: }, gain: (null), flags: AudioIoFlags{input: 0}, ext: AudioPortExt{mix: AudioPortMixExt{handle: 14, usecase: AudioPortMixExtUseCase{source: MIC}, maxOpenStreamCount: 1, maxActiveStreamCount: 1, recommendedMuteDurationMs: 0}}}
09-12 00:18:32.278 16866 16866 D AHAL_Module_QTI: resetAudioPortConfig: erased port config 39 primary_in
09-12 00:18:32.279 16866 16866 D AHAL_Module_QTI: setAudioPortConfig: requested AudioPortConfig{id: 0, portId: 25, sampleRate: Int{value: 16000}, channelMask: AudioChannelLayout{layoutMask: 1}, format: AudioFormatDescription{type: PCM, pcm: INT_16_BIT, encoding: }, gain: (null), flags: (null), ext: AudioPortExt{unspecified: false}}
09-12 00:18:32.279 16866 16866 D AHAL_Module_QTI: setAudioPortConfig: not applied; existing config ? 0; requested is valid? 1, fully specified? 0
09-12 00:18:32.279 16866 16866 D AHAL_Module_QTI: setAudioPortConfig: requested AudioPortConfig{id: 0, portId: 25, sampleRate: Int{value: 16000}, channelMask: AudioChannelLayout{layoutMask: 1}, format: AudioFormatDescription{type: PCM, pcm: INT_16_BIT, encoding: }, gain: (null), flags: AudioIoFlags{input: 0}, ext: AudioPortExt{device: AudioPortDeviceExt{device: AudioDevice{type: AudioDeviceDescription{type: IN_MICROPHONE, connection: }, address: AudioDeviceAddress{id: bottom}}, flags: 1, encodedFormats: [], encapsulationModes: 0, encapsulationMetadataTypes: 0, speakerLayout: (null)}}}
09-12 00:18:32.281 16866 16866 D AHAL_Module_QTI: setAudioPortConfig: created new port config for built_in_mic AudioPortConfig{id: 40, portId: 25, sampleRate: Int{value: 16000}, channelMask: AudioChannelLayout{layoutMask: 1}, format: AudioFormatDescription{type: PCM, pcm: INT_16_BIT, encoding: }, gain: (null), flags: AudioIoFlags{input: 0}, ext: AudioPortExt{device: AudioPortDeviceExt{device: AudioDevice{type: AudioDeviceDescription{type: IN_MICROPHONE, connection: }, address: AudioDeviceAddress{id: bottom}}, flags: 1, encodedFormats: [], encapsulationModes: 0, encapsulationMetadataTypes: 0, speakerLayout: (null)}}}
09-12 00:18:32.282 16866 16866 D AHAL_Module_QTI: setAudioPortConfig: requested AudioPortConfig{id: 0, portId: 11, sampleRate: Int{value: 16000}, channelMask: AudioChannelLayout{layoutMask: 1}, format: AudioFormatDescription{type: PCM, pcm: INT_16_BIT, encoding: }, gain: (null), flags: AudioIoFlags{input: 2}, ext: AudioPortExt{mix: AudioPortMixExt{handle: 22, usecase: AudioPortMixExtUseCase{source: MIC}, maxOpenStreamCount: 0, maxActiveStreamCount: 0, recommendedMuteDurationMs: 0}}}
09-12 00:18:32.282 16866 16866 D AHAL_Module_QTI: setAudioPortConfig: created new port config for hotword_input AudioPortConfig{id: 41, portId: 11, sampleRate: Int{value: 16000}, channelMask: AudioChannelLayout{layoutMask: 1}, format: AudioFormatDescription{type: PCM, pcm: INT_16_BIT, encoding: }, gain: (null), flags: AudioIoFlags{input: 2}, ext: AudioPortExt{mix: AudioPortMixExt{handle: 22, usecase: AudioPortMixExtUseCase{source: MIC}, maxOpenStreamCount: 1, maxActiveStreamCount: 0, recommendedMuteDurationMs: 0}}}
09-12 00:18:32.282 16866 16866 I AHAL_Module_QTI: setAudioPatch: requested patch AudioPatch{id: 0, sourcePortConfigIds: [40], sinkPortConfigIds: [41], minimumStreamBufferSizeFrames: 0, latenciesMs: []}
09-12 00:18:32.282 16866 16866 I AHAL_Module_QTI: setAudioPatch: created [built_in_mic  -> hotword_input  ] AudioPatch{id: 10, sourcePortConfigIds: [40], sinkPortConfigIds: [41], minimumStreamBufferSizeFrames: 320, latenciesMs: [10]}
09-12 00:18:32.283 16866 16866 D AHAL_Module_QTI: openInputStream: port config id 41, buffer size 320 frames
09-12 00:18:32.283 16866 16866 D AHAL_Module_QTI: createStreamContext: frame size 2 bytes
09-12 00:18:32.284 16866 16866 D AHAL_Stream_QTI: StreamIn
09-12 00:18:32.284 16866 16866 E AHAL_StreamIn_QTI: updateMetadataCommon: stream was closed
09-12 00:18:32.284 16866 16866 D AHAL_StreamIn_QTI: StreamInPrimary : usecase: HOTWORD_RECORD IoHandle:22
09-12 00:18:32.285 16866 16866 D AHAL_StreamIn_QTI: configureConnectedDevices_I : usecase: HOTWORD_RECORD IoHandle:22 stream is connected to devices:;AudioDevice{type: AudioDeviceDescription{type: IN_MICROPHONE, connection: }, address: AudioDeviceAddress{id: bottom}}
09-12 00:18:32.286 16866 16866 D AHAL_Stream_QTI: getStreamCommonCommon: returning 0xefc13ea0
09-12 00:18:32.286 16859 16859 D StreamHalAidl: [in|ioHandle:22] StreamHalAidl
09-12 00:18:32.286 16859 16859 D StreamHalAidl: [in|ioHandle:22] getAudioProperties
09-12 00:18:32.287 16859 16859 D StreamHalAidl: [in|ioHandle:22] getFrameSize
09-12 00:18:32.287 16859 16859 D StreamHalAidl: [in|ioHandle:22] getAudioProperties
09-12 00:18:32.287 16859 16859 D StreamHalAidl: [in|ioHandle:22] getAudioProperties
09-12 00:18:32.287 16859 16859 D StreamHalAidl: [in|ioHandle:22] getBufferSize
09-12 00:18:32.288 16859 16859 I StreamHalAidl: [in|ioHandle:22] getBufferSize: size: 640
09-12 00:18:32.288 16859 16859 D StreamHalAidl: [in|ioHandle:22] getBufferSize
09-12 00:18:32.288 16859 16859 I StreamHalAidl: [in|ioHandle:22] getBufferSize: size: 640
09-12 00:18:32.288 16859 16859 D StreamHalAidl: [in|ioHandle:22] getAudioProperties
09-12 00:18:32.289 16859 16952 I AudioFlinger: AudioFlinger's thread 0xef5db048 tid=16952 ready to run
09-12 00:18:32.289 16859 16952 D StreamHalAidl: [in|ioHandle:22] standby
09-12 00:18:32.289 16859 16859 D StreamHalAidl: [in|ioHandle:22] dump
09-12 00:18:32.290 16859 16952 W AudioFlinger: no wake lock to update, system not ready yet
09-12 00:18:32.291 16859 16952 D StreamHalAidl: [in|ioHandle:22] standby
09-12 00:18:32.291 16866 16866 E AHAL_StreamIn_QTI: updateMetadataCommon : usecase: HOTWORD_RECORD IoHandle:22: stream was closed
09-12 00:18:32.291 16859 16952 W AudioFlinger: no wake lock to update, system not ready yet
09-12 00:18:32.291 16859 16859 D StreamHalAidl: [in|ioHandle:22] close
09-12 00:18:32.292 16866 16872 D AHAL_Stream_QTI: close
09-12 00:18:32.292 16866 16872 D AHAL_Stream_QTI: stopWorker: asking the worker to exit...
09-12 00:18:32.292 16866 16872 D AHAL_Stream_QTI: stopWorker: done
09-12 00:18:32.292 16866 16951 D AHAL_Stream_QTI: cycle: received command Command{halReservedExit: 1755028163} in reader
09-12 00:18:32.292 16866 16872 D AHAL_Stream_QTI: stopAndJoinWorker: joining the worker thread...
09-12 00:18:32.292 16866 16951 D AHAL_StreamIn_QTI: shutdown_I : usecase: HOTWORD_RECORD IoHandle:22
09-12 00:18:32.292 16866 16872 D AHAL_Stream_QTI: stopAndJoinWorker: worker thread joined
09-12 00:18:32.293 16859 16859 D DeviceHalAidl: [default] streamClosed
09-12 00:18:32.293 16859 16859 D Hal2AidlMapper: [default] releaseAudioPatch: patchId 10
09-12 00:18:32.293 16866 16872 D AHAL_Module_QTI: resetAudioPatch: erased patch 10 [built_in_mic  -> hotword_input  ]
09-12 00:18:32.293 16859 16859 D Hal2AidlMapper: [default] resetPortConfig: AudioPortConfig{id: 40, portId: 25, sampleRate: Int{value: 16000}, channelMask: AudioChannelLayout{layoutMask: 1}, format: AudioFormatDescription{type: PCM, pcm: INT_16_BIT, encoding: }, gain: (null), flags: AudioIoFlags{input: 0}, ext: AudioPortExt{device: AudioPortDeviceExt{device: AudioDevice{type: AudioDeviceDescription{type: IN_MICROPHONE, connection: }, address: AudioDeviceAddress{id: bottom}}, flags: 1, encodedFormats: [], encapsulationModes: 0, encapsulationMetadataTypes: 0, speakerLayout: (null)}}}
09-12 00:18:32.294 16858 16858 D nativeloader: Load libjavacrypto.so using APEX ns com_android_conscrypt for caller /apex/com.android.conscrypt/javalib/conscrypt.jar: ok
09-12 00:18:32.294 16866 16872 D AHAL_Module_QTI: resetAudioPortConfig: erased port config 40 built_in_mic
09-12 00:18:32.294 16866 16866 D AHAL_StreamIn_QTI: ~StreamInPrimary : usecase: HOTWORD_RECORD IoHandle:22
09-12 00:18:32.295 16859 16859 W APM_AudioPolicyManager: Input profile contains no device on module primary
09-12 00:18:32.295 16859 16859 D DeviceHalAidl: [default] openInputStream: handle: 30 devices 80000004 flags 5 mixPortHalId 13
09-12 00:18:32.295 16859 16859 D Hal2AidlMapper: [default] prepareToOpenStream: handle 30, mixPortHalId 13, device AudioDevice{type: AudioDeviceDescription{type: IN_MICROPHONE, connection: }, address: AudioDeviceAddress{id: bottom}}, flags AudioIoFlags{input: 5}, source MIC, config AudioConfig{base: AudioConfigBase{sampleRate: 48000, channelMask: AudioChannelLayout{layoutMask: 1}, format: AudioFormatDescription{type: PCM, pcm: INT_16_BIT, encoding: }}, offloadInfo: AudioOffloadInfo{base: AudioConfigBase{sampleRate: 0, channelMask: AudioChannelLayout{none: 0}, format: AudioFormatDescription{type: DEFAULT, pcm: DEFAULT, encoding: }}, streamType: VOICE_CALL, bitRatePerSecond: 0, durationUs: 0, hasVideo: false, isStreaming: false, bitWidth: 16, offloadBufferSize: 0, usage: UNKNOWN, encapsulationMode: NONE, contentId: 0, syncId: 0}, frameCount: 0}, mixport config AudioPortConfig{id: 0, portId: 0, sampleRate: (null), channelMask: (null), format: (null), gain: (null), flags: (null), ext: AudioPortExt{unspecified: false}}
09-12 00:18:32.295 16859 16859 D Hal2AidlMapper: [default] resetPortConfig: AudioPortConfig{id: 41, portId: 11, sampleRate: Int{value: 16000}, channelMask: AudioChannelLayout{layoutMask: 1}, format: AudioFormatDescription{type: PCM, pcm: INT_16_BIT, encoding: }, gain: (null), flags: AudioIoFlags{input: 2}, ext: AudioPortExt{mix: AudioPortMixExt{handle: 22, usecase: AudioPortMixExtUseCase{source: MIC}, maxOpenStreamCount: 1, maxActiveStreamCount: 0, recommendedMuteDurationMs: 0}}}
09-12 00:18:32.296 16866 16872 D AHAL_Module_QTI: resetAudioPortConfig: erased port config 41 hotword_input
09-12 00:18:32.296 16866 16872 D AHAL_Module_QTI: setAudioPortConfig: requested AudioPortConfig{id: 0, portId: 25, sampleRate: Int{value: 48000}, channelMask: AudioChannelLayout{layoutMask: 1}, format: AudioFormatDescription{type: PCM, pcm: INT_16_BIT, encoding: }, gain: (null), flags: (null), ext: AudioPortExt{unspecified: false}}
09-12 00:18:32.296 16866 16872 D AHAL_Module_QTI: setAudioPortConfig: not applied; existing config ? 0; requested is valid? 1, fully specified? 0
09-12 00:18:32.297 16866 16872 D AHAL_Module_QTI: setAudioPortConfig: requested AudioPortConfig{id: 0, portId: 25, sampleRate: Int{value: 48000}, channelMask: AudioChannelLayout{layoutMask: 1}, format: AudioFormatDescription{type: PCM, pcm: INT_16_BIT, encoding: }, gain: (null), flags: AudioIoFlags{input: 0}, ext: AudioPortExt{device: AudioPortDeviceExt{device: AudioDevice{type: AudioDeviceDescription{type: IN_MICROPHONE, connection: }, address: AudioDeviceAddress{id: bottom}}, flags: 1, encodedFormats: [], encapsulationModes: 0, encapsulationMetadataTypes: 0, speakerLayout: (null)}}}
09-12 00:18:32.297 16866 16872 D AHAL_Module_QTI: setAudioPortConfig: created new port config for built_in_mic AudioPortConfig{id: 42, portId: 25, sampleRate: Int{value: 48000}, channelMask: AudioChannelLayout{layoutMask: 1}, format: AudioFormatDescription{type: PCM, pcm: INT_16_BIT, encoding: }, gain: (null), flags: AudioIoFlags{input: 0}, ext: AudioPortExt{device: AudioPortDeviceExt{device: AudioDevice{type: AudioDeviceDescription{type: IN_MICROPHONE, connection: }, address: AudioDeviceAddress{id: bottom}}, flags: 1, encodedFormats: [], encapsulationModes: 0, encapsulationMetadataTypes: 0, speakerLayout: (null)}}}
09-12 00:18:32.298 16866 16872 D AHAL_Module_QTI: setAudioPortConfig: requested AudioPortConfig{id: 0, portId: 13, sampleRate: Int{value: 48000}, channelMask: AudioChannelLayout{layoutMask: 1}, format: AudioFormatDescription{type: PCM, pcm: INT_16_BIT, encoding: }, gain: (null), flags: AudioIoFlags{input: 5}, ext: AudioPortExt{mix: AudioPortMixExt{handle: 30, usecase: AudioPortMixExtUseCase{source: MIC}, maxOpenStreamCount: 0, maxActiveStreamCount: 0, recommendedMuteDurationMs: 0}}}
09-12 00:18:32.298 16866 16872 D AHAL_Module_QTI: setAudioPortConfig: created new port config for fast_raw_input AudioPortConfig{id: 43, portId: 13, sampleRate: Int{value: 48000}, channelMask: AudioChannelLayout{layoutMask: 1}, format: AudioFormatDescription{type: PCM, pcm: INT_16_BIT, encoding: }, gain: (null), flags: AudioIoFlags{input: 5}, ext: AudioPortExt{mix: AudioPortMixExt{handle: 30, usecase: AudioPortMixExtUseCase{source: MIC}, maxOpenStreamCount: 1, maxActiveStreamCount: 1, recommendedMuteDurationMs: 0}}}
09-12 00:18:32.298 16866 16872 I AHAL_Module_QTI: setAudioPatch: requested patch AudioPatch{id: 0, sourcePortConfigIds: [42], sinkPortConfigIds: [43], minimumStreamBufferSizeFrames: 0, latenciesMs: []}
09-12 00:18:32.298 16866 16872 I AHAL_Module_QTI: setAudioPatch: created [built_in_mic  -> fast_raw_input  ] AudioPatch{id: 11, sourcePortConfigIds: [42], sinkPortConfigIds: [43], minimumStreamBufferSizeFrames: 96, latenciesMs: [10]}
09-12 00:18:32.299 16866 16918 D AHAL_Module_QTI: openInputStream: port config id 43, buffer size 96 frames
09-12 00:18:32.299 16866 16918 D AHAL_Module_QTI: createStreamContext: frame size 2 bytes
09-12 00:18:32.299 16866 16918 D AHAL_Stream_QTI: StreamIn
09-12 00:18:32.300 16866 16918 E AHAL_StreamIn_QTI: updateMetadataCommon: stream was closed
09-12 00:18:32.300 16866 16918 D AHAL_StreamIn_QTI: StreamInPrimary : usecase: ULTRA_FAST_RECORD IoHandle:30
09-12 00:18:32.300 16866 16918 D AHAL_Stream_QTI: initInstance: increase scheduling for tid : 16954
09-12 00:18:32.300 16866 16918 D AHAL_StreamIn_QTI: configureConnectedDevices_I : usecase: ULTRA_FAST_RECORD IoHandle:30 stream is connected to devices:;AudioDevice{type: AudioDeviceDescription{type: IN_MICROPHONE, connection: }, address: AudioDeviceAddress{id: bottom}}
09-12 00:18:32.301 16866 16918 D AHAL_Stream_QTI: getStreamCommonCommon: returning 0xefc13e78
09-12 00:18:32.302 16859 16859 D StreamHalAidl: [in|ioHandle:30] StreamHalAidl
09-12 00:18:32.302 16859 16859 D StreamHalAidl: [in|ioHandle:30] getAudioProperties
09-12 00:18:32.302 16859 16859 D StreamHalAidl: [in|ioHandle:30] getFrameSize
09-12 00:18:32.303 16859 16859 D StreamHalAidl: [in|ioHandle:30] getAudioProperties
09-12 00:18:32.303 16859 16859 D StreamHalAidl: [in|ioHandle:30] getAudioProperties
09-12 00:18:32.303 16859 16859 D StreamHalAidl: [in|ioHandle:30] getBufferSize
09-12 00:18:32.303 16859 16859 I StreamHalAidl: [in|ioHandle:30] getBufferSize: size: 192
09-12 00:18:32.304 16859 16859 D StreamHalAidl: [in|ioHandle:30] getBufferSize
09-12 00:18:32.304 16859 16859 I StreamHalAidl: [in|ioHandle:30] getBufferSize: size: 192
09-12 00:18:32.304 16859 16859 D StreamHalAidl: [in|ioHandle:30] getAudioProperties
09-12 00:18:32.304 16859 16859 W libutils.threads: Thread (this=0xef147f00): getTid() is undefined before run()
09-12 00:18:32.305 16859 16956 I AudioFlinger: AudioFlinger's thread 0xef5db5c8 tid=16956 ready to run
09-12 00:18:32.305 16859 16956 I AudioFlinger: boostThreadPriority: Priority of AudioIn_1E (pid=16859, tid=16956) boosted to 1
09-12 00:18:32.305 16859 16956 D StreamHalAidl: [in|ioHandle:30] standby
09-12 00:18:32.305 16859 16859 D StreamHalAidl: [in|ioHandle:30] dump
09-12 00:18:32.307 16859 16956 W AudioFlinger: no wake lock to update, system not ready yet
09-12 00:18:32.307 16859 16956 D StreamHalAidl: [in|ioHandle:30] standby
09-12 00:18:32.307 16866 16918 E AHAL_StreamIn_QTI: updateMetadataCommon : usecase: ULTRA_FAST_RECORD IoHandle:30: stream was closed
09-12 00:18:32.307 16859 16956 W AudioFlinger: no wake lock to update, system not ready yet
09-12 00:18:32.308 16859 16859 D StreamHalAidl: [in|ioHandle:30] close
09-12 00:18:32.308 16866 16872 D AHAL_Stream_QTI: close
09-12 00:18:32.308 16866 16872 D AHAL_Stream_QTI: stopWorker: asking the worker to exit...
09-12 00:18:32.308 16866 16872 D AHAL_Stream_QTI: stopWorker: done
09-12 00:18:32.308 16866 16954 D AHAL_Stream_QTI: cycle: received command Command{halReservedExit: 814570180} in reader
09-12 00:18:32.308 16866 16954 D AHAL_StreamIn_QTI: shutdown_I : usecase: ULTRA_FAST_RECORD IoHandle:30
09-12 00:18:32.308 16866 16872 D AHAL_Stream_QTI: stopAndJoinWorker: joining the worker thread...
09-12 00:18:32.308 16866 16872 D AHAL_Stream_QTI: stopAndJoinWorker: worker thread joined
09-12 00:18:32.309 16859 16859 D DeviceHalAidl: [default] streamClosed
09-12 00:18:32.309 16859 16859 D Hal2AidlMapper: [default] releaseAudioPatch: patchId 11
09-12 00:18:32.309 16866 16872 D AHAL_Module_QTI: resetAudioPatch: erased patch 11 [built_in_mic  -> fast_raw_input  ]
09-12 00:18:32.310 16859 16859 D Hal2AidlMapper: [default] resetPortConfig: AudioPortConfig{id: 42, portId: 25, sampleRate: Int{value: 48000}, channelMask: AudioChannelLayout{layoutMask: 1}, format: AudioFormatDescription{type: PCM, pcm: INT_16_BIT, encoding: }, gain: (null), flags: AudioIoFlags{input: 0}, ext: AudioPortExt{device: AudioPortDeviceExt{device: AudioDevice{type: AudioDeviceDescription{type: IN_MICROPHONE, connection: }, address: AudioDeviceAddress{id: bottom}}, flags: 1, encodedFormats: [], encapsulationModes: 0, encapsulationMetadataTypes: 0, speakerLayout: (null)}}}
09-12 00:18:32.310 16866 16872 D AHAL_Module_QTI: resetAudioPortConfig: erased port config 42 built_in_mic
09-12 00:18:32.311 16866 16872 D AHAL_StreamIn_QTI: ~StreamInPrimary : usecase: ULTRA_FAST_RECORD IoHandle:30
09-12 00:18:32.311 16859 16955 E FastThread: did not receive expected priority boost on time
09-12 00:18:32.312 16859 16859 D DeviceHalAidl: [default] openInputStream: handle: 38 devices 80000040 flags 0 mixPortHalId 14
09-12 00:18:32.312 16859 16859 D Hal2AidlMapper: [default] prepareToOpenStream: handle 38, mixPortHalId 14, device AudioDevice{type: AudioDeviceDescription{type: IN_TELEPHONY_RX, connection: }, address: AudioDeviceAddress{id: }}, flags AudioIoFlags{input: 0}, source MIC, config AudioConfig{base: AudioConfigBase{sampleRate: 48000, channelMask: AudioChannelLayout{layoutMask: 1}, format: AudioFormatDescription{type: PCM, pcm: INT_16_BIT, encoding: }}, offloadInfo: AudioOffloadInfo{base: AudioConfigBase{sampleRate: 0, channelMask: AudioChannelLayout{none: 0}, format: AudioFormatDescription{type: DEFAULT, pcm: DEFAULT, encoding: }}, streamType: VOICE_CALL, bitRatePerSecond: 0, durationUs: 0, hasVideo: false, isStreaming: false, bitWidth: 16, offloadBufferSize: 0, usage: UNKNOWN, encapsulationMode: NONE, contentId: 0, syncId: 0}, frameCount: 0}, mixport config AudioPortConfig{id: 0, portId: 0, sampleRate: (null), channelMask: (null), format: (null), gain: (null), flags: (null), ext: AudioPortExt{unspecified: false}}
09-12 00:18:32.314 16859 16859 D Hal2AidlMapper: [default] resetPortConfig: AudioPortConfig{id: 43, portId: 13, sampleRate: Int{value: 48000}, channelMask: AudioChannelLayout{layoutMask: 1}, format: AudioFormatDescription{type: PCM, pcm: INT_16_BIT, encoding: }, gain: (null), flags: AudioIoFlags{input: 5}, ext: AudioPortExt{mix: AudioPortMixExt{handle: 30, usecase: AudioPortMixExtUseCase{source: MIC}, maxOpenStreamCount: 1, maxActiveStreamCount: 1, recommendedMuteDurationMs: 0}}}
09-12 00:18:32.314 16866 16872 D AHAL_Module_QTI: resetAudioPortConfig: erased port config 43 fast_raw_input
09-12 00:18:32.315 16866 16872 D AHAL_Module_QTI: setAudioPortConfig: requested AudioPortConfig{id: 0, portId: 27, sampleRate: Int{value: 48000}, channelMask: AudioChannelLayout{layoutMask: 1}, format: AudioFormatDescription{type: PCM, pcm: INT_16_BIT, encoding: }, gain: (null), flags: (null), ext: AudioPortExt{unspecified: false}}
09-12 00:18:32.315 16866 16872 D AHAL_Module_QTI: setAudioPortConfig: not applied; existing config ? 0; requested is valid? 1, fully specified? 0
09-12 00:18:32.315 16866 16872 D AHAL_Module_QTI: setAudioPortConfig: requested AudioPortConfig{id: 0, portId: 27, sampleRate: Int{value: 48000}, channelMask: AudioChannelLayout{layoutMask: 1}, format: AudioFormatDescription{type: PCM, pcm: INT_16_BIT, encoding: }, gain: (null), flags: AudioIoFlags{input: 0}, ext: AudioPortExt{device: AudioPortDeviceExt{device: AudioDevice{type: AudioDeviceDescription{type: IN_TELEPHONY_RX, connection: }, address: AudioDeviceAddress{id: }}, flags: 0, encodedFormats: [], encapsulationModes: 0, encapsulationMetadataTypes: 0, speakerLayout: (null)}}}
09-12 00:18:32.315 16866 16872 D AHAL_Module_QTI: setAudioPortConfig: created new port config for telephony_rx AudioPortConfig{id: 44, portId: 27, sampleRate: Int{value: 48000}, channelMask: AudioChannelLayout{layoutMask: 1}, format: AudioFormatDescription{type: PCM, pcm: INT_16_BIT, encoding: }, gain: (null), flags: AudioIoFlags{input: 0}, ext: AudioPortExt{device: AudioPortDeviceExt{device: AudioDevice{type: AudioDeviceDescription{type: IN_TELEPHONY_RX, connection: }, address: AudioDeviceAddress{id: }}, flags: 0, encodedFormats: [], encapsulationModes: 0, encapsulationMetadataTypes: 0, speakerLayout: (null)}}}
09-12 00:18:32.316 16866 16872 D AHAL_Module_QTI: setAudioPortConfig: requested AudioPortConfig{id: 0, portId: 14, sampleRate: Int{value: 48000}, channelMask: AudioChannelLayout{layoutMask: 1}, format: AudioFormatDescription{type: PCM, pcm: INT_16_BIT, encoding: }, gain: (null), flags: AudioIoFlags{input: 0}, ext: AudioPortExt{mix: AudioPortMixExt{handle: 38, usecase: AudioPortMixExtUseCase{source: MIC}, maxOpenStreamCount: 0, maxActiveStreamCount: 0, recommendedMuteDurationMs: 0}}}
09-12 00:18:32.316 16866 16872 D AHAL_Module_QTI: setAudioPortConfig: created new port config for voice_rx AudioPortConfig{id: 45, portId: 14, sampleRate: Int{value: 48000}, channelMask: AudioChannelLayout{layoutMask: 1}, format: AudioFormatDescription{type: PCM, pcm: INT_16_BIT, encoding: }, gain: (null), flags: AudioIoFlags{input: 0}, ext: AudioPortExt{mix: AudioPortMixExt{handle: 38, usecase: AudioPortMixExtUseCase{source: MIC}, maxOpenStreamCount: 1, maxActiveStreamCount: 1, recommendedMuteDurationMs: 0}}}
09-12 00:18:32.316 16866 16872 I AHAL_Module_QTI: setAudioPatch: requested patch AudioPatch{id: 0, sourcePortConfigIds: [44], sinkPortConfigIds: [45], minimumStreamBufferSizeFrames: 0, latenciesMs: []}
09-12 00:18:32.316 16866 16872 I AHAL_Module_QTI: setAudioPatch: created [telephony_rx  -> voice_rx  ] AudioPatch{id: 12, sourcePortConfigIds: [44], sinkPortConfigIds: [45], minimumStreamBufferSizeFrames: 960, latenciesMs: [10]}
09-12 00:18:32.317 16866 16872 D AHAL_Module_QTI: openInputStream: port config id 45, buffer size 960 frames
09-12 00:18:32.317 16866 16872 D AHAL_Module_QTI: createStreamContext: frame size 2 bytes
09-12 00:18:32.318 16866 16872 D AHAL_Stream_QTI: StreamIn
09-12 00:18:32.318 16866 16872 E AHAL_StreamIn_QTI: updateMetadataCommon: stream was closed
09-12 00:18:32.318 16866 16872 D AHAL_StreamIn_QTI: StreamInPrimary : usecase: PCM_RECORD IoHandle:38
09-12 00:18:32.318 16866 16872 D AHAL_StreamIn_QTI: configureConnectedDevices_I : usecase: PCM_RECORD IoHandle:38 stream is connected to devices:;AudioDevice{type: AudioDeviceDescription{type: IN_TELEPHONY_RX, connection: }, address: AudioDeviceAddress{id: }}
09-12 00:18:32.320 16866 16872 D AHAL_Stream_QTI: getStreamCommonCommon: returning 0xefc13ea0
09-12 00:18:32.320 16859 16859 D StreamHalAidl: [in|ioHandle:38] StreamHalAidl
09-12 00:18:32.320 16859 16859 D StreamHalAidl: [in|ioHandle:38] getAudioProperties
09-12 00:18:32.321 16859 16859 D StreamHalAidl: [in|ioHandle:38] getFrameSize
09-12 00:18:32.321 16859 16859 D StreamHalAidl: [in|ioHandle:38] getAudioProperties
09-12 00:18:32.321 16859 16859 D StreamHalAidl: [in|ioHandle:38] getAudioProperties
09-12 00:18:32.321 16859 16859 D StreamHalAidl: [in|ioHandle:38] getBufferSize
09-12 00:18:32.321 16859 16859 I StreamHalAidl: [in|ioHandle:38] getBufferSize: size: 1920
09-12 00:18:32.322 16859 16859 D StreamHalAidl: [in|ioHandle:38] getBufferSize
09-12 00:18:32.322 16859 16859 I StreamHalAidl: [in|ioHandle:38] getBufferSize: size: 1920
09-12 00:18:32.322 16859 16859 D StreamHalAidl: [in|ioHandle:38] getAudioProperties
09-12 00:18:32.322 16859 16959 I AudioFlinger: AudioFlinger's thread 0xef5dbe08 tid=16959 ready to run
09-12 00:18:32.323 16859 16959 D StreamHalAidl: [in|ioHandle:38] standby
09-12 00:18:32.323 16859 16959 W AudioFlinger: no wake lock to update, system not ready yet
09-12 00:18:32.323 16859 16959 D StreamHalAidl: [in|ioHandle:38] standby
09-12 00:18:32.323 16859 16859 D StreamHalAidl: [in|ioHandle:38] dump
09-12 00:18:32.326 16866 16872 E AHAL_StreamIn_QTI: updateMetadataCommon : usecase: PCM_RECORD IoHandle:38: stream was closed
09-12 00:18:32.326 16859 16959 W AudioFlinger: no wake lock to update, system not ready yet
09-12 00:18:32.327 16859 16859 D StreamHalAidl: [in|ioHandle:38] close
09-12 00:18:32.327 16866 16872 D AHAL_Stream_QTI: close
09-12 00:18:32.327 16866 16872 D AHAL_Stream_QTI: stopWorker: asking the worker to exit...
09-12 00:18:32.327 16866 16872 D AHAL_Stream_QTI: stopWorker: done
09-12 00:18:32.327 16866 16958 D AHAL_Stream_QTI: cycle: received command Command{halReservedExit: 392876112} in reader
09-12 00:18:32.327 16866 16872 D AHAL_Stream_QTI: stopAndJoinWorker: joining the worker thread...
09-12 00:18:32.327 16866 16958 D AHAL_StreamIn_QTI: shutdown_I : usecase: PCM_RECORD IoHandle:38
09-12 00:18:32.328 16866 16872 D AHAL_Stream_QTI: stopAndJoinWorker: worker thread joined
09-12 00:18:32.328 16859 16859 D DeviceHalAidl: [default] streamClosed
09-12 00:18:32.328 16859 16859 D Hal2AidlMapper: [default] releaseAudioPatch: patchId 12
09-12 00:18:32.328 16866 16872 D AHAL_Module_QTI: resetAudioPatch: erased patch 12 [telephony_rx  -> voice_rx  ]
09-12 00:18:32.329 16859 16859 D Hal2AidlMapper: [default] resetPortConfig: AudioPortConfig{id: 44, portId: 27, sampleRate: Int{value: 48000}, channelMask: AudioChannelLayout{layoutMask: 1}, format: AudioFormatDescription{type: PCM, pcm: INT_16_BIT, encoding: }, gain: (null), flags: AudioIoFlags{input: 0}, ext: AudioPortExt{device: AudioPortDeviceExt{device: AudioDevice{type: AudioDeviceDescription{type: IN_TELEPHONY_RX, connection: }, address: AudioDeviceAddress{id: }}, flags: 0, encodedFormats: [], encapsulationModes: 0, encapsulationMetadataTypes: 0, speakerLayout: (null)}}}
09-12 00:18:32.329 16866 16872 D AHAL_Module_QTI: resetAudioPortConfig: erased port config 44 telephony_rx
09-12 00:18:32.329 16866 16918 D AHAL_StreamIn_QTI: ~StreamInPrimary : usecase: PCM_RECORD IoHandle:38
09-12 00:18:32.331 16859 16859 D DeviceHalAidl: [default] openInputStream: handle: 46 devices 80000004 flags 20 mixPortHalId 16
09-12 00:18:32.331 16859 16859 D Hal2AidlMapper: [default] prepareToOpenStream: handle 46, mixPortHalId 16, device AudioDevice{type: AudioDeviceDescription{type: IN_MICROPHONE, connection: }, address: AudioDeviceAddress{id: bottom}}, flags AudioIoFlags{input: 32}, source MIC, config AudioConfig{base: AudioConfigBase{sampleRate: 48000, channelMask: AudioChannelLayout{layoutMask: 1}, format: AudioFormatDescription{type: PCM, pcm: INT_16_BIT, encoding: }}, offloadInfo: AudioOffloadInfo{base: AudioConfigBase{sampleRate: 0, channelMask: AudioChannelLayout{none: 0}, format: AudioFormatDescription{type: DEFAULT, pcm: DEFAULT, encoding: }}, streamType: VOICE_CALL, bitRatePerSecond: 0, durationUs: 0, hasVideo: false, isStreaming: false, bitWidth: 16, offloadBufferSize: 0, usage: UNKNOWN, encapsulationMode: NONE, contentId: 0, syncId: 0}, frameCount: 0}, mixport config AudioPortConfig{id: 0, portId: 0, sampleRate: (null), channelMask: (null), format: (null), gain: (null), flags: (null), ext: AudioPortExt{unspecified: false}}
09-12 00:18:32.331 16859 16859 D Hal2AidlMapper: [default] resetPortConfig: AudioPortConfig{id: 45, portId: 14, sampleRate: Int{value: 48000}, channelMask: AudioChannelLayout{layoutMask: 1}, format: AudioFormatDescription{type: PCM, pcm: INT_16_BIT, encoding: }, gain: (null), flags: AudioIoFlags{input: 0}, ext: AudioPortExt{mix: AudioPortMixExt{handle: 38, usecase: AudioPortMixExtUseCase{source: MIC}, maxOpenStreamCount: 1, maxActiveStreamCount: 1, recommendedMuteDurationMs: 0}}}
09-12 00:18:32.332 16866 16872 D AHAL_Module_QTI: resetAudioPortConfig: erased port config 45 voice_rx
09-12 00:18:32.332 16866 16872 D AHAL_Module_QTI: setAudioPortConfig: requested AudioPortConfig{id: 0, portId: 25, sampleRate: Int{value: 48000}, channelMask: AudioChannelLayout{layoutMask: 1}, format: AudioFormatDescription{type: PCM, pcm: INT_16_BIT, encoding: }, gain: (null), flags: (null), ext: AudioPortExt{unspecified: false}}
09-12 00:18:32.332 16866 16872 D AHAL_Module_QTI: setAudioPortConfig: not applied; existing config ? 0; requested is valid? 1, fully specified? 0
09-12 00:18:32.333 16866 16872 D AHAL_Module_QTI: setAudioPortConfig: requested AudioPortConfig{id: 0, portId: 25, sampleRate: Int{value: 48000}, channelMask: AudioChannelLayout{layoutMask: 1}, format: AudioFormatDescription{type: PCM, pcm: INT_16_BIT, encoding: }, gain: (null), flags: AudioIoFlags{input: 0}, ext: AudioPortExt{device: AudioPortDeviceExt{device: AudioDevice{type: AudioDeviceDescription{type: IN_MICROPHONE, connection: }, address: AudioDeviceAddress{id: bottom}}, flags: 1, encodedFormats: [], encapsulationModes: 0, encapsulationMetadataTypes: 0, speakerLayout: (null)}}}
09-12 00:18:32.333 16866 16872 D AHAL_Module_QTI: setAudioPortConfig: created new port config for built_in_mic AudioPortConfig{id: 46, portId: 25, sampleRate: Int{value: 48000}, channelMask: AudioChannelLayout{layoutMask: 1}, format: AudioFormatDescription{type: PCM, pcm: INT_16_BIT, encoding: }, gain: (null), flags: AudioIoFlags{input: 0}, ext: AudioPortExt{device: AudioPortDeviceExt{device: AudioDevice{type: AudioDeviceDescription{type: IN_MICROPHONE, connection: }, address: AudioDeviceAddress{id: bottom}}, flags: 1, encodedFormats: [], encapsulationModes: 0, encapsulationMetadataTypes: 0, speakerLayout: (null)}}}
09-12 00:18:32.333 16866 16866 D AHAL_Module_QTI: setAudioPortConfig: requested AudioPortConfig{id: 0, portId: 16, sampleRate: Int{value: 48000}, channelMask: AudioChannelLayout{layoutMask: 1}, format: AudioFormatDescription{type: PCM, pcm: INT_16_BIT, encoding: }, gain: (null), flags: AudioIoFlags{input: 32}, ext: AudioPortExt{mix: AudioPortMixExt{handle: 46, usecase: AudioPortMixExtUseCase{source: MIC}, maxOpenStreamCount: 0, maxActiveStreamCount: 0, recommendedMuteDurationMs: 0}}}
09-12 00:18:32.334 16866 16866 D AHAL_Module_QTI: setAudioPortConfig: created new port config for voip_record AudioPortConfig{id: 47, portId: 16, sampleRate: Int{value: 48000}, channelMask: AudioChannelLayout{layoutMask: 1}, format: AudioFormatDescription{type: PCM, pcm: INT_16_BIT, encoding: }, gain: (null), flags: AudioIoFlags{input: 32}, ext: AudioPortExt{mix: AudioPortMixExt{handle: 46, usecase: AudioPortMixExtUseCase{source: MIC}, maxOpenStreamCount: 1, maxActiveStreamCount: 1, recommendedMuteDurationMs: 0}}}
09-12 00:18:32.334 16866 16866 I AHAL_Module_QTI: setAudioPatch: requested patch AudioPatch{id: 0, sourcePortConfigIds: [46], sinkPortConfigIds: [47], minimumStreamBufferSizeFrames: 0, latenciesMs: []}
09-12 00:18:32.334 16866 16866 I AHAL_Module_QTI: setAudioPatch: created [built_in_mic  -> voip_record  ] AudioPatch{id: 13, sourcePortConfigIds: [46], sinkPortConfigIds: [47], minimumStreamBufferSizeFrames: 960, latenciesMs: [10]}
09-12 00:18:32.335 16866 16866 D AHAL_Module_QTI: openInputStream: port config id 47, buffer size 960 frames
09-12 00:18:32.335 16866 16866 D AHAL_Module_QTI: createStreamContext: frame size 2 bytes
09-12 00:18:32.336 16866 16866 D AHAL_Stream_QTI: StreamIn
09-12 00:18:32.336 16866 16866 E AHAL_StreamIn_QTI: updateMetadataCommon: stream was closed
09-12 00:18:32.336 16866 16866 D AHAL_StreamIn_QTI: StreamInPrimary : usecase: PCM_RECORD IoHandle:46
09-12 00:18:32.337 16866 16866 D AHAL_StreamIn_QTI: configureConnectedDevices_I : usecase: PCM_RECORD IoHandle:46 stream is connected to devices:;AudioDevice{type: AudioDeviceDescription{type: IN_MICROPHONE, connection: }, address: AudioDeviceAddress{id: bottom}}
09-12 00:18:32.338 16866 16872 D AHAL_Stream_QTI: getStreamCommonCommon: returning 0xefc13ea0
09-12 00:18:32.339 16859 16859 D StreamHalAidl: [in|ioHandle:46] StreamHalAidl
09-12 00:18:32.339 16859 16859 D StreamHalAidl: [in|ioHandle:46] getAudioProperties
09-12 00:18:32.339 16859 16859 D StreamHalAidl: [in|ioHandle:46] getFrameSize
09-12 00:18:32.340 16859 16859 D StreamHalAidl: [in|ioHandle:46] getAudioProperties
09-12 00:18:32.340 16859 16859 D StreamHalAidl: [in|ioHandle:46] getAudioProperties
09-12 00:18:32.340 16859 16859 D StreamHalAidl: [in|ioHandle:46] getBufferSize
09-12 00:18:32.340 16859 16859 I StreamHalAidl: [in|ioHandle:46] getBufferSize: size: 1920
09-12 00:18:32.341 16859 16859 D StreamHalAidl: [in|ioHandle:46] getBufferSize
09-12 00:18:32.341 16859 16859 I StreamHalAidl: [in|ioHandle:46] getBufferSize: size: 1920
09-12 00:18:32.341 16859 16859 D StreamHalAidl: [in|ioHandle:46] getAudioProperties
09-12 00:18:32.342 16859 16859 D StreamHalAidl: [in|ioHandle:46] dump
09-12 00:18:32.344 16859 16962 I AudioFlinger: AudioFlinger's thread 0xef5dbac8 tid=16962 ready to run
09-12 00:18:32.344 16859 16962 D StreamHalAidl: [in|ioHandle:46] standby
09-12 00:18:32.344 16859 16962 W AudioFlinger: no wake lock to update, system not ready yet
09-12 00:18:32.344 16859 16962 D StreamHalAidl: [in|ioHandle:46] standby
09-12 00:18:32.345 16866 16872 E AHAL_StreamIn_QTI: updateMetadataCommon : usecase: PCM_RECORD IoHandle:46: stream was closed
09-12 00:18:32.345 16859 16962 W AudioFlinger: no wake lock to update, system not ready yet
09-12 00:18:32.345 16859 16859 D StreamHalAidl: [in|ioHandle:46] close
09-12 00:18:32.346 16866 16872 D AHAL_Stream_QTI: close
09-12 00:18:32.346 16866 16872 D AHAL_Stream_QTI: stopWorker: asking the worker to exit...
09-12 00:18:32.346 16866 16872 D AHAL_Stream_QTI: stopWorker: done
09-12 00:18:32.346 16866 16872 D AHAL_Stream_QTI: stopAndJoinWorker: joining the worker thread...
09-12 00:18:32.346 16866 16961 D AHAL_Stream_QTI: cycle: received command Command{halReservedExit: 331688993} in reader
09-12 00:18:32.346 16866 16961 D AHAL_StreamIn_QTI: shutdown_I : usecase: PCM_RECORD IoHandle:46
09-12 00:18:32.346 16866 16872 D AHAL_Stream_QTI: stopAndJoinWorker: worker thread joined
09-12 00:18:32.347 16859 16859 D DeviceHalAidl: [default] streamClosed
09-12 00:18:32.348   391   412 W libbinder.ServiceManagerCppClient: Waited one second for android.frameworks.stats.IStats/default (is service started? Number of threads started in the threadpool: 16. Are binder threads started and available?)
09-12 00:18:32.348 16859 16859 D Hal2AidlMapper: [default] releaseAudioPatch: patchId 13
09-12 00:18:32.349 16866 16872 D AHAL_Module_QTI: resetAudioPatch: erased patch 13 [built_in_mic  -> voip_record  ]
09-12 00:18:32.349 16859 16859 D Hal2AidlMapper: [default] resetPortConfig: AudioPortConfig{id: 46, portId: 25, sampleRate: Int{value: 48000}, channelMask: AudioChannelLayout{layoutMask: 1}, format: AudioFormatDescription{type: PCM, pcm: INT_16_BIT, encoding: }, gain: (null), flags: AudioIoFlags{input: 0}, ext: AudioPortExt{device: AudioPortDeviceExt{device: AudioDevice{type: AudioDeviceDescription{type: IN_MICROPHONE, connection: }, address: AudioDeviceAddress{id: bottom}}, flags: 1, encodedFormats: [], encapsulationModes: 0, encapsulationMetadataTypes: 0, speakerLayout: (null)}}}
09-12 00:18:32.349 16866 16872 D AHAL_Module_QTI: resetAudioPortConfig: erased port config 46 built_in_mic
09-12 00:18:32.350 16866 16872 D AHAL_StreamIn_QTI: ~StreamInPrimary : usecase: PCM_RECORD IoHandle:46
09-12 00:18:32.352 16859 16859 D DeviceHalAidl: [r_submix] openInputStream: handle: 54 devices 80000100 flags 0 mixPortHalId 4
09-12 00:18:32.352 16859 16859 D Hal2AidlMapper: [r_submix] prepareToOpenStream: handle 54, mixPortHalId 4, device AudioDevice{type: AudioDeviceDescription{type: IN_SUBMIX, connection: virtual}, address: AudioDeviceAddress{id: 0}}, flags AudioIoFlags{input: 0}, source MIC, config AudioConfig{base: AudioConfigBase{sampleRate: 192000, channelMask: AudioChannelLayout{layoutMask: 3}, format: AudioFormatDescription{type: PCM, pcm: INT_16_BIT, encoding: }}, offloadInfo: AudioOffloadInfo{base: AudioConfigBase{sampleRate: 0, channelMask: AudioChannelLayout{none: 0}, format: AudioFormatDescription{type: DEFAULT, pcm: DEFAULT, encoding: }}, streamType: VOICE_CALL, bitRatePerSecond: 0, durationUs: 0, hasVideo: false, isStreaming: false, bitWidth: 16, offloadBufferSize: 0, usage: UNKNOWN, encapsulationMode: NONE, contentId: 0, syncId: 0}, frameCount: 0}, mixport config AudioPortConfig{id: 0, portId: 0, sampleRate: (null), channelMask: (null), format: (null), gain: (null), flags: (null), ext: AudioPortExt{unspecified: false}}
09-12 00:18:32.353 16866 16866 D AHAL_Module: setAudioPortConfigImpl: r_submix: requested AudioPortConfig{id: 0, portId: 5, sampleRate: Int{value: 192000}, channelMask: AudioChannelLayout{layoutMask: 3}, format: AudioFormatDescription{type: PCM, pcm: INT_16_BIT, encoding: }, gain: (null), flags: (null), ext: AudioPortExt{unspecified: false}}
09-12 00:18:32.353   320 16964 W libc    : Unable to set property "ctl.interface_start" to "aidl/android.frameworks.stats.IStats/default": PROP_ERROR_HANDLE_CONTROL_MESSAGE (0x20)
09-12 00:18:32.353 16866 16866 D AHAL_Module: setAudioPortConfigImpl: r_submix: not applied; existing config ? 0; requested is valid? 1, fully specified? 0
09-12 00:18:32.354 16866 16866 D AHAL_Module: setAudioPortConfigImpl: r_submix: requested AudioPortConfig{id: 0, portId: 5, sampleRate: Int{value: 192000}, channelMask: AudioChannelLayout{layoutMask: 3}, format: AudioFormatDescription{type: PCM, pcm: INT_16_BIT, encoding: }, gain: (null), flags: AudioIoFlags{input: 0}, ext: AudioPortExt{device: AudioPortDeviceExt{device: AudioDevice{type: AudioDeviceDescription{type: IN_SUBMIX, connection: virtual}, address: AudioDeviceAddress{id: 0}}, flags: 0, encodedFormats: [], encapsulationModes: 0, encapsulationMetadataTypes: 0, speakerLayout: (null)}}}
09-12 00:18:32.354 16866 16866 D AHAL_Module: setAudioPortConfigImpl: r_submix: created new port config AudioPortConfig{id: 7, portId: 5, sampleRate: Int{value: 192000}, channelMask: AudioChannelLayout{layoutMask: 3}, format: AudioFormatDescription{type: PCM, pcm: INT_16_BIT, encoding: }, gain: (null), flags: AudioIoFlags{input: 0}, ext: AudioPortExt{device: AudioPortDeviceExt{device: AudioDevice{type: AudioDeviceDescription{type: IN_SUBMIX, connection: virtual}, address: AudioDeviceAddress{id: 0}}, flags: 0, encodedFormats: [], encapsulationModes: 0, encapsulationMetadataTypes: 0, speakerLayout: (null)}}}
09-12 00:18:32.355 16866 16866 D AHAL_Module: setAudioPortConfigImpl: r_submix: requested AudioPortConfig{id: 0, portId: 4, sampleRate: Int{value: 192000}, channelMask: AudioChannelLayout{layoutMask: 3}, format: AudioFormatDescription{type: PCM, pcm: INT_16_BIT, encoding: }, gain: (null), flags: AudioIoFlags{input: 0}, ext: AudioPortExt{mix: AudioPortMixExt{handle: 54, usecase: AudioPortMixExtUseCase{source: MIC}, maxOpenStreamCount: 0, maxActiveStreamCount: 0, recommendedMuteDurationMs: 0}}}
09-12 00:18:32.355 16866 16866 D AHAL_Module: setAudioPortConfigImpl: r_submix: created new port config AudioPortConfig{id: 8, portId: 4, sampleRate: Int{value: 192000}, channelMask: AudioChannelLayout{layoutMask: 3}, format: AudioFormatDescription{type: PCM, pcm: INT_16_BIT, encoding: }, gain: (null), flags: AudioIoFlags{input: 0}, ext: AudioPortExt{mix: AudioPortMixExt{handle: 54, usecase: AudioPortMixExtUseCase{source: MIC}, maxOpenStreamCount: 10, maxActiveStreamCount: 10, recommendedMuteDurationMs: 0}}}
09-12 00:18:32.355 16866 16872 D AHAL_Module: setAudioPatch: r_submix: requested patch AudioPatch{id: 0, sourcePortConfigIds: [7], sinkPortConfigIds: [8], minimumStreamBufferSizeFrames: 0, latenciesMs: []}
09-12 00:18:32.355 16866 16872 D AHAL_Module: setAudioPatch: r_submix: created patch AudioPatch{id: 1, sourcePortConfigIds: [7], sinkPortConfigIds: [8], minimumStreamBufferSizeFrames: 4096, latenciesMs: [21]}
09-12 00:18:32.356 16866 16866 D AHAL_Module: openInputStream: r_submix: port config id 8, buffer size 4096 frames
09-12 00:18:32.356 16866 16866 D AHAL_Module: createStreamContext: r_submix: frame size 4 bytes
09-12 00:18:32.356 16866 16866 D AHAL_Module: getSoundDose: r_submix: returning instance of ISoundDose: 0xf05b72d0
09-12 00:18:32.357 16866 16866 D AHAL_Stream: StreamIn
09-12 00:18:32.358 16866 16866 D AHAL_StreamRemoteSubmix: setConnectedDevices: ioHandle: 54, devices: [AudioDevice{type: AudioDeviceDescription{type: IN_SUBMIX, connection: virtual}, address: AudioDeviceAddress{id: 0}}]
09-12 00:18:32.359 16866 16866 D AHAL_StreamRemoteSubmix: setConnectedDevices: connected to AudioDeviceAddress{id: 0}
09-12 00:18:32.360 16866 16866 D AHAL_Stream: getStreamCommonCommon: returning 0xefc14ee0
09-12 00:18:32.361 16859 16859 D StreamHalAidl: [in|ioHandle:54] StreamHalAidl
09-12 00:18:32.361 16859 16859 D StreamHalAidl: [in|ioHandle:54] getAudioProperties
09-12 00:18:32.361 16859 16859 D StreamHalAidl: [in|ioHandle:54] getFrameSize
09-12 00:18:32.362 16859 16859 D StreamHalAidl: [in|ioHandle:54] getAudioProperties
09-12 00:18:32.362 16859 16859 D StreamHalAidl: [in|ioHandle:54] getAudioProperties
09-12 00:18:32.362 16859 16859 D StreamHalAidl: [in|ioHandle:54] getBufferSize
09-12 00:18:32.362 16859 16859 I StreamHalAidl: [in|ioHandle:54] getBufferSize: size: 16384
09-12 00:18:32.363 16859 16859 D StreamHalAidl: [in|ioHandle:54] getBufferSize
09-12 00:18:32.363 16859 16859 I StreamHalAidl: [in|ioHandle:54] getBufferSize: size: 16384
09-12 00:18:32.363 16859 16859 D StreamHalAidl: [in|ioHandle:54] getAudioProperties
09-12 00:18:32.364 16859 16966 I AudioFlinger: AudioFlinger's thread 0xef5db588 tid=16966 ready to run
09-12 00:18:32.364 16859 16966 D StreamHalAidl: [in|ioHandle:54] standby
09-12 00:18:32.364 16859 16859 D StreamHalAidl: [in|ioHandle:54] dump
09-12 00:18:32.366 16859 16966 W AudioFlinger: no wake lock to update, system not ready yet
09-12 00:18:32.366 16859 16966 D StreamHalAidl: [in|ioHandle:54] standby
09-12 00:18:32.366 16866 16866 D AHAL_Stream: updateMetadataCommon
09-12 00:18:32.367 16859 16966 W AudioFlinger: no wake lock to update, system not ready yet
09-12 00:18:32.367 16859 16859 W libutils.threads: Thread (this=0xef5db588): getTid() is undefined before run()
09-12 00:18:32.367 16859 16859 D StreamHalAidl: [in|ioHandle:54] close
09-12 00:18:32.368 16866 16866 D AHAL_Stream: close
09-12 00:18:32.368 16866 16866 D AHAL_Stream: stopWorker: asking the worker to exit...
09-12 00:18:32.368 16866 16866 D AHAL_Stream: stopWorker: done
09-12 00:18:32.368 16866 16866 D AHAL_Stream: stopAndJoinWorker: joining the worker thread...
09-12 00:18:32.368 16866 16965 D AHAL_Stream: cycle: received command Command{halReservedExit: 932663236} in reader
09-12 00:18:32.368 16866 16965 D AHAL_StreamRemoteSubmix: shutdown: pipe AudioDeviceAddress{id: 0} destroyed
09-12 00:18:32.368 16866 16866 D AHAL_Stream: stopAndJoinWorker: worker thread joined
09-12 00:18:32.369 16859 16859 D DeviceHalAidl: [r_submix] streamClosed
09-12 00:18:32.369 16859 16859 D Hal2AidlMapper: [r_submix] releaseAudioPatch: patchId 1
09-12 00:18:32.369 16866 16866 D AHAL_Module: resetAudioPatch: r_submix: erased patch 1
09-12 00:18:32.370 16859 16859 D Hal2AidlMapper: [r_submix] resetPortConfig: AudioPortConfig{id: 7, portId: 5, sampleRate: Int{value: 192000}, channelMask: AudioChannelLayout{layoutMask: 3}, format: AudioFormatDescription{type: PCM, pcm: INT_16_BIT, encoding: }, gain: (null), flags: AudioIoFlags{input: 0}, ext: AudioPortExt{device: AudioPortDeviceExt{device: AudioDevice{type: AudioDeviceDescription{type: IN_SUBMIX, connection: virtual}, address: AudioDeviceAddress{id: 0}}, flags: 0, encodedFormats: [], encapsulationModes: 0, encapsulationMetadataTypes: 0, speakerLayout: (null)}}}
09-12 00:18:32.370 16866 16866 D AHAL_Module: resetAudioPortConfig: r_submix: in_portConfigId 7 configs size: 2
09-12 00:18:32.370 16866 16866 D AHAL_Module: resetAudioPortConfig: r_submix: erased port config 7
09-12 00:18:32.375 16859 16859 I FactoryHal: hasAidlHalService android.hardware.audio.effect.IFactory/default: true, version AudioHalVersion{type: AIDL, major: 1, minor: 0}
09-12 00:18:32.376 16859 16859 I FactoryHal: hasAidlHalService android.hardware.audio.core.IModule/default: true, version AudioHalVersion{type: AIDL, major: 1, minor: 0}
09-12 00:18:32.381 16859 16859 W EffectProxy: Inconsistent flags Flags{type: INSERT, insert: FIRST, volume: CTRL, hwAcceleratorMode: NONE, offloadIndication: false, deviceIndication: false, audioModeIndication: false, audioSourceIndication: false, bypass: false, sinkMetadataIndication: false, sourceMetadataIndication: false, notEligibleForSuspend: false} vs Flags{type: INSERT, insert: ANY, volume: CTRL, hwAcceleratorMode: TUNNEL, offloadIndication: true, deviceIndication: true, audioModeIndication: false, audioSourceIndication: false, bypass: false, sinkMetadataIndication: false, sourceMetadataIndication: false, notEligibleForSuspend: false}
09-12 00:18:32.383 16859 16859 I EffectsFactoryHalAidl: EffectsFactoryHalAidl with 12 nonProxyEffects and 8 proxyEffects
09-12 00:18:32.385   320 16968 W libc    : Unable to set property "ctl.interface_start" to "aidl/activity": PROP_ERROR_HANDLE_CONTROL_MESSAGE (0x20)
09-12 00:18:32.385 16858 16858 W Zygote  : Class not found for preloading: android.content.pm.ParceledListSlice-IA
09-12 00:18:32.418 16858 16858 D nativeloader: Load libdrmframework_jni.so using system ns (caller=/system/framework/framework.jar): ok
09-12 00:18:32.427 16858 16858 I Typeface: Preloading /system/fonts/Roboto-Regular.ttf
09-12 00:18:32.427 16858 16858 I Typeface: Preloading /system/fonts/RobotoStatic-Regular.ttf
09-12 00:18:32.428 16858 16858 I SystemFonts: Loading font config from /system/etc/fonts.xml
09-12 00:18:32.553   516 20516 I SnapAlloc: Using graphics libs for alignment calculations
09-12 00:18:32.554   516 20516 D SnapAlloc: from handle - reserved size 4052679016 custom content metadata size 0
09-12 00:18:32.554   516 20516 D SnapAlloc: Successfully mapped metadata 0x1
09-12 00:18:32.554   516 20516 D SnapAlloc: from handle - reserved size 0 custom content metadata size 0
09-12 00:18:32.554   516 20516 D SnapAlloc: Successfully mapped metadata 0x1
09-12 00:18:32.555 16853 16903 D SnapAlloc: from handle - reserved size 0 custom content metadata size 0
09-12 00:18:32.555 16853 16903 D SnapAlloc: Successfully mapped metadata 0x1
09-12 00:18:32.557   515   551 D SnapAlloc: from handle - reserved size 0 custom content metadata size 0
09-12 00:18:32.557   515   551 D SnapAlloc: Successfully mapped metadata 0x1
09-12 00:18:32.575   521   616 D SnapAlloc: from handle - reserved size 0 custom content metadata size 0
09-12 00:18:32.575   521   616 D SnapAlloc: Successfully mapped metadata 0x1
09-12 00:18:32.608 16866 16882 D Diag_Lib: diag: Diag_LSM_Init: invoked for pid: 16866 with init_count: 0
09-12 00:18:32.608 16866 16882 D Diag_Lib: diag:failed to connect to diag socket
09-12 00:18:32.608 16866 16882 D Diag_Lib:  Diag_LSM_Init: Failed to open handle to diag driver, error = 111
09-12 00:18:32.608 16866 16882 I ATS     : vendor/qcom/sw5100-lw4/proprietary-audio/args/acdb/ats/transports/diag/linux/actp/src/actp.c:actp_diag_init:105 Error[1]: Failed to initialize DIAG
09-12 00:18:32.608 16866 16882 E ATS     : vendor/qcom/sw5100-lw4/proprietary-audio/args/acdb/ats/src/ats.c:ats_init:143 Error[1]: Failed to initialize Diag
09-12 00:18:32.608 16866 16882 E ATS     : vendor/qcom/sw5100-lw4/proprietary-audio/args/acdb/ats/src/ats.c:ats_init:263 Error[1]: Failed to initialize ATS
09-12 00:18:32.608 16866 16882 E AGM: API: ats_init_thread: 64 ats_init failed retry 5 err 1
09-12 00:18:32.611 16858 16858 W Zygote  : Class not found for preloading: android.hardware.display.DisplayManagerGlobal$DisplayListenerDelegate$$ExternalSyntheticLambda1
09-12 00:18:32.617 16858 16858 W Zygote  : Class not found for preloading: android.hardware.input.IVirtualInputDevice
09-12 00:18:32.617 16858 16858 W Zygote  : Class not found for preloading: android.hardware.input.IVirtualInputDevice$Stub
09-12 00:18:32.619 16858 16858 E ActivityRecognitionHardware: activity_recognition HAL is deprecated. class_init is effectively a no-op
09-12 00:18:32.704  1682  1699 I pixel-thermal: audio-therm:39.139 raw data: audio-therm:39139 
09-12 00:18:32.815  1248  1248 I adbd    : adbd service requested 'shell,v2,TERM=xterm-256color:export ANDROID_LOG_TAGS=''; exec logcat '-d' '-s' 'MODE_CRASH''
09-12 00:18:33.109 16866 16882 D Diag_Lib: diag: Diag_LSM_Init: invoked for pid: 16866 with init_count: 0
09-12 00:18:33.109 16866 16882 D Diag_Lib: diag:failed to connect to diag socket
09-12 00:18:33.109 16866 16882 D Diag_Lib:  Diag_LSM_Init: Failed to open handle to diag driver, error = 111
09-12 00:18:33.109 16866 16882 I ATS     : vendor/qcom/sw5100-lw4/proprietary-audio/args/acdb/ats/transports/diag/linux/actp/src/actp.c:actp_diag_init:105 Error[1]: Failed to initialize DIAG
09-12 00:18:33.109 16866 16882 E ATS     : vendor/qcom/sw5100-lw4/proprietary-audio/args/acdb/ats/src/ats.c:ats_init:143 Error[1]: Failed to initialize Diag
09-12 00:18:33.109 16866 16882 E ATS     : vendor/qcom/sw5100-lw4/proprietary-audio/args/acdb/ats/src/ats.c:ats_init:263 Error[1]: Failed to initialize ATS
09-12 00:18:33.109 16866 16882 E AGM: API: ats_init_thread: 64 ats_init failed retry 6 err 1
09-12 00:18:33.153 16858 16858 D nativeloader: Load libmedia_jni.so using system ns (caller=/system/framework/framework.jar!classes2.dex): ok
09-12 00:18:33.154 16858 16858 D MtpDeviceJNI: register_android_mtp_MtpDevice
09-12 00:18:33.192 16858 16858 D nativeloader: Load libsoundpool.so using system ns (caller=/system/framework/framework.jar!classes2.dex): ok
09-12 00:18:33.201 16858 16858 D nativeloader: Load libaudioeffect_jni.so using system ns (caller=/system/framework/framework.jar!classes2.dex): ok
09-12 00:18:33.244 16858 16858 W Zygote  : Class not found for preloading: android.os.Binder$TransactionTraceNamesCacheHolder
09-12 00:18:33.258 16858 16858 W Zygote  : Class not found for preloading: android.os.PerfettoTrace
09-12 00:18:33.258 16858 16858 W Zygote  : Class not found for preloading: android.os.PerfettoTrace$Category
09-12 00:18:33.259 16858 16858 W Zygote  : Class not found for preloading: android.os.PerfettoTrackEventExtra
09-12 00:18:33.259 16858 16858 W Zygote  : Class not found for preloading: android.os.PerfettoTrackEventExtra$$ExternalSyntheticLambda0
09-12 00:18:33.260 16858 16858 W Zygote  : Class not found for preloading: android.os.PerfettoTrackEventExtra$$ExternalSyntheticLambda1
09-12 00:18:33.261 16858 16858 W Zygote  : Class not found for preloading: android.os.PerfettoTrackEventExtra$$ExternalSyntheticLambda2
09-12 00:18:33.261 16858 16858 W Zygote  : Class not found for preloading: android.os.PerfettoTrackEventExtra$$ExternalSyntheticLambda3
09-12 00:18:33.262 16858 16858 W Zygote  : Class not found for preloading: android.os.PerfettoTrackEventExtra$$ExternalSyntheticLambda4
09-12 00:18:33.263 16858 16858 W Zygote  : Class not found for preloading: android.os.PerfettoTrackEventExtra$$ExternalSyntheticLambda5
09-12 00:18:33.263 16858 16858 W Zygote  : Class not found for preloading: android.os.PerfettoTrackEventExtra$$ExternalSyntheticLambda6
09-12 00:18:33.264 16858 16858 W Zygote  : Class not found for preloading: android.os.PerfettoTrackEventExtra$ArgBool
09-12 00:18:33.264 16858 16858 W Zygote  : Class not found for preloading: android.os.PerfettoTrackEventExtra$ArgDouble
09-12 00:18:33.264 16858 16858 W Zygote  : Class not found for preloading: android.os.PerfettoTrackEventExtra$ArgInt64
09-12 00:18:33.264 16858 16858 W Zygote  : Class not found for preloading: android.os.PerfettoTrackEventExtra$ArgString
09-12 00:18:33.265 16858 16858 W Zygote  : Class not found for preloading: android.os.PerfettoTrackEventExtra$Builder
09-12 00:18:33.265 16858 16858 W Zygote  : Class not found for preloading: android.os.PerfettoTrackEventExtra$CounterDouble
09-12 00:18:33.266 16858 16858 W Zygote  : Class not found for preloading: android.os.PerfettoTrackEventExtra$CounterInt64
09-12 00:18:33.266 16858 16858 W Zygote  : Class not found for preloading: android.os.PerfettoTrackEventExtra$CounterTrack
09-12 00:18:33.266 16858 16858 W Zygote  : Class not found for preloading: android.os.PerfettoTrackEventExtra$FieldContainer
09-12 00:18:33.267 16858 16858 W Zygote  : Class not found for preloading: android.os.PerfettoTrackEventExtra$FieldDouble
09-12 00:18:33.267 16858 16858 W Zygote  : Class not found for preloading: android.os.PerfettoTrackEventExtra$FieldInt64
09-12 00:18:33.267 16858 16858 W Zygote  : Class not found for preloading: android.os.PerfettoTrackEventExtra$FieldNested
09-12 00:18:33.268 16858 16858 W Zygote  : Class not found for preloading: android.os.PerfettoTrackEventExtra$FieldString
09-12 00:18:33.268 16858 16858 W Zygote  : Class not found for preloading: android.os.PerfettoTrackEventExtra$Flow
09-12 00:18:33.268 16858 16858 W Zygote  : Class not found for preloading: android.os.PerfettoTrackEventExtra$NamedTrack
09-12 00:18:33.268 16858 16858 W Zygote  : Class not found for preloading: android.os.PerfettoTrackEventExtra$PerfettoPointer
09-12 00:18:33.269 16858 16858 W Zygote  : Class not found for preloading: android.os.PerfettoTrackEventExtra$Pool
09-12 00:18:33.269 16858 16858 W Zygote  : Class not found for preloading: android.os.PerfettoTrackEventExtra$Proto
09-12 00:18:33.269 16858 16858 W Zygote  : Class not found for preloading: android.os.PerfettoTrackEventExtra$RingBuffer
09-12 00:18:33.269 16858 16858 W Zygote  : Class not found for preloading: android.os.PerfettoTrackEventExtra-IA
09-12 00:18:33.272   869   869 W libbinder.ServiceManagerCppClient: Waited one second for android.frameworks.stats.IStats/default (is service started? Number of threads started in the threadpool: 1. Are binder threads started and available?)
09-12 00:18:33.277   320 16974 W libc    : Unable to set property "ctl.interface_start" to "aidl/android.frameworks.stats.IStats/default": PROP_ERROR_HANDLE_CONTROL_MESSAGE (0x20)
09-12 00:18:33.281 16858 16858 E VibratorInfo: Invalid frequency profile received from HAL. resonantFrequencyHz=NaN, frequenciesHz=null, outputAccelerationsGs=null
09-12 00:18:33.290 16858 16858 D nativeloader: Load libvintf_jni.so using system ns (caller=/system/framework/framework.jar!classes3.dex): ok
09-12 00:18:33.302 16858 16858 W Zygote  : Class not found for preloading: android.os.vibrator.RampSegment
09-12 00:18:33.303 16858 16858 W Zygote  : Class not found for preloading: android.os.vibrator.RampSegment$1
09-12 00:18:33.354   391   412 W libbinder.ServiceManagerCppClient: Waited one second for android.frameworks.stats.IStats/default (is service started? Number of threads started in the threadpool: 16. Are binder threads started and available?)
09-12 00:18:33.358   320 16975 W libc    : Unable to set property "ctl.interface_start" to "aidl/android.frameworks.stats.IStats/default": PROP_ERROR_HANDLE_CONTROL_MESSAGE (0x20)
09-12 00:18:33.372 16858 16858 D nativeloader: Load librs_jni.so using system ns (caller=/system/framework/framework.jar!classes3.dex): ok
09-12 00:18:33.377 16858 16858 W Zygote  : Class not found for preloading: android.security.KeyStoreSecurityLevel$$ExternalSyntheticLambda3
09-12 00:18:33.385 16859 16859 W libbinder.ServiceManagerCppClient: Waited one second for activity (is service started? Number of threads started in the threadpool: 16. Are binder threads started and available?)
09-12 00:18:33.387   320 16976 W libc    : Unable to set property "ctl.interface_start" to "aidl/activity": PROP_ERROR_HANDLE_CONTROL_MESSAGE (0x20)
09-12 00:18:33.397 16858 16858 W Zygote  : Class not found for preloading: android.service.notification.IStatusBarNotificationHolder
09-12 00:18:33.397 16858 16858 W Zygote  : Class not found for preloading: android.service.notification.IStatusBarNotificationHolder$Stub
09-12 00:18:33.397 16858 16858 W Zygote  : Class not found for preloading: android.service.notification.IStatusBarNotificationHolder$Stub$Proxy
09-12 00:18:33.536 16858 16858 W Zygote  : Class not found for preloading: android.view.BatchedInputEventReceiver$BatchedInputRunnable
09-12 00:18:33.564 16858 16858 W Zygote  : Class not found for preloading: android.view.ViewRootImpl$ConsumeBatchedInputRunnable
09-12 00:18:33.566 16858 16858 W Zygote  : Class not found for preloading: android.view.ViewRootImpl$TraversalRunnable
09-12 00:18:33.568 16858 16858 W Zygote  : Class not found for preloading: android.view.ViewTreeObserver$OnWindowShownListener
09-12 00:18:33.609 16866 16882 D Diag_Lib: diag: Diag_LSM_Init: invoked for pid: 16866 with init_count: 0
09-12 00:18:33.610 16866 16882 D Diag_Lib: diag:failed to connect to diag socket
09-12 00:18:33.610 16866 16882 D Diag_Lib:  Diag_LSM_Init: Failed to open handle to diag driver, error = 111
09-12 00:18:33.610 16866 16882 I ATS     : vendor/qcom/sw5100-lw4/proprietary-audio/args/acdb/ats/transports/diag/linux/actp/src/actp.c:actp_diag_init:105 Error[1]: Failed to initialize DIAG
09-12 00:18:33.610 16866 16882 E ATS     : vendor/qcom/sw5100-lw4/proprietary-audio/args/acdb/ats/src/ats.c:ats_init:143 Error[1]: Failed to initialize Diag
09-12 00:18:33.610 16866 16882 E ATS     : vendor/qcom/sw5100-lw4/proprietary-audio/args/acdb/ats/src/ats.c:ats_init:263 Error[1]: Failed to initialize ATS
09-12 00:18:33.610 16866 16882 E AGM: API: ats_init_thread: 64 ats_init failed retry 7 err 1
09-12 00:18:33.638 16858 16858 W Zygote  : Class not found for preloading: android.window.DesktopExperienceFlags$$ExternalSyntheticLambda38
09-12 00:18:33.638 16858 16858 W Zygote  : Class not found for preloading: android.window.DesktopExperienceFlags$$ExternalSyntheticLambda39
09-12 00:18:33.638 16858 16858 W Zygote  : Class not found for preloading: android.window.DesktopExperienceFlags$$ExternalSyntheticLambda40
09-12 00:18:33.639 16858 16858 W Zygote  : Class not found for preloading: android.window.DesktopExperienceFlags$$ExternalSyntheticLambda41
09-12 00:18:33.639 16858 16858 W Zygote  : Class not found for preloading: android.window.DesktopExperienceFlags$$ExternalSyntheticLambda42
09-12 00:18:33.639 16858 16858 W Zygote  : Class not found for preloading: android.window.DesktopExperienceFlags$$ExternalSyntheticLambda43
09-12 00:18:33.639 16858 16858 W Zygote  : Class not found for preloading: android.window.DesktopExperienceFlags$$ExternalSyntheticLambda44
09-12 00:18:33.639 16858 16858 W Zygote  : Class not found for preloading: android.window.DesktopExperienceFlags$$ExternalSyntheticLambda45
09-12 00:18:33.639 16858 16858 W Zygote  : Class not found for preloading: android.window.DesktopExperienceFlags$$ExternalSyntheticLambda46
09-12 00:18:33.639 16858 16858 W Zygote  : Class not found for preloading: android.window.DesktopExperienceFlags$$ExternalSyntheticLambda47
09-12 00:18:33.640 16858 16858 W Zygote  : Class not found for preloading: android.window.DesktopExperienceFlags$$ExternalSyntheticLambda48
09-12 00:18:33.640 16858 16858 W Zygote  : Class not found for preloading: android.window.DesktopExperienceFlags$$ExternalSyntheticLambda49
09-12 00:18:33.640 16858 16858 W Zygote  : Class not found for preloading: android.window.DesktopExperienceFlags$$ExternalSyntheticLambda50
09-12 00:18:33.640 16858 16858 W Zygote  : Class not found for preloading: android.window.DesktopExperienceFlags$$ExternalSyntheticLambda51
09-12 00:18:33.641 16858 16858 W Zygote  : Class not found for preloading: android.window.DesktopExperienceFlags$$ExternalSyntheticLambda52
09-12 00:18:33.641 16858 16858 W Zygote  : Class not found for preloading: android.window.DesktopExperienceFlags$$ExternalSyntheticLambda53
09-12 00:18:33.641 16858 16858 W Zygote  : Class not found for preloading: android.window.DesktopExperienceFlags$$ExternalSyntheticLambda54
09-12 00:18:33.641 16858 16858 W Zygote  : Class not found for preloading: android.window.DesktopExperienceFlags$$ExternalSyntheticLambda55
09-12 00:18:33.641 16858 16858 W Zygote  : Class not found for preloading: android.window.DesktopExperienceFlags$$ExternalSyntheticLambda56
09-12 00:18:33.642 16858 16858 W Zygote  : Class not found for preloading: android.window.DesktopExperienceFlags$$ExternalSyntheticLambda57
09-12 00:18:33.642 16858 16858 W Zygote  : Class not found for preloading: android.window.DesktopExperienceFlags$$ExternalSyntheticLambda58
09-12 00:18:33.642 16858 16858 W Zygote  : Class not found for preloading: android.window.DesktopExperienceFlags$$ExternalSyntheticLambda59
09-12 00:18:33.642 16858 16858 W Zygote  : Class not found for preloading: android.window.DesktopExperienceFlags$$ExternalSyntheticLambda60
09-12 00:18:33.642 16858 16858 W Zygote  : Class not found for preloading: android.window.DesktopExperienceFlags$$ExternalSyntheticLambda61
09-12 00:18:33.642 16858 16858 W Zygote  : Class not found for preloading: android.window.DesktopExperienceFlags$$ExternalSyntheticLambda62
09-12 00:18:33.643 16858 16858 W Zygote  : Class not found for preloading: android.window.DesktopExperienceFlags$$ExternalSyntheticLambda63
09-12 00:18:33.643 16858 16858 W Zygote  : Class not found for preloading: android.window.DesktopExperienceFlags$$ExternalSyntheticLambda64
09-12 00:18:33.643 16858 16858 W Zygote  : Class not found for preloading: android.window.DesktopExperienceFlags$$ExternalSyntheticLambda65
09-12 00:18:33.643 16858 16858 W Zygote  : Class not found for preloading: android.window.DesktopExperienceFlags$$ExternalSyntheticLambda66
09-12 00:18:33.643 16858 16858 W Zygote  : Class not found for preloading: android.window.DesktopExperienceFlags$$ExternalSyntheticLambda67
09-12 00:18:33.644 16858 16858 W Zygote  : Class not found for preloading: android.window.DesktopExperienceFlags$$ExternalSyntheticLambda68
09-12 00:18:33.644 16858 16858 W Zygote  : Class not found for preloading: android.window.DesktopExperienceFlags$$ExternalSyntheticLambda69
09-12 00:18:33.645 16858 16858 W Zygote  : Class not found for preloading: android.window.DesktopExperienceFlags$$ExternalSyntheticLambda70
09-12 00:18:33.645 16858 16858 W Zygote  : Class not found for preloading: android.window.DesktopExperienceFlags$$ExternalSyntheticLambda71
09-12 00:18:33.646 16858 16858 W Zygote  : Class not found for preloading: android.window.DesktopExperienceFlags$$ExternalSyntheticLambda72
09-12 00:18:33.646 16858 16858 W Zygote  : Class not found for preloading: android.window.DesktopExperienceFlags$$ExternalSyntheticLambda73
09-12 00:18:33.647 16858 16858 W Zygote  : Class not found for preloading: android.window.DesktopExperienceFlags$$ExternalSyntheticLambda74
09-12 00:18:33.647 16858 16858 W Zygote  : Class not found for preloading: android.window.DesktopExperienceFlags$$ExternalSyntheticLambda75
09-12 00:18:33.647 16858 16858 W Zygote  : Class not found for preloading: android.window.DesktopExperienceFlags$$ExternalSyntheticLambda76
09-12 00:18:33.648 16858 16858 W Zygote  : Class not found for preloading: android.window.DesktopExperienceFlags$$ExternalSyntheticLambda77
09-12 00:18:33.648 16858 16858 W Zygote  : Class not found for preloading: android.window.DesktopExperienceFlags$$ExternalSyntheticLambda78
09-12 00:18:33.649 16858 16858 W Zygote  : Class not found for preloading: android.window.DesktopExperienceFlags$$ExternalSyntheticLambda79
09-12 00:18:33.649 16858 16858 W Zygote  : Class not found for preloading: android.window.DesktopExperienceFlags$$ExternalSyntheticLambda80
09-12 00:18:33.649 16858 16858 W Zygote  : Class not found for preloading: android.window.DesktopExperienceFlags$$ExternalSyntheticLambda81
09-12 00:18:33.649 16858 16858 W Zygote  : Class not found for preloading: android.window.DesktopExperienceFlags$$ExternalSyntheticLambda82
09-12 00:18:33.650 16858 16858 W Zygote  : Class not found for preloading: android.window.DesktopExperienceFlags$$ExternalSyntheticLambda83
09-12 00:18:33.650 16858 16858 W Zygote  : Class not found for preloading: android.window.DesktopExperienceFlags$$ExternalSyntheticLambda84
09-12 00:18:33.650 16858 16858 W Zygote  : Class not found for preloading: android.window.DesktopExperienceFlags$$ExternalSyntheticLambda85
09-12 00:18:33.650 16858 16858 W Zygote  : Class not found for preloading: android.window.DesktopExperienceFlags$$ExternalSyntheticLambda86
09-12 00:18:33.650 16858 16858 W Zygote  : Class not found for preloading: android.window.DesktopExperienceFlags$$ExternalSyntheticLambda87
09-12 00:18:33.650 16858 16858 W Zygote  : Class not found for preloading: android.window.DesktopExperienceFlags$$ExternalSyntheticLambda88
09-12 00:18:33.650 16858 16858 W Zygote  : Class not found for preloading: android.window.DesktopExperienceFlags$$ExternalSyntheticLambda89
09-12 00:18:33.651 16858 16858 W Zygote  : Class not found for preloading: android.window.DesktopExperienceFlags$$ExternalSyntheticLambda90
09-12 00:18:33.651 16858 16858 W Zygote  : Class not found for preloading: android.window.DesktopModeFlags$$ExternalSyntheticLambda13
09-12 00:18:33.651 16858 16858 W Zygote  : Class not found for preloading: android.window.DesktopModeFlags$$ExternalSyntheticLambda14
09-12 00:18:33.651 16858 16858 W Zygote  : Class not found for preloading: android.window.DesktopModeFlags$$ExternalSyntheticLambda15
09-12 00:18:33.651 16858 16858 W Zygote  : Class not found for preloading: android.window.DesktopModeFlags$$ExternalSyntheticLambda16
09-12 00:18:33.652 16858 16858 W Zygote  : Class not found for preloading: android.window.DesktopModeFlags$$ExternalSyntheticLambda17
09-12 00:18:33.652 16858 16858 W Zygote  : Class not found for preloading: android.window.DesktopModeFlags$$ExternalSyntheticLambda18
09-12 00:18:33.652 16858 16858 W Zygote  : Class not found for preloading: android.window.DesktopModeFlags$$ExternalSyntheticLambda19
09-12 00:18:33.652 16858 16858 W Zygote  : Class not found for preloading: android.window.DesktopModeFlags$$ExternalSyntheticLambda20
09-12 00:18:33.652 16858 16858 W Zygote  : Class not found for preloading: android.window.DesktopModeFlags$$ExternalSyntheticLambda21
09-12 00:18:33.653 16858 16858 W Zygote  : Class not found for preloading: android.window.DesktopModeFlags$$ExternalSyntheticLambda22
09-12 00:18:33.653 16858 16858 W Zygote  : Class not found for preloading: android.window.DesktopModeFlags$$ExternalSyntheticLambda23
09-12 00:18:33.653 16858 16858 W Zygote  : Class not found for preloading: android.window.DesktopModeFlags$$ExternalSyntheticLambda24
09-12 00:18:33.653 16858 16858 W Zygote  : Class not found for preloading: android.window.DesktopModeFlags$$ExternalSyntheticLambda25
09-12 00:18:33.653 16858 16858 W Zygote  : Class not found for preloading: android.window.DesktopModeFlags$$ExternalSyntheticLambda26
09-12 00:18:33.654 16858 16858 W Zygote  : Class not found for preloading: android.window.DesktopModeFlags$$ExternalSyntheticLambda27
09-12 00:18:33.654 16858 16858 W Zygote  : Class not found for preloading: android.window.DesktopModeFlags$$ExternalSyntheticLambda28
09-12 00:18:33.654 16858 16858 W Zygote  : Class not found for preloading: android.window.DesktopModeFlags$$ExternalSyntheticLambda29
09-12 00:18:33.654 16858 16858 W Zygote  : Class not found for preloading: android.window.DesktopModeFlags$$ExternalSyntheticLambda30
09-12 00:18:33.761 16858 16858 W Zygote  : Class not found for preloading: com.android.internal.dev.perfetto.sdk.PerfettoTrackEventBuilder$$ExternalSyntheticLambda6
09-12 00:18:33.762 16858 16858 W Zygote  : Class not found for preloading: com.android.internal.dev.perfetto.sdk.PerfettoTrackEventBuilder$$ExternalSyntheticLambda7
09-12 00:18:33.763 16858 16858 W Zygote  : Class not found for preloading: com.android.internal.dev.perfetto.sdk.PerfettoTrackEventExtra$ArgBool
09-12 00:18:33.764 16858 16858 W Zygote  : Class not found for preloading: com.android.internal.dev.perfetto.sdk.PerfettoTrackEventExtra$ArgDouble
09-12 00:18:33.765 16858 16858 W Zygote  : Class not found for preloading: com.android.internal.dev.perfetto.sdk.PerfettoTrackEventExtra$ArgInt64
09-12 00:18:33.766 16858 16858 W Zygote  : Class not found for preloading: com.android.internal.dev.perfetto.sdk.PerfettoTrackEventExtra$ArgString
09-12 00:18:33.766 16858 16858 W Zygote  : Class not found for preloading: com.android.internal.dev.perfetto.sdk.PerfettoTrackEventExtra$CounterDouble
09-12 00:18:33.767 16858 16858 W Zygote  : Class not found for preloading: com.android.internal.dev.perfetto.sdk.PerfettoTrackEventExtra$CounterInt64
09-12 00:18:33.767 16858 16858 W Zygote  : Class not found for preloading: com.android.internal.dev.perfetto.sdk.PerfettoTrackEventExtra$FieldDouble
09-12 00:18:33.768 16858 16858 W Zygote  : Class not found for preloading: com.android.internal.dev.perfetto.sdk.PerfettoTrackEventExtra$FieldInt64
09-12 00:18:33.768 16858 16858 W Zygote  : Class not found for preloading: com.android.internal.dev.perfetto.sdk.PerfettoTrackEventExtra$FieldString
09-12 00:18:33.772 16858 16858 W Zygote  : Class not found for preloading: com.android.internal.hidden_from_bootclasspath.android.adpf.FeatureFlags
09-12 00:18:33.772 16858 16858 W Zygote  : Class not found for preloading: com.android.internal.hidden_from_bootclasspath.android.adpf.FeatureFlagsImpl
09-12 00:18:33.773 16858 16858 W Zygote  : Class not found for preloading: com.android.internal.hidden_from_bootclasspath.android.aiseal.FeatureFlags
09-12 00:18:33.773 16858 16858 W Zygote  : Class not found for preloading: com.android.internal.hidden_from_bootclasspath.android.aiseal.FeatureFlagsImpl
09-12 00:18:33.774 16858 16858 W Zygote  : Class not found for preloading: com.android.internal.hidden_from_bootclasspath.android.app.FeatureFlags
09-12 00:18:33.774 16858 16858 W Zygote  : Class not found for preloading: com.android.internal.hidden_from_bootclasspath.android.app.FeatureFlagsImpl
09-12 00:18:33.775 16858 16858 W Zygote  : Class not found for preloading: com.android.internal.hidden_from_bootclasspath.android.app.admin.flags.FeatureFlags
09-12 00:18:33.775 16858 16858 W Zygote  : Class not found for preloading: com.android.internal.hidden_from_bootclasspath.android.app.admin.flags.FeatureFlagsImpl
09-12 00:18:33.776 16858 16858 W Zygote  : Class not found for preloading: com.android.internal.hidden_from_bootclasspath.android.app.appfunctions.flags.FeatureFlags
09-12 00:18:33.776 16858 16858 W Zygote  : Class not found for preloading: com.android.internal.hidden_from_bootclasspath.android.app.appfunctions.flags.FeatureFlagsImpl
09-12 00:18:33.777 16858 16858 W Zygote  : Class not found for preloading: com.android.internal.hidden_from_bootclasspath.android.app.assist.flags.FeatureFlags
09-12 00:18:33.777 16858 16858 W Zygote  : Class not found for preloading: com.android.internal.hidden_from_bootclasspath.android.app.assist.flags.FeatureFlagsImpl
09-12 00:18:33.778 16858 16858 W Zygote  : Class not found for preloading: com.android.internal.hidden_from_bootclasspath.android.app.jank.FeatureFlags
09-12 00:18:33.779 16858 16858 W Zygote  : Class not found for preloading: com.android.internal.hidden_from_bootclasspath.android.app.jank.FeatureFlagsImpl
09-12 00:18:33.780 16858 16858 W Zygote  : Class not found for preloading: com.android.internal.hidden_from_bootclasspath.android.app.job.FeatureFlags
09-12 00:18:33.780 16858 16858 W Zygote  : Class not found for preloading: com.android.internal.hidden_from_bootclasspath.android.app.job.FeatureFlagsImpl
09-12 00:18:33.781 16858 16858 W Zygote  : Class not found for preloading: com.android.internal.hidden_from_bootclasspath.android.app.lskfreset.flags.FeatureFlags
09-12 00:18:33.781 16858 16858 W Zygote  : Class not found for preloading: com.android.internal.hidden_from_bootclasspath.android.app.lskfreset.flags.FeatureFlagsImpl
09-12 00:18:33.782 16858 16858 W Zygote  : Class not found for preloading: com.android.internal.hidden_from_bootclasspath.android.app.privatecompute.flags.FeatureFlags
09-12 00:18:33.783 16858 16858 W Zygote  : Class not found for preloading: com.android.internal.hidden_from_bootclasspath.android.app.privatecompute.flags.FeatureFlagsImpl
09-12 00:18:33.783 16858 16858 W Zygote  : Class not found for preloading: com.android.internal.hidden_from_bootclasspath.android.app.supervision.flags.FeatureFlags
09-12 00:18:33.784 16858 16858 W Zygote  : Class not found for preloading: com.android.internal.hidden_from_bootclasspath.android.app.supervision.flags.FeatureFlagsImpl
09-12 00:18:33.785 16858 16858 W Zygote  : Class not found for preloading: com.android.internal.hidden_from_bootclasspath.android.app.usage.FeatureFlags
09-12 00:18:33.785 16858 16858 W Zygote  : Class not found for preloading: com.android.internal.hidden_from_bootclasspath.android.app.usage.FeatureFlagsImpl
09-12 00:18:33.786 16858 16858 W Zygote  : Class not found for preloading: com.android.internal.hidden_from_bootclasspath.android.appwidget.flags.FeatureFlags
09-12 00:18:33.787 16858 16858 W Zygote  : Class not found for preloading: com.android.internal.hidden_from_bootclasspath.android.appwidget.flags.FeatureFlagsImpl
09-12 00:18:33.787 16858 16858 W Zygote  : Class not found for preloading: com.android.internal.hidden_from_bootclasspath.android.companion.FeatureFlags
09-12 00:18:33.787 16858 16858 W Zygote  : Class not found for preloading: com.android.internal.hidden_from_bootclasspath.android.companion.FeatureFlagsImpl
09-12 00:18:33.788 16858 16858 W Zygote  : Class not found for preloading: com.android.internal.hidden_from_bootclasspath.android.companion.virtualdevice.flags.FeatureFlags
09-12 00:18:33.788 16858 16858 W Zygote  : Class not found for preloading: com.android.internal.hidden_from_bootclasspath.android.companion.virtualdevice.flags.FeatureFlagsImpl
09-12 00:18:33.789 16858 16858 W Zygote  : Class not found for preloading: com.android.internal.hidden_from_bootclasspath.android.content.flags.FeatureFlags
09-12 00:18:33.789 16858 16858 W Zygote  : Class not found for preloading: com.android.internal.hidden_from_bootclasspath.android.content.flags.FeatureFlagsImpl
09-12 00:18:33.789 16858 16858 W Zygote  : Class not found for preloading: com.android.internal.hidden_from_bootclasspath.android.content.pm.FeatureFlags
09-12 00:18:33.790 16858 16858 W Zygote  : Class not found for preloading: com.android.internal.hidden_from_bootclasspath.android.content.pm.FeatureFlagsImpl
09-12 00:18:33.790 16858 16858 W Zygote  : Class not found for preloading: com.android.internal.hidden_from_bootclasspath.android.content.res.FeatureFlags
09-12 00:18:33.791 16858 16858 W Zygote  : Class not found for preloading: com.android.internal.hidden_from_bootclasspath.android.content.res.FeatureFlagsImpl
09-12 00:18:33.791 16858 16858 W Zygote  : Class not found for preloading: com.android.internal.hidden_from_bootclasspath.android.database.sqlite.FeatureFlags
09-12 00:18:33.792 16858 16858 W Zygote  : Class not found for preloading: com.android.internal.hidden_from_bootclasspath.android.database.sqlite.FeatureFlagsImpl
09-12 00:18:33.792 16858 16858 W Zygote  : Class not found for preloading: com.android.internal.hidden_from_bootclasspath.android.hardware.biometrics.FeatureFlags
09-12 00:18:33.792 16858 16858 W Zygote  : Class not found for preloading: com.android.internal.hidden_from_bootclasspath.android.hardware.biometrics.FeatureFlagsImpl
09-12 00:18:33.793 16858 16858 W Zygote  : Class not found for preloading: com.android.internal.hidden_from_bootclasspath.android.hardware.devicestate.feature.flags.FeatureFlags
09-12 00:18:33.793 16858 16858 W Zygote  : Class not found for preloading: com.android.internal.hidden_from_bootclasspath.android.hardware.devicestate.feature.flags.FeatureFlagsImpl
09-12 00:18:33.794 16858 16858 W Zygote  : Class not found for preloading: com.android.internal.hidden_from_bootclasspath.android.hardware.flags.FeatureFlags
09-12 00:18:33.794 16858 16858 W Zygote  : Class not found for preloading: com.android.internal.hidden_from_bootclasspath.android.hardware.flags.FeatureFlagsImpl
09-12 00:18:33.795 16858 16858 W Zygote  : Class not found for preloading: com.android.internal.hidden_from_bootclasspath.android.hardware.serial.flags.FeatureFlags
09-12 00:18:33.796 16858 16858 W Zygote  : Class not found for preloading: com.android.internal.hidden_from_bootclasspath.android.hardware.serial.flags.FeatureFlagsImpl
09-12 00:18:33.797 16858 16858 W Zygote  : Class not found for preloading: com.android.internal.hidden_from_bootclasspath.android.location.flags.FeatureFlags
09-12 00:18:33.797 16858 16858 W Zygote  : Class not found for preloading: com.android.internal.hidden_from_bootclasspath.android.location.flags.FeatureFlagsImpl
09-12 00:18:33.798 16858 16858 W Zygote  : Class not found for preloading: com.android.internal.hidden_from_bootclasspath.android.media.audio.FeatureFlags
09-12 00:18:33.799 16858 16858 W Zygote  : Class not found for preloading: com.android.internal.hidden_from_bootclasspath.android.media.audio.FeatureFlagsImpl
09-12 00:18:33.800 16858 16858 W Zygote  : Class not found for preloading: com.android.internal.hidden_from_bootclasspath.android.media.codec.FeatureFlags
09-12 00:18:33.800 16858 16858 W Zygote  : Class not found for preloading: com.android.internal.hidden_from_bootclasspath.android.media.codec.FeatureFlagsImpl
09-12 00:18:33.801 16858 16858 W Zygote  : Class not found for preloading: com.android.internal.hidden_from_bootclasspath.android.media.tv.flags.FeatureFlags
09-12 00:18:33.801 16858 16858 W Zygote  : Class not found for preloading: com.android.internal.hidden_from_bootclasspath.android.media.tv.flags.FeatureFlagsImpl
09-12 00:18:33.802 16858 16858 W Zygote  : Class not found for preloading: com.android.internal.hidden_from_bootclasspath.android.multiuser.FeatureFlags
09-12 00:18:33.802 16858 16858 W Zygote  : Class not found for preloading: com.android.internal.hidden_from_bootclasspath.android.multiuser.FeatureFlagsImpl
09-12 00:18:33.802 16858 16858 W Zygote  : Class not found for preloading: com.android.internal.hidden_from_bootclasspath.android.net.http.FeatureFlags
09-12 00:18:33.803 16858 16858 W Zygote  : Class not found for preloading: com.android.internal.hidden_from_bootclasspath.android.net.http.FeatureFlagsImpl
09-12 00:18:33.803 16858 16858 W Zygote  : Class not found for preloading: com.android.internal.hidden_from_bootclasspath.android.net.platform.flags.FeatureFlags
09-12 00:18:33.804 16858 16858 W Zygote  : Class not found for preloading: com.android.internal.hidden_from_bootclasspath.android.net.platform.flags.FeatureFlagsImpl
09-12 00:18:33.804 16858 16858 W Zygote  : Class not found for preloading: com.android.internal.hidden_from_bootclasspath.android.os.FeatureFlags
09-12 00:18:33.804 16858 16858 W Zygote  : Class not found for preloading: com.android.internal.hidden_from_bootclasspath.android.os.FeatureFlagsImpl
09-12 00:18:33.805 16858 16858 W Zygote  : Class not found for preloading: com.android.internal.hidden_from_bootclasspath.android.provider.FeatureFlags
09-12 00:18:33.805 16858 16858 W Zygote  : Class not found for preloading: com.android.internal.hidden_from_bootclasspath.android.provider.FeatureFlagsImpl
09-12 00:18:33.806 16858 16858 W Zygote  : Class not found for preloading: com.android.internal.hidden_from_bootclasspath.android.security.FeatureFlags
09-12 00:18:33.806 16858 16858 W Zygote  : Class not found for preloading: com.android.internal.hidden_from_bootclasspath.android.security.FeatureFlagsImpl
09-12 00:18:33.806 16858 16858 W Zygote  : Class not found for preloading: com.android.internal.hidden_from_bootclasspath.android.server.FeatureFlags
09-12 00:18:33.807 16858 16858 W Zygote  : Class not found for preloading: com.android.internal.hidden_from_bootclasspath.android.server.FeatureFlagsImpl
09-12 00:18:33.807 16858 16858 W Zygote  : Class not found for preloading: com.android.internal.hidden_from_bootclasspath.android.service.autofill.FeatureFlags
09-12 00:18:33.807 16858 16858 W Zygote  : Class not found for preloading: com.android.internal.hidden_from_bootclasspath.android.service.autofill.FeatureFlagsImpl
09-12 00:18:33.808 16858 16858 W Zygote  : Class not found for preloading: com.android.internal.hidden_from_bootclasspath.android.service.chooser.FeatureFlags
09-12 00:18:33.808 16858 16858 W Zygote  : Class not found for preloading: com.android.internal.hidden_from_bootclasspath.android.service.chooser.FeatureFlagsImpl
09-12 00:18:33.809 16858 16858 W Zygote  : Class not found for preloading: com.android.internal.hidden_from_bootclasspath.android.service.dreams.FeatureFlags
09-12 00:18:33.809 16858 16858 W Zygote  : Class not found for preloading: com.android.internal.hidden_from_bootclasspath.android.service.dreams.FeatureFlagsImpl
09-12 00:18:33.810 16858 16858 W Zygote  : Class not found for preloading: com.android.internal.hidden_from_bootclasspath.android.service.notification.FeatureFlags
09-12 00:18:33.810 16858 16858 W Zygote  : Class not found for preloading: com.android.internal.hidden_from_bootclasspath.android.service.notification.FeatureFlagsImpl
09-12 00:18:33.811 16858 16858 W Zygote  : Class not found for preloading: com.android.internal.hidden_from_bootclasspath.android.service.personalcontext.FeatureFlags
09-12 00:18:33.811 16858 16858 W Zygote  : Class not found for preloading: com.android.internal.hidden_from_bootclasspath.android.service.personalcontext.FeatureFlagsImpl
09-12 00:18:33.812 16858 16858 W Zygote  : Class not found for preloading: com.android.internal.hidden_from_bootclasspath.android.service.voice.flags.FeatureFlags
09-12 00:18:33.813 16858 16858 W Zygote  : Class not found for preloading: com.android.internal.hidden_from_bootclasspath.android.service.voice.flags.FeatureFlagsImpl
09-12 00:18:33.814 16858 16858 W Zygote  : Class not found for preloading: com.android.internal.hidden_from_bootclasspath.android.tracing.FeatureFlags
09-12 00:18:33.815 16858 16858 W Zygote  : Class not found for preloading: com.android.internal.hidden_from_bootclasspath.android.tracing.FeatureFlagsImpl
09-12 00:18:33.815 16858 16858 W Zygote  : Class not found for preloading: com.android.internal.hidden_from_bootclasspath.android.view.accessibility.FeatureFlags
09-12 00:18:33.816 16858 16858 W Zygote  : Class not found for preloading: com.android.internal.hidden_from_bootclasspath.android.view.accessibility.FeatureFlagsImpl
09-12 00:18:33.817 16858 16858 W Zygote  : Class not found for preloading: com.android.internal.hidden_from_bootclasspath.android.view.contentcapture.flags.FeatureFlags
09-12 00:18:33.817 16858 16858 W Zygote  : Class not found for preloading: com.android.internal.hidden_from_bootclasspath.android.view.contentcapture.flags.FeatureFlagsImpl
09-12 00:18:33.818 16858 16858 W Zygote  : Class not found for preloading: com.android.internal.hidden_from_bootclasspath.android.view.flags.FeatureFlags
09-12 00:18:33.818 16858 16858 W Zygote  : Class not found for preloading: com.android.internal.hidden_from_bootclasspath.android.view.flags.FeatureFlagsImpl
09-12 00:18:33.819 16858 16858 W Zygote  : Class not found for preloading: com.android.internal.hidden_from_bootclasspath.android.view.inputmethod.FeatureFlags
09-12 00:18:33.819 16858 16858 W Zygote  : Class not found for preloading: com.android.internal.hidden_from_bootclasspath.android.view.inputmethod.FeatureFlagsImpl
09-12 00:18:33.819 16858 16858 W Zygote  : Class not found for preloading: com.android.internal.hidden_from_bootclasspath.android.webkit.FeatureFlags
09-12 00:18:33.820 16858 16858 W Zygote  : Class not found for preloading: com.android.internal.hidden_from_bootclasspath.android.webkit.FeatureFlagsImpl
09-12 00:18:33.820 16858 16858 W Zygote  : Class not found for preloading: com.android.internal.hidden_from_bootclasspath.android.widget.flags.FeatureFlags
09-12 00:18:33.821 16858 16858 W Zygote  : Class not found for preloading: com.android.internal.hidden_from_bootclasspath.android.widget.flags.FeatureFlagsImpl
09-12 00:18:33.822 16858 16858 W Zygote  : Class not found for preloading: com.android.internal.hidden_from_bootclasspath.com.android.graphics.flags.FeatureFlags
09-12 00:18:33.822 16858 16858 W Zygote  : Class not found for preloading: com.android.internal.hidden_from_bootclasspath.com.android.graphics.flags.FeatureFlagsImpl
09-12 00:18:33.822 16858 16858 W Zygote  : Class not found for preloading: com.android.internal.hidden_from_bootclasspath.com.android.graphics.hwui.flags.FeatureFlags
09-12 00:18:33.823 16858 16858 W Zygote  : Class not found for preloading: com.android.internal.hidden_from_bootclasspath.com.android.graphics.hwui.flags.FeatureFlagsImpl
09-12 00:18:33.823 16858 16858 W Zygote  : Class not found for preloading: com.android.internal.hidden_from_bootclasspath.com.android.graphics.surfaceflinger.flags.FeatureFlags
09-12 00:18:33.823 16858 16858 W Zygote  : Class not found for preloading: com.android.internal.hidden_from_bootclasspath.com.android.graphics.surfaceflinger.flags.FeatureFlagsImpl
09-12 00:18:33.824 16858 16858 W Zygote  : Class not found for preloading: com.android.internal.hidden_from_bootclasspath.com.android.hardware.input.FeatureFlags
09-12 00:18:33.824 16858 16858 W Zygote  : Class not found for preloading: com.android.internal.hidden_from_bootclasspath.com.android.hardware.input.FeatureFlagsImpl
09-12 00:18:33.825 16858 16858 W Zygote  : Class not found for preloading: com.android.internal.hidden_from_bootclasspath.com.android.internal.app.procstats.FeatureFlags
09-12 00:18:33.825 16858 16858 W Zygote  : Class not found for preloading: com.android.internal.hidden_from_bootclasspath.com.android.internal.app.procstats.FeatureFlagsImpl
09-12 00:18:33.825 16858 16858 W Zygote  : Class not found for preloading: com.android.internal.hidden_from_bootclasspath.com.android.internal.camera.flags.FeatureFlags
09-12 00:18:33.826 16858 16858 W Zygote  : Class not found for preloading: com.android.internal.hidden_from_bootclasspath.com.android.internal.camera.flags.FeatureFlagsImpl
09-12 00:18:33.826 16858 16858 W Zygote  : Class not found for preloading: com.android.internal.hidden_from_bootclasspath.com.android.internal.compat.flags.FeatureFlags
09-12 00:18:33.826 16858 16858 W Zygote  : Class not found for preloading: com.android.internal.hidden_from_bootclasspath.com.android.internal.compat.flags.FeatureFlagsImpl
09-12 00:18:33.827 16858 16858 W Zygote  : Class not found for preloading: com.android.internal.hidden_from_bootclasspath.com.android.internal.os.FeatureFlags
09-12 00:18:33.828 16858 16858 W Zygote  : Class not found for preloading: com.android.internal.hidden_from_bootclasspath.com.android.internal.os.FeatureFlagsImpl
09-12 00:18:33.829 16858 16858 W Zygote  : Class not found for preloading: com.android.internal.hidden_from_bootclasspath.com.android.internal.pm.pkg.component.flags.FeatureFlags
09-12 00:18:33.830 16858 16858 W Zygote  : Class not found for preloading: com.android.internal.hidden_from_bootclasspath.com.android.internal.pm.pkg.component.flags.FeatureFlagsImpl
09-12 00:18:33.831 16858 16858 W Zygote  : Class not found for preloading: com.android.internal.hidden_from_bootclasspath.com.android.libcore.readonly.FeatureFlags
09-12 00:18:33.832 16858 16858 W Zygote  : Class not found for preloading: com.android.internal.hidden_from_bootclasspath.com.android.libcore.readonly.FeatureFlagsImpl
09-12 00:18:33.833 16858 16858 W Zygote  : Class not found for preloading: com.android.internal.hidden_from_bootclasspath.com.android.media.flags.FeatureFlags
09-12 00:18:33.833 16858 16858 W Zygote  : Class not found for preloading: com.android.internal.hidden_from_bootclasspath.com.android.media.flags.FeatureFlagsImpl
09-12 00:18:33.834 16858 16858 W Zygote  : Class not found for preloading: com.android.internal.hidden_from_bootclasspath.com.android.media.projection.flags.FeatureFlags
09-12 00:18:33.834 16858 16858 W Zygote  : Class not found for preloading: com.android.internal.hidden_from_bootclasspath.com.android.media.projection.flags.FeatureFlagsImpl
09-12 00:18:33.836 16858 16858 W Zygote  : Class not found for preloading: com.android.internal.hidden_from_bootclasspath.com.android.server.display.feature.flags.FeatureFlags
09-12 00:18:33.836 16858 16858 W Zygote  : Class not found for preloading: com.android.internal.hidden_from_bootclasspath.com.android.server.display.feature.flags.FeatureFlagsImpl
09-12 00:18:33.837 16858 16858 W Zygote  : Class not found for preloading: com.android.internal.hidden_from_bootclasspath.com.android.server.power.feature.flags.FeatureFlags
09-12 00:18:33.837 16858 16858 W Zygote  : Class not found for preloading: com.android.internal.hidden_from_bootclasspath.com.android.server.power.feature.flags.FeatureFlagsImpl
09-12 00:18:33.837 16858 16858 W Zygote  : Class not found for preloading: com.android.internal.hidden_from_bootclasspath.com.android.server.power.optimization.FeatureFlags
09-12 00:18:33.838 16858 16858 W Zygote  : Class not found for preloading: com.android.internal.hidden_from_bootclasspath.com.android.server.power.optimization.FeatureFlagsImpl
09-12 00:18:33.838 16858 16858 W Zygote  : Class not found for preloading: com.android.internal.hidden_from_bootclasspath.com.android.settingslib.flags.FeatureFlags
09-12 00:18:33.839 16858 16858 W Zygote  : Class not found for preloading: com.android.internal.hidden_from_bootclasspath.com.android.settingslib.flags.FeatureFlagsImpl
09-12 00:18:33.839 16858 16858 W Zygote  : Class not found for preloading: com.android.internal.hidden_from_bootclasspath.com.android.text.flags.FeatureFlags
09-12 00:18:33.839 16858 16858 W Zygote  : Class not found for preloading: com.android.internal.hidden_from_bootclasspath.com.android.text.flags.FeatureFlagsImpl
09-12 00:18:33.840 16858 16858 W Zygote  : Class not found for preloading: com.android.internal.hidden_from_bootclasspath.com.android.window.flags.FeatureFlags
09-12 00:18:33.841 16858 16858 W Zygote  : Class not found for preloading: com.android.internal.hidden_from_bootclasspath.com.android.window.flags.FeatureFlagsImpl
09-12 00:18:33.847 16858 16858 W Zygote  : Class not found for preloading: com.android.internal.inputmethod.InputMethodSubtypeHandle$1
09-12 00:18:33.873 16858 16858 W Zygote  : Class not found for preloading: com.android.internal.protolog.ProcessedPerfettoProtoLogImpl$1
09-12 00:18:33.874 16858 16858 W Zygote  : Class not found for preloading: com.android.internal.protolog.ProtoLogDataSource$$ExternalSyntheticLambda3
09-12 00:18:33.875 16858 16858 W Zygote  : Class not found for preloading: com.android.internal.protolog.ProtoLogDataSource$Instance$TracingFlushCallback
09-12 00:18:33.875 16858 16858 W Zygote  : Class not found for preloading: com.android.internal.protolog.ProtoLogDataSource$Instance$TracingInstanceStartCallback
09-12 00:18:33.875 16858 16858 W Zygote  : Class not found for preloading: com.android.internal.protolog.ProtoLogDataSource$Instance$TracingInstanceStopCallback
09-12 00:18:33.938 16858 16858 W OverlayConfig: partition_order.xml does not exist.
09-12 00:18:34.110 16866 16882 D Diag_Lib: diag: Diag_LSM_Init: invoked for pid: 16866 with init_count: 0
09-12 00:18:34.110 16866 16882 D Diag_Lib: diag:failed to connect to diag socket
09-12 00:18:34.110 16866 16882 D Diag_Lib:  Diag_LSM_Init: Failed to open handle to diag driver, error = 111
09-12 00:18:34.110 16866 16882 I ATS     : vendor/qcom/sw5100-lw4/proprietary-audio/args/acdb/ats/transports/diag/linux/actp/src/actp.c:actp_diag_init:105 Error[1]: Failed to initialize DIAG
09-12 00:18:34.110 16866 16882 E ATS     : vendor/qcom/sw5100-lw4/proprietary-audio/args/acdb/ats/src/ats.c:ats_init:143 Error[1]: Failed to initialize Diag
09-12 00:18:34.110 16866 16882 E ATS     : vendor/qcom/sw5100-lw4/proprietary-audio/args/acdb/ats/src/ats.c:ats_init:263 Error[1]: Failed to initialize ATS
09-12 00:18:34.110 16866 16882 E AGM: API: ats_init_thread: 64 ats_init failed retry 8 err 1
09-12 00:18:34.232  1449  1449 E BatteryDefender: Failed to read /sys/devices/platform/google,charger/bd_state
09-12 00:18:34.240  1449  1449 E BatteryDefender: Failed to read /sys/devices/platform/google,charger/bd_state
09-12 00:18:34.267 16978 16978 W idmap2  : failed to create idmap
09-12 00:18:34.275   869   869 W libbinder.ServiceManagerCppClient: Waited one second for android.frameworks.stats.IStats/default (is service started? Number of threads started in the threadpool: 1. Are binder threads started and available?)
09-12 00:18:34.279   320 16979 W libc    : Unable to set property "ctl.interface_start" to "aidl/android.frameworks.stats.IStats/default": PROP_ERROR_HANDLE_CONTROL_MESSAGE (0x20)
09-12 00:18:34.347 16858 16858 W Zygote  : Class not found for preloading: com.android.internal.telephony.GsmCdmaPhone$$ExternalSyntheticLambda6
09-12 00:18:34.357   391   412 W libbinder.ServiceManagerCppClient: Waited one second for android.frameworks.stats.IStats/default (is service started? Number of threads started in the threadpool: 16. Are binder threads started and available?)
09-12 00:18:34.361   320 16981 W libc    : Unable to set property "ctl.interface_start" to "aidl/android.frameworks.stats.IStats/default": PROP_ERROR_HANDLE_CONTROL_MESSAGE (0x20)
09-12 00:18:34.386 16859 16859 W libbinder.ServiceManagerCppClient: Waited one second for activity (is service started? Number of threads started in the threadpool: 16. Are binder threads started and available?)
09-12 00:18:34.388   320 16982 W libc    : Unable to set property "ctl.interface_start" to "aidl/activity": PROP_ERROR_HANDLE_CONTROL_MESSAGE (0x20)
09-12 00:18:34.408 16858 16858 W Zygote  : Class not found for preloading: com.android.internal.telephony.data.DataServiceManager$$ExternalSyntheticLambda0
09-12 00:18:34.410 16858 16858 W Zygote  : Class not found for preloading: com.android.internal.telephony.data.DataSettingsManager$5
09-12 00:18:34.413 16858 16858 W Zygote  : Class not found for preloading: com.android.internal.telephony.data.PhoneSwitcher$7
09-12 00:18:34.415 16858 16858 W Zygote  : Class not found for preloading: com.android.internal.telephony.data.TelephonyNetworkRequest$$ExternalSyntheticLambda10
09-12 00:18:34.433 16858 16858 W Zygote  : Class not found for preloading: com.android.internal.telephony.imsphone.ImsPhone$$ExternalSyntheticLambda5
09-12 00:18:34.434 16858 16858 W Zygote  : Class not found for preloading: com.android.internal.telephony.imsphone.ImsPhone$$ExternalSyntheticLambda8
09-12 00:18:34.492 16858 16858 W Zygote  : Class not found for preloading: com.android.internal.telephony.satellite.nano.SatelliteConfigData$CarrierRoamingConfigProto
09-12 00:18:34.492 16858 16858 W Zygote  : Class not found for preloading: com.android.internal.telephony.satellite.nano.SatelliteConfigData$CarrierSupportedSatelliteServicesProto
09-12 00:18:34.493 16858 16858 W Zygote  : Class not found for preloading: com.android.internal.telephony.satellite.nano.SatelliteConfigData$SatelliteConfigProto
09-12 00:18:34.493 16858 16858 W Zygote  : Class not found for preloading: com.android.internal.telephony.satellite.nano.SatelliteConfigData$SatelliteProviderCapabilityProto
09-12 00:18:34.493 16858 16858 W Zygote  : Class not found for preloading: com.android.internal.telephony.satellite.nano.SatelliteConfigData$SatelliteRegionProto
09-12 00:18:34.493 16858 16858 W Zygote  : Class not found for preloading: com.android.internal.telephony.satellite.nano.SatelliteConfigData$TelephonyConfigProto
09-12 00:18:34.523 16858 16858 D nativeloader: Load libframework-connectivity-jni.so using APEX ns com_android_tethering for caller /apex/com.android.tethering/javalib/framework-connectivity.jar: ok
09-12 00:18:34.567 16858 16858 W zygote  : Monitor::Inflate: Install failed 0x70d4c188
09-12 00:18:34.570 16858 16858 W Zygote  : Class not found for preloading: com.google.wear.modes.EnduranceMode
09-12 00:18:34.575 16858 16858 W Zygote  : Class not found for preloading: com.google.wear.services.internal.flags.com.google.wear.services.infra.flags.FeatureFlags
09-12 00:18:34.575 16858 16858 W Zygote  : Class not found for preloading: com.google.wear.services.internal.flags.com.google.wear.services.infra.flags.FeatureFlagsImpl
09-12 00:18:34.590 16858 16858 I Zygote  : ...preloaded 17995 classes in 2653ms.
09-12 00:18:34.603 16858 16858 D nativeloader: InitApexLibraries:
09-12 00:18:34.603 16858 16858 D nativeloader:   com_android_art: libnativehelper.so
09-12 00:18:34.603 16858 16858 D nativeloader:   com_android_i18n: libicui18n.so:libicuuc.so:libicu.so
09-12 00:18:34.603 16858 16858 D nativeloader:   com_android_neuralnetworks: libneuralnetworks.so
09-12 00:18:34.603 16858 16858 D nativeloader: InitDefaultPublicLibraries for_preload=0: libandroid.so:libaaudio.so:libamidi.so:libbinder_ndk.so:libc.so:libcamera2ndk.so:libdl.so:libEGL.so:libGLESv1_CM.so:libGLESv2.so:libGLESv3.so:libjnigraphics.so:liblog.so:libmediandk.so:libm.so:libnativewindow.so:libOpenMAXAL.so:libOpenSLES.so:libRS.so:libstdc++.so:libsync.so:libvulkan.so:libz.so
09-12 00:18:34.603 16858 16858 D nativeloader: Configuring clns-shared-1 for other apk /system/framework/android.hidl.base-V1.0-java.jar. target_sdk_version=37, uses_libraries=, library_path=, permitted_path=/data:/mnt/expand
09-12 00:18:34.604 16858 16858 D nativeloader: InitExtendedPublicLibraries: 
09-12 00:18:34.608 16858 16858 D nativeloader: InitApexLibraries:
09-12 00:18:34.608 16858 16858 D nativeloader:   
09-12 00:18:34.610 16858 16858 D nativeloader: InitVendorPublicLibraries: libadsprpc.so:libcdsprpc.so:libsdsprpc.so:libOpenCL.so
09-12 00:18:34.611 16858 16858 D nativeloader: InitProductPublicLibraries: 
09-12 00:18:34.611 16866 16882 D Diag_Lib: diag: Diag_LSM_Init: invoked for pid: 16866 with init_count: 0
09-12 00:18:34.611 16866 16882 D Diag_Lib: diag:failed to connect to diag socket
09-12 00:18:34.611 16858 16858 D ApplicationLoaders: Created zygote-cached class loader: /system/framework/android.hidl.base-V1.0-java.jar
09-12 00:18:34.611 16866 16882 D Diag_Lib:  Diag_LSM_Init: Failed to open handle to diag driver, error = 111
09-12 00:18:34.611 16866 16882 I ATS     : vendor/qcom/sw5100-lw4/proprietary-audio/args/acdb/ats/transports/diag/linux/actp/src/actp.c:actp_diag_init:105 Error[1]: Failed to initialize DIAG
09-12 00:18:34.611 16866 16882 E ATS     : vendor/qcom/sw5100-lw4/proprietary-audio/args/acdb/ats/src/ats.c:ats_init:143 Error[1]: Failed to initialize Diag
09-12 00:18:34.611 16866 16882 E ATS     : vendor/qcom/sw5100-lw4/proprietary-audio/args/acdb/ats/src/ats.c:ats_init:263 Error[1]: Failed to initialize ATS
09-12 00:18:34.611 16866 16882 E AGM: API: ats_init_thread: 64 ats_init failed retry 9 err 1
09-12 00:18:34.619 16858 16858 D nativeloader: Configuring clns-shared-2 for other apk /system/framework/android.hidl.manager-V1.0-java.jar. target_sdk_version=37, uses_libraries=, library_path=, permitted_path=/data:/mnt/expand
09-12 00:18:34.619  1172  2088 D AidlBufferPoolAcc: evictor expired: 2, evicted: 0
09-12 00:18:34.620 16858 16858 D ApplicationLoaders: Created zygote-cached class loader: /system/framework/android.hidl.manager-V1.0-java.jar
09-12 00:18:34.628 16858 16858 D nativeloader: Configuring clns-shared-3 for other apk /system/framework/android.test.base.jar. target_sdk_version=37, uses_libraries=, library_path=, permitted_path=/data:/mnt/expand
09-12 00:18:34.630 16858 16858 D ApplicationLoaders: Created zygote-cached class loader: /system/framework/android.test.base.jar
09-12 00:18:34.642 16858 16858 D nativeloader: Configuring clns-shared-4 for other apk /system/framework/org.apache.http.legacy.jar. target_sdk_version=37, uses_libraries=, library_path=, permitted_path=/data:/mnt/expand
09-12 00:18:34.643 16858 16858 D ApplicationLoaders: Created zygote-cached class loader: /system/framework/org.apache.http.legacy.jar
09-12 00:18:34.651 16858 16858 D nativeloader: Configuring clns-shared-5 for other apk /system/framework/com.android.location.provider.jar. target_sdk_version=37, uses_libraries=, library_path=, permitted_path=/data:/mnt/expand
09-12 00:18:34.653 16858 16858 D ApplicationLoaders: Created zygote-cached class loader: /system/framework/com.android.location.provider.jar
09-12 00:18:34.653 16858 16858 I Resources: Preloading resources...
09-12 00:18:34.653 16858 16858 I Resources: ...preloaded 0 resources in 0ms.
09-12 00:18:34.653 16858 16858 I Resources: ...preloaded 0 resources in 0ms.
09-12 00:18:34.979 16858 16858 I Zygote  : Preloading shared libraries...
09-12 00:18:34.981 16858 16858 D nativeloader: Load libandroid.so using system ns (caller=/system/framework/framework.jar!classes5.dex): ok
09-12 00:18:34.983 16858 16858 D nativeloader: Load libjnigraphics.so using system ns (caller=/system/framework/framework.jar!classes5.dex): ok
09-12 00:18:34.984 16858 16858 D nativeloader: Load libperfetto_framework_jni.so using system ns (caller=/system/framework/framework.jar!classes5.dex): ok
09-12 00:18:34.993 16858 16858 D nativeloader: Load libcompiler_rt.so using system ns (caller=/system/framework/framework.jar!classes5.dex): ok
09-12 00:18:35.005 16853 16903 D BootAnimation: Playing files = /product/media/bootanimation-eos-384.zip/part2, Requested repeat = 0, playUntilComplete = false
09-12 00:18:35.065 16858 16858 I Zygote  : Preloading compat config...
09-12 00:18:35.066 16858 16858 I CompatibilityRules: Loading configs from /system/etc/compatconfig
09-12 00:18:35.069 16858 16858 I CompatibilityRules: Reading config file: /system/etc/compatconfig/services-platform-compat-config.xml
09-12 00:18:35.075 16858 16858 I CompatibilityRules: Reading config file: /system/etc/compatconfig/TeleService-platform-compat-config.xml
09-12 00:18:35.078 16858 16858 I CompatibilityRules: Reading config file: /system/etc/compatconfig/calendar-provider-compat-config.xml
09-12 00:18:35.081 16858 16858 I CompatibilityRules: Reading config file: /system/etc/compatconfig/framework-ondeviceintelligence-platform-compat-config.xml
09-12 00:18:35.083 16858 16858 I CompatibilityRules: Reading config file: /system/etc/compatconfig/SystemUI-application-compat-config.xml
09-12 00:18:35.085 16858 16858 I CompatibilityRules: Reading config file: /system/etc/compatconfig/framework-location-compat-config.xml
09-12 00:18:35.087 16858 16858 I CompatibilityRules: Reading config file: /system/etc/compatconfig/contacts-provider-platform-compat-config.xml
09-12 00:18:35.089 16858 16858 I CompatibilityRules: Reading config file: /system/etc/compatconfig/documents-ui-compat-config.xml
09-12 00:18:35.091 16858 16858 I CompatibilityRules: Reading config file: /system/etc/compatconfig/icu4j-platform-compat-config.xml
09-12 00:18:35.093 16858 16858 I CompatibilityRules: Reading config file: /system/etc/compatconfig/framework-platform-compat-config.xml
09-12 00:18:35.099 16858 16858 I CompatibilityRules: Loading configs from /system/system_ext/etc/compatconfig
09-12 00:18:35.102 16858 16858 W CompatibilityRules: Directory does not exist: /system/system_ext/etc/compatconfig
09-12 00:18:35.102 16858 16858 I CompatibilityRules: Compatibility rules initialized with 333 rules.
09-12 00:18:35.111 16866 16882 D Diag_Lib: diag: Diag_LSM_Init: invoked for pid: 16866 with init_count: 0
09-12 00:18:35.111 16866 16882 D Diag_Lib: diag:failed to connect to diag socket
09-12 00:18:35.111 16866 16882 D Diag_Lib:  Diag_LSM_Init: Failed to open handle to diag driver, error = 111
09-12 00:18:35.111 16866 16882 I ATS     : vendor/qcom/sw5100-lw4/proprietary-audio/args/acdb/ats/transports/diag/linux/actp/src/actp.c:actp_diag_init:105 Error[1]: Failed to initialize DIAG
09-12 00:18:35.111 16866 16882 E ATS     : vendor/qcom/sw5100-lw4/proprietary-audio/args/acdb/ats/src/ats.c:ats_init:143 Error[1]: Failed to initialize Diag
09-12 00:18:35.111 16866 16882 E ATS     : vendor/qcom/sw5100-lw4/proprietary-audio/args/acdb/ats/src/ats.c:ats_init:263 Error[1]: Failed to initialize ATS
09-12 00:18:35.111 16866 16882 E AGM: API: ats_init_thread: 64 ats_init failed retry 10 err 1
09-12 00:18:35.133 16858 16858 D nativeloader: Load libhttpengine.so using APEX ns com_android_tethering for caller /apex/com.android.tethering/javalib/framework-connectivity.jar: ok
09-12 00:18:35.279   869   869 W libbinder.ServiceManagerCppClient: Waited one second for android.frameworks.stats.IStats/default (is service started? Number of threads started in the threadpool: 1. Are binder threads started and available?)
09-12 00:18:35.285   320 16983 W libc    : Unable to set property "ctl.interface_start" to "aidl/android.frameworks.stats.IStats/default": PROP_ERROR_HANDLE_CONTROL_MESSAGE (0x20)
09-12 00:18:35.291 16858 16858 D nativeloader: Load libwebviewchromium_loader.so using system ns (caller=/system/framework/framework.jar!classes4.dex): ok
09-12 00:18:35.293 16858 16858 I Zygote  : Called ZygoteHooks.endPreload()
09-12 00:18:35.294 16858 16858 I Zygote  : Installed AndroidKeyStoreProvider in 1ms.
09-12 00:18:35.307 16858 16858 I Zygote  : Warmed up JCA providers in 12ms.
09-12 00:18:35.307 16858 16858 D Zygote  : end preload
09-12 00:18:35.360   391   412 W libbinder.ServiceManagerCppClient: Waited one second for android.frameworks.stats.IStats/default (is service started? Number of threads started in the threadpool: 16. Are binder threads started and available?)
09-12 00:18:35.364   320 16984 W libc    : Unable to set property "ctl.interface_start" to "aidl/android.frameworks.stats.IStats/default": PROP_ERROR_HANDLE_CONTROL_MESSAGE (0x20)
09-12 00:18:35.387 16859 16859 W libbinder.ServiceManagerCppClient: Waited one second for activity (is service started? Number of threads started in the threadpool: 16. Are binder threads started and available?)
09-12 00:18:35.389   320 16985 W libc    : Unable to set property "ctl.interface_start" to "aidl/activity": PROP_ERROR_HANDLE_CONTROL_MESSAGE (0x20)
09-12 00:18:35.444 16858 16858 I zygote  : Explicit concurrent mark compact GC freed 9912KB AllocSpace bytes, 23(496KB) LOS objects, 93% free, 8261KB/128MB, paused 238us,5.269ms total 136.042ms
09-12 00:18:35.552 16858 16858 I zygote  : Explicit concurrent mark compact GC freed 332KB AllocSpace bytes, 0(0B) LOS objects, 93% free, 8025KB/128MB, paused 205us,3.431ms total 99.309ms
09-12 00:18:35.573 16858 16858 W libprocessgroup: A JoinCgroup action in the SystemMemoryProcess profile is used for controller memory in the cgroup v2 hierarchy and will be ignored
09-12 00:18:35.612 16866 16882 D Diag_Lib: diag: Diag_LSM_Init: invoked for pid: 16866 with init_count: 0
09-12 00:18:35.612 16866 16882 D Diag_Lib: diag:failed to connect to diag socket
09-12 00:18:35.612 16866 16882 D Diag_Lib:  Diag_LSM_Init: Failed to open handle to diag driver, error = 111
09-12 00:18:35.612 16866 16882 I ATS     : vendor/qcom/sw5100-lw4/proprietary-audio/args/acdb/ats/transports/diag/linux/actp/src/actp.c:actp_diag_init:105 Error[1]: Failed to initialize DIAG
09-12 00:18:35.612 16866 16882 E ATS     : vendor/qcom/sw5100-lw4/proprietary-audio/args/acdb/ats/src/ats.c:ats_init:143 Error[1]: Failed to initialize Diag
09-12 00:18:35.612 16866 16882 E ATS     : vendor/qcom/sw5100-lw4/proprietary-audio/args/acdb/ats/src/ats.c:ats_init:263 Error[1]: Failed to initialize ATS
09-12 00:18:35.612 16866 16882 E AGM: API: ats_init_thread: 64 ats_init failed retry 11 err 1
09-12 00:18:35.620  1172  2088 D AidlBufferPoolAcc: evictor expired: 1, evicted: 0
09-12 00:18:35.712 16858 16858 I zygote  : Background concurrent mark compact GC freed 128KB AllocSpace bytes, 0(0B) LOS objects, 93% free, 8025KB/128MB, paused 109us,3.488ms total 100.979ms
09-12 00:18:35.848 16858 16858 D Zygote  : Forked child process 16986
09-12 00:18:35.848 16858 16858 I Zygote  : System server process 16986 has been created
09-12 00:18:35.850 16858 16858 I Zygote  : Accepting command socket connections
09-12 00:18:35.852 16986 16986 I libprocessgroup: Created cgroup /sys/fs/cgroup/system/uid_1000/pid_16986
09-12 00:18:35.923  1248  1248 I adbd    : adbd service requested 'shell,v2,TERM=xterm-256color:export ANDROID_LOG_TAGS=''; exec logcat '-d''
09-12 00:18:36.091 16986 16986 D nativeloader: Configuring clns-shared-6 for other apk /system/framework/services.jar:/system/framework/wear-service.jar:/apex/com.android.adservices/javalib/service-adservices.jar:/apex/com.android.adservices/javalib/service-sdksandbox.jar:/apex/com.android.appsearch/javalib/service-appsearch.jar:/apex/com.android.art/javalib/service-art.jar:/apex/com.android.configinfrastructure/javalib/service-configinfrastructure.jar:/apex/com.android.crashrecovery/javalib/service-crashrecovery.jar:/apex/com.android.healthfitness/javalib/service-healthfitness.jar:/apex/com.android.media/javalib/service-media-s.jar:/apex/com.android.npumanager/javalib/service-npumanager.jar:/apex/com.android.ondevicepersonalization/javalib/service-ondevicepersonalization.jar:/apex/com.android.permission/javalib/service-permission.jar:/apex/com.android.profiling/javalib/service-anomaly-detector.jar:/apex/com.android.rkpd/javalib/service-rkp.jar:/apex/com.android.telephonycore/javalib/service-telecom.jar:/apex/com.android.virt/javalib/service-virtualizati
09-12 00:18:36.096 16986 16986 D nativeloader: InitApexLibraries:
09-12 00:18:36.096 16986 16986 D nativeloader:   com_android_adservices: libhpke_jni.so:libtflite_support_classifiers_native.so
09-12 00:18:36.096 16986 16986 D nativeloader:   com_android_appsearch: libappsearchservice.so:libicing_anywhere.so
09-12 00:18:36.096 16986 16986 D nativeloader:   com_android_art: libartservice.so
09-12 00:18:36.096 16986 16986 D nativeloader:   com_android_bt: libbluetooth_jni.so
09-12 00:18:36.096 16986 16986 D nativeloader:   com_android_conscrypt: libjavacrypto.so
09-12 00:18:36.096 16986 16986 D nativeloader:   com_android_extservices: libtflite_support_classifiers_native.so
09-12 00:18:36.096 16986 16986 D nativeloader:   com_android_mediaprovider: libpdfclient.so
09-12 00:18:36.096 16986 16986 D nativeloader:   com_android_nfcservices: libnfc_nci_jni.so
09-12 00:18:36.096 16986 16986 D nativeloader:   com_android_npumanager: libnpumanager_service_jni.so
09-12 00:18:36.096 16986 16986 D nativeloader:   com_android_ondevicepersonalization: libfcp_cpp_dep_jni.so:libfcp_hpke_jni.so
09-12 00:18:36.096 16986 16986 D nativeloader:   com_android_os_statsd: libstats_jni.so
09-12 00:18:36.096 16986 16986 D nativeloader:   com_android_tethering: libandroid_net_connectivity_com_android_net_module_util_jni.so:libandroid_net_connectivity_com_android_net_module_util_jni_CommonConnectivityJni.so:libcrypto_httpengine.so:libframework-connectivity-jni.so:libframework-connectivity-tiramisu-jni.so:libhttpengine.so:libservice-connectivity.so:libservice-thread-jni.so
09-12 00:18:36.096 16986 16986 D nativeloader:   com_android_uwb: libuwb_uci_jni_rust.so
09-12 00:18:36.096 16986 16986 D nativeloader:   com_android_virt: Mi
09-12 00:18:36.112 16866 16882 D Diag_Lib: diag: Diag_LSM_Init: invoked for pid: 16866 with init_count: 0
09-12 00:18:36.112 16866 16882 D Diag_Lib: diag:failed to connect to diag socket
09-12 00:18:36.112 16866 16882 D Diag_Lib:  Diag_LSM_Init: Failed to open handle to diag driver, error = 111
09-12 00:18:36.113 16866 16882 I ATS     : vendor/qcom/sw5100-lw4/proprietary-audio/args/acdb/ats/transports/diag/linux/actp/src/actp.c:actp_diag_init:105 Error[1]: Failed to initialize DIAG
09-12 00:18:36.113 16866 16882 E ATS     : vendor/qcom/sw5100-lw4/proprietary-audio/args/acdb/ats/src/ats.c:ats_init:143 Error[1]: Failed to initialize Diag
09-12 00:18:36.113 16866 16882 E ATS     : vendor/qcom/sw5100-lw4/proprietary-audio/args/acdb/ats/src/ats.c:ats_init:263 Error[1]: Failed to initialize ATS
09-12 00:18:36.113 16866 16882 E AGM: API: ats_init_thread: 64 ats_init failed retry 12 err 1
09-12 00:18:36.113 16986 16986 D nativeloader: Configuring clns-shared-7 for other apk /apex/com.android.bt/javalib/service-bluetooth.jar. target_sdk_version=37, uses_libraries=ALL, library_path=, permitted_path=/data:/mnt/expand
09-12 00:18:36.130 16986 16986 D nativeloader: Configuring clns-shared-8 for other apk /apex/com.android.devicelock/javalib/service-devicelock.jar. target_sdk_version=37, uses_libraries=ALL, library_path=, permitted_path=/data:/mnt/expand
09-12 00:18:36.138 16986 16986 D nativeloader: Configuring clns-shared-9 for other apk /apex/com.android.os.statsd/javalib/service-statsd.jar. target_sdk_version=37, uses_libraries=ALL, library_path=, permitted_path=/data:/mnt/expand
09-12 00:18:36.148 16986 16986 D nativeloader: Configuring clns-shared-10 for other apk /apex/com.android.profiling/javalib/service-profiling.jar. target_sdk_version=37, uses_libraries=ALL, library_path=, permitted_path=/data:/mnt/expand
09-12 00:18:36.159 16986 16986 D nativeloader: Configuring clns-shared-11 for other apk /apex/com.android.scheduling/javalib/service-scheduling.jar. target_sdk_version=37, uses_libraries=ALL, library_path=, permitted_path=/data:/mnt/expand
09-12 00:18:36.173 16986 16986 D nativeloader: Configuring clns-shared-12 for other apk /apex/com.android.tethering/javalib/service-connectivity.jar. target_sdk_version=37, uses_libraries=ALL, library_path=, permitted_path=/data:/mnt/expand
09-12 00:18:36.184 16986 16986 D nativeloader: Configuring clns-shared-13 for other apk /apex/com.android.uprobestats/javalib/service-uprobestats-bridge.jar. target_sdk_version=37, uses_libraries=ALL, library_path=, permitted_path=/data:/mnt/expand
09-12 00:18:36.209 16986 16986 D nativeloader: Configuring clns-shared-14 for other apk /apex/com.android.uwb/javalib/service-uwb.jar. target_sdk_version=37, uses_libraries=ALL, library_path=, permitted_path=/data:/mnt/expand
09-12 00:18:36.237 16986 16986 D nativeloader: Configuring clns-shared-15 for other apk /apex/com.android.uwb/javalib/service-ranging.jar. target_sdk_version=37, uses_libraries=ALL, library_path=, permitted_path=/data:/mnt/expand
09-12 00:18:36.279  1682  1699 I pixel-thermal: audio-therm:39.19 raw data: audio-therm:39190 
09-12 00:18:36.283   869   869 W libbinder.ServiceManagerCppClient: Waited one second for android.frameworks.stats.IStats/default (is service started? Number of threads started in the threadpool: 1. Are binder threads started and available?)
09-12 00:18:36.288   320 16995 W libc    : Unable to set property "ctl.interface_start" to "aidl/android.frameworks.stats.IStats/default": PROP_ERROR_HANDLE_CONTROL_MESSAGE (0x20)
09-12 00:18:36.292 16986 16986 D nativeloader: Configuring clns-shared-16 for other apk /apex/com.android.wifi/javalib/service-wifi.jar. target_sdk_version=37, uses_libraries=ALL, library_path=, permitted_path=/data:/mnt/expand
09-12 00:18:36.333 16986 16986 I system_server: Using generational CollectorTypeCMC GC.
09-12 00:18:36.340 16986 16986 W system_server: Failed to upload odrefresh metrics: Unable to open or parse metrics file /data/misc/odrefresh/odrefresh-metrics.xml (error: Error=XML_ERROR_FILE_NOT_FOUND ErrorID=3 (0x3) Line number=0: filename=/data/misc/odrefresh/odrefresh-metrics.xml)
09-12 00:18:36.350 16986 16986 D nativeloader: Load libframework-connectivity-tiramisu-jni.so using APEX ns com_android_tethering for caller /apex/com.android.tethering/javalib/framework-connectivity-t.jar: ok
09-12 00:18:36.357 16986 16986 D SystemServerTiming: InitBeforeStartServices
09-12 00:18:36.361 16986 16986 I SystemServer: Entered the Android system server!
09-12 00:18:36.363   391   412 W libbinder.ServiceManagerCppClient: Waited one second for android.frameworks.stats.IStats/default (is service started? Number of threads started in the threadpool: 16. Are binder threads started and available?)
09-12 00:18:36.367 16986 16986 I SystemServerInitThreadPool: Creating instance with 4 threads
09-12 00:18:36.367   320 17006 W libc    : Unable to set property "ctl.interface_start" to "aidl/android.frameworks.stats.IStats/default": PROP_ERROR_HANDLE_CONTROL_MESSAGE (0x20)
09-12 00:18:36.368 16986 16986 I SystemServer: Reading configuration...
09-12 00:18:36.368 16986 16986 D SystemServerTiming: ReadingSystemConfig
09-12 00:18:36.369 16986 17007 D SystemServerTimingAsync: InitThreadPoolExec:ReadingSystemConfig
09-12 00:18:36.373 16986 17007 I SystemConfig: Reading permissions from /system/etc/sysconfig/preinstalled-packages-asl-files.xml
09-12 00:18:36.375 16986 17007 I SystemConfig: Reading permissions from /system/etc/sysconfig/com.google.android.mainline.patchlevel.2.xml
09-12 00:18:36.377 16986 17007 I SystemConfig: Reading permissions from /system/etc/sysconfig/package-shareduid-allowlist.xml
09-12 00:18:36.379 16986 17007 I SystemConfig: Reading permissions from /system/etc/sysconfig/enhanced-confirmation.xml
09-12 00:18:36.380 16986 17007 I SystemConfig: Reading permissions from /system/etc/sysconfig/wear_services_sysconfig.xml
09-12 00:18:36.382 16986 17007 I SystemConfig: Reading permissions from /system/etc/sysconfig/clockwork-hiddenapi-package-whitelist.xml
09-12 00:18:36.384 16986 17007 I SystemConfig: Reading permissions from /system/etc/sysconfig/clockwork.xml
09-12 00:18:36.387 16986 17007 I SystemConfig: Reading permissions from /system/etc/sysconfig/initial-package-stopped-states.xml
09-12 00:18:36.389 16859 16859 W libbinder.ServiceManagerCppClient: Waited one second for activity (is service started? Number of threads started in the threadpool: 16. Are binder threads started and available?)
09-12 00:18:36.389 16986 17007 I SystemConfig: Reading permissions from /system/etc/sysconfig/framework-sysconfig.xml
09-12 00:18:36.391   320 17008 W libc    : Unable to set property "ctl.interface_start" to "aidl/activity": PROP_ERROR_HANDLE_CONTROL_MESSAGE (0x20)
09-12 00:18:36.391 16986 17007 I SystemConfig: Reading permissions from /system/etc/sysconfig/app-lock-exempt.xml
09-12 00:18:36.392 16986 17007 I SystemConfig: Reading permissions from /system/etc/sysconfig/preinstalled-packages-strict-signature.xml
09-12 00:18:36.394 16986 17007 I SystemConfig: Reading permissions from /system/etc/sysconfig/dwf-runtime-sysconfig.xml
09-12 00:18:36.395 16986 17007 I SystemConfig: Reading permissions from /system/etc/sysconfig/hiddenapi-package-whitelist.xml
09-12 00:18:36.397 16986 17007 I SystemConfig: Reading permissions from /system/etc/sysconfig/sysconfig-safety-hub-clockwork.xml
09-12 00:18:36.398 16986 17007 I SystemConfig: Reading permissions from /system/etc/sysconfig/preinstalled-packages-platform.xml
09-12 00:18:36.401 16986 17007 I SystemConfig: Reading permissions from /system/etc/sysconfig/preinstalled-packages-clockwork-google-system.xml
09-12 00:18:36.403 16986 17007 I SystemConfig: Reading permissions from /system/etc/sysconfig/qti_whitelist.xml
09-12 00:18:36.405 16986 17007 I SystemConfig: Reading permissions from /system/etc/sysconfig/preinstalled-packages-platform-telephony-system.xml
09-12 00:18:36.407 16986 17007 I SystemConfig: Reading permissions from /system/etc/sysconfig/preinstalled-packages-clockwork-base-system.xml
09-12 00:18:36.410 16986 17007 I SystemConfig: Reading permissions from /system/etc/permissions/privapp-permissions_dwf_receiver.xml
09-12 00:18:36.413 16986 17007 I SystemConfig: Reading permissions from /system/etc/permissions/uimremoteclient.xml
09-12 00:18:36.417 16986 17007 I SystemConfig: Reading permissions from /system/etc/permissions/media_sessions_feature.xml
09-12 00:18:36.418 16986 17007 I SystemConfig: Reading permissions from /system/etc/permissions/privapp-permissions-platform.xml
09-12 00:18:36.430 16986 17007 I SystemConfig: Reading permissions from /system/etc/permissions/com.android.intentresolver.xml
09-12 00:18:36.432 16986 17007 I SystemConfig: Reading permissions from /system/etc/permissions/privapp-permissions-google.xml
09-12 00:18:36.434 16986 17007 I SystemConfig: Reading permissions from /system/etc/permissions/privapp-permissions-clockwork.xml
09-12 00:18:36.443 16986 17007 I SystemConfig: Reading permissions from /system/etc/permissions/privapp-permissions-pixel-watch-assistant.xml
09-12 00:18:36.444 16986 17007 I SystemConfig: Reading permissions from /system/etc/permissions/edoras_assistant_feature.xml
09-12 00:18:36.446 16986 17007 I SystemConfig: Reading permissions from /system/etc/permissions/com.android.location.provider.xml
09-12 00:18:36.447 16986 17007 I SystemConfig: Reading permissions from /system/etc/permissions/wcs_feature.xml
09-12 00:18:36.448 16986 17007 I SystemConfig: Reading permissions from /system/etc/permissions/privapp-permissions-qti.xml
09-12 00:18:36.456 16986 17007 I SystemConfig: Reading permissions from /system/etc/permissions/com.google.android.networkstack.xml
09-12 00:18:36.458 16986 17007 I SystemConfig: Reading permissions from /system/etc/permissions/protolayout_renderer_feature.xml
09-12 00:18:36.459 16986 17007 I SystemConfig: Reading permissions from /system/etc/permissions/split-permissions-google-clockwork.xml
09-12 00:18:36.461 16986 17007 I SystemConfig: Reading permissions from /system/etc/permissions/android.test.mock.xml
09-12 00:18:36.463 16986 17007 I SystemConfig: Reading permissions from /system/etc/permissions/privapp-permissions_tapandpay.xml
09-12 00:18:36.464 16986 17007 I SystemConfig: Reading permissions from /system/etc/permissions/active_unlock_feature.xml
09-12 00:18:36.465 16986 17007 I SystemConfig: Reading permissions from /system/etc/permissions/com.google.android.wearable.xml
09-12 00:18:36.467 16986 17007 I SystemConfig: Reading permissions from /system/etc/permissions/factory_reset_protection.xml
09-12 00:18:36.468 16986 17007 I SystemConfig: Reading permissions from /system/etc/permissions/org.apache.http.legacy.xml
09-12 00:18:36.469 16986 17007 I SystemConfig: Reading permissions from /system/etc/permissions/android.software.window_magnification.xml
09-12 00:18:36.470 16986 17007 I SystemConfig: Reading permissions from /system/etc/permissions/android.test.base.xml
09-12 00:18:36.472 16986 17007 I SystemConfig: Reading permissions from /system/etc/permissions/watch_features.xml
09-12 00:18:36.473 16986 17007 I SystemConfig: Reading permissions from /system/etc/permissions/clockwork-system.xml
09-12 00:18:36.475 16986 17007 I SystemConfig: Reading permissions from /system/etc/permissions/ExtServices-tplus.xml
09-12 00:18:36.476 16986 17007 I SystemConfig: Reading permissions from /system/etc/permissions/privapp-permissions-watch.xml
09-12 00:18:36.478 16986 17007 I SystemConfig: Reading permissions from /system/etc/permissions/com.qualcomm.qti.FASTRPCPRIVILEGE_vendor.xml
09-12 00:18:36.482 16986 17007 I SystemConfig: Reading permissions from /system/etc/permissions/wear-sdk.xml
09-12 00:18:36.484 16986 17007 I SystemConfig: Reading permissions from /system/etc/permissions/privapp-permissions_deskclock.xml
09-12 00:18:36.485 16986 17007 I SystemConfig: Reading permissions from /system/etc/permissions/android.test.runner.xml
09-12 00:18:36.486 16986 17007 I SystemConfig: Reading permissions from /system/etc/permissions/uimremoteserver.xml
09-12 00:18:36.488 16986 17007 I SystemConfig: Reading permissions from /system/etc/permissions/wear_services_priv_permissions.xml
09-12 00:18:36.491 16986 17007 I SystemConfig: Reading permissions from /system/etc/permissions/dialer_feature.xml
09-12 00:18:36.492 16986 17007 I SystemConfig: Reading permissions from /system/etc/permissions/clockwork-ambient.xml
09-12 00:18:36.494 16986 17007 I SystemConfig: Reading permissions from /system/etc/permissions/feature_DeclarativeWatchFaceRuntimePrebuilt.xml
09-12 00:18:36.495 16986 17007 I SystemConfig: Reading permissions from /system/etc/permissions/privapp-permissions-clockwork-media-sessions.xml
09-12 00:18:36.497 16986 17007 I SystemConfig: Reading permissions from /system/etc/permissions/clockwork-healthservices.xml
09-12 00:18:36.498 16986 17007 I SystemConfig: Reading permissions from /system/etc/permissions/javax.obex.xml
09-12 00:18:36.499 16986 17007 I SystemConfig: Reading permissions from /system/etc/permissions/platform.xml
09-12 00:18:36.502 16986 17007 I AconfigFlags: Using new flag storage
09-12 00:18:36.509 16986 17007 I SystemConfig: Reading permissions from /vendor/etc/sysconfig/cacert-oem-defined-uids.xml
09-12 00:18:36.512 16986 17007 I SystemConfig: Reading permissions from /vendor/etc/permissions/android.software.opengles.deqp.level.xml
09-12 00:18:36.514 16986 17007 I SystemConfig: Reading permissions from /vendor/etc/permissions/android.hardware.vulkan.compute-0.xml
09-12 00:18:36.515 16986 17007 I SystemConfig: Reading permissions from /vendor/etc/permissions/android.hardware.sensor.barometer.xml
09-12 00:18:36.517 16986 17007 I SystemConfig: Reading permissions from /vendor/etc/permissions/com.google.android.hardwareinfo.xml
09-12 00:18:36.518 16986 17007 I SystemConfig: Reading permissions from /vendor/etc/permissions/android.software.device_id_attestation.xml
09-12 00:18:36.520 16986 17007 I SystemConfig: Reading permissions from /vendor/etc/permissions/android.hardware.bluetooth.xml
09-12 00:18:36.521 16986 17007 I SystemConfig: Reading permissions from /vendor/etc/permissions/android.hardware.se.omapi.ese.xml
09-12 00:18:36.522 16986 17007 I SystemConfig: Reading permissions from /vendor/etc/permissions/wearable_core_hardware.xml
09-12 00:18:36.524 16986 17007 I SystemConfig: Reading permissions from /vendor/etc/permissions/android.software.sip.voip.xml
09-12 00:18:36.525 16986 17007 I SystemConfig: Reading permissions from /vendor/etc/permissions/android.hardware.location.gps.xml
09-12 00:18:36.526 16986 17007 I SystemConfig: Reading permissions from /vendor/etc/permissions/android.hardware.nfc.hcef.prebuilt.xml
09-12 00:18:36.528 16986 17007 I SystemConfig: Reading permissions from /vendor/etc/permissions/com.android.se.xml
09-12 00:18:36.530 16986 17007 I SystemConfig: Reading permissions from /vendor/etc/permissions/android.hardware.sensor.heartrate.xml
09-12 00:18:36.531 16986 17007 I SystemConfig: Reading permissions from /vendor/etc/permissions/android.software.device_admin.prebuilt.xml
09-12 00:18:36.532 16986 17007 I SystemConfig: Reading permissions from /vendor/etc/permissions/android.software.vulkan.deqp.level.xml
09-12 00:18:36.534 16986 17007 I SystemConfig: Reading permissions from /vendor/etc/permissions/android.hardware.nfc.hce.prebuilt.xml
09-12 00:18:36.535 16986 17007 I SystemConfig: Reading permissions from /vendor/etc/permissions/kids_wear_experience_feature.xml
09-12 00:18:36.536 16986 17007 I SystemConfig: Reading permissions from /vendor/etc/permissions/android.hardware.sensor.stepcounter.xml
09-12 00:18:36.538 16986 17007 I SystemConfig: Reading permissions from /vendor/etc/permissions/android.hardware.nfc.ese.prebuilt.xml
09-12 00:18:36.539 16986 17007 I SystemConfig: Reading permissions from /vendor/etc/permissions/android.hardware.se.omapi.uicc.prebuilt.xml
09-12 00:18:36.540 16986 17007 I SystemConfig: Reading permissions from /vendor/etc/permissions/android.hardware.vulkan.version-1_1.xml
09-12 00:18:36.541 16986 17007 I SystemConfig: Reading permissions from /vendor/etc/permissions/android.hardware.bluetooth_le.xml
09-12 00:18:36.543 16986 17007 I SystemConfig: Reading permissions from /vendor/etc/permissions/android.hardware.hardware_keystore.xml
09-12 00:18:36.544 16986 17007 I SystemConfig: Reading permissions from /vendor/etc/permissions/android.hardware.wifi.passpoint.xml
09-12 00:18:36.546 16986 17007 I SystemConfig: Reading permissions from /vendor/etc/permissions/android.hardware.touchscreen.multitouch.distinct.xml
09-12 00:18:36.547 16986 17007 I SystemConfig: Reading permissions from /vendor/etc/permissions/android.hardware.usb.accessory.xml
09-12 00:18:36.548 16986 17007 I SystemConfig: Reading permissions from /vendor/etc/permissions/android.software.backup.prebuilt.xml
09-12 00:18:36.550 16986 17007 I SystemConfig: Reading permissions from /vendor/etc/permissions/android.hardware.wifi.xml
09-12 00:18:36.551 16986 17007 I SystemConfig: Reading permissions from /vendor/etc/permissions/android.software.ipsec_tunnels.xml
09-12 00:18:36.552 16986 17007 I SystemConfig: Reading permissions from /vendor/etc/permissions/android.hardware.telephony.gsm.prebuilt.xml
09-12 00:18:36.554 16986 17007 I SystemConfig: Reading permissions from /vendor/etc/permissions/android.hardware.location.prebuilt.xml
09-12 00:18:36.555 16986 17007 I SystemConfig: Reading permissions from /vendor/etc/permissions/android.hardware.audio.output.prebuilt.xml
09-12 00:18:36.557 16986 17007 I SystemConfig: Reading permissions from /vendor/etc/permissions/com.google.clockwork.hardware.sensor.llob.xml
09-12 00:18:36.558 16986 17007 I SystemConfig: Reading permissions from /vendor/etc/permissions/android.hardware.screen.portrait.xml
09-12 00:18:36.560 16986 17007 I SystemConfig: Reading permissions from /vendor/etc/permissions/android.hardware.keystore.app_attest_key.xml
09-12 00:18:36.562 16986 17007 I SystemConfig: Reading permissions from /vendor/etc/permissions/android.hardware.sensor.light.xml
09-12 00:18:36.563 16986 17007 I SystemConfig: Reading permissions from /vendor/etc/permissions/android.hardware.audio.output.xml
09-12 00:18:36.564 16986 17007 I SystemConfig: Reading permissions from /vendor/etc/permissions/android.hardware.vulkan.level-0.xml
09-12 00:18:36.566 16986 17007 I SystemConfig: Reading permissions from /vendor/etc/permissions/android.hardware.context_hub.xml
09-12 00:18:36.567 16986 17007 I SystemConfig: Reading permissions from /vendor/etc/permissions/android.software.verified_boot.xml
09-12 00:18:36.569 16986 17007 I SystemConfig: Reading permissions from /vendor/etc/permissions/android.hardware.sensor.heartrate.ecg.xml
09-12 00:18:36.571 16986 17007 I SystemConfig: Reading permissions from /vendor/etc/permissions/android.hardware.telephony.euicc.prebuilt.xml
09-12 00:18:36.573 16986 17007 I SystemConfig: Reading permissions from /vendor/etc/permissions/android.hardware.vulkan.version-1_3.xml
09-12 00:18:36.575 16986 17007 I SystemConfig: Reading permissions from /vendor/etc/permissions/android.hardware.strongbox_keystore.nxp.xml
09-12 00:18:36.576 16986 17007 I SystemConfig: Reading permissions from /vendor/etc/permissions/android.hardware.sensor.compass.xml
09-12 00:18:36.577 16986 17007 I SystemConfig: Reading permissions from /vendor/etc/permissions/android.hardware.sensor.stepdetector.xml
09-12 00:18:36.579 16986 17007 I SystemConfig: Reading permissions from /vendor/etc/permissions/android.hardware.telephony.ims.prebuilt.xml
09-12 00:18:36.580 16986 17007 I SystemConfig: Reading permissions from /vendor/etc/permissions/android.hardware.se.omapi.ese.prebuilt.xml
09-12 00:18:36.584 16986 17007 I SystemConfig: Reading permissions from /odm/etc/permissions/sku_sdw5100/unavailable-feature.xml
09-12 00:18:36.587 16986 17007 I SystemConfig: Reading permissions from /product/etc/sysconfig/eos_feature.xml
09-12 00:18:36.588 16986 17007 I SystemConfig: Reading permissions from /product/etc/sysconfig/preinstalled-packages-clockwork-google-product.xml
09-12 00:18:36.589 16986 17007 I SystemConfig: Reading permissions from /product/etc/sysconfig/component-overrides-clockwork.xml
09-12 00:18:36.591 16986 17007 I SystemConfig: Reading permissions from /product/etc/sysconfig/preinstalled-packages-com.google.android.apps.carrier.log.xml
09-12 00:18:36.592 16986 17007 I SystemConfig: Reading permissions from /product/etc/sysconfig/pixel_watch_experience_2023.xml
09-12 00:18:36.594 16986 17007 I SystemConfig: Reading permissions from /product/etc/sysconfig/pdms-apex-allowlist-sysconfig.xml
09-12 00:18:36.595 16986 17007 I SystemConfig: Reading permissions from /product/etc/sysconfig/pdms-sysconfig.xml
09-12 00:18:36.597 16986 17007 I SystemConfig: Adding association: com.google.android.wearable.pixel.pdms <- com.android.phone
09-12 00:18:36.597 16986 17007 I SystemConfig: Adding association: com.google.android.wearable.pixel.pdms <- com.fitbit.FitbitMobile
09-12 00:18:36.597 16986 17007 I SystemConfig: Adding association: com.google.android.wearable.pixel.pdms <- com.google.android.apps.safetyhub
09-12 00:18:36.597 16986 17007 I SystemConfig: Adding association: com.google.android.wearable.pixel.pdms <- com.google.android.apps.wearable.systemui
09-12 00:18:36.597 16986 17007 I SystemConfig: Adding association: com.google.android.wearable.pixel.pdms <- com.google.android.crossdeviceaccessservice
09-12 00:18:36.597 16986 17007 I SystemConfig: Adding association: com.google.android.wearable.pixel.pdms <- com.google.android.gms
09-12 00:18:36.597 16986 17007 I SystemConfig: Adding association: com.google.android.wearable.pixel.pdms <- com.google.android.pixelsystemservice
09-12 00:18:36.597 16986 17007 I SystemConfig: Adding association: com.google.android.wearable.pixel.pdms <- com.google.android.wearable.diagnosticstool
09-12 00:18:36.597 16986 17007 I SystemConfig: Adding association: com.google.android.wearable.pixel.pdms <- com.google.android.wearable.sysui
09-12 00:18:36.597 16986 17007 I SystemConfig: Adding association: com.google.android.wearable.pixel.pdms <- com.google.hardware.techeng.sensors.datacollection.weardcfreeliving
09-12 00:18:36.598 16986 17007 I SystemConfig: Reading permissions from /product/etc/sysconfig/preinstalled-packages-pixel-watch-pixelnfc.xml
09-12 00:18:36.600 16986 17007 I SystemConfig: Reading permissions from /product/etc/sysconfig/eos.xml
09-12 00:18:36.601 16986 17007 I SystemConfig: Reading permissions from /product/etc/sysconfig/component-overrides-mainline.xml
09-12 00:18:36.603 16986 17007 I SystemConfig: Reading permissions from /product/etc/sysconfig/sysui_google_feature.xml
09-12 00:18:36.604 16986 17007 I SystemConfig: Reading permissions from /product/etc/sysconfig/watchfaces.xml
09-12 00:18:36.606 16986 17007 I SystemConfig: Reading permissions from /product/etc/sysconfig/allowed_apex_com.google.android.gmssystem.xml
09-12 00:18:36.607 16986 17007 I SystemConfig: Reading permissions from /product/etc/sysconfig/adaptivecharging.xml
09-12 00:18:36.608 16986 17007 I SystemConfig: Reading permissions from /product/etc/sysconfig/felica_feature.xml
09-12 00:18:36.610 16986 17007 I SystemConfig: Reading permissions from /product/etc/sysconfig/ramdump_service_feature.xml
09-12 00:18:36.611 16986 17007 I SystemConfig: Reading permissions from /product/etc/sysconfig/pixel_watch_experience_2022.xml
09-12 00:18:36.613 16866 16882 D Diag_Lib: diag: Diag_LSM_Init: invoked for pid: 16866 with init_count: 0
09-12 00:18:36.613 16986 17007 I SystemConfig: Reading permissions from /product/etc/sysconfig/allowlist_com.android.omadm.service.xml
09-12 00:18:36.613 16866 16882 D Diag_Lib: diag:failed to connect to diag socket
09-12 00:18:36.613 16866 16882 D Diag_Lib:  Diag_LSM_Init: Failed to open handle to diag driver, error = 111
09-12 00:18:36.613 16866 16882 I ATS     : vendor/qcom/sw5100-lw4/proprietary-audio/args/acdb/ats/transports/diag/linux/actp/src/actp.c:actp_diag_init:105 Error[1]: Failed to initialize DIAG
09-12 00:18:36.613 16866 16882 E ATS     : vendor/qcom/sw5100-lw4/proprietary-audio/args/acdb/ats/src/ats.c:ats_init:143 Error[1]: Failed to initialize Diag
09-12 00:18:36.613 16866 16882 E ATS     : vendor/qcom/sw5100-lw4/proprietary-audio/args/acdb/ats/src/ats.c:ats_init:263 Error[1]: Failed to initialize ATS
09-12 00:18:36.613 16866 16882 E AGM: API: ats_init_thread: 64 ats_init failed retry 13 err 1
09-12 00:18:36.614 16986 17007 I SystemConfig: Reading permissions from /product/etc/sysconfig/wear-initial-package-stopped-states.xml
09-12 00:18:36.616 16986 17007 I SystemConfig: Reading permissions from /product/etc/sysconfig/preinstalled-packages-base-product.xml
09-12 00:18:36.618 16986 17007 I SystemConfig: Reading permissions from /product/etc/sysconfig/preinstalled-packages-pixel-watch-telephony.xml
09-12 00:18:36.621 16986 17007 I SystemConfig: Reading permissions from /product/etc/permissions/google_contacts_feature.xml
09-12 00:18:36.622 16986 17007 I SystemConfig: Reading permissions from /product/etc/permissions/vendor.qti.hardware.data.connectionaidl-V1-java.xml
09-12 00:18:36.623 16986 17007 I SystemConfig: Ignore shared library vendor.qti.hardware.data.connectionaidl-V1-java: /system/product/framework/vendor.qti.hardware.data.connectionaidl-V1-java.jar does not exist
09-12 00:18:36.624 16986 17007 I SystemConfig: Reading permissions from /product/etc/permissions/com.android.sdm.plugins.dcmo.xml
09-12 00:18:36.626 16986 17007 I SystemConfig: Reading permissions from /product/etc/permissions/privapp-permissions-google-spoon.xml
09-12 00:18:36.627 16986 17007 I SystemConfig: Reading permissions from /product/etc/permissions/qti_telephony_hidl_wrapper_prd.xml
09-12 00:18:36.629 16986 17007 I SystemConfig: Reading permissions from /product/etc/permissions/privapp-permissions_com.google.android.apps.messaging_wear.xml
09-12 00:18:36.631 16986 17007 I SystemConfig: Reading permissions from /product/etc/permissions/privapp-permissions-pdms.xml
09-12 00:18:36.633 16986 17007 I SystemConfig: Reading permissions from /product/etc/permissions/vendor.qti.hardware.data.connection-V1.1-java.xml
09-12 00:18:36.634 16986 17007 I SystemConfig: Ignore shared library vendor.qti.hardware.data.connection-V1.1-java: /system/product/framework/vendor.qti.hardware.data.connection-V1.1-java.jar does not exist
09-12 00:18:36.635 16986 17007 I SystemConfig: Reading permissions from /product/etc/permissions/telephony_product_privapp-permissions-qti.xml
09-12 00:18:36.636 16986 17007 I SystemConfig: Reading permissions from /product/etc/permissions/privapp-permissions_com.google.android.apps.scone_wear.xml
09-12 00:18:36.638 16986 17007 I SystemConfig: Reading permissions from /product/etc/permissions/qti_telephony_utils_prd.xml
09-12 00:18:36.639 16986 17007 I SystemConfig: Reading permissions from /product/etc/permissions/lpa.xml
09-12 00:18:36.641 16986 17007 I SystemConfig: Reading permissions from /product/etc/permissions/2023fitbit_wear_retail_app_feature.xml
09-12 00:18:36.642 16986 17007 I SystemConfig: Reading permissions from /product/etc/permissions/com.android.sdm.plugins.connmo.xml
09-12 00:18:36.644 16986 17007 I SystemConfig: Reading permissions from /product/etc/permissions/extphonelib_product.xml
09-12 00:18:36.646 16986 17007 I SystemConfig: Reading permissions from /product/etc/permissions/com.android.omadm.service.xml
09-12 00:18:36.648 16986 17007 I SystemConfig: Reading permissions from /product/etc/permissions/privapp-permissions-aspen.xml
09-12 00:18:36.649 16986 17007 I SystemConfig: Reading permissions from /product/etc/permissions/vendor.qti.hardware.data.connection-V1.0-java.xml
09-12 00:18:36.651 16986 17007 I SystemConfig: Ignore shared library vendor.qti.hardware.data.connection-V1.0-java: /system/product/framework/vendor.qti.hardware.data.connection-V1.0-java.jar does not exist
09-12 00:18:36.651 16986 17007 I SystemConfig: Reading permissions from /product/etc/permissions/com.qti.snapdragon.sdk.display.xml
09-12 00:18:36.652 16986 17007 I SystemConfig: Reading permissions from /product/etc/permissions/privapp-permissions-clockwork_product.xml
09-12 00:18:36.655 16986 17007 I SystemConfig: Reading permissions from /product/etc/permissions/com.google.SSRestartDetector.xml
09-12 00:18:36.657 16986 17007 I SystemConfig: Reading permissions from /product/etc/permissions/fitbit_ecg_feature.xml
09-12 00:18:36.658 16986 17007 I SystemConfig: Reading permissions from /product/etc/permissions/fitbit_app_feature.xml
09-12 00:18:36.660 16986 17007 I SystemConfig: Reading permissions from /product/etc/permissions/privapp-permissions_lw.xml
09-12 00:18:36.661 16986 17007 I SystemConfig: Reading permissions from /product/etc/permissions/com.android.sdm.plugins.diagmon.xml
09-12 00:18:36.663 16986 17007 I SystemConfig: Reading permissions from /product/etc/permissions/ims_ext_common.xml
09-12 00:18:36.664 16986 17007 I SystemConfig: Reading permissions from /product/etc/permissions/com.google.omadm.trigger.xml
09-12 00:18:36.666 16986 17007 I SystemConfig: Reading permissions from /product/etc/permissions/split-permissions-google.xml
09-12 00:18:36.667 16986 17007 I SystemConfig: Reading permissions from /product/etc/permissions/privapp-permissions_WeatherPixelWatch.xml
09-12 00:18:36.669 16986 17007 I SystemConfig: Reading permissions from /product/etc/permissions/privapp-permissions-google-p.xml
09-12 00:18:36.688 16986 17007 I SystemConfig: Reading permissions from /product/etc/permissions/privapp-permissions_fitbit_ecg.xml
09-12 00:18:36.692 16986 17007 I SystemConfig: Reading permissions from /product/etc/permissions/privapp-permissions-photos.xml
09-12 00:18:36.693 16986 17007 I SystemConfig: Reading permissions from /product/etc/permissions/privapp-permissions-google-pearl.xml
09-12 00:18:36.695 16986 17007 I SystemConfig: Reading permissions from /product/etc/permissions/com.google.android.wearable.diagnosticstool.xml
09-12 00:18:36.696 16986 17007 I SystemConfig: Reading permissions from /product/etc/permissions/default-permissions_lw.xml
09-12 00:18:36.699 16986 17007 W SystemConfig: Got exception parsing permissions.
09-12 00:18:36.699 16986 17007 W SystemConfig: org.xmlpull.v1.XmlPullParserException: Unexpected start tag in /product/etc/permissions/default-permissions_lw.xml: found exceptions, expected 'permissions' or 'config'
09-12 00:18:36.699 16986 17007 W SystemConfig: 	at com.android.server.SystemConfig.readPermissionsFromXml(go/retraceme 56cb9c0977ae9f67603f451f002522c463042b44293aaef01295dafee5e0332e:117)
09-12 00:18:36.699 16986 17007 W SystemConfig: 	at com.android.server.SystemConfig.readPermissions(go/retraceme 56cb9c0977ae9f67603f451f002522c463042b44293aaef01295dafee5e0332e:148)
09-12 00:18:36.699 16986 17007 W SystemConfig: 	at com.android.server.SystemConfig.readAllPermissions(go/retraceme 56cb9c0977ae9f67603f451f002522c463042b44293aaef01295dafee5e0332e:281)
09-12 00:18:36.699 16986 17007 W SystemConfig: 	at com.android.server.SystemConfig.<init>(go/retraceme 56cb9c0977ae9f67603f451f002522c463042b44293aaef01295dafee5e0332e:331)
09-12 00:18:36.699 16986 17007 W SystemConfig: 	at com.android.server.SystemConfig.getInstance(go/retraceme 56cb9c0977ae9f67603f451f002522c463042b44293aaef01295dafee5e0332e:25)
09-12 00:18:36.699 16986 17007 W SystemConfig: 	at com.android.server.SystemServer$$ExternalSyntheticLambda4.call(go/retraceme 56cb9c0977ae9f67603f451f002522c463042b44293aaef01295dafee5e0332e:0)
09-12 00:18:36.699 16986 17007 W SystemConfig: 	at com.android.server.SystemServerInitThreadPool$$ExternalSyntheticLambda1.call(go/retraceme 56cb9c0977ae9f67603f451f002522c463042b44293aaef01295dafee5e0332e:34)
09-12 00:18:36.699 16986 17007 W SystemConfig: 	at java.util.concurrent.FutureTask.run(FutureTask.java:328)
09-12 00:18:36.699 16986 17007 W SystemConfig: 	at java.util.concurrent.ThreadPoolExecutor.runWorker(ThreadPoolExecutor.java:1100)
09-12 00:18:36.699 16986 17007 W SystemConfig: 	at java.util.concurrent.ThreadPoolExecutor$Worker.run(ThreadPoolExecutor.java:624)
09-12 00:18:36.699 16986 17007 W SystemConfig: 	at com.android.internal.util.ConcurrentUtils$1$1.run(ConcurrentUtils.java:65)
09-12 00:18:36.700 16986 17007 I SystemConfig: Reading permissions from /product/etc/permissions/privapp-permissions_WatchFaces.xml
09-12 00:18:36.701 16986 17007 I SystemConfig: Reading permissions from /product/etc/permissions/privapp-permissions_fitbit_app.xml
09-12 00:18:36.704 16986 17007 I SystemConfig: Reading permissions from /system_ext/etc/sysconfig/preinstalled-packages-dcservice.xml
09-12 00:18:36.707 16986 17007 I SystemConfig: Reading permissions from /system_ext/etc/sysconfig/preinstalled-packages-device-vendor.xml
09-12 00:18:36.708 16986 17007 I SystemConfig: Reading permissions from /system_ext/etc/sysconfig/android.telephony.satellite.xml
09-12 00:18:36.710 16986 17007 I SystemConfig: Reading permissions from /system_ext/etc/sysconfig/pss-watch-sysconfig.xml
09-12 00:18:36.711 16986 17007 I SystemConfig: Reading permissions from /system_ext/etc/sysconfig/preinstalled-packages-device-vendor-eos.xml
09-12 00:18:36.712 16986 17007 I SystemConfig: Reading permissions from /system_ext/etc/sysconfig/preinstalled-packages-pixel-watch-experience-2022-and-newer.xml
09-12 00:18:36.714 16986 17007 I SystemConfig: Reading permissions from /system_ext/etc/sysconfig/sysconfig-pixel-watch-sysui.xml
09-12 00:18:36.716 16986 17007 I SystemConfig: Reading permissions from /system_ext/etc/sysconfig/qti_telephony_system_packages_config.xml
09-12 00:18:36.719 16986 17007 I SystemConfig: Reading permissions from /system_ext/etc/permissions/datachannellib.xml
09-12 00:18:36.722 16986 17007 I SystemConfig: Reading permissions from /system_ext/etc/permissions/privapp-permissions-pixel-watch-settings-provider.xml
09-12 00:18:36.724 16986 17007 I SystemConfig: Reading permissions from /system_ext/etc/permissions/qti_telephony_utils.xml
09-12 00:18:36.725 16986 17007 I SystemConfig: Reading permissions from /system_ext/etc/permissions/qcrilhook.xml
09-12 00:18:36.727 16986 17007 I SystemConfig: Reading permissions from /system_ext/etc/permissions/com.qualcomm.qti.imscmservice-V2.0-java.xml
09-12 00:18:36.728 16986 17007 I SystemConfig: Reading permissions from /system_ext/etc/permissions/privapp-permissions-google-se.xml
09-12 00:18:36.738 16986 17007 I SystemConfig: Reading permissions from /system_ext/etc/permissions/com.google.euiccpixel.wear.xml
09-12 00:18:36.739 16986 17007 I SystemConfig: Reading permissions from /system_ext/etc/permissions/com.google.android.apps.wearable.systemui.xml
09-12 00:18:36.741 16986 17007 I SystemConfig: Reading permissions from /system_ext/etc/permissions/privapp-permissions-pixel-watch-settings.xml
09-12 00:18:36.743 16986 17007 I SystemConfig: Reading permissions from /system_ext/etc/permissions/android.hardware.telephony.ims.xml
09-12 00:18:36.744 16986 17007 I SystemConfig: Reading permissions from /system_ext/etc/permissions/com.android.hotwordenrollment.common.util.xml
09-12 00:18:36.746 16986 17007 I SystemConfig: Reading permissions from /system_ext/etc/permissions/com.qualcomm.qti.imscmservice-V2.1-java.xml
09-12 00:18:36.748 16986 17007 I SystemConfig: Reading permissions from /system_ext/etc/permissions/qti_libpermissions.xml
09-12 00:18:36.750 16986 17007 I SystemConfig: Reading permissions from /system_ext/etc/permissions/android.hardware.telephony.cdma.xml
09-12 00:18:36.752 16986 17007 I SystemConfig: Reading permissions from /system_ext/etc/permissions/com.android.carrierconfig.xml
09-12 00:18:36.754 16986 16986 D nativeloader: Load /system/lib/libandroid_servers.so using ns default for caller /system/framework/services.jar in same partition (is_bridged=0): ok
09-12 00:18:36.754 16986 17007 I SystemConfig: Reading permissions from /system_ext/etc/permissions/com.android.omadm.radioconfig.xml
09-12 00:18:36.756 16986 17007 I SystemConfig: Reading permissions from /system_ext/etc/permissions/qti_telephony_hidl_wrapper.xml
09-12 00:18:36.758 16986 17007 I SystemConfig: Reading permissions from /system_ext/etc/permissions/telephony_system-ext_privapp-permissions-qti.xml
09-12 00:18:36.761 16986 17007 I SystemConfig: Reading permissions from /system_ext/etc/permissions/dcservice_permission_watch.xml
09-12 00:18:36.763 16986 17007 I SystemConfig: Reading permissions from /system_ext/etc/permissions/com.qualcomm.qti.imscmservice-V2.2-java.xml
09-12 00:18:36.765 16986 17007 I SystemConfig: Reading permissions from /system_ext/etc/permissions/com.qualcomm.qti.VENDORSSGTZD.xml
09-12 00:18:36.766 16986 17007 I SystemConfig: Reading permissions from /system_ext/etc/permissions/vendor.qti.hardware.c2pa-V1-java.xml
09-12 00:18:36.768 16986 17007 I SystemConfig: Reading permissions from /system_ext/etc/permissions/privapp-permissions-clockwork_ext.xml
09-12 00:18:36.770 16986 17007 I SystemConfig: Reading permissions from /system_ext/etc/permissions/qti_permissions.xml
09-12 00:18:36.771 16986 17007 I SystemConfig: Reading permissions from /system_ext/etc/permissions/privapp-permissions-pss-watch.xml
09-12 00:18:36.773 16986 17007 I SystemConfig: Reading permissions from /system_ext/etc/permissions/vendor.qti.imsdatachannel.xml
09-12 00:18:36.774 16986 17007 I SystemConfig: Reading permissions from /system_ext/etc/permissions/android.hardware.telephony.gsm.xml
09-12 00:18:36.776 16986 17007 I SystemConfig: Reading permissions from /system_ext/etc/permissions/privapp-permissions-pixel-watch-sysui.xml
09-12 00:18:36.777 16986 17007 I SystemConfig: Reading permissions from /system_ext/etc/permissions/health_services_feature.xml
09-12 00:18:36.779 16986 16986 D SystemServerTiming: StartServices
09-12 00:18:36.779 16986 16986 D SystemServerTiming: startBootstrapServices
09-12 00:18:36.779 16986 16986 D SystemServerTiming: ArtModuleServiceInitializer
09-12 00:18:36.779 16986 16986 D SystemServerTiming: StartWatchdog
09-12 00:18:36.781 16986 17007 I SystemConfig: Reading permissions from /system_ext/etc/permissions/com.qualcomm.qti.imscmservice.xml
09-12 00:18:36.782 16986 17007 I SystemConfig: Ignore shared library com.qualcomm.qti.imscmservice@1.0-java: /system/framework/com.qualcomm.qti.imscmservice@1.0-java.jar does not exist
09-12 00:18:36.782 16986 17007 I SystemConfig: Reading permissions from /system_ext/etc/permissions/extphonelib.xml
09-12 00:18:36.784 16986 17007 I SystemConfig: Reading permissions from /system_ext/etc/permissions/google-ril.xml
09-12 00:18:36.786 16986 17007 I SystemConfig: Reading permissions from /system_ext/etc/permissions/display_offload_feature.xml
09-12 00:18:36.786 16986 16986 D SystemServerTiming: StartProtoLogConfigurationService
09-12 00:18:36.788 16986 16986 D SystemServerTiming: InitializeProtoLog
09-12 00:18:36.789 16986 16986 D SystemServerTiming: PlatformCompat
09-12 00:18:36.790 16986 17007 I SystemConfig: Reading permissions from /apex/com.android.tethering/etc/sysconfig/preinstall_allowlist_com.google.android.connectivity.resources.xml
09-12 00:18:36.790 16986 16986 D ApexManagerTiming: getActiveApexInfos_noCache
09-12 00:18:36.791 16986 17007 I SystemConfig: Reading permissions from /apex/com.android.tethering/etc/sysconfig/preinstall_allowlist_com.google.android.networkstack.tethering.xml
09-12 00:18:36.794 16986 17007 I SystemConfig: Reading permissions from /apex/com.android.tethering/etc/permissions/privapp_allowlist_com.google.android.networkstack.tethering.xml
09-12 00:18:36.798 16986 17007 I SystemConfig: Reading permissions from /apex/com.android.ipsec/etc/permissions/android.net.ipsec.ike.xml
09-12 00:18:36.802 16986 17007 I SystemConfig: Reading permissions from /apex/com.android.apex.cts.shim/etc/permissions/signature-permission-allowlist.xml
09-12 00:18:36.809 16986 17007 I SystemConfig: Reading permissions from /apex/com.android.devicelock/etc/sysconfig/preinstalled-packages-com.android.devicelockcontroller.xml
09-12 00:18:36.813 16986 17007 I SystemConfig: Reading permissions from /apex/com.android.devicelock/etc/permissions/com.google.android.devicelockcontroller.xml
09-12 00:18:36.819 16986 17007 I SystemConfig: Reading permissions from /apex/com.android.bt/etc/sysconfig/preinstall_allowlist_com.google.android.bluetooth.xml
09-12 00:18:36.826 16986 17007 I SystemConfig: Reading permissions from /apex/com.android.bt/etc/permissions/privapp_allowlist_com.google.android.bluetooth.xml
09-12 00:18:36.831 16986 17007 I SystemConfig: Reading permissions from /apex/com.android.webapp/etc/sysconfig/preinstalled-packages-com.android.webapp.service.xml
09-12 00:18:36.834 16986 17007 I SystemConfig: Reading permissions from /apex/com.android.webapp/etc/permissions/com.android.webapp.service.xml
09-12 00:18:36.841 16986 17007 I SystemConfig: Reading permissions from /apex/com.android.nfcservices/etc/sysconfig/preinstall_allowlist_com.google.android.nfc.xml
09-12 00:18:36.844 16986 17007 I SystemConfig: Reading permissions from /apex/com.android.nfcservices/etc/permissions/privapp_allowlist_com.google.android.nfc.xml
09-12 00:18:36.846 16986 17007 I SystemConfig: Reading permissions from /apex/com.android.nfcservices/etc/permissions/privapp_allowlist_com.android.nfc.xml
09-12 00:18:36.852 16986 17007 I SystemConfig: Reading permissions from /apex/com.android.rkpd/etc/sysconfig/preinstall_allowlist_com.google.android.rkpdapp.xml
09-12 00:18:36.857 16986 17007 I SystemConfig: Reading permissions from /apex/com.android.mediaprovider/etc/sysconfig/preinstall_allowlist_com.google.android.photopicker.xml
09-12 00:18:36.859 16986 17007 I SystemConfig: Reading permissions from /apex/com.android.mediaprovider/etc/permissions/privapp_allowlist_com.google.android.providers.media.module.xml
09-12 00:18:36.862 16986 17007 I SystemConfig: Reading permissions from /apex/com.android.mediaprovider/etc/permissions/privapp_allowlist_com.google.android.photopicker.xml
09-12 00:18:36.871 16986 17007 I SystemConfig: Reading permissions from /apex/com.android.telephonycore/etc/sysconfig/preinstall_allowlist_com.google.android.telecomresources.xml
09-12 00:18:36.872 16986 17007 I SystemConfig: Reading permissions from /apex/com.android.telephonycore/etc/sysconfig/preinstall_allowlist_com.google.android.telecomui.xml
09-12 00:18:36.875 16986 17007 I SystemConfig: Reading permissions from /apex/com.android.telephonycore/etc/permissions/privapp_allowlist_com.google.android.telecomui.xml
09-12 00:18:36.881 16986 17007 I SystemConfig: Reading permissions from /apex/com.android.cellbroadcast/etc/sysconfig/preinstall_allowlist_com.google.android.cellbroadcastservice.xml
09-12 00:18:36.882 16986 17007 I SystemConfig: Reading permissions from /apex/com.android.cellbroadcast/etc/sysconfig/preinstall_allowlist_com.google.android.cellbroadcastreceiver.xml
09-12 00:18:36.885 16986 17007 I SystemConfig: Reading permissions from /apex/com.android.cellbroadcast/etc/permissions/privapp_allowlist_com.google.android.cellbroadcastreceiver.xml
09-12 00:18:36.887 16986 17007 I SystemConfig: Reading permissions from /apex/com.android.cellbroadcast/etc/permissions/privapp_allowlist_com.google.android.cellbroadcastservice.xml
09-12 00:18:36.891 16986 17007 I SystemConfig: Reading permissions from /apex/com.android.appsearch/etc/sysconfig/preinstall_allowlist_com.google.android.appsearch.apk.xml
09-12 00:18:36.903 16986 17007 I SystemConfig: Reading permissions from /apex/com.android.wifi/etc/sysconfig/preinstall_allowlist_com.google.android.wifi.dialog.xml
09-12 00:18:36.904 16986 17007 I SystemConfig: Reading permissions from /apex/com.android.wifi/etc/sysconfig/preinstall_allowlist_com.google.android.wifi.resources.xml
09-12 00:18:36.906 16986 17007 I SystemConfig: Reading permissions from /apex/com.android.wifi/etc/sysconfig/preinstall_allowlist_com.google.android.hotspot2.osulogin.xml
09-12 00:18:36.909   346   346 I Checkpoint: cp_needsCheckpoint called
09-12 00:18:36.909 16986 17007 I SystemConfig: Reading permissions from /apex/com.android.adservices/etc/sysconfig/preinstall_allowlist_com.google.android.sdksandbox.xml
09-12 00:18:36.911 16986 17007 I SystemConfig: Reading permissions from /apex/com.android.adservices/etc/sysconfig/preinstall_allowlist_com.google.android.adservices.api.xml
09-12 00:18:36.914 16986 17007 I SystemConfig: Reading permissions from /apex/com.android.adservices/etc/permissions/privapp_allowlist_com.google.android.adservices.api.xml
09-12 00:18:36.958 16986 17007 I SystemConfig: Reading permissions from /apex/com.android.extservices/etc/permissions/android.ext_sminus.services.xml
09-12 00:18:36.991 16986 17007 I SystemConfig: Reading permissions from /apex/com.google.android.gmssystem/etc/sysconfig/preinstalled_packages_com.google.android.gmssystem.xml
09-12 00:18:36.992 16986 17007 I SystemConfig: Reading permissions from /apex/com.google.android.gmssystem/etc/permissions/privapp_allowlist_com.google.android.gmssystem.xml
09-12 00:18:37.002 16986 17007 I SystemConfig: Reading permissions from /apex/com.android.permission/etc/sysconfig/preinstall_allowlist_com.google.android.permissioncontroller.xml
09-12 00:18:37.003 16986 17007 I SystemConfig: Reading permissions from /apex/com.android.permission/etc/sysconfig/preinstalled-packages-com.google.android.safetycenter.resources.xml
09-12 00:18:37.006 16986 17007 I SystemConfig: Reading permissions from /apex/com.android.permission/etc/permissions/privapp_allowlist_com.google.android.permissioncontroller.xml
09-12 00:18:37.009 16986 17007 I SystemConfig: Reading permissions from /apex/com.android.healthfitness/etc/sysconfig/preinstall_allowlist_com.google.android.health.connect.backuprestore.xml
09-12 00:18:37.011 16986 17007 I SystemConfig: Reading permissions from /apex/com.android.healthfitness/etc/sysconfig/preinstall_allowlist_com.google.android.healthconnect.controller.xml
09-12 00:18:37.013 16986 17007 I SystemConfig: Reading permissions from /apex/com.android.healthfitness/etc/permissions/privapp_allowlist_com.google.android.healthconnect.controller.xml
09-12 00:18:37.021 16986 17007 I incfs   : Initial API level of the device: 33
09-12 00:18:37.021 16986 17007 I incfs   : ro.incremental.enable: yes
09-12 00:18:37.021 16986 17007 I incfs   : isFsAvailable: true
09-12 00:18:37.021 16986 17007 I incfs   : isFsAvailable: true
09-12 00:18:37.022 16986 17007 I incfs   : IncFs_Features: v2
09-12 00:18:37.024 16986 17007 D SystemConfig: Removed unavailable feature android.hardware.telephony.cdma
09-12 00:18:37.024 16986 17007 D SystemConfig: Removed unavailable feature android.software.device_lock
09-12 00:18:37.055 16986 16986 D CompatConfig: No directory /apex/com.android.neuralnetworks/etc/compatconfig, skipping
09-12 00:18:37.055 16986 16986 D CompatConfig: No directory /apex/com.android.nfcservices/etc/compatconfig, skipping
09-12 00:18:37.055 16986 16986 D CompatConfig: No directory /apex/com.android.ipsec/etc/compatconfig, skipping
09-12 00:18:37.055 16986 16986 D CompatConfig: No directory /apex/com.android.scheduling/etc/compatconfig, skipping
09-12 00:18:37.055 16986 16986 D CompatConfig: No directory /apex/com.android.tzdata/etc/compatconfig, skipping
09-12 00:18:37.055 16986 16986 D CompatConfig: No directory /apex/com.android.adbd/etc/compatconfig, skipping
09-12 00:18:37.055 16986 16986 D CompatConfig: No directory /apex/com.android.webapp/etc/compatconfig, skipping
09-12 00:18:37.055 16986 16986 D CompatConfig: No directory /apex/com.android.media/etc/compatconfig, skipping
09-12 00:18:37.059 16986 16986 D CompatConfig: Found a config file: /apex/com.android.wifi/etc/compatconfig/wifi-compat-config.xml
09-12 00:18:37.061 16986 16986 D CompatConfig: No directory /apex/com.android.cellbroadcast/etc/compatconfig, skipping
09-12 00:18:37.062 16986 16986 D CompatConfig: Found a config file: /apex/com.android.conscrypt/etc/compatconfig/framework-conscrypt-nsc-compat-config.xml
09-12 00:18:37.064 16986 16986 D CompatConfig: No directory /apex/com.android.uwb/etc/compatconfig, skipping
09-12 00:18:37.064 16986 16986 D CompatConfig: No directory /apex/com.android.healthfitness/etc/compatconfig, skipping
09-12 00:18:37.064 16986 16986 D CompatConfig: No directory /apex/com.google.pixelwatchambient/etc/compatconfig, skipping
09-12 00:18:37.065 16986 16986 D CompatConfig: Found a config file: /apex/com.android.permission/etc/compatconfig/framework-permission-s-compat-config.xml
09-12 00:18:37.068 16986 16986 D CompatConfig: Found a config file: /apex/com.android.bt/etc/compatconfig/bluetoothapk-platform-compat-config.xml
09-12 00:18:37.069 16986 16986 D CompatConfig: Found a config file: /apex/com.android.bt/etc/compatconfig/bluetooth-compat-config.xml
09-12 00:18:37.071 16986 16986 D CompatConfig: Found a config file: /apex/com.android.bt/etc/compatconfig/framework-bluetooth-compat-config.xml
09-12 00:18:37.073 16986 16986 D CompatConfig: No directory /apex/com.android.devicelock/etc/compatconfig, skipping
09-12 00:18:37.074 16986 16986 D CompatConfig: Found a config file: /apex/com.android.mediaprovider/etc/compatconfig/framework-pdf-v-platform-compat-config.xml
09-12 00:18:37.075 16986 16986 D CompatConfig: Found a config file: /apex/com.android.mediaprovider/etc/compatconfig/media-provider-platform-compat-config.xml
09-12 00:18:37.077 16986 16986 D CompatConfig: No directory /apex/com.android.extservices/etc/compatconfig, skipping
09-12 00:18:37.078 16986 16986 D CompatConfig: Found a config file: /apex/com.android.telephonycore/etc/compatconfig/framework-telecom-compat-config.xml
09-12 00:18:37.080 16986 16986 D CompatConfig: No directory /apex/com.android.i18n/etc/compatconfig, skipping
09-12 00:18:37.081 16986 16986 D CompatConfig: Found a config file: /apex/com.android.tethering/etc/compatconfig/connectivity-platform-compat-config.xml
09-12 00:18:37.083 16986 16986 D CompatConfig: No directory /apex/com.android.configinfrastructure/etc/compatconfig, skipping
09-12 00:18:37.083 16986 16986 D CompatConfig: No directory /apex/com.android.resolv/etc/compatconfig, skipping
09-12 00:18:37.083 16986 16986 D CompatConfig: No directory /apex/com.android.media.swcodec/etc/compatconfig, skipping
09-12 00:18:37.084 16986 16986 D CompatConfig: No directory /apex/com.android.appsearch/etc/compatconfig, skipping
09-12 00:18:37.084 16986 16986 D CompatConfig: No directory /apex/com.android.os.statsd/etc/compatconfig, skipping
09-12 00:18:37.084 16986 16986 D CompatConfig: No directory /apex/com.android.hardware.biometrics.fingerprint.virtual/etc/compatconfig, skipping
09-12 00:18:37.085 16986 16986 D CompatConfig: Found a config file: /apex/com.android.art/etc/compatconfig/libcore-platform-compat-config.xml
09-12 00:18:37.087 16986 16986 D CompatConfig: No directory /apex/com.android.profiling/etc/compatconfig, skipping
09-12 00:18:37.087 16986 16986 D CompatConfig: No directory /apex/com.android.virt/etc/compatconfig, skipping
09-12 00:18:37.088 16986 16986 D CompatConfig: No directory /apex/com.android.runtime/etc/compatconfig, skipping
09-12 00:18:37.088 16986 16986 D CompatConfig: No directory /apex/com.android.apex.cts.shim/etc/compatconfig, skipping
09-12 00:18:37.088 16986 16986 D CompatConfig: No directory /apex/com.android.npumanager/etc/compatconfig, skipping
09-12 00:18:37.088 16986 16986 D CompatConfig: No directory /apex/com.android.crashrecovery/etc/compatconfig, skipping
09-12 00:18:37.088 16986 16986 D CompatConfig: No directory /apex/com.android.ondevicepersonalization/etc/compatconfig, skipping
09-12 00:18:37.088 16986 16986 D CompatConfig: No directory /apex/com.android.sdkext/etc/compatconfig, skipping
09-12 00:18:37.089 16986 16986 D CompatConfig: No directory /apex/com.android.adservices/etc/compatconfig, skipping
09-12 00:18:37.089 16986 16986 D CompatConfig: No directory /apex/com.android.rkpd/etc/compatconfig, skipping
09-12 00:18:37.089 16986 16986 D CompatConfig: No directory /apex/com.google.android.widevine/etc/compatconfig, skipping
09-12 00:18:37.089 16986 16986 D CompatConfig: No directory /apex/com.android.uprobestats/etc/compatconfig, skipping
09-12 00:18:37.089 16986 16986 D CompatConfig: No directory /apex/com.google.android.gmssystem/etc/compatconfig, skipping
09-12 00:18:37.093 16986 16986 D SystemServerTiming: StartFileIntegrityService
09-12 00:18:37.093 16986 16986 I SystemServiceManager: Starting com.android.server.security.FileIntegrityService
09-12 00:18:37.094 16986 16986 D SystemServerTiming: StartInstaller
09-12 00:18:37.094 16986 16986 I SystemServiceManager: Starting com.android.server.pm.Installer
09-12 00:18:37.098  1120  1890 D installd: Found quota mount /dev/block/dm-16 at /data
09-12 00:18:37.098  1120  1890 D installd: Found quota mount /dev/block/dm-16 at /data/user/0
09-12 00:18:37.099  1120  1890 D installd: Found quota mount /dev/block/dm-16 at /mnt/pass_through/0/emulated
09-12 00:18:37.110  1120  1890 D installd: Found storage mount /dev/block/dm-16 at /mnt/pass_through/0/emulated
09-12 00:18:37.111 16986 16986 D SystemServerTiming: DeviceIdentifiersPolicyService
09-12 00:18:37.112 16986 16986 I SystemServiceManager: Starting com.android.server.os.DeviceIdentifiersPolicyService
09-12 00:18:37.113 16986 16986 D SystemServerTiming: StartFeatureFlagsService
09-12 00:18:37.113 16986 16986 I SystemServiceManager: Starting com.android.server.flags.FeatureFlagsService
09-12 00:18:37.113 16986 16986 D FeatureFlagsService: Started Feature Flag Service
09-12 00:18:37.114 16866 16882 D Diag_Lib: diag: Diag_LSM_Init: invoked for pid: 16866 with init_count: 0
09-12 00:18:37.114 16866 16882 D Diag_Lib: diag:failed to connect to diag socket
09-12 00:18:37.114 16866 16882 D Diag_Lib:  Diag_LSM_Init: Failed to open handle to diag driver, error = 111
09-12 00:18:37.114 16866 16882 I ATS     : vendor/qcom/sw5100-lw4/proprietary-audio/args/acdb/ats/transports/diag/linux/actp/src/actp.c:actp_diag_init:105 Error[1]: Failed to initialize DIAG
09-12 00:18:37.114 16866 16882 E ATS     : vendor/qcom/sw5100-lw4/proprietary-audio/args/acdb/ats/src/ats.c:ats_init:143 Error[1]: Failed to initialize Diag
09-12 00:18:37.114 16866 16882 E ATS     : vendor/qcom/sw5100-lw4/proprietary-audio/args/acdb/ats/src/ats.c:ats_init:263 Error[1]: Failed to initialize ATS
09-12 00:18:37.114 16866 16882 E AGM: API: ats_init_thread: 64 ats_init failed retry 14 err 1
09-12 00:18:37.115 16986 16986 D SystemServerTiming: UriGrantsManagerService
09-12 00:18:37.115 16986 16986 I SystemServiceManager: Starting com.android.server.uri.UriGrantsManagerService$Lifecycle
09-12 00:18:37.117 16986 16986 D SystemServerTiming: StartPowerStatsService
09-12 00:18:37.118 16986 16986 I SystemServiceManager: Starting com.android.server.powerstats.PowerStatsService
09-12 00:18:37.122 16986 16986 D SystemServerTiming: StartIStatsService
09-12 00:18:37.126 16986 16986 D SystemServerTiming: MemtrackProxyService
09-12 00:18:37.131 16986 16986 I libbinder.Stability: Interface set with vintf stability downgraded to system stability stability
09-12 00:18:37.131   391   412 E pixelstats-uevent: Unable to read  - No such file or directory
09-12 00:18:37.132 16986 16986 D SystemServerTiming: StartAccessCheckingService
09-12 00:18:37.132 16986 16986 I SystemServiceManager: Starting com.android.server.permission.access.AccessCheckingService
09-12 00:18:37.135   391   412 E pixelstats-uevent: Unable to read  - No such file or directory
09-12 00:18:37.135 16986 16986 D SystemServerTiming: StartActivityManager
09-12 00:18:37.135 16986 16986 I SystemServiceManager: Starting com.android.server.wm.ActivityTaskManagerService$Lifecycle
09-12 00:18:37.135   391   412 E pixelstats-uevent: Unable to read  - No such file or directory
09-12 00:18:37.135   391   412 E pixelstats-uevent: Unable to read  - No such file or directory
09-12 00:18:37.135   391   412 E pixelstats-uevent: Unable to read  - No such file or directory
09-12 00:18:37.136   391   412 E pixelstats-uevent: Unable to read  - No such file or directory
09-12 00:18:37.136   391   412 E pixelstats-uevent: Unable to read  - No such file or directory
09-12 00:18:37.136   391   412 E pixelstats-uevent: Unable to read  - No such file or directory
09-12 00:18:37.136   391   412 E pixelstats-uevent: Unable to read  - No such file or directory
09-12 00:18:37.136   391   412 E pixelstats-uevent: Unable to read  - No such file or directory
09-12 00:18:37.137   391   412 E pixelstats-uevent: Unable to read  - No such file or directory
09-12 00:18:37.137   391   412 E pixelstats-uevent: Unable to read  - No such file or directory
09-12 00:18:37.137   391   412 E pixelstats-uevent: Unable to read  - No such file or directory
09-12 00:18:37.137   391   412 E pixelstats-uevent: Unable to read  - No such file or directory
09-12 00:18:37.141 16986 16986 I SystemServiceManager: Starting com.android.server.am.ActivityManagerService$Lifecycle
09-12 00:18:37.148 16986 16986 I ActivityManager: Memory class: 128
09-12 00:18:37.151 16986 17065 I Binder  : Setting heavy hitter watcher config: false, 0, 0.0
09-12 00:18:37.176 16986 16986 I PackageWatchdog: Updated health check state for package com.google.android.networkstack: INACTIVE -> PASSED
09-12 00:18:37.181 16986 16986 W PowerProfile: ambient.on is deprecated! Use ambient.on.display0 instead.
09-12 00:18:37.181 16986 16986 W PowerProfile: screen.on is deprecated! Use screen.on.display0 instead.
09-12 00:18:37.181 16986 16986 W PowerProfile: screen.full is deprecated! Use screen.full.display0 instead.
09-12 00:18:37.181 16986 16986 W ModemPowerProfile: getAverageBatteryDrainMaH called with unexpected key: 0x0, drain:SLEEP,RAT:DEFAULT
09-12 00:18:37.182 16986 16986 W ModemPowerProfile: getAverageBatteryDrainMaH called with unexpected key: 0x10000000, drain:IDLE,RAT:DEFAULT
09-12 00:18:37.182 16986 16986 W ModemPowerProfile: getAverageBatteryDrainMaH called with unexpected key: 0x20000000, drain:RX,RAT:DEFAULT
09-12 00:18:37.182 16986 16986 W ModemPowerProfile: getAverageBatteryDrainMaH called with unexpected key: 0x30000000, drain:TX,level:0,RAT:DEFAULT
09-12 00:18:37.182 16986 16986 W ModemPowerProfile: getAverageBatteryDrainMaH called with unexpected key: 0x31000000, drain:TX,level:1,RAT:DEFAULT
09-12 00:18:37.182 16986 16986 W ModemPowerProfile: getAverageBatteryDrainMaH called with unexpected key: 0x32000000, drain:TX,level:2,RAT:DEFAULT
09-12 00:18:37.182 16986 16986 W ModemPowerProfile: getAverageBatteryDrainMaH called with unexpected key: 0x33000000, drain:TX,level:3,RAT:DEFAULT
09-12 00:18:37.182 16986 16986 W ModemPowerProfile: getAverageBatteryDrainMaH called with unexpected key: 0x34000000, drain:TX,level:4,RAT:DEFAULT
09-12 00:18:37.209 16986 16986 D nativeloader: Load libstats_jni.so using APEX ns com_android_os_statsd for caller /apex/com.android.os.statsd/javalib/framework-statsd.jar: ok
09-12 00:18:37.211 16986 16986 D BatteryStatsImpl: Reading daily items from /data/system/batterystats-daily.xml
09-12 00:18:37.252 16853 16903 D BootAnimation: Playing files = /product/media/bootanimation-eos-384.zip/part2, Requested repeat = 0, playUntilComplete = false
09-12 00:18:37.257 16986 16986 W system_server: Method void com.android.server.appop.HistoricalRegistry.systemReady(android.content.ContentResolver) failed lock verification and will run slower.
09-12 00:18:37.257 16986 16986 W system_server: Common causes for lock verification issues are non-optimized dex code
09-12 00:18:37.257 16986 16986 W system_server: and incorrect proguard optimizations.
09-12 00:18:37.264 16986 16986 I MemoryLimiter: no config file: /vendor/etc/memory-limiter-config.xml
09-12 00:18:37.267 16986 16986 I IntentFirewall: Read new rules (A:0 B:0 S:0)
09-12 00:18:37.273 16986 16986 D OomAdjuster: Not killing cached processes
09-12 00:18:37.274 16986 16986 E libprocessgroup: Failed to add task into cgroup
09-12 00:18:37.276 16986 16986 D AppOps  : AppOpsService published
09-12 00:18:37.278 16986 16986 D SystemServerTiming: StartDataLoaderManagerService
09-12 00:18:37.278 16986 16986 I SystemServiceManager: Starting com.android.server.pm.DataLoaderManagerService
09-12 00:18:37.280 16986 16986 D SystemServerTiming: StartIncrementalService
09-12 00:18:37.284 16986 16986 I incfs-mounts: [incfs] Loaded incremental-fs mount info: 17 instances, 34 mount points
09-12 00:18:37.284 16986 16986 I IncrementalService: Existing mount: /data/incremental/MT_data_app_vmdl128/backing_store->/data/incremental/MT_data_app_vmdl128/mount
09-12 00:18:37.284 16986 16986 I IncrementalService:   bind: ''->'/data/incremental/MT_data_app_vmdl128/mount'
09-12 00:18:37.284 16986 16986 I IncrementalService:          /data/incremental/MT_data_app_vmdl128/mount
09-12 00:18:37.285 16986 16986 I IncrementalService:   bind: '/st_272_1'->'/data/app/~~T5ESGIEd2sQiAdv8RWma0w=='
09-12 00:18:37.285 16986 16986 I IncrementalService:          /data/incremental/MT_data_app_vmdl128/mount/st_272_1
09-12 00:18:37.285 16986 16986 I IncrementalService: Looks like an IncrementalService-owned: /data/incremental/MT_data_app_vmdl128
09-12 00:18:37.286   869   869 W libbinder.ServiceManagerCppClient: Waited one second for android.frameworks.stats.IStats/default (is service started? Number of threads started in the threadpool: 1. Are binder threads started and available?)
09-12 00:18:37.289 16986 16986 I IncrementalService: Permanent bind record: '/data/incremental/MT_data_app_vmdl128/mount/st_272_1'->'/data/app/~~T5ESGIEd2sQiAdv8RWma0w=='
09-12 00:18:37.289 16986 16986 I IncrementalService: Matched permanent bound /data/incremental/MT_data_app_vmdl128/mount/st_272_1 to mount /st_272_1
09-12 00:18:37.290 16986 16986 I IncrementalService: Existing mount: /data/incremental/MT_data_app_vmdl132/backing_store->/data/incremental/MT_data_app_vmdl132/mount
09-12 00:18:37.290 16986 16986 I IncrementalService:   bind: ''->'/data/incremental/MT_data_app_vmdl132/mount'
09-12 00:18:37.290 16986 16986 I IncrementalService:          /data/incremental/MT_data_app_vmdl132/mount
09-12 00:18:37.290 16986 16986 I IncrementalService:   bind: '/st_270_1'->'/data/app/~~tvip9qGJxi9AEvh127drxg=='
09-12 00:18:37.290 16986 16986 I IncrementalService:          /data/incremental/MT_data_app_vmdl132/mount/st_270_1
09-12 00:18:37.290 16986 16986 I IncrementalService: Looks like an IncrementalService-owned: /data/incremental/MT_data_app_vmdl132
09-12 00:18:37.292 16986 16986 I IncrementalService: Permanent bind record: '/data/incremental/MT_data_app_vmdl132/mount/st_270_1'->'/data/app/~~tvip9qGJxi9AEvh127drxg=='
09-12 00:18:37.292   869   869 W android.hardware.contexthub-service.wac: AIBinder_linkToDeath is being called with a non-null cookie and no onUnlink callback set. Use AIBinder_DeathRecipient_setOnUnlinked to manage the lifetime of the cookie. This will become an abort.
09-12 00:18:37.292 16986 16986 I IncrementalService: Matched permanent bound /data/incremental/MT_data_app_vmdl132/mount/st_270_1 to mount /st_270_1
09-12 00:18:37.292 16986 16986 I IncrementalService: Existing mount: /data/incremental/MT_data_app_vmdl822/backing_store->/data/incremental/MT_data_app_vmdl822/mount
09-12 00:18:37.292 16986 16986 I IncrementalService:   bind: ''->'/data/incremental/MT_data_app_vmdl822/mount'
09-12 00:18:37.292 16986 16986 I IncrementalService:          /data/incremental/MT_data_app_vmdl822/mount
09-12 00:18:37.292 16986 16986 I IncrementalService:   bind: '/st_198_1'->'/data/app/~~pypR8nEaHeOZXeIcBDZNCQ=='
09-12 00:18:37.292 16986 16986 I IncrementalService:          /data/incremental/MT_data_app_vmdl822/mount/st_198_1
09-12 00:18:37.292 16986 16986 I IncrementalService: Looks like an IncrementalService-owned: /data/incremental/MT_data_app_vmdl822
09-12 00:18:37.292   869   869 E libbinder.IPCThreadState: attemptIncStrongHandle(3): Not supported
09-12 00:18:37.295 16986 16986 I IncrementalService: Permanent bind record: '/data/incremental/MT_data_app_vmdl822/mount/st_198_1'->'/data/app/~~pypR8nEaHeOZXeIcBDZNCQ=='
09-12 00:18:37.296 16986 16986 I IncrementalService: Matched permanent bound /data/incremental/MT_data_app_vmdl822/mount/st_198_1 to mount /st_198_1
09-12 00:18:37.296 16986 16986 I IncrementalService: Existing mount: /data/incremental/MT_data_app_vmdl323/backing_store->/data/incremental/MT_data_app_vmdl323/mount
09-12 00:18:37.296 16986 16986 I IncrementalService:   bind: ''->'/data/incremental/MT_data_app_vmdl323/mount'
09-12 00:18:37.296 16986 16986 I IncrementalService:          /data/incremental/MT_data_app_vmdl323/mount
09-12 00:18:37.296 16986 16986 I IncrementalService:   bind: '/st_187_1'->'/data/app/~~KYuWA9d7YnxCQInHwHOXyA=='
09-12 00:18:37.296 16986 16986 I IncrementalService:          /data/incremental/MT_data_app_vmdl323/mount/st_187_1
09-12 00:18:37.296 16986 16986 I IncrementalService: Looks like an IncrementalService-owned: /data/incremental/MT_data_app_vmdl323
09-12 00:18:37.300 16986 16986 I IncrementalService: Permanent bind record: '/data/incremental/MT_data_app_vmdl323/mount/st_187_1'->'/data/app/~~KYuWA9d7YnxCQInHwHOXyA=='
09-12 00:18:37.300 16986 16986 I IncrementalService: Matched permanent bound /data/incremental/MT_data_app_vmdl323/mount/st_187_1 to mount /st_187_1
09-12 00:18:37.300 16986 16986 I IncrementalService: Existing mount: /data/incremental/MT_data_app_vmdl891/backing_store->/data/incremental/MT_data_app_vmdl891/mount
09-12 00:18:37.301 16986 16986 I IncrementalService:   bind: ''->'/data/incremental/MT_data_app_vmdl891/mount'
09-12 00:18:37.301 16986 16986 I IncrementalService:          /data/incremental/MT_data_app_vmdl891/mount
09-12 00:18:37.301 16986 16986 I IncrementalService:   bind: '/st_164_1'->'/data/app/~~l0jaCz6uEMLMxLRJXtVayA=='
09-12 00:18:37.301 16986 16986 I IncrementalService:          /data/incremental/MT_data_app_vmdl891/mount/st_164_1
09-12 00:18:37.301 16986 16986 I IncrementalService: Looks like an IncrementalService-owned: /data/incremental/MT_data_app_vmdl891
09-12 00:18:37.308 16986 16986 I IncrementalService: Permanent bind record: '/data/incremental/MT_data_app_vmdl891/mount/st_164_1'->'/data/app/~~l0jaCz6uEMLMxLRJXtVayA=='
09-12 00:18:37.309 16986 16986 I IncrementalService: Matched permanent bound /data/incremental/MT_data_app_vmdl891/mount/st_164_1 to mount /st_164_1
09-12 00:18:37.309 16986 16986 I IncrementalService: Existing mount: /data/incremental/MT_data_app_vmdl486/backing_store->/data/incremental/MT_data_app_vmdl486/mount
09-12 00:18:37.309 16986 16986 I IncrementalService:   bind: ''->'/data/incremental/MT_data_app_vmdl486/mount'
09-12 00:18:37.309 16986 16986 I IncrementalService:          /data/incremental/MT_data_app_vmdl486/mount
09-12 00:18:37.309 16986 16986 I IncrementalService:   bind: '/st_268_1'->'/data/app/~~q_ytee2qnspG1EfP5rxOIg=='
09-12 00:18:37.309 16986 16986 I IncrementalService:          /data/incremental/MT_data_app_vmdl486/mount/st_268_1
09-12 00:18:37.309 16986 16986 I IncrementalService: Looks like an IncrementalService-owned: /data/incremental/MT_data_app_vmdl486
09-12 00:18:37.312 16986 16986 I IncrementalService: Permanent bind record: '/data/incremental/MT_data_app_vmdl486/mount/st_268_1'->'/data/app/~~q_ytee2qnspG1EfP5rxOIg=='
09-12 00:18:37.312 16986 16986 I IncrementalService: Matched permanent bound /data/incremental/MT_data_app_vmdl486/mount/st_268_1 to mount /st_268_1
09-12 00:18:37.312 16986 16986 I IncrementalService: Existing mount: /data/incremental/MT_data_app_vmdl136/backing_store->/data/incremental/MT_data_app_vmdl136/mount
09-12 00:18:37.313 16986 16986 I IncrementalService:   bind: ''->'/data/incremental/MT_data_app_vmdl136/mount'
09-12 00:18:37.313 16986 16986 I IncrementalService:          /data/incremental/MT_data_app_vmdl136/mount
09-12 00:18:37.313 16986 16986 I IncrementalService:   bind: '/st_160_1'->'/data/app/~~9otsPsu2VWnkr06_K6LBKw=='
09-12 00:18:37.313 16986 16986 I IncrementalService:          /data/incremental/MT_data_app_vmdl136/mount/st_160_1
09-12 00:18:37.313 16986 16986 I IncrementalService: Looks like an IncrementalService-owned: /data/incremental/MT_data_app_vmdl136
09-12 00:18:37.316 16986 16986 I IncrementalService: Permanent bind record: '/data/incremental/MT_data_app_vmdl136/mount/st_160_1'->'/data/app/~~9otsPsu2VWnkr06_K6LBKw=='
09-12 00:18:37.316 16986 16986 I IncrementalService: Matched permanent bound /data/incremental/MT_data_app_vmdl136/mount/st_160_1 to mount /st_160_1
09-12 00:18:37.316 16986 16986 I IncrementalService: Existing mount: /data/incremental/MT_data_app_vmdl151/backing_store->/data/incremental/MT_data_app_vmdl151/mount
09-12 00:18:37.316 16986 16986 I IncrementalService:   bind: ''->'/data/incremental/MT_data_app_vmdl151/mount'
09-12 00:18:37.317 16986 16986 I IncrementalService:          /data/incremental/MT_data_app_vmdl151/mount
09-12 00:18:37.317 16986 16986 I IncrementalService:   bind: '/st_140_1'->'/data/app/~~ElbCRMeVxWMGZnOOGonQ_A=='
09-12 00:18:37.317 16986 16986 I IncrementalService:          /data/incremental/MT_data_app_vmdl151/mount/st_140_1
09-12 00:18:37.317 16986 16986 I IncrementalService: Looks like an IncrementalService-owned: /data/incremental/MT_data_app_vmdl151
09-12 00:18:37.323 16986 16986 I IncrementalService: Permanent bind record: '/data/incremental/MT_data_app_vmdl151/mount/st_140_1'->'/data/app/~~ElbCRMeVxWMGZnOOGonQ_A=='
09-12 00:18:37.323 16986 16986 I IncrementalService: Matched permanent bound /data/incremental/MT_data_app_vmdl151/mount/st_140_1 to mount /st_140_1
09-12 00:18:37.323 16986 16986 I IncrementalService: Existing mount: /data/incremental/MT_data_app_vmdl831/backing_store->/data/incremental/MT_data_app_vmdl831/mount
09-12 00:18:37.323 16986 16986 I IncrementalService:   bind: ''->'/data/incremental/MT_data_app_vmdl831/mount'
09-12 00:18:37.324 16986 16986 I IncrementalService:          /data/incremental/MT_data_app_vmdl831/mount
09-12 00:18:37.324 16986 16986 I IncrementalService:   bind: '/st_128_1'->'/data/app/~~Pwh3bM1a5Y9Z4HXuTizsgQ=='
09-12 00:18:37.324 16986 16986 I IncrementalService:          /data/incremental/MT_data_app_vmdl831/mount/st_128_1
09-12 00:18:37.324 16986 16986 I IncrementalService: Looks like an IncrementalService-owned: /data/incremental/MT_data_app_vmdl831
09-12 00:18:37.327 16986 16986 I IncrementalService: Permanent bind record: '/data/incremental/MT_data_app_vmdl831/mount/st_128_1'->'/data/app/~~Pwh3bM1a5Y9Z4HXuTizsgQ=='
09-12 00:18:37.327 16986 16986 I IncrementalService: Matched permanent bound /data/incremental/MT_data_app_vmdl831/mount/st_128_1 to mount /st_128_1
09-12 00:18:37.327 16986 16986 I IncrementalService: Existing mount: /data/incremental/MT_data_app_vmdl176/backing_store->/data/incremental/MT_data_app_vmdl176/mount
09-12 00:18:37.327 16986 16986 I IncrementalService:   bind: ''->'/data/incremental/MT_data_app_vmdl176/mount'
09-12 00:18:37.328 16986 16986 I IncrementalService:          /data/incremental/MT_data_app_vmdl176/mount
09-12 00:18:37.328 16986 16986 I IncrementalService:   bind: '/st_118_1'->'/data/app/~~QyKtQEfPRMLL2VIPg8Dplw=='
09-12 00:18:37.328 16986 16986 I IncrementalService:          /data/incremental/MT_data_app_vmdl176/mount/st_118_1
09-12 00:18:37.328 16986 16986 I IncrementalService: Looks like an IncrementalService-owned: /data/incremental/MT_data_app_vmdl176
09-12 00:18:37.330 16986 16986 I IncrementalService: Permanent bind record: '/data/incremental/MT_data_app_vmdl176/mount/st_118_1'->'/data/app/~~QyKtQEfPRMLL2VIPg8Dplw=='
09-12 00:18:37.331 16986 16986 I IncrementalService: Matched permanent bound /data/incremental/MT_data_app_vmdl176/mount/st_118_1 to mount /st_118_1
09-12 00:18:37.331 16986 16986 I IncrementalService: Existing mount: /data/incremental/MT_data_app_vmdl672/backing_store->/data/incremental/MT_data_app_vmdl672/mount
09-12 00:18:37.331 16986 16986 I IncrementalService:   bind: ''->'/data/incremental/MT_data_app_vmdl672/mount'
09-12 00:18:37.331 16986 16986 I IncrementalService:          /data/incremental/MT_data_app_vmdl672/mount
09-12 00:18:37.331 16986 16986 I IncrementalService:   bind: '/st_185_1'->'/data/app/~~vfQlthyoEuuRZ0tUajd_GQ=='
09-12 00:18:37.331 16986 16986 I IncrementalService:          /data/incremental/MT_data_app_vmdl672/mount/st_185_1
09-12 00:18:37.331 16986 16986 I IncrementalService: Looks like an IncrementalService-owned: /data/incremental/MT_data_app_vmdl672
09-12 00:18:37.334 16986 16986 I IncrementalService: Permanent bind record: '/data/incremental/MT_data_app_vmdl672/mount/st_185_1'->'/data/app/~~vfQlthyoEuuRZ0tUajd_GQ=='
09-12 00:18:37.334 16986 16986 I IncrementalService: Matched permanent bound /data/incremental/MT_data_app_vmdl672/mount/st_185_1 to mount /st_185_1
09-12 00:18:37.335 16986 16986 I IncrementalService: Existing mount: /data/incremental/MT_data_app_vmdl1760/backing_store->/data/incremental/MT_data_app_vmdl1760/mount
09-12 00:18:37.335 16986 16986 I IncrementalService:   bind: ''->'/data/incremental/MT_data_app_vmdl1760/mount'
09-12 00:18:37.335 16986 16986 I IncrementalService:          /data/incremental/MT_data_app_vmdl1760/mount
09-12 00:18:37.335 16986 16986 I IncrementalService:   bind: '/st_162_1'->'/data/app/~~UbuXNQXd3quTogAdpgi21A=='
09-12 00:18:37.335 16986 16986 I IncrementalService:          /data/incremental/MT_data_app_vmdl1760/mount/st_162_1
09-12 00:18:37.335 16986 16986 I IncrementalService: Looks like an IncrementalService-owned: /data/incremental/MT_data_app_vmdl1760
09-12 00:18:37.340 16986 16986 I IncrementalService: Permanent bind record: '/data/incremental/MT_data_app_vmdl1760/mount/st_162_1'->'/data/app/~~UbuXNQXd3quTogAdpgi21A=='
09-12 00:18:37.340 16986 16986 I IncrementalService: Matched permanent bound /data/incremental/MT_data_app_vmdl1760/mount/st_162_1 to mount /st_162_1
09-12 00:18:37.340 16986 16986 I IncrementalService: Existing mount: /data/incremental/MT_data_app_vmdl167/backing_store->/data/incremental/MT_data_app_vmdl167/mount
09-12 00:18:37.340 16986 16986 I IncrementalService:   bind: ''->'/data/incremental/MT_data_app_vmdl167/mount'
09-12 00:18:37.341 16986 16986 I IncrementalService:          /data/incremental/MT_data_app_vmdl167/mount
09-12 00:18:37.341 16986 16986 I IncrementalService:   bind: '/st_29_1'->'/data/app/~~wTnOjv00M3KkmdMIKDBIfQ=='
09-12 00:18:37.341 16986 16986 I IncrementalService:          /data/incremental/MT_data_app_vmdl167/mount/st_29_1
09-12 00:18:37.341 16986 16986 I IncrementalService: Looks like an IncrementalService-owned: /data/incremental/MT_data_app_vmdl167
09-12 00:18:37.343 16986 16986 I IncrementalService: Permanent bind record: '/data/incremental/MT_data_app_vmdl167/mount/st_29_1'->'/data/app/~~wTnOjv00M3KkmdMIKDBIfQ=='
09-12 00:18:37.344 16986 16986 I IncrementalService: Matched permanent bound /data/incremental/MT_data_app_vmdl167/mount/st_29_1 to mount /st_29_1
09-12 00:18:37.344 16986 16986 I IncrementalService: Existing mount: /data/incremental/MT_data_app_vmdl385/backing_store->/data/incremental/MT_data_app_vmdl385/mount
09-12 00:18:37.344 16986 16986 I IncrementalService:   bind: ''->'/data/incremental/MT_data_app_vmdl385/mount'
09-12 00:18:37.344 16986 16986 I IncrementalService:          /data/incremental/MT_data_app_vmdl385/mount
09-12 00:18:37.344 16986 16986 I IncrementalService:   bind: '/st_14_1'->'/data/app/~~vhy8U0WGA3kllTKhkzVqoA=='
09-12 00:18:37.345 16986 16986 I IncrementalService:          /data/incremental/MT_data_app_vmdl385/mount/st_14_1
09-12 00:18:37.345 16986 16986 I IncrementalService: Looks like an IncrementalService-owned: /data/incremental/MT_data_app_vmdl385
09-12 00:18:37.350 16986 16986 I IncrementalService: Permanent bind record: '/data/incremental/MT_data_app_vmdl385/mount/st_14_1'->'/data/app/~~vhy8U0WGA3kllTKhkzVqoA=='
09-12 00:18:37.350 16986 16986 I IncrementalService: Matched permanent bound /data/incremental/MT_data_app_vmdl385/mount/st_14_1 to mount /st_14_1
09-12 00:18:37.350 16986 16986 I IncrementalService: Existing mount: /data/incremental/MT_data_app_vmdl139/backing_store->/data/incremental/MT_data_app_vmdl139/mount
09-12 00:18:37.350 16986 16986 I IncrementalService:   bind: ''->'/data/incremental/MT_data_app_vmdl139/mount'
09-12 00:18:37.350 16986 16986 I IncrementalService:          /data/incremental/MT_data_app_vmdl139/mount
09-12 00:18:37.350 16986 16986 I IncrementalService:   bind: '/st_24_1'->'/data/app/~~oO5f2Sc_IPoLSX4A1xTLuA=='
09-12 00:18:37.350 16986 16986 I IncrementalService:          /data/incremental/MT_data_app_vmdl139/mount/st_24_1
09-12 00:18:37.350 16986 16986 I IncrementalService: Looks like an IncrementalService-owned: /data/incremental/MT_data_app_vmdl139
09-12 00:18:37.355 16986 16986 I IncrementalService: Permanent bind record: '/data/incremental/MT_data_app_vmdl139/mount/st_24_1'->'/data/app/~~oO5f2Sc_IPoLSX4A1xTLuA=='
09-12 00:18:37.355 16986 16986 I IncrementalService: Matched permanent bound /data/incremental/MT_data_app_vmdl139/mount/st_24_1 to mount /st_24_1
09-12 00:18:37.355 16986 16986 I IncrementalService: Existing mount: /data/incremental/MT_data_app_vmdl121/backing_store->/data/incremental/MT_data_app_vmdl121/mount
09-12 00:18:37.355 16986 16986 I IncrementalService:   bind: ''->'/data/incremental/MT_data_app_vmdl121/mount'
09-12 00:18:37.356 16986 16986 I IncrementalService:          /data/incremental/MT_data_app_vmdl121/mount
09-12 00:18:37.356 16986 16986 I IncrementalService:   bind: '/st_189_1'->'/data/app/~~ALxbMk6uWp9uXcbjhGvUFg=='
09-12 00:18:37.356 16986 16986 I IncrementalService:          /data/incremental/MT_data_app_vmdl121/mount/st_189_1
09-12 00:18:37.356 16986 16986 I IncrementalService: Looks like an IncrementalService-owned: /data/incremental/MT_data_app_vmdl121
09-12 00:18:37.359 16986 16986 I IncrementalService: Permanent bind record: '/data/incremental/MT_data_app_vmdl121/mount/st_189_1'->'/data/app/~~ALxbMk6uWp9uXcbjhGvUFg=='
09-12 00:18:37.359 16986 16986 I IncrementalService: Matched permanent bound /data/incremental/MT_data_app_vmdl121/mount/st_189_1 to mount /st_189_1
09-12 00:18:37.359 16986 16986 I IncrementalService: Existing mount: /data/incremental/MT_data_app_vmdl157/backing_store->/data/incremental/MT_data_app_vmdl157/mount
09-12 00:18:37.359 16986 16986 I IncrementalService:   bind: ''->'/data/incremental/MT_data_app_vmdl157/mount'
09-12 00:18:37.359 16986 16986 I IncrementalService:          /data/incremental/MT_data_app_vmdl157/mount
09-12 00:18:37.360 16986 16986 I IncrementalService:   bind: '/st_7_1'->'/data/app/~~gfNiJ7zvh0W6Bs_VdQ05mw=='
09-12 00:18:37.360 16986 16986 I IncrementalService:          /data/incremental/MT_data_app_vmdl157/mount/st_7_1
09-12 00:18:37.360 16986 16986 I IncrementalService: Looks like an IncrementalService-owned: /data/incremental/MT_data_app_vmdl157
09-12 00:18:37.363 16986 16986 I IncrementalService: Permanent bind record: '/data/incremental/MT_data_app_vmdl157/mount/st_7_1'->'/data/app/~~gfNiJ7zvh0W6Bs_VdQ05mw=='
09-12 00:18:37.363 16986 16986 I IncrementalService: Matched permanent bound /data/incremental/MT_data_app_vmdl157/mount/st_7_1 to mount /st_7_1
09-12 00:18:37.365 16986 16986 D SystemServerTiming: StartPowerManager
09-12 00:18:37.365 16986 16986 I SystemServiceManager: Starting com.android.server.power.PowerManagerService
09-12 00:18:37.379 16986 16986 I PowerHalLoader: Successfully connected to Power HAL AIDL service.
09-12 00:18:37.383   509   509 I powerhal-libperfmgr: Power Mode INTERACTIVE isModeSupported: 0
09-12 00:18:37.383   509   509 I powerhal-libperfmgr: Power Mode DOUBLE_TAP_TO_WAKE isModeSupported: 0
09-12 00:18:37.385 16986 16986 D SystemServerTiming: StartThermalManager
09-12 00:18:37.385 16986 16986 I SystemServiceManager: Starting com.android.server.power.thermal.ThermalManagerService
09-12 00:18:37.387 16986 16986 D SystemServerTiming: InitPowerManagement
09-12 00:18:37.390 16859 16859 W libbinder.ServiceManagerCppClient: Waited one second for activity (is service started? Number of threads started in the threadpool: 16. Are binder threads started and available?)
09-12 00:18:37.390 16986 16986 W PowerManagerService: Battery saver is not supported, no low power mode observer registered
09-12 00:18:37.391 16986 16986 D SystemServerTiming: StartRecoverySystemService
09-12 00:18:37.391 16986 16986 I SystemServiceManager: Starting com.android.server.recoverysystem.RecoverySystemService$Lifecycle
09-12 00:18:37.392   320 17090 W libc    : Unable to set property "ctl.interface_start" to "aidl/activity": PROP_ERROR_HANDLE_CONTROL_MESSAGE (0x20)
09-12 00:18:37.393 16986 16986 D SystemServerTiming: StartLightsService
09-12 00:18:37.394 16986 16986 I SystemServiceManager: Starting com.android.server.lights.LightsService
09-12 00:18:37.397 16986 16986 E LightsService: Failed to populate available lights, no ILights HAL service available
09-12 00:18:37.398 16986 16986 D SystemServerTiming: StartDisplayOffloadService
09-12 00:18:37.399 16986 16986 I SystemServiceManager: Starting com.android.clockwork.displayoffload.DisplayOffloadService
09-12 00:18:37.410 16986 16986 D DisplayOffload: onStart
09-12 00:18:37.414 16986 17004 D DOHalAdapter: [HAL] onRegistration: service notification name=vendor.google_clockwork.displayoffload2.IDisplayOffload/default
09-12 00:18:37.414 16986 17004 I DOHalAdapter: [HAL] Got hal.
09-12 00:18:37.415 16986 17004 W Binder  : Outgoing transactions from this process must be FLAG_ONEWAY
09-12 00:18:37.415 16986 17004 W Binder  : java.lang.Throwable
09-12 00:18:37.415 16986 17004 W Binder  : 	at android.os.BinderProxy.transact(BinderProxy.java:587)
09-12 00:18:37.415 16986 17004 W Binder  : 	at vendor.google_clockwork.displayoffload2.IDisplayOffload$Stub$Proxy.reset(go/retraceme cfe317e26c3e2829cc9d3bf73fa23c109c948b7d6c857f2317d8882bdc7d34b9:20)
09-12 00:18:37.415 16986 17004 W Binder  : 	at com.android.clockwork.displayoffload.AidlHalV2Adapter.resetResource(go/retraceme cfe317e26c3e2829cc9d3bf73fa23c109c948b7d6c857f2317d8882bdc7d34b9:22)
09-12 00:18:37.415 16986 17004 W Binder  : 	at com.android.clockwork.displayoffload.AidlHalV2Adapter.onHalRegistered(go/retraceme cfe317e26c3e2829cc9d3bf73fa23c109c948b7d6c857f2317d8882bdc7d34b9:52)
09-12 00:18:37.415 16986 17004 W Binder  : 	at com.android.clockwork.displayoffload.AidlHalAdapter.onRegistration(go/retraceme cfe317e26c3e2829cc9d3bf73fa23c109c948b7d6c857f2317d8882bdc7d34b9:22)
09-12 00:18:37.415 16986 17004 W Binder  : 	at android.os.IServiceCallback$Stub.onTransact(IServiceCallback.java:92)
09-12 00:18:37.415 16986 17004 W Binder  : 	at android.os.Binder.execTransactInternal(Binder.java:1369)
09-12 00:18:37.415 16986 17004 W Binder  : 	at android.os.Binder.execTransact(Binder.java:1323)
09-12 00:18:37.416 16986 16986 D SystemServerTiming: StartDisplayManager
09-12 00:18:37.416 16986 16986 I SystemServiceManager: Starting com.android.server.display.DisplayManagerService
09-12 00:18:37.425  1102  1306 I vendor.google_clockwork.displayoffload-service: reset
09-12 00:18:37.430  1102  1306 I vendor.google_clockwork.displayoffload-service: :end display
09-12 00:18:37.430  1102  1306 I vendor.google_clockwork.displayoffload-service: Set display mux select to 1
09-12 00:18:37.433 16986 16986 D PluginManager: loading plugins from:
09-12 00:18:37.433 16986 16986 D PluginManager: loaded Plugins:[]
09-12 00:18:37.437 16986 16986 D SystemServerTiming: WaitForDisplay
09-12 00:18:37.437 16986 16986 I SystemServiceManager: Starting phase 100
09-12 00:18:37.438 16986 16986 D SystemServerTiming: OnBootPhase_100
09-12 00:18:37.438 16986 16986 D SystemServerTiming: OnBootPhase_100_com.android.server.security.FileIntegrityService
09-12 00:18:37.438 16986 16986 D SystemServerTiming: OnBootPhase_100_com.android.server.pm.Installer
09-12 00:18:37.438 16986 16986 D SystemServerTiming: OnBootPhase_100_com.android.server.os.DeviceIdentifiersPolicyService
09-12 00:18:37.438 16986 16986 D SystemServerTiming: OnBootPhase_100_com.android.server.flags.FeatureFlagsService
09-12 00:18:37.438 16986 16986 D SystemServerTiming: OnBootPhase_100_com.android.server.uri.UriGrantsManagerService$Lifecycle
09-12 00:18:37.438 16986 16986 D SystemServerTiming: OnBootPhase_100_com.android.server.powerstats.PowerStatsService
09-12 00:18:37.438 16986 16986 D SystemServerTiming: OnBootPhase_100_com.android.server.permission.access.AccessCheckingService
09-12 00:18:37.438 16986 16986 D SystemServerTiming: OnBootPhase_100_com.android.server.wm.ActivityTaskManagerService$Lifecycle
09-12 00:18:37.438 16986 16986 D SystemServerTiming: OnBootPhase_100_com.android.server.am.ActivityManagerService$Lifecycle
09-12 00:18:37.438 16986 16986 D SystemServerTiming: OnBootPhase_100_com.android.server.pm.DataLoaderManagerService
09-12 00:18:37.438 16986 16986 D SystemServerTiming: OnBootPhase_100_com.android.server.power.PowerManagerService
09-12 00:18:37.438 16986 16986 D SystemServerTiming: OnBootPhase_100_com.android.server.power.thermal.ThermalManagerService
09-12 00:18:37.438 16986 16986 D SystemServerTiming: OnBootPhase_100_com.android.server.recoverysystem.RecoverySystemService$Lifecycle
09-12 00:18:37.438 16986 16986 D SystemServerTiming: OnBootPhase_100_com.android.server.lights.LightsService
09-12 00:18:37.438 16986 16986 D SystemServerTiming: OnBootPhase_100_com.android.clockwork.displayoffload.DisplayOffloadService
09-12 00:18:37.438 16986 16986 D SystemServerTiming: OnBootPhase_100_com.android.server.display.DisplayManagerService
09-12 00:18:37.444 16986 17013 E LocalDisplayAdapter: Can't find display mode with id -1
09-12 00:18:37.444 16986 17013 W LocalDisplayAdapter: DisplayModeSpecs base mode no longer available, using currently active mode.
09-12 00:18:37.445 16986 17013 W DisplayManagerService: Default display not found in cache
09-12 00:18:37.445 16986 17013 E DisplayManagerService: Default display is null for info request from uid 1000
09-12 00:18:37.446 16986 17013 W DisplayManagerService: getDisplayInfoInternal: display not found 0
09-12 00:18:37.453 16986 17013 I DisplayDeviceConfig: No thermal throttling config found
09-12 00:18:37.458 16986 17013 D DesktopExperienceFlags: Toggle override initialized to: false
09-12 00:18:37.462 16986 17013 I DisplayDeviceRepository: Display device added: DisplayDeviceInfo{"Built-in Screen": uniqueId="local:4630946367249729921", 384 x 384, modeId 1, renderFrameRate 60.000004, hasArrSupport false, frameRateCategoryRate FrameRateCategoryRate {normal=60.0, high=90.0}, supportedRefreshRates [60.000004, 30.000002, 20.0], defaultModeId 1, userPreferredModeId -1, supportedModes [{id=1, parentModeId=-1, sfModeId=0, flags=, width=384, height=384, fps=60.000004, vsync=60.000004, alternativeRefreshRates=[], supportedHdrTypes=[2, 3, 4]}], colorMode 0, supportedColorModes [0], hdrCapabilities HdrCapabilities{mSupportedHdrTypes=[2, 3, 4], mMaxLuminance=500.0, mMaxAverageLuminance=500.0, mMinLuminance=0.0}, isForceSdr false, allmSupported false, gameContentTypeSupported false, density 320, 325.12 x 325.12 dpi, appVsyncOff 14499998, presDeadline 16000000, touch INTERNAL, rotation 0, type INTERNAL, address StablePhysical{id=4630946367249729921, port=129}, deviceProductInfo DeviceProductInfo{name=, manufacturerPnpId=QCM, productId=1, modelYear=null, manufactureDate=ManufactureDate{week=27, year=2006}, connectionToSinkType=1, edidStructureMetadata=EdidStructureMetadata{version=0, revision=0}, videoInputType=0}, state UNKNOWN, committedState UNKNOWN, frameRateOverride , brightnessMinimum 0.0, brightnessMaximum 1.0, brightnessDefault 0.314688, brightnessDim 0.235, hdrSdrRatio NaN, FLAG_ALLOWED_TO_BE_DEFAULT_DISPLAY, FLAG_ROTATES_WITH_CONTENT, FLAG_SECURE, FLAG_SUPPORTS_PROTECTED_BUFFERS, FLAG_ROUND, FLAG_TRUSTED, installOrientation 0, displayShape DisplayShape{type=2, displayWidth=384, displayHeight=384, physicalPixelDisplaySizeRatio=1.0, rotation=0, offsetX=0, offsetY=0, scale=1.0}}
09-12 00:18:37.464 16986 17013 I LogicalDisplayMapper: Applying layout: [default_layout: [{dispId: 0(ON), displayGroupName: , addr: StablePhysical{id=4630946367249729921, port=129}, mThermalBrightnessThrottlingMapId: null, mRefreshRateZoneId: null, mLeadDisplayId: -1, mLeadDisplayAddress: null, mThermalRefreshRateThrottlingMapId: null, mPowerThrottlingMapId: null}]], Previous layout: null
09-12 00:18:37.464 16986 17013 I LogicalDisplayMapper: Setting new display group 0 for display 0, from previous group: null, for reason: 0, with flags: 0
09-12 00:18:37.477 16986 17013 E SystemServiceRegistry: No service published for: user
09-12 00:18:37.477 16986 17013 E SystemServiceRegistry: android.os.ServiceManager$ServiceNotFoundException: No service published for: user
09-12 00:18:37.477 16986 17013 E SystemServiceRegistry: 	at android.os.ServiceManager.getServiceOrThrow(ServiceManager.java:176)
09-12 00:18:37.477 16986 17013 E SystemServiceRegistry: 	at android.app.SystemServiceRegistry$68.createService(SystemServiceRegistry.java:1037)
09-12 00:18:37.477 16986 17013 E SystemServiceRegistry: 	at android.app.SystemServiceRegistry$68.createService(SystemServiceRegistry.java:1034)
09-12 00:18:37.477 16986 17013 E SystemServiceRegistry: 	at android.app.SystemServiceRegistry$CachedServiceFetcher.getService(SystemServiceRegistry.java:2784)
09-12 00:18:37.477 16986 17013 E SystemServiceRegistry: 	at android.app.SystemServiceRegistry.getSystemService(SystemServiceRegistry.java:2297)
09-12 00:18:37.477 16986 17013 E SystemServiceRegistry: 	at android.app.ContextImpl.getSystemService(ContextImpl.java:2450)
09-12 00:18:37.477 16986 17013 E SystemServiceRegistry: 	at android.content.Context.getSystemService(Context.java:4916)
09-12 00:18:37.477 16986 17013 E SystemServiceRegistry: 	at com.android.server.display.DisplayManagerService.getUserManager(go/retraceme 56cb9c0977ae9f67603f451f002522c463042b44293aaef01295dafee5e0332e:4)
09-12 00:18:37.477 16986 17013 E SystemServiceRegistry: 	at com.android.server.display.DisplayManagerService.getStoredUserPreferredModeLocked(go/retraceme 56cb9c0977ae9f67603f451f002522c463042b44293aaef01295dafee5e0332e:0)
09-12 00:18:37.477 16986 17013 E SystemServiceRegistry: 	at com.android.server.display.LogicalDisplayMapper.sendUpdatesForDisplaysLocked(go/retraceme 56cb9c0977ae9f67603f451f002522c463042b44293aaef01295dafee5e0332e:549)
09-12 00:18:37.477 16986 17013 E SystemServiceRegistry: 	at com.android.server.display.LogicalDisplayMapper.updateLogicalDisplaysLocked(go/retraceme 56cb9c0977ae9f67603f451f002522c463042b44293aaef01295dafee5e0332e:875)
09-12 00:18:37.477 16986 17013 E SystemServiceRegistry: 	at com.android.server.display.LogicalDisplayMapper.updateLogicalDisplaysLocked$1(go/retraceme 56cb9c0977ae9f67603f451f002522c463042b44293aaef01295dafee5e0332e:2)
09-12 00:18:37.477 16986 17013 E SystemServiceRegistry: 	at com.android.server.display.DisplayDeviceRepository.sendEventLocked(go/retraceme 56cb9c0977ae9f67603f451f002522c463042b44293aaef01295dafee5e0332e:395)
09-12 00:18:37.477 16986 17013 E SystemServiceRegistry: 	at com.android.server.display.DisplayDeviceRepository.onDisplayDeviceEvent(go/retraceme 56cb9c0977ae9f67603f451f002522c463042b44293aaef01295dafee5e0332e:540)
09-12 00:18:37.477 16986 17013 E SystemServiceRegistry: 	at com.android.server.display.DisplayAdapter$$ExternalSyntheticLambda1.run(go/retraceme 56cb9c0977ae9f67603f451f002522c463042b44293aaef01295dafee5e0332e:10)
09-12 00:18:37.477 16986 17013 E SystemServiceRegistry: 	at android.os.Handler.handleCallback(Handler.java:1095)
09-12 00:18:37.477 16986 17013 E SystemServiceRegistry: 	at android.os.Handler.dispatchMessageImpl(Handler.java:135)
09-12 00:18:37.477 16986 17013 E SystemServiceRegistry: 	at android.os.Handler.dispatchMessage(Handler.java:125)
09-12 00:18:37.477 16986 17013 E SystemServiceRegistry: 	at android.os.Looper.loopOnce(Looper.java:296)
09-12 00:18:37.477 16986 17013 E SystemServiceRegistry: 	at android.os.Looper.loop(Looper.java:397)
09-12 00:18:37.477 16986 17013 E SystemServiceRegistry: 	at android.os.HandlerThread.run(HandlerThread.java:139)
09-12 00:18:37.477 16986 17013 E SystemServiceRegistry: 	at com.android.server.ServiceThread.run(ServiceThread.java:46)
09-12 00:18:37.479 16986 17013 E SystemServiceRegistry: Manager wrapper not available: user
09-12 00:18:37.481 16986 17013 I DisplayTopologyCoordinator: Display 0 added, new topology: DisplayTopology:
09-12 00:18:37.481 16986 17013 I DisplayTopologyCoordinator: --------------------
09-12 00:18:37.481 16986 17013 I DisplayTopologyCoordinator:   mPrimaryDisplayId: 0
09-12 00:18:37.481 16986 17013 I DisplayTopologyCoordinator:   Topology tree:
09-12 00:18:37.481 16986 17013 I DisplayTopologyCoordinator:     Display {id=0, logical width=384, logical height=384, logical density=320, position=left, offset=0.0}
09-12 00:18:37.482 16986 16986 D SystemServerTiming: StartDomainVerificationService
09-12 00:18:37.482 16986 17013 W DisplayManagerService: Not sending topology, mInputManagerInternal is null
09-12 00:18:37.484 16986 16986 D SystemServerTiming: StartPackageManagerService
09-12 00:18:37.485 16986 16986 I Watchdog: Pausing HandlerChecker: main thread for reason: packagemanagermain. Pause count: 1
09-12 00:18:37.485 16986 16986 D PackageManagerTiming: create package manager
09-12 00:18:37.489 16986 16986 D PackageManagerTiming: createSubComponents
09-12 00:18:37.502 16986 16986 I UserManagerService: Upgrading users from userVersion 11 to 11
09-12 00:18:37.502 16986 16986 I UserManagerService: Forcing an upgrade due to flagged changes
09-12 00:18:37.523 16986 16986 I SELinux : SELinux: Loaded file context from:
09-12 00:18:37.523 16986 16986 I SELinux : 		/system/etc/selinux/plat_file_contexts
09-12 00:18:37.523 16986 16986 I SELinux : 		/system_ext/etc/selinux/system_ext_file_contexts
09-12 00:18:37.523 16986 16986 I SELinux : 		/product/etc/selinux/product_file_contexts
09-12 00:18:37.523 16986 16986 I SELinux : 		/vendor/etc/selinux/vendor_file_contexts
09-12 00:18:37.523 16986 16986 I SELinux : 		/odm/etc/selinux/odm_file_contexts
09-12 00:18:37.539 16986 16986 D PackageManagerTiming: get system config
09-12 00:18:37.539 16986 16986 D PackageManagerTiming: addSharedUsers
09-12 00:18:37.546 16986 16986 D SELinuxMMAC: Using policy file /system/etc/selinux/plat_mac_permissions.xml
09-12 00:18:37.553 16986 16986 D SELinuxMMAC: Using policy file /system_ext/etc/selinux/system_ext_mac_permissions.xml
09-12 00:18:37.556 16986 16986 D SELinuxMMAC: Using policy file /product/etc/selinux/product_mac_permissions.xml
09-12 00:18:37.558 16986 16986 D SELinuxMMAC: Using policy file /vendor/etc/selinux/vendor_mac_permissions.xml
09-12 00:18:37.560 16986 16986 D SELinuxMMAC: Using policy file /odm/etc/selinux/odm_mac_permissions.xml
09-12 00:18:37.561 16986 16986 D PackageManagerTiming: loadFallbacks
09-12 00:18:37.563 16986 16986 D FallbackCategoryProvider: Found 1 fallback categories
09-12 00:18:37.563 16986 16986 D PackageManagerTiming: read user settings
09-12 00:18:37.614 16866 16882 D Diag_Lib: diag: Diag_LSM_Init: invoked for pid: 16866 with init_count: 0
09-12 00:18:37.615 16866 16882 D Diag_Lib: diag:failed to connect to diag socket
09-12 00:18:37.615 16866 16882 D Diag_Lib:  Diag_LSM_Init: Failed to open handle to diag driver, error = 111
09-12 00:18:37.615 16866 16882 I ATS     : vendor/qcom/sw5100-lw4/proprietary-audio/args/acdb/ats/transports/diag/linux/actp/src/actp.c:actp_diag_init:105 Error[1]: Failed to initialize DIAG
09-12 00:18:37.615 16866 16882 E ATS     : vendor/qcom/sw5100-lw4/proprietary-audio/args/acdb/ats/src/ats.c:ats_init:143 Error[1]: Failed to initialize Diag
09-12 00:18:37.615 16866 16882 E ATS     : vendor/qcom/sw5100-lw4/proprietary-audio/args/acdb/ats/src/ats.c:ats_init:263 Error[1]: Failed to initialize ATS
09-12 00:18:37.615 16866 16882 E AGM: API: ats_init_thread: 64 ats_init failed retry 15 err 1
09-12 00:18:37.774 16986 16986 W PackageManager: No package known for package restrictions com.google.android.devicelock
09-12 00:18:37.775 16986 16986 W PackageManager: No package known for package restrictions com.google.android.tzdata6
09-12 00:18:37.776 16986 16986 W PackageManager: No package known for package restrictions com.google.android.ondevicepersonalization
09-12 00:18:37.778 16986 16986 W PackageManager: No package known for package restrictions com.google.android.media.swcodec
09-12 00:18:37.779 16986 16986 W PackageManager: No package known for package restrictions com.google.android.os.statsd
09-12 00:18:37.779 16986 16986 W PackageManager: No package known for package restrictions com.google.android.widevine.nonupdatable
09-12 00:18:37.783 16986 16986 W PackageManager: No package known for package restrictions com.google.android.bt
09-12 00:18:37.783 16986 16986 W PackageManager: No package known for package restrictions com.google.android.healthfitness
09-12 00:18:37.783 16986 16986 W PackageManager: No package known for package restrictions com.google.android.gmssystem
09-12 00:18:37.784 16986 16986 W PackageManager: No package known for package restrictions com.google.android.ipsec
09-12 00:18:37.784 16986 16986 W PackageManager: No package known for package restrictions com.google.android.media
09-12 00:18:37.785 16986 16986 W PackageManager: No package known for package restrictions com.google.android.uprobestats
09-12 00:18:37.785 16986 16986 W PackageManager: No package known for package restrictions com.android.i18n
09-12 00:18:37.785 16986 16986 W PackageManager: No package known for package restrictions com.android.virt
09-12 00:18:37.786 16986 16986 W PackageManager: No package known for package restrictions com.google.android.nfcservices
09-12 00:18:37.787 16986 16986 W PackageManager: No package known for package restrictions com.google.android.appsearch
09-12 00:18:37.787 16986 16986 W PackageManager: No package known for package restrictions com.google.android.configinfrastructure
09-12 00:18:37.789 16986 16986 W PackageManager: No package known for package restrictions com.google.android.cellbroadcast
09-12 00:18:37.789 16986 16986 W PackageManager: No package known for package restrictions com.android.apex.cts.shim
09-12 00:18:37.789 16986 16986 W PackageManager: No package known for package restrictions com.google.android.resolv
09-12 00:18:37.789 16986 16986 W PackageManager: No package known for package restrictions com.google.android.sdkext
09-12 00:18:37.789 16986 16986 W PackageManager: No package known for package restrictions com.google.android.art
09-12 00:18:37.791 16986 16986 W PackageManager: No package known for package restrictions com.google.android.uwb
09-12 00:18:37.792 16986 16986 W PackageManager: No package known for package restrictions com.android.hardware.biometrics.fingerprint.virtual
09-12 00:18:37.792 16986 16986 W PackageManager: No package known for package restrictions com.google.android.runtime
09-12 00:18:37.793 16986 16986 W PackageManager: No package known for package restrictions com.google.android.adservices
09-12 00:18:37.794 16986 16986 W PackageManager: No package known for package restrictions com.google.android.crashrecovery
09-12 00:18:37.795 16986 16986 W PackageManager: No package known for package restrictions com.google.android.scheduling
09-12 00:18:37.795 16986 16986 W PackageManager: No package known for package restrictions com.google.android.mediaprovider
09-12 00:18:37.795 16986 16986 W PackageManager: No package known for package restrictions com.android.webapp
09-12 00:18:37.796 16986 16986 W PackageManager: No package known for package restrictions com.google.android.permission
09-12 00:18:37.796 16986 16986 W PackageManager: No package known for package restrictions com.google.android.profiling
09-12 00:18:37.797 16986 16986 W PackageManager: No package known for package restrictions com.android.extservices
09-12 00:18:37.799 16986 16986 W PackageManager: No package known for package restrictions com.google.android.neuralnetworks
09-12 00:18:37.799 16986 16986 W PackageManager: No package known for package restrictions com.google.android.tethering
09-12 00:18:37.799 16986 16986 W PackageManager: No package known for package restrictions com.google.pixelwatchambient
09-12 00:18:37.799 16986 16986 W PackageManager: No package known for package restrictions com.google.android.adbd
09-12 00:18:37.799 16986 16986 W PackageManager: No package known for package restrictions com.google.android.rkpd
09-12 00:18:37.799 16986 16986 W PackageManager: No package known for package restrictions com.google.android.wifi
09-12 00:18:37.799 16986 16986 W PackageManager: No package known for package restrictions com.google.android.telephonycore
09-12 00:18:37.799 16986 16986 W PackageManager: No package known for package restrictions com.android.npumanager
09-12 00:18:37.800 16986 16986 W PackageManager: No package known for package restrictions com.google.android.conscrypt
09-12 00:18:37.809 16986 16986 W PackageSettings: Missing permission state for package com.google.omadm.trigger on user 0
09-12 00:18:37.809 16986 16986 W PackageSettings: Missing permission state for package com.google.android.apps.wearable.settings.overlay.pixel.watch on user 0
09-12 00:18:37.809 16986 16986 W PackageSettings: Missing permission state for package com.android.cts.priv.ctsshim on user 0
09-12 00:18:37.809 16986 16986 W PackageSettings: Missing permission state for package com.google.android.apps.weather on user 0
09-12 00:18:37.810 16986 16986 W PackageSettings: Missing permission state for package com.android.sdm.plugins.connmo on user 0
09-12 00:18:37.810 16986 16986 W PackageSettings: Missing permission state for package com.google.android.crossdeviceaccessservice on user 0
09-12 00:18:37.810 16986 16986 W PackageSettings: Missing permission state for package com.google.android.telecomresources.dialer.overlay on user 0
09-12 00:18:37.810 16986 16986 W PackageSettings: Missing permission state for package com.google.android.pixelsystemservice on user 0
09-12 00:18:37.810 16986 16986 W PackageSettings: Missing permission state for package com.google.android.apps.wearable.pixelwatchpermissions on user 0
09-12 00:18:37.810 16986 16986 W PackageSettings: Missing permission state for package android.overlay.disallow.speaker.use on user 0
09-12 00:18:37.810 16986 16986 W PackageSettings: Missing permission state for package com.google.android.ext.shared on user 0
09-12 00:18:37.810 16986 16986 W PackageSettings: Missing permission state for package com.android.virtualmachine.res on user 0
09-12 00:18:37.810 16986 16986 W PackageSettings: Missing permission state for package com.google.android.clockwork.flashlight on user 0
09-12 00:18:37.810 16986 16986 W PackageSettings: Missing permission state for package com.google.android.federatedcompute on user 0
09-12 00:18:37.810 16986 16986 W PackageSettings: Missing permission state for package com.google.android.wearable.sysui on user 0
09-12 00:18:37.810 16986 16986 W PackageSettings: Missing permission state for package com.google.android.wearable.sysui.overlay.quickactions.pixelwatch on user 0
09-12 00:18:37.810 16986 16986 W PackageSettings: Missing permission state for package com.android.wearable.overlay.com.google.android.wearable.sysui on user 0
09-12 00:18:37.810 16986 16986 W PackageSettings: Missing permission state for package com.google.android.apps.messaging.overlay.wearmaterial.pixelwatch on user 0
09-12 00:18:37.810 16986 16986 W PackageSettings: Missing permission state for package com.google.euiccpixel on user 0
09-12 00:18:37.810 16986 16986 W PackageSettings: Missing permission state for package com.google.android.wearable.weather on user 0
09-12 00:18:37.810 16986 16986 W PackageSettings: Missing permission state for package com.android.providers.telephony.auto_generated_characteristics_rro on user 0
09-12 00:18:37.810 16986 16986 W PackageSettings: Missing permission state for package com.google.android.wearable.setupwizard.overlay.fastpair.pixelwatch.eos on user 0
09-12 00:18:37.810 16986 16986 W PackageSettings: Missing permission state for package com.qualcomm.uimremoteclient on user 0
09-12 00:18:37.811 16986 16986 W PackageSettings: Missing permission state for package com.google.android.grilservice.overlay.pixelwatch on user 0
09-12 00:18:37.811 16986 16986 W PackageSettings: Missing permission state for package com.whatsapp on user 0
09-12 00:18:37.811 16986 16986 W PackageSettings: Missing permission state for package com.google.android.telecomui on user 0
09-12 00:18:37.811 16986 16986 W PackageSettings: Missing permission state for package android.service.displayoffload.resources on user 0
09-12 00:18:37.811 16986 16986 W PackageSettings: Missing permission state for package com.google.android.wearable.setupwizard on user 0
09-12 00:18:37.811 16986 16986 W PackageSettings: Missing permission state for package com.google.android.resources.overlay.batterystats on user 0
09-12 00:18:37.811 16986 16986 W PackageSettings: Missing permission state for package com.google.android.health.connect.backuprestore on user 0
09-12 00:18:37.811 16986 16986 W PackageSettings: Missing permission state for package com.google.android.apps.messaging on user 0
09-12 00:18:37.811 16986 16986 W PackageSettings: Missing permission state for package com.poc.compprobe on user 0
09-12 00:18:37.811 16986 16986 W PackageSettings: Missing permission state for package com.google.android.wearable.setupwizard.overlay.pixel.watch on user 0
09-12 00:18:37.811 16986 16986 W PackageSettings: Missing permission state for package com.poc.ipcprobe on user 0
09-12 00:18:37.812 16986 16986 W PackageSettings: Missing permission state for package com.google.android.configupdater on user 0
09-12 00:18:37.812 16986 16986 W PackageSettings: Missing permission state for package com.google.android.providers.media.module on user 0
09-12 00:18:37.812 16986 16986 W PackageSettings: Missing permission state for package com.google.android.pixel.watch.wearable.resources.overlayEnableBIP on user 0
09-12 00:18:37.812 16986 16986 W PackageSettings: Missing permission state for package com.qualcomm.uimremoteserver on user 0
09-12 00:18:37.812 16986 16986 W PackageSettings: Missing permission state for package com.android.se.overlay.target on user 0
09-12 00:18:37.812 16986 16986 W PackageSettings: Missing permission state for package com.google.android.apps.safetyhub on user 0
09-12 00:18:37.812 16986 16986 W PackageSettings: Missing permission state for package com.google.android.hotspot2.osulogin on user 0
09-12 00:18:37.812 16986 16986 W PackageSettings: Missing permission state for package com.android.vending on user 0
09-12 00:18:37.812 16986 16986 W PackageSettings: Missing permission state for package com.google.android.adservices.api on user 0
09-12 00:18:37.812 16986 16986 W PackageSettings: Missing permission state for package android.autoinstalls.config.google.wear on user 0
09-12 00:18:37.812 16986 16986 W PackageSettings: Missing permission state for package com.google.android.wearable.app.overlay.wearmaterial.pixelwatch on user 0
09-12 00:18:37.812 16986 16986 W PackageSettings: Missing permission state for package com.google.android.clockwork.nfc on user 0
09-12 00:18:37.812 16986 16986 W PackageSettings: Missing permission state for package com.android.modulemetadata on user 0
09-12 00:18:37.812 16986 16986 W PackageSettings: Missing permission state for package com.android.certinstaller on user 0
09-12 00:18:37.812 16986 16986 W PackageSettings: Missing permission state for package com.google.android.wearable.lw on user 0
09-12 00:18:37.812 16986 16986 W PackageSettings: Missing permission state for package com.google.android.marvin.talkback on user 0
09-12 00:18:37.812 16986 16986 W PackageSettings: Missing permission state for package com.android.phone.overlay.lte.pixelwatch on user 0
09-12 00:18:37.812 16986 16986 W PackageSettings: Missing permission state for package com.google.android.connectivity.resources.overlay.pixelwatch on user 0
09-12 00:18:37.812 16986 16986 W PackageSettings: Missing permission state for package com.android.hotwordenrollment.xgoogle on user 0
09-12 00:18:37.812 16986 16986 W PackageSettings: Missing permission state for package com.poc.caltest on user 0
09-12 00:18:37.812 16986 16986 W PackageSettings: Missing permission state for package com.google.android.wearable.dwf.receiver on user 0
09-12 00:18:37.812 16986 16986 W PackageSettings: Missing permission state for package com.google.android.grilservice on user 0
09-12 00:18:37.812 16986 16986 W PackageSettings: Missing permission state for package com.android.appsearch.aiseal.config on user 0
09-12 00:18:37.812 16986 16986 W PackageSettings: Missing permission state for package com.google.android.sdksandbox on user 0
09-12 00:18:37.812 16986 16986 W PackageSettings: Missing permission state for package com.test.watchprobe on user 0
09-12 00:18:37.813 16986 16986 W PackageSettings: Missing permission state for package com.android.backupconfirm on user 0
09-12 00:18:37.813 16986 16986 W PackageSettings: Missing permission state for package com.google.android.deskclock on user 0
09-12 00:18:37.813 16986 16986 W PackageSettings: Missing permission state for package com.test.crossdevicepoc on user 0
09-12 00:18:37.813 16986 16986 W PackageSettings: Missing permission state for package org.codeaurora.ims on user 0
09-12 00:18:37.813 16986 16986 W PackageSettings: Missing permission state for package com.google.android.gm on user 0
09-12 00:18:37.813 16986 16986 W PackageSettings: Missing permission state for package com.google.android.carrier on user 0
09-12 00:18:37.813 16986 16986 W PackageSettings: Missing permission state for package com.google.android.permissioncontroller on user 0
09-12 00:18:37.813 16986 16986 W PackageSettings: Missing permission state for package com.android.wearable.resources on user 0
09-12 00:18:37.813 16986 16986 W PackageSettings: Missing permission state for package com.poc.dataexfil on user 0
09-12 00:18:37.813 16986 16986 W PackageSettings: Missing permission state for package com.poc.datalayer on user 0
09-12 00:18:37.813 16986 16986 W PackageSettings: Missing permission state for package com.poc.remoteintent on user 0
09-12 00:18:37.813 16986 16986 W PackageSettings: Missing permission state for package com.vrp.debug on user 0
09-12 00:18:37.813 16986 16986 W PackageSettings: Missing permission state for package com.android.hotwordenrollment.okgoogle on user 0
09-12 00:18:37.813 16986 16986 W PackageSettings: Missing permission state for package com.google.android.wearable.pixel.pdms on user 0
09-12 00:18:37.813 16986 16986 W PackageSettings: Missing permission state for package com.android.sdm.plugins.diagmon on user 0
09-12 00:18:37.813 16986 16986 W PackageSettings: Missing permission state for package com.christan.google_ass_tv_poc on user 0
09-12 00:18:37.813 16986 16986 W PackageSettings: Missing permission state for package com.google.android.devicelockcontroller on user 0
09-12 00:18:37.813 16986 16986 W PackageSettings: Missing permission state for package com.google.android.dialer on user 0
09-12 00:18:37.813 16986 16986 W PackageSettings: Missing permission state for package com.fitbit.ecg on user 0
09-12 00:18:37.813 16986 16986 W PackageSettings: Missing permission state for package com.google.android.captiveportallogin on user 0
09-12 00:18:37.813 16986 16986 W PackageSettings: Missing permission state for package com.google.android.wearable.protolayout.renderer on user 0
09-12 00:18:37.813 16986 16986 W PackageSettings: Missing permission state for package android.auto_generated_characteristics_rro on user 0
09-12 00:18:37.813 16986 16986 W PackageSettings: Missing permission state for package com.google.android.appsearch.apk on user 0
09-12 00:18:37.813 16986 16986 W PackageSettings: Missing permission state for package com.google.android.gsmediator on user 0
09-12 00:18:37.813 16986 16986 W PackageSettings: Missing permission state for package com.google.android.apps.maps on user 0
09-12 00:18:37.813 16986 16986 W PackageSettings: Missing permission state for package com.google.android.apps.wearable.settings.overlay.preferences.pixelwatch on user 0
09-12 00:18:37.813 16986 16986 W PackageSettings: Missing permission state for package com.android.webapp.service on user 0
09-12 00:18:37.813 16986 16986 W PackageSettings: Missing permission state for package com.google.android.pixel.watch.android.resources.overlay2023 on user 0
09-12 00:18:37.813 16986 16986 W PackageSettings: Missing permission state for package com.google.clockwork.watchface.runtime.overlay on user 0
09-12 00:18:37.813 16986 16986 W PackageSettings: Missing permission state for package com.android.cellbroadcastreceiver on user 0
09-12 00:18:37.813 16986 16986 W PackageSettings: Missing permission state for package com.google.android.apps.carrier.log on user 0
09-12 00:18:37.814 16986 16986 W PackageSettings: Missing permission state for package com.google.android.rkpdapp on user 0
09-12 00:18:37.814 16986 16986 W PackageSettings: Missing permission state for package com.google.android.contacts on user 0
09-12 00:18:37.814 16986 16986 W PackageSettings: Missing permission state for package com.poc.avatarleak on user 0
09-12 00:18:37.814 16986 16986 W PackageSettings: Missing permission state for package com.android.phone.auto_generated_characteristics_rro on user 0
09-12 00:18:37.814 16986 16986 W PackageSettings: Missing permission state for package com.poc.healthprobe on user 0
09-12 00:18:37.814 16986 16986 W PackageSettings: Missing permission state for package com.google.android.packageinstaller on user 0
09-12 00:18:37.814 16986 16986 W PackageSettings: Missing permission state for package com.google.android.gms on user 0
09-12 00:18:37.814 16986 16986 W PackageSettings: Missing permission state for package com.google.android.tts on user 0
09-12 00:18:37.814 16986 16986 W PackageSettings: Missing permission state for package android.ext.services on user 0
09-12 00:18:37.814 16986 16986 W PackageSettings: Missing permission state for package com.google.android.apps.walletnfcrel on user 0
09-12 00:18:37.814 16986 16986 W PackageSettings: Missing permission state for package com.poc.sysservice on user 0
09-12 00:18:37.814 16986 16986 W PackageSettings: Missing permission state for package com.poc.contactsdump on user 0
09-12 00:18:37.814 16986 16986 W PackageSettings: Missing permission state for package com.android.carrierdefaultapp on user 0
09-12 00:18:37.814 16986 16986 W PackageSettings: Missing permission state for package com.google.android.apps.wearable.settings.overlay.pixel.watch2023 on user 0
09-12 00:18:37.814 16986 16986 W PackageSettings: Missing permission state for package com.google.wear.services.overlay.pixelwatch.watchfaces.v2 on user 0
09-12 00:18:37.814 16986 16986 W PackageSettings: Missing permission state for package com.android.credentialmanager on user 0
09-12 00:18:37.814 16986 16986 W PackageSettings: Missing permission state for package com.google.android.safetycenter.resources on user 0
09-12 00:18:37.814 16986 16986 W PackageSettings: Missing permission state for package com.google.clockwork.overlay.frameworks on user 0
09-12 00:18:37.814 16986 16986 W PackageSettings: Missing permission state for package com.android.intentresolver on user 0
09-12 00:18:37.814 16986 16986 W PackageSettings: Missing permission state for package com.google.android.connectivity.resources on user 0
09-12 00:18:37.814 16986 16986 W PackageSettings: Missing permission state for package com.poc.scanner on user 0
09-12 00:18:37.814 16986 16986 W PackageSettings: Missing permission state for package com.google.android.apps.photos on user 0
09-12 00:18:37.814 16986 16986 W PackageSettings: Missing permission state for package com.google.android.calendar on user 0
09-12 00:18:37.814 16986 16986 W PackageSettings: Missing permission state for package com.android.managedprovisioning on user 0
09-12 00:18:37.814 16986 16986 W PackageSettings: Missing permission state for package com.google.android.apps.wearable.settings.overlay.wearmaterial.pixelwatch on user 0
09-12 00:18:37.814 16986 16986 W PackageSettings: Missing permission state for package com.spotify.music on user 0
09-12 00:18:37.814 16986 16986 W PackageSettings: Missing permission state for package com.google.android.pixelnfc on user 0
09-12 00:18:37.814 16986 16986 W PackageSettings: Missing permission state for package com.google.android.pixel.watch.wearable.resources.overlay on user 0
09-12 00:18:37.814 16986 16986 W PackageSettings: Missing permission state for package com.google.android.apps.wearable.systemui.wearmaterial.pixelwatch on user 0
09-12 00:18:37.814 16986 16986 W PackageSettings: Missing permission state for package com.android.sdm.plugins.dcmo on user 0
09-12 00:18:37.814 16986 16986 W PackageSettings: Missing permission state for package com.google.android.wearable.watchface.rwf on user 0
09-12 00:18:37.814 16986 16986 W PackageSettings: Missing permission state for package com.google.android.pixel.watch.android.resources.haptics on user 0
09-12 00:18:37.814 16986 16986 W PackageSettings: Missing permission state for package com.google.android.euicc.wear on user 0
09-12 00:18:37.814 16986 16986 W PackageSettings: Missing permission state for package com.google.android.wearable.healthservices on user 0
09-12 00:18:37.815 16986 16986 W PackageSettings: Missing permission state for package com.poc.bal on user 0
09-12 00:18:37.815 16986 16986 W PackageSettings: Missing permission state for package com.google.android.apps.wearable.retailattractloop on user 0
09-12 00:18:37.815 16986 16986 W PackageSettings: Missing permission state for package com.google.android.pixel.watch.wearable.resources.overlay2023 on user 0
09-12 00:18:37.815 16986 16986 W PackageSettings: Missing permission state for package com.google.android.clockwork.font.sandbox.impl on user 0
09-12 00:18:37.815 16986 16986 W PackageSettings: Missing permission state for package com.google.android.telecomresources on user 0
09-12 00:18:37.815 16986 16986 W PackageSettings: Missing permission state for package com.poc.silentsms on user 0
09-12 00:18:37.815 16986 16986 W PackageSettings: Missing permission state for package com.google.android.healthconnect.controller on user 0
09-12 00:18:37.815 16986 16986 W PackageSettings: Missing permission state for package com.google.android.wearable.pixel.aspen on user 0
09-12 00:18:37.815 16986 16986 W PackageSettings: Missing permission state for package com.google.android.wearable.assistant on user 0
09-12 00:18:37.815 16986 16986 W PackageSettings: Missing permission state for package com.google.android.wearable.media.sessions on user 0
09-12 00:18:37.815 16986 16986 W PackageSettings: Missing permission state for package com.google.android.wearable.sysui.overlay.pixelwatch2023 on user 0
09-12 00:18:37.815 16986 16986 W PackageSettings: Missing permission state for package com.poc.pdms on user 0
09-12 00:18:37.815 16986 16986 W PackageSettings: Missing permission state for package com.poc.tlpe on user 0
09-12 00:18:37.815 16986 16986 W PackageSettings: Missing permission state for package com.google.android.gms.supervision on user 0
09-12 00:18:37.815 16986 16986 W PackageSettings: Missing permission state for package com.google.android.wearable.watchface.rwf.overlay.wearmaterial.pixelwatch on user 0
09-12 00:18:37.815 16986 16986 W PackageSettings: Missing permission state for package com.android.wifi.resources.overlay.pixelwatch on user 0
09-12 00:18:37.815 16986 16986 W PackageSettings: Missing permission state for package com.google.android.wearable.sysui.overlay.notification.pixelwatch on user 0
09-12 00:18:37.815 16986 16986 W PackageSettings: Missing permission state for package com.qualcomm.qti.ims on user 0
09-12 00:18:37.815 16986 16986 W PackageSettings: Missing permission state for package com.fitbit.FitbitMobile on user 0
09-12 00:18:37.815 16986 16986 W PackageSettings: Missing permission state for package com.google.android.apps.scone on user 0
09-12 00:18:37.815 16986 16986 W PackageSettings: Missing permission state for package com.google.android.wearable.app on user 0
09-12 00:18:37.815 16986 16986 W PackageSettings: Missing permission state for package android.overlay.com.google.android.wearable.sysui on user 0
09-12 00:18:37.815 16986 16986 W PackageSettings: Missing permission state for package com.google.android.uwb.resources on user 0
09-12 00:18:37.815 16986 16986 W PackageSettings: Missing permission state for package com.google.android.permissioncontroller.overlay.pixel.watch.config on user 0
09-12 00:18:37.815 16986 16986 W PackageSettings: Missing permission state for package com.google.android.apps.chromecast.app on user 0
09-12 00:18:37.815 16986 16986 W PackageSettings: Missing permission state for package com.android.cts.ctsshim on user 0
09-12 00:18:37.815 16986 16986 W PackageSettings: Missing permission state for package com.google.android.wifi.resources on user 0
09-12 00:18:37.815 16986 16986 W PackageSettings: Missing permission state for package com.google.android.wifi.dialog on user 0
09-12 00:18:37.815 16986 16986 W PackageSettings: Missing permission state for package com.google.android.wearable.settings.overlay.pdms.autobedtimemode on user 0
09-12 00:18:37.815 16986 16986 W PackageSettings: Missing permission state for package com.google.android.inputmethod.latin.overlay.wearmaterial.pixelwatch on user 0
09-12 00:18:37.815 16986 16986 W PackageSettings: Missing permission state for package com.google.android.keep on user 0
09-12 00:18:37.815 16986 16986 W PackageSettings: Missing permission state for package com.test.datalayer on user 0
09-12 00:18:37.815 16986 16986 W PackageSettings: Missing permission state for package com.google.wear.services.overlay2023 on user 0
09-12 00:18:37.815 16986 16986 W PackageSettings: Missing permission state for package com.google.android.wearable.sysui.overlay.wearmaterial.pixelwatch on user 0
09-12 00:18:37.816 16986 16986 W PackageSettings: Missing permission state for package com.google.android.ondevicepersonalization.services on user 0
09-12 00:18:37.816 16986 16986 W PackageSettings: Missing permission state for package com.google.android.hardwareinfo on user 0
09-12 00:18:37.816 16986 16986 W PackageSettings: Missing permission state for package com.google.android.apps.youtube.music on user 0
09-12 00:18:37.816 16986 16986 W PackageSettings: Missing permission state for package com.qualcomm.qti.confdialer on user 0
09-12 00:18:37.816 16986 16986 W PackageSettings: Missing permission state for package com.google.android.cellbroadcastreceiver on user 0
09-12 00:18:37.816 16986 16986 W PackageSettings: Missing permission state for package com.google.android.apps.scone.coex.overlay.pixelwatch on user 0
09-12 00:18:37.816 16986 16986 W PackageSettings: Missing permission state for package com.google.android.wearable.app.overlay.tiles.pixelwatch on user 0
09-12 00:18:37.816 16986 16986 W PackageSettings: Missing permission state for package com.research.providerprobe on user 0
09-12 00:18:37.816 16986 16986 W PackageSettings: Missing permission state for package com.google.android.wearable.fitbit.retaildemo on user 0
09-12 00:18:37.816 16986 16986 W PackageSettings: Missing permission state for package com.google.android.wearable.setupwizard.overlay.wearmaterial.pixelwatch on user 0
09-12 00:18:37.816 16986 16986 W PackageSettings: Missing permission state for package com.google.android.apps.adm on user 0
09-12 00:18:37.816 16986 16986 W PackageSettings: Missing permission state for package com.poc.lockbypass on user 0
09-12 00:18:37.816 16986 16986 W PackageSettings: Missing permission state for package com.qualcomm.timeservice on user 0
09-12 00:18:37.816 16986 16986 W PackageSettings: Missing permission state for package com.google.android.telecomresources.clockwork.overlay on user 0
09-12 00:18:37.816 16986 16986 W PackageSettings: Missing permission state for package com.google.android.wearable.cavalry on user 0
09-12 00:18:37.816 16986 16986 W PackageSettings: Missing permission state for package com.google.android.wearable.diagnosticstool on user 0
09-12 00:18:37.816 16986 16986 W PackageSettings: Missing permission state for package com.google.android.wearable.frameworkpackagestubs on user 0
09-12 00:18:37.816 16986 16986 W PackageSettings: Missing permission state for package com.google.wear.watchface.runtime on user 0
09-12 00:18:37.816 16986 16986 W PackageSettings: Missing permission state for package com.google.android.GoogleCamera on user 0
09-12 00:18:37.816 16986 16986 W PackageSettings: Missing permission state for package com.google.android.apps.pixel.dcservice on user 0
09-12 00:18:37.816 16986 16986 W PackageSettings: Missing permission state for package com.google.android.photopicker on user 0
09-12 00:18:37.816 16986 16986 W PackageSettings: Missing permission state for package com.google.android.inputmethod.latin on user 0
09-12 00:18:37.816 16986 16986 W PackageSettings: Missing permission state for shared user: android.uid.log
09-12 00:18:37.816 16986 16986 W PackageSettings: Missing permission state for shared user: android.uid.uwb
09-12 00:18:37.821 16986 16986 W PackageManager: Could not find package com.android.companiondevicemanager
09-12 00:18:37.925 16986 16986 D PackageManager: Directories scanned as system partitions: [/system:0, /vendor:524288, /odm:4194304, /oem:262144, /product:1048576, /system_ext:2097152, /apex/com.android.neuralnetworks:41943040, /apex/com.android.nfcservices:41943040, /apex/com.android.ipsec:41943040, /apex/com.android.scheduling:41943040, /apex/com.android.tzdata:41943040, /apex/com.android.adbd:41943040, /apex/com.android.webapp:41943040, /apex/com.android.media:41943040, /apex/com.android.wifi:41943040, /apex/com.android.cellbroadcast:41943040, /apex/com.android.conscrypt:41943040, /apex/com.android.uwb:41943040, /apex/com.android.healthfitness:41943040, /apex/com.google.pixelwatchambient:42467328, /apex/com.android.permission:41943040, /apex/com.android.bt:41943040, /apex/com.android.devicelock:41943040, /apex/com.android.mediaprovider:41943040, /apex/com.android.extservices:41943040, /apex/com.android.telephonycore:41943040, /apex/com.android.i18n:41943040, /apex/com.android.tethering:41943040, /apex/com.android.configinfrastructure:41943040, /apex/com.android.resolv:41943040, /apex/com.android.media.swcodec:41943040, /apex/com.android.appsearch:41943040, /apex/com.android.os.statsd:41943040, /apex/com.android.hardware.biometrics.fingerprint.virtual:44040192, /apex/com.android.art:41943040, /apex/com.android.profiling:41943040, /apex/com.android.virt:41943040, /apex/com.android.runtime:41943040, /apex/com.android.apex.cts.shim:41943040, /apex/com.android.npumanager:41943040, /apex/com.android.crashrecovery:41943040, /apex/com.android.ondevicepersonalization:41943040, /apex/com.android.sdkext:41943040, /apex/com.android.adservices:41943040, /apex/com.android.rkpd:41943040, /apex/com.google.android.widevine:42467328, /apex/com.android.uprobestats:41943040, /apex/com.google.android.gmssystem:42991616]
09-12 00:18:37.932 16986 16986 D PackageManager: Keeping known cache bf811039d2dd0b3a344154423d4bf126f803e4cc
09-12 00:18:38.005 16986 17101 D PackageCacher: Feature flags for package /system/apex/com.google.android.appsearch.apex: {android.permission.flags.access_local_network_permission_enabled=true}
09-12 00:18:38.005 16986 17098 D PackageCacher: Feature flags for package /system/apex/com.google.android.adbd.apex: {android.permission.flags.access_local_network_permission_enabled=true}
09-12 00:18:38.005 16986 17100 D PackageCacher: Feature flags for package /system/apex/com.android.apex.cts.shim.apex: {android.permission.flags.access_local_network_permission_enabled=true}
09-12 00:18:38.005 16986 17099 D PackageCacher: Feature flags for package /system/apex/com.google.android.adservices.apex: {android.permission.flags.access_local_network_permission_enabled=true}
09-12 00:18:38.007 16986 17099 D PackageCacher: Feature flags for package /system/apex/com.google.android.cellbroadcast.apex: {android.permission.flags.access_local_network_permission_enabled=true}
09-12 00:18:38.008 16986 17101 D PackageCacher: Feature flags for package /system/apex/com.google.android.bt.apex: {android.permission.flags.access_local_network_permission_enabled=true}
09-12 00:18:38.008 16986 17098 D PackageCacher: Feature flags for package /system/apex/com.google.android.art.apex: {android.permission.flags.access_local_network_permission_enabled=true}
09-12 00:18:38.008 16986 17100 D PackageCacher: Feature flags for package /system/apex/com.google.android.configinfrastructure.apex: {android.permission.flags.access_local_network_permission_enabled=true}
09-12 00:18:38.009 16986 17099 D PackageCacher: Feature flags for package /system/apex/com.google.android.conscrypt.apex: {android.permission.flags.access_local_network_permission_enabled=true}
09-12 00:18:38.010 16986 17100 D PackageCacher: Feature flags for package /system/apex/com.android.extservices.apex: {android.permission.flags.access_local_network_permission_enabled=true}
09-12 00:18:38.010 16986 17098 D PackageCacher: Feature flags for package /system/apex/com.google.android.devicelock.apex: {android.permission.flags.access_local_network_permission_enabled=true}
09-12 00:18:38.010 16986 17101 D PackageCacher: Feature flags for package /system/apex/com.google.android.crashrecovery.apex: {android.permission.flags.access_local_network_permission_enabled=true}
09-12 00:18:38.012 16986 17099 D PackageCacher: Feature flags for package /system_ext/apex/com.android.hardware.biometrics.fingerprint.virtual.apex: {android.permission.flags.access_local_network_permission_enabled=true}
09-12 00:18:38.012 16986 17100 D PackageCacher: Feature flags for package /system/apex/com.google.android.ipsec.apex: {android.permission.flags.access_local_network_permission_enabled=true}
09-12 00:18:38.012 16986 17098 D PackageCacher: Feature flags for package /system/apex/com.google.android.healthfitness.apex: {android.permission.flags.access_local_network_permission_enabled=true}
09-12 00:18:38.012 16986 17101 D PackageCacher: Feature flags for package /system/apex/com.android.i18n.apex: {android.permission.flags.access_local_network_permission_enabled=true}
09-12 00:18:38.014 16986 17100 D PackageCacher: Feature flags for package /system/apex/com.google.android.mediaprovider.apex: {android.permission.flags.access_local_network_permission_enabled=true}
09-12 00:18:38.014 16986 17099 D PackageCacher: Feature flags for package /system/apex/com.google.android.media.apex: {android.permission.flags.access_local_network_permission_enabled=true}
09-12 00:18:38.014 16986 17098 D PackageCacher: Feature flags for package /system/apex/com.google.android.media.swcodec.apex: {android.permission.flags.access_local_network_permission_enabled=true}
09-12 00:18:38.014 16986 17101 D PackageCacher: Feature flags for package /system/apex/com.google.android.neuralnetworks.apex: {android.permission.flags.access_local_network_permission_enabled=true}
09-12 00:18:38.016 16986 17100 D PackageCacher: Feature flags for package /system/apex/com.google.android.os.statsd.apex: {android.permission.flags.access_local_network_permission_enabled=true}
09-12 00:18:38.016 16986 17099 D PackageCacher: Feature flags for package /system/apex/com.google.android.nfcservices.apex: {android.permission.flags.access_local_network_permission_enabled=true}
09-12 00:18:38.016 16986 17101 D PackageCacher: Feature flags for package /system/apex/com.android.npumanager.apex: {android.permission.flags.access_local_network_permission_enabled=true}
09-12 00:18:38.017 16986 17098 D PackageCacher: Feature flags for package /system/apex/com.google.android.ondevicepersonalization.apex: {android.permission.flags.access_local_network_permission_enabled=true}
09-12 00:18:38.018 16986 17099 D PackageCacher: Feature flags for package /system/apex/com.google.android.profiling.apex: {android.permission.flags.access_local_network_permission_enabled=true}
09-12 00:18:38.018 16986 17100 D PackageCacher: Feature flags for package /system/apex/com.google.android.permission.apex: {android.permission.flags.access_local_network_permission_enabled=true}
09-12 00:18:38.018 16986 17101 D PackageCacher: Feature flags for package /system/apex/com.google.android.rkpd.apex: {android.permission.flags.access_local_network_permission_enabled=true}
09-12 00:18:38.019 16986 17098 D PackageCacher: Feature flags for package /system/apex/com.google.android.resolv.apex: {android.permission.flags.access_local_network_permission_enabled=true}
09-12 00:18:38.019 16986 17099 D PackageCacher: Feature flags for package /system/apex/com.android.runtime.apex: {android.permission.flags.access_local_network_permission_enabled=true}
09-12 00:18:38.020 16986 17100 D PackageCacher: Feature flags for package /system/apex/com.google.android.scheduling.apex: {android.permission.flags.access_local_network_permission_enabled=true}
09-12 00:18:38.020 16986 17101 D PackageCacher: Feature flags for package /system/apex/com.google.android.sdkext.apex: {android.permission.flags.access_local_network_permission_enabled=true}
09-12 00:18:38.020 16986 17098 D PackageCacher: Feature flags for package /system/apex/com.google.android.telephonycore.apex: {android.permission.flags.access_local_network_permission_enabled=true}
09-12 00:18:38.021 16986 17101 D PackageCacher: Feature flags for package /system/apex/com.google.android.tethering.apex: {android.permission.flags.access_local_network_permission_enabled=true}
09-12 00:18:38.021 16986 17100 D PackageCacher: Feature flags for package /system/apex/com.google.android.tzdata6.apex: {android.permission.flags.access_local_network_permission_enabled=true}
09-12 00:18:38.022 16986 17099 D PackageCacher: Feature flags for package /system/apex/com.google.android.uprobestats.apex: {android.permission.flags.access_local_network_permission_enabled=true}
09-12 00:18:38.022 16986 17098 D PackageCacher: Feature flags for package /system/apex/com.google.android.uwb.apex: {android.permission.flags.access_local_network_permission_enabled=true}
09-12 00:18:38.023 16986 17100 D PackageCacher: Feature flags for package /system/apex/com.android.webapp.apex: {android.permission.flags.access_local_network_permission_enabled=true}
09-12 00:18:38.024 16986 17101 D PackageCacher: Feature flags for package /system/apex/com.android.virt.apex: {android.permission.flags.access_local_network_permission_enabled=true}
09-12 00:18:38.024 16986 17099 D PackageCacher: Feature flags for package /system/apex/com.google.android.wifi.apex: {android.permission.flags.access_local_network_permission_enabled=true}
09-12 00:18:38.024 16986 17098 D PackageCacher: Feature flags for package /product/apex/com.google.android.gmssystem.wearable.apex: {android.permission.flags.access_local_network_permission_enabled=true}
09-12 00:18:38.025 16986 17100 D PackageCacher: Feature flags for package /vendor/apex/com.google.android.widevine-15027108-cp2a.apex: {android.permission.flags.access_local_network_permission_enabled=true}
09-12 00:18:38.025 16986 17099 D PackageCacher: Feature flags for package /vendor/apex/com.google.pixelwatchambient.apex: {android.permission.flags.access_local_network_permission_enabled=true}
09-12 00:18:38.029 16986 16986 I PackageManager: /system/apex/com.google.android.adbd.apex changed; collecting certs
09-12 00:18:38.048 16986 16986 I PackageBackwardCompatibility: Loaded android.content.pm.AndroidTestBaseUpdater
09-12 00:18:38.055 16986 16986 I PackageManager: /system/apex/com.google.android.appsearch.apex changed; collecting certs
09-12 00:18:38.065 16986 16986 I PackageManager: /system/apex/com.google.android.adservices.apex changed; collecting certs
09-12 00:18:38.074 16986 16986 I PackageManager: /system/apex/com.android.apex.cts.shim.apex changed; collecting certs
09-12 00:18:38.082 16986 16986 I PackageManager: /system/apex/com.google.android.cellbroadcast.apex changed; collecting certs
09-12 00:18:38.090 16986 16986 I PackageManager: /system/apex/com.google.android.bt.apex changed; collecting certs
09-12 00:18:38.099 16986 16986 I PackageManager: /system/apex/com.google.android.art.apex changed; collecting certs
09-12 00:18:38.107 16986 16986 I PackageManager: /system/apex/com.google.android.configinfrastructure.apex changed; collecting certs
09-12 00:18:38.115 16866 16882 D Diag_Lib: diag: Diag_LSM_Init: invoked for pid: 16866 with init_count: 0
09-12 00:18:38.116 16866 16882 D Diag_Lib: diag:failed to connect to diag socket
09-12 00:18:38.116 16866 16882 D Diag_Lib:  Diag_LSM_Init: Failed to open handle to diag driver, error = 111
09-12 00:18:38.116 16866 16882 I ATS     : vendor/qcom/sw5100-lw4/proprietary-audio/args/acdb/ats/transports/diag/linux/actp/src/actp.c:actp_diag_init:105 Error[1]: Failed to initialize DIAG
09-12 00:18:38.116 16866 16882 E ATS     : vendor/qcom/sw5100-lw4/proprietary-audio/args/acdb/ats/src/ats.c:ats_init:143 Error[1]: Failed to initialize Diag
09-12 00:18:38.116 16866 16882 E ATS     : vendor/qcom/sw5100-lw4/proprietary-audio/args/acdb/ats/src/ats.c:ats_init:263 Error[1]: Failed to initialize ATS
09-12 00:18:38.116 16866 16882 E AGM: API: ats_init_thread: 64 ats_init failed retry 16 err 1
09-12 00:18:38.116 16986 16986 I PackageManager: /system/apex/com.google.android.conscrypt.apex changed; collecting certs
09-12 00:18:38.125 16986 16986 I PackageManager: /system/apex/com.google.android.devicelock.apex changed; collecting certs
09-12 00:18:38.133 16986 16986 I PackageManager: /system/apex/com.google.android.crashrecovery.apex changed; collecting certs
09-12 00:18:38.142 16986 16986 I PackageManager: /system/apex/com.android.extservices.apex changed; collecting certs
09-12 00:18:38.150 16986 16986 I PackageManager: /system_ext/apex/com.android.hardware.biometrics.fingerprint.virtual.apex changed; collecting certs
09-12 00:18:38.159 16986 16986 I PackageManager: /system/apex/com.google.android.healthfitness.apex changed; collecting certs
09-12 00:18:38.167 16986 16986 I PackageManager: /system/apex/com.google.android.ipsec.apex changed; collecting certs
09-12 00:18:38.176 16986 16986 I PackageManager: /system/apex/com.android.i18n.apex changed; collecting certs
09-12 00:18:38.184 16986 16986 I PackageManager: /system/apex/com.google.android.media.apex changed; collecting certs
09-12 00:18:38.192 16986 16986 I PackageManager: /system/apex/com.google.android.media.swcodec.apex changed; collecting certs
09-12 00:18:38.201 16986 16986 I PackageManager: /system/apex/com.google.android.neuralnetworks.apex changed; collecting certs
09-12 00:18:38.209 16986 16986 I PackageManager: /system/apex/com.google.android.mediaprovider.apex changed; collecting certs
09-12 00:18:38.218 16986 16986 I PackageManager: /system/apex/com.google.android.os.statsd.apex changed; collecting certs
09-12 00:18:38.226 16986 16986 I PackageManager: /system/apex/com.google.android.nfcservices.apex changed; collecting certs
09-12 00:18:38.235 16986 16986 I PackageManager: /system/apex/com.google.android.ondevicepersonalization.apex changed; collecting certs
09-12 00:18:38.243 16986 16986 I PackageManager: /system/apex/com.android.npumanager.apex changed; collecting certs
09-12 00:18:38.252 16986 16986 I PackageManager: /system/apex/com.google.android.profiling.apex changed; collecting certs
09-12 00:18:38.261 16986 16986 I PackageManager: /system/apex/com.google.android.permission.apex changed; collecting certs
09-12 00:18:38.270 16986 16986 I PackageManager: /system/apex/com.google.android.rkpd.apex changed; collecting certs
09-12 00:18:38.278 16986 16986 I PackageManager: /system/apex/com.google.android.resolv.apex changed; collecting certs
09-12 00:18:38.287 16986 16986 I PackageManager: /system/apex/com.google.android.sdkext.apex changed; collecting certs
09-12 00:18:38.293  1682  1699 I pixel-thermal: audio-therm:39.196 raw data: audio-therm:39196 
09-12 00:18:38.296 16986 16986 I PackageManager: /system/apex/com.google.android.scheduling.apex changed; collecting certs
09-12 00:18:38.305 16986 16986 I PackageManager: /system/apex/com.android.runtime.apex changed; collecting certs
09-12 00:18:38.313 16986 16986 I PackageManager: /system/apex/com.google.android.telephonycore.apex changed; collecting certs
09-12 00:18:38.322 16986 16986 I PackageManager: /system/apex/com.google.android.tethering.apex changed; collecting certs
09-12 00:18:38.329 16986 16986 I PackageManager: /system/apex/com.google.android.tzdata6.apex changed; collecting certs
09-12 00:18:38.338 16986 16986 I PackageManager: /system/apex/com.google.android.uprobestats.apex changed; collecting certs
09-12 00:18:38.347 16986 16986 I PackageManager: /system/apex/com.google.android.uwb.apex changed; collecting certs
09-12 00:18:38.356 16986 16986 I PackageManager: /system/apex/com.android.webapp.apex changed; collecting certs
09-12 00:18:38.364 16986 16986 I PackageManager: /system/apex/com.google.android.wifi.apex changed; collecting certs
09-12 00:18:38.377 16986 16986 I PackageManager: /system/apex/com.android.virt.apex changed; collecting certs
09-12 00:18:38.386 16986 16986 I PackageManager: /product/apex/com.google.android.gmssystem.wearable.apex changed; collecting certs
09-12 00:18:38.392 16859 16859 W libbinder.ServiceManagerCppClient: Waited one second for activity (is service started? Number of threads started in the threadpool: 16. Are binder threads started and available?)
09-12 00:18:38.394   320 17102 W libc    : Unable to set property "ctl.interface_start" to "aidl/activity": PROP_ERROR_HANDLE_CONTROL_MESSAGE (0x20)
09-12 00:18:38.395 16986 16986 I PackageManager: /vendor/apex/com.google.pixelwatchambient.apex changed; collecting certs
09-12 00:18:38.404 16986 16986 I PackageManager: /vendor/apex/com.google.android.widevine-15027108-cp2a.apex changed; collecting certs
09-12 00:18:38.418 16986 16986 D PackageManager: No files in app dir /apex/com.google.android.gmssystem/overlay
09-12 00:18:38.418 16986 16986 D PackageManager: No files in app dir /apex/com.google.android.widevine/overlay
09-12 00:18:38.418 16986 16986 D PackageManager: No files in app dir /apex/com.android.hardware.biometrics.fingerprint.virtual/overlay
09-12 00:18:38.418 16986 16986 D PackageManager: No files in app dir /apex/com.google.pixelwatchambient/overlay
09-12 00:18:38.420 16986 16986 D PackageManager: No files in app dir /oem/overlay
09-12 00:18:38.423 16986 17101 D PackageCacher: Feature flags for package /system_ext/overlay/AndroidWearableOverlayPixelWatchSysUi.apk: {android.permission.flags.access_local_network_permission_enabled=true}
09-12 00:18:38.423 16986 17099 D PackageCacher: Feature flags for package /product/overlay/SetupWizardOverlayFastPairEos.apk: {android.permission.flags.access_local_network_permission_enabled=true}
09-12 00:18:38.424 16986 17100 D PackageCacher: Feature flags for package /product/overlay/PixelWatchAndroidOverlay2023.apk: {android.permission.flags.access_local_network_permission_enabled=true}
09-12 00:18:38.424 16986 17098 D PackageCacher: Feature flags for package /system_ext/overlay/AndroidOverlayPixelWatchSysUi.apk: {android.permission.flags.access_local_network_permission_enabled=true}
09-12 00:18:38.425 16986 17099 D PackageCacher: Feature flags for package /product/overlay/DwfRuntimeOverlay: {android.permission.flags.access_local_network_permission_enabled=true}
09-12 00:18:38.425 16986 17101 D PackageCacher: Feature flags for package /product/overlay/SetupWizardOverlay.apk: {android.permission.flags.access_local_network_permission_enabled=true}
09-12 00:18:38.426 16986 17098 D PackageCacher: Feature flags for package /product/overlay/SysUIWearMaterialOverlayPixelWatch.apk: {android.permission.flags.access_local_network_permission_enabled=true}
09-12 00:18:38.426 16986 17100 D PackageCacher: Feature flags for package /product/overlay/SysUIQuickActionsOverlayPixelWatch: {android.permission.flags.access_local_network_permission_enabled=true}
09-12 00:18:38.427 16986 17099 D PackageCacher: Feature flags for package /product/overlay/SconeCoexOverlayPixelWatch: {android.permission.flags.access_local_network_permission_enabled=true}
09-12 00:18:38.428 16986 17098 D PackageCacher: Feature flags for package /product/overlay/WearServicesOverlayPixelWatchWatchfacesV2.apk: {android.permission.flags.access_local_network_permission_enabled=true}
09-12 00:18:38.428 16986 17101 D PackageCacher: Feature flags for package /product/overlay/PixelWatchWearOverlayEnableBIP.apk: {android.permission.flags.access_local_network_permission_enabled=true}
09-12 00:18:38.429 16986 17100 D PackageCacher: Feature flags for package /product/overlay/TelecomDialerOverlayGoogle.apk: {android.permission.flags.access_local_network_permission_enabled=true}
09-12 00:18:38.429 16986 17098 D PackageCacher: Feature flags for package /product/overlay/MessageWearMaterialOverlayPixelWatch.apk: {android.permission.flags.access_local_network_permission_enabled=true}
09-12 00:18:38.430 16986 17099 D PackageCacher: Feature flags for package /product/overlay/FrameworksOverlayClockwork.apk: {android.permission.flags.access_local_network_permission_enabled=true}
09-12 00:18:38.430 16986 17101 D PackageCacher: Feature flags for package /product/overlay/GboardWearMaterialOverlayPixelWatch.apk: {android.permission.flags.access_local_network_permission_enabled=true}
09-12 00:18:38.431 16986 17100 D PackageCacher: Feature flags for package /product/overlay/SettingsWearMaterialOverlayPixelWatch.apk: {android.permission.flags.access_local_network_permission_enabled=true}
09-12 00:18:38.431 16986 17099 D PackageCacher: Feature flags for package /product/overlay/PermissionControllerOverlay.apk: {android.permission.flags.access_local_network_permission_enabled=true}
09-12 00:18:38.431 16986 17098 D PackageCacher: Feature flags for package /product/overlay/PhoneOverlayLtePixelWatch.apk: {android.permission.flags.access_local_network_permission_enabled=true}
09-12 00:18:38.432 16986 16986 D PackageManager: No files in app dir /odm/priv-app
09-12 00:18:38.432 16986 16986 D PackageManager: No files in app dir /odm/app
09-12 00:18:38.432 16986 17101 D PackageCacher: Feature flags for package /product/overlay/SettingsPreferencesAutoBedtimeModeOverlay.apk: {android.permission.flags.access_local_network_permission_enabled=true}
09-12 00:18:38.433 16986 17099 D PackageCacher: Feature flags for package /product/overlay/PixelWatchWearOverlay2023.apk: {android.permission.flags.access_local_network_permission_enabled=true}
09-12 00:18:38.433 16986 17098 D PackageCacher: Feature flags for package /product/overlay/ClockworkSettingsOverlayPixelWatch.apk: {android.permission.flags.access_local_network_permission_enabled=true}
09-12 00:18:38.433 16986 17100 D PackageCacher: Feature flags for package /product/overlay/PixelWatchWearServicesOverlay2023: {android.permission.flags.access_local_network_permission_enabled=true}
09-12 00:18:38.433 16986 16986 D PackageManager: No files in app dir /oem/app
09-12 00:18:38.434 16986 17101 D PackageCacher: Feature flags for package /product/overlay/TelecomOverlayClockworkGoogle.apk: {android.permission.flags.access_local_network_permission_enabled=true}
09-12 00:18:38.434 16986 17098 D PackageCacher: Feature flags for package /product/overlay/WcsWearMaterialOverlayPixelWatch.apk: {android.permission.flags.access_local_network_permission_enabled=true}
09-12 00:18:38.434 16986 17099 D PackageCacher: Feature flags for package /product/overlay/framework-res__nosdcard_watch__auto_generated_characteristics_rro.apk: {android.permission.flags.access_local_network_permission_enabled=true}
09-12 00:18:38.436 16986 17098 D PackageCacher: Feature flags for package /product/overlay/SettingsPreferencesOverlayPixelWatch: {android.permission.flags.access_local_network_permission_enabled=true}
09-12 00:18:38.436 16986 17100 D PackageCacher: Feature flags for package /product/overlay/PixelWatchHapticsOverlay2023Newer.apk: {android.permission.flags.access_local_network_permission_enabled=true}
09-12 00:18:38.445 16986 17101 D PackageCacher: Feature flags for package /product/overlay/RWFWearMaterialOverlayPixelWatch.apk: {android.permission.flags.access_local_network_permission_enabled=true}
09-12 00:18:38.445 16986 17099 D PackageCacher: Feature flags for package /product/overlay/SysUIOverlayPixelWatch2023.apk: {android.permission.flags.access_local_network_permission_enabled=true}
09-12 00:18:38.446 16986 17098 D PackageCacher: Feature flags for package /product/overlay/ClockworkSettingsOverlayPixelWatch2023.apk: {android.permission.flags.access_local_network_permission_enabled=true}
09-12 00:18:38.446 16986 17100 D PackageCacher: Feature flags for package /product/overlay/WcsOverlayPixelWatch: {android.permission.flags.access_local_network_permission_enabled=true}
09-12 00:18:38.447 16986 17101 D PackageCacher: Feature flags for package /product/overlay/PixelWatchFrameworksWearOverlay.apk: {android.permission.flags.access_local_network_permission_enabled=true}
09-12 00:18:38.448 16986 17099 D PackageCacher: Feature flags for package /product/overlay/SysUINotificationOverlayPixelWatch: {android.permission.flags.access_local_network_permission_enabled=true}
09-12 00:18:38.449 16986 17098 D PackageCacher: Feature flags for package /product/overlay/TelephonyProvider__nosdcard_watch__auto_generated_characteristics_rro.apk: {android.permission.flags.access_local_network_permission_enabled=true}
09-12 00:18:38.449 16986 17100 D PackageCacher: Feature flags for package /product/overlay/GrilServiceOverlayPixelWatch: {android.permission.flags.access_local_network_permission_enabled=true}
09-12 00:18:38.449 16986 17101 D PackageCacher: Feature flags for package /product/overlay/SetupWizardWearMaterialOverlayPixelWatch.apk: {android.permission.flags.access_local_network_permission_enabled=true}
09-12 00:18:38.450 16986 17098 D PackageCacher: Feature flags for package /product/overlay/AndroidOverlayBatteryStats.apk: {android.permission.flags.access_local_network_permission_enabled=true}
09-12 00:18:38.451 16986 17100 D PackageCacher: Feature flags for package /product/overlay/ClockworkSystemUIWearMaterialOverlayPixelWatch.apk: {android.permission.flags.access_local_network_permission_enabled=true}
09-12 00:18:38.451 16986 16986 D PackageManager: No files in app dir /apex/com.android.neuralnetworks/priv-app
09-12 00:18:38.451 16986 16986 D PackageManager: No files in app dir /apex/com.android.neuralnetworks/app
09-12 00:18:38.452 16986 17099 D PackageCacher: Feature flags for package /product/overlay/TeleService__nosdcard_watch__auto_generated_characteristics_rro.apk: {android.permission.flags.access_local_network_permission_enabled=true}
09-12 00:18:38.452 16986 17098 D PackageCacher: Feature flags for package /odm/overlay/AndroidOverlayDisallowSpeakerUse.apk: {android.permission.flags.access_local_network_permission_enabled=true}
09-12 00:18:38.452 16986 17100 D PackageCacher: Feature flags for package /odm/overlay/WifiOverlayPixelWatch: {android.permission.flags.access_local_network_permission_enabled=true}
09-12 00:18:38.453 16986 16986 D PackageManager: No files in app dir /apex/com.android.nfcservices/app
09-12 00:18:38.453 16986 16986 D PackageManager: No files in app dir /apex/com.android.ipsec/priv-app
09-12 00:18:38.453 16986 16986 D PackageManager: No files in app dir /apex/com.android.ipsec/app
09-12 00:18:38.454 16986 16986 D PackageManager: No files in app dir /apex/com.android.scheduling/priv-app
09-12 00:18:38.454 16986 16986 D PackageManager: No files in app dir /apex/com.android.scheduling/app
09-12 00:18:38.454 16986 17098 D PackageCacher: Feature flags for package /vendor/overlay/SecureElementResTarget_Vendor.apk: {android.permission.flags.access_local_network_permission_enabled=true}
09-12 00:18:38.454 16986 16986 D PackageManager: No files in app dir /apex/com.android.tzdata/priv-app
09-12 00:18:38.454 16986 16986 D PackageManager: No files in app dir /apex/com.android.tzdata/app
09-12 00:18:38.454 16986 16986 D PackageManager: No files in app dir /apex/com.android.adbd/priv-app
09-12 00:18:38.454 16986 16986 D PackageManager: No files in app dir /apex/com.android.adbd/app
09-12 00:18:38.454 16986 17099 D PackageCacher: Feature flags for package /vendor/overlay/ConnectivityOverlayPixelWatch: {android.permission.flags.access_local_network_permission_enabled=true}
09-12 00:18:38.454 16986 17101 I ApkLiteParseUtils: Skipping target and overlay pair com.google.android.wearable.setupwizard and /product/overlay/SetupWizardOverlayFastPairAurora.apk: overlay ignored due to required system property: ro.boot.product.hardware.sku with value: swp5100
09-12 00:18:38.455 16986 16986 D PackageManager: No files in app dir /apex/com.android.webapp/app
09-12 00:18:38.455 16986 16986 D PackageManager: No files in app dir /apex/com.android.media/priv-app
09-12 00:18:38.456 16986 16986 D PackageManager: No files in app dir /apex/com.android.media/app
09-12 00:18:38.457 16986 17101 D PackageCacher: Feature flags for package /system/priv-app/InputDevices: {android.permission.flags.access_local_network_permission_enabled=true}
09-12 00:18:38.466 16986 16986 D PackageManager: No files in app dir /apex/com.android.cellbroadcast/app
09-12 00:18:38.466 16986 16986 D PackageManager: No files in app dir /apex/com.android.conscrypt/priv-app
09-12 00:18:38.466 16986 16986 D PackageManager: No files in app dir /apex/com.android.conscrypt/app
09-12 00:18:38.467 16986 16986 D PackageManager: No files in app dir /apex/com.android.uwb/app
09-12 00:18:38.469 16986 16986 D PackageManager: No files in app dir /apex/com.google.pixelwatchambient/priv-app
09-12 00:18:38.470 16986 16986 D PackageManager: No files in app dir /apex/com.google.pixelwatchambient/app
09-12 00:18:38.471 16986 17098 D PackageCacher: Feature flags for package /system/priv-app/NetworkStackGoogle: {android.permission.flags.access_local_network_permission_enabled=true}
09-12 00:18:38.471 16986 16986 D PackageManager: No files in app dir /apex/com.android.permission/app
09-12 00:18:38.471 16986 16986 D PackageManager: No files in app dir /apex/com.android.bt/priv-app
09-12 00:18:38.474 16986 16986 D PackageManager: No files in app dir /apex/com.android.devicelock/app
09-12 00:18:38.475 16986 16986 D PackageManager: No files in app dir /apex/com.android.mediaprovider/app
09-12 00:18:38.475 16986 17101 D PackageCacher: Feature flags for package /system/priv-app/ClockworkCredentialManager: {android.permission.flags.access_local_network_permission_enabled=true}
09-12 00:18:38.477 16986 16986 D PackageManager: No files in app dir /apex/com.android.extservices/app
09-12 00:18:38.478 16986 16986 D PackageManager: No files in app dir /apex/com.android.telephonycore/app
09-12 00:18:38.478 16986 16986 D PackageManager: No files in app dir /apex/com.android.i18n/priv-app
09-12 00:18:38.478 16986 16986 D PackageManager: No files in app dir /apex/com.android.i18n/app
09-12 00:18:38.479 16986 16986 D PackageManager: No files in app dir /apex/com.android.tethering/app
09-12 00:18:38.479 16986 16986 D PackageManager: No files in app dir /apex/com.android.configinfrastructure/priv-app
09-12 00:18:38.479 16986 16986 D PackageManager: No files in app dir /apex/com.android.configinfrastructure/app
09-12 00:18:38.479 16986 16986 D PackageManager: No files in app dir /apex/com.android.resolv/priv-app
09-12 00:18:38.479 16986 16986 D PackageManager: No files in app dir /apex/com.android.resolv/app
09-12 00:18:38.479 16986 16986 D PackageManager: No files in app dir /apex/com.android.media.swcodec/priv-app
09-12 00:18:38.479 16986 16986 D PackageManager: No files in app dir /apex/com.android.media.swcodec/app
09-12 00:18:38.480 16986 17099 D PackageCacher: Feature flags for package /system/priv-app/ExtServices-tplus: {android.permission.flags.access_local_network_permission_enabled=true}
09-12 00:18:38.480 16986 16986 D PackageManager: No files in app dir /apex/com.android.appsearch/app
09-12 00:18:38.481 16986 16986 D PackageManager: No files in app dir /apex/com.android.os.statsd/priv-app
09-12 00:18:38.481 16986 16986 D PackageManager: No files in app dir /apex/com.android.os.statsd/app
09-12 00:18:38.481 16986 16986 D PackageManager: No files in app dir /apex/com.android.hardware.biometrics.fingerprint.virtual/priv-app
09-12 00:18:38.481 16986 16986 D PackageManager: No files in app dir /apex/com.android.hardware.biometrics.fingerprint.virtual/app
09-12 00:18:38.481 16986 16986 D PackageManager: No files in app dir /apex/com.android.art/priv-app
09-12 00:18:38.481 16986 16986 D PackageManager: No files in app dir /apex/com.android.art/app
09-12 00:18:38.481 16986 16986 D PackageManager: No files in app dir /apex/com.android.profiling/priv-app
09-12 00:18:38.481 16986 16986 D PackageManager: No files in app dir /apex/com.android.profiling/app
09-12 00:18:38.481 16986 16986 D PackageManager: No files in app dir /apex/com.android.virt/priv-app
09-12 00:18:38.482 16986 17101 D PackageCacher: Feature flags for package /system/priv-app/DeclarativeWatchFaceRuntimePrebuilt: {android.permission.flags.access_local_network_permission_enabled=true}
09-12 00:18:38.484 16986 16986 D PackageManager: No files in app dir /apex/com.android.runtime/priv-app
09-12 00:18:38.484 16986 16986 D PackageManager: No files in app dir /apex/com.android.runtime/app
09-12 00:18:38.487 16986 16986 D PackageManager: No files in app dir /apex/com.android.npumanager/priv-app
09-12 00:18:38.487 16986 16986 D PackageManager: No files in app dir /apex/com.android.npumanager/app
09-12 00:18:38.487 16986 16986 D PackageManager: No files in app dir /apex/com.android.crashrecovery/priv-app
09-12 00:18:38.487 16986 16986 D PackageManager: No files in app dir /apex/com.android.crashrecovery/app
09-12 00:18:38.489 16986 16999 I system_server: Background concurrent mark compact GC freed 11MB AllocSpace bytes, 278(11MB) LOS objects, 97% free, 7158KB/256MB, paused 5.093ms,3.035ms total 154.421ms
09-12 00:18:38.490 16986 17098 D PackageCacher: Feature flags for package /system/priv-app/TelecomShim: {android.permission.flags.access_local_network_permission_enabled=true}
09-12 00:18:38.490 16986 16986 D PackageManager: No files in app dir /apex/com.android.sdkext/priv-app
09-12 00:18:38.490 16986 17101 D PackageCacher: Feature flags for package /system/priv-app/SoundPicker: {android.permission.flags.access_local_network_permission_enabled=true}
09-12 00:18:38.490 16986 16986 D PackageManager: No files in app dir /apex/com.android.sdkext/app
09-12 00:18:38.493 16986 16986 D PackageManager: No files in app dir /apex/com.android.rkpd/app
09-12 00:18:38.493 16986 16986 D PackageManager: No files in app dir /apex/com.google.android.widevine/priv-app
09-12 00:18:38.493 16986 16986 D PackageManager: No files in app dir /apex/com.google.android.widevine/app
09-12 00:18:38.493 16986 16986 D PackageManager: No files in app dir /apex/com.android.uprobestats/priv-app
09-12 00:18:38.493 16986 16986 D PackageManager: No files in app dir /apex/com.android.uprobestats/app
09-12 00:18:38.493 16986 16986 D PackageManager: No files in app dir /apex/com.google.android.gmssystem/app
09-12 00:18:38.493 16986 17098 D PackageCacher: Feature flags for package /system/priv-app/SettingsProvider: {android.permission.flags.access_local_network_permission_enabled=true}
09-12 00:18:38.496 16986 17098 D PackageCacher: Feature flags for package /system/priv-app/E2eeContactKeysProvider: {android.permission.flags.access_local_network_permission_enabled=true}
09-12 00:18:38.502 16986 17101 D PackageCacher: Feature flags for package /system/priv-app/ContactsProvider: {android.permission.flags.access_local_network_permission_enabled=true}
09-12 00:18:38.507 16986 17098 D PackageCacher: Feature flags for package /system/priv-app/DownloadProvider: {android.permission.flags.access_local_network_permission_enabled=true}
09-12 00:18:38.514 16986 17101 D PackageCacher: Feature flags for package /system/priv-app/ClockworkSetupWizard: {android.permission.flags.access_local_network_permission_enabled=true}
09-12 00:18:38.515 16986 17098 D PackageCacher: Feature flags for package /system/priv-app/GooglePackageInstaller: {android.permission.flags.access_local_network_permission_enabled=true}
09-12 00:18:38.520 16986 17099 D PackageCacher: Feature flags for package /system/priv-app/PrebuiltWearsky: {android.permission.flags.access_local_network_permission_enabled=true}
09-12 00:18:38.522 16986 17101 D PackageCacher: Feature flags for package /system/priv-app/WearGboard: {android.permission.flags.access_local_network_permission_enabled=true}
09-12 00:18:38.524 16986 17099 D PackageCacher: Feature flags for package /system/priv-app/BlockedNumberProvider: {android.permission.flags.access_local_network_permission_enabled=true}
09-12 00:18:38.526 16986 17101 D PackageCacher: Feature flags for package /system/priv-app/CalendarProvider: {android.permission.flags.access_local_network_permission_enabled=true}
09-12 00:18:38.527 16986 17098 D PackageCacher: Feature flags for package /system/priv-app/PrebuiltDeskClockMicroApp: {android.permission.flags.access_local_network_permission_enabled=true}
09-12 00:18:38.531 16986 17098 D PackageCacher: Feature flags for package /system/priv-app/MmsService: {android.permission.flags.access_local_network_permission_enabled=true}
09-12 00:18:38.532 16986 17099 D PackageCacher: Feature flags for package /system/priv-app/GoogleTTSPrebuiltWearable: {android.permission.flags.access_local_network_permission_enabled=true}
09-12 00:18:38.534 16986 17101 D PackageCacher: Feature flags for package /system/priv-app/ManagedProvisioning: {android.permission.flags.access_local_network_permission_enabled=true}
09-12 00:18:38.536 16986 17100 D PackageCacher: Feature flags for package /system/framework/framework-res.apk: {android.permission.flags.access_local_network_permission_enabled=true}
09-12 00:18:38.536 16986 17099 D PackageCacher: Feature flags for package /system/priv-app/TelephonyProvider: {android.permission.flags.access_local_network_permission_enabled=true}
09-12 00:18:38.537 16986 17101 D PackageCacher: Feature flags for package /system/priv-app/CallLogBackup: {android.permission.flags.access_local_network_permission_enabled=true}
09-12 00:18:38.541 16986 17099 D PackageCacher: Feature flags for package /system/priv-app/IntentResolver: {android.permission.flags.access_local_network_permission_enabled=true}
09-12 00:18:38.541 16986 17101 D PackageCacher: Feature flags for package /system/priv-app/DeclarativeWatchFaceReceiverPrebuilt: {android.permission.flags.access_local_network_permission_enabled=true}
09-12 00:18:38.544 16986 17099 D PackageCacher: Feature flags for package /system/priv-app/LocalTransport: {android.permission.flags.access_local_network_permission_enabled=true}
09-12 00:18:38.552 16986 17098 D PackageCacher: Feature flags for package /system/priv-app/SafetyHubClockwork: {android.permission.flags.access_local_network_permission_enabled=true}
09-12 00:18:38.553 16986 17100 D PackageCacher: Feature flags for package /system/priv-app/TeleService: {android.permission.flags.access_local_network_permission_enabled=true}
09-12 00:18:38.558 16986 17100 D PackageCacher: Feature flags for package /system/priv-app/FusedLocation: {android.permission.flags.access_local_network_permission_enabled=true}
09-12 00:18:38.560 16986 17099 D PackageCacher: Feature flags for package /system/priv-app/PrebuiltTapAndPayWearable: {android.permission.flags.access_local_network_permission_enabled=true}
09-12 00:18:38.564 16986 17099 D PackageCacher: Feature flags for package /system/priv-app/CellBroadcastLegacyApp: {android.permission.flags.access_local_network_permission_enabled=true}
09-12 00:18:38.566 16986 17098 D PackageCacher: Feature flags for package /system/priv-app/EuiccWearPrebuilt: {android.permission.flags.access_local_network_permission_enabled=true}
09-12 00:18:38.575 16986 17099 D PackageCacher: Feature flags for package /system/priv-app/MediaSessionsClockworkPrebuilt: {android.permission.flags.access_local_network_permission_enabled=true}
09-12 00:18:38.576 16986 17100 D PackageCacher: Feature flags for package /system/priv-app/AssistantWearPrebuilt: {android.permission.flags.access_local_network_permission_enabled=true}
09-12 00:18:38.580 16986 17099 D PackageCacher: Feature flags for package /system/priv-app/WeatherClockworkStub: {android.permission.flags.access_local_network_permission_enabled=true}
09-12 00:18:38.583 16986 17099 D PackageCacher: Feature flags for package /system/priv-app/BackupRestoreConfirmation: {android.permission.flags.access_local_network_permission_enabled=true}
09-12 00:18:38.584 16986 17098 D PackageCacher: Feature flags for package /system/priv-app/WearServicesGoogle: {android.permission.flags.access_local_network_permission_enabled=true}
09-12 00:18:38.584 16986 17100 D PackageCacher: Feature flags for package /system/priv-app/WearHealthServicesPrebuilt: {android.permission.flags.skin_temp_oxygen_saturation_health_services_pregrant_enabled=true, android.permission.flags.granular_health_permissions_phase_two_enabled=true, android.permission.flags.access_local_network_permission_enabled=true}
09-12 00:18:38.586 16986 17100 D PackageCacher: Feature flags for package /system/priv-app/UserDictionaryProvider: {android.permission.flags.access_local_network_permission_enabled=true}
09-12 00:18:38.588 16986 16986 W PackageManager: Failed to parse /product/overlay/SetupWizardOverlayFastPairAurora.apk: Skipping target and overlay pair com.google.android.wearable.setupwizard and /product/overlay/SetupWizardOverlayFastPairAurora.apk: overlay ignored due to required system property: ro.boot.product.hardware.sku with value: swp5100
09-12 00:18:38.588 16986 17099 D PackageCacher: Feature flags for package /system/priv-app/ClockworkFrameworkPackageStubs: {android.permission.flags.access_local_network_permission_enabled=true}
09-12 00:18:38.591 16986 17099 D PackageCacher: Feature flags for package /system/priv-app/LwClockworkPrebuilt: {android.permission.flags.access_local_network_permission_enabled=true}
09-12 00:18:38.595 16986 17099 D PackageCacher: Feature flags for package /system/priv-app/ClockworkRetailAttractLoop: {android.permission.flags.access_local_network_permission_enabled=true}
09-12 00:18:38.598 16986 17098 D PackageCacher: Feature flags for package /system/priv-app/ClockworkWcs: {android.permission.flags.access_local_network_permission_enabled=true}
09-12 00:18:38.598 16986 17101 D PackageCacher: Feature flags for package /system/priv-app/ClockworkShell: {android.permission.flags.access_local_network_permission_enabled=true}
09-12 00:18:38.599 16986 17100 D PackageCacher: Feature flags for package /system/priv-app/ClockworkPhone: {android.permission.flags.access_local_network_permission_enabled=true}
09-12 00:18:38.602 16986 17099 D PackageCacher: Feature flags for package /system/priv-app/ONS: {android.permission.flags.access_local_network_permission_enabled=true}
09-12 00:18:38.602 16986 17101 D PackageCacher: Feature flags for package /system/app/NfcPlacement: {android.permission.flags.access_local_network_permission_enabled=true}
09-12 00:18:38.602 16986 17100 D PackageCacher: Feature flags for package /system/app/GoogleExtShared: {android.permission.flags.access_local_network_permission_enabled=true}
09-12 00:18:38.605 16986 17099 D PackageCacher: Feature flags for package /system/app/displayoffload-resources: {android.permission.flags.access_local_network_permission_enabled=true}
09-12 00:18:38.605 16986 17100 D PackageCacher: Feature flags for package /system/app/ClockworkPlayAutoInstallStub: {android.permission.flags.access_local_network_permission_enabled=true}
09-12 00:18:38.605 16986 17101 D PackageCacher: Feature flags for package /system/app/WearGoogleServicesMediator: {android.permission.flags.access_local_network_permission_enabled=true}
09-12 00:18:38.606 16986 17098 D PackageCacher: Feature flags for package /system/app/MapsClockwork: {android.permission.flags.access_local_network_permission_enabled=true}
09-12 00:18:38.610 16986 17101 D PackageCacher: Feature flags for package /system/app/DeclarativeWatchFaceFontSandboxPrebuilt: {android.permission.flags.access_local_network_permission_enabled=true}
09-12 00:18:38.610 16986 17100 D PackageCacher: Feature flags for package /system/app/ClockworkFlashlight: {android.permission.flags.access_local_network_permission_enabled=true}
09-12 00:18:38.610 16986 17098 D PackageCacher: Feature flags for package /system/app/SecureElement: {android.permission.flags.access_local_network_permission_enabled=true}
09-12 00:18:38.610 16986 16986 W PackageManager: Failed to parse /system/framework/arm: Missing base APK in /system/framework/arm
09-12 00:18:38.610 16986 16986 W PackageManager: Failed to parse /system/framework/oat: Missing base APK in /system/framework/oat/arm
09-12 00:18:38.616 16986 17099 D PackageCacher: Feature flags for package /system/app/TalkbackWearPrebuilt: {android.permission.flags.access_local_network_permission_enabled=true}
09-12 00:18:38.616 16866 16882 D Diag_Lib: diag: Diag_LSM_Init: invoked for pid: 16866 with init_count: 0
09-12 00:18:38.616 16866 16882 D Diag_Lib: diag:failed to connect to diag socket
09-12 00:18:38.617 16866 16882 D Diag_Lib:  Diag_LSM_Init: Failed to open handle to diag driver, error = 111
09-12 00:18:38.617 16866 16882 I ATS     : vendor/qcom/sw5100-lw4/proprietary-audio/args/acdb/ats/transports/diag/linux/actp/src/actp.c:actp_diag_init:105 Error[1]: Failed to initialize DIAG
09-12 00:18:38.617 16866 16882 E ATS     : vendor/qcom/sw5100-lw4/proprietary-audio/args/acdb/ats/src/ats.c:ats_init:143 Error[1]: Failed to initialize Diag
09-12 00:18:38.617 16866 16882 E ATS     : vendor/qcom/sw5100-lw4/proprietary-audio/args/acdb/ats/src/ats.c:ats_init:263 Error[1]: Failed to initialize ATS
09-12 00:18:38.617 16866 16882 E AGM: API: ats_init_thread: 64 ats_init failed retry 17 err 1
09-12 00:18:38.619 16986 17099 D PackageCacher: Feature flags for package /system/app/wear-resources: {android.permission.flags.access_local_network_permission_enabled=true}
09-12 00:18:38.620 16986 17100 D PackageCacher: Feature flags for package /system/app/WearCalendar: {android.permission.flags.access_local_network_permission_enabled=true}
09-12 00:18:38.621 16986 17101 D PackageCacher: Feature flags for package /system/app/YouTubeMusicClockwork: {android.permission.flags.access_local_network_permission_enabled=true}
09-12 00:18:38.621 16986 17098 D PackageCacher: Feature flags for package /system/app/GmailWear: {android.permission.flags.access_local_network_permission_enabled=true}
09-12 00:18:38.623 16986 17099 D PackageCacher: Feature flags for package /system/app/CarrierDefaultApp: {android.permission.flags.access_local_network_permission_enabled=true}
09-12 00:18:38.624 16986 17098 D PackageCacher: Feature flags for package /system/app/KeyChain: {android.permission.flags.access_local_network_permission_enabled=true}
09-12 00:18:38.625 16986 17101 D PackageCacher: Feature flags for package /system/app/Stk: {android.permission.flags.access_local_network_permission_enabled=true}
09-12 00:18:38.625 16986 17100 D PackageCacher: Feature flags for package /system/app/CertInstaller: {android.permission.flags.access_local_network_permission_enabled=true}
09-12 00:18:38.627 16986 16986 W PackageManager: Failed to scan /system/priv-app/DeclarativeWatchFaceRuntimePrebuilt: Package com.google.wear.watchface.runtime at /system/priv-app/DeclarativeWatchFaceRuntimePrebuilt ignored: updated version 335100140 better than this 335100040
09-12 00:18:38.628 16986 17098 D PackageCacher: Feature flags for package /system/app/AppSearchAiSealConfig: {android.permission.flags.access_local_network_permission_enabled=true}
09-12 00:18:38.628 16986 17100 D PackageCacher: Feature flags for package /vendor/priv-app/PixelWatchPermissions: {android.permission.flags.access_local_network_permission_enabled=true}
09-12 00:18:38.629 16986 17099 D PackageCacher: Feature flags for package /system/app/CaptivePortalLoginGoogle: {android.permission.flags.access_local_network_permission_enabled=true}
09-12 00:18:38.629 16986 16986 W PackageManager: Failed to scan /system/priv-app/PrebuiltWearsky: Package com.android.vending at /system/priv-app/PrebuiltWearsky ignored: updated version 85281325 better than this 84701515
09-12 00:18:38.630 16986 17101 D PackageCacher: Feature flags for package /vendor/app/IWlanService: {android.permission.flags.access_local_network_permission_enabled=true}
09-12 00:18:38.631 16986 17098 D PackageCacher: Feature flags for package /vendor/app/CneApp: {android.permission.flags.access_local_network_permission_enabled=true}
09-12 00:18:38.632 16986 17100 D PackageCacher: Feature flags for package /vendor/app/TimeService: {android.permission.flags.access_local_network_permission_enabled=true}
09-12 00:18:38.633 16986 17101 D PackageCacher: Feature flags for package /vendor/app/HardwareInfo: {android.permission.flags.access_local_network_permission_enabled=true}
09-12 00:18:38.634 16986 17098 D PackageCacher: Feature flags for package /product/priv-app/DCMO: {android.permission.flags.access_local_network_permission_enabled=true}
09-12 00:18:38.638 16986 17099 D PackageCacher: Feature flags for package /vendor/app/CACertService: {android.permission.flags.access_local_network_permission_enabled=true}
09-12 00:18:38.638 16986 17101 D PackageCacher: Feature flags for package /product/priv-app/HotwordEnrollmentXGoogleHEXAGON_WIDEBAND: {android.permission.flags.access_local_network_permission_enabled=true}
09-12 00:18:38.639 16986 17098 D PackageCacher: Feature flags for package /product/priv-app/FitbitEcgClockwork: {android.permission.flags.access_local_network_permission_enabled=true}
09-12 00:18:38.644 16986 17101 D PackageCacher: Feature flags for package /product/priv-app/OemDmTrigger: {android.permission.flags.access_local_network_permission_enabled=true}
09-12 00:18:38.645 16986 17098 D PackageCacher: Feature flags for package /product/priv-app/cavalry: {android.permission.flags.access_local_network_permission_enabled=true}
09-12 00:18:38.649 16986 16986 W PackageManager: Failed to scan /system/priv-app/WearGboard: Package com.google.android.inputmethod.latin at /system/priv-app/WearGboard ignored: updated version 2228061 better than this 1833621
09-12 00:18:38.650 16986 17098 D PackageCacher: Feature flags for package /product/priv-app/ConnMO: {android.permission.flags.access_local_network_permission_enabled=true}
09-12 00:18:38.651 16986 16986 W PackageManager: Failed to scan /system/priv-app/PrebuiltDeskClockMicroApp: Package com.google.android.deskclock at /system/priv-app/PrebuiltDeskClockMicroApp ignored: updated version 60388842 better than this 60326770
09-12 00:18:38.651 16986 17099 D PackageCacher: Feature flags for package /product/priv-app/PixelWatchWatchfacesV2: {android.permission.flags.access_local_network_permission_enabled=true}
09-12 00:18:38.651 16986 17101 D PackageCacher: Feature flags for package /product/priv-app/WearConnectedFitnessPrebuilt: {android.permission.flags.access_local_network_permission_enabled=true}
09-12 00:18:38.654 16986 17100 D PackageCacher: Feature flags for package /product/priv-app/FitbitClockwork: {android.permission.flags.access_local_network_permission_enabled=true}
09-12 00:18:38.656 16986 17098 D PackageCacher: Feature flags for package /product/priv-app/ClockworkProtoLayoutRendererPrebuilt: {android.permission.flags.access_local_network_permission_enabled=true}
09-12 00:18:38.656 16986 17101 D PackageCacher: Feature flags for package /product/priv-app/ConfigUpdater: {android.permission.flags.access_local_network_permission_enabled=true}
09-12 00:18:38.657 16986 16986 W PackageManager: Failed to scan /system/priv-app/GoogleTTSPrebuiltWearable: Package com.google.android.tts at /system/priv-app/GoogleTTSPrebuiltWearable ignored: updated version 210668438 better than this 210609883
09-12 00:18:38.660 16986 17099 D PackageCacher: Feature flags for package /product/priv-app/CarrierMetrics: {android.permission.flags.access_local_network_permission_enabled=true}
09-12 00:18:38.664 16986 17100 D PackageCacher: Feature flags for package /product/priv-app/DiagnosticsToolWearPrebuilt: {android.permission.flags.access_local_network_permission_enabled=true}
09-12 00:18:38.664 16986 17098 D PackageCacher: Feature flags for package /product/priv-app/GoogleCameraWear: {android.permission.flags.access_local_network_permission_enabled=true}
09-12 00:18:38.664 16986 16986 W PackageManager: Failed to scan /system/priv-app/SafetyHubClockwork: Package com.google.android.apps.safetyhub at /system/priv-app/SafetyHubClockwork ignored: updated version 100878313 better than this 100773873
09-12 00:18:38.664 16986 17099 D PackageCacher: Feature flags for package /product/priv-app/FitbitRetailClockwork2023: {android.permission.flags.access_local_network_permission_enabled=true}
09-12 00:18:38.665 16986 17101 D PackageCacher: Feature flags for package /product/priv-app/WeatherPixelWatch: {android.permission.flags.access_local_network_permission_enabled=true}
09-12 00:18:38.670 16986 17098 D PackageCacher: Feature flags for package /product/priv-app/DiagMon: {android.permission.flags.access_local_network_permission_enabled=true}
09-12 00:18:38.675 16986 17101 D PackageCacher: Feature flags for package /product/priv-app/GooglePhotosClockwork: {android.permission.flags.access_local_network_permission_enabled=true}
09-12 00:18:38.676 16986 17100 D PackageCacher: Feature flags for package /product/priv-app/CarrierSettingsGwear: {android.permission.flags.access_local_network_permission_enabled=true}
09-12 00:18:38.677 16986 16986 W PackageManager: Failed to scan /system/priv-app/DeclarativeWatchFaceReceiverPrebuilt: Package com.google.android.wearable.dwf.receiver at /system/priv-app/DeclarativeWatchFaceReceiverPrebuilt ignored: updated version 393 better than this 340
09-12 00:18:38.678 16986 17099 D PackageCacher: Feature flags for package /product/priv-app/PDMS: {android.permission.flags.access_local_network_permission_enabled=true}
09-12 00:18:38.682 16986 17100 D PackageCacher: Feature flags for package /product/priv-app/HotwordEnrollmentOKGoogleHEXAGON_WIDEBAND: {android.permission.flags.access_local_network_permission_enabled=true}
09-12 00:18:38.685 16986 17098 D PackageCacher: Feature flags for package /product/priv-app/KidsSupervisionWearFull: {android.permission.flags.access_local_network_permission_enabled=true}
09-12 00:18:38.687 16986 16986 W PackageManager: Failed to scan /system/priv-app/PrebuiltTapAndPayWearable: Package com.google.android.apps.walletnfcrel at /system/priv-app/PrebuiltTapAndPayWearable ignored: updated version 933742888 better than this 933399871
09-12 00:18:38.689 16986 17100 D PackageCacher: Feature flags for package /product/priv-app/DMService: {android.permission.flags.access_local_network_permission_enabled=true}
09-12 00:18:38.692 16986 17101 D PackageCacher: Feature flags for package /product/priv-app/PrebuiltBugleWearable: {android.permission.flags.access_local_network_permission_enabled=true}
09-12 00:18:38.694 16986 17098 D PackageCacher: Feature flags for package /product/priv-app/GoogleContactsClockwork: {android.permission.flags.access_local_network_permission_enabled=true}
09-12 00:18:38.694 16986 16986 W PackageManager: Failed to scan /system/priv-app/AssistantWearPrebuilt: Package com.google.android.wearable.assistant at /system/priv-app/AssistantWearPrebuilt ignored: updated version 311401746 better than this 311164056
09-12 00:18:38.694 16986 17100 D PackageCacher: Feature flags for package /product/app/datastatusnotification: {android.permission.flags.access_local_network_permission_enabled=true}
09-12 00:18:38.695 16986 17099 D PackageCacher: Feature flags for package /product/priv-app/SCONE-WEAR-v60982: {android.permission.flags.access_local_network_permission_enabled=true}
09-12 00:18:38.696 16986 17101 D PackageCacher: Feature flags for package /product/app/ConferenceDialer: {android.permission.flags.access_local_network_permission_enabled=true}
09-12 00:18:38.698 16986 16986 W PackageManager: Failed to scan /system/priv-app/MediaSessionsClockworkPrebuilt: Package com.google.android.wearable.media.sessions at /system/priv-app/MediaSessionsClockworkPrebuilt ignored: updated version 100179348 better than this 100168698
09-12 00:18:38.701 16986 17099 D PackageCacher: Feature flags for package /product/app/uimremoteserver: {android.permission.flags.access_local_network_permission_enabled=true}
09-12 00:18:38.701 16986 17101 D PackageCacher: Feature flags for package /product/app/ModuleMetadata: {android.permission.flags.access_local_network_permission_enabled=true}
09-12 00:18:38.703 16986 17100 D PackageCacher: Feature flags for package /product/app/GoogleKeepWearPrebuilt: {android.permission.flags.access_local_network_permission_enabled=true}
09-12 00:18:38.705 16986 17099 D PackageCacher: Feature flags for package /product/app/uimremoteclient: {android.permission.flags.access_local_network_permission_enabled=true}
09-12 00:18:38.707 16986 17098 D PackageCacher: Feature flags for package /product/app/FindMyDeviceWearPrebuilt: {android.permission.flags.access_local_network_permission_enabled=true}
09-12 00:18:38.707 16986 16986 W PackageManager: Failed to scan /system/priv-app/WearHealthServicesPrebuilt: Package com.google.android.wearable.healthservices at /system/priv-app/WearHealthServicesPrebuilt ignored: updated version 1493545 better than this 1491535
09-12 00:18:38.711 16986 17099 D PackageCacher: Feature flags for package /system_ext/priv-app/SSRestartDetector: {android.permission.flags.access_local_network_permission_enabled=true}
09-12 00:18:38.712 16986 17101 D PackageCacher: Feature flags for package /product/app/GoogleHomeAppClockwork: {android.permission.flags.access_local_network_permission_enabled=true}
09-12 00:18:38.715 16986 17099 D PackageCacher: Feature flags for package /system_ext/priv-app/qcrilmsgtunnel: {android.permission.flags.access_local_network_permission_enabled=true}
09-12 00:18:38.717 16986 17101 D PackageCacher: Feature flags for package /system_ext/priv-app/QtiTelephonyWear: {android.permission.flags.access_local_network_permission_enabled=true}
09-12 00:18:38.718 16986 17100 D PackageCacher: Feature flags for package /system_ext/priv-app/PixelWatchSysUi: {android.permission.flags.access_local_network_permission_enabled=true}
09-12 00:18:38.719 16986 16986 W PackageManager: Failed to scan /system/priv-app/ClockworkWcs: Package com.google.android.wearable.app at /system/priv-app/ClockworkWcs ignored: updated version 790488563 better than this 790472107
09-12 00:18:38.723 16986 17101 D PackageCacher: Feature flags for package /system_ext/priv-app/ims: {android.permission.flags.access_local_network_permission_enabled=true}
09-12 00:18:38.723 16986 17100 D PackageCacher: Feature flags for package /system_ext/priv-app/EuiccSupportWear: {android.permission.flags.access_local_network_permission_enabled=true}
09-12 00:18:38.723 16986 16986 W PackageManager: Failed to scan /system/priv-app/ClockworkPhone: Package com.google.android.dialer at /system/priv-app/ClockworkPhone ignored: updated version 259928 better than this 244943
09-12 00:18:38.723 16986 17099 D PackageCacher: Feature flags for package /system_ext/priv-app/DeviceConnectivityServiceWearPrebuilt_26.02.00: {android.permission.flags.access_local_network_permission_enabled=true}
09-12 00:18:38.726 16986 17098 D PackageCacher: Feature flags for package /system_ext/priv-app/PixelWatchSettingsCompose: {android.permission.flags.access_local_network_permission_enabled=true}
09-12 00:18:38.726 16986 16986 D CompatChangeReporter: Compat change id reported: 168782947; UID -1; state: ENABLED
09-12 00:18:38.727 16986 17100 D PackageCacher: Feature flags for package /system_ext/priv-app/PixelWatchSettingsProvider: {android.permission.flags.access_local_network_permission_enabled=true}
09-12 00:18:38.729 16986 17098 D PackageCacher: Feature flags for package /system_ext/priv-app/grilservice: {android.permission.flags.access_local_network_permission_enabled=true}
09-12 00:18:38.733 16986 17098 D PackageCacher: Feature flags for package /system_ext/priv-app/PixelNfc: {android.permission.flags.access_local_network_permission_enabled=true}
09-12 00:18:38.733 16986 17100 D PackageCacher: Feature flags for package /system_ext/priv-app/PersistentBackgroundServices-watch: {android.permission.flags.access_local_network_permission_enabled=true}
09-12 00:18:38.733 16986 16986 W PackageManager: Failed to scan /system/app/MapsClockwork: Package com.google.android.apps.maps at /system/app/MapsClockwork ignored: updated version 1068740958 better than this 1068487532
09-12 00:18:38.734 16986 17101 D PackageCacher: Feature flags for package /system_ext/priv-app/GoogleServicesFramework: {android.permission.flags.access_local_network_permission_enabled=true}
09-12 00:18:38.736 16986 17100 D PackageCacher: Feature flags for package /system_ext/app/imssettings: {android.permission.flags.access_local_network_permission_enabled=true}
09-12 00:18:38.738 16986 17099 D PackageCacher: Feature flags for package /system_ext/priv-app/ClockworkSystemUI: {android.permission.flags.access_local_network_permission_enabled=true}
09-12 00:18:38.739 16986 17101 D PackageCacher: Feature flags for package /system_ext/app/QtiTelephonyService: {android.permission.flags.access_local_network_permission_enabled=true}
09-12 00:18:38.739 16986 17100 D PackageCacher: Feature flags for package /apex/com.android.nfcservices/priv-app/NfcNciApexMigrationGoogle@370546220: {android.permission.flags.access_local_network_permission_enabled=true}
09-12 00:18:38.739 16986 17098 D PackageCacher: Feature flags for package /system_ext/app/CrossDeviceAccessServiceAssociated2023: {android.permission.flags.access_local_network_permission_enabled=true}
09-12 00:18:38.743 16986 17101 D PackageCacher: Feature flags for package /apex/com.android.wifi/priv-app/ServiceWifiResourcesGoogle@370546200: {android.permission.flags.access_local_network_permission_enabled=true}
09-12 00:18:38.743 16986 17100 D PackageCacher: Feature flags for package /apex/com.android.wifi/app/OsuLoginGoogle@370546200: {android.permission.flags.access_local_network_permission_enabled=true}
09-12 00:18:38.743 16986 17098 D PackageCacher: Feature flags for package /apex/com.android.webapp/priv-app/WebAppService@CP2A.260603.001: {android.permission.flags.access_local_network_permission_enabled=true}
09-12 00:18:38.745 16986 17099 D PackageCacher: Feature flags for package /apex/com.android.nfcservices/priv-app/NfcNciApexGoogle@370546220: {android.permission.flags.access_local_network_permission_enabled=true}
09-12 00:18:38.746 16986 17101 D PackageCacher: Feature flags for package /apex/com.android.wifi/app/WifiDialogGoogle@370546200: {android.permission.flags.access_local_network_permission_enabled=true}
09-12 00:18:38.748 16986 17099 D PackageCacher: Feature flags for package /apex/com.android.uwb/priv-app/ServiceUwbResourcesGoogle@370546320: {android.permission.flags.access_local_network_permission_enabled=true}
09-12 00:18:38.749 16986 17098 D PackageCacher: Feature flags for package /apex/com.android.cellbroadcast/priv-app/GoogleCellBroadcastServiceModule@370546200: {android.permission.flags.access_local_network_permission_enabled=true}
09-12 00:18:38.751 16986 17099 D PackageCacher: Feature flags for package /apex/com.android.healthfitness/app/HealthConnectBackupRestoreGoogle@370546200: {android.permission.flags.access_local_network_permission_enabled=true}
09-12 00:18:38.752 16986 16986 W PackageManager: Failed to scan /system/app/TalkbackWearPrebuilt: Package com.google.android.marvin.talkback at /system/app/TalkbackWearPrebuilt ignored: updated version 60222648 better than this 60144776
09-12 00:18:38.752 16986 17100 D PackageCacher: Feature flags for package /apex/com.android.cellbroadcast/priv-app/GoogleCellBroadcastApp@370546200: {android.permission.flags.access_local_network_permission_enabled=true}
09-12 00:18:38.755 16986 17099 D PackageCacher: Feature flags for package /apex/com.android.permission/priv-app/GoogleSafetyCenterResources@370546320: {android.permission.flags.access_local_network_permission_enabled=true}
09-12 00:18:38.762 16986 17100 D PackageCacher: Feature flags for package /apex/com.android.bt/app/BluetoothGoogle@370546320: {android.permission.flags.access_local_network_permission_enabled=true}
09-12 00:18:38.762 16986 16986 W PackageManager: Failed to scan /system/app/WearCalendar: Package com.google.android.calendar at /system/app/WearCalendar ignored: updated version 2018273423 better than this 2017727601
09-12 00:18:38.763 16986 17098 D PackageCacher: Feature flags for package /apex/com.android.permission/priv-app/GooglePermissionController@370546320: {android.permission.flags.access_local_network_permission_enabled=true}
09-12 00:18:38.763 16986 16986 W PackageManager: Failed to scan /system/app/GmailWear: Package com.google.android.gm at /system/app/GmailWear ignored: updated version 65989342 better than this 65592070
09-12 00:18:38.763 16986 17099 D PackageCacher: Feature flags for package /apex/com.android.devicelock/priv-app/DeviceLockControllerGoogle@CP2A.260603.001: {android.permission.flags.access_local_network_permission_enabled=true}
09-12 00:18:38.764 16986 16986 W PackageManager: Failed to scan /system/app/YouTubeMusicClockwork: Package com.google.android.apps.youtube.music at /system/app/YouTubeMusicClockwork ignored: updated version 93542730 better than this 64041730
09-12 00:18:38.767 16986 17100 D PackageCacher: Feature flags for package /apex/com.android.mediaprovider/priv-app/PhotopickerGoogle@370546200: {android.permission.flags.access_local_network_permission_enabled=true}
09-12 00:18:38.767 16986 17101 D PackageCacher: Feature flags for package /apex/com.android.healthfitness/priv-app/HealthConnectControllerGoogle@370546200: {android.permission.flags.access_local_network_permission_enabled=true}
09-12 00:18:38.771 16986 17100 D PackageCacher: Feature flags for package /apex/com.android.telephonycore/priv-app/TelecomResourcesGoogle@370546200: {android.permission.flags.access_local_network_permission_enabled=true}
09-12 00:18:38.774 16986 17101 D PackageCacher: Feature flags for package /apex/com.android.telephonycore/priv-app/TelecomUiGoogle@370546200: {android.permission.flags.access_local_network_permission_enabled=true}
09-12 00:18:38.775 16986 17100 D PackageCacher: Feature flags for package /apex/com.android.tethering/priv-app/ServiceConnectivityResourcesGoogle@370546320: {android.permission.flags.access_local_network_permission_enabled=true}
09-12 00:18:38.775 16986 17098 D PackageCacher: Feature flags for package /apex/com.android.mediaprovider/priv-app/MediaProviderGoogle@370546200: {android.permission.flags.access_local_network_permission_enabled=true}
09-12 00:18:38.777 16986 17099 D PackageCacher: Feature flags for package /apex/com.android.extservices/priv-app/ExtServices-sminus@CP2A.260603.001: {android.permission.flags.access_local_network_permission_enabled=true}
09-12 00:18:38.778 16986 17101 D PackageCacher: Feature flags for package /apex/com.android.tethering/priv-app/TetheringGoogle@370546320: {android.permission.flags.access_local_network_permission_enabled=true}
09-12 00:18:38.778 16986 17098 D PackageCacher: Feature flags for package /apex/com.android.virt/app/android.system.virtualmachine.res@CP2A.260603.001: {android.permission.flags.access_local_network_permission_enabled=true}
09-12 00:18:38.779 16986 17100 D PackageCacher: Feature flags for package /apex/com.android.appsearch/priv-app/com.google.android.appsearch.apk@370546200: {android.permission.flags.access_local_network_permission_enabled=true}
09-12 00:18:38.780 16986 17101 D PackageCacher: Feature flags for package /apex/com.android.apex.cts.shim/app/CtsShim@MAIN: {android.permission.flags.access_local_network_permission_enabled=true}
09-12 00:18:38.781 16986 17099 D PackageCacher: Feature flags for package /apex/com.android.apex.cts.shim/priv-app/CtsShimPriv@MAIN: {android.permission.flags.access_local_network_permission_enabled=true}
09-12 00:18:38.783 16986 17098 D PackageCacher: Feature flags for package /apex/com.android.ondevicepersonalization/priv-app/OnDevicePersonalizationGoogle@370546200: {android.permission.flags.access_local_network_permission_enabled=true}
09-12 00:18:38.785 16986 17100 D PackageCacher: Feature flags for package /apex/com.android.ondevicepersonalization/app/FederatedComputeGoogle@370546200: {android.permission.flags.access_local_network_permission_enabled=true}
09-12 00:18:38.785 16986 17099 D PackageCacher: Feature flags for package /apex/com.android.adservices/app/SdkSandboxGoogle@370546200: {android.permission.flags.access_local_network_permission_enabled=true}
09-12 00:18:38.787 16986 17098 D PackageCacher: Feature flags for package /apex/com.android.rkpd/priv-app/rkpdapp.google@370546200: {android.permission.flags.access_local_network_permission_enabled=true}
09-12 00:18:38.789 16986 17101 D PackageCacher: Feature flags for package /apex/com.android.adservices/priv-app/AdServicesApkGoogle@370546200: {android.permission.flags.access_local_network_permission_enabled=true}
09-12 00:18:38.803 16986 16986 W PackageManager: Failed to scan /product/priv-app/FitbitClockwork: Package com.fitbit.FitbitMobile at /product/priv-app/FitbitClockwork ignored: updated version 1104093963 better than this 1103965332
09-12 00:18:38.807 16986 16986 W PackageManager: Failed to scan /product/priv-app/FitbitEcgClockwork: Package com.fitbit.ecg at /product/priv-app/FitbitEcgClockwork ignored: updated version 361994 better than this 2017
09-12 00:18:38.808 16986 16986 W PackageManager: Failed to scan /product/priv-app/PixelWatchWatchfacesV2: Package com.google.android.wearable.watchface.rwf at /product/priv-app/PixelWatchWatchfacesV2 ignored: updated version 20029429 better than this 20029393
09-12 00:18:38.819 16986 16986 W PackageManager: Failed to scan /product/priv-app/ClockworkProtoLayoutRendererPrebuilt: Package com.google.android.wearable.protolayout.renderer at /product/priv-app/ClockworkProtoLayoutRendererPrebuilt ignored: updated version 100052009 better than this 100043158
09-12 00:18:38.821 16986 17100 D PackageCacher: Feature flags for package /apex/com.google.android.gmssystem/priv-app/PrebuiltGmsCoreForClockworkWearable@CP2A.260603.001: {android.permission.flags.access_local_network_permission_enabled=true}
09-12 00:18:38.827 16986 16986 W PackageManager: Failed to scan /product/priv-app/GoogleCameraWear: Package com.google.android.GoogleCamera at /product/priv-app/GoogleCameraWear ignored: updated version 69514418 better than this 69032715
09-12 00:18:38.828 16986 16986 W PackageManager: Failed to scan /product/priv-app/WeatherPixelWatch: Package com.google.android.apps.weather at /product/priv-app/WeatherPixelWatch ignored: updated version 1029671 better than this 1026481
09-12 00:18:38.837 16986 16986 W PackageManager: Failed to scan /product/priv-app/PDMS: Package com.google.android.wearable.pixel.pdms at /product/priv-app/PDMS ignored: updated version 189472 better than this 150193
09-12 00:18:38.842 16986 16986 W PackageManager: Failed to parse /product/priv-app/PrebuiltGmsCoreForClockworkWearable: Missing base APK in /product/priv-app/PrebuiltGmsCoreForClockworkWearable/app_chimera/m
09-12 00:18:38.845 16986 16986 W PackageManager: Failed to scan /product/priv-app/PrebuiltBugleWearable: Package com.google.android.apps.messaging at /product/priv-app/PrebuiltBugleWearable ignored: updated version 321562500 better than this 304819500
09-12 00:18:38.853 16986 16986 W PackageManager: Failed to scan /product/priv-app/GoogleContactsClockwork: Package com.google.android.contacts at /product/priv-app/GoogleContactsClockwork ignored: updated version 3290923 better than this 3265717
09-12 00:18:38.858 16986 16986 W PackageManager: Failed to scan /product/app/FindMyDeviceWearPrebuilt: Package com.google.android.apps.adm at /product/app/FindMyDeviceWearPrebuilt ignored: updated version 50078152 better than this 50057768
09-12 00:18:38.859 16986 16986 W PackageManager: Failed to scan /product/app/GoogleKeepWearPrebuilt: Package com.google.android.keep at /product/app/GoogleKeepWearPrebuilt ignored: updated version 220673994 better than this 220647138
09-12 00:18:38.868 16986 16986 W PackageManager: Failed to scan /product/app/GoogleHomeAppClockwork: Package com.google.android.apps.chromecast.app at /product/app/GoogleHomeAppClockwork ignored: updated version 27936014 better than this 27357024
09-12 00:18:38.875 16986 16986 I PackageManager: Replacing default ResolverActivity with custom activity: ComponentInfo{com.google.android.apps.wearable.settings/com.google.android.apps.wearable.resolver.ResolverActivity}
09-12 00:18:38.912 16986 16986 I ApexManager: Registering com.android.nfc as apk-in-apex of com.android.nfcservices
09-12 00:18:38.915 16986 16986 I ApexManager: Registering com.google.android.nfc as apk-in-apex of com.android.nfcservices
09-12 00:18:38.918 16986 16986 I ApexManager: Registering com.android.webapp.service as apk-in-apex of com.android.webapp
09-12 00:18:38.921 16986 16986 I ApexManager: Registering com.google.android.wifi.resources as apk-in-apex of com.android.wifi
09-12 00:18:38.924 16986 16986 I ApexManager: Registering com.google.android.hotspot2.osulogin as apk-in-apex of com.android.wifi
09-12 00:18:38.927 16986 16986 I ApexManager: Registering com.google.android.wifi.dialog as apk-in-apex of com.android.wifi
09-12 00:18:38.930 16986 16986 I ApexManager: Registering com.google.android.cellbroadcastservice as apk-in-apex of com.android.cellbroadcast
09-12 00:18:38.932 16986 16986 I ApexManager: Registering com.google.android.cellbroadcastreceiver as apk-in-apex of com.android.cellbroadcast
09-12 00:18:38.936 16986 16986 I ApexManager: Registering com.google.android.uwb.resources as apk-in-apex of com.android.uwb
09-12 00:18:38.938 16986 16986 I ApexManager: Registering com.google.android.healthconnect.controller as apk-in-apex of com.android.healthfitness
09-12 00:18:38.943 16986 16986 I ApexManager: Registering com.google.android.health.connect.backuprestore as apk-in-apex of com.android.healthfitness
09-12 00:18:38.947 16986 16986 I ApexManager: Registering com.google.android.permissioncontroller as apk-in-apex of com.android.permission
09-12 00:18:38.952 16986 16986 I ApexManager: Registering com.google.android.safetycenter.resources as apk-in-apex of com.android.permission
09-12 00:18:38.955 16986 16986 I ApexManager: Registering com.google.android.bluetooth as apk-in-apex of com.android.bt
09-12 00:18:38.959 16986 16986 I ApexManager: Registering com.google.android.devicelockcontroller as apk-in-apex of com.android.devicelock
09-12 00:18:38.962 16986 16986 I ApexManager: Registering com.google.android.photopicker as apk-in-apex of com.android.mediaprovider
09-12 00:18:38.966 16986 16986 I ApexManager: Registering com.google.android.providers.media.module as apk-in-apex of com.android.mediaprovider
09-12 00:18:38.968 16986 16986 I PackageManager: /apex/com.android.extservices/priv-app/ExtServices-sminus@CP2A.260603.001 changed; collecting certs
09-12 00:18:38.979 16986 16986 W PackageManager: Failed to scan /apex/com.android.extservices/priv-app/ExtServices-sminus@CP2A.260603.001: Application package android.ext.services already installed.  Skipping duplicate.
09-12 00:18:38.981 16986 16986 I ApexManager: Registering com.google.android.telecomresources as apk-in-apex of com.android.telephonycore
09-12 00:18:38.985 16986 16986 I ApexManager: Registering com.google.android.telecomui as apk-in-apex of com.android.telephonycore
09-12 00:18:38.989 16986 16986 I ApexManager: Registering com.google.android.connectivity.resources as apk-in-apex of com.android.tethering
09-12 00:18:38.993 16986 16986 I ApexManager: Registering com.google.android.networkstack.tethering as apk-in-apex of com.android.tethering
09-12 00:18:38.996 16986 16986 I ApexManager: Registering com.google.android.appsearch.apk as apk-in-apex of com.android.appsearch
09-12 00:18:38.999 16986 16986 I ApexManager: Registering com.android.virtualmachine.res as apk-in-apex of com.android.virt
09-12 00:18:39.003 16986 16986 I ApexManager: Registering com.android.cts.priv.ctsshim as apk-in-apex of com.android.apex.cts.shim
09-12 00:18:39.006 16986 16986 I ApexManager: Registering com.android.cts.ctsshim as apk-in-apex of com.android.apex.cts.shim
09-12 00:18:39.010 16986 16986 I ApexManager: Registering com.google.android.ondevicepersonalization.services as apk-in-apex of com.android.ondevicepersonalization
09-12 00:18:39.013 16986 16986 I ApexManager: Registering com.google.android.federatedcompute as apk-in-apex of com.android.ondevicepersonalization
09-12 00:18:39.016 16986 16986 I ApexManager: Registering com.google.android.adservices.api as apk-in-apex of com.android.adservices
09-12 00:18:39.019 16986 16986 I ApexManager: Registering com.google.android.sdksandbox as apk-in-apex of com.android.adservices
09-12 00:18:39.022 16986 16986 I ApexManager: Registering com.google.android.rkpdapp as apk-in-apex of com.android.rkpd
09-12 00:18:39.024 16986 16986 I PackageManager: /apex/com.google.android.gmssystem/priv-app/PrebuiltGmsCoreForClockworkWearable@CP2A.260603.001 changed; collecting certs
09-12 00:18:39.036 16986 16986 I PackageManager: Update system package com.google.android.gms code path from /data/app/~~4OkDuO0TQX-wHEEPKnS1tA==/com.google.android.gms-9NEI3LtmM_lcBdmsLLItRQ== to /apex/com.google.android.gmssystem/priv-app/PrebuiltGmsCoreForClockworkWearable@CP2A.260603.001; Retain data and using new
09-12 00:18:39.037 16986 16986 I ApexManager: Registering com.google.android.gms as apk-in-apex of com.google.android.gmssystem
09-12 00:18:39.052 16986 16986 W OverlayConfig: partition_order.xml does not exist.
09-12 00:18:39.072 16986 16986 W PackageManager: Expecting better updated system app for com.google.android.gms; removing system app.  Last known codePath=/apex/com.google.android.gmssystem/priv-app/PrebuiltGmsCoreForClockworkWearable@CP2A.260603.001, versionCode=261136081; scanned versionCode=261136081
09-12 00:18:39.086 16986 16986 I PackageManager: Finished scanning system apps. Time: 1164 ms, packageCount: 209 , timePerPackage: 5 , cached: 241
09-12 00:18:39.099 16986 17099 D PackageCacher: Feature flags for package /data/app/~~PIpImtNRf6PJWFKyTdgz3w==/com.poc.avatarleak-hAt0BuZxyTzf3bJSktt-Uw==: {android.permission.flags.access_local_network_permission_enabled=true}
09-12 00:18:39.101 16986 16986 W system_server: Monitor::Inflate: Install failed 0x7246a740
09-12 00:18:39.105 16986 17101 D PackageCacher: Feature flags for package /data/app/~~S4b2osp-T7WU05ujSN5alw==/com.fitbit.ecg-1V2HMCZX2-c5c84ZlsNpSA==: {android.permission.flags.access_local_network_permission_enabled=true}
09-12 00:18:39.108 16986 17098 D PackageCacher: Feature flags for package /data/app/~~2AaEXKAi-VEArEhULsJsDA==/com.google.android.calendar-M0kR6hERuNMpwuNIM2djXw==: {android.permission.flags.access_local_network_permission_enabled=true}
09-12 00:18:39.113 16986 16986 W PackageManager: Relax SCAN_REQUIRE_KNOWN requirement for package com.fitbit.ecg
09-12 00:18:39.115 16986 17098 D PackageCacher: Feature flags for package /data/app/~~9pbp8_-K2rCCAKLOK5DECg==/com.google.android.wearable.healthservices-mpm3Pr9iwbO3ODdvUNPH5w==: {android.permission.flags.access_local_network_permission_enabled=true}
09-12 00:18:39.116 16986 17101 D PackageCacher: Feature flags for package /data/app/~~cgzTqMKjgSQaLF-t_h1bYA==/com.google.android.apps.maps-wbtvTapBpGWJx4AAhn0nvw==: {android.permission.flags.access_local_network_permission_enabled=true}
09-12 00:18:39.116 16986 17100 D PackageCacher: Feature flags for package /data/app/~~dnWLyC4avCOSdFWnxFkLog==/com.fitbit.FitbitMobile-suJ3PHJqCM8sDjZcqxu0dw==: {android.permission.flags.access_local_network_permission_enabled=true}
09-12 00:18:39.117 16866 16882 D Diag_Lib: diag: Diag_LSM_Init: invoked for pid: 16866 with init_count: 0
09-12 00:18:39.118 16986 16986 W PackageManager: Relax SCAN_REQUIRE_KNOWN requirement for package com.google.android.calendar
09-12 00:18:39.118 16866 16882 D Diag_Lib: diag:failed to connect to diag socket
09-12 00:18:39.118 16866 16882 D Diag_Lib:  Diag_LSM_Init: Failed to open handle to diag driver, error = 111
09-12 00:18:39.118 16866 16882 I ATS     : vendor/qcom/sw5100-lw4/proprietary-audio/args/acdb/ats/transports/diag/linux/actp/src/actp.c:actp_diag_init:105 Error[1]: Failed to initialize DIAG
09-12 00:18:39.118 16866 16882 E ATS     : vendor/qcom/sw5100-lw4/proprietary-audio/args/acdb/ats/src/ats.c:ats_init:143 Error[1]: Failed to initialize Diag
09-12 00:18:39.118 16986 17099 D PackageCacher: Feature flags for package /data/app/~~aOoJR2UYZubKB2q6Cr3OTA==/com.google.android.wearable.assistant-clsKf4NpOHAhj6CwzaeYnw==: {android.permission.flags.access_local_network_permission_enabled=true}
09-12 00:18:39.118 16866 16882 E ATS     : vendor/qcom/sw5100-lw4/proprietary-audio/args/acdb/ats/src/ats.c:ats_init:263 Error[1]: Failed to initialize ATS
09-12 00:18:39.118 16866 16882 E AGM: API: ats_init_thread: 64 ats_init failed retry 18 err 1
09-12 00:18:39.121 16986 17099 D PackageCacher: Feature flags for package /data/app/~~jVZf04gc836rggE5Fw4VtQ==/com.google.android.wearable.protolayout.renderer-nKkXQt9vSzaGc8Y1qpv60Q==: {android.permission.flags.access_local_network_permission_enabled=true}
09-12 00:18:39.123 16986 16986 W PackageManager: Relax SCAN_REQUIRE_KNOWN requirement for package com.google.android.wearable.healthservices
09-12 00:18:39.124 16986 17101 D PackageCacher: Feature flags for package /data/app/~~adw-D0psAIKqscAyls_f2g==/com.spotify.music-mp2SxcuAqO6ZyGXFCwvP_A==: {android.permission.flags.access_local_network_permission_enabled=true}
09-12 00:18:39.127 16986 16986 W PackageManager: Relax SCAN_REQUIRE_KNOWN requirement for package com.google.android.apps.maps
09-12 00:18:39.133 16986 17098 D PackageCacher: Feature flags for package /data/app/~~fj6nilqvvoLTKsSX0yrgxg==/com.google.android.apps.youtube.music-TOS3C_K_uCFt1G8oNQ0pYw==: {android.permission.flags.access_local_network_permission_enabled=true}
09-12 00:18:39.135 16986 17101 D PackageCacher: Feature flags for package /data/app/~~khLOFzjolXaZH5lnp7L41g==/com.google.android.apps.adm-1VopjU21N-49ZOoTDTbFUQ==: {android.permission.flags.access_local_network_permission_enabled=true}
09-12 00:18:39.137 16986 17099 D PackageCacher: Feature flags for package /data/app/~~2ktbH33pSjTyQmUZMAMvyQ==/com.google.android.apps.chromecast.app-Ew_4GS-ypdWQzD150668xA==: {android.permission.flags.access_local_network_permission_enabled=true}
09-12 00:18:39.138 16986 17098 D PackageCacher: Feature flags for package /data/app/~~BXSQqewlcZhaQh_gANhoDQ==/com.google.android.apps.weather-gmzOsbxhPBhUaD9qJ463uQ==: {android.permission.flags.access_local_network_permission_enabled=true}
09-12 00:18:39.144 16986 17099 D PackageCacher: Feature flags for package /data/app/~~KYo-5uxnef5YdsrifyAuUA==/com.google.wear.watchface.runtime-smssykVA5hbgS5WCtSN1VA==: {android.permission.flags.access_local_network_permission_enabled=true}
09-12 00:18:39.146 16986 17098 D PackageCacher: Feature flags for package /data/app/~~RGV_iRFOv2Svu-aT3kwVYQ==/com.google.android.marvin.talkback-CN7li8A7kaK_pZib2g2Izg==: {android.permission.flags.access_local_network_permission_enabled=true}
09-12 00:18:39.148 16986 17099 D PackageCacher: Feature flags for package /data/app/~~gfNiJ7zvh0W6Bs_VdQ05mw==/com.test.crossdevicepoc-uY2obAcvRlr1Naq5ACqwtQ==: {android.permission.flags.access_local_network_permission_enabled=true}
09-12 00:18:39.148 16986 16986 W PackageManager: Relax SCAN_REQUIRE_KNOWN requirement for package com.fitbit.FitbitMobile
09-12 00:18:39.153 16986 17101 D PackageCacher: Feature flags for package /data/app/~~c05N5Tb6ipUhKXZ4chvEjw==/com.google.android.apps.messaging-fSFew6STFaV-G2bjLtxvWQ==: {android.permission.flags.access_local_network_permission_enabled=true}
09-12 00:18:39.154 16986 16986 W PackageManager: Relax SCAN_REQUIRE_KNOWN requirement for package com.google.android.wearable.assistant
09-12 00:18:39.159 16986 17098 D PackageCacher: Feature flags for package /data/app/~~lUaxDmZtGLp6B9HVK6OC7Q==/com.google.android.keep-VxQ2Ep21PpD1xkZVRGFjUw==: {android.permission.flags.access_local_network_permission_enabled=true}
09-12 00:18:39.159 16986 16986 W PackageManager: Relax SCAN_REQUIRE_KNOWN requirement for package com.google.android.wearable.protolayout.renderer
09-12 00:18:39.165 16986 17101 D PackageCacher: Feature flags for package /data/app/~~5I9OYz5fRtjibpsyYTVD-g==/com.google.android.apps.walletnfcrel-6wdnqIMcowgmxLRmGNrnhQ==: {android.permission.flags.access_local_network_permission_enabled=true}
09-12 00:18:39.166 16986 17099 D PackageCacher: Feature flags for package /data/app/~~ByDsNl5wS0KTQJtvFPPsuQ==/com.google.android.wearable.app-6P6Uf3icgnSU7x9Y-rl9tA==: {android.permission.flags.access_local_network_permission_enabled=true}
09-12 00:18:39.167 16986 17098 D PackageCacher: Feature flags for package /data/app/~~_DC0gmkh5vfzwLiI9264tw==/com.google.android.dialer-UesrwclyNRoW1qcab3wyVA==: {android.permission.flags.access_local_network_permission_enabled=true}
09-12 00:18:39.168 16986 17101 D PackageCacher: Feature flags for package /data/app/~~FLJ0mP0Daln8_on1Xdai1A==/com.poc.silentsms-iL_uQkYLBtXX0TMwfWrATA==: {android.permission.flags.access_local_network_permission_enabled=true}
09-12 00:18:39.172 16986 16986 W PackageManager: Relax SCAN_REQUIRE_KNOWN requirement for package com.google.android.apps.youtube.music
09-12 00:18:39.176 16986 17099 D PackageCacher: Feature flags for package /data/app/~~8f2FU7xsBv7Upax8jjSdEQ==/com.google.android.wearable.media.sessions-myhUWGq3ZvCwO-pMqJarpw==: {android.permission.flags.access_local_network_permission_enabled=true}
09-12 00:18:39.178 16986 17098 D PackageCacher: Feature flags for package /data/app/~~Eqej9gK4Zvn6Um3jsykN8w==/com.google.android.tts-JuRMUGtTdgOzIE89Gcc_kw==: {android.permission.flags.access_local_network_permission_enabled=true}
09-12 00:18:39.180 16986 16986 W PackageManager: Relax SCAN_REQUIRE_KNOWN requirement for package com.google.android.apps.adm
09-12 00:18:39.183 16986 17098 D PackageCacher: Feature flags for package /data/app/~~YnVlcj2XUh-n8-LVbOBsWw==/com.google.android.wearable.dwf.receiver-tJdLta_zEB4QFIkpJw-FFw==: {android.permission.flags.access_local_network_permission_enabled=true}
09-12 00:18:39.187 16986 16986 W PackageManager: Relax SCAN_REQUIRE_KNOWN requirement for package com.google.android.apps.chromecast.app
09-12 00:18:39.187 16986 17098 D PackageCacher: Feature flags for package /data/app/~~JjOcR8SUxyw2mn1XJmYK9g==/com.poc.lockbypass-HtvgTiToK4aq1kv7tEZEWA==: {android.permission.flags.access_local_network_permission_enabled=true}
09-12 00:18:39.191 16986 17101 D PackageCacher: Feature flags for package /data/app/~~oazUwMX7epBGvSYk8dwdyQ==/com.android.vending-pap5Lp8zpZ0fC-a3-3exxQ==: {android.permission.flags.access_local_network_permission_enabled=true}
09-12 00:18:39.192 16986 16986 W PackageManager: Relax SCAN_REQUIRE_KNOWN requirement for package com.google.android.apps.weather
09-12 00:18:39.193 16986 17099 D PackageCacher: Feature flags for package /data/app/~~120yV1wR1VtOk-0rP0kGGg==/com.whatsapp-6OZuEb9YOQzpA1X5Xy59KQ==: {android.permission.flags.access_local_network_permission_enabled=true}
09-12 00:18:39.195 16986 17099 D PackageCacher: Feature flags for package /data/app/~~Pwh3bM1a5Y9Z4HXuTizsgQ==/com.poc.pdms-LxwZC69ohwHmVdqnUsiAKw==: {android.permission.flags.access_local_network_permission_enabled=true}
09-12 00:18:39.196 16986 17098 D PackageCacher: Feature flags for package /data/app/~~cSXMB6CNKN7zUrWtqQIuwg==/com.google.android.contacts-k0o6Hy3vdaVpkH3kpofKfA==: {android.permission.flags.access_local_network_permission_enabled=true}
09-12 00:18:39.196 16986 16986 W PackageManager: Relax SCAN_REQUIRE_KNOWN requirement for package com.google.wear.watchface.runtime
09-12 00:18:39.198 16986 17098 D PackageCacher: Feature flags for package /data/app/~~oO5f2Sc_IPoLSX4A1xTLuA==/com.test.watchprobe-j3zBJacK3kQZKX9TsOaX9A==: {android.permission.flags.access_local_network_permission_enabled=true}
09-12 00:18:39.199 16986 17101 D PackageCacher: Feature flags for package /data/app/~~GhGzVqpIbrswZ6cfg6-3Iw==/com.google.android.wearable.watchface.rwf-II_Enq9nizBO63lSxyFrEw==: {android.permission.flags.access_local_network_permission_enabled=true}
09-12 00:18:39.201 16986 16986 W PackageManager: Relax SCAN_REQUIRE_KNOWN requirement for package com.google.android.marvin.talkback
09-12 00:18:39.201 16986 17098 D PackageCacher: Feature flags for package /data/app/~~nMbn6wjpfhF9IG12tz4AHw==/com.test.datalayer-ZAbbHhSSRFqh_0TasG5QZQ==: {android.permission.flags.access_local_network_permission_enabled=true}
09-12 00:18:39.202 16986 17101 D PackageCacher: Feature flags for package /data/app/~~vhy8U0WGA3kllTKhkzVqoA==/com.poc.bal-gERQgkRdyDZvwMKjN6_0fg==: {android.permission.flags.access_local_network_permission_enabled=true}
09-12 00:18:39.204 16986 17101 D PackageCacher: Feature flags for package /data/app/~~wTnOjv00M3KkmdMIKDBIfQ==/com.research.providerprobe-99G_YXS-3JS-jccB2EeaGA==: {android.permission.flags.access_local_network_permission_enabled=true}
09-12 00:18:39.206 16986 17100 D PackageCacher: Feature flags for package /data/app/~~4OkDuO0TQX-wHEEPKnS1tA==/com.google.android.gms-9NEI3LtmM_lcBdmsLLItRQ==: {android.permission.flags.access_local_network_permission_enabled=true}
09-12 00:18:39.207 16986 17101 D PackageCacher: Feature flags for package /data/app/~~NNvecTj5kR6ei9uCj2CBZA==/com.christan.google_ass_tv_poc-TvcncKohHoAbuelVERxDAg==: {android.permission.flags.access_local_network_permission_enabled=true}
09-12 00:18:39.209 16986 17098 D PackageCacher: Feature flags for package /data/app/~~2ulKM2W4hr-MLHq9gATBJA==/com.google.android.deskclock-ZRz6S3vzuwIwl4sTdc9j-Q==: {android.permission.flags.access_local_network_permission_enabled=true}
09-12 00:18:39.210 16986 16986 W PackageManager: Relax SCAN_REQUIRE_KNOWN requirement for package com.google.android.apps.messaging
09-12 00:18:39.212 16986 17101 D PackageCacher: Feature flags for package /data/app/~~178rioFY_dWHmuuITVUpog==/com.google.android.inputmethod.latin-lq2CHxU5mFRBFHTLvRtQWw==: {android.permission.flags.access_local_network_permission_enabled=true}
09-12 00:18:39.213 16986 17100 D PackageCacher: Feature flags for package /data/app/~~e5YwZv2ovS3RjmaiMAFNuw==/com.google.android.gm-DRNeHo0IrTi12EHY-j7Vbw==: {android.permission.flags.access_local_network_permission_enabled=true}
09-12 00:18:39.214 16986 17098 D PackageCacher: Feature flags for package /data/app/~~vveRLkhQW8lfMx9Uor4AIQ==/com.google.android.GoogleCamera-paIvSJvVVq9cnzc4iIpJdA==: {android.permission.flags.access_local_network_permission_enabled=true}
09-12 00:18:39.215 16986 17100 D PackageCacher: Feature flags for package /data/app/~~QyKtQEfPRMLL2VIPg8Dplw==/com.vrp.debug-Um3_fZghoJq3FFsNOSq-ww==: {android.permission.flags.access_local_network_permission_enabled=true}
09-12 00:18:39.215 16986 17099 D PackageCacher: Feature flags for package /data/app/~~z_K-WwEN3LbciRVBQhSalw==/com.google.android.apps.safetyhub-R5WPzYnfTNjRTN0cJGgj4Q==: {android.permission.flags.access_local_network_permission_enabled=true}
09-12 00:18:39.216 16986 16986 W PackageManager: Relax SCAN_REQUIRE_KNOWN requirement for package com.google.android.keep
09-12 00:18:39.218 16986 17098 D PackageCacher: Feature flags for package /data/app/~~9otsPsu2VWnkr06_K6LBKw==/com.poc.tlpe-Bprwj4-9u3K_Ql3BQQCQbQ==: {android.permission.flags.access_local_network_permission_enabled=true}
09-12 00:18:39.218 16986 17100 D PackageCacher: Feature flags for package /data/app/~~ElbCRMeVxWMGZnOOGonQ_A==/com.poc.dataexfil-Vbw9OnVzUg9C0z8N_eAPng==: {android.permission.flags.access_local_network_permission_enabled=true}
09-12 00:18:39.218 16986 17099 D PackageCacher: Feature flags for package /data/app/~~pypR8nEaHeOZXeIcBDZNCQ==/com.poc.compprobe-kbqMudlbMS4iLeaeLTv2iQ==: {android.permission.flags.access_local_network_permission_enabled=true}
09-12 00:18:39.220 16986 17098 D PackageCacher: Feature flags for package /data/app/~~UbuXNQXd3quTogAdpgi21A==/com.poc.scanner-xOc0JeZXnqroRCdEzhxRqg==: {android.permission.flags.access_local_network_permission_enabled=true}
09-12 00:18:39.220 16986 16986 W PackageManager: Relax SCAN_REQUIRE_KNOWN requirement for package com.google.android.apps.walletnfcrel
09-12 00:18:39.221 16986 17099 D PackageCacher: Feature flags for package /data/app/~~vfQlthyoEuuRZ0tUajd_GQ==/com.poc.contactsdump-3ka0GUa_04Og_WOGMOJP-A==: {android.permission.flags.access_local_network_permission_enabled=true}
09-12 00:18:39.222 16986 17100 D PackageCacher: Feature flags for package /data/app/~~l0jaCz6uEMLMxLRJXtVayA==/com.poc.caltest-odo9xiaSADQQWT9byfEmuw==: {android.permission.flags.access_local_network_permission_enabled=true}
09-12 00:18:39.223 16986 17098 D PackageCacher: Feature flags for package /data/app/~~ALxbMk6uWp9uXcbjhGvUFg==/com.poc.datalayer-eoRt08eoltXBm8Fjt8lwwg==: {android.permission.flags.access_local_network_permission_enabled=true}
09-12 00:18:39.224 16986 17099 D PackageCacher: Feature flags for package /data/app/~~KYuWA9d7YnxCQInHwHOXyA==/com.poc.remoteintent-SyJFz6px5E1WAusowX4BJA==: {android.permission.flags.access_local_network_permission_enabled=true}
09-12 00:18:39.224 16986 17101 D PackageCacher: Feature flags for package /data/app/~~q73BiewNKPpbRljDjRFTQw==/com.google.android.wearable.pixel.pdms--EaChjbowWD87MdcbvV_rw==: {android.permission.flags.access_local_network_permission_enabled=true}
09-12 00:18:39.226 16986 16986 W PackageManager: Relax SCAN_REQUIRE_KNOWN requirement for package com.google.android.wearable.app
09-12 00:18:39.230 16986 16986 W PackageManager: Relax SCAN_REQUIRE_KNOWN requirement for package com.google.android.dialer
09-12 00:18:39.240 16986 16986 W PackageManager: Relax SCAN_REQUIRE_KNOWN requirement for package com.google.android.wearable.media.sessions
09-12 00:18:39.244 16986 16986 W PackageManager: Relax SCAN_REQUIRE_KNOWN requirement for package com.google.android.tts
09-12 00:18:39.248 16986 16986 W PackageManager: Relax SCAN_REQUIRE_KNOWN requirement for package com.google.android.wearable.dwf.receiver
09-12 00:18:39.256 16986 16986 W PackageManager: Relax SCAN_REQUIRE_KNOWN requirement for package com.android.vending
09-12 00:18:39.274 16986 16986 W PackageManager: Relax SCAN_REQUIRE_KNOWN requirement for package com.google.android.contacts
09-12 00:18:39.283 16986 16986 W PackageManager: Relax SCAN_REQUIRE_KNOWN requirement for package com.google.android.wearable.watchface.rwf
09-12 00:18:39.302 16986 16986 I PackageManager: /data/app/~~4OkDuO0TQX-wHEEPKnS1tA==/com.google.android.gms-9NEI3LtmM_lcBdmsLLItRQ== changed; collecting certs
09-12 00:18:39.393 16859 16859 W libbinder.ServiceManagerCppClient: Waited one second for activity (is service started? Number of threads started in the threadpool: 16. Are binder threads started and available?)
09-12 00:18:39.396   320 17103 W libc    : Unable to set property "ctl.interface_start" to "aidl/activity": PROP_ERROR_HANDLE_CONTROL_MESSAGE (0x20)
09-12 00:18:39.508 16853 16903 D BootAnimation: Playing files = /product/media/bootanimation-eos-384.zip/part2, Requested repeat = 0, playUntilComplete = false
09-12 00:18:39.618 16866 16882 D Diag_Lib: diag: Diag_LSM_Init: invoked for pid: 16866 with init_count: 0
09-12 00:18:39.619 16866 16882 D Diag_Lib: diag:failed to connect to diag socket
09-12 00:18:39.619 16866 16882 D Diag_Lib:  Diag_LSM_Init: Failed to open handle to diag driver, error = 111
09-12 00:18:39.619 16866 16882 I ATS     : vendor/qcom/sw5100-lw4/proprietary-audio/args/acdb/ats/transports/diag/linux/actp/src/actp.c:actp_diag_init:105 Error[1]: Failed to initialize DIAG
09-12 00:18:39.619 16866 16882 E ATS     : vendor/qcom/sw5100-lw4/proprietary-audio/args/acdb/ats/src/ats.c:ats_init:143 Error[1]: Failed to initialize Diag
09-12 00:18:39.619 16866 16882 E ATS     : vendor/qcom/sw5100-lw4/proprietary-audio/args/acdb/ats/src/ats.c:ats_init:263 Error[1]: Failed to initialize ATS
09-12 00:18:39.619 16866 16882 E AGM: API: ats_init_thread: 64 ats_init failed retry 19 err 1
09-12 00:18:40.119 16866 16882 D Diag_Lib: diag: Diag_LSM_Init: invoked for pid: 16866 with init_count: 0
09-12 00:18:40.119 16866 16882 D Diag_Lib: diag:failed to connect to diag socket
09-12 00:18:40.119 16866 16882 D Diag_Lib:  Diag_LSM_Init: Failed to open handle to diag driver, error = 111
09-12 00:18:40.119 16866 16882 I ATS     : vendor/qcom/sw5100-lw4/proprietary-audio/args/acdb/ats/transports/diag/linux/actp/src/actp.c:actp_diag_init:105 Error[1]: Failed to initialize DIAG
09-12 00:18:40.119 16866 16882 E ATS     : vendor/qcom/sw5100-lw4/proprietary-audio/args/acdb/ats/src/ats.c:ats_init:143 Error[1]: Failed to initialize Diag
09-12 00:18:40.119 16866 16882 E ATS     : vendor/qcom/sw5100-lw4/proprietary-audio/args/acdb/ats/src/ats.c:ats_init:263 Error[1]: Failed to initialize ATS
09-12 00:18:40.120 16866 16882 E AGM: API: ats_init_thread: 64 ats_init failed retry 20 err 1
09-12 00:18:40.257  1248  1248 I adbd    : adbd service requested 'shell,v2,TERM=xterm-256color:export ANDROID_LOG_TAGS=''; exec logcat '-d''
09-12 00:18:40.303  1682  1699 I pixel-thermal: audio-therm:39.215 raw data: audio-therm:39215 
09-12 00:18:40.394 16859 16859 W libbinder.ServiceManagerCppClient: Waited one second for activity (is service started? Number of threads started in the threadpool: 16. Are binder threads started and available?)
09-12 00:18:40.397   320 17107 W libc    : Unable to set property "ctl.interface_start" to "aidl/activity": PROP_ERROR_HANDLE_CONTROL_MESSAGE (0x20)
09-12 00:18:40.620 16866 16882 D Diag_Lib: diag: Diag_LSM_Init: invoked for pid: 16866 with init_count: 0
09-12 00:18:40.620 16866 16882 D Diag_Lib: diag:failed to connect to diag socket
09-12 00:18:40.620 16866 16882 D Diag_Lib:  Diag_LSM_Init: Failed to open handle to diag driver, error = 111
09-12 00:18:40.620 16866 16882 I ATS     : vendor/qcom/sw5100-lw4/proprietary-audio/args/acdb/ats/transports/diag/linux/actp/src/actp.c:actp_diag_init:105 Error[1]: Failed to initialize DIAG
09-12 00:18:40.620 16866 16882 E ATS     : vendor/qcom/sw5100-lw4/proprietary-audio/args/acdb/ats/src/ats.c:ats_init:143 Error[1]: Failed to initialize Diag
09-12 00:18:40.620 16866 16882 E ATS     : vendor/qcom/sw5100-lw4/proprietary-audio/args/acdb/ats/src/ats.c:ats_init:263 Error[1]: Failed to initialize ATS
09-12 00:18:40.620 16866 16882 E AGM: API: ats_init_thread: 64 ats_init failed retry 21 err 1
09-12 00:18:41.121 16866 16882 D Diag_Lib: diag: Diag_LSM_Init: invoked for pid: 16866 with init_count: 0
09-12 00:18:41.121 16866 16882 D Diag_Lib: diag:failed to connect to diag socket
09-12 00:18:41.121 16866 16882 D Diag_Lib:  Diag_LSM_Init: Failed to open handle to diag driver, error = 111
09-12 00:18:41.121 16866 16882 I ATS     : vendor/qcom/sw5100-lw4/proprietary-audio/args/acdb/ats/transports/diag/linux/actp/src/actp.c:actp_diag_init:105 Error[1]: Failed to initialize DIAG
09-12 00:18:41.121 16866 16882 E ATS     : vendor/qcom/sw5100-lw4/proprietary-audio/args/acdb/ats/src/ats.c:ats_init:143 Error[1]: Failed to initialize Diag
09-12 00:18:41.121 16866 16882 E ATS     : vendor/qcom/sw5100-lw4/proprietary-audio/args/acdb/ats/src/ats.c:ats_init:263 Error[1]: Failed to initialize ATS
09-12 00:18:41.121 16866 16882 E AGM: API: ats_init_thread: 64 ats_init failed retry 22 err 1
09-12 00:18:41.373 16986 16986 W PackageManager: Relax SCAN_REQUIRE_KNOWN requirement for package com.google.android.gms
09-12 00:18:41.375 16986 16986 W SharedLibrariesImpl: Package com.google.android.gms declares library com.google.android.gms that already exists; skipping
09-12 00:18:41.375 16986 16986 W SharedLibrariesImpl: Package com.google.android.gms declares library com.google.android.gms that already exists; skipping
09-12 00:18:41.376 16986 16986 I PackageManager: Update system package com.google.android.gms code path from /apex/com.google.android.gmssystem/priv-app/PrebuiltGmsCoreForClockworkWearable@CP2A.260603.001 to /data/app/~~4OkDuO0TQX-wHEEPKnS1tA==/com.google.android.gms-9NEI3LtmM_lcBdmsLLItRQ==; Retain data and using new
09-12 00:18:41.395 16986 16986 W PackageManager: Relax SCAN_REQUIRE_KNOWN requirement for package com.google.android.deskclock
09-12 00:18:41.396 16859 16859 W libbinder.ServiceManagerCppClient: Waited one second for activity (is service started? Number of threads started in the threadpool: 16. Are binder threads started and available?)
09-12 00:18:41.398   320 17108 W libc    : Unable to set property "ctl.interface_start" to "aidl/activity": PROP_ERROR_HANDLE_CONTROL_MESSAGE (0x20)
09-12 00:18:41.400 16986 16986 W PackageManager: Relax SCAN_REQUIRE_KNOWN requirement for package com.google.android.inputmethod.latin
09-12 00:18:41.405 16986 16986 W PackageManager: Relax SCAN_REQUIRE_KNOWN requirement for package com.google.android.gm
09-12 00:18:41.409 16986 16986 W PackageManager: Relax SCAN_REQUIRE_KNOWN requirement for package com.google.android.GoogleCamera
09-12 00:18:41.418 16986 16986 W PackageManager: Relax SCAN_REQUIRE_KNOWN requirement for package com.google.android.apps.safetyhub
09-12 00:18:41.458 16986 16986 W PackageManager: Relax SCAN_REQUIRE_KNOWN requirement for package com.google.android.wearable.pixel.pdms
09-12 00:18:41.478 16986 16986 I PackageManager: Finished scanning non-system apps. Time: 2392 ms, packageCount: 55 , timePerPackage: 43 , cached: 52
09-12 00:18:41.481 16986 16986 W PackageManager: Missing required system package: .
09-12 00:18:41.500 16986 16986 I PackageManager: Time to scan packages: 3.578 seconds
09-12 00:18:41.509 16986 16986 W PackageManager: Could not find package com.android.companiondevicemanager
09-12 00:18:41.624 16866 16882 D Diag_Lib: diag: Diag_LSM_Init: invoked for pid: 16866 with init_count: 0
09-12 00:18:41.625 16866 16882 D Diag_Lib: diag:failed to connect to diag socket
09-12 00:18:41.625 16866 16882 D Diag_Lib:  Diag_LSM_Init: Failed to open handle to diag driver, error = 111
09-12 00:18:41.625 16866 16882 I ATS     : vendor/qcom/sw5100-lw4/proprietary-audio/args/acdb/ats/transports/diag/linux/actp/src/actp.c:actp_diag_init:105 Error[1]: Failed to initialize DIAG
09-12 00:18:41.625 16866 16882 E ATS     : vendor/qcom/sw5100-lw4/proprietary-audio/args/acdb/ats/src/ats.c:ats_init:143 Error[1]: Failed to initialize Diag
09-12 00:18:41.625 16866 16882 E ATS     : vendor/qcom/sw5100-lw4/proprietary-audio/args/acdb/ats/src/ats.c:ats_init:263 Error[1]: Failed to initialize ATS
09-12 00:18:41.625 16866 16882 E AGM: API: ats_init_thread: 64 ats_init failed retry 23 err 1
09-12 00:18:41.701 16986 16986 W AppIdPermissionPolicy: Ignoring permission com.google.android.c2dm.permission.RECEIVE declared in system package com.google.android.gms: already declared in another system package com.google.android.gsf
09-12 00:18:41.702 16986 16986 W AppIdPermissionPolicy: Ignoring permission com.google.android.c2dm.permission.SEND declared in system package com.google.android.gms: already declared in another system package com.google.android.gsf
09-12 00:18:41.702 16986 16986 W AppIdPermissionPolicy: Ignoring permission com.google.android.providers.settings.permission.WRITE_GSETTINGS declared in system package com.google.android.gms: already declared in another system package com.google.android.gsf
09-12 00:18:41.702 16986 16986 W AppIdPermissionPolicy: Ignoring permission com.google.android.gtalkservice.permission.GTALK_SERVICE declared in system package com.google.android.gms: already declared in another system package com.google.android.gsf
09-12 00:18:41.702 16986 16986 W AppIdPermissionPolicy: Ignoring permission com.google.android.providers.gsf.permission.READ_GSERVICES declared in system package com.google.android.gms: already declared in another system package com.google.android.gsf
09-12 00:18:41.702 16986 16986 W AppIdPermissionPolicy: Ignoring permission com.google.android.providers.gsf.permission.WRITE_GSERVICES declared in system package com.google.android.gms: already declared in another system package com.google.android.gsf
09-12 00:18:41.702 16986 16986 W AppIdPermissionPolicy: Ignoring permission com.android.vending.INTENT_VENDING_ONLY declared in system package com.google.android.gms: already declared in another system package com.google.android.gsf
09-12 00:18:41.721 16986 16986 W AppIdPermissionPolicy: Ignoring permission com.google.android.c2dm.permission.RECEIVE declared in system package com.google.android.gms: already declared in another system package com.google.android.gsf
09-12 00:18:41.721 16986 16986 W AppIdPermissionPolicy: Ignoring permission com.google.android.c2dm.permission.SEND declared in system package com.google.android.gms: already declared in another system package com.google.android.gsf
09-12 00:18:41.721 16986 16986 W AppIdPermissionPolicy: Ignoring permission com.google.android.providers.settings.permission.WRITE_GSETTINGS declared in system package com.google.android.gms: already declared in another system package com.google.android.gsf
09-12 00:18:41.721 16986 16986 W AppIdPermissionPolicy: Ignoring permission com.google.android.gtalkservice.permission.GTALK_SERVICE declared in system package com.google.android.gms: already declared in another system package com.google.android.gsf
09-12 00:18:41.721 16986 16986 W AppIdPermissionPolicy: Ignoring permission com.google.android.providers.gsf.permission.READ_GSERVICES declared in system package com.google.android.gms: already declared in another system package com.google.android.gsf
09-12 00:18:41.721 16986 16986 W AppIdPermissionPolicy: Ignoring permission com.google.android.providers.gsf.permission.WRITE_GSERVICES declared in system package com.google.android.gms: already declared in another system package com.google.android.gsf
09-12 00:18:41.721 16986 16986 W AppIdPermissionPolicy: Ignoring permission com.android.vending.INTENT_VENDING_ONLY declared in system package com.google.android.gms: already declared in another system package com.google.android.gsf
09-12 00:18:41.754 16986 16986 W AppIdPermissionPolicy: Package com.google.android.gms is an APK in APEX but has permission allowlist on the system image, please bundle the allowlist in the com.google.android.gmssystem APEX instead
09-12 00:18:41.754 16986 16986 W AppIdPermissionPolicy: Package com.google.android.gms is an APK in APEX but has permission allowlist on the system image, please bundle the allowlist in the com.google.android.gmssystem APEX instead
09-12 00:18:41.754 16986 16986 W AppIdPermissionPolicy: Package com.google.android.gms is an APK in APEX but has permission allowlist on the system image, please bundle the allowlist in the com.google.android.gmssystem APEX instead
09-12 00:18:41.754 16986 16986 W AppIdPermissionPolicy: Package com.google.android.gms is an APK in APEX but has permission allowlist on the system image, please bundle the allowlist in the com.google.android.gmssystem APEX instead
09-12 00:18:41.754 16986 16986 W AppIdPermissionPolicy: Package com.google.android.gms is an APK in APEX but has permission allowlist on the system image, please bundle the allowlist in the com.google.android.gmssystem APEX instead
09-12 00:18:41.754 16986 16986 W AppIdPermissionPolicy: Package com.google.android.gms is an APK in APEX but has permission allowlist on the system image, please bundle the allowlist in the com.google.android.gmssystem APEX instead
09-12 00:18:41.754 16986 16986 W AppIdPermissionPolicy: Package com.google.android.gms is an APK in APEX but has permission allowlist on the system image, please bundle the allowlist in the com.google.android.gmssystem APEX instead
09-12 00:18:41.754 16986 16986 W AppIdPermissionPolicy: Package com.google.android.gms is an APK in APEX but has permission allowlist on the system image, please bundle the allowlist in the com.google.android.gmssystem APEX instead
09-12 00:18:41.754 16986 16986 W AppIdPermissionPolicy: Package com.google.android.gms is an APK in APEX but has permission allowlist on the system image, please bundle the allowlist in the com.google.android.gmssystem APEX instead
09-12 00:18:41.754 16986 16986 W AppIdPermissionPolicy: Package com.google.android.gms is an APK in APEX but has permission allowlist on the system image, please bundle the allowlist in the com.google.android.gmssystem APEX instead
09-12 00:18:41.754 16986 16986 W AppIdPermissionPolicy: Package com.google.android.gms is an APK in APEX but has permission allowlist on the system image, please bundle the allowlist in the com.google.android.gmssystem APEX instead
09-12 00:18:41.754 16986 16986 W AppIdPermissionPolicy: Package com.google.android.gms is an APK in APEX but has permission allowlist on the system image, please bundle the allowlist in the com.google.android.gmssystem APEX instead
09-12 00:18:41.754 16986 16986 W AppIdPermissionPolicy: Package com.google.android.gms is an APK in APEX but has permission allowlist on the system image, please bundle the allowlist in the com.google.android.gmssystem APEX instead
09-12 00:18:41.754 16986 16986 W AppIdPermissionPolicy: Package com.google.android.gms is an APK in APEX but has permission allowlist on the system image, please bundle the allowlist in the com.google.android.gmssystem APEX instead
09-12 00:18:41.754 16986 16986 W AppIdPermissionPolicy: Package com.google.android.gms is an APK in APEX but has permission allowlist on the system image, please bundle the allowlist in the com.google.android.gmssystem APEX instead
09-12 00:18:41.754 16986 16986 W AppIdPermissionPolicy: Package com.google.android.gms is an APK in APEX but has permission allowlist on the system image, please bundle the allowlist in the com.google.android.gmssystem APEX instead
09-12 00:18:41.755 16986 16986 W AppIdPermissionPolicy: Package com.google.android.gms is an APK in APEX but has permission allowlist on the system image, please bundle the allowlist in the com.google.android.gmssystem APEX instead
09-12 00:18:41.755 16986 16986 W AppIdPermissionPolicy: Package com.google.android.gms is an APK in APEX but has permission allowlist on the system image, please bundle the allowlist in the com.google.android.gmssystem APEX instead
09-12 00:18:41.755 16986 16986 W AppIdPermissionPolicy: Package com.google.android.gms is an APK in APEX but has permission allowlist on the system image, please bundle the allowlist in the com.google.android.gmssystem APEX instead
09-12 00:18:41.755 16986 16986 W AppIdPermissionPolicy: Package com.google.android.gms is an APK in APEX but has permission allowlist on the system image, please bundle the allowlist in the com.google.android.gmssystem APEX instead
09-12 00:18:41.755 16986 16986 W AppIdPermissionPolicy: Package com.google.android.gms is an APK in APEX but has permission allowlist on the system image, please bundle the allowlist in the com.google.android.gmssystem APEX instead
09-12 00:18:41.755 16986 16986 W AppIdPermissionPolicy: Package com.google.android.gms is an APK in APEX but has permission allowlist on the system image, please bundle the allowlist in the com.google.android.gmssystem APEX instead
09-12 00:18:41.755 16986 16986 W AppIdPermissionPolicy: Package com.google.android.gms is an APK in APEX but has permission allowlist on the system image, please bundle the allowlist in the com.google.android.gmssystem APEX instead
09-12 00:18:41.755 16986 16986 W AppIdPermissionPolicy: Package com.google.android.gms is an APK in APEX but has permission allowlist on the system image, please bundle the allowlist in the com.google.android.gmssystem APEX instead
09-12 00:18:41.755 16986 16986 W AppIdPermissionPolicy: Package com.google.android.gms is an APK in APEX but has permission allowlist on the system image, please bundle the allowlist in the com.google.android.gmssystem APEX instead
09-12 00:18:41.755 16986 16986 W AppIdPermissionPolicy: Package com.google.android.gms is an APK in APEX but has permission allowlist on the system image, please bundle the allowlist in the com.google.android.gmssystem APEX instead
09-12 00:18:41.755 16986 16986 W AppIdPermissionPolicy: Package com.google.android.gms is an APK in APEX but has permission allowlist on the system image, please bundle the allowlist in the com.google.android.gmssystem APEX instead
09-12 00:18:41.755 16986 16986 W AppIdPermissionPolicy: Package com.google.android.gms is an APK in APEX but has permission allowlist on the system image, please bundle the allowlist in the com.google.android.gmssystem APEX instead
09-12 00:18:41.755 16986 16986 W AppIdPermissionPolicy: Package com.google.android.gms is an APK in APEX but has permission allowlist on the system image, please bundle the allowlist in the com.google.android.gmssystem APEX instead
09-12 00:18:41.755 16986 16986 W AppIdPermissionPolicy: Package com.google.android.gms is an APK in APEX but has permission allowlist on the system image, please bundle the allowlist in the com.google.android.gmssystem APEX instead
09-12 00:18:41.755 16986 16986 W AppIdPermissionPolicy: Package com.google.android.gms is an APK in APEX but has permission allowlist on the system image, please bundle the allowlist in the com.google.android.gmssystem APEX instead
09-12 00:18:41.755 16986 16986 W AppIdPermissionPolicy: Package com.google.android.gms is an APK in APEX but has permission allowlist on the system image, please bundle the allowlist in the com.google.android.gmssystem APEX instead
09-12 00:18:41.756 16986 16986 W AppIdPermissionPolicy: Package com.google.android.gms is an APK in APEX but has permission allowlist on the system image, please bundle the allowlist in the com.google.android.gmssystem APEX instead
09-12 00:18:41.756 16986 16986 W AppIdPermissionPolicy: Package com.google.android.gms is an APK in APEX but has permission allowlist on the system image, please bundle the allowlist in the com.google.android.gmssystem APEX instead
09-12 00:18:41.756 16986 16986 W AppIdPermissionPolicy: Package com.google.android.gms is an APK in APEX but has permission allowlist on the system image, please bundle the allowlist in the com.google.android.gmssystem APEX instead
09-12 00:18:41.756 16986 16986 W AppIdPermissionPolicy: Package com.google.android.gms is an APK in APEX but has permission allowlist on the system image, please bundle the allowlist in the com.google.android.gmssystem APEX instead
09-12 00:18:41.756 16986 16986 W AppIdPermissionPolicy: Package com.google.android.gms is an APK in APEX but has permission allowlist on the system image, please bundle the allowlist in the com.google.android.gmssystem APEX instead
09-12 00:18:41.756 16853 16903 D BootAnimation: Playing files = /product/media/bootanimation-eos-384.zip/part2, Requested repeat = 0, playUntilComplete = false
09-12 00:18:41.756 16986 16986 W AppIdPermissionPolicy: Package com.google.android.gms is an APK in APEX but has permission allowlist on the system image, please bundle the allowlist in the com.google.android.gmssystem APEX instead
09-12 00:18:41.756 16986 16986 W AppIdPermissionPolicy: Package com.google.android.gms is an APK in APEX but has permission allowlist on the system image, please bundle the allowlist in the com.google.android.gmssystem APEX instead
09-12 00:18:41.756 16986 16986 W AppIdPermissionPolicy: Package com.google.android.gms is an APK in APEX but has permission allowlist on the system image, please bundle the allowlist in the com.google.android.gmssystem APEX instead
09-12 00:18:41.757 16986 16986 W AppIdPermissionPolicy: Package com.google.android.gms is an APK in APEX but has permission allowlist on the system image, please bundle the allowlist in the com.google.android.gmssystem APEX instead
09-12 00:18:41.758 16986 16986 W AppIdPermissionPolicy: Package com.google.android.gms is an APK in APEX but has permission allowlist on the system image, please bundle the allowlist in the com.google.android.gmssystem APEX instead
09-12 00:18:41.758 16986 16986 W AppIdPermissionPolicy: Package com.google.android.gms is an APK in APEX but has permission allowlist on the system image, please bundle the allowlist in the com.google.android.gmssystem APEX instead
09-12 00:18:41.758 16986 16986 W AppIdPermissionPolicy: Package com.google.android.gms is an APK in APEX but has permission allowlist on the system image, please bundle the allowlist in the com.google.android.gmssystem APEX instead
09-12 00:18:41.758 16986 16986 W AppIdPermissionPolicy: Package com.google.android.gms is an APK in APEX but has permission allowlist on the system image, please bundle the allowlist in the com.google.android.gmssystem APEX instead
09-12 00:18:41.758 16986 16986 W AppIdPermissionPolicy: Package com.google.android.gms is an APK in APEX but has permission allowlist on the system image, please bundle the allowlist in the com.google.android.gmssystem APEX instead
09-12 00:18:41.758 16986 16986 W AppIdPermissionPolicy: Package com.google.android.gms is an APK in APEX but has permission allowlist on the system image, please bundle the allowlist in the com.google.android.gmssystem APEX instead
09-12 00:18:41.758 16986 16986 W AppIdPermissionPolicy: Package com.google.android.gms is an APK in APEX but has permission allowlist on the system image, please bundle the allowlist in the com.google.android.gmssystem APEX instead
09-12 00:18:41.758 16986 16986 W AppIdPermissionPolicy: Package com.google.android.gms is an APK in APEX but has permission allowlist on the system image, please bundle the allowlist in the com.google.android.gmssystem APEX instead
09-12 00:18:41.758 16986 16986 W AppIdPermissionPolicy: Package com.google.android.gms is an APK in APEX but has permission allowlist on the system image, please bundle the allowlist in the com.google.android.gmssystem APEX instead
09-12 00:18:41.758 16986 16986 W AppIdPermissionPolicy: Package com.google.android.gms is an APK in APEX but has permission allowlist on the system image, please bundle the allowlist in the com.google.android.gmssystem APEX instead
09-12 00:18:41.759 16986 16986 W AppIdPermissionPolicy: Package com.google.android.gms is an APK in APEX but has permission allowlist on the system image, please bundle the allowlist in the com.google.android.gmssystem APEX instead
09-12 00:18:41.759 16986 16986 W AppIdPermissionPolicy: Package com.google.android.gms is an APK in APEX but has permission allowlist on the system image, please bundle the allowlist in the com.google.android.gmssystem APEX instead
09-12 00:18:41.759 16986 16986 W AppIdPermissionPolicy: Package com.google.android.gms is an APK in APEX but has permission allowlist on the system image, please bundle the allowlist in the com.google.android.gmssystem APEX instead
09-12 00:18:41.759 16986 16986 W AppIdPermissionPolicy: Package com.google.android.gms is an APK in APEX but has permission allowlist on the system image, please bundle the allowlist in the com.google.android.gmssystem APEX instead
09-12 00:18:41.759 16986 16986 W AppIdPermissionPolicy: Package com.google.android.gms is an APK in APEX but has permission allowlist on the system image, please bundle the allowlist in the com.google.android.gmssystem APEX instead
09-12 00:18:41.759 16986 16986 W AppIdPermissionPolicy: Package com.google.android.gms is an APK in APEX but has permission allowlist on the system image, please bundle the allowlist in the com.google.android.gmssystem APEX instead
09-12 00:18:41.759 16986 16986 W AppIdPermissionPolicy: Package com.google.android.gms is an APK in APEX but has permission allowlist on the system image, please bundle the allowlist in the com.google.android.gmssystem APEX instead
09-12 00:18:41.759 16986 16986 W AppIdPermissionPolicy: Package com.google.android.gms is an APK in APEX but has permission allowlist on the system image, please bundle the allowlist in the com.google.android.gmssystem APEX instead
09-12 00:18:41.759 16986 16986 W AppIdPermissionPolicy: Package com.google.android.gms is an APK in APEX but has permission allowlist on the system image, please bundle the allowlist in the com.google.android.gmssystem APEX instead
09-12 00:18:41.759 16986 16986 W AppIdPermissionPolicy: Package com.google.android.gms is an APK in APEX but has permission allowlist on the system image, please bundle the allowlist in the com.google.android.gmssystem APEX instead
09-12 00:18:41.759 16986 16986 W AppIdPermissionPolicy: Package com.google.android.gms is an APK in APEX but has permission allowlist on the system image, please bundle the allowlist in the com.google.android.gmssystem APEX instead
09-12 00:18:41.760 16986 16986 W AppIdPermissionPolicy: Package com.google.android.gms is an APK in APEX but has permission allowlist on the system image, please bundle the allowlist in the com.google.android.gmssystem APEX instead
09-12 00:18:41.760 16986 16986 W AppIdPermissionPolicy: Package com.google.android.gms is an APK in APEX but has permission allowlist on the system image, please bundle the allowlist in the com.google.android.gmssystem APEX instead
09-12 00:18:41.760 16986 16986 W AppIdPermissionPolicy: Package com.google.android.gms is an APK in APEX but has permission allowlist on the system image, please bundle the allowlist in the com.google.android.gmssystem APEX instead
09-12 00:18:41.760 16986 16986 W AppIdPermissionPolicy: Package com.google.android.gms is an APK in APEX but has permission allowlist on the system image, please bundle the allowlist in the com.google.android.gmssystem APEX instead
09-12 00:18:41.760 16986 16986 W AppIdPermissionPolicy: Package com.google.android.gms is an APK in APEX but has permission allowlist on the system image, please bundle the allowlist in the com.google.android.gmssystem APEX instead
09-12 00:18:41.760 16986 16986 W AppIdPermissionPolicy: Package com.google.android.gms is an APK in APEX but has permission allowlist on the system image, please bundle the allowlist in the com.google.android.gmssystem APEX instead
09-12 00:18:41.760 16986 16986 W AppIdPermissionPolicy: Package com.google.android.gms is an APK in APEX but has permission allowlist on the system image, please bundle the allowlist in the com.google.android.gmssystem APEX instead
09-12 00:18:41.760 16986 16986 W AppIdPermissionPolicy: Package com.google.android.gms is an APK in APEX but has permission allowlist on the system image, please bundle the allowlist in the com.google.android.gmssystem APEX instead
09-12 00:18:41.760 16986 16986 W AppIdPermissionPolicy: Package com.google.android.gms is an APK in APEX but has permission allowlist on the system image, please bundle the allowlist in the com.google.android.gmssystem APEX instead
09-12 00:18:41.760 16986 16986 W AppIdPermissionPolicy: Package com.google.android.gms is an APK in APEX but has permission allowlist on the system image, please bundle the allowlist in the com.google.android.gmssystem APEX instead
09-12 00:18:41.761 16986 16986 W AppIdPermissionPolicy: Package com.google.android.gms is an APK in APEX but has permission allowlist on the system image, please bundle the allowlist in the com.google.android.gmssystem APEX instead
09-12 00:18:41.761 16986 16986 W AppIdPermissionPolicy: Package com.google.android.gms is an APK in APEX but has permission allowlist on the system image, please bundle the allowlist in the com.google.android.gmssystem APEX instead
09-12 00:18:41.761 16986 16986 W AppIdPermissionPolicy: Package com.google.android.gms is an APK in APEX but has permission allowlist on the system image, please bundle the allowlist in the com.google.android.gmssystem APEX instead
09-12 00:18:41.761 16986 16986 W AppIdPermissionPolicy: Package com.google.android.gms is an APK in APEX but has permission allowlist on the system image, please bundle the allowlist in the com.google.android.gmssystem APEX instead
09-12 00:18:41.761 16986 16986 W AppIdPermissionPolicy: Package com.google.android.gms is an APK in APEX but has permission allowlist on the system image, please bundle the allowlist in the com.google.android.gmssystem APEX instead
09-12 00:18:41.761 16986 16986 W AppIdPermissionPolicy: Package com.google.android.gms is an APK in APEX but has permission allowlist on the system image, please bundle the allowlist in the com.google.android.gmssystem APEX instead
09-12 00:18:41.761 16986 16986 W AppIdPermissionPolicy: Package com.google.android.gms is an APK in APEX but has permission allowlist on the system image, please bundle the allowlist in the com.google.android.gmssystem APEX instead
09-12 00:18:41.761 16986 16986 W AppIdPermissionPolicy: Package com.google.android.gms is an APK in APEX but has permission allowlist on the system image, please bundle the allowlist in the com.google.android.gmssystem APEX instead
09-12 00:18:41.761 16986 16986 W AppIdPermissionPolicy: Package com.google.android.gms is an APK in APEX but has permission allowlist on the system image, please bundle the allowlist in the com.google.android.gmssystem APEX instead
09-12 00:18:41.761 16986 16986 W AppIdPermissionPolicy: Package com.google.android.gms is an APK in APEX but has permission allowlist on the system image, please bundle the allowlist in the com.google.android.gmssystem APEX instead
09-12 00:18:41.761 16986 16986 W AppIdPermissionPolicy: Package com.google.android.gms is an APK in APEX but has permission allowlist on the system image, please bundle the allowlist in the com.google.android.gmssystem APEX instead
09-12 00:18:41.761 16986 16986 W AppIdPermissionPolicy: Package com.google.android.gms is an APK in APEX but has permission allowlist on the system image, please bundle the allowlist in the com.google.android.gmssystem APEX instead
09-12 00:18:41.761 16986 16986 W AppIdPermissionPolicy: Package com.google.android.gms is an APK in APEX but has permission allowlist on the system image, please bundle the allowlist in the com.google.android.gmssystem APEX instead
09-12 00:18:41.761 16986 16986 W AppIdPermissionPolicy: Package com.google.android.gms is an APK in APEX but has permission allowlist on the system image, please bundle the allowlist in the com.google.android.gmssystem APEX instead
09-12 00:18:41.762 16986 16986 W AppIdPermissionPolicy: Package com.google.android.gms is an APK in APEX but has permission allowlist on the system image, please bundle the allowlist in the com.google.android.gmssystem APEX instead
09-12 00:18:41.762 16986 16986 W AppIdPermissionPolicy: Package com.google.android.gms is an APK in APEX but has permission allowlist on the system image, please bundle the allowlist in the com.google.android.gmssystem APEX instead
09-12 00:18:41.762 16986 16986 W AppIdPermissionPolicy: Package com.google.android.gms is an APK in APEX but has permission allowlist on the system image, please bundle the allowlist in the com.google.android.gmssystem APEX instead
09-12 00:18:41.762 16986 16986 W AppIdPermissionPolicy: Package com.google.android.gms is an APK in APEX but has permission allowlist on the system image, please bundle the allowlist in the com.google.android.gmssystem APEX instead
09-12 00:18:41.762 16986 16986 W AppIdPermissionPolicy: Package com.google.android.gms is an APK in APEX but has permission allowlist on the system image, please bundle the allowlist in the com.google.android.gmssystem APEX instead
09-12 00:18:41.762 16986 16986 W AppIdPermissionPolicy: Package com.google.android.gms is an APK in APEX but has permission allowlist on the system image, please bundle the allowlist in the com.google.android.gmssystem APEX instead
09-12 00:18:41.762 16986 16986 W AppIdPermissionPolicy: Package com.google.android.gms is an APK in APEX but has permission allowlist on the system image, please bundle the allowlist in the com.google.android.gmssystem APEX instead
09-12 00:18:41.762 16986 16986 W AppIdPermissionPolicy: Package com.google.android.gms is an APK in APEX but has permission allowlist on the system image, please bundle the allowlist in the com.google.android.gmssystem APEX instead
09-12 00:18:41.762 16986 16986 W AppIdPermissionPolicy: Package com.google.android.gms is an APK in APEX but has permission allowlist on the system image, please bundle the allowlist in the com.google.android.gmssystem APEX instead
09-12 00:18:41.762 16986 16986 W AppIdPermissionPolicy: Package com.google.android.gms is an APK in APEX but has permission allowlist on the system image, please bundle the allowlist in the com.google.android.gmssystem APEX instead
09-12 00:18:41.763 16986 16986 W AppIdPermissionPolicy: Package com.google.android.gms is an APK in APEX but has permission allowlist on the system image, please bundle the allowlist in the com.google.android.gmssystem APEX instead
09-12 00:18:41.763 16986 16986 W AppIdPermissionPolicy: Package com.google.android.gms is an APK in APEX but has permission allowlist on the system image, please bundle the allowlist in the com.google.android.gmssystem APEX instead
09-12 00:18:41.763 16986 16986 W AppIdPermissionPolicy: Package com.google.android.gms is an APK in APEX but has permission allowlist on the system image, please bundle the allowlist in the com.google.android.gmssystem APEX instead
09-12 00:18:41.763 16986 16986 W AppIdPermissionPolicy: Package com.google.android.gms is an APK in APEX but has permission allowlist on the system image, please bundle the allowlist in the com.google.android.gmssystem APEX instead
09-12 00:18:41.763 16986 16986 W AppIdPermissionPolicy: Package com.google.android.gms is an APK in APEX but has permission allowlist on the system image, please bundle the allowlist in the com.google.android.gmssystem APEX instead
09-12 00:18:41.763 16986 16986 W AppIdPermissionPolicy: Package com.google.android.gms is an APK in APEX but has permission allowlist on the system image, please bundle the allowlist in the com.google.android.gmssystem APEX instead
09-12 00:18:41.763 16986 16986 W AppIdPermissionPolicy: Package com.google.android.gms is an APK in APEX but has permission allowlist on the system image, please bundle the allowlist in the com.google.android.gmssystem APEX instead
09-12 00:18:41.763 16986 16986 W AppIdPermissionPolicy: Package com.google.android.gms is an APK in APEX but has permission allowlist on the system image, please bundle the allowlist in the com.google.android.gmssystem APEX instead
09-12 00:18:41.763 16986 16986 W AppIdPermissionPolicy: Package com.google.android.gms is an APK in APEX but has permission allowlist on the system image, please bundle the allowlist in the com.google.android.gmssystem APEX instead
09-12 00:18:41.764 16986 16986 W AppIdPermissionPolicy: Package com.google.android.gms is an APK in APEX but has permission allowlist on the system image, please bundle the allowlist in the com.google.android.gmssystem APEX instead
09-12 00:18:41.764 16986 16986 W AppIdPermissionPolicy: Package com.google.android.gms is an APK in APEX but has permission allowlist on the system image, please bundle the allowlist in the com.google.android.gmssystem APEX instead
09-12 00:18:41.764 16986 16986 W AppIdPermissionPolicy: Package com.google.android.gms is an APK in APEX but has permission allowlist on the system image, please bundle the allowlist in the com.google.android.gmssystem APEX instead
09-12 00:18:41.764 16986 16986 W AppIdPermissionPolicy: Package com.google.android.gms is an APK in APEX but has permission allowlist on the system image, please bundle the allowlist in the com.google.android.gmssystem APEX instead
09-12 00:18:41.764 16986 16986 W AppIdPermissionPolicy: Package com.google.android.gms is an APK in APEX but has permission allowlist on the system image, please bundle the allowlist in the com.google.android.gmssystem APEX instead
09-12 00:18:41.764 16986 16986 W AppIdPermissionPolicy: Package com.google.android.gms is an APK in APEX but has permission allowlist on the system image, please bundle the allowlist in the com.google.android.gmssystem APEX instead
09-12 00:18:41.764 16986 16986 W AppIdPermissionPolicy: Package com.google.android.gms is an APK in APEX but has permission allowlist on the system image, please bundle the allowlist in the com.google.android.gmssystem APEX instead
09-12 00:18:41.764 16986 16986 W AppIdPermissionPolicy: Package com.google.android.gms is an APK in APEX but has permission allowlist on the system image, please bundle the allowlist in the com.google.android.gmssystem APEX instead
09-12 00:18:41.765 16986 16986 W AppIdPermissionPolicy: Package com.google.android.gms is an APK in APEX but has permission allowlist on the system image, please bundle the allowlist in the com.google.android.gmssystem APEX instead
09-12 00:18:41.765 16986 16986 W AppIdPermissionPolicy: Package com.google.android.gms is an APK in APEX but has permission allowlist on the system image, please bundle the allowlist in the com.google.android.gmssystem APEX instead
09-12 00:18:41.765 16986 16986 W AppIdPermissionPolicy: Package com.google.android.gms is an APK in APEX but has permission allowlist on the system image, please bundle the allowlist in the com.google.android.gmssystem APEX instead
09-12 00:18:41.765 16986 16986 W AppIdPermissionPolicy: Package com.google.android.gms is an APK in APEX but has permission allowlist on the system image, please bundle the allowlist in the com.google.android.gmssystem APEX instead
09-12 00:18:41.765 16986 16986 W AppIdPermissionPolicy: Package com.google.android.gms is an APK in APEX but has permission allowlist on the system image, please bundle the allowlist in the com.google.android.gmssystem APEX instead
09-12 00:18:41.765 16986 16986 W AppIdPermissionPolicy: Package com.google.android.gms is an APK in APEX but has permission allowlist on the system image, please bundle the allowlist in the com.google.android.gmssystem APEX instead
09-12 00:18:41.765 16986 16986 W AppIdPermissionPolicy: Package com.google.android.gms is an APK in APEX but has permission allowlist on the system image, please bundle the allowlist in the com.google.android.gmssystem APEX instead
09-12 00:18:41.765 16986 16986 W AppIdPermissionPolicy: Package com.google.android.gms is an APK in APEX but has permission allowlist on the system image, please bundle the allowlist in the com.google.android.gmssystem APEX instead
09-12 00:18:41.765 16986 16986 W AppIdPermissionPolicy: Package com.google.android.gms is an APK in APEX but has permission allowlist on the system image, please bundle the allowlist in the com.google.android.gmssystem APEX instead
09-12 00:18:41.765 16986 16986 W AppIdPermissionPolicy: Package com.google.android.gms is an APK in APEX but has permission allowlist on the system image, please bundle the allowlist in the com.google.android.gmssystem APEX instead
09-12 00:18:41.771 16986 16986 W AppIdPermissionPolicy: Package com.google.android.gms is an APK in APEX but has permission allowlist on the system image, please bundle the allowlist in the com.google.android.gmssystem APEX instead
09-12 00:18:41.771 16986 16986 W AppIdPermissionPolicy: Package com.google.android.gms is an APK in APEX but has permission allowlist on the system image, please bundle the allowlist in the com.google.android.gmssystem APEX instead
09-12 00:18:41.771 16986 16986 W AppIdPermissionPolicy: Package com.google.android.gms is an APK in APEX but has permission allowlist on the system image, please bundle the allowlist in the com.google.android.gmssystem APEX instead
09-12 00:18:41.771 16986 16986 W AppIdPermissionPolicy: Package com.google.android.gms is an APK in APEX but has permission allowlist on the system image, please bundle the allowlist in the com.google.android.gmssystem APEX instead
09-12 00:18:41.771 16986 16986 W AppIdPermissionPolicy: Package com.google.android.gms is an APK in APEX but has permission allowlist on the system image, please bundle the allowlist in the com.google.android.gmssystem APEX instead
09-12 00:18:41.771 16986 16986 W AppIdPermissionPolicy: Package com.google.android.gms is an APK in APEX but has permission allowlist on the system image, please bundle the allowlist in the com.google.android.gmssystem APEX instead
09-12 00:18:41.771 16986 16986 W AppIdPermissionPolicy: Package com.google.android.gms is an APK in APEX but has permission allowlist on the system image, please bundle the allowlist in the com.google.android.gmssystem APEX instead
09-12 00:18:41.771 16986 16986 W AppIdPermissionPolicy: Package com.google.android.gms is an APK in APEX but has permission allowlist on the system image, please bundle the allowlist in the com.google.android.gmssystem APEX instead
09-12 00:18:41.771 16986 16986 W AppIdPermissionPolicy: Package com.google.android.gms is an APK in APEX but has permission allowlist on the system image, please bundle the allowlist in the com.google.android.gmssystem APEX instead
09-12 00:18:41.771 16986 16986 W AppIdPermissionPolicy: Package com.google.android.gms is an APK in APEX but has permission allowlist on the system image, please bundle the allowlist in the com.google.android.gmssystem APEX instead
09-12 00:18:41.771 16986 16986 W AppIdPermissionPolicy: Package com.google.android.gms is an APK in APEX but has permission allowlist on the system image, please bundle the allowlist in the com.google.android.gmssystem APEX instead
09-12 00:18:41.772 16986 16986 W AppIdPermissionPolicy: Package com.google.android.gms is an APK in APEX but has permission allowlist on the system image, please bundle the allowlist in the com.google.android.gmssystem APEX instead
09-12 00:18:41.772 16986 16986 W AppIdPermissionPolicy: Package com.google.android.gms is an APK in APEX but has permission allowlist on the system image, please bundle the allowlist in the com.google.android.gmssystem APEX instead
09-12 00:18:41.772 16986 16986 W AppIdPermissionPolicy: Package com.google.android.gms is an APK in APEX but has permission allowlist on the system image, please bundle the allowlist in the com.google.android.gmssystem APEX instead
09-12 00:18:41.772 16986 16986 W AppIdPermissionPolicy: Package com.google.android.gms is an APK in APEX but has permission allowlist on the system image, please bundle the allowlist in the com.google.android.gmssystem APEX instead
09-12 00:18:41.772 16986 16986 W AppIdPermissionPolicy: Package com.google.android.gms is an APK in APEX but has permission allowlist on the system image, please bundle the allowlist in the com.google.android.gmssystem APEX instead
09-12 00:18:41.772 16986 16986 W AppIdPermissionPolicy: Package com.google.android.gms is an APK in APEX but has permission allowlist on the system image, please bundle the allowlist in the com.google.android.gmssystem APEX instead
09-12 00:18:41.772 16986 16986 W AppIdPermissionPolicy: Package com.google.android.gms is an APK in APEX but has permission allowlist on the system image, please bundle the allowlist in the com.google.android.gmssystem APEX instead
09-12 00:18:41.772 16986 16986 W AppIdPermissionPolicy: Package com.google.android.gms is an APK in APEX but has permission allowlist on the system image, please bundle the allowlist in the com.google.android.gmssystem APEX instead
09-12 00:18:41.772 16986 16986 W AppIdPermissionPolicy: Package com.google.android.gms is an APK in APEX but has permission allowlist on the system image, please bundle the allowlist in the com.google.android.gmssystem APEX instead
09-12 00:18:41.772 16986 16986 W AppIdPermissionPolicy: Package com.google.android.gms is an APK in APEX but has permission allowlist on the system image, please bundle the allowlist in the com.google.android.gmssystem APEX instead
09-12 00:18:41.772 16986 16986 W AppIdPermissionPolicy: Package com.google.android.gms is an APK in APEX but has permission allowlist on the system image, please bundle the allowlist in the com.google.android.gmssystem APEX instead
09-12 00:18:41.772 16986 16986 W AppIdPermissionPolicy: Package com.google.android.gms is an APK in APEX but has permission allowlist on the system image, please bundle the allowlist in the com.google.android.gmssystem APEX instead
09-12 00:18:41.772 16986 16986 W AppIdPermissionPolicy: Package com.google.android.gms is an APK in APEX but has permission allowlist on the system image, please bundle the allowlist in the com.google.android.gmssystem APEX instead
09-12 00:18:41.772 16986 16986 W AppIdPermissionPolicy: Package com.google.android.gms is an APK in APEX but has permission allowlist on the system image, please bundle the allowlist in the com.google.android.gmssystem APEX instead
09-12 00:18:41.772 16986 16986 W AppIdPermissionPolicy: Package com.google.android.gms is an APK in APEX but has permission allowlist on the system image, please bundle the allowlist in the com.google.android.gmssystem APEX instead
09-12 00:18:41.773 16986 16986 W AppIdPermissionPolicy: Package com.google.android.gms is an APK in APEX but has permission allowlist on the system image, please bundle the allowlist in the com.google.android.gmssystem APEX instead
09-12 00:18:41.773 16986 16986 W AppIdPermissionPolicy: Package com.google.android.gms is an APK in APEX but has permission allowlist on the system image, please bundle the allowlist in the com.google.android.gmssystem APEX instead
09-12 00:18:41.773 16986 16986 W AppIdPermissionPolicy: Package com.google.android.gms is an APK in APEX but has permission allowlist on the system image, please bundle the allowlist in the com.google.android.gmssystem APEX instead
09-12 00:18:41.773 16986 16986 W AppIdPermissionPolicy: Package com.google.android.gms is an APK in APEX but has permission allowlist on the system image, please bundle the allowlist in the com.google.android.gmssystem APEX instead
09-12 00:18:41.773 16986 16986 W AppIdPermissionPolicy: Package com.google.android.gms is an APK in APEX but has permission allowlist on the system image, please bundle the allowlist in the com.google.android.gmssystem APEX instead
09-12 00:18:41.773 16986 16986 W AppIdPermissionPolicy: Package com.google.android.gms is an APK in APEX but has permission allowlist on the system image, please bundle the allowlist in the com.google.android.gmssystem APEX instead
09-12 00:18:41.773 16986 16986 W AppIdPermissionPolicy: Package com.google.android.gms is an APK in APEX but has permission allowlist on the system image, please bundle the allowlist in the com.google.android.gmssystem APEX instead
09-12 00:18:41.773 16986 16986 W AppIdPermissionPolicy: Package com.google.android.gms is an APK in APEX but has permission allowlist on the system image, please bundle the allowlist in the com.google.android.gmssystem APEX instead
09-12 00:18:41.774 16986 16986 W AppIdPermissionPolicy: Package com.google.android.gms is an APK in APEX but has permission allowlist on the system image, please bundle the allowlist in the com.google.android.gmssystem APEX instead
09-12 00:18:41.774 16986 16986 W AppIdPermissionPolicy: Package com.google.android.gms is an APK in APEX but has permission allowlist on the system image, please bundle the allowlist in the com.google.android.gmssystem APEX instead
09-12 00:18:41.774 16986 16986 W AppIdPermissionPolicy: Package com.google.android.gms is an APK in APEX but has permission allowlist on the system image, please bundle the allowlist in the com.google.android.gmssystem APEX instead
09-12 00:18:41.774 16986 16986 W AppIdPermissionPolicy: Package com.google.android.gms is an APK in APEX but has permission allowlist on the system image, please bundle the allowlist in the com.google.android.gmssystem APEX instead
09-12 00:18:41.774 16986 16986 W AppIdPermissionPolicy: Package com.google.android.gms is an APK in APEX but has permission allowlist on the system image, please bundle the allowlist in the com.google.android.gmssystem APEX instead
09-12 00:18:41.774 16986 16986 W AppIdPermissionPolicy: Package com.google.android.gms is an APK in APEX but has permission allowlist on the system image, please bundle the allowlist in the com.google.android.gmssystem APEX instead
09-12 00:18:41.774 16986 16986 W AppIdPermissionPolicy: Package com.google.android.gms is an APK in APEX but has permission allowlist on the system image, please bundle the allowlist in the com.google.android.gmssystem APEX instead
09-12 00:18:41.774 16986 16986 W AppIdPermissionPolicy: Package com.google.android.gms is an APK in APEX but has permission allowlist on the system image, please bundle the allowlist in the com.google.android.gmssystem APEX instead
09-12 00:18:41.774 16986 16986 W AppIdPermissionPolicy: Package com.google.android.gms is an APK in APEX but has permission allowlist on the system image, please bundle the allowlist in the com.google.android.gmssystem APEX instead
09-12 00:18:41.775 16986 16986 W AppIdPermissionPolicy: Package com.google.android.gms is an APK in APEX but has permission allowlist on the system image, please bundle the allowlist in the com.google.android.gmssystem APEX instead
09-12 00:18:41.775 16986 16986 W AppIdPermissionPolicy: Package com.google.android.gms is an APK in APEX but has permission allowlist on the system image, please bundle the allowlist in the com.google.android.gmssystem APEX instead
09-12 00:18:41.775 16986 16986 W AppIdPermissionPolicy: Package com.google.android.gms is an APK in APEX but has permission allowlist on the system image, please bundle the allowlist in the com.google.android.gmssystem APEX instead
09-12 00:18:41.775 16986 16986 W AppIdPermissionPolicy: Package com.google.android.gms is an APK in APEX but has permission allowlist on the system image, please bundle the allowlist in the com.google.android.gmssystem APEX instead
09-12 00:18:41.775 16986 16986 W AppIdPermissionPolicy: Package com.google.android.gms is an APK in APEX but has permission allowlist on the system image, please bundle the allowlist in the com.google.android.gmssystem APEX instead
09-12 00:18:41.775 16986 16986 W AppIdPermissionPolicy: Package com.google.android.gms is an APK in APEX but has permission allowlist on the system image, please bundle the allowlist in the com.google.android.gmssystem APEX instead
09-12 00:18:41.775 16986 16986 W AppIdPermissionPolicy: Package com.google.android.gms is an APK in APEX but has permission allowlist on the system image, please bundle the allowlist in the com.google.android.gmssystem APEX instead
09-12 00:18:41.775 16986 16986 W AppIdPermissionPolicy: Package com.google.android.gms is an APK in APEX but has permission allowlist on the system image, please bundle the allowlist in the com.google.android.gmssystem APEX instead
09-12 00:18:41.775 16986 16986 W AppIdPermissionPolicy: Package com.google.android.gms is an APK in APEX but has permission allowlist on the system image, please bundle the allowlist in the com.google.android.gmssystem APEX instead
09-12 00:18:41.775 16986 16986 W AppIdPermissionPolicy: Package com.google.android.gms is an APK in APEX but has permission allowlist on the system image, please bundle the allowlist in the com.google.android.gmssystem APEX instead
09-12 00:18:41.775 16986 16986 W AppIdPermissionPolicy: Package com.google.android.gms is an APK in APEX but has permission allowlist on the system image, please bundle the allowlist in the com.google.android.gmssystem APEX instead
09-12 00:18:41.775 16986 16986 W AppIdPermissionPolicy: Package com.google.android.gms is an APK in APEX but has permission allowlist on the system image, please bundle the allowlist in the com.google.android.gmssystem APEX instead
09-12 00:18:41.775 16986 16986 W AppIdPermissionPolicy: Package com.google.android.gms is an APK in APEX but has permission allowlist on the system image, please bundle the allowlist in the com.google.android.gmssystem APEX instead
09-12 00:18:41.775 16986 16986 W AppIdPermissionPolicy: Package com.google.android.gms is an APK in APEX but has permission allowlist on the system image, please bundle the allowlist in the com.google.android.gmssystem APEX instead
09-12 00:18:41.775 16986 16986 W AppIdPermissionPolicy: Package com.google.android.gms is an APK in APEX but has permission allowlist on the system image, please bundle the allowlist in the com.google.android.gmssystem APEX instead
09-12 00:18:41.775 16986 16986 W AppIdPermissionPolicy: Package com.google.android.gms is an APK in APEX but has permission allowlist on the system image, please bundle the allowlist in the com.google.android.gmssystem APEX instead
09-12 00:18:41.775 16986 16986 W AppIdPermissionPolicy: Package com.google.android.gms is an APK in APEX but has permission allowlist on the system image, please bundle the allowlist in the com.google.android.gmssystem APEX instead
09-12 00:18:41.775 16986 16986 W AppIdPermissionPolicy: Package com.google.android.gms is an APK in APEX but has permission allowlist on the system image, please bundle the allowlist in the com.google.android.gmssystem APEX instead
09-12 00:18:41.775 16986 16986 W AppIdPermissionPolicy: Package com.google.android.gms is an APK in APEX but has permission allowlist on the system image, please bundle the allowlist in the com.google.android.gmssystem APEX instead
09-12 00:18:41.775 16986 16986 W AppIdPermissionPolicy: Package com.google.android.gms is an APK in APEX but has permission allowlist on the system image, please bundle the allowlist in the com.google.android.gmssystem APEX instead
09-12 00:18:41.775 16986 16986 W AppIdPermissionPolicy: Package com.google.android.gms is an APK in APEX but has permission allowlist on the system image, please bundle the allowlist in the com.google.android.gmssystem APEX instead
09-12 00:18:41.776 16986 16986 W AppIdPermissionPolicy: Package com.google.android.gms is an APK in APEX but has permission allowlist on the system image, please bundle the allowlist in the com.google.android.gmssystem APEX instead
09-12 00:18:41.776 16986 16986 W AppIdPermissionPolicy: Package com.google.android.gms is an APK in APEX but has permission allowlist on the system image, please bundle the allowlist in the com.google.android.gmssystem APEX instead
09-12 00:18:41.776 16986 16986 W AppIdPermissionPolicy: Package com.google.android.gms is an APK in APEX but has permission allowlist on the system image, please bundle the allowlist in the com.google.android.gmssystem APEX instead
09-12 00:18:41.776 16986 16986 W AppIdPermissionPolicy: Package com.google.android.gms is an APK in APEX but has permission allowlist on the system image, please bundle the allowlist in the com.google.android.gmssystem APEX instead
09-12 00:18:41.776 16986 16986 W AppIdPermissionPolicy: Package com.google.android.gms is an APK in APEX but has permission allowlist on the system image, please bundle the allowlist in the com.google.android.gmssystem APEX instead
09-12 00:18:41.776 16986 16986 W AppIdPermissionPolicy: Package com.google.android.gms is an APK in APEX but has permission allowlist on the system image, please bundle the allowlist in the com.google.android.gmssystem APEX instead
09-12 00:18:41.776 16986 16986 W AppIdPermissionPolicy: Package com.google.android.gms is an APK in APEX but has permission allowlist on the system image, please bundle the allowlist in the com.google.android.gmssystem APEX instead
09-12 00:18:41.776 16986 16986 W AppIdPermissionPolicy: Package com.google.android.gms is an APK in APEX but has permission allowlist on the system image, please bundle the allowlist in the com.google.android.gmssystem APEX instead
09-12 00:18:41.776 16986 16986 W AppIdPermissionPolicy: Package com.google.android.gms is an APK in APEX but has permission allowlist on the system image, please bundle the allowlist in the com.google.android.gmssystem APEX instead
09-12 00:18:41.776 16986 16986 W AppIdPermissionPolicy: Package com.google.android.gms is an APK in APEX but has permission allowlist on the system image, please bundle the allowlist in the com.google.android.gmssystem APEX instead
09-12 00:18:41.776 16986 16986 W AppIdPermissionPolicy: Package com.google.android.gms is an APK in APEX but has permission allowlist on the system image, please bundle the allowlist in the com.google.android.gmssystem APEX instead
09-12 00:18:41.776 16986 16986 W AppIdPermissionPolicy: Package com.google.android.gms is an APK in APEX but has permission allowlist on the system image, please bundle the allowlist in the com.google.android.gmssystem APEX instead
09-12 00:18:41.776 16986 16986 W AppIdPermissionPolicy: Package com.google.android.gms is an APK in APEX but has permission allowlist on the system image, please bundle the allowlist in the com.google.android.gmssystem APEX instead
09-12 00:18:41.776 16986 16986 W AppIdPermissionPolicy: Package com.google.android.gms is an APK in APEX but has permission allowlist on the system image, please bundle the allowlist in the com.google.android.gmssystem APEX instead
09-12 00:18:41.776 16986 16986 W AppIdPermissionPolicy: Package com.google.android.gms is an APK in APEX but has permission allowlist on the system image, please bundle the allowlist in the com.google.android.gmssystem APEX instead
09-12 00:18:41.776 16986 16986 W AppIdPermissionPolicy: Package com.google.android.gms is an APK in APEX but has permission allowlist on the system image, please bundle the allowlist in the com.google.android.gmssystem APEX instead
09-12 00:18:41.776 16986 16986 W AppIdPermissionPolicy: Package com.google.android.gms is an APK in APEX but has permission allowlist on the system image, please bundle the allowlist in the com.google.android.gmssystem APEX instead
09-12 00:18:41.776 16986 16986 W AppIdPermissionPolicy: Package com.google.android.gms is an APK in APEX but has permission allowlist on the system image, please bundle the allowlist in the com.google.android.gmssystem APEX instead
09-12 00:18:41.777 16986 16986 W AppIdPermissionPolicy: Package com.google.android.gms is an APK in APEX but has permission allowlist on the system image, please bundle the allowlist in the com.google.android.gmssystem APEX instead
09-12 00:18:41.777 16986 16986 W AppIdPermissionPolicy: Package com.google.android.gms is an APK in APEX but has permission allowlist on the system image, please bundle the allowlist in the com.google.android.gmssystem APEX instead
09-12 00:18:41.777 16986 16986 W AppIdPermissionPolicy: Package com.google.android.gms is an APK in APEX but has permission allowlist on the system image, please bundle the allowlist in the com.google.android.gmssystem APEX instead
09-12 00:18:41.777 16986 16986 W AppIdPermissionPolicy: Package com.google.android.gms is an APK in APEX but has permission allowlist on the system image, please bundle the allowlist in the com.google.android.gmssystem APEX instead
09-12 00:18:41.777 16986 16986 W AppIdPermissionPolicy: Package com.google.android.gms is an APK in APEX but has permission allowlist on the system image, please bundle the allowlist in the com.google.android.gmssystem APEX instead
09-12 00:18:41.777 16986 16986 W AppIdPermissionPolicy: Package com.google.android.gms is an APK in APEX but has permission allowlist on the system image, please bundle the allowlist in the com.google.android.gmssystem APEX instead
09-12 00:18:41.777 16986 16986 W AppIdPermissionPolicy: Package com.google.android.gms is an APK in APEX but has permission allowlist on the system image, please bundle the allowlist in the com.google.android.gmssystem APEX instead
09-12 00:18:41.777 16986 16986 W AppIdPermissionPolicy: Package com.google.android.gms is an APK in APEX but has permission allowlist on the system image, please bundle the allowlist in the com.google.android.gmssystem APEX instead
09-12 00:18:41.777 16986 16986 W AppIdPermissionPolicy: Package com.google.android.gms is an APK in APEX but has permission allowlist on the system image, please bundle the allowlist in the com.google.android.gmssystem APEX instead
09-12 00:18:41.777 16986 16986 W AppIdPermissionPolicy: Package com.google.android.gms is an APK in APEX but has permission allowlist on the system image, please bundle the allowlist in the com.google.android.gmssystem APEX instead
09-12 00:18:41.777 16986 16986 W AppIdPermissionPolicy: Package com.google.android.gms is an APK in APEX but has permission allowlist on the system image, please bundle the allowlist in the com.google.android.gmssystem APEX instead
09-12 00:18:41.777 16986 16986 W AppIdPermissionPolicy: Package com.google.android.gms is an APK in APEX but has permission allowlist on the system image, please bundle the allowlist in the com.google.android.gmssystem APEX instead
09-12 00:18:41.777 16986 16986 W AppIdPermissionPolicy: Package com.google.android.gms is an APK in APEX but has permission allowlist on the system image, please bundle the allowlist in the com.google.android.gmssystem APEX instead
09-12 00:18:41.777 16986 16986 W AppIdPermissionPolicy: Package com.google.android.gms is an APK in APEX but has permission allowlist on the system image, please bundle the allowlist in the com.google.android.gmssystem APEX instead
09-12 00:18:41.777 16986 16986 W AppIdPermissionPolicy: Package com.google.android.gms is an APK in APEX but has permission allowlist on the system image, please bundle the allowlist in the com.google.android.gmssystem APEX instead
09-12 00:18:41.777 16986 16986 W AppIdPermissionPolicy: Package com.google.android.gms is an APK in APEX but has permission allowlist on the system image, please bundle the allowlist in the com.google.android.gmssystem APEX instead
09-12 00:18:41.777 16986 16986 W AppIdPermissionPolicy: Package com.google.android.gms is an APK in APEX but has permission allowlist on the system image, please bundle the allowlist in the com.google.android.gmssystem APEX instead
09-12 00:18:41.777 16986 16986 W AppIdPermissionPolicy: Package com.google.android.gms is an APK in APEX but has permission allowlist on the system image, please bundle the allowlist in the com.google.android.gmssystem APEX instead
09-12 00:18:41.778 16986 16986 W AppIdPermissionPolicy: Package com.google.android.gms is an APK in APEX but has permission allowlist on the system image, please bundle the allowlist in the com.google.android.gmssystem APEX instead
09-12 00:18:41.778 16986 16986 W AppIdPermissionPolicy: Package com.google.android.gms is an APK in APEX but has permission allowlist on the system image, please bundle the allowlist in the com.google.android.gmssystem APEX instead
09-12 00:18:41.778 16986 16986 W AppIdPermissionPolicy: Package com.google.android.gms is an APK in APEX but has permission allowlist on the system image, please bundle the allowlist in the com.google.android.gmssystem APEX instead
09-12 00:18:41.778 16986 16986 W AppIdPermissionPolicy: Package com.google.android.gms is an APK in APEX but has permission allowlist on the system image, please bundle the allowlist in the com.google.android.gmssystem APEX instead
09-12 00:18:41.778 16986 16986 W AppIdPermissionPolicy: Package com.google.android.gms is an APK in APEX but has permission allowlist on the system image, please bundle the allowlist in the com.google.android.gmssystem APEX instead
09-12 00:18:41.778 16986 16986 W AppIdPermissionPolicy: Package com.google.android.gms is an APK in APEX but has permission allowlist on the system image, please bundle the allowlist in the com.google.android.gmssystem APEX instead
09-12 00:18:41.778 16986 16986 W AppIdPermissionPolicy: Package com.google.android.gms is an APK in APEX but has permission allowlist on the system image, please bundle the allowlist in the com.google.android.gmssystem APEX instead
09-12 00:18:41.778 16986 16986 W AppIdPermissionPolicy: Package com.google.android.gms is an APK in APEX but has permission allowlist on the system image, please bundle the allowlist in the com.google.android.gmssystem APEX instead
09-12 00:18:41.778 16986 16986 W AppIdPermissionPolicy: Package com.google.android.gms is an APK in APEX but has permission allowlist on the system image, please bundle the allowlist in the com.google.android.gmssystem APEX instead
09-12 00:18:41.778 16986 16986 W AppIdPermissionPolicy: Package com.google.android.gms is an APK in APEX but has permission allowlist on the system image, please bundle the allowlist in the com.google.android.gmssystem APEX instead
09-12 00:18:41.779 16986 16986 W AppIdPermissionPolicy: Package com.google.android.gms is an APK in APEX but has permission allowlist on the system image, please bundle the allowlist in the com.google.android.gmssystem APEX instead
09-12 00:18:41.779 16986 16986 W AppIdPermissionPolicy: Package com.google.android.gms is an APK in APEX but has permission allowlist on the system image, please bundle the allowlist in the com.google.android.gmssystem APEX instead
09-12 00:18:41.779 16986 16986 W AppIdPermissionPolicy: Package com.google.android.gms is an APK in APEX but has permission allowlist on the system image, please bundle the allowlist in the com.google.android.gmssystem APEX instead
09-12 00:18:41.779 16986 16986 W AppIdPermissionPolicy: Package com.google.android.gms is an APK in APEX but has permission allowlist on the system image, please bundle the allowlist in the com.google.android.gmssystem APEX instead
09-12 00:18:41.779 16986 16986 W AppIdPermissionPolicy: Package com.google.android.gms is an APK in APEX but has permission allowlist on the system image, please bundle the allowlist in the com.google.android.gmssystem APEX instead
09-12 00:18:41.779 16986 16986 W AppIdPermissionPolicy: Package com.google.android.gms is an APK in APEX but has permission allowlist on the system image, please bundle the allowlist in the com.google.android.gmssystem APEX instead
09-12 00:18:41.779 16986 16986 W AppIdPermissionPolicy: Package com.google.android.gms is an APK in APEX but has permission allowlist on the system image, please bundle the allowlist in the com.google.android.gmssystem APEX instead
09-12 00:18:41.779 16986 16986 W AppIdPermissionPolicy: Package com.google.android.gms is an APK in APEX but has permission allowlist on the system image, please bundle the allowlist in the com.google.android.gmssystem APEX instead
09-12 00:18:41.779 16986 16986 W AppIdPermissionPolicy: Package com.google.android.gms is an APK in APEX but has permission allowlist on the system image, please bundle the allowlist in the com.google.android.gmssystem APEX instead
09-12 00:18:41.779 16986 16986 W AppIdPermissionPolicy: Package com.google.android.gms is an APK in APEX but has permission allowlist on the system image, please bundle the allowlist in the com.google.android.gmssystem APEX instead
09-12 00:18:41.779 16986 16986 W AppIdPermissionPolicy: Package com.google.android.gms is an APK in APEX but has permission allowlist on the system image, please bundle the allowlist in the com.google.android.gmssystem APEX instead
09-12 00:18:41.780 16986 16986 W AppIdPermissionPolicy: Package com.google.android.gms is an APK in APEX but has permission allowlist on the system image, please bundle the allowlist in the com.google.android.gmssystem APEX instead
09-12 00:18:41.780 16986 16986 W AppIdPermissionPolicy: Package com.google.android.gms is an APK in APEX but has permission allowlist on the system image, please bundle the allowlist in the com.google.android.gmssystem APEX instead
09-12 00:18:41.805 16986 16986 V PackageManager: reconcileAppsData for null u0 0x1 migrateAppData=true
09-12 00:18:41.928  1120  1890 W cutils  : Expected path /data/user_de/0/com.google.android.gms with mode 700 but found 711
09-12 00:18:41.989 16986 16986 V PackageManager: reconcileAppsData finished 34 packages
09-12 00:18:41.989 16986 16986 D PackageManagerTiming: write settings
09-12 00:18:41.989 16986 17109 D SystemServerTimingAsync: InitThreadPoolExec:prepareAppData
09-12 00:18:42.080  1120  1890 W installd: Ignoring /data/data/com.google.android.apps.weather/lib with unexpected GID 0 instead of 10119
09-12 00:18:42.095 16986 16986 I PackageManager: getInstalledPackages: callingUid=1000 flags=0 updatedFlags=524288 userId=0
09-12 00:18:42.108 16986 16986 I PackageManager: Fix for b/169414761 is applied
09-12 00:18:42.109 16986 16986 V UserSystemPackageInstaller: Checking that all system packages are allowlisted.
09-12 00:18:42.109  1120  1890 W installd: Ignoring /data/data/com.google.android.apps.messaging/lib with unexpected GID 0 instead of 10100
09-12 00:18:42.110 16986 16986 W UserSystemPackageInstaller: checkAllowlistedSystemPackages(mode=d) has 29 warnings:
09-12 00:18:42.111 16986 16986 W UserSystemPackageInstaller: com.qualcomm.qti.modemtestmode is allowlisted but not present.
09-12 00:18:42.111 16986 16986 W UserSystemPackageInstaller: org.codeaurora.dialer is allowlisted but not present.
09-12 00:18:42.111 16986 16986 W UserSystemPackageInstaller: com.android.virtualdevicemanager is allowlisted but not present.
09-12 00:18:42.111 16986 16986 W UserSystemPackageInstaller: com.android.crossdevicesync is allowlisted but not present.
09-12 00:18:42.111 16986 16986 W UserSystemPackageInstaller: com.qti.qualcomm.carriertest is allowlisted but not present.
09-12 00:18:42.111 16986 16986 W UserSystemPackageInstaller: com.qualcomm.qti.euiccresource is allowlisted but not present.
09-12 00:18:42.111 16986 16986 W UserSystemPackageInstaller: com.android.multiuser is allowlisted but not present.
09-12 00:18:42.111 16986 16986 W UserSystemPackageInstaller: com.qualcomm.qti.ridemodeaudio is allowlisted but not present.
09-12 00:18:42.111 16986 16986 W UserSystemPackageInstaller: com.android.avatarpicker is allowlisted but not present.
09-12 00:18:42.111 16986 16986 W UserSystemPackageInstaller: com.qti.confuridialer is allowlisted but not present.
09-12 00:18:42.111 16986 16986 W UserSystemPackageInstaller: com.android.carrierconfig is allowlisted but not present.
09-12 00:18:42.111 16986 16986 W UserSystemPackageInstaller: com.qualcomm.qti.callfeaturessetting is allowlisted but not present.
09-12 00:18:42.111 16986 16986 W UserSystemPackageInstaller: com.qti.qualcomm.deviceinfo is allowlisted but not present.
09-12 00:18:42.111 16986 16986 W UserSystemPackageInstaller: com.android.privatespace is allowlisted but not present.
09-12 00:18:42.111 16986 16986 W UserSystemPackageInstaller: com.qti.xdivert is allowlisted but not present.
09-12 00:18:42.111 16986 16986 W UserSystemPackageInstaller: com.qualcomm.qti.uimlpatest is allowlisted but not present.
09-12 00:18:42.111 16986 16986 W UserSystemPackageInstaller: com.qualcomm.qti.remoteSimlockAuth is allowlisted but not present.
09-12 00:18:42.111 16986 16986 W UserSystemPackageInstaller: com.qualcomm.qti.devicestatisticsservice is allowlisted but not present.
09-12 00:18:42.111 16986 16986 W UserSystemPackageInstaller: com.qualcomm.qti.imsiprivacy.tests is allowlisted but not present.
09-12 00:18:42.111 16986 16986 W UserSystemPackageInstaller: com.qualcomm.atfwd2 is allowlisted but not present.
09-12 00:18:42.111 16986 16986 W UserSystemPackageInstaller: com.qualcomm.qti.sam.service is allowlisted but not present.
09-12 00:18:42.111 16986 16986 W UserSystemPackageInstaller: com.qualcomm.qti.lpa is allowlisted but not present.
09-12 00:18:42.111 16986 16986 W UserSystemPackageInstaller: com.qualcomm.qti.uim is allowlisted but not present.
09-12 00:18:42.111 16986 16986 W UserSystemPackageInstaller: com.qti.telephonysettings is allowlisted but not present.
09-12 00:18:42.111 16986 16986 W UserSystemPackageInstaller: com.qualcomm.qti.uimGbaApp is allowlisted but not present.
09-12 00:18:42.111 16986 16986 W UserSystemPackageInstaller: com.android.wallpaperbackup is allowlisted but not present.
09-12 00:18:42.111 16986 16986 W UserSystemPackageInstaller: com.android.MultiplePdpTest is allowlisted but not present.
09-12 00:18:42.111 16986 16986 W UserSystemPackageInstaller: com.android.bluetooth is allowlisted but not present.
09-12 00:18:42.111 16986 16986 W UserSystemPackageInstaller: com.qualcomm.atfwd is allowlisted but not present.
09-12 00:18:42.117 16986 16986 I Watchdog: Resuming HandlerChecker: main thread for reason: packagemanagermain. Pause count: 0
09-12 00:18:42.117 16986 16986 D SystemServerTiming: DexUseManagerLocal
09-12 00:18:42.123  1120  1890 W installd: Ignoring /data/data/com.google.android.apps.safetyhub/lib with unexpected GID 0 instead of 10046
09-12 00:18:42.125 16866 16882 D Diag_Lib: diag: Diag_LSM_Init: invoked for pid: 16866 with init_count: 0
09-12 00:18:42.125 16866 16882 D Diag_Lib: diag:failed to connect to diag socket
09-12 00:18:42.125 16866 16882 D Diag_Lib:  Diag_LSM_Init: Failed to open handle to diag driver, error = 111
09-12 00:18:42.126 16866 16882 I ATS     : vendor/qcom/sw5100-lw4/proprietary-audio/args/acdb/ats/transports/diag/linux/actp/src/actp.c:actp_diag_init:105 Error[1]: Failed to initialize DIAG
09-12 00:18:42.126 16866 16882 E ATS     : vendor/qcom/sw5100-lw4/proprietary-audio/args/acdb/ats/src/ats.c:ats_init:143 Error[1]: Failed to initialize Diag
09-12 00:18:42.126 16866 16882 E ATS     : vendor/qcom/sw5100-lw4/proprietary-audio/args/acdb/ats/src/ats.c:ats_init:263 Error[1]: Failed to initialize ATS
09-12 00:18:42.126 16866 16882 E AGM: API: ats_init_thread: 64 ats_init failed retry 24 err 1
09-12 00:18:42.127  1120  1890 W installd: Ignoring /data/data/com.android.vending/lib with unexpected GID 0 instead of 10064
09-12 00:18:42.134  1120  1890 W installd: Ignoring /data/data/com.google.android.marvin.talkback/lib with unexpected GID 0 instead of 10073
09-12 00:18:42.144  1120  1890 W installd: Ignoring /data/data/com.google.android.deskclock/lib with unexpected GID 0 instead of 10069
09-12 00:18:42.145  1120  1890 W installd: Ignoring /data/data/org.codeaurora.ims/lib with unexpected GID 0 instead of 10134
09-12 00:18:42.147  1120  1890 W installd: Ignoring /data/data/com.google.android.gm/lib with unexpected GID 0 instead of 10083
09-12 00:18:42.156  1120  1890 W installd: Ignoring /data/data/com.google.android.wearable.pixel.pdms/lib with unexpected GID 0 instead of 10099
09-12 00:18:42.160  1120  1890 W installd: Ignoring /data/data/com.google.android.dialer/lib with unexpected GID 0 instead of 10072
09-12 00:18:42.162  1120  1890 W installd: Ignoring /data/data/com.google.android.wearable.protolayout.renderer/lib with unexpected GID 0 instead of 10117
09-12 00:18:42.170  1120  1890 W installd: Ignoring /data/data/com.google.android.apps.maps/lib with unexpected GID 0 instead of 10079
09-12 00:18:42.175  1120  1890 W installd: Ignoring /data/data/com.google.android.gms/lib with unexpected GID 0 instead of 10120
09-12 00:18:42.201  1120  1890 W installd: Ignoring /data/data/com.google.android.wearable.assistant/lib with unexpected GID 0 instead of 10059
09-12 00:18:42.204  1120  1890 W installd: Ignoring /data/data/com.qualcomm.qti.cne/lib with unexpected GID 0 instead of 10090
09-12 00:18:42.207  1120  1890 W installd: Ignoring /data/data/com.fitbit.FitbitMobile/lib with unexpected GID 0 instead of 10111
09-12 00:18:42.208 16986 16986 D nativeloader: Load libartservice.so using class loader ns clns-shared-6 (caller=/apex/com.android.art/javalib/service-art.jar): ok
09-12 00:18:42.209  1120  1890 W installd: Ignoring /data/data/com.android.omadm.service/lib with unexpected GID 0 instead of 10105
09-12 00:18:42.221  1120  1890 W installd: Ignoring /data/data/com.google.android.keep/lib with unexpected GID 0 instead of 10121
09-12 00:18:42.222 16986 16986 D SystemServerTiming: StartUserManagerService
09-12 00:18:42.222 16986 16986 I SystemServiceManager: Starting com.android.server.pm.UserManagerService$LifeCycle
09-12 00:18:42.223 16986 16986 D SystemServerTiming: InitAttributerCache
09-12 00:18:42.223 16986 16986 D SystemServerTiming: SetSystemProcess
09-12 00:18:42.227  1120  1890 W installd: Ignoring /data/data/com.google.android.apps.youtube.music/lib with unexpected GID 0 instead of 10087
09-12 00:18:42.232   320 17114 W libc    : Unable to set property "ctl.interface_start" to "aidl/sensor_privacy": PROP_ERROR_HANDLE_CONTROL_MESSAGE (0x20)
09-12 00:18:42.239  1120  1890 W installd: Ignoring /data/data/com.google.wear.watchface.runtime/lib with unexpected GID 0 instead of 10060
09-12 00:18:42.241  1120  1890 W installd: Ignoring /data/data/com.whatsapp/lib with unexpected GID 0 instead of 10163
09-12 00:18:42.242 16986 16986 D ActivityManager: StatsPullAtomService not ready yet
09-12 00:18:42.243  1120  1890 W installd: Ignoring /data/data/com.spotify.music/lib with unexpected GID 0 instead of 10164
09-12 00:18:42.245   319   319 I lowmemorykiller: lmkd data connection established
09-12 00:18:42.245 16986 17067 I ActivityManager: Connection with lmkd established
09-12 00:18:42.248 16986 16986 D ActivityManager: StatsPullAtomService not ready yet
09-12 00:18:42.253 16986 16986 D SystemServerTiming: InitWatchdog
09-12 00:18:42.255 16986 16986 D SystemServerTiming: StartOverlayManagerService
09-12 00:18:42.263 16986 16986 I OverlayManager: Updating overlays for starting user 0
09-12 00:18:42.265  1120  1890 W installd: Ignoring /data/data/com.fitbit.ecg/lib with unexpected GID 0 instead of 10093
09-12 00:18:42.270  1120  1890 W installd: Ignoring /data/data/com.google.android.contacts/lib with unexpected GID 0 instead of 10104
09-12 00:18:42.273 16986 16986 D OverlayManager: splitting 36 IdmapParams using max size of 65536
09-12 00:18:42.274 16986 16986 D OverlayManager: 0: 36 IdmapParams
09-12 00:18:42.274 16986 16986 I Watchdog: Pausing HandlerChecker: main thread for reason: idmap creation may be slow. Pause count: 1
09-12 00:18:42.276  1120  1890 W installd: Ignoring /data/data/com.google.android.tts/lib with unexpected GID 0 instead of 10049
09-12 00:18:42.280  1120  1890 W installd: Ignoring /data/data/com.google.android.apps.walletnfcrel/lib with unexpected GID 0 instead of 10066
09-12 00:18:42.289  1120  1890 W installd: Ignoring /data/data/com.google.android.calendar/lib with unexpected GID 0 instead of 10080
09-12 00:18:42.296  1120  1890 W installd: Ignoring /data/data/com.google.android.wearable.watchface.rwf/lib with unexpected GID 0 instead of 10115
09-12 00:18:42.303  1120  1890 W installd: Ignoring /data/data/com.google.android.wearable.media.sessions/lib with unexpected GID 0 instead of 10054
09-12 00:18:42.310  1120  1890 W installd: Ignoring /data/data/com.google.android.apps.chromecast.app/lib with unexpected GID 0 instead of 10123
09-12 00:18:42.312  1682  1699 I pixel-thermal: audio-therm:39.234 raw data: audio-therm:39234 
09-12 00:18:42.316  1120  1890 W installd: Ignoring /data/data/com.google.android.apps.adm/lib with unexpected GID 0 instead of 10128
09-12 00:18:42.319  1120  1890 W installd: Ignoring /data/data/com.google.android.GoogleCamera/lib with unexpected GID 0 instead of 10094
09-12 00:18:42.324  1120  1890 W installd: Ignoring /data/data/com.google.android.inputmethod.latin/lib with unexpected GID 0 instead of 10067
09-12 00:18:42.325  1120  1890 W installd: Ignoring /data/data/com.google.wear.services/lib with unexpected GID 0 instead of 1000
09-12 00:18:42.329 17116 17116 I idmap2d : Starting
09-12 00:18:42.332 17116 17116 W libbinder.BackendUnifiedServiceManager: Thread Pool max thread count is 0. Cannot cache binder as linkToDeath cannot be implemented. serviceName: idmap
09-12 00:18:42.362 17116 17117 W idmap2d : failed to parse idmap header of '/data/resource-cache/product@overlay@TelephonyProvider__nosdcard_watch__auto_generated_characteristics_rro.apk@idmap'
09-12 00:18:42.364 17116 17117 E idmap2d : failed to retrieve loaded package at index 0 for '/product/overlay/TelephonyProvider__nosdcard_watch__auto_generated_characteristics_rro.apk' -> failed to generate resource map for '/product/overlay/TelephonyProvider__nosdcard_watch__auto_generated_characteristics_rro.apk'
09-12 00:18:42.389 17116 17117 W idmap2d : failed to parse idmap header of '/data/resource-cache/product@overlay@TeleService__nosdcard_watch__auto_generated_characteristics_rro.apk@idmap'
09-12 00:18:42.390 17116 17117 E idmap2d : failed to retrieve loaded package at index 0 for '/product/overlay/TeleService__nosdcard_watch__auto_generated_characteristics_rro.apk' -> failed to generate resource map for '/product/overlay/TeleService__nosdcard_watch__auto_generated_characteristics_rro.apk'
09-12 00:18:42.410 17116 17117 W idmap2d : failed to parse idmap header of '/data/resource-cache/product@overlay@WcsOverlayPixelWatch@WcsOverlayPixelWatch.apk@idmap'
09-12 00:18:42.416 17116 17117 W idmap2d : failed to find resource 'bool/wcs_agenda_deprecated'
09-12 00:18:42.416 17116 17117 E idmap2d : no resources were overlaid
09-12 00:18:42.421 16986 16986 I Watchdog: Resuming HandlerChecker: main thread for reason: idmap creation may be slow. Pause count: 0
09-12 00:18:42.468 16986 16986 D SystemServerTiming: StartResourcesManagerService
09-12 00:18:42.470 16986 16986 D SystemServerTiming: StartSensorPrivacyService
09-12 00:18:42.482 16986 17010 W ActivityTaskManager: Skip updateConfiguration because mWindowManager isn't set
09-12 00:18:42.483 16986 17010 I ProtoLogImpl: Setting up ProtoLogImpl with viewerConfigPath = /etc/core.protolog.pb
09-12 00:18:42.489 16986 16986 D SystemServerTiming: StartSensorService
09-12 00:18:42.489 16986 16986 I SystemServiceManager: Starting com.android.server.sensors.SensorService
09-12 00:18:42.491 16986 16986 D SystemServerTiming: startCoreServices
09-12 00:18:42.491 16986 16986 D SystemServerTiming: StartSystemConfigService
09-12 00:18:42.491 16986 17120 D SystemServerTimingAsync: InitThreadPoolExec:StartNativeSensorService
09-12 00:18:42.492 16986 16986 I SystemServiceManager: Starting com.android.server.SystemConfigService
09-12 00:18:42.492 16986 17120 D SystemServerTimingAsync: StartNativeSensorService
09-12 00:18:42.492 16986 17120 D SensorService: nuSensorService starting...
09-12 00:18:42.496 16986 16986 D SystemServerTiming: StartBatteryService
09-12 00:18:42.497 16986 16986 I SystemServiceManager: Starting com.android.server.BatteryService
09-12 00:18:42.501 16859 16859 I audioserver_main: main: AudioPolicy created
09-12 00:18:42.502 16859 16859 D AudioSystem: onNewService: media.audio_policy service obtained 0xf26420e0
09-12 00:18:42.502 16859 16859 I audioserver_main: main: AudioSystem ready
09-12 00:18:42.502 16859 16920 D AudioSystem: getService: IAudioPolicyService retrieved: 0x0  cached: 0xf26420e0
09-12 00:18:42.503 16859 16859 D DeviceHalAidl: [default] getMmapPolicyInfos
09-12 00:18:42.504 16866 16866 D AHAL_Module_QTI: getMmapPolicyInfos: mmap policy type DEFAULT
09-12 00:18:42.505 16859 16859 D DeviceHalAidl: [usb] getMmapPolicyInfos
09-12 00:18:42.505 16866 16866 D AHAL_Module: getMmapPolicyInfos: usb: mmap policy type DEFAULT
09-12 00:18:42.505 16859 16859 D DeviceHalAidl: [r_submix] getMmapPolicyInfos
09-12 00:18:42.506 16866 16872 D AHAL_Module: getMmapPolicyInfos: r_submix: mmap policy type DEFAULT
09-12 00:18:42.506  1126  1145 W AudioAnalytics: onAudioServerStart: (key=audio.policy) AudioPolicy ctor after uncaught failure, mStartCount:10 mStopCount:9 uptimeMs:10866.717773 loadTimeMs:10865.767578
09-12 00:18:42.507 16859 16859 I audioserver_main: main: initialization done in 11834.450 ms, joining thread pool
09-12 00:18:42.508   886   886 D usf_sensor_hal: accelerometer: Enter Activate. Enable = 0.
09-12 00:18:42.508   886   886 D usf_sensor_hal: accelerometer: Enter Activate. Enable = 0.
09-12 00:18:42.508   886   886 D usf_sensor_hal: magnetometer: Enter Activate. Enable = 0.
09-12 00:18:42.508   886   886 W usf_sensor_hal: magnetometer temperature: Disable additional info sensor when it's not voted.
09-12 00:18:42.508   886   886 D usf_sensor_hal: magnetometer: Enter Activate. Enable = 0.
09-12 00:18:42.508   886   886 W usf_sensor_hal: magnetometer temperature: Disable additional info sensor when it's not voted.
09-12 00:18:42.508   886   886 D usf_sensor_hal: orientation: Enter Activate. Enable = 0.
09-12 00:18:42.508   886   886 D usf_sensor_hal: orientation: Enter Activate. Enable = 0.
09-12 00:18:42.508   886   886 D usf_sensor_hal: gyroscope: Enter Activate. Enable = 0.
09-12 00:18:42.508   886   886 D usf_sensor_hal: gyroscope: Enter Activate. Enable = 0.
09-12 00:18:42.508   886   886 D usf_sensor_hal: ambient light: Enter Activate. Enable = 0.
09-12 00:18:42.516   886   886 D usf_sensor_hal: ambient light: Enter Activate. Enable = 0.
09-12 00:18:42.516   886   886 D usf_sensor_hal: pressure: Enter Activate. Enable = 0.
09-12 00:18:42.516   886   886 D usf_sensor_hal: pressure: Enter Activate. Enable = 0.
09-12 00:18:42.516   886   886 D usf_sensor_hal: gravity: Enter Activate. Enable = 0.
09-12 00:18:42.516   886   886 D usf_sensor_hal: gravity: Enter Activate. Enable = 0.
09-12 00:18:42.516   886   886 D usf_sensor_hal: linear acceleration: Enter Activate. Enable = 0.
09-12 00:18:42.516   886   886 D usf_sensor_hal: linear acceleration: Enter Activate. Enable = 0.
09-12 00:18:42.516   886   886 D usf_sensor_hal: rotation vector: Enter Activate. Enable = 0.
09-12 00:18:42.516   886   886 D usf_sensor_hal: rotation vector: Enter Activate. Enable = 0.
09-12 00:18:42.516   886   886 D usf_sensor_hal: magnetometer: Enter Activate. Enable = 0.
09-12 00:18:42.516   886   886 W usf_sensor_hal: magnetometer temperature: Disable additional info sensor when it's not voted.
09-12 00:18:42.516   886   886 D usf_sensor_hal: magnetometer: Enter Activate. Enable = 0.
09-12 00:18:42.516   886   886 W usf_sensor_hal: magnetometer temperature: Disable additional info sensor when it's not voted.
09-12 00:18:42.516   886   886 D usf_sensor_hal: game rotation vector: Enter Activate. Enable = 0.
09-12 00:18:42.516   886   886 D usf_sensor_hal: game rotation vector: Enter Activate. Enable = 0.
09-12 00:18:42.516   886   886 D usf_sensor_hal: gyroscope: Enter Activate. Enable = 0.
09-12 00:18:42.516   886   886 D usf_sensor_hal: gyroscope: Enter Activate. Enable = 0.
09-12 00:18:42.516   886   886 D usf_sensor_hal: step detector: Enter Activate. Enable = 0.
09-12 00:18:42.516   886   886 D usf_sensor_hal: step detector: Enter Activate. Enable = 0.
09-12 00:18:42.516   886   886 D usf_sensor_hal: step counter: Enter Activate. Enable = 0.
09-12 00:18:42.519   886   886 D usf_sensor_hal: step counter: Enter Activate. Enable = 0.
09-12 00:18:42.519   886   886 D usf_sensor_hal: geomagnetic rotation vector: Enter Activate. Enable = 0.
09-12 00:18:42.519   886   886 D usf_sensor_hal: geomagnetic rotation vector: Enter Activate. Enable = 0.
09-12 00:18:42.519   886   886 D usf_sensor_hal: heart rate: Enter Activate. Enable = 0.
09-12 00:18:42.519   886   886 D usf_sensor_hal: heart rate: Enter Activate. Enable = 0.
09-12 00:18:42.519   886   886 D usf_sensor_hal: wrist tilt gesture: Enter Activate. Enable = 0.
09-12 00:18:42.519   886   886 D usf_sensor_hal: wrist tilt gesture: Enter Activate. Enable = 0.
09-12 00:18:42.522   886   886 D usf_sensor_hal: stationary detect: Enter Activate. Enable = 0.
09-12 00:18:42.522   886   886 D usf_sensor_hal: stationary detect: Enter Activate. Enable = 0.
09-12 00:18:42.522   886   886 D usf_sensor_hal: motion detect: Enter Activate. Enable = 0.
09-12 00:18:42.522   886   886 D usf_sensor_hal: motion detect: Enter Activate. Enable = 0.
09-12 00:18:42.522   886   886 D usf_sensor_hal: low latency off body detect: Enter Activate. Enable = 0.
09-12 00:18:42.522   886   886 D usf_sensor_hal: low latency off body detect: Enter Activate. Enable = 0.
09-12 00:18:42.526   886   886 D usf_sensor_hal: accelerometer: Enter Activate. Enable = 0.
09-12 00:18:42.526   886   886 D usf_sensor_hal: accelerometer: Enter Activate. Enable = 0.
09-12 00:18:42.526   886   886 D usf_sensor_hal: IMU temperature: Enter Activate. Enable = 0.
09-12 00:18:42.526   886   886 D usf_sensor_hal: IMU temperature: Enter Activate. Enable = 0.
09-12 00:18:42.526   886   886 D usf_sensor_hal: pressure temperature: Enter Activate. Enable = 0.
09-12 00:18:42.526   886   886 D usf_sensor_hal: pressure temperature: Enter Activate. Enable = 0.
09-12 00:18:42.526   886   886 D usf_sensor_hal: magnetometer temperature: Enter Activate. Enable = 0.
09-12 00:18:42.526   886   886 D usf_sensor_hal: magnetometer temperature: Enter Activate. Enable = 0.
09-12 00:18:42.526   886   886 D usf_sensor_hal: accelerometer: Enter Activate. Enable = 0.
09-12 00:18:42.526   886   886 D usf_sensor_hal: accelerometer: Enter Activate. Enable = 0.
09-12 00:18:42.526   886   886 D usf_sensor_hal: ppg controller: Enter Activate. Enable = 0.
09-12 00:18:42.526   886   886 D usf_sensor_hal: ppg controller: Enter Activate. Enable = 0.
09-12 00:18:42.526   886   886 D usf_sensor_hal: ecg: Enter Activate. Enable = 0.
09-12 00:18:42.526   886   886 D usf_sensor_hal: ecg: Enter Activate. Enable = 0.
09-12 00:18:42.526   886   886 D usf_sensor_hal: ecg lead detector: Enter Activate. Enable = 0.
09-12 00:18:42.526   886   886 D usf_sensor_hal: ecg lead detector: Enter Activate. Enable = 0.
09-12 00:18:42.526   886   886 D usf_sensor_hal: : Enter Activate. Enable = 0.
09-12 00:18:42.526   886   886 D usf_sensor_hal: : Enter Activate. Enable = 0.
09-12 00:18:42.526   886   886 D usf_sensor_hal: galvanic skin response: Enter Activate. Enable = 0.
09-12 00:18:42.526   886   886 D usf_sensor_hal: galvanic skin response: Enter Activate. Enable = 0.
09-12 00:18:42.526   886   886 D usf_sensor_hal: : Enter Activate. Enable = 0.
09-12 00:18:42.526   886   886 D usf_sensor_hal: : Enter Activate. Enable = 0.
09-12 00:18:42.526   886   886 D usf_sensor_hal: ppg: Enter Activate. Enable = 0.
09-12 00:18:42.526   886   886 D usf_sensor_hal: ppg: Enter Activate. Enable = 0.
09-12 00:18:42.526   886   886 D usf_sensor_hal: heart rate: Enter Activate. Enable = 0.
09-12 00:18:42.526   886   886 D usf_sensor_hal: heart rate: Enter Activate. Enable = 0.
09-12 00:18:42.526   886   886 D usf_sensor_hal: step cadence: Enter Activate. Enable = 0.
09-12 00:18:42.526   886   886 D usf_sensor_hal: step cadence: Enter Activate. Enable = 0.
09-12 00:18:42.527   886   886 D usf_sensor_hal: Enter UsfSensorHalV2_X::initialize
09-12 00:18:42.527  1449  1449 E BatteryDefender: Failed to read /sys/devices/platform/google,charger/bd_state
09-12 00:18:42.528 16986 17120 W system_server: AIBinder_linkToDeath is being called with a non-null cookie and no onUnlink callback set. Use AIBinder_DeathRecipient_setOnUnlinked to manage the lifetime of the cookie. This will become an abort.
09-12 00:18:42.531 16986 17120 I SensorService: Accelerometer's reported power 0.000000 invalid, clamped to 0.001000
09-12 00:18:42.531 16986 17120 I SensorService: Accelerometer (wake-up)'s reported power 0.000000 invalid, clamped to 0.001000
09-12 00:18:42.531 16986 17120 I SensorService: Magnetometer Sensor's reported power 0.000000 invalid, clamped to 0.001000
09-12 00:18:42.531 16986 17120 I SensorService: Magnetometer Sensor (wake-up)'s reported power 0.000000 invalid, clamped to 0.001000
09-12 00:18:42.531 16986 17120 I SensorService: Orientation Sensor's reported power 0.000000 invalid, clamped to 0.001000
09-12 00:18:42.536 16986 17120 I SensorService: Orientation Sensor (wake-up)'s reported power 0.000000 invalid, clamped to 0.001000
09-12 00:18:42.536 16986 17120 I SensorService: Gyroscope's reported power 0.000000 invalid, clamped to 0.001000
09-12 00:18:42.536 16986 17120 I SensorService: Gyroscope (wake-up)'s reported power 0.000000 invalid, clamped to 0.001000
09-12 00:18:42.536 16986 17120 I SensorService: Ambient Light Sensor's reported power 0.000000 invalid, clamped to 0.001000
09-12 00:18:42.536 16986 17120 I SensorService: Ambient Light Sensor (wake-up)'s reported power 0.000000 invalid, clamped to 0.001000
09-12 00:18:42.536 16986 17120 W SensorService: Pressure Sensor's max range 1100.000000000000 is not a multiple of the resolution 0.006000000052 - updated to 1099.998046875000
09-12 00:18:42.536 16986 17120 I SensorService: Pressure Sensor's reported power 0.000000 invalid, clamped to 0.001000
09-12 00:18:42.536 16986 17120 W SensorService: Pressure Sensor (wake-up)'s max range 1100.000000000000 is not a multiple of the resolution 0.006000000052 - updated to 1099.998046875000
09-12 00:18:42.536 16986 17120 I SensorService: Pressure Sensor (wake-up)'s reported power 0.000000 invalid, clamped to 0.001000
09-12 00:18:42.536 16986 17120 I SensorService: Gravity Sensor's reported power 0.000000 invalid, clamped to 0.001000
09-12 00:18:42.536 16986 17120 I SensorService: Gravity Sensor (wake-up)'s reported power 0.000000 invalid, clamped to 0.001000
09-12 00:18:42.536 16986 17120 I SensorService: Linear Acceleration Sensor's reported power 0.000000 invalid, clamped to 0.001000
09-12 00:18:42.536 16986 17120 I SensorService: Linear Acceleration Sensor (wake-up)'s reported power 0.000000 invalid, clamped to 0.001000
09-12 00:18:42.537 16986 17120 I SensorService: Rotation Vector Sensor's reported power 0.000000 invalid, clamped to 0.001000
09-12 00:18:42.537 16986 17120 I SensorService: Rotation Vector Sensor (wake-up)'s reported power 0.000000 invalid, clamped to 0.001000
09-12 00:18:42.537 16986 17120 I SensorService: Magnetometer Sensor-Uncalibrated's reported power 0.000000 invalid, clamped to 0.001000
09-12 00:18:42.537 16986 17120 I SensorService: Magnetometer Sensor-Uncalibrated (wake-up)'s reported power 0.000000 invalid, clamped to 0.001000
09-12 00:18:42.537 16986 17120 I SensorService: Game Rotation Vector Sensor's reported power 0.000000 invalid, clamped to 0.001000
09-12 00:18:42.537 16986 17120 I SensorService: Game Rotation Vector Sensor (wake-up)'s reported power 0.000000 invalid, clamped to 0.001000
09-12 00:18:42.537 16986 17120 I SensorService: Gyroscope-Uncalibrated's reported power 0.000000 invalid, clamped to 0.001000
09-12 00:18:42.537 16986 17120 I SensorService: Gyroscope-Uncalibrated (wake-up)'s reported power 0.000000 invalid, clamped to 0.001000
09-12 00:18:42.537 16986 17120 I SensorService: Step Detector's reported power 0.000000 invalid, clamped to 0.001000
09-12 00:18:42.537 16986 17120 I SensorService: Step Detector (wake-up)'s reported power 0.000000 invalid, clamped to 0.001000
09-12 00:18:42.537 16986 17120 I SensorService: Step Counter's reported power 0.000000 invalid, clamped to 0.001000
09-12 00:18:42.537 16986 17120 I SensorService: Step Counter (wake-up)'s reported power 0.000000 invalid, clamped to 0.001000
09-12 00:18:42.537 16986 17120 I SensorService: Geomagnetic Rotation Vector Sensor's reported power 0.000000 invalid, clamped to 0.001000
09-12 00:18:42.537 16986 17120 I SensorService: Geomagnetic Rotation Vector Sensor (wake-up)'s reported power 0.000000 invalid, clamped to 0.001000
09-12 00:18:42.537 16986 17120 I SensorService: HeartRate's reported power 0.000000 invalid, clamped to 0.001000
09-12 00:18:42.537 16986 17120 I SensorService: HeartRate (wake-up)'s reported power 0.000000 invalid, clamped to 0.001000
09-12 00:18:42.537 16986 17120 I SensorService: TiltToWake's reported power 0.000000 invalid, clamped to 0.001000
09-12 00:18:42.537 16986 17120 I SensorService: TiltToWake (wake-up)'s reported power 0.000000 invalid, clamped to 0.001000
09-12 00:18:42.537 16986 17120 I SensorService: Stationary Sensor's reported power 0.000000 invalid, clamped to 0.001000
09-12 00:18:42.537 16986 17120 I SensorService: Stationary Sensor (wake-up)'s reported power 0.000000 invalid, clamped to 0.001000
09-12 00:18:42.537 16986 17120 I SensorService: Instant Motion Sensor's reported power 0.000000 invalid, clamped to 0.001000
09-12 00:18:42.537 16986 17120 I SensorService: Instant Motion Sensor (wake-up)'s reported power 0.000000 invalid, clamped to 0.001000
09-12 00:18:42.537 16986 17120 I SensorService: Low latency off body detect's reported power 0.000000 invalid, clamped to 0.001000
09-12 00:18:42.537 16986 17120 I SensorService: Low latency off body detect (wake-up)'s reported power 0.000000 invalid, clamped to 0.001000
09-12 00:18:42.537 16986 17120 I SensorService: Accelerometer-Uncalibrated's reported power 0.000000 invalid, clamped to 0.001000
09-12 00:18:42.537 16986 17120 I SensorService: Accelerometer-Uncalibrated (wake-up)'s reported power 0.000000 invalid, clamped to 0.001000
09-12 00:18:42.537 16986 17120 I SensorService: Imu Temperature's reported power 0.000000 invalid, clamped to 0.001000
09-12 00:18:42.537 16986 17120 I SensorService: Imu Temperature (wake-up)'s reported power 0.000000 invalid, clamped to 0.001000
09-12 00:18:42.537 16986 17120 I SensorService: Pressure Temperature Sensor's reported power 0.000000 invalid, clamped to 0.001000
09-12 00:18:42.537 16986 17120 I SensorService: Pressure Temperature Sensor (wake-up)'s reported power 0.000000 invalid, clamped to 0.001000
09-12 00:18:42.537 16986 17120 I SensorService: Magnetometer Temperature Sensor's reported power 0.000000 invalid, clamped to 0.001000
09-12 00:18:42.537 16986 17120 I SensorService: Magnetometer Temperature Sensor (wake-up)'s reported power 0.000000 invalid, clamped to 0.001000
09-12 00:18:42.537 16986 17120 I SensorService: Accelerometer's reported power 0.000000 invalid, clamped to 0.001000
09-12 00:18:42.537 16986 17120 I SensorService: Accelerometer (wake-up)'s reported power 0.000000 invalid, clamped to 0.001000
09-12 00:18:42.537 16986 17120 I SensorService: PPG Controller's reported power 0.000000 invalid, clamped to 0.001000
09-12 00:18:42.537 16986 17120 I SensorService: PPG Controller (wake-up)'s reported power 0.000000 invalid, clamped to 0.001000
09-12 00:18:42.537 16986 17120 I SensorService: ECG Sensor's reported power 0.000000 invalid, clamped to 0.001000
09-12 00:18:42.537 16986 17120 I SensorService: ECG Sensor (wake-up)'s reported power 0.000000 invalid, clamped to 0.001000
09-12 00:18:42.537 16986 17120 I SensorService: ECG Lead Detector's reported power 0.000000 invalid, clamped to 0.001000
09-12 00:18:42.537 16986 17120 I SensorService: ECG Lead Detector (wake-up)'s reported power 0.000000 invalid, clamped to 0.001000
09-12 00:18:42.537 16986 17120 I SensorService: GazeSensor's reported power 0.000000 invalid, clamped to 0.001000
09-12 00:18:42.537 16986 17120 I SensorService: GazeSensor (wake-up)'s reported power 0.000000 invalid, clamped to 0.001000
09-12 00:18:42.537 16986 17120 I SensorService: Galvanic Skin Response's reported power 0.000000 invalid, clamped to 0.001000
09-12 00:18:42.537 16986 17120 I SensorService: Galvanic Skin Response (wake-up)'s reported power 0.000000 invalid, clamped to 0.001000
09-12 00:18:42.537 16986 17120 I SensorService: Skin temperature sensor's reported power 0.000000 invalid, clamped to 0.001000
09-12 00:18:42.537 16986 17120 I SensorService: Skin temperature sensor (wake-up)'s reported power 0.000000 invalid, clamped to 0.001000
09-12 00:18:42.537 16986 17120 I SensorService: PPG Sensor's reported power 0.000000 invalid, clamped to 0.001000
09-12 00:18:42.537 16986 17120 I SensorService: PPG Sensor (wake-up)'s reported power 0.000000 invalid, clamped to 0.001000
09-12 00:18:42.537 16986 17120 I SensorService: HeartRate-Extended's reported power 0.000000 invalid, clamped to 0.001000
09-12 00:18:42.537 16986 17120 I SensorService: HeartRate-Extended (wake-up)'s reported power 0.000000 invalid, clamped to 0.001000
09-12 00:18:42.537 16986 17120 I SensorService: Step Cadence's reported power 0.000000 invalid, clamped to 0.001000
09-12 00:18:42.537 16986 17120 I SensorService: Step Cadence (wake-up)'s reported power 0.000000 invalid, clamped to 0.001000
09-12 00:18:42.539  1449  1449 E BatteryDefender: Failed to read /sys/devices/platform/google,charger/bd_state
09-12 00:18:42.544 16986 16986 I HealthServiceWrapperAidl: health: HealthServiceWrapper listening to AIDL HAL
09-12 00:18:42.544 16986 16986 I BatteryService: health: Waited 0ms and received the update.
09-12 00:18:42.547 16986 16986 D SystemServerTiming: StartUsageService
09-12 00:18:42.548 16986 16986 I SystemServiceManager: Starting com.android.server.usage.UsageStatsService
09-12 00:18:42.549 16986 17124 D SensorService: new thread SensorEventAckReceiver
09-12 00:18:42.550 16986 17125 D SensorService: nuSensorService thread starting...
09-12 00:18:42.563 16986 16986 D SystemServerTiming: StartCachedDeviceStateService
09-12 00:18:42.563 16986 16986 I SystemServiceManager: Starting com.android.server.CachedDeviceStateService
09-12 00:18:42.564 16986 16986 D SystemServerTiming: StartBinderCallsStatsService
09-12 00:18:42.564 16986 16986 I SystemServiceManager: Starting com.android.server.BinderCallsStatsService$LifeCycle
09-12 00:18:42.567 16986 16986 D SystemServerTiming: StartLooperStatsService
09-12 00:18:42.567 16986 16986 I SystemServiceManager: Starting com.android.server.LooperStatsService$Lifecycle
09-12 00:18:42.568 16986 16986 D SystemServerTiming: StartRollbackManagerService
09-12 00:18:42.569 16986 16986 I SystemServiceManager: Starting com.android.server.rollback.RollbackManagerService
09-12 00:18:42.572  1120  1144 D installd: Found quota mount /dev/block/dm-16 at /data
09-12 00:18:42.573  1120  1144 D installd: Found quota mount /dev/block/dm-16 at /data/user/0
09-12 00:18:42.573  1120  1144 D installd: Found quota mount /dev/block/dm-16 at /mnt/pass_through/0/emulated
09-12 00:18:42.583 16986 17109 W PackageManager: Skipping preparing app data for com.google.android.devicelock
09-12 00:18:42.583 16986 17109 W PackageManager: Skipping preparing app data for com.google.android.tzdata6
09-12 00:18:42.583 16986 17109 W PackageManager: Skipping preparing app data for com.google.android.ondevicepersonalization
09-12 00:18:42.584 16986 17109 W PackageManager: Skipping preparing app data for com.google.android.media.swcodec
09-12 00:18:42.584 16986 17109 W PackageManager: Skipping preparing app data for com.google.android.os.statsd
09-12 00:18:42.584 16986 17109 W PackageManager: Skipping preparing app data for com.google.android.widevine.nonupdatable
09-12 00:18:42.584 16986 17109 W PackageManager: Skipping preparing app data for com.google.android.sdksandbox
09-12 00:18:42.584 16986 17109 W PackageManager: Skipping preparing app data for com.google.android.bt
09-12 00:18:42.584 16986 17109 W PackageManager: Skipping preparing app data for com.google.android.healthfitness
09-12 00:18:42.584 16986 17109 W PackageManager: Skipping preparing app data for com.google.android.gmssystem
09-12 00:18:42.585 16986 17109 W PackageManager: Skipping preparing app data for com.google.android.ipsec
09-12 00:18:42.585 16986 17109 W PackageManager: Skipping preparing app data for com.google.android.media
09-12 00:18:42.585 16986 17109 W PackageManager: Skipping preparing app data for com.google.android.uprobestats
09-12 00:18:42.585 16986 17109 W PackageManager: Skipping preparing app data for com.android.i18n
09-12 00:18:42.585 16986 17109 W PackageManager: Skipping preparing app data for com.android.virt
09-12 00:18:42.585 16986 17109 W PackageManager: Skipping preparing app data for com.google.android.nfcservices
09-12 00:18:42.585 16986 17109 W PackageManager: Skipping preparing app data for com.google.android.appsearch
09-12 00:18:42.585 16986 17109 W PackageManager: Skipping preparing app data for com.google.android.configinfrastructure
09-12 00:18:42.585 16986 17109 W PackageManager: Skipping preparing app data for com.google.android.cellbroadcast
09-12 00:18:42.585 16986 17109 W PackageManager: Skipping preparing app data for com.android.apex.cts.shim
09-12 00:18:42.585 16986 17109 W PackageManager: Skipping preparing app data for com.google.android.resolv
09-12 00:18:42.585  1120  1144 D installd: Found storage mount /dev/block/dm-16 at /mnt/pass_through/0/emulated
09-12 00:18:42.585 16986 17109 W PackageManager: Skipping preparing app data for com.google.android.sdkext
09-12 00:18:42.585 16986 17109 W PackageManager: Skipping preparing app data for com.google.android.art
09-12 00:18:42.585 16986 17109 W PackageManager: Skipping preparing app data for com.google.android.uwb
09-12 00:18:42.586 16986 17109 W PackageManager: Skipping preparing app data for com.android.hardware.biometrics.fingerprint.virtual
09-12 00:18:42.586 16986 17109 W PackageManager: Skipping preparing app data for com.google.android.runtime
09-12 00:18:42.586 16986 17109 W PackageManager: Skipping preparing app data for com.google.android.adservices
09-12 00:18:42.586 16986 17109 W PackageManager: Skipping preparing app data for com.google.android.crashrecovery
09-12 00:18:42.587 16986 17109 W PackageManager: Skipping preparing app data for com.google.android.scheduling
09-12 00:18:42.587 16986 17109 W PackageManager: Skipping preparing app data for com.google.android.mediaprovider
09-12 00:18:42.587 16986 17109 W PackageManager: Skipping preparing app data for com.android.webapp
09-12 00:18:42.587 16986 17109 W PackageManager: Skipping preparing app data for com.google.android.permission
09-12 00:18:42.587 16986 17109 W PackageManager: Skipping preparing app data for com.google.android.profiling
09-12 00:18:42.587 16986 17109 W PackageManager: Skipping preparing app data for com.android.extservices
09-12 00:18:42.588 16986 17109 W PackageManager: Skipping preparing app data for com.google.android.neuralnetworks
09-12 00:18:42.588 16986 17109 W PackageManager: Skipping preparing app data for com.google.android.tethering
09-12 00:18:42.588 16986 17109 W PackageManager: Skipping preparing app data for com.google.pixelwatchambient
09-12 00:18:42.588 16986 17109 W PackageManager: Skipping preparing app data for com.google.android.adbd
09-12 00:18:42.588 16986 17109 W PackageManager: Skipping preparing app data for com.google.android.rkpd
09-12 00:18:42.588 16986 17109 W PackageManager: Skipping preparing app data for com.google.android.wifi
09-12 00:18:42.588 16986 17109 W PackageManager: Skipping preparing app data for com.google.android.telephonycore
09-12 00:18:42.588 16986 17109 W PackageManager: Skipping preparing app data for com.android.npumanager
09-12 00:18:42.588 16986 17109 W PackageManager: Skipping preparing app data for com.google.android.conscrypt
09-12 00:18:42.590 16986 16986 I PackageWatchdog: Syncing state, reason: added new observer
09-12 00:18:42.590 16986 16986 I PackageWatchdog: Not pruning observers, elapsed time: 0ms
09-12 00:18:42.591 16986 17074 I PackageWatchdog: Saving observer state to file
09-12 00:18:42.597 16986 16986 D SystemServerTiming: StartNativeTombstoneManagerService
09-12 00:18:42.597 16986 16986 I SystemServiceManager: Starting com.android.server.os.NativeTombstoneManagerService
09-12 00:18:42.598 16986 16986 D SystemServerTiming: StartBugreportManagerService
09-12 00:18:42.599 16986 16986 I SystemServiceManager: Starting com.android.server.os.BugreportManagerService
09-12 00:18:42.600 16986 16986 D SystemServerTiming: GpuService
09-12 00:18:42.601 16986 16986 I SystemServiceManager: Starting com.android.server.gpu.GpuService
09-12 00:18:42.601 16986 16986 D SystemServerTiming: StartRemoteProvisioningService
09-12 00:18:42.601 16986 16986 I SystemServiceManager: Starting com.android.server.security.rkp.RemoteProvisioningService
09-12 00:18:42.602 16986 16986 D SystemServerTiming: startOtherServices
09-12 00:18:42.603 16986 16986 D SystemServerTiming: StartKeyAttestationApplicationIdProviderService
09-12 00:18:42.604 16986 17131 D SystemServerTimingAsync: InitThreadPoolExec:SecondaryZygotePreload
09-12 00:18:42.604 16986 17131 I SystemServer: SecondaryZygotePreload
09-12 00:18:42.604 16986 17131 D SystemServerTimingAsync: SecondaryZygotePreload
09-12 00:18:42.605 16986 16986 D SystemServerTiming: StartKeyChainSystemService
09-12 00:18:42.605 16986 16986 I SystemServiceManager: Starting com.android.server.security.KeyChainSystemService
09-12 00:18:42.606 16986 16986 D SystemServerTiming: StartBinaryTransparencyService
09-12 00:18:42.606 16986 16986 I SystemServiceManager: Starting com.android.server.BinaryTransparencyService
09-12 00:18:42.606 16986 17131 E SystemServer: Unable to preload default resources for secondary
09-12 00:18:42.608 16986 16986 I TransparencyService: Started BinaryTransparencyService
09-12 00:18:42.608 16986 16986 D SystemServerTiming: StartSchedulingPolicyService
09-12 00:18:42.609 16986 17007 D SystemServerTimingAsync: InitThreadPoolExec:SchedulingPolicyService.<init>
09-12 00:18:42.610 16986 16986 D SystemServerTiming: StartTelecomLoaderService
09-12 00:18:42.610 16986 16986 I SystemServiceManager: Starting com.android.server.telecom.TelecomLoaderService
09-12 00:18:42.611 16986 16986 D SystemServerTiming: StartTelephonyRegistry
09-12 00:18:42.614 16986 16986 D SystemServerTiming: StartEntropyMixer
09-12 00:18:42.617 16986 16986 I EntropyMixer: Loaded existing seed file
09-12 00:18:42.620 16986 16986 I EntropyMixer: Updated seed file
09-12 00:18:42.621 16986 16986 D SystemServerTiming: StartAccountManagerService
09-12 00:18:42.621 16986 16986 I SystemServiceManager: Starting com.android.server.accounts.AccountManagerService$Lifecycle
09-12 00:18:42.628 16866 16882 D Diag_Lib: diag: Diag_LSM_Init: invoked for pid: 16866 with init_count: 0
09-12 00:18:42.628 16866 16882 D Diag_Lib: diag:failed to connect to diag socket
09-12 00:18:42.628 16866 16882 D Diag_Lib:  Diag_LSM_Init: Failed to open handle to diag driver, error = 111
09-12 00:18:42.628 16866 16882 I ATS     : vendor/qcom/sw5100-lw4/proprietary-audio/args/acdb/ats/transports/diag/linux/actp/src/actp.c:actp_diag_init:105 Error[1]: Failed to initialize DIAG
09-12 00:18:42.628 16866 16882 E ATS     : vendor/qcom/sw5100-lw4/proprietary-audio/args/acdb/ats/src/ats.c:ats_init:143 Error[1]: Failed to initialize Diag
09-12 00:18:42.628 16866 16882 E ATS     : vendor/qcom/sw5100-lw4/proprietary-audio/args/acdb/ats/src/ats.c:ats_init:263 Error[1]: Failed to initialize ATS
09-12 00:18:42.628 16866 16882 E AGM: API: ats_init_thread: 64 ats_init failed retry 25 err 1
09-12 00:18:42.629 16986 16986 D SystemServerTiming: StartContentService
09-12 00:18:42.629 16986 16986 I SystemServiceManager: Starting com.android.server.content.ContentService$Lifecycle
09-12 00:18:42.632 16986 16986 D SystemServerTiming: InstallSystemProviders
09-12 00:18:42.637 16986 17007 I SchedulingPolicyService: Moving 1172 back to group default
09-12 00:18:42.649 16986 16986 D nativeloader: Configuring clns-shared-17 for other apk /system/priv-app/SettingsProvider/SettingsProvider.apk. target_sdk_version=37, uses_libraries=, library_path=/system/priv-app/SettingsProvider/lib/arm:/system/priv-app/SettingsProvider/SettingsProvider.apk!/lib/armeabi-v7a:/system/lib:/system_ext/lib, permitted_path=/data:/mnt/expand:/data/user_de/0/com.android.providers.settings:/system/priv-app/SettingsProvider:/system/lib:/system_ext/lib
09-12 00:18:42.678   731   873 D MCU     : usf_sensor.cc:1935               37:14:19.413 [USF] Received stop sampling request for Ambient Light Sensor (active:0).
09-12 00:18:42.678   731   873 D MCU     : usf_sensor.cc:1935               37:14:19.418 [USF] Received stop sampling request for Step Counter (active:1).
09-12 00:18:42.679   731   873 D MCU     : usf_sensor.cc:1935               37:14:19.420 [USF] Received stop sampling request for TiltToWake (active:1).
09-12 00:18:42.679   731   873 D MCU     : usf_sensor.cc:1935               37:14:19.423 [USF] Received stop sampling request for Low latency off body detect (active:4).
09-12 00:18:42.696 16986 16986 I PackageManager: getInstalledPackages: callingUid=1000 flags=0 updatedFlags=524288 userId=0
09-12 00:18:42.736  1120  1144 W cutils  : Expected path /data/user_de/0/com.android.vending with mode 700 but found 711
09-12 00:18:42.934 16986 16986 I PackageManager: getInstalledPackages: callingUid=1000 flags=8192 updatedFlags=532480 userId=0
09-12 00:18:42.983 16986 16986 D nativeloader: Configuring clns-shared-18 for other apk /system/framework/clockwork-system.jar. target_sdk_version=37, uses_libraries=ALL, library_path=/system_ext/priv-app/PixelWatchSettingsCompose/lib/arm:/system_ext/priv-app/PixelWatchSettingsCompose/PixelWatchSettingsCompose.apk!/lib/armeabi-v7a:/system/lib:/system_ext/lib, permitted_path=/data:/mnt/expand:/data/user_de/0/com.google.android.apps.wearable.settings:/system_ext/priv-app/PixelWatchSettingsCompose:/system/lib:/system_ext/lib
09-12 00:18:42.985 16986 16986 D ApplicationLoaders: Returning zygote-cached class loader: /system/framework/org.apache.http.legacy.jar
09-12 00:18:42.993 16986 16986 D nativeloader: Configuring clns-shared-19 for other apk /system/framework/com.google.android.wearable.jar. target_sdk_version=37, uses_libraries=ALL, library_path=/system_ext/priv-app/PixelWatchSettingsCompose/lib/arm:/system_ext/priv-app/PixelWatchSettingsCompose/PixelWatchSettingsCompose.apk!/lib/armeabi-v7a:/system/lib:/system_ext/lib, permitted_path=/data:/mnt/expand:/data/user_de/0/com.google.android.apps.wearable.settings:/system_ext/priv-app/PixelWatchSettingsCompose:/system/lib:/system_ext/lib
09-12 00:18:43.013 16986 16986 D nativeloader: Configuring clns-shared-20 for other apk /system_ext/priv-app/PixelWatchSettingsCompose/PixelWatchSettingsCompose.apk. target_sdk_version=37, uses_libraries=, library_path=/system_ext/priv-app/PixelWatchSettingsCompose/lib/arm:/system_ext/priv-app/PixelWatchSettingsCompose/PixelWatchSettingsCompose.apk!/lib/armeabi-v7a:/system/lib:/system_ext/lib, permitted_path=/data:/mnt/expand:/data/user_de/0/com.google.android.apps.wearable.settings:/system_ext/priv-app/PixelWatchSettingsCompose:/system/lib:/system_ext/lib
09-12 00:18:43.107 16986 16986 D OomAdjuster: Not killing cached processes
09-12 00:18:43.108  1248  1248 I adbd    : adbd service requested 'shell,v2,TERM=xterm-256color:export ANDROID_LOG_TAGS=''; exec logcat '-d''
09-12 00:18:43.129 16866 16882 D Diag_Lib: diag: Diag_LSM_Init: invoked for pid: 16866 with init_count: 0
09-12 00:18:43.129 16866 16882 D Diag_Lib: diag:failed to connect to diag socket
09-12 00:18:43.129 16866 16882 D Diag_Lib:  Diag_LSM_Init: Failed to open handle to diag driver, error = 111
09-12 00:18:43.129 16866 16882 I ATS     : vendor/qcom/sw5100-lw4/proprietary-audio/args/acdb/ats/transports/diag/linux/actp/src/actp.c:actp_diag_init:105 Error[1]: Failed to initialize DIAG
09-12 00:18:43.129 16866 16882 E ATS     : vendor/qcom/sw5100-lw4/proprietary-audio/args/acdb/ats/src/ats.c:ats_init:143 Error[1]: Failed to initialize Diag
09-12 00:18:43.129 16866 16882 E ATS     : vendor/qcom/sw5100-lw4/proprietary-audio/args/acdb/ats/src/ats.c:ats_init:263 Error[1]: Failed to initialize ATS
09-12 00:18:43.129 16866 16882 E AGM: API: ats_init_thread: 64 ats_init failed retry 26 err 1
09-12 00:18:43.130 16986 16986 E SystemServiceRegistry: No service published for: supervision
09-12 00:18:43.130 16986 16986 E SystemServiceRegistry: android.os.ServiceManager$ServiceNotFoundException: No service published for: supervision
09-12 00:18:43.130 16986 16986 E SystemServiceRegistry: 	at android.os.ServiceManager.getServiceOrThrow(ServiceManager.java:176)
09-12 00:18:43.130 16986 16986 E SystemServiceRegistry: 	at android.app.SystemServiceRegistry$155.createService(SystemServiceRegistry.java:2006)
09-12 00:18:43.130 16986 16986 E SystemServiceRegistry: 	at android.app.SystemServiceRegistry$155.createService(SystemServiceRegistry.java:2002)
09-12 00:18:43.130 16986 16986 E SystemServiceRegistry: 	at android.app.SystemServiceRegistry$CachedServiceFetcher.getService(SystemServiceRegistry.java:2784)
09-12 00:18:43.130 16986 16986 E SystemServiceRegistry: 	at android.app.SystemServiceRegistry.getSystemService(SystemServiceRegistry.java:2297)
09-12 00:18:43.130 16986 16986 E SystemServiceRegistry: 	at android.app.ContextImpl.getSystemService(ContextImpl.java:2450)
09-12 00:18:43.130 16986 16986 E SystemServiceRegistry: 	at android.content.Context.getSystemService(Context.java:4916)
09-12 00:18:43.130 16986 16986 E SystemServiceRegistry: 	at com.android.server.pm.ProtectedPackages.isSupervisionPackage(go/retraceme 56cb9c0977ae9f67603f451f002522c463042b44293aaef01295dafee5e0332e:4)
09-12 00:18:43.130 16986 16986 E SystemServiceRegistry: 	at com.android.server.pm.ProtectedPackages.isProtectedPackage(go/retraceme 56cb9c0977ae9f67603f451f002522c463042b44293aaef01295dafee5e0332e:49)
09-12 00:18:43.130 16986 16986 E SystemServiceRegistry: 	at com.android.server.pm.ProtectedPackages.isPackageStateProtected(go/retraceme 56cb9c0977ae9f67603f451f002522c463042b44293aaef01295dafee5e0332e:6)
09-12 00:18:43.130 16986 16986 E SystemServiceRegistry: 	at com.android.server.pm.PackageManagerService.-$$Nest$msetEnabledSettings(go/retraceme 56cb9c0977ae9f67603f451f002522c463042b44293aaef01295dafee5e0332e:383)
09-12 00:18:43.130 16986 16986 E SystemServiceRegistry: 	at com.android.server.pm.PackageManagerService$IPackageManagerImpl.setComponentEnabledSetting(go/retraceme 56cb9c0977ae9f67603f451f002522c463042b44293aaef01295dafee5e0332e:32)
09-12 00:18:43.130 16986 16986 E SystemServiceRegistry: 	at android.app.ApplicationPackageManager.setComponentEnabledSetting(ApplicationPackageManager.java:3327)
09-12 00:18:43.130 16986 16986 E SystemServiceRegistry: 	at com.android.server.am.ContentProviderHelper$DevelopmentSettingsObserver.onChange(go/retraceme 56cb9c0977ae9f67603f451f002522c463042b44293aaef01295dafee5e0332e:37)
09-12 00:18:43.130 16986 16986 E SystemServiceRegistry: 	at com.android.server.am.ContentProviderHelper$DevelopmentSettingsObserver.<init>(go/retraceme 56cb9c0977ae9f67603f451f002522c463042b44293aaef01295dafee5e0332e:44)
09-12 00:18:43.130 16986 16986 E SystemServiceRegistry: 	at com.android.server.am.ContentProviderHelper.installSystemProviders(go/retraceme 56cb9c0977ae9f67603f451f002522c463042b44293aaef01295dafee5e0332e:574)
09-12 00:18:43.130 16986 16986 E SystemServiceRegistry: 	at com.android.server.SystemServer.startOtherServices(go/retraceme 56cb9c0977ae9f67603f451f002522c463042b44293aaef01295dafee5e0332e:256)
09-12 00:18:43.130 16986 16986 E SystemServiceRegistry: 	at com.android.server.SystemServer.main(go/retraceme 56cb9c0977ae9f67603f451f002522c463042b44293aaef01295dafee5e0332e:572)
09-12 00:18:43.130 16986 16986 E SystemServiceRegistry: 	at java.lang.reflect.Method.invoke(Native Method)
09-12 00:18:43.130 16986 16986 E SystemServiceRegistry: 	at com.android.internal.os.RuntimeInit$MethodAndArgsCaller.run(RuntimeInit.java:575)
09-12 00:18:43.130 16986 16986 E SystemServiceRegistry: 	at com.android.internal.os.ZygoteInit.main(ZygoteInit.java:917)
09-12 00:18:43.131 16986 16986 E SystemServiceRegistry: Manager wrapper not available: supervision
09-12 00:18:43.132 16986 16986 W PackageManager: Failed to get SupervisionManager.
09-12 00:18:43.133 16986 17065 E SystemServiceRegistry: No service published for: dropbox
09-12 00:18:43.133 16986 17065 E SystemServiceRegistry: android.os.ServiceManager$ServiceNotFoundException: No service published for: dropbox
09-12 00:18:43.133 16986 17065 E SystemServiceRegistry: 	at android.os.ServiceManager.getServiceOrThrow(ServiceManager.java:176)
09-12 00:18:43.133 16986 17065 E SystemServiceRegistry: 	at android.app.SystemServiceRegistry$25.createService(SystemServiceRegistry.java:621)
09-12 00:18:43.133 16986 17065 E SystemServiceRegistry: 	at android.app.SystemServiceRegistry$25.createService(SystemServiceRegistry.java:618)
09-12 00:18:43.133 16986 17065 E SystemServiceRegistry: 	at android.app.SystemServiceRegistry$CachedServiceFetcher.getService(SystemServiceRegistry.java:2784)
09-12 00:18:43.133 16986 17065 E SystemServiceRegistry: 	at android.app.SystemServiceRegistry.getSystemService(SystemServiceRegistry.java:2297)
09-12 00:18:43.133 16986 17065 E SystemServiceRegistry: 	at android.app.ContextImpl.getSystemService(ContextImpl.java:2450)
09-12 00:18:43.133 16986 17065 E SystemServiceRegistry: 	at android.content.Context.getSystemService(Context.java:4916)
09-12 00:18:43.133 16986 17065 E SystemServiceRegistry: 	at com.android.server.am.ActivityManagerService.addErrorToDropBox(go/retraceme 56cb9c0977ae9f67603f451f002522c463042b44293aaef01295dafee5e0332e:24)
09-12 00:18:43.133 16986 17065 E SystemServiceRegistry: 	at com.android.server.am.ActivityManagerService.handleApplicationWtfInner(go/retraceme 56cb9c0977ae9f67603f451f002522c463042b44293aaef01295dafee5e0332e:112)
09-12 00:18:43.133 16986 17065 E SystemServiceRegistry: 	at com.android.server.am.ActivityManagerService$12.run(go/retraceme 56cb9c0977ae9f67603f451f002522c463042b44293aaef01295dafee5e0332e:12)
09-12 00:18:43.133 16986 17065 E SystemServiceRegistry: 	at android.os.Handler.handleCallback(Handler.java:1095)
09-12 00:18:43.133 16986 17065 E SystemServiceRegistry: 	at android.os.Handler.dispatchMessageImpl(Handler.java:135)
09-12 00:18:43.133 16986 17065 E SystemServiceRegistry: 	at android.os.Handler.dispatchMessage(Handler.java:125)
09-12 00:18:43.133 16986 17065 E SystemServiceRegistry: 	at android.os.Looper.loopOnce(Looper.java:296)
09-12 00:18:43.133 16986 17065 E SystemServiceRegistry: 	at android.os.Looper.loop(Looper.java:397)
09-12 00:18:43.133 16986 17065 E SystemServiceRegistry: 	at android.os.HandlerThread.run(HandlerThread.java:139)
09-12 00:18:43.133 16986 17065 E SystemServiceRegistry: 	at com.android.server.ServiceThread.run(ServiceThread.java:46)
09-12 00:18:43.135 16986 17065 E SystemServiceRegistry: No service published for: dropbox
09-12 00:18:43.135 16986 17065 E SystemServiceRegistry: android.os.ServiceManager$ServiceNotFoundException: No service published for: dropbox
09-12 00:18:43.135 16986 17065 E SystemServiceRegistry: 	at android.os.ServiceManager.getServiceOrThrow(ServiceManager.java:176)
09-12 00:18:43.135 16986 17065 E SystemServiceRegistry: 	at android.app.SystemServiceRegistry$25.createService(SystemServiceRegistry.java:621)
09-12 00:18:43.135 16986 17065 E SystemServiceRegistry: 	at android.app.SystemServiceRegistry$25.createService(SystemServiceRegistry.java:618)
09-12 00:18:43.135 16986 17065 E SystemServiceRegistry: 	at android.app.SystemServiceRegistry$CachedServiceFetcher.getService(SystemServiceRegistry.java:2784)
09-12 00:18:43.135 16986 17065 E SystemServiceRegistry: 	at android.app.SystemServiceRegistry.getSystemService(SystemServiceRegistry.java:2297)
09-12 00:18:43.135 16986 17065 E SystemServiceRegistry: 	at android.app.ContextImpl.getSystemService(ContextImpl.java:2450)
09-12 00:18:43.135 16986 17065 E SystemServiceRegistry: 	at android.content.Context.getSystemService(Context.java:4916)
09-12 00:18:43.135 16986 17065 E SystemServiceRegistry: 	at com.android.server.am.ActivityManagerService.addErrorToDropBox(go/retraceme 56cb9c0977ae9f67603f451f002522c463042b44293aaef01295dafee5e0332e:24)
09-12 00:18:43.135 16986 17065 E SystemServiceRegistry: 	at com.android.server.am.ActivityManagerService.handleApplicationWtfInner(go/retraceme 56cb9c0977ae9f67603f451f002522c463042b44293aaef01295dafee5e0332e:112)
09-12 00:18:43.135 16986 17065 E SystemServiceRegistry: 	at com.android.server.am.ActivityManagerService$12.run(go/retraceme 56cb9c0977ae9f67603f451f002522c463042b44293aaef01295dafee5e0332e:12)
09-12 00:18:43.135 16986 17065 E SystemServiceRegistry: 	at android.os.Handler.handleCallback(Handler.java:1095)
09-12 00:18:43.135 16986 17065 E SystemServiceRegistry: 	at android.os.Handler.dispatchMessageImpl(Handler.java:135)
09-12 00:18:43.135 16986 17065 E SystemServiceRegistry: 	at android.os.Handler.dispatchMessage(Handler.java:125)
09-12 00:18:43.135 16986 17065 E SystemServiceRegistry: 	at android.os.Looper.loopOnce(Looper.java:296)
09-12 00:18:43.135 16986 17065 E SystemServiceRegistry: 	at android.os.Looper.loop(Looper.java:397)
09-12 00:18:43.135 16986 17065 E SystemServiceRegistry: 	at android.os.HandlerThread.run(HandlerThread.java:139)
09-12 00:18:43.135 16986 17065 E SystemServiceRegistry: 	at com.android.server.ServiceThread.run(ServiceThread.java:46)
09-12 00:18:43.137 16986 17065 E SystemServiceRegistry: No service published for: dropbox
09-12 00:18:43.137 16986 17065 E SystemServiceRegistry: android.os.ServiceManager$ServiceNotFoundException: No service published for: dropbox
09-12 00:18:43.137 16986 17065 E SystemServiceRegistry: 	at android.os.ServiceManager.getServiceOrThrow(ServiceManager.java:176)
09-12 00:18:43.137 16986 17065 E SystemServiceRegistry: 	at android.app.SystemServiceRegistry$25.createService(SystemServiceRegistry.java:621)
09-12 00:18:43.137 16986 17065 E SystemServiceRegistry: 	at android.app.SystemServiceRegistry$25.createService(SystemServiceRegistry.java:618)
09-12 00:18:43.137 16986 17065 E SystemServiceRegistry: 	at android.app.SystemServiceRegistry$CachedServiceFetcher.getService(SystemServiceRegistry.java:2784)
09-12 00:18:43.137 16986 17065 E SystemServiceRegistry: 	at android.app.SystemServiceRegistry.getSystemService(SystemServiceRegistry.java:2297)
09-12 00:18:43.137 16986 17065 E SystemServiceRegistry: 	at android.app.ContextImpl.getSystemService(ContextImpl.java:2450)
09-12 00:18:43.137 16986 17065 E SystemServiceRegistry: 	at android.content.Context.getSystemService(Context.java:4916)
09-12 00:18:43.137 16986 17065 E SystemServiceRegistry: 	at com.android.server.am.ActivityManagerService.addErrorToDropBox(go/retraceme 56cb9c0977ae9f67603f451f002522c463042b44293aaef01295dafee5e0332e:24)
09-12 00:18:43.137 16986 17065 E SystemServiceRegistry: 	at com.android.server.am.ActivityManagerService.handleApplicationWtfInner(go/retraceme 56cb9c0977ae9f67603f451f002522c463042b44293aaef01295dafee5e0332e:112)
09-12 00:18:43.137 16986 17065 E SystemServiceRegistry: 	at com.android.server.am.ActivityManagerService$12.run(go/retraceme 56cb9c0977ae9f67603f451f002522c463042b44293aaef01295dafee5e0332e:12)
09-12 00:18:43.137 16986 17065 E SystemServiceRegistry: 	at android.os.Handler.handleCallback(Handler.java:1095)
09-12 00:18:43.137 16986 17065 E SystemServiceRegistry: 	at android.os.Handler.dispatchMessageImpl(Handler.java:135)
09-12 00:18:43.137 16986 17065 E SystemServiceRegistry: 	at android.os.Handler.dispatchMessage(Handler.java:125)
09-12 00:18:43.137 16986 17065 E SystemServiceRegistry: 	at android.os.Looper.loopOnce(Looper.java:296)
09-12 00:18:43.137 16986 17065 E SystemServiceRegistry: 	at android.os.Looper.loop(Looper.java:397)
09-12 00:18:43.137 16986 17065 E SystemServiceRegistry: 	at android.os.HandlerThread.run(HandlerThread.java:139)
09-12 00:18:43.137 16986 17065 E SystemServiceRegistry: 	at com.android.server.ServiceThread.run(ServiceThread.java:46)
09-12 00:18:43.140 16986 17065 E SystemServiceRegistry: No service published for: dropbox
09-12 00:18:43.140 16986 17065 E SystemServiceRegistry: android.os.ServiceManager$ServiceNotFoundException: No service published for: dropbox
09-12 00:18:43.140 16986 17065 E SystemServiceRegistry: 	at android.os.ServiceManager.getServiceOrThrow(ServiceManager.java:176)
09-12 00:18:43.140 16986 17065 E SystemServiceRegistry: 	at android.app.SystemServiceRegistry$25.createService(SystemServiceRegistry.java:621)
09-12 00:18:43.140 16986 17065 E SystemServiceRegistry: 	at android.app.SystemServiceRegistry$25.createService(SystemServiceRegistry.java:618)
09-12 00:18:43.140 16986 17065 E SystemServiceRegistry: 	at android.app.SystemServiceRegistry$CachedServiceFetcher.getService(SystemServiceRegistry.java:2784)
09-12 00:18:43.140 16986 17065 E SystemServiceRegistry: 	at android.app.SystemServiceRegistry.getSystemService(SystemServiceRegistry.java:2297)
09-12 00:18:43.140 16986 17065 E SystemServiceRegistry: 	at android.app.ContextImpl.getSystemService(ContextImpl.java:2450)
09-12 00:18:43.140 16986 17065 E SystemServiceRegistry: 	at android.content.Context.getSystemService(Context.java:4916)
09-12 00:18:43.140 16986 17065 E SystemServiceRegistry: 	at com.android.server.am.ActivityManagerService.addErrorToDropBox(go/retraceme 56cb9c0977ae9f67603f451f002522c463042b44293aaef01295dafee5e0332e:24)
09-12 00:18:43.140 16986 17065 E SystemServiceRegistry: 	at com.android.server.am.ActivityManagerService.handleApplicationWtfInner(go/retraceme 56cb9c0977ae9f67603f451f002522c463042b44293aaef01295dafee5e0332e:112)
09-12 00:18:43.140 16986 17065 E SystemServiceRegistry: 	at com.android.server.am.ActivityManagerService$12.run(go/retraceme 56cb9c0977ae9f67603f451f002522c463042b44293aaef01295dafee5e0332e:12)
09-12 00:18:43.140 16986 17065 E SystemServiceRegistry: 	at android.os.Handler.handleCallback(Handler.java:1095)
09-12 00:18:43.140 16986 17065 E SystemServiceRegistry: 	at android.os.Handler.dispatchMessageImpl(Handler.java:135)
09-12 00:18:43.140 16986 17065 E SystemServiceRegistry: 	at android.os.Handler.dispatchMessage(Handler.java:125)
09-12 00:18:43.140 16986 17065 E SystemServiceRegistry: 	at android.os.Looper.loopOnce(Looper.java:296)
09-12 00:18:43.140 16986 17065 E SystemServiceRegistry: 	at android.os.Looper.loop(Looper.java:397)
09-12 00:18:43.140 16986 17065 E SystemServiceRegistry: 	at android.os.HandlerThread.run(HandlerThread.java:139)
09-12 00:18:43.140 16986 17065 E SystemServiceRegistry: 	at com.android.server.ServiceThread.run(ServiceThread.java:46)
09-12 00:18:43.143 16986 17065 E SystemServiceRegistry: No service published for: dropbox
09-12 00:18:43.143 16986 17065 E SystemServiceRegistry: android.os.ServiceManager$ServiceNotFoundException: No service published for: dropbox
09-12 00:18:43.143 16986 17065 E SystemServiceRegistry: 	at android.os.ServiceManager.getServiceOrThrow(ServiceManager.java:176)
09-12 00:18:43.143 16986 17065 E SystemServiceRegistry: 	at android.app.SystemServiceRegistry$25.createService(SystemServiceRegistry.java:621)
09-12 00:18:43.143 16986 17065 E SystemServiceRegistry: 	at android.app.SystemServiceRegistry$25.createService(SystemServiceRegistry.java:618)
09-12 00:18:43.143 16986 17065 E SystemServiceRegistry: 	at android.app.SystemServiceRegistry$CachedServiceFetcher.getService(SystemServiceRegistry.java:2784)
09-12 00:18:43.143 16986 17065 E SystemServiceRegistry: 	at android.app.SystemServiceRegistry.getSystemService(SystemServiceRegistry.java:2297)
09-12 00:18:43.143 16986 17065 E SystemServiceRegistry: 	at android.app.ContextImpl.getSystemService(ContextImpl.java:2450)
09-12 00:18:43.143 16986 17065 E SystemServiceRegistry: 	at android.content.Context.getSystemService(Context.java:4916)
09-12 00:18:43.143 16986 17065 E SystemServiceRegistry: 	at com.android.server.am.ActivityManagerService.addErrorToDropBox(go/retraceme 56cb9c0977ae9f67603f451f002522c463042b44293aaef01295dafee5e0332e:24)
09-12 00:18:43.143 16986 17065 E SystemServiceRegistry: 	at com.android.server.am.ActivityManagerService.handleApplicationWtfInner(go/retraceme 56cb9c0977ae9f67603f451f002522c463042b44293aaef01295dafee5e0332e:112)
09-12 00:18:43.143 16986 17065 E SystemServiceRegistry: 	at com.android.server.am.ActivityManagerService$12.run(go/retraceme 56cb9c0977ae9f67603f451f002522c463042b44293aaef01295dafee5e0332e:12)
09-12 00:18:43.143 16986 17065 E SystemServiceRegistry: 	at android.os.Handler.handleCallback(Handler.java:1095)
09-12 00:18:43.143 16986 17065 E SystemServiceRegistry: 	at android.os.Handler.dispatchMessageImpl(Handler.java:135)
09-12 00:18:43.143 16986 17065 E SystemServiceRegistry: 	at android.os.Handler.dispatchMessage(Handler.java:125)
09-12 00:18:43.143 16986 17065 E SystemServiceRegistry: 	at android.os.Looper.loopOnce(Looper.java:296)
09-12 00:18:43.143 16986 17065 E SystemServiceRegistry: 	at android.os.Looper.loop(Looper.java:397)
09-12 00:18:43.143 16986 17065 E SystemServiceRegistry: 	at android.os.HandlerThread.run(HandlerThread.java:139)
09-12 00:18:43.143 16986 17065 E SystemServiceRegistry: 	at com.android.server.ServiceThread.run(ServiceThread.java:46)
09-12 00:18:43.147 16986 17065 E SystemServiceRegistry: No service published for: dropbox
09-12 00:18:43.147 16986 17065 E SystemServiceRegistry: android.os.ServiceManager$ServiceNotFoundException: No service published for: dropbox
09-12 00:18:43.147 16986 17065 E SystemServiceRegistry: 	at android.os.ServiceManager.getServiceOrThrow(ServiceManager.java:176)
09-12 00:18:43.147 16986 17065 E SystemServiceRegistry: 	at android.app.SystemServiceRegistry$25.createService(SystemServiceRegistry.java:621)
09-12 00:18:43.147 16986 17065 E SystemServiceRegistry: 	at android.app.SystemServiceRegistry$25.createService(SystemServiceRegistry.java:618)
09-12 00:18:43.147 16986 17065 E SystemServiceRegistry: 	at android.app.SystemServiceRegistry$CachedServiceFetcher.getService(SystemServiceRegistry.java:2784)
09-12 00:18:43.147 16986 17065 E SystemServiceRegistry: 	at android.app.SystemServiceRegistry.getSystemService(SystemServiceRegistry.java:2297)
09-12 00:18:43.147 16986 17065 E SystemServiceRegistry: 	at android.app.ContextImpl.getSystemService(ContextImpl.java:2450)
09-12 00:18:43.147 16986 17065 E SystemServiceRegistry: 	at android.content.Context.getSystemService(Context.java:4916)
09-12 00:18:43.147 16986 17065 E SystemServiceRegistry: 	at com.android.server.am.ActivityManagerService.addErrorToDropBox(go/retraceme 56cb9c0977ae9f67603f451f002522c463042b44293aaef01295dafee5e0332e:24)
09-12 00:18:43.147 16986 17065 E SystemServiceRegistry: 	at com.android.server.am.ActivityManagerService.handleApplicationWtfInner(go/retraceme 56cb9c0977ae9f67603f451f002522c463042b44293aaef01295dafee5e0332e:112)
09-12 00:18:43.147 16986 17065 E SystemServiceRegistry: 	at com.android.server.am.ActivityManagerService$12.run(go/retraceme 56cb9c0977ae9f67603f451f002522c463042b44293aaef01295dafee5e0332e:12)
09-12 00:18:43.147 16986 17065 E SystemServiceRegistry: 	at android.os.Handler.handleCallback(Handler.java:1095)
09-12 00:18:43.147 16986 17065 E SystemServiceRegistry: 	at android.os.Handler.dispatchMessageImpl(Handler.java:135)
09-12 00:18:43.147 16986 17065 E SystemServiceRegistry: 	at android.os.Handler.dispatchMessage(Handler.java:125)
09-12 00:18:43.147 16986 17065 E SystemServiceRegistry: 	at android.os.Looper.loopOnce(Looper.java:296)
09-12 00:18:43.147 16986 17065 E SystemServiceRegistry: 	at android.os.Looper.loop(Looper.java:397)
09-12 00:18:43.147 16986 17065 E SystemServiceRegistry: 	at android.os.HandlerThread.run(HandlerThread.java:139)
09-12 00:18:43.147 16986 17065 E SystemServiceRegistry: 	at com.android.server.ServiceThread.run(ServiceThread.java:46)
09-12 00:18:43.147 16986 16986 D ActivityManager: Freezer timeout set to 5000
09-12 00:18:43.147 16986 16986 D ActivityManager: Freezer exemption set to false
09-12 00:18:43.149 16986 16986 I SystemServiceManager: Starting com.android.server.deviceconfig.DeviceConfigInit$Lifecycle
09-12 00:18:43.150 16986 16986 I DeviceConfig: Bootstrap values not found
09-12 00:18:43.151 16986 16986 D SystemServerTiming: StartDropBoxManager
09-12 00:18:43.151 16986 16986 I SystemServiceManager: Starting com.android.server.DropBoxManagerService
09-12 00:18:43.151 16986 17065 E SystemServiceRegistry: No service published for: dropbox
09-12 00:18:43.151 16986 17065 E SystemServiceRegistry: android.os.ServiceManager$ServiceNotFoundException: No service published for: dropbox
09-12 00:18:43.151 16986 17065 E SystemServiceRegistry: 	at android.os.ServiceManager.getServiceOrThrow(ServiceManager.java:176)
09-12 00:18:43.151 16986 17065 E SystemServiceRegistry: 	at android.app.SystemServiceRegistry$25.createService(SystemServiceRegistry.java:621)
09-12 00:18:43.151 16986 17065 E SystemServiceRegistry: 	at android.app.SystemServiceRegistry$25.createService(SystemServiceRegistry.java:618)
09-12 00:18:43.151 16986 17065 E SystemServiceRegistry: 	at android.app.SystemServiceRegistry$CachedServiceFetcher.getService(SystemServiceRegistry.java:2784)
09-12 00:18:43.151 16986 17065 E SystemServiceRegistry: 	at android.app.SystemServiceRegistry.getSystemService(SystemServiceRegistry.java:2297)
09-12 00:18:43.151 16986 17065 E SystemServiceRegistry: 	at android.app.ContextImpl.getSystemService(ContextImpl.java:2450)
09-12 00:18:43.151 16986 17065 E SystemServiceRegistry: 	at android.content.Context.getSystemService(Context.java:4916)
09-12 00:18:43.151 16986 17065 E SystemServiceRegistry: 	at com.android.server.am.ActivityManagerService.addErrorToDropBox(go/retraceme 56cb9c0977ae9f67603f451f002522c463042b44293aaef01295dafee5e0332e:24)
09-12 00:18:43.151 16986 17065 E SystemServiceRegistry: 	at com.android.server.am.ActivityManagerService.handleApplicationWtfInner(go/retraceme 56cb9c0977ae9f67603f451f002522c463042b44293aaef01295dafee5e0332e:112)
09-12 00:18:43.151 16986 17065 E SystemServiceRegistry: 	at com.android.server.am.ActivityManagerService$12.run(go/retraceme 56cb9c0977ae9f67603f451f002522c463042b44293aaef01295dafee5e0332e:12)
09-12 00:18:43.151 16986 17065 E SystemServiceRegistry: 	at android.os.Handler.handleCallback(Handler.java:1095)
09-12 00:18:43.151 16986 17065 E SystemServiceRegistry: 	at android.os.Handler.dispatchMessageImpl(Handler.java:135)
09-12 00:18:43.151 16986 17065 E SystemServiceRegistry: 	at android.os.Handler.dispatchMessage(Handler.java:125)
09-12 00:18:43.151 16986 17065 E SystemServiceRegistry: 	at android.os.Looper.loopOnce(Looper.java:296)
09-12 00:18:43.151 16986 17065 E SystemServiceRegistry: 	at android.os.Looper.loop(Looper.java:397)
09-12 00:18:43.151 16986 17065 E SystemServiceRegistry: 	at android.os.HandlerThread.run(HandlerThread.java:139)
09-12 00:18:43.151 16986 17065 E SystemServiceRegistry: 	at com.android.server.ServiceThread.run(ServiceThread.java:46)
09-12 00:18:43.154 16986 16986 D SystemServerTiming: StartEnhancedConfirmationService
09-12 00:18:43.154 16986 17065 E SystemServiceRegistry: No service published for: dropbox
09-12 00:18:43.154 16986 17065 E SystemServiceRegistry: android.os.ServiceManager$ServiceNotFoundException: No service published for: dropbox
09-12 00:18:43.154 16986 17065 E SystemServiceRegistry: 	at android.os.ServiceManager.getServiceOrThrow(ServiceManager.java:176)
09-12 00:18:43.154 16986 17065 E SystemServiceRegistry: 	at android.app.SystemServiceRegistry$25.createService(SystemServiceRegistry.java:621)
09-12 00:18:43.154 16986 17065 E SystemServiceRegistry: 	at android.app.SystemServiceRegistry$25.createService(SystemServiceRegistry.java:618)
09-12 00:18:43.154 16986 17065 E SystemServiceRegistry: 	at android.app.SystemServiceRegistry$CachedServiceFetcher.getService(SystemServiceRegistry.java:2784)
09-12 00:18:43.154 16986 17065 E SystemServiceRegistry: 	at android.app.SystemServiceRegistry.getSystemService(SystemServiceRegistry.java:2297)
09-12 00:18:43.154 16986 17065 E SystemServiceRegistry: 	at android.app.ContextImpl.getSystemService(ContextImpl.java:2450)
09-12 00:18:43.154 16986 17065 E SystemServiceRegistry: 	at android.content.Context.getSystemService(Context.java:4916)
09-12 00:18:43.154 16986 17065 E SystemServiceRegistry: 	at com.android.server.am.ActivityManagerService.addErrorToDropBox(go/retraceme 56cb9c0977ae9f67603f451f002522c463042b44293aaef01295dafee5e0332e:24)
09-12 00:18:43.154 16986 17065 E SystemServiceRegistry: 	at com.android.server.am.ActivityManagerService.handleApplicationWtfInner(go/retraceme 56cb9c0977ae9f67603f451f002522c463042b44293aaef01295dafee5e0332e:112)
09-12 00:18:43.154 16986 17065 E SystemServiceRegistry: 	at com.android.server.am.ActivityManagerService$12.run(go/retraceme 56cb9c0977ae9f67603f451f002522c463042b44293aaef01295dafee5e0332e:12)
09-12 00:18:43.154 16986 17065 E SystemServiceRegistry: 	at android.os.Handler.handleCallback(Handler.java:1095)
09-12 00:18:43.154 16986 17065 E SystemServiceRegistry: 	at android.os.Handler.dispatchMessageImpl(Handler.java:135)
09-12 00:18:43.154 16986 17065 E SystemServiceRegistry: 	at android.os.Handler.dispatchMessage(Handler.java:125)
09-12 00:18:43.154 16986 17065 E SystemServiceRegistry: 	at android.os.Looper.loopOnce(Looper.java:296)
09-12 00:18:43.154 16986 17065 E SystemServiceRegistry: 	at android.os.Looper.loop(Looper.java:397)
09-12 00:18:43.154 16986 17065 E SystemServiceRegistry: 	at android.os.HandlerThread.run(HandlerThread.java:139)
09-12 00:18:43.154 16986 17065 E SystemServiceRegistry: 	at com.android.server.ServiceThread.run(ServiceThread.java:46)
09-12 00:18:43.154 16986 17065 D ActivityManager: Freezer enabled
09-12 00:18:43.155 16986 17065 D ActivityManager: freezer override set to false
09-12 00:18:43.156 16986 16986 I SystemServiceManager: Starting com.android.ecm.EnhancedConfirmationService
09-12 00:18:43.165 16986 16986 D SystemServerTiming: StartHintManager
09-12 00:18:43.166 16986 16986 I SystemServiceManager: Starting com.android.server.power.hint.HintManagerService
09-12 00:18:43.176 16986 16986 D SystemServerTiming: StartAllowlistService
09-12 00:18:43.177 16986 16986 I SystemServiceManager: Starting com.android.server.allowlist.AllowlistService
09-12 00:18:43.180 16986 16986 D SystemServerTiming: StartRoleManagerService
09-12 00:18:43.181 16986 16986 I SystemServiceManager: Starting com.android.role.RoleService
09-12 00:18:43.190 16986 16986 D SystemServerTiming: StartSupervisionService
09-12 00:18:43.191 16986 16986 I SystemServiceManager: Starting com.android.server.supervision.SupervisionService$Lifecycle
09-12 00:18:43.192 16986 16986 W system_server: Monitor::Inflate: Install failed 0x72463ec8
09-12 00:18:43.194 16986 16986 D SupervisionService: Restoring supervision state
09-12 00:18:43.197 16986 16986 D SupervisionService: Retrieving recovery info
09-12 00:18:43.197 16986 16986 D SupervisionService: Recovery info file does not exist
09-12 00:18:43.202 16986 16986 D SystemServerTiming: StartVibratorManagerService
09-12 00:18:43.202 16986 16986 I SystemServiceManager: Starting com.android.server.vibrator.VibratorManagerService$Lifecycle
09-12 00:18:43.216 16986 16986 V VintfHalVibratorManager: Loading default IVibrator service.
09-12 00:18:43.217 16986 16986 E VibratorInfo: Invalid frequency profile received from HAL. resonantFrequencyHz=NaN, frequenciesHz=null, outputAccelerationsGs=null
09-12 00:18:43.217 16986 16986 D VibratorManagerService: nativeNewInit
09-12 00:18:43.220 16986 16986 E VibratorManagerService: nativeNewInit: vibrator manager HAL not available
09-12 00:18:43.225 16986 16986 D VibratorManagerService: nativeGetFinalizer
