--------- beginning of crash
09-12 00:18:26.967 11796 11796 E AndroidRuntime: *** FATAL EXCEPTION IN SYSTEM PROCESS: main
09-12 00:18:26.967 11796 11796 E AndroidRuntime: java.lang.NullPointerException: Attempt to invoke interface method 'android.os.IBinder com.android.clockwork.modes.IStateChangeListener.asBinder()' on a null object reference
09-12 00:18:26.967 11796 11796 E AndroidRuntime: 	at com.android.clockwork.modes.ListenerManager.findRemoteObserverWrapperLocked(go/retraceme cfe317e26c3e2829cc9d3bf73fa23c109c948b7d6c857f2317d8882bdc7d34b9:0)
09-12 00:18:26.967 11796 11796 E AndroidRuntime: 	at com.android.clockwork.modes.ListenerManager$$ExternalSyntheticLambda4.run(go/retraceme cfe317e26c3e2829cc9d3bf73fa23c109c948b7d6c857f2317d8882bdc7d34b9:17)
09-12 00:18:26.967 11796 11796 E AndroidRuntime: 	at android.os.Handler.handleCallback(Handler.java:1095)
09-12 00:18:26.967 11796 11796 E AndroidRuntime: 	at android.os.Handler.dispatchMessageImpl(Handler.java:135)
09-12 00:18:26.967 11796 11796 E AndroidRuntime: 	at android.os.Handler.dispatchMessage(Handler.java:125)
09-12 00:18:26.967 11796 11796 E AndroidRuntime: 	at android.os.Looper.loopOnce(Looper.java:296)
09-12 00:18:26.967 11796 11796 E AndroidRuntime: 	at android.os.Looper.loop(Looper.java:397)
09-12 00:18:26.967 11796 11796 E AndroidRuntime: 	at com.android.server.SystemServer.main(go/retraceme 56cb9c0977ae9f67603f451f002522c463042b44293aaef01295dafee5e0332e:696)
09-12 00:18:26.967 11796 11796 E AndroidRuntime: 	at java.lang.reflect.Method.invoke(Native Method)
09-12 00:18:26.967 11796 11796 E AndroidRuntime: 	at com.android.internal.os.RuntimeInit$MethodAndArgsCaller.run(RuntimeInit.java:575)
09-12 00:18:26.967 11796 11796 E AndroidRuntime: 	at com.android.internal.os.ZygoteInit.main(ZygoteInit.java:917)
09-12 00:18:27.464 16771 16771 E AndroidRuntime: FATAL EXCEPTION: main
09-12 00:18:27.464 16771 16771 E AndroidRuntime: Process: com.poc.healthprobe, PID: 16771
09-12 00:18:27.464 16771 16771 E AndroidRuntime: DeadSystemException: The system died; earlier logs will point to the root cause
09-12 00:18:27.791 12270 12270 E AndroidRuntime: FATAL EXCEPTION: main
09-12 00:18:27.791 12270 12270 E AndroidRuntime: Process: com.android.networkstack.process, PID: 12270
09-12 00:18:27.791 12270 12270 E AndroidRuntime: DeadSystemException: The system died; earlier logs will point to the root cause
--------- beginning of system
09-12 00:18:45.788 16986 16986 D SystemServerTiming: OnBootPhase_500_com.android.server.security.AttestationVerificationManagerService
09-12 00:18:45.788 16986 16986 D SystemServerTiming: OnBootPhase_500_com.android.server.companion.CompanionDeviceManagerService
09-12 00:18:45.788 16986 16986 D SystemServerTiming: OnBootPhase_500_com.android.server.companion.datatransfer.continuity.TaskContinuityManagerService
09-12 00:18:45.788 16986 16986 D SystemServerTiming: OnBootPhase_500_com.android.server.restrictions.RestrictionsManagerService
09-12 00:18:45.788 16986 16986 D SystemServerTiming: OnBootPhase_500_com.android.server.media.MediaSessionService
09-12 00:18:45.788 16986 16986 D SystemServerTiming: OnBootPhase_500_com.android.server.biometrics.BiometricService
09-12 00:18:45.789 16986 16986 D SystemServerTiming: OnBootPhase_500_com.android.server.biometrics.AuthService
09-12 00:18:45.789 16986 16986 D SystemServerTiming: OnBootPhase_500_com.android.server.pm.ShortcutService$Lifecycle
09-12 00:18:45.789 16986 16986 D SystemServerTiming: OnBootPhase_500_com.android.server.pm.LauncherAppsService
09-12 00:18:45.789 16986 16986 D SystemServerTiming: OnBootPhase_500_com.android.server.pm.CrossProfileAppsService
09-12 00:18:45.789 16986 16986 D SystemServerTiming: OnBootPhase_500_com.android.server.people.PeopleService
09-12 00:18:45.789 16986 16986 D SystemServerTiming: OnBootPhase_500_com.android.server.media.metrics.MediaMetricsManagerService
09-12 00:18:45.789 16986 16986 D SystemServerTiming: OnBootPhase_500_com.android.server.media.projection.MediaProjectionManagerService
09-12 00:18:45.789 16986 16986 D SystemServerTiming: OnBootPhase_500_com.android.clockwork.power.WearPowerService
09-12 00:18:45.794 16986 16986 D WearWakeUpController: interactiveDozeEnabled: true
09-12 00:18:45.795 16986 16986 D WearPower: Set a wake up delegate on WindowWakeUpPolicyInternal
09-12 00:18:45.795 16986 16986 D WearPower: interactiveDozeExperience enabled
09-12 00:18:45.795 16986 16986 D SystemServerTiming: OnBootPhase_500_com.android.clockwork.healthservices.HealthService
09-12 00:18:45.795 16986 16986 D SystemServerTiming: OnBootPhase_500_com.android.clockwork.systemstatedisplay.SystemStateDisplayService
09-12 00:18:45.795 16986 16986 D SystemServerTiming: OnBootPhase_500_com.android.clockwork.connectivity.WearConnectivityService
09-12 00:18:45.832 16986 16986 D SystemServerTiming: OnBootPhase_500_com.android.clockwork.display.WearDisplayService
09-12 00:18:45.832 16986 16986 D SystemServerTiming: OnBootPhase_500_com.android.clockwork.time.WearTimeService
09-12 00:18:45.837 16986 16986 D SystemServerTiming: OnBootPhase_500_com.android.clockwork.settings.WearSettingsService
09-12 00:18:45.838 16986 16986 D SystemServerTiming: OnBootPhase_500_com.android.clockwork.modes.ModeManagerService
09-12 00:18:45.838 16986 16986 D SystemServerTiming: OnBootPhase_500_com.android.clockwork.input.WearInputService
09-12 00:18:45.838 16986 16986 D SystemServerTiming: OnBootPhase_500_com.android.server.stats.StatsCompanion$Lifecycle
09-12 00:18:45.838 16986 16986 D SystemServerTiming: OnBootPhase_500_com.android.server.scheduling.RebootReadinessManagerService$Lifecycle
09-12 00:18:45.838 16986 16986 D SystemServerTiming: OnBootPhase_500_com.android.server.stats.pull.StatsPullAtomService
09-12 00:18:45.838 16986 16986 D SystemServerTiming: OnBootPhase_500_com.android.server.stats.bootstrap.StatsBootstrapAtomService$Lifecycle
09-12 00:18:45.838 16986 16986 D SystemServerTiming: OnBootPhase_500_com.android.server.stats.binder.BinderStatsConsumerService$Lifecycle
09-12 00:18:45.838 16986 16986 D SystemServerTiming: OnBootPhase_500_com.android.server.incident.IncidentCompanionService
09-12 00:18:45.838 16986 16986 D SystemServerTiming: OnBootPhase_500_com.android.server.sdksandbox.SdkSandboxManagerService$Lifecycle
09-12 00:18:45.838 16986 16986 D SystemServerTiming: OnBootPhase_500_android.os.profiling.ProfilingService$Lifecycle
09-12 00:18:45.838 16986 16986 D SystemServerTiming: OnBootPhase_500_com.android.os.profiling.anomaly.AnomalyDetectorService
09-12 00:18:45.839 16986 16986 D SystemServerTiming: OnBootPhase_500_com.android.server.signalcollector.SignalCollectorService
09-12 00:18:45.839 16986 16986 D SystemServerTiming: OnBootPhase_500_com.android.uprobestats.UprobeStatsBridgeService
09-12 00:18:45.839 16986 16986 D SystemServerTiming: OnBootPhase_500_com.android.server.MmsServiceBroker
09-12 00:18:45.839 16986 16986 D SystemServerTiming: OnBootPhase_500_com.android.server.credentials.CredentialManagerService
09-12 00:18:45.839 16986 16986 D SystemServerTiming: OnBootPhase_500_com.android.server.clipboard.ClipboardService
09-12 00:18:45.839 16986 16986 D SystemServerTiming: OnBootPhase_500_com.android.server.appbinding.AppBindingService$Lifecycle
09-12 00:18:45.839 16986 16986 D SystemServerTiming: OnBootPhase_500_com.android.server.tracing.TracingServiceProxy
09-12 00:18:45.839 16986 16986 D SystemServerTiming: OnBootPhase_500_com.android.server.os.instrumentation.DynamicInstrumentationManagerService
09-12 00:18:45.839 16986 16986 D SystemServerTiming: MakeWindowManagerServiceReady
09-12 00:18:45.841 16986 17250 I AnomalyDetectorController: Rules loaded from storage.
09-12 00:18:45.841 16986 16986 D SystemServerTiming: RegisterLogMteState
09-12 00:18:45.843 16986 16986 D SystemServerTiming: StartPermissionPolicyService
09-12 00:18:45.843 16986 16986 I SystemServiceManager: Starting com.android.server.policy.PermissionPolicyService
09-12 00:18:45.846 16986 17064 I HealthServiceWrapperAidl: health: HealthServiceWrapper listening to AIDL HAL
09-12 00:18:45.850 16986 17064 I StatsPullAtomService: register thermal listener successfully
09-12 00:18:45.853 16986 16986 D SystemServerTiming: MakePackageManagerServiceReady
09-12 00:18:45.858 16986 16986 E UserManagerService: Auto-lock preference updated but private space user not found
09-12 00:18:45.873 16986 16986 V UserDataPreparer: Found /data/user_de/0 with serial number 0
09-12 00:18:45.873 16986 16986 V UserDataPreparer: Found /data/user/0 with serial number 0
09-12 00:18:45.873 16986 16986 V UserDataPreparer: Found /data/system_de/0 with serial number 0
09-12 00:18:45.873 16986 16986 V UserDataPreparer: Found /data/system_ce/0 with serial number 0
09-12 00:18:45.873 16986 16986 V UserDataPreparer: Found /data/misc_ce/0 with serial number 0
09-12 00:18:45.882 16986 17096 I SharedLibrariesImpl: Start pruneUnusedStaticSharedLibraries for neededSpace: 9223372036854775807 maxCachePeriod: 604800000
09-12 00:18:45.882 16986 16986 D SystemServerTiming: StartCrashRecoveryModule
09-12 00:18:45.883 16986 16986 I SystemServiceManager: Starting com.android.server.crashrecovery.CrashRecoveryModule$Lifecycle
09-12 00:18:45.921 16986 17095 E DefaultPermGrantPolicy: Package not found: com.google.android.wearable.media.routing
09-12 00:18:45.926 16986 17095 E DefaultPermGrantPolicy: Package not found: com.google.android.apps.musicweardemo.retailmode
09-12 00:18:45.932 16986 16986 I RescueParty: Factory reset disabled status: false
09-12 00:18:45.940 16986 16986 W SystemServiceManager: Service com.android.server.crashrecovery.CrashRecoveryModule$Lifecycle took 57 ms in onStart
09-12 00:18:45.940 16986 16986 D SystemServerTiming: MakeDisplayManagerServiceReady
09-12 00:18:45.942 16986 16986 I DisplayManagerService: Update mirrorBuiltInDisplaySetting: true, shouldSendDisplayChangeEvent: false
09-12 00:18:45.950 16986 16986 I BrightnessSynchronizer: Initial brightness readings: 3(int), 0.0053(float)
09-12 00:18:45.951 16986 17013 I BrightnessSynchronizer: [1] New Update 0.0053(f) set brightness values:  2(i)
09-12 00:18:45.953 16986 16986 D SystemServerTiming: StartDeviceSpecificServices
09-12 00:18:45.953 16986 16986 D SystemServer: Not starting GameManagerService
09-12 00:18:45.953 16986 16986 D SystemServerTiming: RangingService
09-12 00:18:45.954 16986 16986 I SystemServiceManager: Starting com.android.server.ranging.RangingService
09-12 00:18:45.955 16986 17013 I BrightnessSynchronizer: Swallowing update of 2(i) by update: {[1] 0.0053(f), mUpdatedTypes=1, mConfirmedTypes=1, mTimeUpdated=50154795}
09-12 00:18:45.955 16986 17013 I BrightnessSynchronizer: Completed Update: {[1] 0.0053(f), mUpdatedTypes=1, mConfirmedTypes=1, mTimeUpdated=50154795}
09-12 00:18:45.962 16986 17013 D DisplayManagerService: Sending topology graph to Input Manager: DisplayTopologyGraph{mPrimaryDisplayId=0}
09-12 00:18:45.962 16986 17013 D DisplayManagerService:   DisplayNode{displayId=0, density=320, bounds=RectF(0.0, 0.0, 192.0, 192.0)}
09-12 00:18:45.971 16986 16986 D SystemServerTiming: StartBootPhaseDeviceSpecificServicesReady
09-12 00:18:45.971 16986 16986 I SystemServiceManager: Starting phase 520
09-12 00:18:45.971 16986 16986 D SystemServerTiming: OnBootPhase_520
09-12 00:18:45.971 16986 16986 D SystemServerTiming: OnBootPhase_520_com.android.server.security.FileIntegrityService
09-12 00:18:45.971 16986 16986 D SystemServerTiming: OnBootPhase_520_com.android.server.pm.Installer
09-12 00:18:45.971 16986 16986 D SystemServerTiming: OnBootPhase_520_com.android.server.os.DeviceIdentifiersPolicyService
09-12 00:18:45.971 16986 16986 D SystemServerTiming: OnBootPhase_520_com.android.server.flags.FeatureFlagsService
09-12 00:18:45.971 16986 16986 D SystemServerTiming: OnBootPhase_520_com.android.server.uri.UriGrantsManagerService$Lifecycle
09-12 00:18:45.971 16986 16986 D SystemServerTiming: OnBootPhase_520_com.android.server.powerstats.PowerStatsService
09-12 00:18:45.971 16986 16986 D SystemServerTiming: OnBootPhase_520_com.android.server.permission.access.AccessCheckingService
09-12 00:18:45.971 16986 16986 D SystemServerTiming: OnBootPhase_520_com.android.server.wm.ActivityTaskManagerService$Lifecycle
09-12 00:18:45.971 16986 16986 D SystemServerTiming: OnBootPhase_520_com.android.server.am.ActivityManagerService$Lifecycle
09-12 00:18:45.971 16986 16986 D SystemServerTiming: OnBootPhase_520_com.android.server.pm.DataLoaderManagerService
09-12 00:18:45.971 16986 16986 D SystemServerTiming: OnBootPhase_520_com.android.server.power.PowerManagerService
09-12 00:18:45.971 16986 16986 D SystemServerTiming: OnBootPhase_520_com.android.server.power.thermal.ThermalManagerService
09-12 00:18:45.971 16986 16986 D SystemServerTiming: OnBootPhase_520_com.android.server.recoverysystem.RecoverySystemService$Lifecycle
09-12 00:18:45.971 16986 16986 D SystemServerTiming: OnBootPhase_520_com.android.server.lights.LightsService
09-12 00:18:45.971 16986 16986 D SystemServerTiming: OnBootPhase_520_com.android.clockwork.displayoffload.DisplayOffloadService
09-12 00:18:45.971 16986 16986 D SystemServerTiming: OnBootPhase_520_com.android.server.display.DisplayManagerService
09-12 00:18:45.971 16986 16986 D SystemServerTiming: OnBootPhase_520_com.android.server.pm.verify.domain.DomainVerificationService
09-12 00:18:45.971 16986 16986 D SystemServerTiming: OnBootPhase_520_com.android.server.pm.PackageInstallerService$Lifecycle
09-12 00:18:45.971 16986 16986 D SystemServerTiming: OnBootPhase_520_com.android.server.pm.UserManagerService$LifeCycle
09-12 00:18:45.971 16986 16986 D SystemServerTiming: OnBootPhase_520_com.android.server.om.OverlayManagerService
09-12 00:18:45.971 16986 16986 D SystemServerTiming: OnBootPhase_520_com.android.server.resources.ResourcesManagerService
09-12 00:18:45.971 16986 16986 D SystemServerTiming: OnBootPhase_520_com.android.server.sensorprivacy.SensorPrivacyService
09-12 00:18:45.971 16986 16986 D SystemServerTiming: OnBootPhase_520_com.android.server.sensors.SensorService
09-12 00:18:45.971 16986 16986 D SystemServerTiming: OnBootPhase_520_com.android.server.SystemConfigService
09-12 00:18:45.971 16986 16986 D SystemServerTiming: OnBootPhase_520_com.android.server.BatteryService
09-12 00:18:45.971 16986 16986 D SystemServerTiming: OnBootPhase_520_com.android.server.usage.UsageStatsService
09-12 00:18:45.971 16986 16986 D SystemServerTiming: OnBootPhase_520_com.android.server.CachedDeviceStateService
09-12 00:18:45.971 16986 16986 D SystemServerTiming: OnBootPhase_520_com.android.server.BinderCallsStatsService$LifeCycle
09-12 00:18:45.971 16986 16986 D SystemServerTiming: OnBootPhase_520_com.android.server.LooperStatsService$Lifecycle
09-12 00:18:45.971 16986 16986 D SystemServerTiming: OnBootPhase_520_com.android.server.rollback.RollbackManagerService
09-12 00:18:45.971 16986 16986 D SystemServerTiming: OnBootPhase_520_com.android.server.os.NativeTombstoneManagerService
09-12 00:18:45.971 16986 16986 D SystemServerTiming: OnBootPhase_520_com.android.server.os.BugreportManagerService
09-12 00:18:45.971 16986 16986 D SystemServerTiming: OnBootPhase_520_com.android.server.gpu.GpuService
09-12 00:18:45.971 16986 16986 D SystemServerTiming: OnBootPhase_520_com.android.server.security.rkp.RemoteProvisioningService
09-12 00:18:45.972 16986 16986 D SystemServerTiming: OnBootPhase_520_com.android.server.security.KeyChainSystemService
09-12 00:18:45.972 16986 16986 D SystemServerTiming: OnBootPhase_520_com.android.server.BinaryTransparencyService
09-12 00:18:45.972 16986 16986 D SystemServerTiming: OnBootPhase_520_com.android.server.telecom.TelecomLoaderService
09-12 00:18:45.972 16986 16986 D SystemServerTiming: OnBootPhase_520_com.android.server.accounts.AccountManagerService$Lifecycle
09-12 00:18:45.972 16986 16986 D SystemServerTiming: OnBootPhase_520_com.android.server.content.ContentService$Lifecycle
09-12 00:18:45.972 16986 16986 D SystemServerTiming: OnBootPhase_520_com.android.server.deviceconfig.DeviceConfigInit$Lifecycle
09-12 00:18:45.972 16986 16986 D SystemServerTiming: OnBootPhase_520_com.android.server.DropBoxManagerService
09-12 00:18:45.972 16986 16986 D SystemServerTiming: OnBootPhase_520_com.android.ecm.EnhancedConfirmationService
09-12 00:18:45.972 16986 16986 D SystemServerTiming: OnBootPhase_520_com.android.server.power.hint.HintManagerService
09-12 00:18:45.972 16986 16986 D SystemServerTiming: OnBootPhase_520_com.android.server.allowlist.AllowlistService
09-12 00:18:45.972 16986 16986 D SystemServerTiming: OnBootPhase_520_com.android.role.RoleService
09-12 00:18:45.972 16986 16986 D SystemServerTiming: OnBootPhase_520_com.android.server.supervision.SupervisionService$Lifecycle
09-12 00:18:45.972 16986 16986 D SystemServerTiming: OnBootPhase_520_com.android.server.vibrator.VibratorManagerService$Lifecycle
09-12 00:18:45.972 16986 16986 D SystemServerTiming: OnBootPhase_520_com.android.server.alarm.AlarmManagerService
09-12 00:18:45.972 16986 16986 D SystemServerTiming: OnBootPhase_520_com.android.server.input.InputManagerService$Lifecycle
09-12 00:18:45.972 16986 16986 D SystemServerTiming: OnBootPhase_520_com.android.server.devicestate.DeviceStateManagerService
09-12 00:18:45.972 16986 16986 D SystemServerTiming: OnBootPhase_520_com.android.server.bluetooth.BluetoothService
09-12 00:18:45.972 16986 16986 D SystemServerTiming: OnBootPhase_520_com.android.server.connectivity.IpConnectivityMetrics
09-12 00:18:45.972 16986 16986 D SystemServerTiming: OnBootPhase_520_com.android.server.net.watchlist.NetworkWatchlistService$Lifecycle
09-12 00:18:45.972 16986 16986 D SystemServerTiming: OnBootPhase_520_com.android.server.pinner.PinnerService
09-12 00:18:45.972 16986 16986 D SystemServerTiming: OnBootPhase_520_com.android.server.integrity.AppIntegrityManagerService
09-12 00:18:45.972 16986 16986 D SystemServerTiming: OnBootPhase_520_com.android.server.logcat.LogcatManagerService
09-12 00:18:45.972 16986 16986 D SystemServerTiming: OnBootPhase_520_com.android.server.appfunctions.AppFunctionManagerService
09-12 00:18:45.972 16986 16986 D SystemServerTiming: OnBootPhase_520_com.android.server.privatecompute.PccSandboxManagerService
09-12 00:18:45.972 16986 16986 D SystemServerTiming: OnBootPhase_520_com.android.server.inputmethod.InputMethodManagerService$Lifecycle
09-12 00:18:45.972 16986 16986 D SystemServerTiming: OnBootPhase_520_com.android.server.accessibility.AccessibilityManagerService$Lifecycle
09-12 00:18:45.972 16986 16986 D SystemServerTiming: OnBootPhase_520_com.android.server.StorageManagerService$Lifecycle
09-12 00:18:45.972 16986 16986 D SystemServerTiming: OnBootPhase_520_com.android.server.usage.StorageStatsService$Lifecycle
09-12 00:18:45.972 16986 16986 D SystemServerTiming: OnBootPhase_520_com.android.server.files.FileService
09-12 00:18:45.972 16986 16986 D SystemServerTiming: OnBootPhase_520_com.android.server.UiModeManagerService
09-12 00:18:45.972 16986 16986 D SystemServerTiming: OnBootPhase_520_com.android.server.locales.LocaleManagerService
09-12 00:18:45.972 16986 16986 D SystemServerTiming: OnBootPhase_520_com.android.server.appwindowlayout.AppWindowLayoutSettingsService
09-12 00:18:45.972 16986 16986 D SystemServerTiming: OnBootPhase_520_com.android.server.grammaticalinflection.GrammaticalInflectionService
09-12 00:18:45.972 16986 16986 D SystemServerTiming: OnBootPhase_520_com.android.server.apphibernation.AppHibernationService
09-12 00:18:45.972 16986 16986 D SystemServerTiming: OnBootPhase_520_com.android.server.locksettings.LockSettingsService$Lifecycle
09-12 00:18:45.972 16986 16986 D SystemServerTiming: OnBootPhase_520_com.android.server.pdb.PersistentDataBlockService
09-12 00:18:45.972 16986 16986 D SystemServerTiming: OnBootPhase_520_com.android.server.testharness.TestHarnessModeService
09-12 00:18:45.972 16986 16986 D SystemServerTiming: OnBootPhase_520_com.android.server.oemlock.OemLockService
09-12 00:18:45.972 16986 16986 D SystemServerTiming: OnBootPhase_520_com.android.server.DeviceIdleController
09-12 00:18:45.972 16986 16986 D SystemServerTiming: OnBootPhase_520_com.android.server.devicepolicy.DevicePolicyManagerService$Lifecycle
09-12 00:18:45.975 16986 16986 D SystemServerTiming: OnBootPhase_520_com.android.server.voiceinteraction.VoiceInteractionManagerService
09-12 00:18:45.975 16986 16986 D SystemServerTiming: OnBootPhase_520_com.android.server.texttospeech.TextToSpeechManagerService
09-12 00:18:45.975 16986 16986 D SystemServerTiming: OnBootPhase_520_com.android.server.ondeviceintelligence.OnDeviceIntelligenceManagerService
09-12 00:18:45.975 16986 16986 D SystemServerTiming: OnBootPhase_520_com.android.server.contentsafety.ContentSafetyManagerService
09-12 00:18:45.975 16986 16986 D SystemServerTiming: OnBootPhase_520_com.android.server.speech.SpeechRecognitionManagerService
09-12 00:18:45.975 16986 16986 D SystemServerTiming: OnBootPhase_520_com.android.server.graphics.fonts.FontManagerService$Lifecycle
09-12 00:18:45.975 16986 16986 D SystemServerTiming: OnBootPhase_520_com.android.server.textclassifier.TextClassificationManagerService$Lifecycle
09-12 00:18:45.975 16986 16986 D SystemServerTiming: OnBootPhase_520_com.android.server.NetworkScoreService$Lifecycle
09-12 00:18:45.975 16986 16986 D SystemServerTiming: OnBootPhase_520_com.android.server.NetworkStatsServiceInitializer
09-12 00:18:45.975 16986 16986 D SystemServerTiming: OnBootPhase_520_com.android.server.wifi.WifiService
09-12 00:18:45.975 16986 16986 D SystemServerTiming: OnBootPhase_520_com.android.server.wifi.scanner.WifiScanningService
09-12 00:18:45.975 16986 16986 D SystemServerTiming: OnBootPhase_520_com.android.server.ConnectivityServiceInitializer
09-12 00:18:45.975 16986 16986 D SystemServerTiming: OnBootPhase_520_com.android.server.bitmapoffload.BitmapOffloadService
09-12 00:18:45.975 16986 16986 D SystemServerTiming: OnBootPhase_520_com.android.server.modes.ContextualModeManagerService
09-12 00:18:45.975 16986 16986 D SystemServerTiming: OnBootPhase_520_com.android.server.notification.NotificationManagerService
09-12 00:18:45.975 16986 16986 I PackageManager: getInstalledPackages: callingUid=1000 flags=0 updatedFlags=524288 userId=0
09-12 00:18:45.984 16986 16986 I PackageManager: getInstalledPackages: callingUid=1000 flags=131072 updatedFlags=655360 userId=0
09-12 00:18:45.992 16986 16986 D SystemServerTiming: OnBootPhase_520_com.android.server.storage.DeviceStorageMonitorService
09-12 00:18:45.992 16986 16986 D SystemServerTiming: OnBootPhase_520_com.android.server.timedetector.TimeDetectorService$Lifecycle
09-12 00:18:45.992 16986 16986 D SystemServerTiming: OnBootPhase_520_com.android.server.location.LocationManagerService$Lifecycle
09-12 00:18:45.992 16986 16986 D SystemServerTiming: OnBootPhase_520_com.android.server.timezonedetector.TimeZoneDetectorService$Lifecycle
09-12 00:18:45.992 16986 16986 D SystemServerTiming: OnBootPhase_520_com.android.server.location.altitude.AltitudeService$Lifecycle
09-12 00:18:45.992 16986 16986 D SystemServerTiming: OnBootPhase_520_com.android.server.timezonedetector.location.LocationTimeZoneManagerService$Lifecycle
09-12 00:18:45.992 16986 16986 D SystemServerTiming: OnBootPhase_520_com.android.server.timedetector.GnssTimeUpdateService$Lifecycle
09-12 00:18:45.992 16986 16986 D SystemServerTiming: OnBootPhase_520_com.android.server.wallpaper.WallpaperManagerService$Lifecycle
09-12 00:18:45.993 16986 16986 D SystemServerTiming: OnBootPhase_520_com.android.server.audio.AudioService$Lifecycle
09-12 00:18:45.993 16986 16986 D SystemServerTiming: OnBootPhase_520_com.android.server.soundtrigger_middleware.SoundTriggerMiddlewareService$Lifecycle
09-12 00:18:45.993 16986 16986 D SystemServerTiming: OnBootPhase_520_com.android.server.DockObserver
09-12 00:18:45.993 16986 16986 D SystemServerTiming: OnBootPhase_520_com.android.clockwork.ThermalObserver
09-12 00:18:45.993 16986 16986 D SystemServerTiming: OnBootPhase_520_com.android.server.adb.AdbService$Lifecycle
09-12 00:18:45.993 16986 16986 D SystemServerTiming: OnBootPhase_520_com.android.server.usb.UsbService$Lifecycle
09-12 00:18:45.993 16986 16986 D SystemServerTiming: OnBootPhase_520_com.android.server.serial.SerialManagerService$Lifecycle
09-12 00:18:45.993 16986 16986 D SystemServerTiming: OnBootPhase_520_com.android.server.display.color.ColorDisplayService
09-12 00:18:45.993 16986 16986 D SystemServerTiming: OnBootPhase_520_com.android.server.job.JobSchedulerService
09-12 00:18:45.993 16986 16986 D SystemServerTiming: OnBootPhase_520_com.android.server.soundtrigger.SoundTriggerService
09-12 00:18:45.993 16986 16986 D SoundTriggerService: onBootPhase: 520 : false
09-12 00:18:45.994 16986 16986 D SystemServerTiming: OnBootPhase_520_com.android.server.trust.TrustManagerService
09-12 00:18:45.994 16986 16986 D SystemServerTiming: OnBootPhase_520_com.android.server.backup.BackupManagerService$Lifecycle
09-12 00:18:45.994 16986 16986 D SystemServerTiming: OnBootPhase_520_com.android.server.GestureLauncherService
09-12 00:18:45.994 16986 16986 D SystemServerTiming: OnBootPhase_520_com.android.server.SensorNotificationService
09-12 00:18:45.994 16986 16986 D SystemServerTiming: OnBootPhase_520_com.android.server.ContextHubSystemService
09-12 00:18:45.994 16986 16986 D SystemServerTiming: OnBootPhase_520_com.android.server.emergency.EmergencyAffordanceService
09-12 00:18:45.994 16986 16986 D SystemServerTiming: OnBootPhase_520_com.android.server.blob.BlobStoreManagerService
09-12 00:18:45.994 16986 16986 D SystemServerTiming: OnBootPhase_520_com.android.server.dreams.DreamManagerService
09-12 00:18:45.994 16986 16986 D SystemServerTiming: OnBootPhase_520_com.android.server.security.AttestationVerificationManagerService
09-12 00:18:45.994 16986 16986 D SystemServerTiming: OnBootPhase_520_com.android.server.companion.CompanionDeviceManagerService
09-12 00:18:45.994 16986 16986 D SystemServerTiming: OnBootPhase_520_com.android.server.companion.datatransfer.continuity.TaskContinuityManagerService
09-12 00:18:45.994 16986 16986 D SystemServerTiming: OnBootPhase_520_com.android.server.restrictions.RestrictionsManagerService
09-12 00:18:45.994 16986 16986 D SystemServerTiming: OnBootPhase_520_com.android.server.media.MediaSessionService
09-12 00:18:45.994 16986 16986 D SystemServerTiming: OnBootPhase_520_com.android.server.biometrics.BiometricService
09-12 00:18:45.994 16986 16986 D SystemServerTiming: OnBootPhase_520_com.android.server.biometrics.AuthService
09-12 00:18:45.994 16986 16986 D SystemServerTiming: OnBootPhase_520_com.android.server.pm.ShortcutService$Lifecycle
09-12 00:18:45.994 16986 16986 D SystemServerTiming: OnBootPhase_520_com.android.server.pm.LauncherAppsService
09-12 00:18:45.994 16986 16986 D SystemServerTiming: OnBootPhase_520_com.android.server.pm.CrossProfileAppsService
09-12 00:18:45.994 16986 16986 D SystemServerTiming: OnBootPhase_520_com.android.server.people.PeopleService
09-12 00:18:45.994 16986 16986 D SystemServerTiming: OnBootPhase_520_com.android.server.media.metrics.MediaMetricsManagerService
09-12 00:18:45.994 16986 16986 D SystemServerTiming: OnBootPhase_520_com.android.server.media.projection.MediaProjectionManagerService
09-12 00:18:45.994 16986 16986 D SystemServerTiming: OnBootPhase_520_com.android.clockwork.power.WearPowerService
09-12 00:18:45.994 16986 16986 D SystemServerTiming: OnBootPhase_520_com.android.clockwork.healthservices.HealthService
09-12 00:18:45.994 16986 16986 D SystemServerTiming: OnBootPhase_520_com.android.clockwork.systemstatedisplay.SystemStateDisplayService
09-12 00:18:45.994 16986 16986 D SystemServerTiming: OnBootPhase_520_com.android.clockwork.connectivity.WearConnectivityService
09-12 00:18:45.994 16986 16986 D SystemServerTiming: OnBootPhase_520_com.android.clockwork.display.WearDisplayService
09-12 00:18:45.994 16986 16986 D SystemServerTiming: OnBootPhase_520_com.android.clockwork.time.WearTimeService
09-12 00:18:45.994 16986 16986 D SystemServerTiming: OnBootPhase_520_com.android.clockwork.settings.WearSettingsService
09-12 00:18:45.994 16986 16986 D SystemServerTiming: OnBootPhase_520_com.android.clockwork.modes.ModeManagerService
09-12 00:18:45.995 16986 16986 D SystemServerTiming: OnBootPhase_520_com.android.clockwork.input.WearInputService
09-12 00:18:45.995 16986 16986 D SystemServerTiming: OnBootPhase_520_com.android.server.stats.StatsCompanion$Lifecycle
09-12 00:18:45.995 16986 16986 D SystemServerTiming: OnBootPhase_520_com.android.server.scheduling.RebootReadinessManagerService$Lifecycle
09-12 00:18:45.995 16986 16986 D SystemServerTiming: OnBootPhase_520_com.android.server.stats.pull.StatsPullAtomService
09-12 00:18:45.995 16986 16986 D SystemServerTiming: OnBootPhase_520_com.android.server.stats.bootstrap.StatsBootstrapAtomService$Lifecycle
09-12 00:18:45.995 16986 16986 D SystemServerTiming: OnBootPhase_520_com.android.server.stats.binder.BinderStatsConsumerService$Lifecycle
09-12 00:18:45.995 16986 16986 D SystemServerTiming: OnBootPhase_520_com.android.server.incident.IncidentCompanionService
09-12 00:18:45.995 16986 16986 D SystemServerTiming: OnBootPhase_520_com.android.server.sdksandbox.SdkSandboxManagerService$Lifecycle
09-12 00:18:45.995 16986 16986 D SystemServerTiming: OnBootPhase_520_android.os.profiling.ProfilingService$Lifecycle
09-12 00:18:45.995 16986 16986 D SystemServerTiming: OnBootPhase_520_com.android.os.profiling.anomaly.AnomalyDetectorService
09-12 00:18:45.995 16986 16986 D SystemServerTiming: OnBootPhase_520_com.android.server.signalcollector.SignalCollectorService
09-12 00:18:45.995 16986 16986 D SystemServerTiming: OnBootPhase_520_com.android.uprobestats.UprobeStatsBridgeService
09-12 00:18:45.995 16986 16986 D SystemServerTiming: OnBootPhase_520_com.android.server.MmsServiceBroker
09-12 00:18:45.995 16986 16986 D SystemServerTiming: OnBootPhase_520_com.android.server.credentials.CredentialManagerService
09-12 00:18:45.995 16986 16986 D SystemServerTiming: OnBootPhase_520_com.android.server.clipboard.ClipboardService
09-12 00:18:45.995 16986 16986 D SystemServerTiming: OnBootPhase_520_com.android.server.appbinding.AppBindingService$Lifecycle
09-12 00:18:45.995 16986 16986 D SystemServerTiming: OnBootPhase_520_com.android.server.tracing.TracingServiceProxy
09-12 00:18:45.995 16986 16986 D SystemServerTiming: OnBootPhase_520_com.android.server.os.instrumentation.DynamicInstrumentationManagerService
09-12 00:18:45.995 16986 16986 D SystemServerTiming: OnBootPhase_520_com.android.server.policy.PermissionPolicyService
09-12 00:18:45.996 16986 16986 D SystemServerTiming: OnBootPhase_520_com.android.server.pm.StagingManager$Lifecycle
09-12 00:18:45.996 16986 16986 D SystemServerTiming: OnBootPhase_520_com.android.server.crashrecovery.CrashRecoveryModule$Lifecycle
09-12 00:18:45.996 16986 16986 D SystemServerTiming: OnBootPhase_520_com.android.server.ranging.RangingService
09-12 00:18:45.997 16986 16986 D SystemServerTiming: StartSafetyCenterService
09-12 00:18:45.997 16986 16986 I SystemServiceManager: Starting com.android.safetycenter.SafetyCenterService
09-12 00:18:46.003 16986 16986 D SystemServerTiming: AppSearchModule
09-12 00:18:46.003 16986 16986 I SystemServiceManager: Starting com.android.server.appsearch.AppSearchModule$Lifecycle
09-12 00:18:46.030 16986 16986 D SystemServerTiming: StartMediaCommunicationService
09-12 00:18:46.030 16986 16986 I SystemServiceManager: Starting com.android.server.media.MediaCommunicationService
09-12 00:18:46.033 16986 16986 D SystemServerTiming: AppCompatOverridesService
09-12 00:18:46.033 16986 16986 I SystemServiceManager: Starting com.android.server.compat.overrides.AppCompatOverridesService$Lifecycle
09-12 00:18:46.035 16986 16986 D SystemServerTiming: HealthConnectManagerService
09-12 00:18:46.049 16986 16986 I SystemServiceManager: Starting com.android.server.healthconnect.HealthConnectManagerService
09-12 00:18:46.165 16986 16986 D SystemServerTiming: StartSensitiveContentProtectionManager
09-12 00:18:46.166 16986 16986 I SystemServiceManager: Starting com.android.server.SensitiveContentProtectionManagerService
09-12 00:18:46.168 16986 16986 D SystemServerTiming: PhaseActivityManagerReady
09-12 00:18:46.168 16986 16986 D SystemServerTiming: controllersReady
09-12 00:18:46.206 17270 17270 I android.hardware.wifi-service-lazy: Wifi Hal is booting up...
09-12 00:18:46.215 17270 17270 I android.hardware.wifi-service-lazy: Joining RPC thread pool
09-12 00:18:46.217 17270 17273 I android.hardware.wifi-service-lazy: Setting min callback version to 4
09-12 00:18:46.219 17270 17273 W android.hardware.wifi-service-lazy: Duplicate death notification registration
09-12 00:18:46.228 16986 16986 E ActivityManager: Unable to find com.android.providers.media/u0
09-12 00:18:46.228 16986 16986 E ActivityManager: Unable to find com.qti.service.colorservice/u0
09-12 00:18:46.228 16986 16986 E ActivityManager: Unable to find com.google.android.server.deviceconfig.resources/u0
09-12 00:18:46.228 16986 16986 E ActivityManager: Unable to find com.google.android.wearable.fitbit.mcu.data/u0
09-12 00:18:46.231 16986 16986 E ActivityManager: Unable to find com.google.android.deskclock.overlay.raw.pixelwatch/u0
09-12 00:18:46.232 16986 16986 E ActivityManager: Unable to find com.google.wear.services.overlay.kidsmode.pixelwatch/u0
09-12 00:18:46.233 16986 16986 E ActivityManager: Unable to find com.qti.snapdragon.qdcm_ff/u0
09-12 00:18:46.235 16986 16986 E ActivityManager: Unable to find com.android.internal.watchspeaker/u0
09-12 00:18:46.236 16986 16986 E ActivityManager: Unable to find com.google.android.wearable.sysui.overlay.kidsmode.pixelwatch/u0
09-12 00:18:46.237 16986 16986 E ActivityManager: Unable to find com.google.android.wearable.sysui.overlay.experiences.charging.pixelwatch/u0
09-12 00:18:46.238 16986 16986 E ActivityManager: Unable to find com.google.android.deskclock.overlay.pixelwatch/u0
09-12 00:18:46.238 16986 16986 E ActivityManager: Unable to find com.google.android.wearable.fitbit.mcu.updater/u0
09-12 00:18:46.240 16986 16986 E ActivityManager: Unable to find com.vrp.poc/u0
09-12 00:18:46.241 16986 16986 I PackageManager: getInstalledPackages: callingUid=1000 flags=1073741824 updatedFlags=1074266112 userId=0
09-12 00:18:46.252 16986 16986 D SystemServerTiming: killProcesses
09-12 00:18:46.253 16986 16986 I ActivityManager: System now ready
09-12 00:18:46.254 16986 16986 D SystemServerTiming: updateTopComponentForFactoryTest
09-12 00:18:46.254 16986 16986 D SystemServerTiming: registerActivityLaunchObserver
09-12 00:18:46.254 16986 16986 D SystemServerTiming: watchDeviceProvisioning
09-12 00:18:46.258 16986 16986 D SystemServerTiming: retrieveSettings
09-12 00:18:46.261 16986 16986 W TransitionChain: Combining updateGlobalConfig into #0(CHANGE|R|0x0) from updateGlobalConfig
09-12 00:18:46.261 16986 16986 I ActivityTaskManager: Config changes=10008000 {1.0 ?mcc0mnc [en_US] ldltr sw192dp w192dp h192dp 320dpi smll round hdr port watch finger -keyb/v/h -nav/h winConfig={ mBounds=Rect(0, 0 - 384, 384) mAppBounds=Rect(0, 0 - 384, 384) mMaxBounds=Rect(0, 0 - 384, 384) mDisplayRotation=ROTATION_0 mWindowingMode=fullscreen mActivityType=undefined mAlwaysOnTop=undefined mRotation=ROTATION_0} s.6 fontWeightAdjustment=0}
09-12 00:18:46.263 16986 16986 I WindowManager: Override config changes=10008000 {1.0 ?mcc0mnc [en_US] ldltr sw192dp w192dp h192dp 320dpi smll round hdr port watch finger -keyb/v/h -nav/h winConfig={ mBounds=Rect(0, 0 - 384, 384) mAppBounds=Rect(0, 0 - 384, 384) mMaxBounds=Rect(0, 0 - 384, 384) mDisplayRotation=ROTATION_0 mWindowingMode=fullscreen mActivityType=undefined mAlwaysOnTop=undefined mRotation=ROTATION_0} s.6 fontWeightAdjustment=0} for displayId=0
09-12 00:18:46.263 16986 16986 W TransitionChain: Combining dispOverCfg into #0(CHANGE|R|0x0) from updateGlobalConfig
09-12 00:18:46.269 16986 16986 D SystemServerTiming: Ugm.onSystemReady
09-12 00:18:46.270 16986 16986 D SystemServerTiming: updateForceBackgroundCheck
09-12 00:18:46.271 16986 16986 W PowerManagerService: Battery saver is not supported, no low power mode observer registered
09-12 00:18:46.271 16986 16986 I SystemServer: Making services ready
09-12 00:18:46.271 16986 16986 D SystemServerTiming: StartActivityManagerReadyPhase
09-12 00:18:46.271 16986 16986 I SystemServiceManager: Starting phase 550
09-12 00:18:46.271 16986 16986 D SystemServerTiming: OnBootPhase_550
09-12 00:18:46.271 16986 16986 D SystemServerTiming: OnBootPhase_550_com.android.server.security.FileIntegrityService
09-12 00:18:46.271 16986 16986 D SystemServerTiming: OnBootPhase_550_com.android.server.pm.Installer
09-12 00:18:46.271 16986 16986 D SystemServerTiming: OnBootPhase_550_com.android.server.os.DeviceIdentifiersPolicyService
09-12 00:18:46.271 16986 16986 D SystemServerTiming: OnBootPhase_550_com.android.server.flags.FeatureFlagsService
09-12 00:18:46.271 16986 16986 D SystemServerTiming: OnBootPhase_550_com.android.server.uri.UriGrantsManagerService$Lifecycle
09-12 00:18:46.271 16986 16986 D SystemServerTiming: OnBootPhase_550_com.android.server.powerstats.PowerStatsService
09-12 00:18:46.271 16986 16986 D SystemServerTiming: OnBootPhase_550_com.android.server.permission.access.AccessCheckingService
09-12 00:18:46.271 16986 16986 D SystemServerTiming: OnBootPhase_550_com.android.server.wm.ActivityTaskManagerService$Lifecycle
09-12 00:18:46.271 16986 16986 D SystemServerTiming: OnBootPhase_550_com.android.server.am.ActivityManagerService$Lifecycle
09-12 00:18:46.275 16986 16986 D SystemServerTiming: OnBootPhase_550_com.android.server.pm.DataLoaderManagerService
09-12 00:18:46.275 16986 16986 D SystemServerTiming: OnBootPhase_550_com.android.server.power.PowerManagerService
09-12 00:18:46.275 16986 16986 D SystemServerTiming: OnBootPhase_550_com.android.server.power.thermal.ThermalManagerService
09-12 00:18:46.277 17270 17273 I android.hardware.wifi-service-lazy: Wifi HAL started
09-12 00:18:46.284 17270 17272 W android.hardware.wifi-service-lazy: No active wlan interfaces in use! Using default
09-12 00:18:46.284 16986 16986 I ThermalManagerService$ThermalHalWrapper: Thermal HAL AIDL service connected with version 3
09-12 00:18:46.284 17270 17272 E android.hardware.wifi-service-lazy: Unknown iface name: wlan0
09-12 00:18:46.284 17270 17272 E android.hardware.wifi-service-lazy: Unknown iface name: wlan0
09-12 00:18:46.290 16986 17010 D BrightnessThermalClamper: New thermal throttling status = 0
09-12 00:18:46.291 16986 16986 D SystemServerTiming: OnBootPhase_550_com.android.server.recoverysystem.RecoverySystemService$Lifecycle
09-12 00:18:46.292 16986 16986 D SystemServerTiming: OnBootPhase_550_com.android.server.lights.LightsService
09-12 00:18:46.292 16986 16986 D SystemServerTiming: OnBootPhase_550_com.android.clockwork.displayoffload.DisplayOffloadService
09-12 00:18:46.292 16986 16986 D SystemServerTiming: OnBootPhase_550_com.android.server.display.DisplayManagerService
09-12 00:18:46.292 16986 16986 D SystemServerTiming: OnBootPhase_550_com.android.server.pm.verify.domain.DomainVerificationService
09-12 00:18:46.292 16986 16986 D SystemServerTiming: OnBootPhase_550_com.android.server.pm.PackageInstallerService$Lifecycle
09-12 00:18:46.292 16986 16986 D SystemServerTiming: OnBootPhase_550_com.android.server.pm.UserManagerService$LifeCycle
09-12 00:18:46.292 16986 16986 D SystemServerTiming: OnBootPhase_550_com.android.server.om.OverlayManagerService
09-12 00:18:46.292 17270 17273 W android.hardware.wifi-service-lazy: No active wlan interfaces in use! Using default
09-12 00:18:46.292 17270 17273 E android.hardware.wifi-service-lazy: Unknown iface name: wlan0
09-12 00:18:46.293 17270 17273 E android.hardware.wifi-service-lazy: Unknown iface name: wlan0
09-12 00:18:46.293 16986 16986 D SystemServerTiming: OnBootPhase_550_com.android.server.resources.ResourcesManagerService
09-12 00:18:46.293 16986 16986 D SystemServerTiming: OnBootPhase_550_com.android.server.sensorprivacy.SensorPrivacyService
09-12 00:18:46.294 16986 16986 D SystemServerTiming: OnBootPhase_550_com.android.server.sensors.SensorService
09-12 00:18:46.294 16986 16986 D SystemServerTiming: OnBootPhase_550_com.android.server.SystemConfigService
09-12 00:18:46.294 16986 16986 D SystemServerTiming: OnBootPhase_550_com.android.server.BatteryService
09-12 00:18:46.294 16986 17010 D BrightnessThermalClamper: New thermal throttling status = 2
09-12 00:18:46.295 16986 16986 D SystemServerTiming: OnBootPhase_550_com.android.server.usage.UsageStatsService
09-12 00:18:46.295 16986 16986 D SystemServerTiming: OnBootPhase_550_com.android.server.CachedDeviceStateService
09-12 00:18:46.295 16986 16986 D SystemServerTiming: OnBootPhase_550_com.android.server.BinderCallsStatsService$LifeCycle
09-12 00:18:46.296 16986 16986 D SystemServerTiming: OnBootPhase_550_com.android.server.LooperStatsService$Lifecycle
09-12 00:18:46.296 16986 16986 D SystemServerTiming: OnBootPhase_550_com.android.server.rollback.RollbackManagerService
09-12 00:18:46.296 16986 16986 D SystemServerTiming: OnBootPhase_550_com.android.server.os.NativeTombstoneManagerService
09-12 00:18:46.300 16986 16986 D SystemServerTiming: OnBootPhase_550_com.android.server.os.BugreportManagerService
09-12 00:18:46.300 16986 16986 D SystemServerTiming: OnBootPhase_550_com.android.server.gpu.GpuService
09-12 00:18:46.300 16986 16986 D SystemServerTiming: OnBootPhase_550_com.android.server.security.rkp.RemoteProvisioningService
09-12 00:18:46.300 16986 16986 D SystemServerTiming: OnBootPhase_550_com.android.server.security.KeyChainSystemService
09-12 00:18:46.300 16986 16986 D SystemServerTiming: OnBootPhase_550_com.android.server.BinaryTransparencyService
09-12 00:18:46.300 16986 16986 D SystemServerTiming: OnBootPhase_550_com.android.server.telecom.TelecomLoaderService
09-12 00:18:46.300 16986 16986 D SystemServerTiming: OnBootPhase_550_com.android.server.accounts.AccountManagerService$Lifecycle
09-12 00:18:46.300 16986 16986 D SystemServerTiming: OnBootPhase_550_com.android.server.content.ContentService$Lifecycle
09-12 00:18:46.301 16986 16986 D SystemServerTiming: OnBootPhase_550_com.android.server.deviceconfig.DeviceConfigInit$Lifecycle
09-12 00:18:46.301 16986 16986 D SystemServerTiming: OnBootPhase_550_com.android.server.DropBoxManagerService
09-12 00:18:46.301 16986 16986 D SystemServerTiming: OnBootPhase_550_com.android.ecm.EnhancedConfirmationService
09-12 00:18:46.301 16986 16986 D SystemServerTiming: OnBootPhase_550_com.android.server.power.hint.HintManagerService
09-12 00:18:46.301 16986 16986 D SystemServerTiming: OnBootPhase_550_com.android.server.allowlist.AllowlistService
09-12 00:18:46.301 16986 16986 D SystemServerTiming: OnBootPhase_550_com.android.role.RoleService
09-12 00:18:46.301 16986 16986 D SystemServerTiming: OnBootPhase_550_com.android.server.supervision.SupervisionService$Lifecycle
09-12 00:18:46.301 16986 16986 D SystemServerTiming: OnBootPhase_550_com.android.server.vibrator.VibratorManagerService$Lifecycle
09-12 00:18:46.301 16986 16986 D SystemServerTiming: OnBootPhase_550_com.android.server.alarm.AlarmManagerService
09-12 00:18:46.301 16986 16986 D SystemServerTiming: OnBootPhase_550_com.android.server.input.InputManagerService$Lifecycle
09-12 00:18:46.302 16986 16986 D SystemServerTiming: OnBootPhase_550_com.android.server.devicestate.DeviceStateManagerService
09-12 00:18:46.302 16986 16986 D SystemServerTiming: OnBootPhase_550_com.android.server.bluetooth.BluetoothService
09-12 00:18:46.302 16986 16986 D SystemServerTiming: OnBootPhase_550_com.android.server.connectivity.IpConnectivityMetrics
09-12 00:18:46.302 16986 16986 D SystemServerTiming: OnBootPhase_550_com.android.server.net.watchlist.NetworkWatchlistService$Lifecycle
09-12 00:18:46.304 16986 16986 D SystemServerTiming: OnBootPhase_550_com.android.server.pinner.PinnerService
09-12 00:18:46.304 16986 16986 D SystemServerTiming: OnBootPhase_550_com.android.server.integrity.AppIntegrityManagerService
09-12 00:18:46.304 16986 16986 D SystemServerTiming: OnBootPhase_550_com.android.server.logcat.LogcatManagerService
09-12 00:18:46.304 16986 16986 D SystemServerTiming: OnBootPhase_550_com.android.server.appfunctions.AppFunctionManagerService
09-12 00:18:46.304 16986 16986 D SystemServerTiming: OnBootPhase_550_com.android.server.privatecompute.PccSandboxManagerService
09-12 00:18:46.304 16986 16986 D SystemServerTiming: OnBootPhase_550_com.android.server.inputmethod.InputMethodManagerService$Lifecycle
09-12 00:18:46.308 16986 16986 W InputMethodInfoUtils: Found no fallback locale. imis=[]
09-12 00:18:46.309 16986 16986 W InputMethodInfoUtils: No software keyboard is found. imis=[] systemLocale=en_US fallbackLocale=null
09-12 00:18:46.310 16986 16986 W InputMethodSubtypeSwitchingController: Enabled input method list is empty.
09-12 00:18:46.310 16986 16986 W InputMethodSubtypeSwitchingController: Enabled input method list is empty.
09-12 00:18:46.311 16986 16986 D SystemServerTiming: OnBootPhase_550_com.android.server.accessibility.AccessibilityManagerService$Lifecycle
09-12 00:18:46.312 16986 16986 D SystemServerTiming: OnBootPhase_550_com.android.server.StorageManagerService$Lifecycle
09-12 00:18:46.312 16986 16986 D SystemServerTiming: OnBootPhase_550_com.android.server.usage.StorageStatsService$Lifecycle
09-12 00:18:46.314 16986 16986 D SystemServerTiming: OnBootPhase_550_com.android.server.files.FileService
09-12 00:18:46.314 16986 16986 D SystemServerTiming: OnBootPhase_550_com.android.server.UiModeManagerService
09-12 00:18:46.314 16986 16986 D SystemServerTiming: OnBootPhase_550_com.android.server.locales.LocaleManagerService
09-12 00:18:46.314 16986 16986 D SystemServerTiming: OnBootPhase_550_com.android.server.appwindowlayout.AppWindowLayoutSettingsService
09-12 00:18:46.314 16986 16986 D SystemServerTiming: OnBootPhase_550_com.android.server.grammaticalinflection.GrammaticalInflectionService
09-12 00:18:46.314 16986 16986 D SystemServerTiming: OnBootPhase_550_com.android.server.apphibernation.AppHibernationService
09-12 00:18:46.314 16986 16986 D SystemServerTiming: OnBootPhase_550_com.android.server.locksettings.LockSettingsService$Lifecycle
09-12 00:18:46.314 16986 16986 D SystemServerTiming: OnBootPhase_550_com.android.server.pdb.PersistentDataBlockService
09-12 00:18:46.314 16986 16986 D SystemServerTiming: OnBootPhase_550_com.android.server.testharness.TestHarnessModeService
09-12 00:18:46.314 16986 16986 D SystemServerTiming: OnBootPhase_550_com.android.server.oemlock.OemLockService
09-12 00:18:46.314 16986 16986 D SystemServerTiming: OnBootPhase_550_com.android.server.DeviceIdleController
09-12 00:18:46.314 16986 16986 D SystemServerTiming: OnBootPhase_550_com.android.server.devicepolicy.DevicePolicyManagerService$Lifecycle
09-12 00:18:46.315 16986 16986 I DevicePolicyManager: Migrating password complexity to policy engine
09-12 00:18:46.315 16986 16986 V DevicePolicyManager: ResetPasswordWithToken was previously migrated to policy engine.
09-12 00:18:46.315 16986 16986 I DevicePolicyManager: Migrating suspended packages to policy engine
09-12 00:18:46.315 16986 16986 I DevicePolicyManager: Migrating set keyguard disabled features to policy engine
09-12 00:18:46.315 16986 16986 I DevicePolicyManager: Migrating PERMISSION_GRANT policy to device policy engine.
09-12 00:18:46.315 16986 16986 I DevicePolicyManager: Migrating application restrictions to policy engine
09-12 00:18:46.315 16986 16986 D SystemServerTiming: OnBootPhase_550_com.android.server.voiceinteraction.VoiceInteractionManagerService
09-12 00:18:46.317 16986 16986 D SystemServerTiming: OnBootPhase_550_com.android.server.texttospeech.TextToSpeechManagerService
09-12 00:18:46.317 16986 16986 D SystemServerTiming: OnBootPhase_550_com.android.server.ondeviceintelligence.OnDeviceIntelligenceManagerService
09-12 00:18:46.317 16986 16986 D SystemServerTiming: OnBootPhase_550_com.android.server.contentsafety.ContentSafetyManagerService
09-12 00:18:46.317 16986 16986 D SystemServerTiming: OnBootPhase_550_com.android.server.speech.SpeechRecognitionManagerService
09-12 00:18:46.317 16986 16986 D SystemServerTiming: OnBootPhase_550_com.android.server.graphics.fonts.FontManagerService$Lifecycle
09-12 00:18:46.317 16986 16986 D SystemServerTiming: OnBootPhase_550_com.android.server.textclassifier.TextClassificationManagerService$Lifecycle
09-12 00:18:46.317 16986 16986 D SystemServerTiming: OnBootPhase_550_com.android.server.NetworkScoreService$Lifecycle
09-12 00:18:46.317 16986 16986 D SystemServerTiming: OnBootPhase_550_com.android.server.NetworkStatsServiceInitializer
09-12 00:18:46.320 17270 17273 I android.hardware.wifi-service-lazy: Adding interface handle for wlan0
09-12 00:18:46.320 17270 17273 I android.hardware.wifi-service-lazy: Adding interface handle for p2p0
09-12 00:18:46.320 17270 17273 W android.hardware.wifi-service-lazy: No active wlan interfaces in use! Using default
09-12 00:18:46.321 17270 17273 W android.hardware.wifi-service-lazy: No active wlan interfaces in use! Using default
09-12 00:18:46.325 17270 17273 E android.hardware.wifi-service-lazy: Failed to get SupportedIfaceCombinations matrix from legacy HAL: NOT_SUPPORTED
09-12 00:18:46.326 17270 17273 I android.hardware.wifi-service-lazy: Configured chip in mode 0
09-12 00:18:46.326 17270 17273 W android.hardware.wifi-service-lazy: No active wlan interfaces in use! Using default
09-12 00:18:46.330 17270 17273 W android.hardware.wifi-service-lazy: No active wlan interfaces in use! Using default
09-12 00:18:46.346   346   362 W vold    : Reading lifetime estimation failed for /sys/devices/platform/soc/4744000.sdhci/health_descriptor/life_time_estimation_c: No such file or directory
09-12 00:18:46.348   346   362 W vold    : Reading lifetime estimation failed for /sys/devices/platform/soc/4744000.sdhci/health_descriptor/life_time_estimation_a: No such file or directory
09-12 00:18:46.348   346   362 W vold    : Reading lifetime estimation failed for /sys/devices/platform/soc/4744000.sdhci/health_descriptor/life_time_estimation_b: No such file or directory
09-12 00:18:46.349 16986 17158 W StorageManagerService: Failed to get storage lifetime
09-12 00:18:46.350 17270 17273 I android.hardware.wifi-service-lazy: Adding interface handle for wlan0
09-12 00:18:46.350 17270 17273 I android.hardware.wifi-service-lazy: Adding interface handle for p2p0
09-12 00:18:46.361 17270 17273 I android.hardware.wifi-service-lazy: Setting min callback version to 4
09-12 00:18:46.361 17270 17273 I android.hardware.wifi-service-lazy: twtRegisterEvents is not supported-3
09-12 00:18:46.364 17270 17273 I android.hardware.wifi-service-lazy: Setting min callback version to 4
09-12 00:18:46.365 17270 17273 E android.hardware.wifi-service-lazy: Failed to get chip capabilities from legacy HAL: NOT_SUPPORTED
09-12 00:18:46.448 17270 17273 E android.hardware.wifi-service-lazy: Failed to get SupportedRadioCombinations matrix from legacy HAL: NOT_SUPPORTED
09-12 00:18:46.532 16986 16986 W SystemServiceManager: Service com.android.server.NetworkStatsServiceInitializer took 215 ms in onBootPhase
09-12 00:18:46.532 16986 16986 D SystemServerTiming: OnBootPhase_550_com.android.server.wifi.WifiService
09-12 00:18:46.532 16986 16986 D SystemServerTiming: OnBootPhase_550_com.android.server.wifi.scanner.WifiScanningService
09-12 00:18:46.532 16986 16986 D SystemServerTiming: OnBootPhase_550_com.android.server.ConnectivityServiceInitializer
09-12 00:18:46.548 16986 16986 D SystemServerTiming: OnBootPhase_550_com.android.server.bitmapoffload.BitmapOffloadService
09-12 00:18:46.549 16986 16986 D SystemServerTiming: OnBootPhase_550_com.android.server.modes.ContextualModeManagerService
09-12 00:18:46.549 16986 16986 D SystemServerTiming: OnBootPhase_550_com.android.server.notification.NotificationManagerService
09-12 00:18:46.549 16986 16986 D SystemServerTiming: OnBootPhase_550_com.android.server.storage.DeviceStorageMonitorService
09-12 00:18:46.550 16986 16986 D SystemServerTiming: OnBootPhase_550_com.android.server.timedetector.TimeDetectorService$Lifecycle
09-12 00:18:46.550 16986 16986 D SystemServerTiming: OnBootPhase_550_com.android.server.location.LocationManagerService$Lifecycle
09-12 00:18:46.550 16986 16986 D SystemServerTiming: OnBootPhase_550_com.android.server.timezonedetector.TimeZoneDetectorService$Lifecycle
09-12 00:18:46.551 16986 16986 D SystemServerTiming: OnBootPhase_550_com.android.server.location.altitude.AltitudeService$Lifecycle
09-12 00:18:46.551 16986 16986 D SystemServerTiming: OnBootPhase_550_com.android.server.timezonedetector.location.LocationTimeZoneManagerService$Lifecycle
09-12 00:18:46.551 16986 16986 D SystemServerTiming: OnBootPhase_550_com.android.server.timedetector.GnssTimeUpdateService$Lifecycle
09-12 00:18:46.551 16986 16986 D SystemServerTiming: OnBootPhase_550_com.android.server.wallpaper.WallpaperManagerService$Lifecycle
09-12 00:18:46.552 16986 17198 I VcnManagementService: new snapshot: TelephonySubscriptionSnapshot{ mActiveDataSubId=-1, mSubIdToInfoMap={}, mSubIdToCarrierConfigMap={}, mPrivilegedPackages={} }
09-12 00:18:46.555 16986 16986 V WallpaperManagerService: bindWallpaperComponentLocked: componentName=ComponentInfo{com.google.android.wearable.sysui/com.google.android.clockwork.sysui.experiences.defaultwatchface.DefaultWatchFace}
09-12 00:18:46.556 16986 16986 D WallpaperManagerService: WPMS.bindWallpaperComponentLocked-ComponentInfo{com.google.android.wearable.sysui/com.google.android.clockwork.sysui.experiences.defaultwatchface.DefaultWatchFace}
09-12 00:18:46.586 16986 16986 W ActivityManager: Skipping saving the start info due to ongoing loading from storage
09-12 00:18:46.600 16986 16986 I WallpaperDataParser: No static wallpaper imagery; defaults will be shown
09-12 00:18:46.614 16986 16986 W SystemServiceManager: Service com.android.server.wallpaper.WallpaperManagerService$Lifecycle took 63 ms in onBootPhase
09-12 00:18:46.614 16986 16986 D SystemServerTiming: OnBootPhase_550_com.android.server.audio.AudioService$Lifecycle
09-12 00:18:46.618 16986 16986 D SystemServerTiming: OnBootPhase_550_com.android.server.soundtrigger_middleware.SoundTriggerMiddlewareService$Lifecycle
09-12 00:18:46.619 16986 16986 D SystemServerTiming: OnBootPhase_550_com.android.server.DockObserver
09-12 00:18:46.619 16986 16986 D SystemServerTiming: OnBootPhase_550_com.android.clockwork.ThermalObserver
09-12 00:18:46.620 16986 16986 D SystemServerTiming: OnBootPhase_550_com.android.server.adb.AdbService$Lifecycle
09-12 00:18:46.621 16986 17211 I EventLogger: setModeOwnerToken: null -> []
09-12 00:18:46.622 16986 16986 D AdbService: systemReady
09-12 00:18:46.625 16986 17066 I ActivityManager: Start proc 17283:com.google.android.wearable.sysui/u0a68 for bound-service {com.google.android.wearable.sysui/com.google.android.clockwork.sysui.experiences.defaultwatchface.DefaultWatchFace}
09-12 00:18:46.627 16986 16986 D SystemServerTiming: OnBootPhase_550_com.android.server.usb.UsbService$Lifecycle
09-12 00:18:46.628 16986 16986 D SystemServerTiming: OnBootPhase_550_com.android.server.serial.SerialManagerService$Lifecycle
09-12 00:18:46.628 16986 16986 D SystemServerTiming: OnBootPhase_550_com.android.server.display.color.ColorDisplayService
09-12 00:18:46.628 16986 16986 D SystemServerTiming: OnBootPhase_550_com.android.server.job.JobSchedulerService
09-12 00:18:46.628 16986 16986 D SystemServerTiming: OnBootPhase_550_com.android.server.soundtrigger.SoundTriggerService
09-12 00:18:46.628 16986 16986 D SoundTriggerService: onBootPhase: 550 : false
09-12 00:18:46.628 16986 16986 D SystemServerTiming: OnBootPhase_550_com.android.server.trust.TrustManagerService
09-12 00:18:46.628 16986 16986 D SystemServerTiming: OnBootPhase_550_com.android.server.backup.BackupManagerService$Lifecycle
09-12 00:18:46.628 16986 16986 D SystemServerTiming: OnBootPhase_550_com.android.server.GestureLauncherService
09-12 00:18:46.628 16986 16986 D SystemServerTiming: OnBootPhase_550_com.android.server.SensorNotificationService
09-12 00:18:46.628 16986 16986 D SystemServerTiming: OnBootPhase_550_com.android.server.ContextHubSystemService
09-12 00:18:46.628 16986 16986 D SystemServerTiming: OnBootPhase_550_com.android.server.emergency.EmergencyAffordanceService
09-12 00:18:46.628 16986 16986 D SystemServerTiming: OnBootPhase_550_com.android.server.blob.BlobStoreManagerService
09-12 00:18:46.631 16986 16986 D SystemServerTiming: OnBootPhase_550_com.android.server.dreams.DreamManagerService
09-12 00:18:46.631 16986 16986 D SystemServerTiming: OnBootPhase_550_com.android.server.security.AttestationVerificationManagerService
09-12 00:18:46.631 16986 16986 D SystemServerTiming: OnBootPhase_550_com.android.server.companion.CompanionDeviceManagerService
09-12 00:18:46.631 16986 16986 D SystemServerTiming: OnBootPhase_550_com.android.server.companion.datatransfer.continuity.TaskContinuityManagerService
09-12 00:18:46.631 16986 16986 D SystemServerTiming: OnBootPhase_550_com.android.server.restrictions.RestrictionsManagerService
09-12 00:18:46.631 16986 16986 D SystemServerTiming: OnBootPhase_550_com.android.server.media.MediaSessionService
09-12 00:18:46.644 16986 17120 D SystemServerTimingAsync: InitThreadPoolExec:UsbService$Lifecycle#onBootPhase
09-12 00:18:46.645   397 17286 I keystore2: system/security/keystore2/src/utils.rs:876 - setting niceness 0 from current 10
09-12 00:18:46.646 16986 16986 D SystemServerTiming: OnBootPhase_550_com.android.server.biometrics.BiometricService
09-12 00:18:46.646 16986 16986 D SystemServerTiming: OnBootPhase_550_com.android.server.biometrics.AuthService
09-12 00:18:46.646 16986 16986 D SystemServerTiming: OnBootPhase_550_com.android.server.pm.ShortcutService$Lifecycle
09-12 00:18:46.647 16986 16986 D SystemServerTiming: OnBootPhase_550_com.android.server.pm.LauncherAppsService
09-12 00:18:46.647 16986 16986 D SystemServerTiming: OnBootPhase_550_com.android.server.pm.CrossProfileAppsService
09-12 00:18:46.647 16986 16986 D SystemServerTiming: OnBootPhase_550_com.android.server.people.PeopleService
09-12 00:18:46.647 16986 16986 D SystemServerTiming: OnBootPhase_550_com.android.server.media.metrics.MediaMetricsManagerService
09-12 00:18:46.647 16986 16986 D SystemServerTiming: OnBootPhase_550_com.android.server.media.projection.MediaProjectionManagerService
09-12 00:18:46.647 16986 16986 D SystemServerTiming: OnBootPhase_550_com.android.clockwork.power.WearPowerService
09-12 00:18:46.647 16986 16986 D SystemServerTiming: OnBootPhase_550_com.android.clockwork.healthservices.HealthService
09-12 00:18:46.647 16986 16986 D SystemServerTiming: OnBootPhase_550_com.android.clockwork.systemstatedisplay.SystemStateDisplayService
09-12 00:18:46.647 16986 16986 D SystemServerTiming: OnBootPhase_550_com.android.clockwork.connectivity.WearConnectivityService
09-12 00:18:46.648 16986 16986 D SystemServerTiming: OnBootPhase_550_com.android.clockwork.display.WearDisplayService
09-12 00:18:46.648 16986 16986 D SystemServerTiming: OnBootPhase_550_com.android.clockwork.time.WearTimeService
09-12 00:18:46.648 16986 16986 D SystemServerTiming: OnBootPhase_550_com.android.clockwork.settings.WearSettingsService
09-12 00:18:46.686 17279 17279 I MediaCodecListGenerator: MediaCodecListGenerator starting...
09-12 00:18:46.691 17279 17279 I MediaCodecListGenerator: MediaCodecListGenerator ready.
09-12 00:18:46.697 16986 16986 D SystemServerTiming: OnBootPhase_550_com.android.clockwork.modes.ModeManagerService
09-12 00:18:46.697 16986 16986 D SystemServerTiming: OnBootPhase_550_com.android.clockwork.input.WearInputService
09-12 00:18:46.697 16986 16986 D SystemServerTiming: OnBootPhase_550_com.android.server.stats.StatsCompanion$Lifecycle
09-12 00:18:46.698 16986 16986 D SystemServerTiming: OnBootPhase_550_com.android.server.scheduling.RebootReadinessManagerService$Lifecycle
09-12 00:18:46.698 16986 16986 D SystemServerTiming: OnBootPhase_550_com.android.server.stats.pull.StatsPullAtomService
09-12 00:18:46.698 16986 16986 D SystemServerTiming: OnBootPhase_550_com.android.server.stats.bootstrap.StatsBootstrapAtomService$Lifecycle
09-12 00:18:46.698 16986 16986 D SystemServerTiming: OnBootPhase_550_com.android.server.stats.binder.BinderStatsConsumerService$Lifecycle
09-12 00:18:46.698 16986 16986 D SystemServerTiming: OnBootPhase_550_com.android.server.incident.IncidentCompanionService
09-12 00:18:46.698 16986 16986 D SystemServerTiming: OnBootPhase_550_com.android.server.sdksandbox.SdkSandboxManagerService$Lifecycle
09-12 00:18:46.698 16986 16986 D SystemServerTiming: OnBootPhase_550_android.os.profiling.ProfilingService$Lifecycle
09-12 00:18:46.698 16986 16986 D SystemServerTiming: OnBootPhase_550_com.android.os.profiling.anomaly.AnomalyDetectorService
09-12 00:18:46.698 16986 16986 D SystemServerTiming: OnBootPhase_550_com.android.server.signalcollector.SignalCollectorService
09-12 00:18:46.698 16986 16986 D SystemServerTiming: OnBootPhase_550_com.android.uprobestats.UprobeStatsBridgeService
09-12 00:18:46.698 16986 16986 D SystemServerTiming: OnBootPhase_550_com.android.server.MmsServiceBroker
09-12 00:18:46.699 16986 16986 D SystemServerTiming: OnBootPhase_550_com.android.server.credentials.CredentialManagerService
09-12 00:18:46.699 16986 16986 D SystemServerTiming: OnBootPhase_550_com.android.server.clipboard.ClipboardService
09-12 00:18:46.699 16986 16986 D SystemServerTiming: OnBootPhase_550_com.android.server.appbinding.AppBindingService$Lifecycle
09-12 00:18:46.700 16986 16986 I AppBindingService: Updating constants with: null
09-12 00:18:46.700 16986 16986 D SystemServerTiming: OnBootPhase_550_com.android.server.tracing.TracingServiceProxy
09-12 00:18:46.700 16986 16986 D SystemServerTiming: OnBootPhase_550_com.android.server.os.instrumentation.DynamicInstrumentationManagerService
09-12 00:18:46.701 16986 16986 D SystemServerTiming: OnBootPhase_550_com.android.server.policy.PermissionPolicyService
09-12 00:18:46.701 17279 17289 I MediaCodecListGenerator: Generating MediaCodecList...
09-12 00:18:46.701 16986 16986 D SystemServerTiming: Permission_grant_default_permissions-0
09-12 00:18:46.702 16986 16986 D SystemServerTiming: Permission_synchronize_permissions-0
09-12 00:18:46.709 16986 16986 D SystemServerTiming: Permission_synchronize_addPackages-0
09-12 00:18:46.709 16986 17113 I UsbPortManager: AIDL UsbDataStatus:1
09-12 00:18:46.711 16986 17113 I UsbPortManager: ClientCallback AIDL V1: port0
09-12 00:18:46.715 16986 17113 I UsbPortManager: all: opID:1 successful
09-12 00:18:46.717 16986 17010 I UsbPortManager: USB port added: port=UsbPort{id=port0, supportedModes=dual, audio_acc, supportedContaminantProtectionModes=0, supportsEnableContaminantPresenceProtection=false, supportsEnableContaminantPresenceDetection=false, supportsComplianceWarnings=false, supportsPartnerBc12Type=false, supportsPowerProfiles=false, status=UsbPortStatus{connected=true, currentMode=ufp, currentPowerRole=sink, currentDataRole=device, supportedRoleCombinations=[source:host, sink:device], contaminantDetectionStatus=0, contaminantProtectionStatus=0, usbDataStatus=enabled, isPowerTransferLimited=false, powerBrickConnectionStatus=unknown, complianceWarnings=[], plugState=0, displayPortAltModeInfo=null, bc12Type=Unknown,  mPortSinkPowerProfiles={} , mPortSourcePowerProfiles={} , mPartnerSinkPowerProfiles={} , mPartnerSourcePowerProfiles={} , mPortSinkPowerProfileMatches={} , mPortSourcePowerProfileMatches={}, canChangeMode=true, canChangePowerRole=false, canChangeDataRole=false, connectedAtMillis=130206429, lastConnectDurationMillis=0
09-12 00:18:46.781 16986 17127 E JobScheduler.Quota: maybeScheduleStartAlarmLocked called for <0>com.google.android.wearable.sysui that has no jobs
09-12 00:18:46.782 16986 17127 E JobScheduler.Quota: maybeScheduleStartAlarmLocked called for <0>com.google.android.wearable.sysui that has no jobs
09-12 00:18:46.783 16986 17127 E JobScheduler.Quota: maybeScheduleStartAlarmLocked called for <0>com.google.android.wearable.sysui that has no jobs
09-12 00:18:46.925 16986 16986 D SystemServerTiming: Permission_syncPackages-0
09-12 00:18:46.936 17279 17289 I Codec2Client: Available Codec2 services: "default" "software" "__ApexCodecs__"
09-12 00:18:46.938 16986 16986 E AppOpService: Blocked setUidMode call for runtime permission app op: uid = 1073, code = FINE_LOCATION, mode = foreground, callingUid = 1000, oldMode = allow
09-12 00:18:46.938 16986 16986 E AppOpService: java.lang.RuntimeException
09-12 00:18:46.938 16986 16986 E AppOpService: 	at com.android.server.permission.access.appop.AppOpService.setUidMode(go/retraceme 56cb9c0977ae9f67603f451f002522c463042b44293aaef01295dafee5e0332e:119)
09-12 00:18:46.938 16986 16986 E AppOpService: 	at com.android.server.appop.AppOpsService.setUidMode(go/retraceme 56cb9c0977ae9f67603f451f002522c463042b44293aaef01295dafee5e0332e:444)
09-12 00:18:46.938 16986 16986 E AppOpService: 	at com.android.server.appop.AppOpsService$AppOpsManagerInternalImpl.setUidModeFromPermissionPolicy(go/retraceme 56cb9c0977ae9f67603f451f002522c463042b44293aaef01295dafee5e0332e:4)
09-12 00:18:46.938 16986 16986 E AppOpService: 	at com.android.server.policy.PermissionPolicyService$PermissionToOpSynchroniser.setUidMode(go/retraceme 56cb9c0977ae9f67603f451f002522c463042b44293aaef01295dafee5e0332e:18)
09-12 00:18:46.938 16986 16986 E AppOpService: 	at com.android.server.policy.PermissionPolicyService$PermissionToOpSynchroniser.-$$Nest$msyncPackages(go/retraceme 56cb9c0977ae9f67603f451f002522c463042b44293aaef01295dafee5e0332e:81)
09-12 00:18:46.938 16986 16986 E AppOpService: 	at com.android.server.policy.PermissionPolicyService.onStartUser$1(go/retraceme 56cb9c0977ae9f67603f451f002522c463042b44293aaef01295dafee5e0332e:172)
09-12 00:18:46.938 16986 16986 E AppOpService: 	at com.android.server.policy.PermissionPolicyService.onBootPhase(go/retraceme 56cb9c0977ae9f67603f451f002522c463042b44293aaef01295dafee5e0332e:49)
09-12 00:18:46.938 16986 16986 E AppOpService: 	at com.android.server.SystemServiceManager.startBootPhase(go/retraceme 56cb9c0977ae9f67603f451f002522c463042b44293aaef01295dafee5e0332e:130)
09-12 00:18:46.938 16986 16986 E AppOpService: 	at com.android.server.SystemServer.$r8$lambda$Zs26TzwLVmpFF2G8LTrYh_8ptIk(go/retraceme 56cb9c0977ae9f67603f451f002522c463042b44293aaef01295dafee5e0332e:34)
09-12 00:18:46.938 16986 16986 E AppOpService: 	at com.android.server.SystemServer$$ExternalSyntheticLambda8.run(go/retraceme 56cb9c0977ae9f67603f451f002522c463042b44293aaef01295dafee5e0332e:28)
09-12 00:18:46.938 16986 16986 E AppOpService: 	at com.android.server.am.ActivityManagerService.systemReady(go/retraceme 56cb9c0977ae9f67603f451f002522c463042b44293aaef01295dafee5e0332e:512)
09-12 00:18:46.938 16986 16986 E AppOpService: 	at com.android.server.SystemServer.startOtherServices(go/retraceme 56cb9c0977ae9f67603f451f002522c463042b44293aaef01295dafee5e0332e:5058)
09-12 00:18:46.938 16986 16986 E AppOpService: 	at com.android.server.SystemServer.main(go/retraceme 56cb9c0977ae9f67603f451f002522c463042b44293aaef01295dafee5e0332e:572)
09-12 00:18:46.938 16986 16986 E AppOpService: 	at java.lang.reflect.Method.invoke(Native Method)
09-12 00:18:46.938 16986 16986 E AppOpService: 	at com.android.internal.os.RuntimeInit$MethodAndArgsCaller.run(RuntimeInit.java:575)
09-12 00:18:46.938 16986 16986 E AppOpService: 	at com.android.internal.os.ZygoteInit.main(ZygoteInit.java:917)
09-12 00:18:46.939 16986 16986 E AppOpService: Blocked setUidMode call for runtime permission app op: uid = 1073, code = COARSE_LOCATION, mode = foreground, callingUid = 1000, oldMode = allow
09-12 00:18:46.939 16986 16986 E AppOpService: java.lang.RuntimeException
09-12 00:18:46.939 16986 16986 E AppOpService: 	at com.android.server.permission.access.appop.AppOpService.setUidMode(go/retraceme 56cb9c0977ae9f67603f451f002522c463042b44293aaef01295dafee5e0332e:119)
09-12 00:18:46.939 16986 16986 E AppOpService: 	at com.android.server.appop.AppOpsService.setUidMode(go/retraceme 56cb9c0977ae9f67603f451f002522c463042b44293aaef01295dafee5e0332e:444)
09-12 00:18:46.939 16986 16986 E AppOpService: 	at com.android.server.appop.AppOpsService$AppOpsManagerInternalImpl.setUidModeFromPermissionPolicy(go/retraceme 56cb9c0977ae9f67603f451f002522c463042b44293aaef01295dafee5e0332e:4)
09-12 00:18:46.939 16986 16986 E AppOpService: 	at com.android.server.policy.PermissionPolicyService$PermissionToOpSynchroniser.setUidMode(go/retraceme 56cb9c0977ae9f67603f451f002522c463042b44293aaef01295dafee5e0332e:18)
09-12 00:18:46.939 16986 16986 E AppOpService: 	at com.android.server.policy.PermissionPolicyService$PermissionToOpSynchroniser.-$$Nest$msyncPackages(go/retraceme 56cb9c0977ae9f67603f451f002522c463042b44293aaef01295dafee5e0332e:81)
09-12 00:18:46.939 16986 16986 E AppOpService: 	at com.android.server.policy.PermissionPolicyService.onStartUser$1(go/retraceme 56cb9c0977ae9f67603f451f002522c463042b44293aaef01295dafee5e0332e:172)
09-12 00:18:46.939 16986 16986 E AppOpService: 	at com.android.server.policy.PermissionPolicyService.onBootPhase(go/retraceme 56cb9c0977ae9f67603f451f002522c463042b44293aaef01295dafee5e0332e:49)
09-12 00:18:46.939 16986 16986 E AppOpService: 	at com.android.server.SystemServiceManager.startBootPhase(go/retraceme 56cb9c0977ae9f67603f451f002522c463042b44293aaef01295dafee5e0332e:130)
09-12 00:18:46.939 16986 16986 E AppOpService: 	at com.android.server.SystemServer.$r8$lambda$Zs26TzwLVmpFF2G8LTrYh_8ptIk(go/retraceme 56cb9c0977ae9f67603f451f002522c463042b44293aaef01295dafee5e0332e:34)
09-12 00:18:46.939 16986 16986 E AppOpService: 	at com.android.server.SystemServer$$ExternalSyntheticLambda8.run(go/retraceme 56cb9c0977ae9f67603f451f002522c463042b44293aaef01295dafee5e0332e:28)
09-12 00:18:46.939 16986 16986 E AppOpService: 	at com.android.server.am.ActivityManagerService.systemReady(go/retraceme 56cb9c0977ae9f67603f451f002522c463042b44293aaef01295dafee5e0332e:512)
09-12 00:18:46.939 16986 16986 E AppOpService: 	at com.android.server.SystemServer.startOtherServices(go/retraceme 56cb9c0977ae9f67603f451f002522c463042b44293aaef01295dafee5e0332e:5058)
09-12 00:18:46.939 16986 16986 E AppOpService: 	at com.android.server.SystemServer.main(go/retraceme 56cb9c0977ae9f67603f451f002522c463042b44293aaef01295dafee5e0332e:572)
09-12 00:18:46.939 16986 16986 E AppOpService: 	at java.lang.reflect.Method.invoke(Native Method)
09-12 00:18:46.939 16986 16986 E AppOpService: 	at com.android.internal.os.RuntimeInit$MethodAndArgsCaller.run(RuntimeInit.java:575)
09-12 00:18:46.939 16986 16986 E AppOpService: 	at com.android.internal.os.ZygoteInit.main(ZygoteInit.java:917)
09-12 00:18:46.941 16986 16986 E AppOpService: Blocked setUidMode call for runtime permission app op: uid = 10068, code = FINE_LOCATION, mode = foreground, callingUid = 1000, oldMode = allow
09-12 00:18:46.941 16986 16986 E AppOpService: java.lang.RuntimeException
09-12 00:18:46.941 16986 16986 E AppOpService: 	at com.android.server.permission.access.appop.AppOpService.setUidMode(go/retraceme 56cb9c0977ae9f67603f451f002522c463042b44293aaef01295dafee5e0332e:119)
09-12 00:18:46.941 16986 16986 E AppOpService: 	at com.android.server.appop.AppOpsService.setUidMode(go/retraceme 56cb9c0977ae9f67603f451f002522c463042b44293aaef01295dafee5e0332e:444)
09-12 00:18:46.941 16986 16986 E AppOpService: 	at com.android.server.appop.AppOpsService$AppOpsManagerInternalImpl.setUidModeFromPermissionPolicy(go/retraceme 56cb9c0977ae9f67603f451f002522c463042b44293aaef01295dafee5e0332e:4)
09-12 00:18:46.941 16986 16986 E AppOpService: 	at com.android.server.policy.PermissionPolicyService$PermissionToOpSynchroniser.setUidMode(go/retraceme 56cb9c0977ae9f67603f451f002522c463042b44293aaef01295dafee5e0332e:18)
09-12 00:18:46.941 16986 16986 E AppOpService: 	at com.android.server.policy.PermissionPolicyService$PermissionToOpSynchroniser.-$$Nest$msyncPackages(go/retraceme 56cb9c0977ae9f67603f451f002522c463042b44293aaef01295dafee5e0332e:81)
09-12 00:18:46.941 16986 16986 E AppOpService: 	at com.android.server.policy.PermissionPolicyService.onStartUser$1(go/retraceme 56cb9c0977ae9f67603f451f002522c463042b44293aaef01295dafee5e0332e:172)
09-12 00:18:46.941 16986 16986 E AppOpService: 	at com.android.server.policy.PermissionPolicyService.onBootPhase(go/retraceme 56cb9c0977ae9f67603f451f002522c463042b44293aaef01295dafee5e0332e:49)
09-12 00:18:46.941 16986 16986 E AppOpService: 	at com.android.server.SystemServiceManager.startBootPhase(go/retraceme 56cb9c0977ae9f67603f451f002522c463042b44293aaef01295dafee5e0332e:130)
09-12 00:18:46.941 16986 16986 E AppOpService: 	at com.android.server.SystemServer.$r8$lambda$Zs26TzwLVmpFF2G8LTrYh_8ptIk(go/retraceme 56cb9c0977ae9f67603f451f002522c463042b44293aaef01295dafee5e0332e:34)
09-12 00:18:46.941 16986 16986 E AppOpService: 	at com.android.server.SystemServer$$ExternalSyntheticLambda8.run(go/retraceme 56cb9c0977ae9f67603f451f002522c463042b44293aaef01295dafee5e0332e:28)
09-12 00:18:46.941 16986 16986 E AppOpService: 	at com.android.server.am.ActivityManagerService.systemReady(go/retraceme 56cb9c0977ae9f67603f451f002522c463042b44293aaef01295dafee5e0332e:512)
09-12 00:18:46.941 16986 16986 E AppOpService: 	at com.android.server.SystemServer.startOtherServices(go/retraceme 56cb9c0977ae9f67603f451f002522c463042b44293aaef01295dafee5e0332e:5058)
09-12 00:18:46.941 16986 16986 E AppOpService: 	at com.android.server.SystemServer.main(go/retraceme 56cb9c0977ae9f67603f451f002522c463042b44293aaef01295dafee5e0332e:572)
09-12 00:18:46.941 16986 16986 E AppOpService: 	at java.lang.reflect.Method.invoke(Native Method)
09-12 00:18:46.941 16986 16986 E AppOpService: 	at com.android.internal.os.RuntimeInit$MethodAndArgsCaller.run(RuntimeInit.java:575)
09-12 00:18:46.941 16986 16986 E AppOpService: 	at com.android.internal.os.ZygoteInit.main(ZygoteInit.java:917)
09-12 00:18:46.942 16986 16986 E AppOpService: Blocked setUidMode call for runtime permission app op: uid = 10068, code = COARSE_LOCATION, mode = foreground, callingUid = 1000, oldMode = allow
09-12 00:18:46.942 16986 16986 E AppOpService: java.lang.RuntimeException
09-12 00:18:46.942 16986 16986 E AppOpService: 	at com.android.server.permission.access.appop.AppOpService.setUidMode(go/retraceme 56cb9c0977ae9f67603f451f002522c463042b44293aaef01295dafee5e0332e:119)
09-12 00:18:46.942 16986 16986 E AppOpService: 	at com.android.server.appop.AppOpsService.setUidMode(go/retraceme 56cb9c0977ae9f67603f451f002522c463042b44293aaef01295dafee5e0332e:444)
09-12 00:18:46.942 16986 16986 E AppOpService: 	at com.android.server.appop.AppOpsService$AppOpsManagerInternalImpl.setUidModeFromPermissionPolicy(go/retraceme 56cb9c0977ae9f67603f451f002522c463042b44293aaef01295dafee5e0332e:4)
09-12 00:18:46.942 16986 16986 E AppOpService: 	at com.android.server.policy.PermissionPolicyService$PermissionToOpSynchroniser.setUidMode(go/retraceme 56cb9c0977ae9f67603f451f002522c463042b44293aaef01295dafee5e0332e:18)
09-12 00:18:46.942 16986 16986 E AppOpService: 	at com.android.server.policy.PermissionPolicyService$PermissionToOpSynchroniser.-$$Nest$msyncPackages(go/retraceme 56cb9c0977ae9f67603f451f002522c463042b44293aaef01295dafee5e0332e:81)
09-12 00:18:46.942 16986 16986 E AppOpService: 	at com.android.server.policy.PermissionPolicyService.onStartUser$1(go/retraceme 56cb9c0977ae9f67603f451f002522c463042b44293aaef01295dafee5e0332e:172)
09-12 00:18:46.942 16986 16986 E AppOpService: 	at com.android.server.policy.PermissionPolicyService.onBootPhase(go/retraceme 56cb9c0977ae9f67603f451f002522c463042b44293aaef01295dafee5e0332e:49)
09-12 00:18:46.942 16986 16986 E AppOpService: 	at com.android.server.SystemServiceManager.startBootPhase(go/retraceme 56cb9c0977ae9f67603f451f002522c463042b44293aaef01295dafee5e0332e:130)
09-12 00:18:46.942 16986 16986 E AppOpService: 	at com.android.server.SystemServer.$r8$lambda$Zs26TzwLVmpFF2G8LTrYh_8ptIk(go/retraceme 56cb9c0977ae9f67603f451f002522c463042b44293aaef01295dafee5e0332e:34)
09-12 00:18:46.942 16986 16986 E AppOpService: 	at com.android.server.SystemServer$$ExternalSyntheticLambda8.run(go/retraceme 56cb9c0977ae9f67603f451f002522c463042b44293aaef01295dafee5e0332e:28)
09-12 00:18:46.942 16986 16986 E AppOpService: 	at com.android.server.am.ActivityManagerService.systemReady(go/retraceme 56cb9c0977ae9f67603f451f002522c463042b44293aaef01295dafee5e0332e:512)
09-12 00:18:46.942 16986 16986 E AppOpService: 	at com.android.server.SystemServer.startOtherServices(go/retraceme 56cb9c0977ae9f67603f451f002522c463042b44293aaef01295dafee5e0332e:5058)
09-12 00:18:46.942 16986 16986 E AppOpService: 	at com.android.server.SystemServer.main(go/retraceme 56cb9c0977ae9f67603f451f002522c463042b44293aaef01295dafee5e0332e:572)
09-12 00:18:46.942 16986 16986 E AppOpService: 	at java.lang.reflect.Method.invoke(Native Method)
09-12 00:18:46.942 16986 16986 E AppOpService: 	at com.android.internal.os.RuntimeInit$MethodAndArgsCaller.run(RuntimeInit.java:575)
09-12 00:18:46.942 16986 16986 E AppOpService: 	at com.android.internal.os.ZygoteInit.main(ZygoteInit.java:917)
09-12 00:18:46.943 16986 16986 E AppOpService: Blocked setUidMode call for runtime permission app op: uid = 10065, code = FINE_LOCATION, mode = foreground, callingUid = 1000, oldMode = allow
09-12 00:18:46.943 16986 16986 E AppOpService: java.lang.RuntimeException
09-12 00:18:46.943 16986 16986 E AppOpService: 	at com.android.server.permission.access.appop.AppOpService.setUidMode(go/retraceme 56cb9c0977ae9f67603f451f002522c463042b44293aaef01295dafee5e0332e:119)
09-12 00:18:46.943 16986 16986 E AppOpService: 	at com.android.server.appop.AppOpsService.setUidMode(go/retraceme 56cb9c0977ae9f67603f451f002522c463042b44293aaef01295dafee5e0332e:444)
09-12 00:18:46.943 16986 16986 E AppOpService: 	at com.android.server.appop.AppOpsService$AppOpsManagerInternalImpl.setUidModeFromPermissionPolicy(go/retraceme 56cb9c0977ae9f67603f451f002522c463042b44293aaef01295dafee5e0332e:4)
09-12 00:18:46.943 16986 16986 E AppOpService: 	at com.android.server.policy.PermissionPolicyService$PermissionToOpSynchroniser.setUidMode(go/retraceme 56cb9c0977ae9f67603f451f002522c463042b44293aaef01295dafee5e0332e:18)
09-12 00:18:46.943 16986 16986 E AppOpService: 	at com.android.server.policy.PermissionPolicyService$PermissionToOpSynchroniser.-$$Nest$msyncPackages(go/retraceme 56cb9c0977ae9f67603f451f002522c463042b44293aaef01295dafee5e0332e:81)
09-12 00:18:46.943 16986 16986 E AppOpService: 	at com.android.server.policy.PermissionPolicyService.onStartUser$1(go/retraceme 56cb9c0977ae9f67603f451f002522c463042b44293aaef01295dafee5e0332e:172)
09-12 00:18:46.943 16986 16986 E AppOpService: 	at com.android.server.policy.PermissionPolicyService.onBootPhase(go/retraceme 56cb9c0977ae9f67603f451f002522c463042b44293aaef01295dafee5e0332e:49)
09-12 00:18:46.943 16986 16986 E AppOpService: 	at com.android.server.SystemServiceManager.startBootPhase(go/retraceme 56cb9c0977ae9f67603f451f002522c463042b44293aaef01295dafee5e0332e:130)
09-12 00:18:46.943 16986 16986 E AppOpService: 	at com.android.server.SystemServer.$r8$lambda$Zs26TzwLVmpFF2G8LTrYh_8ptIk(go/retraceme 56cb9c0977ae9f67603f451f002522c463042b44293aaef01295dafee5e0332e:34)
09-12 00:18:46.943 16986 16986 E AppOpService: 	at com.android.server.SystemServer$$ExternalSyntheticLambda8.run(go/retraceme 56cb9c0977ae9f67603f451f002522c463042b44293aaef01295dafee5e0332e:28)
09-12 00:18:46.943 16986 16986 E AppOpService: 	at com.android.server.am.ActivityManagerService.systemReady(go/retraceme 56cb9c0977ae9f67603f451f002522c463042b44293aaef01295dafee5e0332e:512)
09-12 00:18:46.943 16986 16986 E AppOpService: 	at com.android.server.SystemServer.startOtherServices(go/retraceme 56cb9c0977ae9f67603f451f002522c463042b44293aaef01295dafee5e0332e:5058)
09-12 00:18:46.943 16986 16986 E AppOpService: 	at com.android.server.SystemServer.main(go/retraceme 56cb9c0977ae9f67603f451f002522c463042b44293aaef01295dafee5e0332e:572)
09-12 00:18:46.943 16986 16986 E AppOpService: 	at java.lang.reflect.Method.invoke(Native Method)
09-12 00:18:46.943 16986 16986 E AppOpService: 	at com.android.internal.os.RuntimeInit$MethodAndArgsCaller.run(RuntimeInit.java:575)
09-12 00:18:46.943 16986 16986 E AppOpService: 	at com.android.internal.os.ZygoteInit.main(ZygoteInit.java:917)
09-12 00:18:46.944 16986 16986 E AppOpService: Blocked setUidMode call for runtime permission app op: uid = 10065, code = COARSE_LOCATION, mode = foreground, callingUid = 1000, oldMode = allow
09-12 00:18:46.944 16986 16986 E AppOpService: java.lang.RuntimeException
09-12 00:18:46.944 16986 16986 E AppOpService: 	at com.android.server.permission.access.appop.AppOpService.setUidMode(go/retraceme 56cb9c0977ae9f67603f451f002522c463042b44293aaef01295dafee5e0332e:119)
09-12 00:18:46.944 16986 16986 E AppOpService: 	at com.android.server.appop.AppOpsService.setUidMode(go/retraceme 56cb9c0977ae9f67603f451f002522c463042b44293aaef01295dafee5e0332e:444)
09-12 00:18:46.944 16986 16986 E AppOpService: 	at com.android.server.appop.AppOpsService$AppOpsManagerInternalImpl.setUidModeFromPermissionPolicy(go/retraceme 56cb9c0977ae9f67603f451f002522c463042b44293aaef01295dafee5e0332e:4)
09-12 00:18:46.944 16986 16986 E AppOpService: 	at com.android.server.policy.PermissionPolicyService$PermissionToOpSynchroniser.setUidMode(go/retraceme 56cb9c0977ae9f67603f451f002522c463042b44293aaef01295dafee5e0332e:18)
09-12 00:18:46.944 16986 16986 E AppOpService: 	at com.android.server.policy.PermissionPolicyService$PermissionToOpSynchroniser.-$$Nest$msyncPackages(go/retraceme 56cb9c0977ae9f67603f451f002522c463042b44293aaef01295dafee5e0332e:81)
09-12 00:18:46.944 16986 16986 E AppOpService: 	at com.android.server.policy.PermissionPolicyService.onStartUser$1(go/retraceme 56cb9c0977ae9f67603f451f002522c463042b44293aaef01295dafee5e0332e:172)
09-12 00:18:46.944 16986 16986 E AppOpService: 	at com.android.server.policy.PermissionPolicyService.onBootPhase(go/retraceme 56cb9c0977ae9f67603f451f002522c463042b44293aaef01295dafee5e0332e:49)
09-12 00:18:46.944 16986 16986 E AppOpService: 	at com.android.server.SystemServiceManager.startBootPhase(go/retraceme 56cb9c0977ae9f67603f451f002522c463042b44293aaef01295dafee5e0332e:130)
09-12 00:18:46.944 16986 16986 E AppOpService: 	at com.android.server.SystemServer.$r8$lambda$Zs26TzwLVmpFF2G8LTrYh_8ptIk(go/retraceme 56cb9c0977ae9f67603f451f002522c463042b44293aaef01295dafee5e0332e:34)
09-12 00:18:46.944 16986 16986 E AppOpService: 	at com.android.server.SystemServer$$ExternalSyntheticLambda8.run(go/retraceme 56cb9c0977ae9f67603f451f002522c463042b44293aaef01295dafee5e0332e:28)
09-12 00:18:46.944 16986 16986 E AppOpService: 	at com.android.server.am.ActivityManagerService.systemReady(go/retraceme 56cb9c0977ae9f67603f451f002522c463042b44293aaef01295dafee5e0332e:512)
09-12 00:18:46.944 16986 16986 E AppOpService: 	at com.android.server.SystemServer.startOtherServices(go/retraceme 56cb9c0977ae9f67603f451f002522c463042b44293aaef01295dafee5e0332e:5058)
09-12 00:18:46.944 16986 16986 E AppOpService: 	at com.android.server.SystemServer.main(go/retraceme 56cb9c0977ae9f67603f451f002522c463042b44293aaef01295dafee5e0332e:572)
09-12 00:18:46.944 16986 16986 E AppOpService: 	at java.lang.reflect.Method.invoke(Native Method)
09-12 00:18:46.944 16986 16986 E AppOpService: 	at com.android.internal.os.RuntimeInit$MethodAndArgsCaller.run(RuntimeInit.java:575)
09-12 00:18:46.944 16986 16986 E AppOpService: 	at com.android.internal.os.ZygoteInit.main(ZygoteInit.java:917)
09-12 00:18:46.946 16986 16986 E AppOpService: Blocked setUidMode call for runtime permission app op: uid = 1002, code = FINE_LOCATION, mode = foreground, callingUid = 1000, oldMode = allow
09-12 00:18:46.946 16986 16986 E AppOpService: java.lang.RuntimeException
09-12 00:18:46.946 16986 16986 E AppOpService: 	at com.android.server.permission.access.appop.AppOpService.setUidMode(go/retraceme 56cb9c0977ae9f67603f451f002522c463042b44293aaef01295dafee5e0332e:119)
09-12 00:18:46.946 16986 16986 E AppOpService: 	at com.android.server.appop.AppOpsService.setUidMode(go/retraceme 56cb9c0977ae9f67603f451f002522c463042b44293aaef01295dafee5e0332e:444)
09-12 00:18:46.946 16986 16986 E AppOpService: 	at com.android.server.appop.AppOpsService$AppOpsManagerInternalImpl.setUidModeFromPermissionPolicy(go/retraceme 56cb9c0977ae9f67603f451f002522c463042b44293aaef01295dafee5e0332e:4)
09-12 00:18:46.946 16986 16986 E AppOpService: 	at com.android.server.policy.PermissionPolicyService$PermissionToOpSynchroniser.setUidMode(go/retraceme 56cb9c0977ae9f67603f451f002522c463042b44293aaef01295dafee5e0332e:18)
09-12 00:18:46.946 16986 16986 E AppOpService: 	at com.android.server.policy.PermissionPolicyService$PermissionToOpSynchroniser.-$$Nest$msyncPackages(go/retraceme 56cb9c0977ae9f67603f451f002522c463042b44293aaef01295dafee5e0332e:81)
09-12 00:18:46.946 16986 16986 E AppOpService: 	at com.android.server.policy.PermissionPolicyService.onStartUser$1(go/retraceme 56cb9c0977ae9f67603f451f002522c463042b44293aaef01295dafee5e0332e:172)
09-12 00:18:46.946 16986 16986 E AppOpService: 	at com.android.server.policy.PermissionPolicyService.onBootPhase(go/retraceme 56cb9c0977ae9f67603f451f002522c463042b44293aaef01295dafee5e0332e:49)
09-12 00:18:46.946 16986 16986 E AppOpService: 	at com.android.server.SystemServiceManager.startBootPhase(go/retraceme 56cb9c0977ae9f67603f451f002522c463042b44293aaef01295dafee5e0332e:130)
09-12 00:18:46.946 16986 16986 E AppOpService: 	at com.android.server.SystemServer.$r8$lambda$Zs26TzwLVmpFF2G8LTrYh_8ptIk(go/retraceme 56cb9c0977ae9f67603f451f002522c463042b44293aaef01295dafee5e0332e:34)
09-12 00:18:46.946 16986 16986 E AppOpService: 	at com.android.server.SystemServer$$ExternalSyntheticLambda8.run(go/retraceme 56cb9c0977ae9f67603f451f002522c463042b44293aaef01295dafee5e0332e:28)
09-12 00:18:46.946 16986 16986 E AppOpService: 	at com.android.server.am.ActivityManagerService.systemReady(go/retraceme 56cb9c0977ae9f67603f451f002522c463042b44293aaef01295dafee5e0332e:512)
09-12 00:18:46.946 16986 16986 E AppOpService: 	at com.android.server.SystemServer.startOtherServices(go/retraceme 56cb9c0977ae9f67603f451f002522c463042b44293aaef01295dafee5e0332e:5058)
09-12 00:18:46.946 16986 16986 E AppOpService: 	at com.android.server.SystemServer.main(go/retraceme 56cb9c0977ae9f67603f451f002522c463042b44293aaef01295dafee5e0332e:572)
09-12 00:18:46.946 16986 16986 E AppOpService: 	at java.lang.reflect.Method.invoke(Native Method)
09-12 00:18:46.946 16986 16986 E AppOpService: 	at com.android.internal.os.RuntimeInit$MethodAndArgsCaller.run(RuntimeInit.java:575)
09-12 00:18:46.946 16986 16986 E AppOpService: 	at com.android.internal.os.ZygoteInit.main(ZygoteInit.java:917)
09-12 00:18:46.947 16986 16986 E AppOpService: Blocked setUidMode call for runtime permission app op: uid = 1002, code = COARSE_LOCATION, mode = foreground, callingUid = 1000, oldMode = allow
09-12 00:18:46.947 16986 16986 E AppOpService: java.lang.RuntimeException
09-12 00:18:46.947 16986 16986 E AppOpService: 	at com.android.server.permission.access.appop.AppOpService.setUidMode(go/retraceme 56cb9c0977ae9f67603f451f002522c463042b44293aaef01295dafee5e0332e:119)
09-12 00:18:46.947 16986 16986 E AppOpService: 	at com.android.server.appop.AppOpsService.setUidMode(go/retraceme 56cb9c0977ae9f67603f451f002522c463042b44293aaef01295dafee5e0332e:444)
09-12 00:18:46.947 16986 16986 E AppOpService: 	at com.android.server.appop.AppOpsService$AppOpsManagerInternalImpl.setUidModeFromPermissionPolicy(go/retraceme 56cb9c0977ae9f67603f451f002522c463042b44293aaef01295dafee5e0332e:4)
09-12 00:18:46.947 16986 16986 E AppOpService: 	at com.android.server.policy.PermissionPolicyService$PermissionToOpSynchroniser.setUidMode(go/retraceme 56cb9c0977ae9f67603f451f002522c463042b44293aaef01295dafee5e0332e:18)
09-12 00:18:46.947 16986 16986 E AppOpService: 	at com.android.server.policy.PermissionPolicyService$PermissionToOpSynchroniser.-$$Nest$msyncPackages(go/retraceme 56cb9c0977ae9f67603f451f002522c463042b44293aaef01295dafee5e0332e:81)
09-12 00:18:46.947 16986 16986 E AppOpService: 	at com.android.server.policy.PermissionPolicyService.onStartUser$1(go/retraceme 56cb9c0977ae9f67603f451f002522c463042b44293aaef01295dafee5e0332e:172)
09-12 00:18:46.947 16986 16986 E AppOpService: 	at com.android.server.policy.PermissionPolicyService.onBootPhase(go/retraceme 56cb9c0977ae9f67603f451f002522c463042b44293aaef01295dafee5e0332e:49)
09-12 00:18:46.947 16986 16986 E AppOpService: 	at com.android.server.SystemServiceManager.startBootPhase(go/retraceme 56cb9c0977ae9f67603f451f002522c463042b44293aaef01295dafee5e0332e:130)
09-12 00:18:46.947 16986 16986 E AppOpService: 	at com.android.server.SystemServer.$r8$lambda$Zs26TzwLVmpFF2G8LTrYh_8ptIk(go/retraceme 56cb9c0977ae9f67603f451f002522c463042b44293aaef01295dafee5e0332e:34)
09-12 00:18:46.947 16986 16986 E AppOpService: 	at com.android.server.SystemServer$$ExternalSyntheticLambda8.run(go/retraceme 56cb9c0977ae9f67603f451f002522c463042b44293aaef01295dafee5e0332e:28)
09-12 00:18:46.947 16986 16986 E AppOpService: 	at com.android.server.am.ActivityManagerService.systemReady(go/retraceme 56cb9c0977ae9f67603f451f002522c463042b44293aaef01295dafee5e0332e:512)
09-12 00:18:46.947 16986 16986 E AppOpService: 	at com.android.server.SystemServer.startOtherServices(go/retraceme 56cb9c0977ae9f67603f451f002522c463042b44293aaef01295dafee5e0332e:5058)
09-12 00:18:46.947 16986 16986 E AppOpService: 	at com.android.server.SystemServer.main(go/retraceme 56cb9c0977ae9f67603f451f002522c463042b44293aaef01295dafee5e0332e:572)
09-12 00:18:46.947 16986 16986 E AppOpService: 	at java.lang.reflect.Method.invoke(Native Method)
09-12 00:18:46.947 16986 16986 E AppOpService: 	at com.android.internal.os.RuntimeInit$MethodAndArgsCaller.run(RuntimeInit.java:575)
09-12 00:18:46.947 16986 16986 E AppOpService: 	at com.android.internal.os.ZygoteInit.main(ZygoteInit.java:917)
09-12 00:18:46.947 16986 16986 E AppOpService: Blocked setUidMode call for runtime permission app op: uid = 10079, code = FINE_LOCATION, mode = foreground, callingUid = 1000, oldMode = allow
09-12 00:18:46.947 16986 16986 E AppOpService: java.lang.RuntimeException
09-12 00:18:46.947 16986 16986 E AppOpService: 	at com.android.server.permission.access.appop.AppOpService.setUidMode(go/retraceme 56cb9c0977ae9f67603f451f002522c463042b44293aaef01295dafee5e0332e:119)
09-12 00:18:46.947 16986 16986 E AppOpService: 	at com.android.server.appop.AppOpsService.setUidMode(go/retraceme 56cb9c0977ae9f67603f451f002522c463042b44293aaef01295dafee5e0332e:444)
09-12 00:18:46.947 16986 16986 E AppOpService: 	at com.android.server.appop.AppOpsService$AppOpsManagerInternalImpl.setUidModeFromPermissionPolicy(go/retraceme 56cb9c0977ae9f67603f451f002522c463042b44293aaef01295dafee5e0332e:4)
09-12 00:18:46.947 16986 16986 E AppOpService: 	at com.android.server.policy.PermissionPolicyService$PermissionToOpSynchroniser.setUidMode(go/retraceme 56cb9c0977ae9f67603f451f002522c463042b44293aaef01295dafee5e0332e:18)
09-12 00:18:46.947 16986 16986 E AppOpService: 	at com.android.server.policy.PermissionPolicyService$PermissionToOpSynchroniser.-$$Nest$msyncPackages(go/retraceme 56cb9c0977ae9f67603f451f002522c463042b44293aaef01295dafee5e0332e:81)
09-12 00:18:46.947 16986 16986 E AppOpService: 	at com.android.server.policy.PermissionPolicyService.onStartUser$1(go/retraceme 56cb9c0977ae9f67603f451f002522c463042b44293aaef01295dafee5e0332e:172)
09-12 00:18:46.947 16986 16986 E AppOpService: 	at com.android.server.policy.PermissionPolicyService.onBootPhase(go/retraceme 56cb9c0977ae9f67603f451f002522c463042b44293aaef01295dafee5e0332e:49)
09-12 00:18:46.947 16986 16986 E AppOpService: 	at com.android.server.SystemServiceManager.startBootPhase(go/retraceme 56cb9c0977ae9f67603f451f002522c463042b44293aaef01295dafee5e0332e:130)
09-12 00:18:46.947 16986 16986 E AppOpService: 	at com.android.server.SystemServer.$r8$lambda$Zs26TzwLVmpFF2G8LTrYh_8ptIk(go/retraceme 56cb9c0977ae9f67603f451f002522c463042b44293aaef01295dafee5e0332e:34)
09-12 00:18:46.947 16986 16986 E AppOpService: 	at com.android.server.SystemServer$$ExternalSyntheticLambda8.run(go/retraceme 56cb9c0977ae9f67603f451f002522c463042b44293aaef01295dafee5e0332e:28)
09-12 00:18:46.947 16986 16986 E AppOpService: 	at com.android.server.am.ActivityManagerService.systemReady(go/retraceme 56cb9c0977ae9f67603f451f002522c463042b44293aaef01295dafee5e0332e:512)
09-12 00:18:46.947 16986 16986 E AppOpService: 	at com.android.server.SystemServer.startOtherServices(go/retraceme 56cb9c0977ae9f67603f451f002522c463042b44293aaef01295dafee5e0332e:5058)
09-12 00:18:46.947 16986 16986 E AppOpService: 	at com.android.server.SystemServer.main(go/retraceme 56cb9c0977ae9f67603f451f002522c463042b44293aaef01295dafee5e0332e:572)
09-12 00:18:46.947 16986 16986 E AppOpService: 	at java.lang.reflect.Method.invoke(Native Method)
09-12 00:18:46.947 16986 16986 E AppOpService: 	at com.android.internal.os.RuntimeInit$MethodAndArgsCaller.run(RuntimeInit.java:575)
09-12 00:18:46.947 16986 16986 E AppOpService: 	at com.android.internal.os.ZygoteInit.main(ZygoteInit.java:917)
09-12 00:18:46.949 16986 16986 E AppOpService: Blocked setUidMode call for runtime permission app op: uid = 10079, code = COARSE_LOCATION, mode = foreground, callingUid = 1000, oldMode = allow
09-12 00:18:46.949 16986 16986 E AppOpService: java.lang.RuntimeException
09-12 00:18:46.949 16986 16986 E AppOpService: 	at com.android.server.permission.access.appop.AppOpService.setUidMode(go/retraceme 56cb9c0977ae9f67603f451f002522c463042b44293aaef01295dafee5e0332e:119)
09-12 00:18:46.949 16986 16986 E AppOpService: 	at com.android.server.appop.AppOpsService.setUidMode(go/retraceme 56cb9c0977ae9f67603f451f002522c463042b44293aaef01295dafee5e0332e:444)
09-12 00:18:46.949 16986 16986 E AppOpService: 	at com.android.server.appop.AppOpsService$AppOpsManagerInternalImpl.setUidModeFromPermissionPolicy(go/retraceme 56cb9c0977ae9f67603f451f002522c463042b44293aaef01295dafee5e0332e:4)
09-12 00:18:46.949 16986 16986 E AppOpService: 	at com.android.server.policy.PermissionPolicyService$PermissionToOpSynchroniser.setUidMode(go/retraceme 56cb9c0977ae9f67603f451f002522c463042b44293aaef01295dafee5e0332e:18)
09-12 00:18:46.949 16986 16986 E AppOpService: 	at com.android.server.policy.PermissionPolicyService$PermissionToOpSynchroniser.-$$Nest$msyncPackages(go/retraceme 56cb9c0977ae9f67603f451f002522c463042b44293aaef01295dafee5e0332e:81)
09-12 00:18:46.949 16986 16986 E AppOpService: 	at com.android.server.policy.PermissionPolicyService.onStartUser$1(go/retraceme 56cb9c0977ae9f67603f451f002522c463042b44293aaef01295dafee5e0332e:172)
09-12 00:18:46.949 16986 16986 E AppOpService: 	at com.android.server.policy.PermissionPolicyService.onBootPhase(go/retraceme 56cb9c0977ae9f67603f451f002522c463042b44293aaef01295dafee5e0332e:49)
09-12 00:18:46.949 16986 16986 E AppOpService: 	at com.android.server.SystemServiceManager.startBootPhase(go/retraceme 56cb9c0977ae9f67603f451f002522c463042b44293aaef01295dafee5e0332e:130)
09-12 00:18:46.949 16986 16986 E AppOpService: 	at com.android.server.SystemServer.$r8$lambda$Zs26TzwLVmpFF2G8LTrYh_8ptIk(go/retraceme 56cb9c0977ae9f67603f451f002522c463042b44293aaef01295dafee5e0332e:34)
09-12 00:18:46.949 16986 16986 E AppOpService: 	at com.android.server.SystemServer$$ExternalSyntheticLambda8.run(go/retraceme 56cb9c0977ae9f67603f451f002522c463042b44293aaef01295dafee5e0332e:28)
09-12 00:18:46.949 16986 16986 E AppOpService: 	at com.android.server.am.ActivityManagerService.systemReady(go/retraceme 56cb9c0977ae9f67603f451f002522c463042b44293aaef01295dafee5e0332e:512)
09-12 00:18:46.949 16986 16986 E AppOpService: 	at com.android.server.SystemServer.startOtherServices(go/retraceme 56cb9c0977ae9f67603f451f002522c463042b44293aaef01295dafee5e0332e:5058)
09-12 00:18:46.949 16986 16986 E AppOpService: 	at com.android.server.SystemServer.main(go/retraceme 56cb9c0977ae9f67603f451f002522c463042b44293aaef01295dafee5e0332e:572)
09-12 00:18:46.949 16986 16986 E AppOpService: 	at java.lang.reflect.Method.invoke(Native Method)
09-12 00:18:46.949 16986 16986 E AppOpService: 	at com.android.internal.os.RuntimeInit$MethodAndArgsCaller.run(RuntimeInit.java:575)
09-12 00:18:46.949 16986 16986 E AppOpService: 	at com.android.internal.os.ZygoteInit.main(ZygoteInit.java:917)
09-12 00:18:46.950 16986 16986 E AppOpService: Blocked setUidMode call for runtime permission app op: uid = 10062, code = COARSE_LOCATION, mode = foreground, callingUid = 1000, oldMode = allow
09-12 00:18:46.950 16986 16986 E AppOpService: java.lang.RuntimeException
09-12 00:18:46.950 16986 16986 E AppOpService: 	at com.android.server.permission.access.appop.AppOpService.setUidMode(go/retraceme 56cb9c0977ae9f67603f451f002522c463042b44293aaef01295dafee5e0332e:119)
09-12 00:18:46.950 16986 16986 E AppOpService: 	at com.android.server.appop.AppOpsService.setUidMode(go/retraceme 56cb9c0977ae9f67603f451f002522c463042b44293aaef01295dafee5e0332e:444)
09-12 00:18:46.950 16986 16986 E AppOpService: 	at com.android.server.appop.AppOpsService$AppOpsManagerInternalImpl.setUidModeFromPermissionPolicy(go/retraceme 56cb9c0977ae9f67603f451f002522c463042b44293aaef01295dafee5e0332e:4)
09-12 00:18:46.950 16986 16986 E AppOpService: 	at com.android.server.policy.PermissionPolicyService$PermissionToOpSynchroniser.setUidMode(go/retraceme 56cb9c0977ae9f67603f451f002522c463042b44293aaef01295dafee5e0332e:18)
09-12 00:18:46.950 16986 16986 E AppOpService: 	at com.android.server.policy.PermissionPolicyService$PermissionToOpSynchroniser.-$$Nest$msyncPackages(go/retraceme 56cb9c0977ae9f67603f451f002522c463042b44293aaef01295dafee5e0332e:81)
09-12 00:18:46.950 16986 16986 E AppOpService: 	at com.android.server.policy.PermissionPolicyService.onStartUser$1(go/retraceme 56cb9c0977ae9f67603f451f002522c463042b44293aaef01295dafee5e0332e:172)
09-12 00:18:46.950 16986 16986 E AppOpService: 	at com.android.server.policy.PermissionPolicyService.onBootPhase(go/retraceme 56cb9c0977ae9f67603f451f002522c463042b44293aaef01295dafee5e0332e:49)
09-12 00:18:46.950 16986 16986 E AppOpService: 	at com.android.server.SystemServiceManager.startBootPhase(go/retraceme 56cb9c0977ae9f67603f451f002522c463042b44293aaef01295dafee5e0332e:130)
09-12 00:18:46.950 16986 16986 E AppOpService: 	at com.android.server.SystemServer.$r8$lambda$Zs26TzwLVmpFF2G8LTrYh_8ptIk(go/retraceme 56cb9c0977ae9f67603f451f002522c463042b44293aaef01295dafee5e0332e:34)
09-12 00:18:46.950 16986 16986 E AppOpService: 	at com.android.server.SystemServer$$ExternalSyntheticLambda8.run(go/retraceme 56cb9c0977ae9f67603f451f002522c463042b44293aaef01295dafee5e0332e:28)
09-12 00:18:46.950 16986 16986 E AppOpService: 	at com.android.server.am.ActivityManagerService.systemReady(go/retraceme 56cb9c0977ae9f67603f451f002522c463042b44293aaef01295dafee5e0332e:512)
09-12 00:18:46.950 16986 16986 E AppOpService: 	at com.android.server.SystemServer.startOtherServices(go/retraceme 56cb9c0977ae9f67603f451f002522c463042b44293aaef01295dafee5e0332e:5058)
09-12 00:18:46.950 16986 16986 E AppOpService: 	at com.android.server.SystemServer.main(go/retraceme 56cb9c0977ae9f67603f451f002522c463042b44293aaef01295dafee5e0332e:572)
09-12 00:18:46.950 16986 16986 E AppOpService: 	at java.lang.reflect.Method.invoke(Native Method)
09-12 00:18:46.950 16986 16986 E AppOpService: 	at com.android.internal.os.RuntimeInit$MethodAndArgsCaller.run(RuntimeInit.java:575)
09-12 00:18:46.950 16986 16986 E AppOpService: 	at com.android.internal.os.ZygoteInit.main(ZygoteInit.java:917)
09-12 00:18:46.951 16986 16986 E AppOpService: Blocked setUidMode call for runtime permission app op: uid = 10056, code = FINE_LOCATION, mode = foreground, callingUid = 1000, oldMode = allow
09-12 00:18:46.951 16986 16986 E AppOpService: java.lang.RuntimeException
09-12 00:18:46.951 16986 16986 E AppOpService: 	at com.android.server.permission.access.appop.AppOpService.setUidMode(go/retraceme 56cb9c0977ae9f67603f451f002522c463042b44293aaef01295dafee5e0332e:119)
09-12 00:18:46.951 16986 16986 E AppOpService: 	at com.android.server.appop.AppOpsService.setUidMode(go/retraceme 56cb9c0977ae9f67603f451f002522c463042b44293aaef01295dafee5e0332e:444)
09-12 00:18:46.951 16986 16986 E AppOpService: 	at com.android.server.appop.AppOpsService$AppOpsManagerInternalImpl.setUidModeFromPermissionPolicy(go/retraceme 56cb9c0977ae9f67603f451f002522c463042b44293aaef01295dafee5e0332e:4)
09-12 00:18:46.951 16986 16986 E AppOpService: 	at com.android.server.policy.PermissionPolicyService$PermissionToOpSynchroniser.setUidMode(go/retraceme 56cb9c0977ae9f67603f451f002522c463042b44293aaef01295dafee5e0332e:18)
09-12 00:18:46.951 16986 16986 E AppOpService: 	at com.android.server.policy.PermissionPolicyService$PermissionToOpSynchroniser.-$$Nest$msyncPackages(go/retraceme 56cb9c0977ae9f67603f451f002522c463042b44293aaef01295dafee5e0332e:81)
09-12 00:18:46.951 16986 16986 E AppOpService: 	at com.android.server.policy.PermissionPolicyService.onStartUser$1(go/retraceme 56cb9c0977ae9f67603f451f002522c463042b44293aaef01295dafee5e0332e:172)
09-12 00:18:46.951 16986 16986 E AppOpService: 	at com.android.server.policy.PermissionPolicyService.onBootPhase(go/retraceme 56cb9c0977ae9f67603f451f002522c463042b44293aaef01295dafee5e0332e:49)
09-12 00:18:46.951 16986 16986 E AppOpService: 	at com.android.server.SystemServiceManager.startBootPhase(go/retraceme 56cb9c0977ae9f67603f451f002522c463042b44293aaef01295dafee5e0332e:130)
09-12 00:18:46.951 16986 16986 E AppOpService: 	at com.android.server.SystemServer.$r8$lambda$Zs26TzwLVmpFF2G8LTrYh_8ptIk(go/retraceme 56cb9c0977ae9f67603f451f002522c463042b44293aaef01295dafee5e0332e:34)
09-12 00:18:46.951 16986 16986 E AppOpService: 	at com.android.server.SystemServer$$ExternalSyntheticLambda8.run(go/retraceme 56cb9c0977ae9f67603f451f002522c463042b44293aaef01295dafee5e0332e:28)
09-12 00:18:46.951 16986 16986 E AppOpService: 	at com.android.server.am.ActivityManagerService.systemReady(go/retraceme 56cb9c0977ae9f67603f451f002522c463042b44293aaef01295dafee5e0332e:512)
09-12 00:18:46.951 16986 16986 E AppOpService: 	at com.android.server.SystemServer.startOtherServices(go/retraceme 56cb9c0977ae9f67603f451f002522c463042b44293aaef01295dafee5e0332e:5058)
09-12 00:18:46.951 16986 16986 E AppOpService: 	at com.android.server.SystemServer.main(go/retraceme 56cb9c0977ae9f67603f451f002522c463042b44293aaef01295dafee5e0332e:572)
09-12 00:18:46.951 16986 16986 E AppOpService: 	at java.lang.reflect.Method.invoke(Native Method)
09-12 00:18:46.951 16986 16986 E AppOpService: 	at com.android.internal.os.RuntimeInit$MethodAndArgsCaller.run(RuntimeInit.java:575)
09-12 00:18:46.951 16986 16986 E AppOpService: 	at com.android.internal.os.ZygoteInit.main(ZygoteInit.java:917)
09-12 00:18:46.951 16986 16986 E AppOpService: Blocked setUidMode call for runtime permission app op: uid = 10056, code = COARSE_LOCATION, mode = foreground, callingUid = 1000, oldMode = allow
09-12 00:18:46.951 16986 16986 E AppOpService: java.lang.RuntimeException
09-12 00:18:46.951 16986 16986 E AppOpService: 	at com.android.server.permission.access.appop.AppOpService.setUidMode(go/retraceme 56cb9c0977ae9f67603f451f002522c463042b44293aaef01295dafee5e0332e:119)
09-12 00:18:46.951 16986 16986 E AppOpService: 	at com.android.server.appop.AppOpsService.setUidMode(go/retraceme 56cb9c0977ae9f67603f451f002522c463042b44293aaef01295dafee5e0332e:444)
09-12 00:18:46.951 16986 16986 E AppOpService: 	at com.android.server.appop.AppOpsService$AppOpsManagerInternalImpl.setUidModeFromPermissionPolicy(go/retraceme 56cb9c0977ae9f67603f451f002522c463042b44293aaef01295dafee5e0332e:4)
09-12 00:18:46.951 16986 16986 E AppOpService: 	at com.android.server.policy.PermissionPolicyService$PermissionToOpSynchroniser.setUidMode(go/retraceme 56cb9c0977ae9f67603f451f002522c463042b44293aaef01295dafee5e0332e:18)
09-12 00:18:46.951 16986 16986 E AppOpService: 	at com.android.server.policy.PermissionPolicyService$PermissionToOpSynchroniser.-$$Nest$msyncPackages(go/retraceme 56cb9c0977ae9f67603f451f002522c463042b44293aaef01295dafee5e0332e:81)
09-12 00:18:46.951 16986 16986 E AppOpService: 	at com.android.server.policy.PermissionPolicyService.onStartUser$1(go/retraceme 56cb9c0977ae9f67603f451f002522c463042b44293aaef01295dafee5e0332e:172)
09-12 00:18:46.951 16986 16986 E AppOpService: 	at com.android.server.policy.PermissionPolicyService.onBootPhase(go/retraceme 56cb9c0977ae9f67603f451f002522c463042b44293aaef01295dafee5e0332e:49)
09-12 00:18:46.951 16986 16986 E AppOpService: 	at com.android.server.SystemServiceManager.startBootPhase(go/retraceme 56cb9c0977ae9f67603f451f002522c463042b44293aaef01295dafee5e0332e:130)
09-12 00:18:46.951 16986 16986 E AppOpService: 	at com.android.server.SystemServer.$r8$lambda$Zs26TzwLVmpFF2G8LTrYh_8ptIk(go/retraceme 56cb9c0977ae9f67603f451f002522c463042b44293aaef01295dafee5e0332e:34)
09-12 00:18:46.951 16986 16986 E AppOpService: 	at com.android.server.SystemServer$$ExternalSyntheticLambda8.run(go/retraceme 56cb9c0977ae9f67603f451f002522c463042b44293aaef01295dafee5e0332e:28)
09-12 00:18:46.951 16986 16986 E AppOpService: 	at com.android.server.am.ActivityManagerService.systemReady(go/retraceme 56cb9c0977ae9f67603f451f002522c463042b44293aaef01295dafee5e0332e:512)
09-12 00:18:46.951 16986 16986 E AppOpService: 	at com.android.server.SystemServer.startOtherServices(go/retraceme 56cb9c0977ae9f67603f451f002522c463042b44293aaef01295dafee5e0332e:5058)
09-12 00:18:46.951 16986 16986 E AppOpService: 	at com.android.server.SystemServer.main(go/retraceme 56cb9c0977ae9f67603f451f002522c463042b44293aaef01295dafee5e0332e:572)
09-12 00:18:46.951 16986 16986 E AppOpService: 	at java.lang.reflect.Method.invoke(Native Method)
09-12 00:18:46.951 16986 16986 E AppOpService: 	at com.android.internal.os.RuntimeInit$MethodAndArgsCaller.run(RuntimeInit.java:575)
09-12 00:18:46.951 16986 16986 E AppOpService: 	at com.android.internal.os.ZygoteInit.main(ZygoteInit.java:917)
09-12 00:18:46.952 16986 16986 E AppOpService: Blocked setUidMode call for runtime permission app op: uid = 10090, code = COARSE_LOCATION, mode = foreground, callingUid = 1000, oldMode = allow
09-12 00:18:46.952 16986 16986 E AppOpService: java.lang.RuntimeException
09-12 00:18:46.952 16986 16986 E AppOpService: 	at com.android.server.permission.access.appop.AppOpService.setUidMode(go/retraceme 56cb9c0977ae9f67603f451f002522c463042b44293aaef01295dafee5e0332e:119)
09-12 00:18:46.952 16986 16986 E AppOpService: 	at com.android.server.appop.AppOpsService.setUidMode(go/retraceme 56cb9c0977ae9f67603f451f002522c463042b44293aaef01295dafee5e0332e:444)
09-12 00:18:46.952 16986 16986 E AppOpService: 	at com.android.server.appop.AppOpsService$AppOpsManagerInternalImpl.setUidModeFromPermissionPolicy(go/retraceme 56cb9c0977ae9f67603f451f002522c463042b44293aaef01295dafee5e0332e:4)
09-12 00:18:46.952 16986 16986 E AppOpService: 	at com.android.server.policy.PermissionPolicyService$PermissionToOpSynchroniser.setUidMode(go/retraceme 56cb9c0977ae9f67603f451f002522c463042b44293aaef01295dafee5e0332e:18)
09-12 00:18:46.952 16986 16986 E AppOpService: 	at com.android.server.policy.PermissionPolicyService$PermissionToOpSynchroniser.-$$Nest$msyncPackages(go/retraceme 56cb9c0977ae9f67603f451f002522c463042b44293aaef01295dafee5e0332e:81)
09-12 00:18:46.952 16986 16986 E AppOpService: 	at com.android.server.policy.PermissionPolicyService.onStartUser$1(go/retraceme 56cb9c0977ae9f67603f451f002522c463042b44293aaef01295dafee5e0332e:172)
09-12 00:18:46.952 16986 16986 E AppOpService: 	at com.android.server.policy.PermissionPolicyService.onBootPhase(go/retraceme 56cb9c0977ae9f67603f451f002522c463042b44293aaef01295dafee5e0332e:49)
09-12 00:18:46.952 16986 16986 E AppOpService: 	at com.android.server.SystemServiceManager.startBootPhase(go/retraceme 56cb9c0977ae9f67603f451f002522c463042b44293aaef01295dafee5e0332e:130)
09-12 00:18:46.952 16986 16986 E AppOpService: 	at com.android.server.SystemServer.$r8$lambda$Zs26TzwLVmpFF2G8LTrYh_8ptIk(go/retraceme 56cb9c0977ae9f67603f451f002522c463042b44293aaef01295dafee5e0332e:34)
09-12 00:18:46.952 16986 16986 E AppOpService: 	at com.android.server.SystemServer$$ExternalSyntheticLambda8.run(go/retraceme 56cb9c0977ae9f67603f451f002522c463042b44293aaef01295dafee5e0332e:28)
09-12 00:18:46.952 16986 16986 E AppOpService: 	at com.android.server.am.ActivityManagerService.systemReady(go/retraceme 56cb9c0977ae9f67603f451f002522c463042b44293aaef01295dafee5e0332e:512)
09-12 00:18:46.952 16986 16986 E AppOpService: 	at com.android.server.SystemServer.startOtherServices(go/retraceme 56cb9c0977ae9f67603f451f002522c463042b44293aaef01295dafee5e0332e:5058)
09-12 00:18:46.952 16986 16986 E AppOpService: 	at com.android.server.SystemServer.main(go/retraceme 56cb9c0977ae9f67603f451f002522c463042b44293aaef01295dafee5e0332e:572)
09-12 00:18:46.952 16986 16986 E AppOpService: 	at java.lang.reflect.Method.invoke(Native Method)
09-12 00:18:46.952 16986 16986 E AppOpService: 	at com.android.internal.os.RuntimeInit$MethodAndArgsCaller.run(RuntimeInit.java:575)
09-12 00:18:46.952 16986 16986 E AppOpService: 	at com.android.internal.os.ZygoteInit.main(ZygoteInit.java:917)
09-12 00:18:46.953 16986 16986 E AppOpService: Blocked setUidMode call for runtime permission app op: uid = 10043, code = FINE_LOCATION, mode = foreground, callingUid = 1000, oldMode = allow
09-12 00:18:46.953 16986 16986 E AppOpService: java.lang.RuntimeException
09-12 00:18:46.953 16986 16986 E AppOpService: 	at com.android.server.permission.access.appop.AppOpService.setUidMode(go/retraceme 56cb9c0977ae9f67603f451f002522c463042b44293aaef01295dafee5e0332e:119)
09-12 00:18:46.953 16986 16986 E AppOpService: 	at com.android.server.appop.AppOpsService.setUidMode(go/retraceme 56cb9c0977ae9f67603f451f002522c463042b44293aaef01295dafee5e0332e:444)
09-12 00:18:46.953 16986 16986 E AppOpService: 	at com.android.server.appop.AppOpsService$AppOpsManagerInternalImpl.setUidModeFromPermissionPolicy(go/retraceme 56cb9c0977ae9f67603f451f002522c463042b44293aaef01295dafee5e0332e:4)
09-12 00:18:46.953 16986 16986 E AppOpService: 	at com.android.server.policy.PermissionPolicyService$PermissionToOpSynchroniser.setUidMode(go/retraceme 56cb9c0977ae9f67603f451f002522c463042b44293aaef01295dafee5e0332e:18)
09-12 00:18:46.953 16986 16986 E AppOpService: 	at com.android.server.policy.PermissionPolicyService$PermissionToOpSynchroniser.-$$Nest$msyncPackages(go/retraceme 56cb9c0977ae9f67603f451f002522c463042b44293aaef01295dafee5e0332e:81)
09-12 00:18:46.953 16986 16986 E AppOpService: 	at com.android.server.policy.PermissionPolicyService.onStartUser$1(go/retraceme 56cb9c0977ae9f67603f451f002522c463042b44293aaef01295dafee5e0332e:172)
09-12 00:18:46.953 16986 16986 E AppOpService: 	at com.android.server.policy.PermissionPolicyService.onBootPhase(go/retraceme 56cb9c0977ae9f67603f451f002522c463042b44293aaef01295dafee5e0332e:49)
09-12 00:18:46.953 16986 16986 E AppOpService: 	at com.android.server.SystemServiceManager.startBootPhase(go/retraceme 56cb9c0977ae9f67603f451f002522c463042b44293aaef01295dafee5e0332e:130)
09-12 00:18:46.953 16986 16986 E AppOpService: 	at com.android.server.SystemServer.$r8$lambda$Zs26TzwLVmpFF2G8LTrYh_8ptIk(go/retraceme 56cb9c0977ae9f67603f451f002522c463042b44293aaef01295dafee5e0332e:34)
09-12 00:18:46.953 16986 16986 E AppOpService: 	at com.android.server.SystemServer$$ExternalSyntheticLambda8.run(go/retraceme 56cb9c0977ae9f67603f451f002522c463042b44293aaef01295dafee5e0332e:28)
09-12 00:18:46.953 16986 16986 E AppOpService: 	at com.android.server.am.ActivityManagerService.systemReady(go/retraceme 56cb9c0977ae9f67603f451f002522c463042b44293aaef01295dafee5e0332e:512)
09-12 00:18:46.953 16986 16986 E AppOpService: 	at com.android.server.SystemServer.startOtherServices(go/retraceme 56cb9c0977ae9f67603f451f002522c463042b44293aaef01295dafee5e0332e:5058)
09-12 00:18:46.953 16986 16986 E AppOpService: 	at com.android.server.SystemServer.main(go/retraceme 56cb9c0977ae9f67603f451f002522c463042b44293aaef01295dafee5e0332e:572)
09-12 00:18:46.953 16986 16986 E AppOpService: 	at java.lang.reflect.Method.invoke(Native Method)
09-12 00:18:46.953 16986 16986 E AppOpService: 	at com.android.internal.os.RuntimeInit$MethodAndArgsCaller.run(RuntimeInit.java:575)
09-12 00:18:46.953 16986 16986 E AppOpService: 	at com.android.internal.os.ZygoteInit.main(ZygoteInit.java:917)
09-12 00:18:46.955 16986 16986 E AppOpService: Blocked setUidMode call for runtime permission app op: uid = 10043, code = COARSE_LOCATION, mode = foreground, callingUid = 1000, oldMode = allow
09-12 00:18:46.955 16986 16986 E AppOpService: java.lang.RuntimeException
09-12 00:18:46.955 16986 16986 E AppOpService: 	at com.android.server.permission.access.appop.AppOpService.setUidMode(go/retraceme 56cb9c0977ae9f67603f451f002522c463042b44293aaef01295dafee5e0332e:119)
09-12 00:18:46.955 16986 16986 E AppOpService: 	at com.android.server.appop.AppOpsService.setUidMode(go/retraceme 56cb9c0977ae9f67603f451f002522c463042b44293aaef01295dafee5e0332e:444)
09-12 00:18:46.955 16986 16986 E AppOpService: 	at com.android.server.appop.AppOpsService$AppOpsManagerInternalImpl.setUidModeFromPermissionPolicy(go/retraceme 56cb9c0977ae9f67603f451f002522c463042b44293aaef01295dafee5e0332e:4)
09-12 00:18:46.955 16986 16986 E AppOpService: 	at com.android.server.policy.PermissionPolicyService$PermissionToOpSynchroniser.setUidMode(go/retraceme 56cb9c0977ae9f67603f451f002522c463042b44293aaef01295dafee5e0332e:18)
09-12 00:18:46.955 16986 16986 E AppOpService: 	at com.android.server.policy.PermissionPolicyService$PermissionToOpSynchroniser.-$$Nest$msyncPackages(go/retraceme 56cb9c0977ae9f67603f451f002522c463042b44293aaef01295dafee5e0332e:81)
09-12 00:18:46.955 16986 16986 E AppOpService: 	at com.android.server.policy.PermissionPolicyService.onStartUser$1(go/retraceme 56cb9c0977ae9f67603f451f002522c463042b44293aaef01295dafee5e0332e:172)
09-12 00:18:46.955 16986 16986 E AppOpService: 	at com.android.server.policy.PermissionPolicyService.onBootPhase(go/retraceme 56cb9c0977ae9f67603f451f002522c463042b44293aaef01295dafee5e0332e:49)
09-12 00:18:46.955 16986 16986 E AppOpService: 	at com.android.server.SystemServiceManager.startBootPhase(go/retraceme 56cb9c0977ae9f67603f451f002522c463042b44293aaef01295dafee5e0332e:130)
09-12 00:18:46.955 16986 16986 E AppOpService: 	at com.android.server.SystemServer.$r8$lambda$Zs26TzwLVmpFF2G8LTrYh_8ptIk(go/retraceme 56cb9c0977ae9f67603f451f002522c463042b44293aaef01295dafee5e0332e:34)
09-12 00:18:46.955 16986 16986 E AppOpService: 	at com.android.server.SystemServer$$ExternalSyntheticLambda8.run(go/retraceme 56cb9c0977ae9f67603f451f002522c463042b44293aaef01295dafee5e0332e:28)
09-12 00:18:46.955 16986 16986 E AppOpService: 	at com.android.server.am.ActivityManagerService.systemReady(go/retraceme 56cb9c0977ae9f67603f451f002522c463042b44293aaef01295dafee5e0332e:512)
09-12 00:18:46.955 16986 16986 E AppOpService: 	at com.android.server.SystemServer.startOtherServices(go/retraceme 56cb9c0977ae9f67603f451f002522c463042b44293aaef01295dafee5e0332e:5058)
09-12 00:18:46.955 16986 16986 E AppOpService: 	at com.android.server.SystemServer.main(go/retraceme 56cb9c0977ae9f67603f451f002522c463042b44293aaef01295dafee5e0332e:572)
09-12 00:18:46.955 16986 16986 E AppOpService: 	at java.lang.reflect.Method.invoke(Native Method)
09-12 00:18:46.955 16986 16986 E AppOpService: 	at com.android.internal.os.RuntimeInit$MethodAndArgsCaller.run(RuntimeInit.java:575)
09-12 00:18:46.955 16986 16986 E AppOpService: 	at com.android.internal.os.ZygoteInit.main(ZygoteInit.java:917)
09-12 00:18:46.956 16986 16986 E AppOpService: Blocked setUidMode call for runtime permission app op: uid = 1001, code = FINE_LOCATION, mode = foreground, callingUid = 1000, oldMode = allow
09-12 00:18:46.956 16986 16986 E AppOpService: java.lang.RuntimeException
09-12 00:18:46.956 16986 16986 E AppOpService: 	at com.android.server.permission.access.appop.AppOpService.setUidMode(go/retraceme 56cb9c0977ae9f67603f451f002522c463042b44293aaef01295dafee5e0332e:119)
09-12 00:18:46.956 16986 16986 E AppOpService: 	at com.android.server.appop.AppOpsService.setUidMode(go/retraceme 56cb9c0977ae9f67603f451f002522c463042b44293aaef01295dafee5e0332e:444)
09-12 00:18:46.956 16986 16986 E AppOpService: 	at com.android.server.appop.AppOpsService$AppOpsManagerInternalImpl.setUidModeFromPermissionPolicy(go/retraceme 56cb9c0977ae9f67603f451f002522c463042b44293aaef01295dafee5e0332e:4)
09-12 00:18:46.956 16986 16986 E AppOpService: 	at com.android.server.policy.PermissionPolicyService$PermissionToOpSynchroniser.setUidMode(go/retraceme 56cb9c0977ae9f67603f451f002522c463042b44293aaef01295dafee5e0332e:18)
09-12 00:18:46.956 16986 16986 E AppOpService: 	at com.android.server.policy.PermissionPolicyService$PermissionToOpSynchroniser.-$$Nest$msyncPackages(go/retraceme 56cb9c0977ae9f67603f451f002522c463042b44293aaef01295dafee5e0332e:81)
09-12 00:18:46.956 16986 16986 E AppOpService: 	at com.android.server.policy.PermissionPolicyService.onStartUser$1(go/retraceme 56cb9c0977ae9f67603f451f002522c463042b44293aaef01295dafee5e0332e:172)
09-12 00:18:46.956 16986 16986 E AppOpService: 	at com.android.server.policy.PermissionPolicyService.onBootPhase(go/retraceme 56cb9c0977ae9f67603f451f002522c463042b44293aaef01295dafee5e0332e:49)
09-12 00:18:46.956 16986 16986 E AppOpService: 	at com.android.server.SystemServiceManager.startBootPhase(go/retraceme 56cb9c0977ae9f67603f451f002522c463042b44293aaef01295dafee5e0332e:130)
09-12 00:18:46.956 16986 16986 E AppOpService: 	at com.android.server.SystemServer.$r8$lambda$Zs26TzwLVmpFF2G8LTrYh_8ptIk(go/retraceme 56cb9c0977ae9f67603f451f002522c463042b44293aaef01295dafee5e0332e:34)
09-12 00:18:46.956 16986 16986 E AppOpService: 	at com.android.server.SystemServer$$ExternalSyntheticLambda8.run(go/retraceme 56cb9c0977ae9f67603f451f002522c463042b44293aaef01295dafee5e0332e:28)
09-12 00:18:46.956 16986 16986 E AppOpService: 	at com.android.server.am.ActivityManagerService.systemReady(go/retraceme 56cb9c0977ae9f67603f451f002522c463042b44293aaef01295dafee5e0332e:512)
09-12 00:18:46.956 16986 16986 E AppOpService: 	at com.android.server.SystemServer.startOtherServices(go/retraceme 56cb9c0977ae9f67603f451f002522c463042b44293aaef01295dafee5e0332e:5058)
09-12 00:18:46.956 16986 16986 E AppOpService: 	at com.android.server.SystemServer.main(go/retraceme 56cb9c0977ae9f67603f451f002522c463042b44293aaef01295dafee5e0332e:572)
09-12 00:18:46.956 16986 16986 E AppOpService: 	at java.lang.reflect.Method.invoke(Native Method)
09-12 00:18:46.956 16986 16986 E AppOpService: 	at com.android.internal.os.RuntimeInit$MethodAndArgsCaller.run(RuntimeInit.java:575)
09-12 00:18:46.956 16986 16986 E AppOpService: 	at com.android.internal.os.ZygoteInit.main(ZygoteInit.java:917)
09-12 00:18:46.957 16986 16986 E AppOpService: Blocked setUidMode call for runtime permission app op: uid = 1001, code = COARSE_LOCATION, mode = foreground, callingUid = 1000, oldMode = allow
09-12 00:18:46.957 16986 16986 E AppOpService: java.lang.RuntimeException
09-12 00:18:46.957 16986 16986 E AppOpService: 	at com.android.server.permission.access.appop.AppOpService.setUidMode(go/retraceme 56cb9c0977ae9f67603f451f002522c463042b44293aaef01295dafee5e0332e:119)
09-12 00:18:46.957 16986 16986 E AppOpService: 	at com.android.server.appop.AppOpsService.setUidMode(go/retraceme 56cb9c0977ae9f67603f451f002522c463042b44293aaef01295dafee5e0332e:444)
09-12 00:18:46.957 16986 16986 E AppOpService: 	at com.android.server.appop.AppOpsService$AppOpsManagerInternalImpl.setUidModeFromPermissionPolicy(go/retraceme 56cb9c0977ae9f67603f451f002522c463042b44293aaef01295dafee5e0332e:4)
09-12 00:18:46.957 16986 16986 E AppOpService: 	at com.android.server.policy.PermissionPolicyService$PermissionToOpSynchroniser.setUidMode(go/retraceme 56cb9c0977ae9f67603f451f002522c463042b44293aaef01295dafee5e0332e:18)
09-12 00:18:46.957 16986 16986 E AppOpService: 	at com.android.server.policy.PermissionPolicyService$PermissionToOpSynchroniser.-$$Nest$msyncPackages(go/retraceme 56cb9c0977ae9f67603f451f002522c463042b44293aaef01295dafee5e0332e:81)
09-12 00:18:46.957 16986 16986 E AppOpService: 	at com.android.server.policy.PermissionPolicyService.onStartUser$1(go/retraceme 56cb9c0977ae9f67603f451f002522c463042b44293aaef01295dafee5e0332e:172)
09-12 00:18:46.957 16986 16986 E AppOpService: 	at com.android.server.policy.PermissionPolicyService.onBootPhase(go/retraceme 56cb9c0977ae9f67603f451f002522c463042b44293aaef01295dafee5e0332e:49)
09-12 00:18:46.957 16986 16986 E AppOpService: 	at com.android.server.SystemServiceManager.startBootPhase(go/retraceme 56cb9c0977ae9f67603f451f002522c463042b44293aaef01295dafee5e0332e:130)
09-12 00:18:46.957 16986 16986 E AppOpService: 	at com.android.server.SystemServer.$r8$lambda$Zs26TzwLVmpFF2G8LTrYh_8ptIk(go/retraceme 56cb9c0977ae9f67603f451f002522c463042b44293aaef01295dafee5e0332e:34)
09-12 00:18:46.957 16986 16986 E AppOpService: 	at com.android.server.SystemServer$$ExternalSyntheticLambda8.run(go/retraceme 56cb9c0977ae9f67603f451f002522c463042b44293aaef01295dafee5e0332e:28)
09-12 00:18:46.957 16986 16986 E AppOpService: 	at com.android.server.am.ActivityManagerService.systemReady(go/retraceme 56cb9c0977ae9f67603f451f002522c463042b44293aaef01295dafee5e0332e:512)
09-12 00:18:46.957 16986 16986 E AppOpService: 	at com.android.server.SystemServer.startOtherServices(go/retraceme 56cb9c0977ae9f67603f451f002522c463042b44293aaef01295dafee5e0332e:5058)
09-12 00:18:46.957 16986 16986 E AppOpService: 	at com.android.server.SystemServer.main(go/retraceme 56cb9c0977ae9f67603f451f002522c463042b44293aaef01295dafee5e0332e:572)
09-12 00:18:46.957 16986 16986 E AppOpService: 	at java.lang.reflect.Method.invoke(Native Method)
09-12 00:18:46.957 16986 16986 E AppOpService: 	at com.android.internal.os.RuntimeInit$MethodAndArgsCaller.run(RuntimeInit.java:575)
09-12 00:18:46.957 16986 16986 E AppOpService: 	at com.android.internal.os.ZygoteInit.main(ZygoteInit.java:917)
09-12 00:18:46.962 16986 16986 W SystemServiceManager: Service com.android.server.policy.PermissionPolicyService took 262 ms in onBootPhase
09-12 00:18:46.962 16986 16986 D SystemServerTiming: OnBootPhase_550_com.android.server.pm.StagingManager$Lifecycle
09-12 00:18:46.962 16986 16986 D SystemServerTiming: OnBootPhase_550_com.android.server.crashrecovery.CrashRecoveryModule$Lifecycle
09-12 00:18:46.962 16986 16986 D SystemServerTiming: OnBootPhase_550_com.android.server.ranging.RangingService
09-12 00:18:46.962 16986 16986 D SystemServerTiming: OnBootPhase_550_com.android.safetycenter.SafetyCenterService
09-12 00:18:46.962 16986 16986 D SystemServerTiming: OnBootPhase_550_com.android.server.appsearch.AppSearchModule$Lifecycle
09-12 00:18:46.962 16986 16986 D SystemServerTiming: OnBootPhase_550_com.android.server.media.MediaCommunicationService
09-12 00:18:46.963 16986 16986 D SystemServerTiming: OnBootPhase_550_com.android.server.compat.overrides.AppCompatOverridesService$Lifecycle
09-12 00:18:46.963 16986 16986 D SystemServerTiming: OnBootPhase_550_com.android.server.healthconnect.HealthConnectManagerService
09-12 00:18:46.963 16986 16986 D SystemServerTiming: OnBootPhase_550_com.android.server.SensitiveContentProtectionManagerService
09-12 00:18:46.963 16986 16986 D SystemServerTiming: StartObservingNativeCrashes
09-12 00:18:46.963 16986 16986 D SystemServerTiming: RegisterAppOpsPolicy
09-12 00:18:46.965 16986 16986 D SystemServerTiming: StartWearService
09-12 00:18:46.971 16986 16986 D SystemServerTiming: MakeNetworkManagementServiceReady
09-12 00:18:46.975 16986 16986 D SystemServerTiming: MakeConnectivityServiceReady
09-12 00:18:46.977 16986 17184 W PowerManagerService: Battery saver is not supported, no low power mode observer registered
09-12 00:18:46.983 16986 17193 I PackageManager: getInstalledPackages: callingUid=1000 flags=4096 updatedFlags=528384 userId=0
09-12 00:18:46.987 16986 17184 W PowerManagerService: Battery saver is not supported, no low power mode observer registered
09-12 00:18:46.990 16986 17066 I ActivityManager: Start proc 17306:com.google.wear.services/1000 for started-service {com.google.wear.services/com.google.wear.services.api.WearService}
09-12 00:18:47.006 16986 17184 D NetworkPolicy: setRestrictBackgroundUL(): true; reason: init_service
09-12 00:18:47.052 16986 17184 D CompatChangeReporter: Compat change id reported: 262645982; UID 10002; state: ENABLED
09-12 00:18:47.054 16986 17184 D CompatChangeReporter: Compat change id reported: 262645982; UID 10118; state: ENABLED
09-12 00:18:47.064 16986 17184 D CompatChangeReporter: Compat change id reported: 262645982; UID 10006; state: ENABLED
09-12 00:18:47.066 16986 17184 D CompatChangeReporter: Compat change id reported: 262645982; UID 10004; state: ENABLED
09-12 00:18:47.157 16986 17066 I ActivityManager: Start proc 17321:com.google.android.gms/u0a120 for bound-service {com.google.android.gms/com.google.android.gms.chimera.PersistentDirectBootAwareApiService}
09-12 00:18:47.227 16986 16986 D SystemServerTiming: MakeVpnManagerServiceReady
09-12 00:18:47.229 16986 16986 D SystemServerTiming: MakeNetworkPolicyServiceReady
09-12 00:18:47.242 16986 17127 E JobScheduler.Quota: maybeScheduleStartAlarmLocked called for <0>com.google.android.gms that has no jobs
09-12 00:18:47.253 16986 17127 E JobScheduler.Quota: maybeScheduleStartAlarmLocked called for <0>com.google.android.gms that has no jobs
09-12 00:18:47.257 16986 17127 E JobScheduler.Quota: maybeScheduleStartAlarmLocked called for <0>com.google.android.gms that has no jobs
09-12 00:18:47.260 16986 17211 I AS.AudioService: onUpdateContextualVolumes: absolute volume driving streams 3 avrcp supported: false
09-12 00:18:47.262 16986 17211 V AS.AudioService: No absolute volume devices
09-12 00:18:47.274 16986 16986 D SystemServerTiming: PhaseThirdPartyAppsCanStart
09-12 00:18:47.275 16986 16986 I SystemServiceManager: Starting phase 600
09-12 00:18:47.276 16986 16986 D SystemServerTiming: OnBootPhase_600
09-12 00:18:47.276 16986 16986 D SystemServerTiming: OnBootPhase_600_com.android.server.security.FileIntegrityService
09-12 00:18:47.276 16986 16986 D SystemServerTiming: OnBootPhase_600_com.android.server.pm.Installer
09-12 00:18:47.276 16986 16986 D SystemServerTiming: OnBootPhase_600_com.android.server.os.DeviceIdentifiersPolicyService
09-12 00:18:47.276 16986 16986 D SystemServerTiming: OnBootPhase_600_com.android.server.flags.FeatureFlagsService
09-12 00:18:47.277 16986 16986 D SystemServerTiming: OnBootPhase_600_com.android.server.uri.UriGrantsManagerService$Lifecycle
09-12 00:18:47.277 16986 16986 D SystemServerTiming: OnBootPhase_600_com.android.server.powerstats.PowerStatsService
09-12 00:18:47.277 16986 16986 D SystemServerTiming: OnBootPhase_600_com.android.server.permission.access.AccessCheckingService
09-12 00:18:47.277 16986 16986 D SystemServerTiming: OnBootPhase_600_com.android.server.wm.ActivityTaskManagerService$Lifecycle
09-12 00:18:47.277 16986 16986 D SystemServerTiming: OnBootPhase_600_com.android.server.am.ActivityManagerService$Lifecycle
09-12 00:18:47.277 16986 16986 D ActivityManager: ThemeHomeDelay: Home launch is not delayable, skipping timeout creation
09-12 00:18:47.277 16986 16986 D SystemServerTiming: OnBootPhase_600_com.android.server.pm.DataLoaderManagerService
09-12 00:18:47.277 16986 16986 D SystemServerTiming: OnBootPhase_600_com.android.server.power.PowerManagerService
09-12 00:18:47.278 16986 16986 D SystemServerTiming: OnBootPhase_600_com.android.server.power.thermal.ThermalManagerService
09-12 00:18:47.278 16986 16986 D SystemServerTiming: OnBootPhase_600_com.android.server.recoverysystem.RecoverySystemService$Lifecycle
09-12 00:18:47.278 16986 16986 D SystemServerTiming: OnBootPhase_600_com.android.server.lights.LightsService
09-12 00:18:47.278 16986 16986 D SystemServerTiming: OnBootPhase_600_com.android.clockwork.displayoffload.DisplayOffloadService
09-12 00:18:47.278 16986 16986 D SystemServerTiming: OnBootPhase_600_com.android.server.display.DisplayManagerService
09-12 00:18:47.278 16986 16986 D SystemServerTiming: OnBootPhase_600_com.android.server.pm.verify.domain.DomainVerificationService
09-12 00:18:47.278 16986 16986 D SystemServerTiming: OnBootPhase_600_com.android.server.pm.PackageInstallerService$Lifecycle
09-12 00:18:47.278 16986 16986 D SystemServerTiming: OnBootPhase_600_com.android.server.pm.UserManagerService$LifeCycle
09-12 00:18:47.278 16986 16986 D SystemServerTiming: OnBootPhase_600_com.android.server.om.OverlayManagerService
09-12 00:18:47.278 16986 16986 D SystemServerTiming: OnBootPhase_600_com.android.server.resources.ResourcesManagerService
09-12 00:18:47.278 16986 16986 D SystemServerTiming: OnBootPhase_600_com.android.server.sensorprivacy.SensorPrivacyService
09-12 00:18:47.278 16986 16986 D SystemServerTiming: OnBootPhase_600_com.android.server.sensors.SensorService
09-12 00:18:47.278 16986 16986 D SystemServerTiming: OnBootPhase_600_com.android.server.SystemConfigService
09-12 00:18:47.278 16986 16986 D SystemServerTiming: OnBootPhase_600_com.android.server.BatteryService
09-12 00:18:47.278 16986 16986 D SystemServerTiming: OnBootPhase_600_com.android.server.usage.UsageStatsService
09-12 00:18:47.278 16986 16986 D SystemServerTiming: OnBootPhase_600_com.android.server.CachedDeviceStateService
09-12 00:18:47.278 16986 16986 D SystemServerTiming: OnBootPhase_600_com.android.server.BinderCallsStatsService$LifeCycle
09-12 00:18:47.278 16986 16986 D SystemServerTiming: OnBootPhase_600_com.android.server.LooperStatsService$Lifecycle
09-12 00:18:47.278 16986 16986 D SystemServerTiming: OnBootPhase_600_com.android.server.rollback.RollbackManagerService
09-12 00:18:47.279 16986 16986 D SystemServerTiming: OnBootPhase_600_com.android.server.os.NativeTombstoneManagerService
09-12 00:18:47.279 16986 16986 D SystemServerTiming: OnBootPhase_600_com.android.server.os.BugreportManagerService
09-12 00:18:47.279 16986 16986 D SystemServerTiming: OnBootPhase_600_com.android.server.gpu.GpuService
09-12 00:18:47.279 16986 16986 D SystemServerTiming: OnBootPhase_600_com.android.server.security.rkp.RemoteProvisioningService
09-12 00:18:47.279 16986 16986 D SystemServerTiming: OnBootPhase_600_com.android.server.security.KeyChainSystemService
09-12 00:18:47.279 16986 16986 D SystemServerTiming: OnBootPhase_600_com.android.server.BinaryTransparencyService
09-12 00:18:47.279 16986 16986 D SystemServerTiming: OnBootPhase_600_com.android.server.telecom.TelecomLoaderService
09-12 00:18:47.285 16986 16986 I TelecomLoaderService: Binding to TelecomService...
09-12 00:18:47.292 16986 16986 I TelecomLoaderService: Bound to TelecomService!
09-12 00:18:47.292 16986 16986 D SystemServerTiming: OnBootPhase_600_com.android.server.accounts.AccountManagerService$Lifecycle
09-12 00:18:47.292 16986 16986 D SystemServerTiming: OnBootPhase_600_com.android.server.content.ContentService$Lifecycle
09-12 00:18:47.293 16986 16986 D SystemServerTiming: OnBootPhase_600_com.android.server.deviceconfig.DeviceConfigInit$Lifecycle
09-12 00:18:47.296 16986 16986 D SystemServerTiming: OnBootPhase_600_com.android.server.DropBoxManagerService
09-12 00:18:47.296 16986 16986 D SystemServerTiming: OnBootPhase_600_com.android.ecm.EnhancedConfirmationService
09-12 00:18:47.296 16986 16986 D SystemServerTiming: OnBootPhase_600_com.android.server.power.hint.HintManagerService
09-12 00:18:47.297 16986 16986 D SystemServerTiming: OnBootPhase_600_com.android.server.allowlist.AllowlistService
09-12 00:18:47.297 16986 16986 D SystemServerTiming: OnBootPhase_600_com.android.role.RoleService
09-12 00:18:47.297 16986 16986 D SystemServerTiming: OnBootPhase_600_com.android.server.supervision.SupervisionService$Lifecycle
09-12 00:18:47.297 16986 16986 D SystemServerTiming: OnBootPhase_600_com.android.server.vibrator.VibratorManagerService$Lifecycle
09-12 00:18:47.297 16986 16986 D SystemServerTiming: OnBootPhase_600_com.android.server.alarm.AlarmManagerService
09-12 00:18:47.297 16986 16986 D SystemServerTiming: OnBootPhase_600_com.android.server.input.InputManagerService$Lifecycle
09-12 00:18:47.297 16986 16986 D SystemServerTiming: OnBootPhase_600_com.android.server.devicestate.DeviceStateManagerService
09-12 00:18:47.297 16986 16986 D SystemServerTiming: OnBootPhase_600_com.android.server.bluetooth.BluetoothService
09-12 00:18:47.297 16986 16986 D SystemServerTiming: OnBootPhase_600_com.android.server.connectivity.IpConnectivityMetrics
09-12 00:18:47.297 16986 16986 D SystemServerTiming: OnBootPhase_600_com.android.server.net.watchlist.NetworkWatchlistService$Lifecycle
09-12 00:18:47.297 16986 16986 D SystemServerTiming: OnBootPhase_600_com.android.server.pinner.PinnerService
09-12 00:18:47.297 16986 16986 D SystemServerTiming: OnBootPhase_600_com.android.server.integrity.AppIntegrityManagerService
09-12 00:18:47.297 16986 16986 D SystemServerTiming: OnBootPhase_600_com.android.server.logcat.LogcatManagerService
09-12 00:18:47.297 16986 16986 D SystemServerTiming: OnBootPhase_600_com.android.server.appfunctions.AppFunctionManagerService
09-12 00:18:47.298 16986 16986 D SystemServerTiming: OnBootPhase_600_com.android.server.privatecompute.PccSandboxManagerService
09-12 00:18:47.298 16986 16986 D SystemServerTiming: OnBootPhase_600_com.android.server.inputmethod.InputMethodManagerService$Lifecycle
09-12 00:18:47.298 16986 16986 D SystemServerTiming: OnBootPhase_600_com.android.server.accessibility.AccessibilityManagerService$Lifecycle
09-12 00:18:47.299 16986 16986 D SystemServerTiming: OnBootPhase_600_com.android.server.StorageManagerService$Lifecycle
09-12 00:18:47.300 16986 16986 D SystemServerTiming: OnBootPhase_600_com.android.server.usage.StorageStatsService$Lifecycle
09-12 00:18:47.300 16986 16986 D SystemServerTiming: OnBootPhase_600_com.android.server.files.FileService
09-12 00:18:47.300 16986 16986 D SystemServerTiming: OnBootPhase_600_com.android.server.UiModeManagerService
09-12 00:18:47.300 16986 16986 D SystemServerTiming: OnBootPhase_600_com.android.server.locales.LocaleManagerService
09-12 00:18:47.301 16986 16986 D SystemServerTiming: OnBootPhase_600_com.android.server.appwindowlayout.AppWindowLayoutSettingsService
09-12 00:18:47.301 16986 16986 D SystemServerTiming: OnBootPhase_600_com.android.server.grammaticalinflection.GrammaticalInflectionService
09-12 00:18:47.301 16986 16986 D SystemServerTiming: OnBootPhase_600_com.android.server.apphibernation.AppHibernationService
09-12 00:18:47.301 16986 16986 D SystemServerTiming: OnBootPhase_600_com.android.server.locksettings.LockSettingsService$Lifecycle
09-12 00:18:47.301 16986 16986 D SystemServerTiming: OnBootPhase_600_com.android.server.pdb.PersistentDataBlockService
09-12 00:18:47.302 16986 16986 D SystemServerTiming: OnBootPhase_600_com.android.server.testharness.TestHarnessModeService
09-12 00:18:47.302 16986 16986 D SystemServerTiming: OnBootPhase_600_com.android.server.oemlock.OemLockService
09-12 00:18:47.302 16986 16986 D SystemServerTiming: OnBootPhase_600_com.android.server.DeviceIdleController
09-12 00:18:47.303 16986 16986 D SystemServerTiming: OnBootPhase_600_com.android.server.devicepolicy.DevicePolicyManagerService$Lifecycle
09-12 00:18:47.303 16986 16986 D SystemServerTiming: OnBootPhase_600_com.android.server.voiceinteraction.VoiceInteractionManagerService
09-12 00:18:47.305 16986 16986 D SystemServerTiming: OnBootPhase_600_com.android.server.texttospeech.TextToSpeechManagerService
09-12 00:18:47.307 16986 16986 D SystemServerTiming: OnBootPhase_600_com.android.server.ondeviceintelligence.OnDeviceIntelligenceManagerService
09-12 00:18:47.307 16986 16986 D SystemServerTiming: OnBootPhase_600_com.android.server.contentsafety.ContentSafetyManagerService
09-12 00:18:47.307 16986 16986 D SystemServerTiming: OnBootPhase_600_com.android.server.speech.SpeechRecognitionManagerService
09-12 00:18:47.307 16986 16986 D SystemServerTiming: OnBootPhase_600_com.android.server.graphics.fonts.FontManagerService$Lifecycle
09-12 00:18:47.307 16986 16986 D SystemServerTiming: OnBootPhase_600_com.android.server.textclassifier.TextClassificationManagerService$Lifecycle
09-12 00:18:47.307 16986 16986 D SystemServerTiming: OnBootPhase_600_com.android.server.NetworkScoreService$Lifecycle
09-12 00:18:47.308 16986 16986 D SystemServerTiming: OnBootPhase_600_com.android.server.NetworkStatsServiceInitializer
09-12 00:18:47.308 16986 16986 D SystemServerTiming: OnBootPhase_600_com.android.server.wifi.WifiService
09-12 00:18:47.308 16986 16986 D SystemServerTiming: OnBootPhase_600_com.android.server.wifi.scanner.WifiScanningService
09-12 00:18:47.308 16986 16986 D SystemServerTiming: OnBootPhase_600_com.android.server.ConnectivityServiceInitializer
09-12 00:18:47.308 16986 16986 D SystemServerTiming: OnBootPhase_600_com.android.server.bitmapoffload.BitmapOffloadService
09-12 00:18:47.308 16986 16986 D SystemServerTiming: OnBootPhase_600_com.android.server.modes.ContextualModeManagerService
09-12 00:18:47.308 16986 16986 D SystemServerTiming: OnBootPhase_600_com.android.server.notification.NotificationManagerService
09-12 00:18:47.318 16986 16986 I PackageManager: getInstalledPackages: callingUid=1000 flags=1342177280 updatedFlags=1342701568 userId=0
09-12 00:18:47.330 16986 16986 D SystemServerTiming: OnBootPhase_600_com.android.server.storage.DeviceStorageMonitorService
09-12 00:18:47.330 16986 16986 D SystemServerTiming: OnBootPhase_600_com.android.server.timedetector.TimeDetectorService$Lifecycle
09-12 00:18:47.330 16986 16986 D SystemServerTiming: OnBootPhase_600_com.android.server.location.LocationManagerService$Lifecycle
09-12 00:18:47.410 16986 16986 W SystemServiceManager: Service com.android.server.location.LocationManagerService$Lifecycle took 79 ms in onBootPhase
09-12 00:18:47.410 16986 16986 D SystemServerTiming: OnBootPhase_600_com.android.server.timezonedetector.TimeZoneDetectorService$Lifecycle
09-12 00:18:47.411 16986 16986 D SystemServerTiming: OnBootPhase_600_com.android.server.location.altitude.AltitudeService$Lifecycle
09-12 00:18:47.412 16986 16986 D SystemServerTiming: OnBootPhase_600_com.android.server.timezonedetector.location.LocationTimeZoneManagerService$Lifecycle
09-12 00:18:47.413 16986 16986 D SystemServerTiming: OnBootPhase_600_com.android.server.timedetector.GnssTimeUpdateService$Lifecycle
09-12 00:18:47.427 16986 16986 D SystemServerTiming: OnBootPhase_600_com.android.server.wallpaper.WallpaperManagerService$Lifecycle
09-12 00:18:47.429 16986 16986 D WallpaperManagerService: Wallpaper_switch-user-0
09-12 00:18:47.430 16986 16986 V WallpaperManagerService: bindWallpaperComponentLocked: componentName=ComponentInfo{com.google.android.wearable.watchface.rwf/com.google.android.wearable.watchface.athletica.AthleticaWatchFaceService}
09-12 00:18:47.430 16986 16986 D WallpaperManagerService: WPMS.bindWallpaperComponentLocked-ComponentInfo{com.google.android.wearable.watchface.rwf/com.google.android.wearable.watchface.athletica.AthleticaWatchFaceService}
09-12 00:18:47.450 16986 16986 D SystemServerTiming: OnBootPhase_600_com.android.server.audio.AudioService$Lifecycle
09-12 00:18:47.450 16986 16986 D SystemServerTiming: OnBootPhase_600_com.android.server.soundtrigger_middleware.SoundTriggerMiddlewareService$Lifecycle
09-12 00:18:47.450 16986 16986 D SystemServerTiming: OnBootPhase_600_com.android.server.DockObserver
09-12 00:18:47.450 16986 16986 D SystemServerTiming: OnBootPhase_600_com.android.clockwork.ThermalObserver
09-12 00:18:47.450 16986 16986 D SystemServerTiming: OnBootPhase_600_com.android.server.adb.AdbService$Lifecycle
09-12 00:18:47.450 16986 16986 D SystemServerTiming: OnBootPhase_600_com.android.server.usb.UsbService$Lifecycle
09-12 00:18:47.451 16986 16986 D SystemServerTiming: OnBootPhase_600_com.android.server.serial.SerialManagerService$Lifecycle
09-12 00:18:47.456 16986 16986 D SystemServerTiming: OnBootPhase_600_com.android.server.display.color.ColorDisplayService
09-12 00:18:47.456 16986 16986 D SystemServerTiming: OnBootPhase_600_com.android.server.job.JobSchedulerService
09-12 00:18:47.471 16986 17066 I ActivityManager: Start proc 17338:com.google.android.wearable.watchface.rwf/u0a115 for bound-service {com.google.android.wearable.watchface.rwf/com.google.android.wearable.watchface.athletica.AthleticaWatchFaceService}
09-12 00:18:47.487 16986 17010 W LocationTZDetector: onProviderStateChange: Ignoring provider state change because both providers have not yet completed initialization. providerState=ProviderState{stateEnum=Perm failure (5), event=null, currentUserConfiguration=null, mStateEntryTimeMillis=130207197, mDebugInfo=Failed to initialize: onInitialize() returned false}
09-12 00:18:47.512 16986 16986 W SystemServiceManager: Service com.android.server.job.JobSchedulerService took 55 ms in onBootPhase
09-12 00:18:47.513 16986 16986 D SystemServerTiming: OnBootPhase_600_com.android.server.soundtrigger.SoundTriggerService
09-12 00:18:47.524 16986 16986 D SoundTriggerService: onBootPhase: 600 : false
09-12 00:18:47.527 16986 16986 D SystemServerTiming: OnBootPhase_600_com.android.server.trust.TrustManagerService
09-12 00:18:47.530 16986 16986 D SystemServerTiming: OnBootPhase_600_com.android.server.backup.BackupManagerService$Lifecycle
09-12 00:18:47.531 16986 16986 D SystemServerTiming: OnBootPhase_600_com.android.server.GestureLauncherService
09-12 00:18:47.534 16986 16986 D SystemServerTiming: OnBootPhase_600_com.android.server.SensorNotificationService
09-12 00:18:47.538 16986 16986 D SystemServerTiming: OnBootPhase_600_com.android.server.ContextHubSystemService
09-12 00:18:47.543 16986 16986 D SystemServerTiming: OnBootPhase_600_com.android.server.emergency.EmergencyAffordanceService
09-12 00:18:47.561 16986 16986 D SystemServerTiming: OnBootPhase_600_com.android.server.blob.BlobStoreManagerService
09-12 00:18:47.587 16986 16986 D SystemServerTiming: OnBootPhase_600_com.android.server.dreams.DreamManagerService
09-12 00:18:47.591 16986 16986 D SystemServerTiming: OnBootPhase_600_com.android.server.security.AttestationVerificationManagerService
09-12 00:18:47.596 16986 16986 D SystemServerTiming: OnBootPhase_600_com.android.server.companion.CompanionDeviceManagerService
09-12 00:18:47.596 16986 16986 D SystemServerTiming: OnBootPhase_600_com.android.server.companion.datatransfer.continuity.TaskContinuityManagerService
09-12 00:18:47.597 16986 16986 D SystemServerTiming: OnBootPhase_600_com.android.server.restrictions.RestrictionsManagerService
09-12 00:18:47.597 16986 16986 D SystemServerTiming: OnBootPhase_600_com.android.server.media.MediaSessionService
09-12 00:18:47.597 16986 16986 D SystemServerTiming: OnBootPhase_600_com.android.server.biometrics.BiometricService
09-12 00:18:47.597 16986 16986 D SystemServerTiming: OnBootPhase_600_com.android.server.biometrics.AuthService
09-12 00:18:47.597 16986 16986 D SystemServerTiming: OnBootPhase_600_com.android.server.pm.ShortcutService$Lifecycle
09-12 00:18:47.597 16986 16986 D SystemServerTiming: OnBootPhase_600_com.android.server.pm.LauncherAppsService
09-12 00:18:47.597 16986 16986 D SystemServerTiming: OnBootPhase_600_com.android.server.pm.CrossProfileAppsService
09-12 00:18:47.597 16986 16986 D SystemServerTiming: OnBootPhase_600_com.android.server.people.PeopleService
09-12 00:18:47.597 16986 16986 D SystemServerTiming: OnBootPhase_600_com.android.server.media.metrics.MediaMetricsManagerService
09-12 00:18:47.597 16986 16986 D SystemServerTiming: OnBootPhase_600_com.android.server.media.projection.MediaProjectionManagerService
09-12 00:18:47.597 16986 16986 D SystemServerTiming: OnBootPhase_600_com.android.clockwork.power.WearPowerService
09-12 00:18:47.597 16986 16986 D SystemServerTiming: OnBootPhase_600_com.android.clockwork.healthservices.HealthService
09-12 00:18:47.598 16986 16986 D SystemServerTiming: OnBootPhase_600_com.android.clockwork.systemstatedisplay.SystemStateDisplayService
09-12 00:18:47.598 16986 16986 D SystemServerTiming: OnBootPhase_600_com.android.clockwork.connectivity.WearConnectivityService
09-12 00:18:47.598 16986 16986 D SystemServerTiming: OnBootPhase_600_com.android.clockwork.display.WearDisplayService
09-12 00:18:47.598 16986 16986 D SystemServerTiming: OnBootPhase_600_com.android.clockwork.time.WearTimeService
09-12 00:18:47.598 16986 16986 D SystemServerTiming: OnBootPhase_600_com.android.clockwork.settings.WearSettingsService
09-12 00:18:47.598 16986 16986 D SystemServerTiming: OnBootPhase_600_com.android.clockwork.modes.ModeManagerService
09-12 00:18:47.598 16986 16986 D SystemServerTiming: OnBootPhase_600_com.android.clockwork.input.WearInputService
09-12 00:18:47.598 16986 16986 D SystemServerTiming: OnBootPhase_600_com.android.server.stats.StatsCompanion$Lifecycle
09-12 00:18:47.615 16986 17013 W BLASTSyncEngine: Sync group 0 timeout
09-12 00:18:47.615 16986 17013 W BLASTSyncEngine: Sync group 0 timed-out because not ready. If you see this, please file a bug.
09-12 00:18:47.617 16986 17013 E Transition: #0 readiness timeout. state=1
09-12 00:18:47.617 16986 17013 E Transition:    met conditions: [{displayConfig:Display{#0 state=ON size=384x384 ROTATION_0}IGNORED}, {displayConfig:Display{#0 state=ON size=384x384 ROTATION_0}IGNORED}]
09-12 00:18:47.617 16986 17013 E Transition:    unmet conditions: [{Legacy: used=false deferDepth=0 group={}}]
09-12 00:18:47.618 16986 17013 V WindowManager: Playing [FALLBACK] animation for #0 @0
09-12 00:18:47.622 16986 16986 D SystemServerTiming: OnBootPhase_600_com.android.server.scheduling.RebootReadinessManagerService$Lifecycle
09-12 00:18:47.622 16986 16986 D SystemServerTiming: OnBootPhase_600_com.android.server.stats.pull.StatsPullAtomService
09-12 00:18:47.622 16986 16986 D SystemServerTiming: OnBootPhase_600_com.android.server.stats.bootstrap.StatsBootstrapAtomService$Lifecycle
09-12 00:18:47.624 16986 16986 D SystemServerTiming: OnBootPhase_600_com.android.server.stats.binder.BinderStatsConsumerService$Lifecycle
09-12 00:18:47.624 16986 16986 D SystemServerTiming: OnBootPhase_600_com.android.server.incident.IncidentCompanionService
09-12 00:18:47.624 16986 16986 D SystemServerTiming: OnBootPhase_600_com.android.server.sdksandbox.SdkSandboxManagerService$Lifecycle
09-12 00:18:47.624 16986 16986 D SystemServerTiming: OnBootPhase_600_android.os.profiling.ProfilingService$Lifecycle
09-12 00:18:47.624 16986 16986 D SystemServerTiming: OnBootPhase_600_com.android.os.profiling.anomaly.AnomalyDetectorService
09-12 00:18:47.624 16986 16986 D SystemServerTiming: OnBootPhase_600_com.android.server.signalcollector.SignalCollectorService
09-12 00:18:47.624 16986 16986 D SystemServerTiming: OnBootPhase_600_com.android.uprobestats.UprobeStatsBridgeService
09-12 00:18:47.624 16986 16986 D SystemServerTiming: OnBootPhase_600_com.android.server.MmsServiceBroker
09-12 00:18:47.625 16986 16986 D SystemServerTiming: OnBootPhase_600_com.android.server.credentials.CredentialManagerService
09-12 00:18:47.625 16986 17013 V WindowManager: Transition animation [FALLBACK] finished #0 @0
09-12 00:18:47.625 16986 16986 D SystemServerTiming: OnBootPhase_600_com.android.server.clipboard.ClipboardService
09-12 00:18:47.625 16986 16986 D SystemServerTiming: OnBootPhase_600_com.android.server.appbinding.AppBindingService$Lifecycle
09-12 00:18:47.626 16986 16986 D SystemServerTiming: OnBootPhase_600_com.android.server.tracing.TracingServiceProxy
09-12 00:18:47.626 16986 16986 D SystemServerTiming: OnBootPhase_600_com.android.server.os.instrumentation.DynamicInstrumentationManagerService
09-12 00:18:47.626 16986 16986 D SystemServerTiming: OnBootPhase_600_com.android.server.policy.PermissionPolicyService
09-12 00:18:47.626 16986 16986 D SystemServerTiming: OnBootPhase_600_com.android.server.pm.StagingManager$Lifecycle
09-12 00:18:47.626 16986 16986 D SystemServerTiming: OnBootPhase_600_com.android.server.crashrecovery.CrashRecoveryModule$Lifecycle
09-12 00:18:47.628 16986 17354 I PackageManager: getInstalledPackages: callingUid=1000 flags=205529088 updatedFlags=206053376 userId=0
09-12 00:18:47.633 16986 16986 I ExplicitHealthCheckController: Explicit health checks enabled.
09-12 00:18:47.633 16986 16986 I PackageWatchdog: Syncing state, reason: health check state enabled
09-12 00:18:47.633 16986 17010 V WindowManager: Sent Transition (#0) createdAt=09-12 00:18:45.614 via request=TransitionRequestInfo { type = CHANGE, triggerTask = null, pipChange = null, remoteTransitionInfo = null, displayChanges = null, requestedLocation = null, userChange = null, windowingLayerChange = null, fullscreenRequestChange = null, flags = 0, debugId = 0 }
09-12 00:18:47.633 16986 16986 D SystemServerTiming: OnBootPhase_600_com.android.server.ranging.RangingService
09-12 00:18:47.634 16986 16986 D SystemServerTiming: OnBootPhase_600_com.android.safetycenter.SafetyCenterService
09-12 00:18:47.634 16986 16986 D SystemServerTiming: OnBootPhase_600_com.android.server.appsearch.AppSearchModule$Lifecycle
09-12 00:18:47.636 16986 17010 V WindowManager:     startWCT=WindowContainerTransaction { changes= {} hops= [] flags= 0 errorCallbackToken=null taskFragmentOrganizer=null }
09-12 00:18:47.636 16986 16986 D SystemServerTiming: OnBootPhase_600_com.android.server.media.MediaCommunicationService
09-12 00:18:47.636 16986 16986 D SystemServerTiming: OnBootPhase_600_com.android.server.compat.overrides.AppCompatOverridesService$Lifecycle
09-12 00:18:47.636 16986 16986 D SystemServerTiming: OnBootPhase_600_com.android.server.healthconnect.HealthConnectManagerService
09-12 00:18:47.636 16986 16986 D SystemServerTiming: OnBootPhase_600_com.android.server.SensitiveContentProtectionManagerService
09-12 00:18:47.636 16986 16986 D SystemServerTiming: StartNetworkStack
09-12 00:18:47.637 16986 17010 V WindowManager:     info={id=0 t=CHANGE f=0x0 trk=0 r=[] c=[]}
09-12 00:18:47.638 16986 17010 V WindowManager: Finish Transition (#0): created at 09-12 00:18:45.614 collect-started=0.355ms request-sent=0.494ms started=7.483ms ready=-1.3020532789E8ms sent=2004.428ms commit=8.649ms finished=2011.673ms
09-12 00:18:47.652 16986 16986 D SystemServerTiming: StartTethering
09-12 00:18:47.673 16986 17066 I ActivityManager: Start proc 17356:com.android.networkstack.process/1073 for bound-service {com.google.android.networkstack/com.android.server.NetworkStackService}
09-12 00:18:47.680 16986 16986 D SystemServerTiming: MakeCountryDetectionServiceReady
09-12 00:18:47.681 16986 16986 D SystemServerTiming: MakeNetworkTimeUpdateReady
09-12 00:18:47.718 16986 16986 D SystemServerTiming: MakeTelephonyRegistryReady
09-12 00:18:47.721 16986 16986 D SystemServerTiming: MakeMediaRouterServiceReady
09-12 00:18:47.707 16986 17074 I PackageWatchdog: Saving observer state to file
09-12 00:18:47.728 16986 16986 I MR2ServiceImpl: switchUser | user: 0
09-12 00:18:47.729 16986 16986 D SystemServerTiming: MakeMmsServiceReady
09-12 00:18:47.730 16986 16986 I MmsServiceBroker: Delay connecting to MmsService until an API is called
09-12 00:18:47.730 16986 16986 D SystemServerTiming: IncidentDaemonReady
09-12 00:18:47.732 16986 16986 D SystemServerTiming: MakeIncrementalServiceReady
09-12 00:18:47.732 16986 16986 D SystemServerTiming: OdsignStatsLogger
09-12 00:18:47.733 16986 16986 D SystemServerTiming: getCurrentUser
09-12 00:18:47.733 16986 16986 I ActivityManager: Current user:0
09-12 00:18:47.733 16986 16986 D SystemServerTiming: ActivityManagerStartApps
09-12 00:18:47.745 16986 16986 D SystemServerTimingAsync: ssm.StartUser-0
09-12 00:18:47.746 16986 16986 I SystemServiceManager: Calling onStartUser 0
09-12 00:18:47.746 16986 16986 D SystemServerTimingAsync: ssm.onStartUser-0_com.android.server.security.FileIntegrityService
09-12 00:18:47.746 16986 16986 D SystemServerTimingAsync: ssm.onStartUser-0_com.android.server.pm.Installer
09-12 00:18:47.746 16986 16986 D SystemServerTimingAsync: ssm.onStartUser-0_com.android.server.os.DeviceIdentifiersPolicyService
09-12 00:18:47.746 16986 16986 D SystemServerTimingAsync: ssm.onStartUser-0_com.android.server.flags.FeatureFlagsService
09-12 00:18:47.746 16986 16986 D SystemServerTimingAsync: ssm.onStartUser-0_com.android.server.uri.UriGrantsManagerService$Lifecycle
09-12 00:18:47.746 16986 16986 D SystemServerTimingAsync: ssm.onStartUser-0_com.android.server.powerstats.PowerStatsService
09-12 00:18:47.746 16986 16986 D SystemServerTimingAsync: ssm.onStartUser-0_com.android.server.permission.access.AccessCheckingService
09-12 00:18:47.746 16986 16986 D SystemServerTimingAsync: ssm.onStartUser-0_com.android.server.wm.ActivityTaskManagerService$Lifecycle
09-12 00:18:47.746 16986 16986 D SystemServerTimingAsync: ssm.onStartUser-0_com.android.server.am.ActivityManagerService$Lifecycle
09-12 00:18:47.746 16986 16986 D SystemServerTimingAsync: ssm.onStartUser-0_com.android.server.pm.DataLoaderManagerService
09-12 00:18:47.746 16986 16986 D SystemServerTimingAsync: ssm.onStartUser-0_com.android.server.power.PowerManagerService
09-12 00:18:47.746 16986 16986 D SystemServerTimingAsync: ssm.onStartUser-0_com.android.server.power.thermal.ThermalManagerService
09-12 00:18:47.746 16986 16986 D SystemServerTimingAsync: ssm.onStartUser-0_com.android.server.recoverysystem.RecoverySystemService$Lifecycle
09-12 00:18:47.746 16986 16986 D SystemServerTimingAsync: ssm.onStartUser-0_com.android.server.lights.LightsService
09-12 00:18:47.746 16986 16986 D SystemServerTimingAsync: ssm.onStartUser-0_com.android.clockwork.displayoffload.DisplayOffloadService
09-12 00:18:47.746 16986 16986 D SystemServerTimingAsync: ssm.onStartUser-0_com.android.server.display.DisplayManagerService
09-12 00:18:47.746 16986 16986 D SystemServerTimingAsync: ssm.onStartUser-0_com.android.server.pm.verify.domain.DomainVerificationService
09-12 00:18:47.746 16986 16986 D SystemServerTimingAsync: ssm.onStartUser-0_com.android.server.pm.PackageInstallerService$Lifecycle
09-12 00:18:47.746 16986 16986 D SystemServerTimingAsync: ssm.onStartUser-0_com.android.server.pm.UserManagerService$LifeCycle
09-12 00:18:47.746 16986 16986 D SystemServerTimingAsync: ssm.onStartUser-0_com.android.server.om.OverlayManagerService
09-12 00:18:47.746 16986 16986 D SystemServerTimingAsync: ssm.onStartUser-0_com.android.server.resources.ResourcesManagerService
09-12 00:18:47.746 16986 16986 D SystemServerTimingAsync: ssm.onStartUser-0_com.android.server.sensorprivacy.SensorPrivacyService
09-12 00:18:47.752 16986 16986 D SystemServerTimingAsync: ssm.onStartUser-0_com.android.server.sensors.SensorService
09-12 00:18:47.752 16986 16986 D SystemServerTimingAsync: ssm.onStartUser-0_com.android.server.SystemConfigService
09-12 00:18:47.752 16986 16986 D SystemServerTimingAsync: ssm.onStartUser-0_com.android.server.BatteryService
09-12 00:18:47.753 16986 16986 D SystemServerTimingAsync: ssm.onStartUser-0_com.android.server.usage.UsageStatsService
09-12 00:18:47.753 16986 16986 D SystemServerTimingAsync: ssm.onStartUser-0_com.android.server.CachedDeviceStateService
09-12 00:18:47.753 16986 16986 D SystemServerTimingAsync: ssm.onStartUser-0_com.android.server.BinderCallsStatsService$LifeCycle
09-12 00:18:47.754 16986 16986 D SystemServerTimingAsync: ssm.onStartUser-0_com.android.server.LooperStatsService$Lifecycle
09-12 00:18:47.754 16986 16986 D SystemServerTimingAsync: ssm.onStartUser-0_com.android.server.rollback.RollbackManagerService
09-12 00:18:47.754 16986 16986 D SystemServerTimingAsync: ssm.onStartUser-0_com.android.server.os.NativeTombstoneManagerService
09-12 00:18:47.756 16986 16986 D SystemServerTimingAsync: ssm.onStartUser-0_com.android.server.os.BugreportManagerService
09-12 00:18:47.756 16986 16986 D SystemServerTimingAsync: ssm.onStartUser-0_com.android.server.gpu.GpuService
09-12 00:18:47.757 16986 16986 D SystemServerTimingAsync: ssm.onStartUser-0_com.android.server.security.rkp.RemoteProvisioningService
09-12 00:18:47.757 16986 16986 D SystemServerTimingAsync: ssm.onStartUser-0_com.android.server.security.KeyChainSystemService
09-12 00:18:47.757 16986 16986 D SystemServerTimingAsync: ssm.onStartUser-0_com.android.server.BinaryTransparencyService
09-12 00:18:47.757 16986 16986 D SystemServerTimingAsync: ssm.onStartUser-0_com.android.server.telecom.TelecomLoaderService
09-12 00:18:47.757 16986 16986 D SystemServerTimingAsync: ssm.onStartUser-0_com.android.server.accounts.AccountManagerService$Lifecycle
09-12 00:18:47.757 16986 16986 D SystemServerTimingAsync: ssm.onStartUser-0_com.android.server.content.ContentService$Lifecycle
09-12 00:18:47.757 16986 16986 D SystemServerTimingAsync: ssm.onStartUser-0_com.android.server.deviceconfig.DeviceConfigInit$Lifecycle
09-12 00:18:47.758 16986 16986 D SystemServerTimingAsync: ssm.onStartUser-0_com.android.server.DropBoxManagerService
09-12 00:18:47.758 16986 16986 D SystemServerTimingAsync: ssm.onStartUser-0_com.android.ecm.EnhancedConfirmationService
09-12 00:18:47.759 16986 16986 D SystemServerTimingAsync: ssm.onStartUser-0_com.android.server.power.hint.HintManagerService
09-12 00:18:47.760 16986 16986 D SystemServerTimingAsync: ssm.onStartUser-0_com.android.server.allowlist.AllowlistService
09-12 00:18:47.760 16986 16986 D SystemServerTimingAsync: ssm.onStartUser-0_com.android.role.RoleService
09-12 00:18:47.778 16986 16986 D SystemServerTimingAsync: ssm.onStartUser-0_com.android.server.supervision.SupervisionService$Lifecycle
09-12 00:18:47.779 16986 16986 D SystemServerTimingAsync: ssm.onStartUser-0_com.android.server.vibrator.VibratorManagerService$Lifecycle
09-12 00:18:47.779 16986 16986 D SystemServerTimingAsync: ssm.onStartUser-0_com.android.server.alarm.AlarmManagerService
09-12 00:18:47.780 16986 16986 D SystemServerTimingAsync: ssm.onStartUser-0_com.android.server.input.InputManagerService$Lifecycle
09-12 00:18:47.780 16986 16986 D SystemServerTimingAsync: ssm.onStartUser-0_com.android.server.devicestate.DeviceStateManagerService
09-12 00:18:47.780 16986 17140 D SupervisionService: Writing supervision state
09-12 00:18:47.781 16986 16986 D SystemServerTimingAsync: ssm.onStartUser-0_com.android.server.bluetooth.BluetoothService
09-12 00:18:47.782 16986 16986 D SystemServerTimingAsync: ssm.onStartUser-0_com.android.server.connectivity.IpConnectivityMetrics
09-12 00:18:47.782 16986 16986 D SystemServerTimingAsync: ssm.onStartUser-0_com.android.server.net.watchlist.NetworkWatchlistService$Lifecycle
09-12 00:18:47.782 16986 16986 D SystemServerTimingAsync: ssm.onStartUser-0_com.android.server.pinner.PinnerService
09-12 00:18:47.782 16986 16986 D SystemServerTimingAsync: ssm.onStartUser-0_com.android.server.integrity.AppIntegrityManagerService
09-12 00:18:47.782 16986 16986 D SystemServerTimingAsync: ssm.onStartUser-0_com.android.server.logcat.LogcatManagerService
09-12 00:18:47.782 16986 16986 D SystemServerTimingAsync: ssm.onStartUser-0_com.android.server.appfunctions.AppFunctionManagerService
09-12 00:18:47.782 16986 16986 D SystemServerTimingAsync: ssm.onStartUser-0_com.android.server.privatecompute.PccSandboxManagerService
09-12 00:18:47.782 16986 16986 D SystemServerTimingAsync: ssm.onStartUser-0_com.android.server.inputmethod.InputMethodManagerService$Lifecycle
09-12 00:18:47.783 16986 17153 W InputMethodInfoUtils: Found no fallback locale. imis=[]
09-12 00:18:47.784 16986 16986 D SystemServerTimingAsync: ssm.onStartUser-0_com.android.server.accessibility.AccessibilityManagerService$Lifecycle
09-12 00:18:47.786 16986 17153 W InputMethodInfoUtils: No software keyboard is found. imis=[] systemLocale=en_US fallbackLocale=null
09-12 00:18:47.786 16986 17153 W InputMethodSubtypeSwitchingController: Enabled input method list is empty.
09-12 00:18:47.787 16986 17153 W InputMethodSubtypeSwitchingController: Enabled input method list is empty.
09-12 00:18:47.787 16986 16986 D SystemServerTimingAsync: ssm.onStartUser-0_com.android.server.StorageManagerService$Lifecycle
09-12 00:18:47.799 16986 17140 I DevicePolicyManager: Changing user restriction no_factory_reset on user 0 to: false caller: CallerIdentity[uid=1000]
09-12 00:18:47.932 16986 17011 W Looper  : Slow dispatch took 147ms android.ui app=system_server main=false group=TOP_APP h=com.android.server.am.ActivityManagerService$UiHandler c=com.android.server.am.UidObserverController$$ExternalSyntheticLambda0@84cc5ed m=0
09-12 00:18:47.940 16986 17354 I PackageManager: getInstalledPackages: callingUid=1000 flags=1073741824 updatedFlags=1074266112 userId=0
09-12 00:18:47.968 16986 17194 D CompatChangeReporter: Compat change id reported: 349487600; UID 1000; state: ENABLED
09-12 00:18:47.982 16986 16986 V StorageManagerService: Package com.google.android.networkstack.tethering does not have legacy storage
09-12 00:18:47.983 16986 16986 V StorageManagerService: Package com.google.omadm.trigger does not have legacy storage
09-12 00:18:47.983 16986 16986 V StorageManagerService: Package com.google.android.apps.wearable.settings.overlay.pixel.watch does not have legacy storage
09-12 00:18:47.983 16986 16986 V StorageManagerService: Package com.android.cts.priv.ctsshim does not have legacy storage
09-12 00:18:47.984 16986 16986 V StorageManagerService: Package com.google.android.apps.weather does not have legacy storage
09-12 00:18:47.984 16986 16986 V StorageManagerService: Package com.android.providers.telephony does not have legacy storage
09-12 00:18:47.984 16986 16986 V StorageManagerService: Package com.android.sdm.plugins.connmo does not have legacy storage
09-12 00:18:47.984 16986 16986 V StorageManagerService: Package com.google.android.cellbroadcastservice does not have legacy storage
09-12 00:18:47.984 16986 16986 V StorageManagerService: Package com.google.android.crossdeviceaccessservice does not have legacy storage
09-12 00:18:47.985 16986 16986 V StorageManagerService: Package com.google.android.telecomresources.dialer.overlay does not have legacy storage
09-12 00:18:47.985 16986 16986 V StorageManagerService: Package com.android.providers.calendar does not have legacy storage
09-12 00:18:47.985 16986 16986 V StorageManagerService: Package com.google.android.pixelsystemservice does not have legacy storage
09-12 00:18:47.986 16986 16986 V StorageManagerService: Package com.google.android.apps.wearable.pixelwatchpermissions does not have legacy storage
09-12 00:18:47.986 16986 16986 V StorageManagerService: Package android.overlay.disallow.speaker.use does not have legacy storage
09-12 00:18:47.986 16986 16986 V StorageManagerService: Package com.google.android.ext.shared does not have legacy storage
09-12 00:18:47.987 16986 16986 V StorageManagerService: Package com.android.virtualmachine.res does not have legacy storage
09-12 00:18:47.990 16986 16986 V StorageManagerService: Package com.google.android.clockwork.flashlight does not have legacy storage
09-12 00:18:47.990 16986 16986 V StorageManagerService: Package com.google.android.federatedcompute does not have legacy storage
09-12 00:18:47.991 16986 16986 V StorageManagerService: Package com.google.android.wearable.sysui does not have legacy storage
09-12 00:18:47.992 16986 16986 V StorageManagerService: Package com.google.android.wearable.sysui.overlay.quickactions.pixelwatch does not have legacy storage
09-12 00:18:47.992 16986 16986 V StorageManagerService: Package com.android.wearable.overlay.com.google.android.wearable.sysui does not have legacy storage
09-12 00:18:47.993 16986 16986 V StorageManagerService: Package com.google.android.apps.messaging.overlay.wearmaterial.pixelwatch does not have legacy storage
09-12 00:18:47.993 16986 16986 V StorageManagerService: Package com.google.euiccpixel does not have legacy storage
09-12 00:18:47.993 16986 16986 V StorageManagerService: Package com.google.android.wearable.weather does not have legacy storage
09-12 00:18:47.993 16986 16986 V StorageManagerService: Package com.android.providers.telephony.auto_generated_characteristics_rro does not have legacy storage
09-12 00:18:47.994 16986 16986 V StorageManagerService: Package com.google.android.wearable.setupwizard.overlay.fastpair.pixelwatch.eos does not have legacy storage
09-12 00:18:47.994 16986 16986 V StorageManagerService: Package com.qualcomm.uimremoteclient does not have legacy storage
09-12 00:18:47.994 16986 16986 V StorageManagerService: Package com.google.android.grilservice.overlay.pixelwatch does not have legacy storage
09-12 00:18:47.995 16986 16986 V StorageManagerService: Package com.whatsapp does not have legacy storage
09-12 00:18:47.995 16986 16986 V StorageManagerService: Package com.google.android.telecomui does not have legacy storage
09-12 00:18:47.996 16986 16986 V StorageManagerService: Package com.android.mms.service does not have legacy storage
09-12 00:18:47.996 16986 16986 V StorageManagerService: Package android.service.displayoffload.resources does not have legacy storage
09-12 00:18:47.996 16986 16986 V StorageManagerService: Package com.google.android.wearable.setupwizard does not have legacy storage
09-12 00:18:47.997 16986 16986 V StorageManagerService: Package com.google.android.resources.overlay.batterystats does not have legacy storage
09-12 00:18:47.997 16986 16986 V StorageManagerService: Package com.android.providers.downloads does not have legacy storage
09-12 00:18:47.997 16986 16986 V StorageManagerService: Package com.google.android.health.connect.backuprestore does not have legacy storage
09-12 00:18:47.998 16986 16986 V StorageManagerService: Package com.google.android.apps.messaging does not have legacy storage
09-12 00:18:47.999 16986 16986 V StorageManagerService: Package vendor.qti.hardware.cacert.server does not have legacy storage
09-12 00:18:47.999 16986 16986 V StorageManagerService: Package com.poc.compprobe does not have legacy storage
09-12 00:18:47.999 16986 16986 V StorageManagerService: Package com.google.android.wearable.setupwizard.overlay.pixel.watch does not have legacy storage
09-12 00:18:47.999 16986 16986 V StorageManagerService: Package com.poc.ipcprobe does not have legacy storage
09-12 00:18:48.000 16986 16986 V StorageManagerService: Package com.qualcomm.qti.telephonyservice does not have legacy storage
09-12 00:18:48.000 16986 16986 V StorageManagerService: Package vendor.qti.iwlan does not have legacy storage
09-12 00:18:48.000 16986 16986 V StorageManagerService: Package com.google.android.configupdater does not have legacy storage
09-12 00:18:48.000 16986 16986 V StorageManagerService: Package com.google.android.providers.media.module does not have legacy storage
09-12 00:18:48.001 16986 16986 V StorageManagerService: Package com.google.android.pixel.watch.wearable.resources.overlayEnableBIP does not have legacy storage
09-12 00:18:48.001 16986 16986 V StorageManagerService: Package com.qualcomm.uimremoteserver does not have legacy storage
09-12 00:18:48.001 16986 16986 V StorageManagerService: Package com.android.se.overlay.target does not have legacy storage
09-12 00:18:48.001 16986 16986 V StorageManagerService: Package com.google.android.apps.safetyhub does not have legacy storage
09-12 00:18:48.001 16986 16986 V StorageManagerService: Package com.google.android.hotspot2.osulogin does not have legacy storage
09-12 00:18:48.001 16986 16986 V StorageManagerService: Package com.android.vending does not have legacy storage
09-12 00:18:48.001 16986 16986 V StorageManagerService: Package com.google.android.adservices.api does not have legacy storage
09-12 00:18:48.001 16986 16986 V StorageManagerService: Package android.autoinstalls.config.google.wear does not have legacy storage
09-12 00:18:48.002 16986 16986 V StorageManagerService: Package com.google.android.wearable.app.overlay.wearmaterial.pixelwatch does not have legacy storage
09-12 00:18:48.002 16986 16986 V StorageManagerService: Package com.google.android.clockwork.nfc does not have legacy storage
09-12 00:18:48.002 16986 16986 V StorageManagerService: Package com.android.modulemetadata does not have legacy storage
09-12 00:18:48.002 16986 16986 V StorageManagerService: Package com.android.certinstaller does not have legacy storage
09-12 00:18:48.002 16986 16986 V StorageManagerService: Package com.google.android.wearable.lw does not have legacy storage
09-12 00:18:48.002 16986 16986 V StorageManagerService: Package com.google.android.marvin.talkback does not have legacy storage
09-12 00:18:48.003 16986 16986 V StorageManagerService: Package com.qti.qualcomm.datastatusnotification does not have legacy storage
09-12 00:18:48.003 16986 16986 V StorageManagerService: Package com.android.phone.overlay.lte.pixelwatch does not have legacy storage
09-12 00:18:48.003 16986 16986 V StorageManagerService: Package com.google.android.connectivity.resources.overlay.pixelwatch does not have legacy storage
09-12 00:18:48.003 16986 16986 V StorageManagerService: Package android has legacy storage
09-12 00:18:48.003 16986 16986 V StorageManagerService: Package com.android.hotwordenrollment.xgoogle does not have legacy storage
09-12 00:18:48.004 16986 16986 V StorageManagerService: Package com.poc.caltest does not have legacy storage
09-12 00:18:48.004 16986 16986 V StorageManagerService: Package com.google.android.wearable.dwf.receiver does not have legacy storage
09-12 00:18:48.005 16986 16986 V StorageManagerService: Package com.google.android.grilservice does not have legacy storage
09-12 00:18:48.005 16986 16986 V StorageManagerService: Package com.android.appsearch.aiseal.config does not have legacy storage
09-12 00:18:48.005 16986 16986 V StorageManagerService: Package com.google.android.sdksandbox does not have legacy storage
09-12 00:18:48.006 16986 16986 V StorageManagerService: Package com.google.android.apps.wearable.settings has legacy storage
09-12 00:18:48.006 16986 16986 V StorageManagerService: Package com.test.watchprobe does not have legacy storage
09-12 00:18:48.007 16986 16986 V StorageManagerService: Package com.android.nfc does not have legacy storage
09-12 00:18:48.007 16986 16986 V StorageManagerService: Package com.android.ons does not have legacy storage
09-12 00:18:48.007 16986 16986 V StorageManagerService: Package com.android.stk does not have legacy storage
09-12 00:18:48.008 16986 16986 V StorageManagerService: Package com.android.backupconfirm does not have legacy storage
09-12 00:18:48.008 16986 16986 V StorageManagerService: Package com.google.android.deskclock does not have legacy storage
09-12 00:18:48.009 16986 16986 V StorageManagerService: Package com.test.crossdevicepoc does not have legacy storage
09-12 00:18:48.009 16986 16986 V StorageManagerService: Package org.codeaurora.ims does not have legacy storage
09-12 00:18:48.010 16986 16986 V StorageManagerService: Package com.google.android.gm does not have legacy storage
09-12 00:18:48.010 16986 16986 V StorageManagerService: Package com.google.android.carrier does not have legacy storage
09-12 00:18:48.010 16986 16986 V StorageManagerService: Package com.google.android.permissioncontroller does not have legacy storage
09-12 00:18:48.010 16986 16986 V StorageManagerService: Package com.android.wearable.resources does not have legacy storage
09-12 00:18:48.010 16986 16986 V StorageManagerService: Package com.google.android.bluetooth does not have legacy storage
09-12 00:18:48.010 16986 16986 V StorageManagerService: Package com.poc.dataexfil does not have legacy storage
09-12 00:18:48.010 16986 16986 V StorageManagerService: Package com.poc.datalayer does not have legacy storage
09-12 00:18:48.010 16986 16986 V StorageManagerService: Package com.qualcomm.qcrilmsgtunnel does not have legacy storage
09-12 00:18:48.010 16986 16986 V StorageManagerService: Package com.android.providers.settings has legacy storage
09-12 00:18:48.011 16986 16986 V StorageManagerService: Package com.poc.remoteintent does not have legacy storage
09-12 00:18:48.011 16986 16986 V StorageManagerService: Package com.vrp.debug does not have legacy storage
09-12 00:18:48.011 16986 16986 V StorageManagerService: Package com.android.hotwordenrollment.okgoogle does not have legacy storage
09-12 00:18:48.011 16986 16986 V StorageManagerService: Package com.google.android.wearable.pixel.pdms does not have legacy storage
09-12 00:18:48.011 16986 16986 V StorageManagerService: Package com.android.sdm.plugins.diagmon does not have legacy storage
09-12 00:18:48.011 16986 16986 V StorageManagerService: Package com.christan.google_ass_tv_poc does not have legacy storage
09-12 00:18:48.011 16986 16986 V StorageManagerService: Package com.google.android.apps.wearable.systemui does not have legacy storage
09-12 00:18:48.011 16986 16986 V StorageManagerService: Package com.android.se does not have legacy storage
09-12 00:18:48.011 16986 16986 V StorageManagerService: Package com.android.inputdevices has legacy storage
09-12 00:18:48.011 16986 16986 V StorageManagerService: Package com.google.android.devicelockcontroller does not have legacy storage
09-12 00:18:48.011 16986 16986 V StorageManagerService: Package com.google.android.dialer does not have legacy storage
09-12 00:18:48.012 16986 16986 V StorageManagerService: Package com.fitbit.ecg does not have legacy storage
09-12 00:18:48.012 16986 16986 V StorageManagerService: Package com.google.android.captiveportallogin does not have legacy storage
09-12 00:18:48.012 16986 16986 V StorageManagerService: Package com.google.android.wearable.protolayout.renderer does not have legacy storage
09-12 00:18:48.012 16986 16986 V StorageManagerService: Package android.auto_generated_characteristics_rro does not have legacy storage
09-12 00:18:48.012 16986 16986 V StorageManagerService: Package com.google.android.appsearch.apk does not have legacy storage
09-12 00:18:48.012 16986 16986 V StorageManagerService: Package com.google.android.gsmediator does not have legacy storage
09-12 00:18:48.012 16986 16986 V StorageManagerService: Package com.google.android.apps.maps does not have legacy storage
09-12 00:18:48.012 16986 16986 V StorageManagerService: Package com.google.android.apps.wearable.settings.overlay.preferences.pixelwatch does not have legacy storage
09-12 00:18:48.012 16986 16986 V StorageManagerService: Package com.android.webapp.service does not have legacy storage
09-12 00:18:48.012 16986 17004 W ActivityManager: Unable to start service Intent { act=com.google.android.chimera.BoundService.START dat=chimera-action: xflg=0x4 cmp=com.google.android.gms/.chimera.PersistentApiService } U=0: not found
09-12 00:18:48.012 16986 16986 V StorageManagerService: Package com.google.android.pixel.watch.android.resources.overlay2023 does not have legacy storage
09-12 00:18:48.012 16986 16986 V StorageManagerService: Package com.google.clockwork.watchface.runtime.overlay does not have legacy storage
09-12 00:18:48.013 16986 16986 V StorageManagerService: Package com.android.cellbroadcastreceiver does not have legacy storage
09-12 00:18:48.013 16986 16986 V StorageManagerService: Package com.google.android.apps.carrier.log does not have legacy storage
09-12 00:18:48.013 16986 16986 V StorageManagerService: Package com.google.android.networkstack does not have legacy storage
09-12 00:18:48.014 16986 16986 V StorageManagerService: Package com.google.android.rkpdapp does not have legacy storage
09-12 00:18:48.014 16986 16986 V StorageManagerService: Package com.google.android.contacts does not have legacy storage
09-12 00:18:48.014 16986 16986 V StorageManagerService: Package com.android.server.telecom has legacy storage
09-12 00:18:48.014 16986 16986 V StorageManagerService: Package com.poc.avatarleak does not have legacy storage
09-12 00:18:48.014 16986 16986 V StorageManagerService: Package com.android.keychain has legacy storage
09-12 00:18:48.015 16986 16986 V StorageManagerService: Package com.android.phone.auto_generated_characteristics_rro does not have legacy storage
09-12 00:18:48.015 16986 16986 V StorageManagerService: Package com.poc.healthprobe does not have legacy storage
09-12 00:18:48.015 16986 16986 V StorageManagerService: Package com.google.android.packageinstaller does not have legacy storage
09-12 00:18:48.016 16986 16986 V StorageManagerService: Package com.google.android.gms does not have legacy storage
09-12 00:18:48.017 16986 16986 V StorageManagerService: Package com.google.android.gsf does not have legacy storage
09-12 00:18:48.017 16986 17004 W ActivityManager: Unbind failed: could not find connection for android.os.BinderProxy@bb09fcc
09-12 00:18:48.018 16986 16986 V StorageManagerService: Package com.google.android.nfc does not have legacy storage
09-12 00:18:48.018 16986 16986 V StorageManagerService: Package com.google.android.tts does not have legacy storage
09-12 00:18:48.019 16986 16986 V StorageManagerService: Package android.ext.services does not have legacy storage
09-12 00:18:48.019 16986 16986 V StorageManagerService: Package com.google.android.apps.walletnfcrel does not have legacy storage
09-12 00:18:48.019 16986 16986 V StorageManagerService: Package com.android.calllogbackup does not have legacy storage
09-12 00:18:48.019 16986 16986 V StorageManagerService: Package com.android.localtransport has legacy storage
09-12 00:18:48.020 16986 16986 V StorageManagerService: Package com.poc.sysservice does not have legacy storage
09-12 00:18:48.020 16986 16986 V StorageManagerService: Package com.poc.contactsdump does not have legacy storage
09-12 00:18:48.021 16986 16986 V StorageManagerService: Package com.android.carrierdefaultapp does not have legacy storage
09-12 00:18:48.021 16986 16986 V StorageManagerService: Package com.google.android.apps.wearable.settings.overlay.pixel.watch2023 does not have legacy storage
09-12 00:18:48.021 16986 16986 V StorageManagerService: Package com.google.wear.services.overlay.pixelwatch.watchfaces.v2 does not have legacy storage
09-12 00:18:48.021 16986 16986 V StorageManagerService: Package com.android.credentialmanager does not have legacy storage
09-12 00:18:48.022 16986 16986 V StorageManagerService: Package com.google.android.safetycenter.resources does not have legacy storage
09-12 00:18:48.022 16986 16986 V StorageManagerService: Package com.google.clockwork.overlay.frameworks does not have legacy storage
09-12 00:18:48.022 16986 16986 V StorageManagerService: Package com.android.intentresolver does not have legacy storage
09-12 00:18:48.023 16986 16986 V StorageManagerService: Package com.google.SSRestartDetector has legacy storage
09-12 00:18:48.023 16986 16986 V StorageManagerService: Package com.android.providers.contactkeys does not have legacy storage
09-12 00:18:48.023 16986 16986 V StorageManagerService: Package com.google.android.connectivity.resources does not have legacy storage
09-12 00:18:48.023 16986 16986 V StorageManagerService: Package com.poc.scanner does not have legacy storage
09-12 00:18:48.024 16986 16986 V StorageManagerService: Package com.google.android.apps.photos does not have legacy storage
09-12 00:18:48.024 16986 16986 V StorageManagerService: Package com.google.android.calendar does not have legacy storage
09-12 00:18:48.024 16986 16986 V StorageManagerService: Package com.android.managedprovisioning does not have legacy storage
09-12 00:18:48.025 16986 16986 V StorageManagerService: Package com.google.android.apps.wearable.settings.overlay.wearmaterial.pixelwatch does not have legacy storage
09-12 00:18:48.025 16986 16986 V StorageManagerService: Package com.spotify.music does not have legacy storage
09-12 00:18:48.026 16986 16986 V StorageManagerService: Package com.google.android.pixelnfc does not have legacy storage
09-12 00:18:48.027 16986 16986 V StorageManagerService: Package com.google.android.pixel.watch.wearable.resources.overlay does not have legacy storage
09-12 00:18:48.027 16986 16986 V StorageManagerService: Package com.android.soundpicker does not have legacy storage
09-12 00:18:48.027 16986 16986 V StorageManagerService: Package com.google.android.apps.wearable.systemui.wearmaterial.pixelwatch does not have legacy storage
09-12 00:18:48.027 16986 16986 V StorageManagerService: Package com.android.sdm.plugins.dcmo does not have legacy storage
09-12 00:18:48.028 16986 16986 V StorageManagerService: Package com.google.android.wearable.watchface.rwf does not have legacy storage
09-12 00:18:48.028 16986 16986 V StorageManagerService: Package com.google.android.pixel.watch.android.resources.haptics does not have legacy storage
09-12 00:18:48.029 16986 16986 V StorageManagerService: Package com.google.android.euicc.wear does not have legacy storage
09-12 00:18:48.029 16986 16986 V StorageManagerService: Package com.google.android.wearable.healthservices does not have legacy storage
09-12 00:18:48.029 16986 16986 V StorageManagerService: Package com.poc.bal does not have legacy storage
09-12 00:18:48.030 16986 16986 V StorageManagerService: Package com.google.android.apps.wearable.retailattractloop does not have legacy storage
09-12 00:18:48.030 16986 16986 V StorageManagerService: Package com.google.android.pixel.watch.wearable.resources.overlay2023 does not have legacy storage
09-12 00:18:48.032 16986 16986 V StorageManagerService: Package com.google.android.clockwork.font.sandbox.impl does not have legacy storage
09-12 00:18:48.032 16986 16986 V StorageManagerService: Package com.google.android.telecomresources does not have legacy storage
09-12 00:18:48.033 16986 16986 V StorageManagerService: Package com.poc.silentsms does not have legacy storage
09-12 00:18:48.034 16986 16986 V StorageManagerService: Package com.google.android.healthconnect.controller does not have legacy storage
09-12 00:18:48.035 16986 16986 V StorageManagerService: Package com.google.android.wearable.pixel.aspen does not have legacy storage
09-12 00:18:48.036 16986 16986 V StorageManagerService: Package com.google.android.wearable.assistant does not have legacy storage
09-12 00:18:48.037 16986 16986 V StorageManagerService: Package com.google.android.wearable.media.sessions does not have legacy storage
09-12 00:18:48.037 16986 16986 V StorageManagerService: Package com.google.android.wearable.sysui.overlay.pixelwatch2023 does not have legacy storage
09-12 00:18:48.040 16986 16986 V StorageManagerService: Package com.poc.pdms does not have legacy storage
09-12 00:18:48.041 16986 16986 V StorageManagerService: Package com.poc.tlpe does not have legacy storage
09-12 00:18:48.041 16986 16986 V StorageManagerService: Package com.google.android.gms.supervision does not have legacy storage
09-12 00:18:48.041 16986 16986 V StorageManagerService: Package com.google.android.wearable.watchface.rwf.overlay.wearmaterial.pixelwatch does not have legacy storage
09-12 00:18:48.042 16986 16986 V StorageManagerService: Package com.android.wifi.resources.overlay.pixelwatch does not have legacy storage
09-12 00:18:48.042 16986 16986 V StorageManagerService: Package com.google.android.wearable.sysui.overlay.notification.pixelwatch does not have legacy storage
09-12 00:18:48.042 16986 16986 V StorageManagerService: Package com.qualcomm.qti.cne does not have legacy storage
09-12 00:18:48.042 16986 16986 V StorageManagerService: Package com.qualcomm.qti.ims does not have legacy storage
09-12 00:18:48.042 16986 16986 V StorageManagerService: Package com.fitbit.FitbitMobile does not have legacy storage
09-12 00:18:48.042 16986 16986 V StorageManagerService: Package com.google.android.apps.scone does not have legacy storage
09-12 00:18:48.042 16986 16986 V StorageManagerService: Package com.android.omadm.service does not have legacy storage
09-12 00:18:48.042 16986 16986 V StorageManagerService: Package com.google.android.wearable.app does not have legacy storage
09-12 00:18:48.042 16986 16986 V StorageManagerService: Package android.overlay.com.google.android.wearable.sysui does not have legacy storage
09-12 00:18:48.042 16986 16986 V StorageManagerService: Package com.google.android.uwb.resources does not have legacy storage
09-12 00:18:48.043 16986 16986 V StorageManagerService: Package com.google.android.permissioncontroller.overlay.pixel.watch.config does not have legacy storage
09-12 00:18:48.043 16986 16986 V StorageManagerService: Package com.google.android.apps.chromecast.app does not have legacy storage
09-12 00:18:48.043 16986 16986 V StorageManagerService: Package com.android.cts.ctsshim does not have legacy storage
09-12 00:18:48.043 16986 16986 V StorageManagerService: Package com.google.android.wifi.resources does not have legacy storage
09-12 00:18:48.043 16986 16986 V StorageManagerService: Package com.google.android.wifi.dialog does not have legacy storage
09-12 00:18:48.043 16986 16986 V StorageManagerService: Package com.google.android.wearable.settings.overlay.pdms.autobedtimemode does not have legacy storage
09-12 00:18:48.043 16986 16986 V StorageManagerService: Package com.google.android.inputmethod.latin.overlay.wearmaterial.pixelwatch does not have legacy storage
09-12 00:18:48.043 16986 16986 V StorageManagerService: Package com.google.android.keep does not have legacy storage
09-12 00:18:48.043 16986 16986 V StorageManagerService: Package com.android.phone does not have legacy storage
09-12 00:18:48.043 16986 16986 V StorageManagerService: Package com.android.shell does not have legacy storage
09-12 00:18:48.044 16986 16986 V StorageManagerService: Package com.android.providers.blockednumber does not have legacy storage
09-12 00:18:48.044 16986 16986 V StorageManagerService: Package com.test.datalayer does not have legacy storage
09-12 00:18:48.044 16986 16986 V StorageManagerService: Package com.android.providers.userdictionary does not have legacy storage
09-12 00:18:48.044 16986 16986 V StorageManagerService: Package com.google.wear.services.overlay2023 does not have legacy storage
09-12 00:18:48.047 16986 16986 V StorageManagerService: Package com.google.android.wearable.sysui.overlay.wearmaterial.pixelwatch does not have legacy storage
09-12 00:18:48.047 16986 16986 V StorageManagerService: Package com.android.location.fused has legacy storage
09-12 00:18:48.048 16986 16986 V StorageManagerService: Package com.google.android.ondevicepersonalization.services does not have legacy storage
09-12 00:18:48.048 16986 16986 V StorageManagerService: Package com.google.android.hardwareinfo does not have legacy storage
09-12 00:18:48.056 16986 16986 V StorageManagerService: Package com.google.android.apps.youtube.music does not have legacy storage
09-12 00:18:48.057 16986 16986 V StorageManagerService: Package com.qualcomm.qti.confdialer does not have legacy storage
09-12 00:18:48.057 16986 16986 V StorageManagerService: Package com.qti.phone does not have legacy storage
09-12 00:18:48.057 16986 16986 V StorageManagerService: Package com.google.android.cellbroadcastreceiver does not have legacy storage
09-12 00:18:48.057 16986 16986 V StorageManagerService: Package com.google.android.apps.scone.coex.overlay.pixelwatch does not have legacy storage
09-12 00:18:48.057 16986 16986 V StorageManagerService: Package com.google.android.wearable.app.overlay.tiles.pixelwatch does not have legacy storage
09-12 00:18:48.057 16986 16986 V StorageManagerService: Package com.research.providerprobe does not have legacy storage
09-12 00:18:48.057 16986 16986 V StorageManagerService: Package com.google.android.wearable.fitbit.retaildemo does not have legacy storage
09-12 00:18:48.057 16986 16986 V StorageManagerService: Package com.google.android.wearable.setupwizard.overlay.wearmaterial.pixelwatch does not have legacy storage
09-12 00:18:48.057 16986 16986 V StorageManagerService: Package com.google.android.apps.adm does not have legacy storage
09-12 00:18:48.058 16986 16986 V StorageManagerService: Package com.poc.lockbypass does not have legacy storage
09-12 00:18:48.058 16986 16986 V StorageManagerService: Package com.qualcomm.timeservice does not have legacy storage
09-12 00:18:48.058 16986 16986 V StorageManagerService: Package com.google.android.telecomresources.clockwork.overlay does not have legacy storage
09-12 00:18:48.058 16986 16986 V StorageManagerService: Package com.google.android.wearable.cavalry does not have legacy storage
09-12 00:18:48.058 16986 16986 V StorageManagerService: Package com.android.providers.contacts does not have legacy storage
09-12 00:18:48.058 16986 16986 V StorageManagerService: Package com.google.android.wearable.diagnosticstool does not have legacy storage
09-12 00:18:48.058 16986 16986 V StorageManagerService: Package com.google.android.wearable.frameworkpackagestubs does not have legacy storage
09-12 00:18:48.058 16986 16986 V StorageManagerService: Package com.google.wear.watchface.runtime does not have legacy storage
09-12 00:18:48.058 16986 16986 V StorageManagerService: Package com.google.android.GoogleCamera does not have legacy storage
09-12 00:18:48.058 16986 16986 V StorageManagerService: Package com.google.android.apps.pixel.dcservice does not have legacy storage
09-12 00:18:48.058 16986 16986 V StorageManagerService: Package com.google.android.wearable.pixel.settings.provider has legacy storage
09-12 00:18:48.058 16986 16986 V StorageManagerService: Package com.google.android.photopicker does not have legacy storage
09-12 00:18:48.058 16986 16986 V StorageManagerService: Package com.google.android.inputmethod.latin does not have legacy storage
09-12 00:18:48.058 16986 16986 V StorageManagerService: Package com.google.wear.services has legacy storage
09-12 00:18:48.059 16986 16986 W SystemServiceManager: Service com.android.server.StorageManagerService$Lifecycle took 272 ms in onStartUser-0
09-12 00:18:48.059 16986 16986 D SystemServerTimingAsync: ssm.onStartUser-0_com.android.server.usage.StorageStatsService$Lifecycle
09-12 00:18:48.059 16986 16986 D SystemServerTimingAsync: ssm.onStartUser-0_com.android.server.files.FileService
09-12 00:18:48.059 16986 16986 D SystemServerTimingAsync: ssm.onStartUser-0_com.android.server.UiModeManagerService
09-12 00:18:48.059 16986 16986 D SystemServerTimingAsync: ssm.onStartUser-0_com.android.server.locales.LocaleManagerService
09-12 00:18:48.059 16986 16986 D SystemServerTimingAsync: ssm.onStartUser-0_com.android.server.appwindowlayout.AppWindowLayoutSettingsService
09-12 00:18:48.060 16986 16986 D SystemServerTimingAsync: ssm.onStartUser-0_com.android.server.grammaticalinflection.GrammaticalInflectionService
09-12 00:18:48.060 16986 16986 D SystemServerTimingAsync: ssm.onStartUser-0_com.android.server.apphibernation.AppHibernationService
09-12 00:18:48.060 16986 16986 D SystemServerTimingAsync: ssm.onStartUser-0_com.android.server.locksettings.LockSettingsService$Lifecycle
09-12 00:18:48.069 16986 17066 I ActivityManager: Start proc 17380:com.google.android.bluetooth/1002 for bound-service {com.google.android.bluetooth/com.android.bluetooth.btservice.AdapterService}
09-12 00:18:48.060 16986 16986 D SystemServerTimingAsync: ssm.onStartUser-0_com.android.server.pdb.PersistentDataBlockService
09-12 00:18:48.070 16986 16986 D SystemServerTimingAsync: ssm.onStartUser-0_com.android.server.testharness.TestHarnessModeService
09-12 00:18:48.070 16986 16986 D SystemServerTimingAsync: ssm.onStartUser-0_com.android.server.oemlock.OemLockService
09-12 00:18:48.070 16986 16986 D SystemServerTimingAsync: ssm.onStartUser-0_com.android.server.DeviceIdleController
09-12 00:18:48.070 16986 16986 D SystemServerTimingAsync: ssm.onStartUser-0_com.android.server.devicepolicy.DevicePolicyManagerService$Lifecycle
09-12 00:18:48.072 16986 16986 D SystemServerTimingAsync: ssm.onStartUser-0_com.android.server.voiceinteraction.VoiceInteractionManagerService
09-12 00:18:48.082 16986 16986 D SystemServerTimingAsync: ssm.onStartUser-0_com.android.server.texttospeech.TextToSpeechManagerService
09-12 00:18:48.083 16986 16986 D SystemServerTimingAsync: ssm.onStartUser-0_com.android.server.ondeviceintelligence.OnDeviceIntelligenceManagerService
09-12 00:18:48.083 16986 16986 D SystemServerTimingAsync: ssm.onStartUser-0_com.android.server.contentsafety.ContentSafetyManagerService
09-12 00:18:48.084 16986 16986 D SystemServerTimingAsync: ssm.onStartUser-0_com.android.server.speech.SpeechRecognitionManagerService
09-12 00:18:48.084 16986 16986 D SystemServerTimingAsync: ssm.onStartUser-0_com.android.server.graphics.fonts.FontManagerService$Lifecycle
09-12 00:18:48.084 16986 16986 D SystemServerTimingAsync: ssm.onStartUser-0_com.android.server.textclassifier.TextClassificationManagerService$Lifecycle
09-12 00:18:48.087 16986 16986 D SystemServerTimingAsync: ssm.onStartUser-0_com.android.server.NetworkScoreService$Lifecycle
09-12 00:18:48.088 16986 16986 D SystemServerTimingAsync: ssm.onStartUser-0_com.android.server.NetworkStatsServiceInitializer
09-12 00:18:48.088 16986 16986 D SystemServerTimingAsync: ssm.onStartUser-0_com.android.server.wifi.WifiService
09-12 00:18:48.089 16986 16986 D SystemServerTimingAsync: ssm.onStartUser-0_com.android.server.wifi.scanner.WifiScanningService
09-12 00:18:48.092 16986 16986 D SystemServerTimingAsync: ssm.onStartUser-0_com.android.server.ConnectivityServiceInitializer
09-12 00:18:48.093 16986 16986 D SystemServerTimingAsync: ssm.onStartUser-0_com.android.server.bitmapoffload.BitmapOffloadService
09-12 00:18:48.093 16986 16986 D SystemServerTimingAsync: ssm.onStartUser-0_com.android.server.modes.ContextualModeManagerService
09-12 00:18:48.093 16986 16986 D SystemServerTimingAsync: ssm.onStartUser-0_com.android.server.notification.NotificationManagerService
09-12 00:18:48.093 16986 16986 D SystemServerTimingAsync: ssm.onStartUser-0_com.android.server.storage.DeviceStorageMonitorService
09-12 00:18:48.093 16986 16986 D SystemServerTimingAsync: ssm.onStartUser-0_com.android.server.timedetector.TimeDetectorService$Lifecycle
09-12 00:18:48.093 16986 16986 D SystemServerTimingAsync: ssm.onStartUser-0_com.android.server.location.LocationManagerService$Lifecycle
09-12 00:18:48.105 16986 16986 D SystemServerTimingAsync: ssm.onStartUser-0_com.android.server.timezonedetector.TimeZoneDetectorService$Lifecycle
09-12 00:18:48.106 16986 16986 D SystemServerTimingAsync: ssm.onStartUser-0_com.android.server.location.altitude.AltitudeService$Lifecycle
09-12 00:18:48.106 16986 16986 D SystemServerTimingAsync: ssm.onStartUser-0_com.android.server.timezonedetector.location.LocationTimeZoneManagerService$Lifecycle
09-12 00:18:48.106 16986 16986 D SystemServerTimingAsync: ssm.onStartUser-0_com.android.server.timedetector.GnssTimeUpdateService$Lifecycle
09-12 00:18:48.106 16986 16986 D SystemServerTimingAsync: ssm.onStartUser-0_com.android.server.wallpaper.WallpaperManagerService$Lifecycle
09-12 00:18:48.106 16986 16986 D SystemServerTimingAsync: ssm.onStartUser-0_com.android.server.audio.AudioService$Lifecycle
09-12 00:18:48.106 16986 16986 D SystemServerTimingAsync: ssm.onStartUser-0_com.android.server.soundtrigger_middleware.SoundTriggerMiddlewareService$Lifecycle
09-12 00:18:48.106 16986 16986 D SystemServerTimingAsync: ssm.onStartUser-0_com.android.server.DockObserver
09-12 00:18:48.106 16986 16986 D SystemServerTimingAsync: ssm.onStartUser-0_com.android.clockwork.ThermalObserver
09-12 00:18:48.106 16986 16986 D SystemServerTimingAsync: ssm.onStartUser-0_com.android.server.adb.AdbService$Lifecycle
09-12 00:18:48.106 16986 16986 D SystemServerTimingAsync: ssm.onStartUser-0_com.android.server.usb.UsbService$Lifecycle
09-12 00:18:48.106 16986 16986 D SystemServerTimingAsync: ssm.onStartUser-0_com.android.server.serial.SerialManagerService$Lifecycle
09-12 00:18:48.106 16986 16986 D SystemServerTimingAsync: ssm.onStartUser-0_com.android.server.display.color.ColorDisplayService
09-12 00:18:48.107 16986 16986 D SystemServerTimingAsync: ssm.onStartUser-0_com.android.server.job.JobSchedulerService
09-12 00:18:48.108 16986 16986 D SystemServerTimingAsync: ssm.onStartUser-0_com.android.server.soundtrigger.SoundTriggerService
09-12 00:18:48.108 16986 16986 D SystemServerTimingAsync: ssm.onStartUser-0_com.android.server.trust.TrustManagerService
09-12 00:18:48.109 16986 16986 D SystemServerTimingAsync: ssm.onStartUser-0_com.android.server.backup.BackupManagerService$Lifecycle
09-12 00:18:48.109 16986 16986 D SystemServerTimingAsync: ssm.onStartUser-0_com.android.server.GestureLauncherService
09-12 00:18:48.111 16986 16986 D SystemServerTimingAsync: ssm.onStartUser-0_com.android.server.SensorNotificationService
09-12 00:18:48.111 16986 16986 D SystemServerTimingAsync: ssm.onStartUser-0_com.android.server.ContextHubSystemService
09-12 00:18:48.111 16986 16986 D SystemServerTimingAsync: ssm.onStartUser-0_com.android.server.emergency.EmergencyAffordanceService
09-12 00:18:48.111 16986 16986 D SystemServerTimingAsync: ssm.onStartUser-0_com.android.server.blob.BlobStoreManagerService
09-12 00:18:48.112 16986 16986 D SystemServerTimingAsync: ssm.onStartUser-0_com.android.server.dreams.DreamManagerService
09-12 00:18:48.117 16986 16986 D SystemServerTimingAsync: ssm.onStartUser-0_com.android.server.security.AttestationVerificationManagerService
09-12 00:18:48.119 16986 16986 D SystemServerTimingAsync: ssm.onStartUser-0_com.android.server.companion.CompanionDeviceManagerService
09-12 00:18:48.120 16986 16986 D SystemServerTimingAsync: ssm.onStartUser-0_com.android.server.companion.datatransfer.continuity.TaskContinuityManagerService
09-12 00:18:48.121 16986 16986 D SystemServerTimingAsync: ssm.onStartUser-0_com.android.server.restrictions.RestrictionsManagerService
09-12 00:18:48.121 16986 16986 D SystemServerTimingAsync: ssm.onStartUser-0_com.android.server.media.MediaSessionService
09-12 00:18:48.125 16986 16986 D SystemServerTimingAsync: ssm.onStartUser-0_com.android.server.biometrics.BiometricService
09-12 00:18:48.125 16986 16986 D SystemServerTimingAsync: ssm.onStartUser-0_com.android.server.biometrics.AuthService
09-12 00:18:48.125 16986 16986 D SystemServerTimingAsync: ssm.onStartUser-0_com.android.server.pm.ShortcutService$Lifecycle
09-12 00:18:48.126 16986 16986 D SystemServerTimingAsync: ssm.onStartUser-0_com.android.server.pm.LauncherAppsService
09-12 00:18:48.126 16986 16986 D SystemServerTimingAsync: ssm.onStartUser-0_com.android.server.pm.CrossProfileAppsService
09-12 00:18:48.126 16986 16986 D SystemServerTimingAsync: ssm.onStartUser-0_com.android.server.people.PeopleService
09-12 00:18:48.126 16986 16986 D SystemServerTimingAsync: ssm.onStartUser-0_com.android.server.media.metrics.MediaMetricsManagerService
09-12 00:18:48.126 16986 16986 D SystemServerTimingAsync: ssm.onStartUser-0_com.android.server.media.projection.MediaProjectionManagerService
09-12 00:18:48.126 16986 16986 D SystemServerTimingAsync: ssm.onStartUser-0_com.android.clockwork.power.WearPowerService
09-12 00:18:48.126 16986 16986 D SystemServerTimingAsync: ssm.onStartUser-0_com.android.clockwork.healthservices.HealthService
09-12 00:18:48.126 16986 16986 D SystemServerTimingAsync: ssm.onStartUser-0_com.android.clockwork.systemstatedisplay.SystemStateDisplayService
09-12 00:18:48.126 16986 16986 D SystemServerTimingAsync: ssm.onStartUser-0_com.android.clockwork.connectivity.WearConnectivityService
09-12 00:18:48.126 16986 16986 D SystemServerTimingAsync: ssm.onStartUser-0_com.android.clockwork.display.WearDisplayService
09-12 00:18:48.126 16986 16986 D SystemServerTimingAsync: ssm.onStartUser-0_com.android.clockwork.time.WearTimeService
09-12 00:18:48.126 16986 16986 D SystemServerTimingAsync: ssm.onStartUser-0_com.android.clockwork.settings.WearSettingsService
09-12 00:18:48.126 16986 16986 D SystemServerTimingAsync: ssm.onStartUser-0_com.android.clockwork.modes.ModeManagerService
09-12 00:18:48.126 16986 16986 D SystemServerTimingAsync: ssm.onStartUser-0_com.android.clockwork.input.WearInputService
09-12 00:18:48.126 16986 16986 D SystemServerTimingAsync: ssm.onStartUser-0_com.android.server.stats.StatsCompanion$Lifecycle
09-12 00:18:48.126 16986 16986 D SystemServerTimingAsync: ssm.onStartUser-0_com.android.server.scheduling.RebootReadinessManagerService$Lifecycle
09-12 00:18:48.126 16986 16986 D SystemServerTimingAsync: ssm.onStartUser-0_com.android.server.stats.pull.StatsPullAtomService
09-12 00:18:48.126 16986 16986 D SystemServerTimingAsync: ssm.onStartUser-0_com.android.server.stats.bootstrap.StatsBootstrapAtomService$Lifecycle
09-12 00:18:48.127 16986 16986 D SystemServerTimingAsync: ssm.onStartUser-0_com.android.server.stats.binder.BinderStatsConsumerService$Lifecycle
09-12 00:18:48.127 16986 16986 D SystemServerTimingAsync: ssm.onStartUser-0_com.android.server.incident.IncidentCompanionService
09-12 00:18:48.127 16986 16986 D SystemServerTimingAsync: ssm.onStartUser-0_com.android.server.sdksandbox.SdkSandboxManagerService$Lifecycle
09-12 00:18:48.127 16986 16986 D SystemServerTimingAsync: ssm.onStartUser-0_android.os.profiling.ProfilingService$Lifecycle
09-12 00:18:48.127 16986 16986 D SystemServerTimingAsync: ssm.onStartUser-0_com.android.os.profiling.anomaly.AnomalyDetectorService
09-12 00:18:48.127 16986 16986 D SystemServerTimingAsync: ssm.onStartUser-0_com.android.server.signalcollector.SignalCollectorService
09-12 00:18:48.127 16986 16986 D SystemServerTimingAsync: ssm.onStartUser-0_com.android.uprobestats.UprobeStatsBridgeService
09-12 00:18:48.127 16986 16986 D SystemServerTimingAsync: ssm.onStartUser-0_com.android.server.MmsServiceBroker
09-12 00:18:48.127 16986 16986 D SystemServerTimingAsync: ssm.onStartUser-0_com.android.server.credentials.CredentialManagerService
09-12 00:18:48.127 16986 16986 D SystemServerTimingAsync: ssm.onStartUser-0_com.android.server.clipboard.ClipboardService
09-12 00:18:48.127 16986 16986 D SystemServerTimingAsync: ssm.onStartUser-0_com.android.server.appbinding.AppBindingService$Lifecycle
09-12 00:18:48.134 16986 16986 D SystemServerTimingAsync: ssm.onStartUser-0_com.android.server.tracing.TracingServiceProxy
09-12 00:18:48.139 16986 16986 D SystemServerTimingAsync: ssm.onStartUser-0_com.android.server.os.instrumentation.DynamicInstrumentationManagerService
09-12 00:18:48.139 16986 16986 D SystemServerTimingAsync: ssm.onStartUser-0_com.android.server.policy.PermissionPolicyService
09-12 00:18:48.139 16986 16986 D SystemServerTimingAsync: ssm.onStartUser-0_com.android.server.pm.StagingManager$Lifecycle
09-12 00:18:48.139 16986 16986 D SystemServerTimingAsync: ssm.onStartUser-0_com.android.server.crashrecovery.CrashRecoveryModule$Lifecycle
09-12 00:18:48.139 16986 16986 D SystemServerTimingAsync: ssm.onStartUser-0_com.android.server.ranging.RangingService
09-12 00:18:48.140 16986 16986 D SystemServerTimingAsync: ssm.onStartUser-0_com.android.safetycenter.SafetyCenterService
09-12 00:18:48.140 16986 16986 D SystemServerTimingAsync: ssm.onStartUser-0_com.android.server.appsearch.AppSearchModule$Lifecycle
09-12 00:18:48.140 16986 16986 D SystemServerTimingAsync: ssm.onStartUser-0_com.android.server.media.MediaCommunicationService
09-12 00:18:48.140 16986 16986 D SystemServerTimingAsync: ssm.onStartUser-0_com.android.server.compat.overrides.AppCompatOverridesService$Lifecycle
09-12 00:18:48.140 16986 16986 D SystemServerTimingAsync: ssm.onStartUser-0_com.android.server.healthconnect.HealthConnectManagerService
09-12 00:18:48.141 16986 16986 D SystemServerTimingAsync: ssm.onStartUser-0_com.android.server.SensitiveContentProtectionManagerService
09-12 00:18:48.157 16986 17112 D OomAdjuster: Not killing cached processes
09-12 00:18:48.174 17279 17289 I MediaCodecListGenerator: MediaCodecList generated and serialized (21252 bytes).
09-12 00:18:48.185 16986 16986 D SystemServerTiming: startPersistentApps
09-12 00:18:48.210 16986 16986 D CompatChangeReporter: Compat change id reported: 151861875; UID 2918; state: ENABLED
09-12 00:18:48.223 16986 17003 D CompatChangeReporter: Compat change id reported: 349487600; UID 1073; state: ENABLED
09-12 00:18:48.274 16986 16986 D CompatChangeReporter: Compat change id reported: 151861875; UID 10090; state: ENABLED
09-12 00:18:48.285 16986 16986 D SystemServerTiming: startHomeOnAllDisplays
09-12 00:18:48.289 16986 16986 W ActivityTaskManager: callingPackage for (uid=-1, pid=0) has no WPC
09-12 00:18:48.290 16986 16986 W ActivityStartInterceptor: Starting home with component specified, uid=0
09-12 00:18:48.296 16986 16986 W AppCompatResourceOverlayPolicy: constructor: Failed to find VirtualDeviceManagerService
09-12 00:18:48.329 16986 16986 D CorePackageUpdate: Couldn't find a persistent state for task= 2
09-12 00:18:48.335 16986 16986 V WindowManager: Transition requested [FALLBACK] (#1): com.android.server.wm.Transition$Token@cdc77eb TransitionRequestInfo { type = OPEN, triggerTask = TaskInfo{userId=0 taskId=2 effectiveUid=10068 displayId=0 isRunning=true baseIntent=Intent { act=android.intent.action.MAIN cat=[android.intent.category.HOME] flg=0x10800100 cmp=com.google.android.wearable.sysui/.mainui.activity.SysUiActivity } baseActivity=ComponentInfo{com.google.android.wearable.sysui/com.google.android.wearable.sysui.mainui.activity.SysUiActivity} topActivity=ComponentInfo{com.google.android.wearable.sysui/com.google.android.wearable.sysui.mainui.activity.SysUiActivity} origActivity=null realActivity=ComponentInfo{com.google.android.wearable.sysui/com.google.android.wearable.sysui.mainui.activity.SysUiActivity} realActivityIsAppLockEnabled=false numActivities=1 lastActiveTime=130208045 supportsMultiWindow=false supportsMultiWindowWithoutConstraints=false resizeMode=0 isResizeable=false minWidth=-1 minHeight=-1 defaultMinSize=220 token=WCT{RemoteToken{12ad948 Task{ca388a9 #2 type=home A=10068:com.google.android.wearable.sysui nonResizable}}} topActivityType=2 pictureInPictureParams=null shouldDockBigOverlays=false launchIntoPipHostTaskId=-1 lastParentTaskIdBeforePip=-1 displayCutoutSafeInsets=Rect(0, 0 - 0, 0) topActivityInfo=ActivityInfo{322a3e1 com.google.android.wearable.sysui.mainui.activity.SysUiActivity} launchCookies=[] positionInParent=Point(0, 0) parentTaskId=-1 isFocused=true isInteractive=true isVisible=false isVisibleRequested=true isTopActivityNoDisplay=false isSleeping=false locusId=null displayAreaFeatureId=1 isTopActivityTransparent=false isActivityStackTransparent=false lastNonFullscreenBounds=Rect(54, 54 - 330, 330) leafTaskBoundsFromOptions= false capturedLink=null capturedLinkTimestamp=0 requestedVisibleTypes=503 topActivityRequestOpenInBrowserEducationTimestamp=0 appCompatTaskInfo=AppCompatTaskInfo { topActivityInSizeCompat=false isLeafTask= true eligibleForLetterboxEducation= false isLetterboxEducationEnabled= false isLetterboxDoubleTapEnabled= false eligibleForUserAspectRatioButton= false topActivityBoundsLetterboxed= false isFromLetterboxDoubleTap= false topActivityLetterboxVerticalPosition= -1 topActivityLetterboxHorizontalPosition= -1 topActivityLetterboxWidth=-1 topActivityLetterboxHeight=-1 topActivityAppBounds=Rect(0, 0 - 384, 384) isUserFullscreenOverrideEnabled=false isSystemFullscreenOverrideEnabled=false hasMinAspectRatioOverride=false topActivityLetterboxBounds=null topNonResizableActivityAspectRatio=-1.0} topActivityMainWindowFrame=null isAppBubble=false}, pipChange = null, remoteTransitionInfo = null, displayChanges = null, requestedLocation = null, userChange = null, windowingLayerChange = null, fullscreenRequestChange = null, flags = 0, debugId = 1 }
09-12 00:18:48.337 16986 16986 V ActivityTaskManager: TaskLaunchParamsModifier: phase=3 task=Task{ca388a9 #2 type=home A=10068:com.google.android.wearable.sysui nonResizable} activity=ActivityRecord{126923824 u0 com.google.android.wearable.sysui/.mainui.activity.SysUiActivity t-1} display-area-token-from-option=DefaultTaskDisplayArea@249741755 display-id=0 task-display-area-windowing-mode=1 suggested-display-area=DefaultTaskDisplayArea@249741755 non-freeform-task-display-area display-area=DefaultTaskDisplayArea@249741755 default-portrait freeform-size-mismatch=Rect(54, 54 - 330, 330)
09-12 00:18:48.337 16986 16986 I ActivityTaskManager: START u0 {act=android.intent.action.MAIN cat=[android.intent.category.HOME] flg=0x10000100 cmp=com.google.android.wearable.sysui/.mainui.activity.SysUiActivity (has extras)} with LAUNCH_SINGLE_TASK from uid 0 (BAL_ALLOW_ALLOWLISTED_UID) result code=0
09-12 00:18:48.338 16986 16986 D SystemServerTiming: sendUserStartBroadcast
09-12 00:18:48.339 16986 16986 D SystemServerTiming: broadcastIntent-0-android.intent.action.USER_STARTED
09-12 00:18:48.341 16986 16986 D SystemServerTiming: broadcastIntent--1-android.intent.action.USER_STARTING
09-12 00:18:48.342 16986 16986 D SystemServerTiming: resumeTopActivities
09-12 00:18:48.343 16986 16986 D SystemServerTiming: sendUserSwitchBroadcasts
09-12 00:18:48.343 16986 16986 D SystemServerTiming: broadcastIntent-0-android.intent.action.USER_FOREGROUND
09-12 00:18:48.345 16986 16986 D SystemServerTiming: broadcastIntent--1-android.intent.action.USER_SWITCHED
09-12 00:18:48.348 16986 16986 D SystemServerTiming: setBinderProxies
09-12 00:18:48.349 16986 16986 D SystemServerTiming: componentAlias
09-12 00:18:48.349 16986 16986 D SystemServerTiming: LockSettingsThirdPartyAppsStarted
09-12 00:18:48.350 16986 16986 D SystemServerTiming: StartSystemUI
09-12 00:18:48.369 16986 17274 W ActivityManager: Slow operation: 152ms so far, now at finishAttachApplicationInner: after mServices.attachApplicationLocked
09-12 00:18:48.370 16986 17274 W ActivityManager: Slow operation: 152ms so far, now at finishAttachApplicationInner: after dispatching broadcasts
09-12 00:18:48.381 16986 17013 V WindowManager: Starting transition [FALLBACK] (#1): com.android.server.wm.Transition$Token@cdc77eb TransitionRequestInfo { type = OPEN, triggerTask = TaskInfo{userId=0 taskId=2 effectiveUid=10068 displayId=0 isRunning=true baseIntent=Intent { act=android.intent.action.MAIN cat=[android.intent.category.HOME] flg=0x10800100 cmp=com.google.android.wearable.sysui/.mainui.activity.SysUiActivity } baseActivity=ComponentInfo{com.google.android.wearable.sysui/com.google.android.wearable.sysui.mainui.activity.SysUiActivity} topActivity=ComponentInfo{com.google.android.wearable.sysui/com.google.android.wearable.sysui.mainui.activity.SysUiActivity} origActivity=null realActivity=ComponentInfo{com.google.android.wearable.sysui/com.google.android.wearable.sysui.mainui.activity.SysUiActivity} realActivityIsAppLockEnabled=false numActivities=1 lastActiveTime=130208045 supportsMultiWindow=false supportsMultiWindowWithoutConstraints=false resizeMode=0 isResizeable=false minWidth=-1 minHeight=-1 defaultMinSize=220 token=WCT{RemoteToken{12ad948 Task{ca388a9 #2 type=home A=10068:com.google.android.wearable.sysui nonResizable}}} topActivityType=2 pictureInPictureParams=null shouldDockBigOverlays=false launchIntoPipHostTaskId=-1 lastParentTaskIdBeforePip=-1 displayCutoutSafeInsets=Rect(0, 0 - 0, 0) topActivityInfo=ActivityInfo{322a3e1 com.google.android.wearable.sysui.mainui.activity.SysUiActivity} launchCookies=[] positionInParent=Point(0, 0) parentTaskId=-1 isFocused=true isInteractive=true isVisible=false isVisibleRequested=true isTopActivityNoDisplay=false isSleeping=false locusId=null displayAreaFeatureId=1 isTopActivityTransparent=false isActivityStackTransparent=false lastNonFullscreenBounds=Rect(54, 54 - 330, 330) leafTaskBoundsFromOptions= false capturedLink=null capturedLinkTimestamp=0 requestedVisibleTypes=503 topActivityRequestOpenInBrowserEducationTimestamp=0 appCompatTaskInfo=AppCompatTaskInfo { topActivityInSizeCompat=false isLeafTask= true eligibleForLetterboxEducation= false isLetterboxEducationEnabled= false isLetterboxDoubleTapEnabled= false eligibleForUserAspectRatioButton= false topActivityBoundsLetterboxed= false isFromLetterboxDoubleTap= false topActivityLetterboxVerticalPosition= -1 topActivityLetterboxHorizontalPosition= -1 topActivityLetterboxWidth=-1 topActivityLetterboxHeight=-1 topActivityAppBounds=Rect(0, 0 - 384, 384) isUserFullscreenOverrideEnabled=false isSystemFullscreenOverrideEnabled=false hasMinAspectRatioOverride=false topActivityLetterboxBounds=null topNonResizableActivityAspectRatio=-1.0} topActivityMainWindowFrame=null isAppBubble=false}, pipChange = null, remoteTransitionInfo = null, displayChanges = null, requestedLocation = null, userChange = null, windowingLayerChange = null, fullscreenRequestChange = null, flags = 0, debugId = 1 }
09-12 00:18:48.397 16986 17066 W ActivityManager: Slow operation: 200ms so far, now at startProcess: returned from zygote!
09-12 00:18:48.401 16986 16986 D SystemServerTiming: startApexServices
09-12 00:18:48.402 16986 16986 D SystemServerTiming: starting com.android.server.scheduling.RebootReadinessManagerService$Lifecycle
09-12 00:18:48.403 16986 16986 I SystemServiceManager: Starting com.android.server.scheduling.RebootReadinessManagerService$Lifecycle
09-12 00:18:48.406 16986 16986 I SystemServiceManager: Not starting an already started service com.android.server.scheduling.RebootReadinessManagerService$Lifecycle
09-12 00:18:48.408 16986 16986 D SystemServerTiming: UpdateWatchdogTimeout
09-12 00:18:48.408 16986 16986 I Watchdog: Watchdog timeout updated to 60000 millis
09-12 00:18:48.410 16986 16986 D SensorReadingProvider: Sensor value for 34 changed: true
09-12 00:18:48.411 16986 17066 W ActivityManager: Slow operation: 214ms so far, now at startProcess: done updating battery stats
09-12 00:18:48.413 16986 17066 W ActivityManager: Slow operation: 215ms so far, now at startProcess: building log message
09-12 00:18:48.413 16986 17066 I ActivityManager: Start proc 17413:com.google.android.pixelsystemservice/u0a133 for added application com.google.android.pixelsystemservice
09-12 00:18:48.415 16986 17066 W ActivityManager: Slow operation: 217ms so far, now at startProcess: starting to update pids map
09-12 00:18:48.423 16986 16986 W Looper  : Slow delivery took 10985ms main app=system_server main=true group=FOREGROUND h=android.os.Handler c=com.android.clockwork.displayoffload.AidlHalAdapter$$ExternalSyntheticLambda0@f893697 m=0
09-12 00:18:48.429 16986 17066 W ActivityManager: Slow operation: 231ms so far, now at startProcess: done updating pids map
09-12 00:18:48.430 16986 17066 W ActivityManager: Slow operation: 213ms so far, now at startProcess: asking zygote to start proc
09-12 00:18:48.447 16986 17066 W ActivityManager: Slow operation: 231ms so far, now at startProcess: returned from zygote!
09-12 00:18:48.448 16986 17066 W ActivityManager: Slow operation: 231ms so far, now at startProcess: done updating battery stats
09-12 00:18:48.449 16986 17066 W ActivityManager: Slow operation: 232ms so far, now at startProcess: building log message
09-12 00:18:48.449 16986 17066 I ActivityManager: Start proc 17420:.cacertservice/2918 for added application .cacertservice
09-12 00:18:48.449 16986 17066 W ActivityManager: Slow operation: 233ms so far, now at startProcess: starting to update pids map
09-12 00:18:48.453 16986 17066 W ActivityManager: Slow operation: 236ms so far, now at startProcess: done updating pids map
09-12 00:18:48.453 16986 17066 W ActivityManager: Slow operation: 222ms so far, now at startProcess: asking zygote to start proc
09-12 00:18:48.471 16986 17066 W ActivityManager: Slow operation: 240ms so far, now at startProcess: returned from zygote!
09-12 00:18:48.474 16986 17158 I StorageManagerService: Filesystem configuration feature is disabled
09-12 00:18:48.476 16986 17066 W ActivityManager: Slow operation: 246ms so far, now at startProcess: done updating battery stats
09-12 00:18:48.482 16986 17066 W ActivityManager: Slow operation: 251ms so far, now at startProcess: building log message
09-12 00:18:48.482 16986 17066 I ActivityManager: Start proc 17424:com.qti.phone/u0a126 for added application com.qti.phone
09-12 00:18:48.482 16986 17066 W ActivityManager: Slow operation: 251ms so far, now at startProcess: starting to update pids map
09-12 00:18:48.482 16986 17066 W ActivityManager: Slow operation: 252ms so far, now at startProcess: done updating pids map
09-12 00:18:48.482 16986 17066 W ActivityManager: Slow operation: 239ms so far, now at startProcess: asking zygote to start proc
09-12 00:18:48.489 16986 17353 W ActivityManager: Skipping manifest association check for null package. SourceUid: -1, SourcePkg: null, TargetUid: 10120, TargetPkg: com.google.android.gms
09-12 00:18:48.506 16986 17013 I DisplayDeviceRepository: Display device same: DisplayDeviceInfo{"Built-in Screen": uniqueId="local:4630946367249729921", 384 x 384, modeId 1, renderFrameRate 60.000004, hasArrSupport false, frameRateCategoryRate FrameRateCategoryRate {normal=60.0, high=90.0}, supportedRefreshRates [60.000004, 30.000002, 20.0], defaultModeId 1, userPreferredModeId -1, supportedModes [{id=1, parentModeId=-1, sfModeId=0, flags=, width=384, height=384, fps=60.000004, vsync=60.000004, alternativeRefreshRates=[], supportedHdrTypes=[2, 3, 4]}], colorMode 0, supportedColorModes [0], hdrCapabilities HdrCapabilities{mSupportedHdrTypes=[2, 3, 4], mMaxLuminance=500.0, mMaxAverageLuminance=500.0, mMinLuminance=0.0}, isForceSdr false, allmSupported false, gameContentTypeSupported false, density 320, 325.12 x 325.12 dpi, appVsyncOff 14499998, presDeadline 16000000, touch INTERNAL, rotation 0, type INTERNAL, address StablePhysical{id=4630946367249729921, port=129}, deviceProductInfo DeviceProductInfo{name=, manufacturerPnpId=QCM, productId=1, modelYear=null, manufactureDate=ManufactureDate{week=27, year=2006}, connectionToSinkType=1, edidStructureMetadata=EdidStructureMetadata{version=0, revision=0}, videoInputType=0}, state ON, committedState ON, frameRateOverride , brightnessMinimum 0.0, brightnessMaximum 1.0, brightnessDefault 0.314688, brightnessDim 0.235, hdrSdrRatio NaN, roundedCorners RoundedCorners{[RoundedCorner{position=TopLeft, radius=192, center=Point(192, 192)}, RoundedCorner{position=TopRight, radius=192, center=Point(192, 192)}, RoundedCorner{position=BottomRight, radius=192, center=Point(192, 192)}, RoundedCorner{position=BottomLeft, radius=192, center=Point(192, 192)}]}, FLAG_ALLOWED_TO_BE_DEFAULT_DISPLAY, FLAG_ROTATES_WITH_CONTENT, FLAG_SECURE, FLAG_SUPPORTS_PROTECTED_BUFFERS, FLAG_ROUND, FLAG_TRUSTED, installOrientation 0, displayShape DisplayShape{type=2, displayWidth=384, displayHeight=384, physicalPixelDisplaySizeRatio=1.0, rotation=0, offsetX=0, offsetY=0, scale=1.0}}
09-12 00:18:48.509 16986 17066 W ActivityManager: Slow operation: 266ms so far, now at startProcess: returned from zygote!
09-12 00:18:48.511 16986 17066 W ActivityManager: Slow operation: 267ms so far, now at startProcess: done updating battery stats
09-12 00:18:48.512 16986 17066 W ActivityManager: Slow operation: 269ms so far, now at startProcess: building log message
09-12 00:18:48.513 16986 17066 I ActivityManager: Start proc 17436:com.google.android.grilservice/u0a129 for added application com.google.android.grilservice
09-12 00:18:48.513 16986 17066 W ActivityManager: Slow operation: 269ms so far, now at startProcess: starting to update pids map
09-12 00:18:48.513 16986 17066 W ActivityManager: Slow operation: 269ms so far, now at startProcess: done updating pids map
09-12 00:18:48.516 16986 17066 W ActivityManager: Slow operation: 262ms so far, now at startProcess: asking zygote to start proc
09-12 00:18:48.525 16986 17064 D CountryDetector: Using custom country detector class: com.android.server.location.ComprehensiveCountryDetector
09-12 00:18:48.529 16986 17064 E CountryDetector: Could not instantiate the custom country detector class
09-12 00:18:48.530 16986 17064 D CountryDetector: Using default country detector
09-12 00:18:48.560 16986 16986 D ConditionProviders.SCP: onConnected
09-12 00:18:48.561 16986 16986 D ConditionProviders.SCP: onSubscribe condition://android/schedule?days=1.2.3.4.5.6.7&start=22.0&end=7.0&exitAtAlarm=true
09-12 00:18:48.567 16986 17066 W ActivityManager: Slow operation: 313ms so far, now at startProcess: returned from zygote!
09-12 00:18:48.590 16986 16986 D ConditionProviders.SCP: setRegistered true
09-12 00:18:48.597 17306 17306 W ContextImpl: Calling a method in the system process without a qualified user: android.app.ContextImpl.sendBroadcast:1325 android.content.ContextWrapper.sendBroadcast:508 com.google.wear.services.api.WearService.onCreate:22 android.app.ActivityThread.handleCreateService:5644 android.app.ActivityThread.-$$Nest$mhandleCreateService:0 
09-12 00:18:48.621 16986 17066 W ActivityManager: Slow operation: 368ms so far, now at startProcess: done updating battery stats
09-12 00:18:48.622 16986 17066 W ActivityManager: Slow operation: 369ms so far, now at startProcess: building log message
09-12 00:18:48.624 16986 17066 I ActivityManager: Start proc 17454:org.codeaurora.ims/u0a134 for added application org.codeaurora.ims
09-12 00:18:48.624 16986 17066 W ActivityManager: Slow operation: 371ms so far, now at startProcess: starting to update pids map
09-12 00:18:48.625 16986 17066 W ActivityManager: Slow operation: 371ms so far, now at startProcess: done updating pids map
09-12 00:18:48.626 16986 17066 W ActivityManager: Slow operation: 365ms so far, now at startProcess: asking zygote to start proc
09-12 00:18:48.632 16986 16986 D ConditionProviders.SCP: evaluateSubscriptionLocked cal=ScheduleCalendar[mDays={1, 2, 3, 4, 5, 6, 7}, mSchedule=ScheduleInfo{days=[1, 2, 3, 4, 5, 6, 7], startHour=22, startMinute=0, endHour=7, endMinute=0, exitAtAlarm=true, nextAlarm=Thu Jan 01 05:30:00 GMT+05:30 1970 (0)}], now=Sat Sep 12 00:18:48 GMT+05:30 2026 (1789152528590), nextUserAlarmTime=Thu Jan 01 05:30:00 GMT+05:30 1970 (0)
09-12 00:18:48.635 16986 16986 D ConditionProviders.SCP: notifyCondition condition://android/schedule?days=1.2.3.4.5.6.7&start=22.0&end=7.0&exitAtAlarm=true STATE_TRUE reason=meetsSchedule
09-12 00:18:48.636 16986 16986 D ConditionProviders.SCP: Scheduling evaluate for Sat Sep 12 07:00:00 GMT+05:30 2026 (1789176600000), in +6h41m11s410ms, now=Sat Sep 12 00:18:48 GMT+05:30 2026 (1789152528590)
09-12 00:18:48.664 16986 17066 W ActivityManager: Slow operation: 402ms so far, now at startProcess: returned from zygote!
09-12 00:18:48.667 16986 17066 W ActivityManager: Slow operation: 406ms so far, now at startProcess: done updating battery stats
09-12 00:18:48.669 16986 17066 W ActivityManager: Slow operation: 408ms so far, now at startProcess: building log message
09-12 00:18:48.670 16986 17066 I ActivityManager: Start proc 17473:com.google.android.apps.wearable.systemui/u0a132 for added application com.google.android.apps.wearable.systemui
09-12 00:18:48.670 16986 17066 W ActivityManager: Slow operation: 408ms so far, now at startProcess: starting to update pids map
09-12 00:18:48.671 16986 17066 W ActivityManager: Slow operation: 410ms so far, now at startProcess: done updating pids map
09-12 00:18:48.671 16986 17066 W ActivityManager: Slow operation: 405ms so far, now at startProcess: asking zygote to start proc
09-12 00:18:48.709 16986 17066 W ActivityManager: Slow operation: 442ms so far, now at startProcess: returned from zygote!
09-12 00:18:48.711 16986 17066 W ActivityManager: Slow operation: 445ms so far, now at startProcess: done updating battery stats
09-12 00:18:48.714 16986 17066 W ActivityManager: Slow operation: 447ms so far, now at startProcess: building log message
09-12 00:18:48.714 16986 17066 I ActivityManager: Start proc 17476:com.android.se/1068 for added application com.android.se
09-12 00:18:48.714 16986 17066 W ActivityManager: Slow operation: 447ms so far, now at startProcess: starting to update pids map
09-12 00:18:48.735 16986 17066 W ActivityManager: Slow operation: 468ms so far, now at startProcess: done updating pids map
09-12 00:18:48.739 16986 17066 W ActivityManager: Slow operation: 469ms so far, now at startProcess: asking zygote to start proc
09-12 00:18:48.773 16986 17066 W ActivityManager: Slow operation: 503ms so far, now at startProcess: returned from zygote!
09-12 00:18:48.779 16986 17066 W ActivityManager: Slow operation: 509ms so far, now at startProcess: done updating battery stats
09-12 00:18:48.780 16986 17066 W ActivityManager: Slow operation: 509ms so far, now at startProcess: building log message
09-12 00:18:48.784 16986 17066 I ActivityManager: Start proc 17492:com.google.android.nfc/1027 for added application com.google.android.nfc
09-12 00:18:48.784 16986 17066 W ActivityManager: Slow operation: 514ms so far, now at startProcess: starting to update pids map
09-12 00:18:48.785 16986 17066 W ActivityManager: Slow operation: 514ms so far, now at startProcess: done updating pids map
09-12 00:18:48.785 16986 17075 W BatteryExternalStatsWorker: timeout reading wifi stats
09-12 00:18:48.788 16986 17066 W ActivityManager: Slow operation: 513ms so far, now at startProcess: asking zygote to start proc
09-12 00:18:48.798 16986 16986 I UsbService: Broadcast ACTION_USB_PORT_CHANGED received, setting USB data signal to true
09-12 00:18:48.813 16986 17066 W ActivityManager: Slow operation: 537ms so far, now at startProcess: returned from zygote!
09-12 00:18:48.827 16986 17066 W ActivityManager: Slow operation: 552ms so far, now at startProcess: done updating battery stats
09-12 00:18:48.828 16986 17066 W ActivityManager: Slow operation: 552ms so far, now at startProcess: building log message
09-12 00:18:48.828 16986 17066 I ActivityManager: Start proc 17494:.qtidataservices/u0a90 for added application .qtidataservices
09-12 00:18:48.828 16986 17066 W ActivityManager: Slow operation: 553ms so far, now at startProcess: starting to update pids map
09-12 00:18:48.830 16986 17066 W ActivityManager: Slow operation: 554ms so far, now at startProcess: done updating pids map
09-12 00:18:48.831 16986 17066 W ActivityManager: Slow operation: 549ms so far, now at startProcess: asking zygote to start proc
09-12 00:18:48.858 16986 17066 W ActivityManager: Slow operation: 575ms so far, now at startProcess: returned from zygote!
09-12 00:18:48.888 16986 17075 W MobileRadioPowerStatsCollector: error reading modem stats:ERROR_PHONE_NOT_AVAILABLE
09-12 00:18:48.895 16986 17066 W ActivityManager: Slow operation: 612ms so far, now at startProcess: done updating battery stats
09-12 00:18:48.905 16986 17066 I Watchdog: Interesting Java process com.android.phone started. Pid 17502
09-12 00:18:48.908 16986 17066 W ActivityManager: Slow operation: 626ms so far, now at startProcess: building log message
09-12 00:18:48.908 16986 17066 I ActivityManager: Start proc 17502:com.android.phone/1001 for added application com.android.phone
09-12 00:18:48.909 16986 17066 W ActivityManager: Slow operation: 626ms so far, now at startProcess: starting to update pids map
09-12 00:18:48.910 16986 17066 W ActivityManager: Slow operation: 627ms so far, now at startProcess: done updating pids map
09-12 00:18:49.042 16986 16986 W Looper  : Slow dispatch took 227ms main app=system_server main=true group=FOREGROUND h=android.app.ActivityThread$H c=null m=114
09-12 00:18:49.043 16986 16986 I TelecomFramework: TelecomSInitializer: initialize, telecomUi: com.google.android.telecomui
09-12 00:18:49.073 16986 16986 I TelecomFramework: TelecomServiceInitializer: Successfully enabled TelecomUi for user UserHandle{0}
09-12 00:18:49.096 16986 17075 I BluetoothPowerStatsCollector: Bluetooth is off, skipping activity info request.
09-12 00:18:49.240 16986 17112 W ActivityManager: Skipping manifest association check for null package. SourceUid: -1, SourcePkg: null, TargetUid: 10068, TargetPkg: com.google.android.wearable.sysui
09-12 00:18:49.276 16986 16986 I Telecom : SystemStateHelper: Registering broadcast receiver: android.content.IntentFilter@7fd768b: TS.init@AAA
09-12 00:18:49.285 16986 16986 I Telecom : SystemStateHelper: Registering broadcast receiver: android.content.IntentFilter@d4af067: TS.init@AAA
09-12 00:18:49.304 16986 16986 I Telecom : TelecomMetricsController: TMC.m1: TS.init@AAA
09-12 00:18:49.307 16986 16986 I Telecom : TelecomMetricsController: TMC.m2: TS.init@AAA
09-12 00:18:49.356 16986 16986 I Telecom : CallAudioRouteController: calculateSupportedRouteMaskInit: is wired headset plugged in - false: TS.init@AAA
09-12 00:18:49.356 17283 17283 I DisplayManager: Implicitly registering for refresh rate
09-12 00:18:49.357 16986 16986 I Telecom : CallAudioRouteController: calculateSupportedRouteMaskInit: is device list size: 2: TS.init@AAA
09-12 00:18:49.357 16986 16986 I Telecom : CallAudioRouteController: calculateSupportedRouteMaskInit: audio route type from audio device info: 3: TS.init@AAA
09-12 00:18:49.357 16986 16986 I Telecom : CallAudioRouteController: calculateSupportedRouteMaskInit: audio route type from audio device info: 0: TS.init@AAA
09-12 00:18:49.358 16986 16986 I Telecom : Factory: createRetry; type=TYPE_SPEAKER, address=null, retryCount=2: TS.init@AAA
09-12 00:18:49.359 16986 16986 I Telecom : Factory: type: 2: TS.init@AAA
09-12 00:18:49.371 16986 17547 I Telecom : AudioRoutesCallback: updateAudioRoutes: add devices? true: ARC.oADA@AAE
09-12 00:18:49.371 16986 17547 I Telecom : AudioRoutesCallback: updateAudioRoutes: audioDeviceInfo: AudioDeviceInfo: type: speaker addr:  id: 2, audioRouteType: 3: ARC.oADA@AAE
09-12 00:18:49.372 16986 17547 I Telecom : CallAudioRouteController: createSpeakerRoute: route already created. Skipping.: ARC.oADA@AAE
09-12 00:18:49.372 16986 17547 I Telecom : AudioRoutesCallback: updateAudioRoutes: audioDeviceInfo: AudioDeviceInfo: type: telephony_tx addr:  id: 12, audioRouteType: 0: ARC.oADA@AAE
09-12 00:18:49.373 16986 17547 I Telecom : AudioRoutesCallback: updateAudioRoutes: skipping route.: ARC.oADA@AAE
09-12 00:18:49.376 16986 17547 I Telecom : AudioRoutesCallback: updateAudioRoutes: audioDeviceInfo: AudioDeviceInfo: type: mic addr: bottom id: 19, audioRouteType: 0: ARC.oADA@AAE
09-12 00:18:49.392 16986 16986 I Telecom : TelecomRinger: Device provided serialized ringer vibration is no longer supported; falling back to simple default ring vibration.: TS.init@AAA
09-12 00:18:49.406 16986 17547 I Telecom : AudioRoutesCallback: Ignore non sink device.: ARC.oADA@AAE
09-12 00:18:49.406 16986 17547 I Telecom : AudioRoutesCallback: updateAudioRoutes: audioDeviceInfo: AudioDeviceInfo: type: telephony_rx addr:  id: 23, audioRouteType: 0: ARC.oADA@AAE
09-12 00:18:49.407 16986 17547 I Telecom : AudioRoutesCallback: Ignore non sink device.: ARC.oADA@AAE
09-12 00:18:49.407 16986 17547 I Telecom : AudioRoutesCallback: updateAudioRoutes: audioDeviceInfo: AudioDeviceInfo: type: remote_submix addr: 0 id: 26, audioRouteType: 0: ARC.oADA@AAE
09-12 00:18:49.407 16986 17547 I Telecom : AudioRoutesCallback: Ignore non sink device.: ARC.oADA@AAE
09-12 00:18:49.444 16986 17550 I Telecom : CallAudioModeStateMachine: Audio focus entering UNFOCUSED state
09-12 00:18:49.465 16986 17550 I Telecom : CallAudioModeStateMachine: Message received: null.: TS.init->CAMSM.pM_1@AAA
09-12 00:18:49.490 16986 17065 W ActivityManager: Skipping manifest association check for null package. SourceUid: -1, SourcePkg: null, TargetUid: 10120, TargetPkg: com.google.android.gms
09-12 00:18:49.532 16986 16986 I Telecom : CallsManager: onUserSwitch: userHandle=UserHandle{0}: TS.init@AAA
09-12 00:18:49.540 16986 16986 I Telecom : CallsManager: reloadMissedCallsOfUser: userHandle=UserHandle{0}: TS.init@AAA
09-12 00:18:49.541 16986 16986 I Telecom : MissedCallNotifierImpl: reloadFromDatabase: user=0: TS.init@AAA
09-12 00:18:49.543 16986 16986 I Telecom : MissedCallNotifierImpl: reloadFromDatabase: Boot not yet complete -- call log db may not be available. Deferring loading until boot complete for user 0: TS.init@AAA
09-12 00:18:49.547 16986 16986 I Telecom : CallLogIntegrationAdapterImpl: getSupportedVoipCallLogIntegrationPackages: user 0: TS.init@AAA
09-12 00:18:49.550 16986 16986 I Telecom : CallLogIntegrationAdapterImpl: Getting supported VoIP packages for user UserHandle{0}: TS.init@AAA
09-12 00:18:49.554 16986 16986 I Telecom : CallLogIntegrationAdapterImpl: Querying supported VoIP packages: TS.init@AAA
09-12 00:18:49.555 16986 16986 I Telecom : CallLogIntegrationAdapterImpl: Loading shared preferences for user UserHandle{0}: TS.init@AAA
09-12 00:18:49.584 16986 16986 I Telecom : CallsManager: onUserSwitch: userHandle=UserHandle{0}: TS.init@AAA
09-12 00:18:49.585 16986 16986 I Telecom : CallsManager: reloadMissedCallsOfUser: userHandle=UserHandle{0}: TS.init@AAA
09-12 00:18:49.585 16986 16986 I Telecom : MissedCallNotifierImpl: reloadFromDatabase: user=0: TS.init@AAA
09-12 00:18:49.609 16986 17065 W ActivityManager: Skipping manifest association check for null package. SourceUid: -1, SourcePkg: null, TargetUid: 10068, TargetPkg: com.google.android.wearable.sysui
09-12 00:18:49.614 16986 16986 I Telecom : Class: TelecomSystem.INSTANCE being set
09-12 00:18:49.619 16986 16986 W Looper  : Slow dispatch took 576ms main app=system_server main=true group=FOREGROUND h=android.app.ActivityThread$H c=null m=121
09-12 00:18:49.715 16986 17208 I CDM_CompanionDeviceManagerService: Setting DeviceId=[DeviceId{,mCustomId= null,mMacAddress= b8:f4:a4:c8:d8:c0}] to id=[1]...
09-12 00:18:49.719 16986 17208 I CDM_AssociationStore: Updating new association=[Association{mId=1, mUserId=0, mPackageName='com.google.wear.services', mDeviceMacAddress=null, mDisplayName='Google Pixel Watch 2', mDeviceProfile='null', mSelfManaged=true, mAssociatedDevice=null, mNotifyOnDeviceNearby=false, mRevoked=false, mPending=false, mTrusted=false, mTimeApprovedMs=Fri Feb 27 15:37:12 GMT+05:30 2026, mLastTimeConnectedMs=Sat Sep 12 00:12:54 GMT+05:30 2026, mSystemDataSyncFlags=16, mTransportFlags=0, mDeviceId=DeviceId{,mCustomId= null,mMacAddress= b8:f4:a4:c8:d8:c0}, mPackagesToNotify=null, mMetadata=PersistableBundle[{_timestamp_=1787325568255}], mTimeMetadataSentMs=Fri Aug 21 20:49:28 GMT+05:30 2026, mExtraPermissions=[], mRemoteAiAgentSupported=false}]...
09-12 00:18:49.723 16986 17208 I CDM_AssociationStore: Done updating association.
09-12 00:18:49.724 16986 17208 I CDM_AssociationStore: Broadcasting association changes - changeType=[3]...
09-12 00:18:49.725 16986 16986 W Looper  : Slow dispatch took 104ms main app=system_server main=true group=FOREGROUND h=android.app.ActivityThread$H c=null m=114
09-12 00:18:49.725 16986 17571 I CDM_AssociationDiskStore: Writing associations for user 0 to disk
09-12 00:18:49.734 16986 16986 I PackageWatchdog: Syncing health check requests for packages: {}
09-12 00:18:49.735 16986 16986 I ExplicitHealthCheckController: Service not ready to get health check supported packages. Binding...
09-12 00:18:49.741 16986 16986 I ExplicitHealthCheckController: Explicit health check service is bound
09-12 00:18:49.790 16986 16986 D WallpaperManagerService: WPMS.onServiceConnected-ComponentInfo{com.google.android.wearable.watchface.rwf/com.google.android.wearable.watchface.athletica.AthleticaWatchFaceService}
09-12 00:18:49.790 16986 16986 D WallpaperManagerService: WPMS.attachServiceLocked
09-12 00:18:49.790 16986 16986 D WallpaperManagerService: WPMS.connectLocked-ComponentInfo{com.google.android.wearable.watchface.rwf/com.google.android.wearable.watchface.athletica.AthleticaWatchFaceService}
09-12 00:18:49.793 16986 16986 D WallpaperManagerService: WPMS.saveSettingsLocked-0
09-12 00:18:49.807 16986 17353 I CDM_DevicePresenceProcessor: processSelfManagedDevicePresenceEvent() id=1, event=DevicePresenceEvent { Association Id= 1,ParcelUuid= null,Event= 5}
09-12 00:18:49.808 16986 17353 I CDM_AssociationStore: Updating new association=[Association{mId=1, mUserId=0, mPackageName='com.google.wear.services', mDeviceMacAddress=null, mDisplayName='Google Pixel Watch 2', mDeviceProfile='null', mSelfManaged=true, mAssociatedDevice=null, mNotifyOnDeviceNearby=false, mRevoked=false, mPending=false, mTrusted=false, mTimeApprovedMs=Fri Feb 27 15:37:12 GMT+05:30 2026, mLastTimeConnectedMs=Sat Sep 12 00:18:49 GMT+05:30 2026, mSystemDataSyncFlags=16, mTransportFlags=0, mDeviceId=DeviceId{,mCustomId= null,mMacAddress= b8:f4:a4:c8:d8:c0}, mPackagesToNotify=null, mMetadata=PersistableBundle[{_timestamp_=1787325568255}], mTimeMetadataSentMs=Fri Aug 21 20:49:28 GMT+05:30 2026, mExtraPermissions=[], mRemoteAiAgentSupported=false}]...
09-12 00:18:49.809 16986 17353 I CDM_AssociationStore: Done updating association.
09-12 00:18:49.811 16986 17353 I CDM_AssociationStore: Broadcasting association changes - changeType=[3]...
09-12 00:18:49.821 16986 17409 D WindowManager: setClientSurface Surface(name=VRI-TrayInitializationOverlay#3140)/@0xd66f799 for 5873d96 TrayInitializationOverlay
09-12 00:18:49.825 16986 17066 W ActivityManager: Slow operation: 86ms so far, now at startProcess: returned from zygote!
09-12 00:18:49.831 16986 16986 I Telecom : WiredHeadsetManager: ACTION_HEADSET_PLUG event, plugged in: false, : WHC.oADA@AAI
09-12 00:18:49.834 16986 17571 I CDM_AssociationDiskStore: Writing associations for user 0 to disk
09-12 00:18:49.837 16986 17353 I CDM_DevicePresenceProcessor: onDevicePresenceEvent() id=[1], event=[DevicePresenceEvent { Association Id= 1,ParcelUuid= null,Event= 5}]...
09-12 00:18:49.841 16986 17353 W CDM_DevicePresenceProcessor: The association is already NOT present.
09-12 00:18:49.841 16986 17353 E CDM_DevicePresenceProcessor: Package is not bound
09-12 00:18:49.844 16986 17066 W ActivityManager: Slow operation: 106ms so far, now at startProcess: done updating battery stats
09-12 00:18:49.845 16986 17066 W ActivityManager: Slow operation: 107ms so far, now at startProcess: building log message
09-12 00:18:49.845 16986 17066 I ActivityManager: Start proc 17573:android.ext.services/u0a62 for bound-service {android.ext.services/android.ext.services.watchdog.ExplicitHealthCheckServiceImpl}
09-12 00:18:49.845 16986 17066 W ActivityManager: Slow operation: 107ms so far, now at startProcess: starting to update pids map
09-12 00:18:49.846 16986 17066 W ActivityManager: Slow operation: 107ms so far, now at startProcess: done updating pids map
09-12 00:18:49.874 16986 16986 I MediaSessionStack: addSession to bottom of stack | record: com.android.server.telecom/HeadsetMediaButton/1 (userId=0)
09-12 00:18:49.875 16986 16986 I MediaSessionStack: removeSession | record: com.android.server.telecom/HeadsetMediaButton/1 (userId=0)
09-12 00:18:49.887 16986 17113 I CDM_DevicePresenceProcessor: processSelfManagedDevicePresenceEvent() id=1, event=DevicePresenceEvent { Association Id= 1,ParcelUuid= null,Event= 8}
09-12 00:18:49.887 16986 17113 I CDM_AssociationStore: Updating new association=[Association{mId=1, mUserId=0, mPackageName='com.google.wear.services', mDeviceMacAddress=null, mDisplayName='Google Pixel Watch 2', mDeviceProfile='null', mSelfManaged=true, mAssociatedDevice=null, mNotifyOnDeviceNearby=false, mRevoked=false, mPending=false, mTrusted=false, mTimeApprovedMs=Fri Feb 27 15:37:12 GMT+05:30 2026, mLastTimeConnectedMs=Sat Sep 12 00:18:49 GMT+05:30 2026, mSystemDataSyncFlags=16, mTransportFlags=0, mDeviceId=DeviceId{,mCustomId= null,mMacAddress= b8:f4:a4:c8:d8:c0}, mPackagesToNotify=null, mMetadata=PersistableBundle[{_timestamp_=1787325568255}], mTimeMetadataSentMs=Fri Aug 21 20:49:28 GMT+05:30 2026, mExtraPermissions=[], mRemoteAiAgentSupported=false}]...
09-12 00:18:49.896 16986 17113 I CDM_AssociationStore: Done updating association.
09-12 00:18:49.896 16986 17409 D WindowManager: setClientSurface Surface(name=VRI-com.google.android.wearable.sysui/com.google.android.wearable.sysui.mainui.activity.SysUiActivity#3141)/@0xa190c2 for adad50 com.google.android.wearable.sysui/com.google.android.wearable.sysui.mainui.activity.SysUiActivity
09-12 00:18:49.897 16986 17113 I CDM_AssociationStore: Broadcasting association changes - changeType=[3]...
09-12 00:18:49.899 16986 17113 I CDM_DevicePresenceProcessor: onDevicePresenceEvent() id=[1], event=[DevicePresenceEvent { Association Id= 1,ParcelUuid= null,Event= 8}]...
09-12 00:18:49.899 16986 17113 W CDM_DevicePresenceProcessor: The association is already NOT present.
09-12 00:18:49.899 16986 17113 E CDM_DevicePresenceProcessor: Package is not bound
09-12 00:18:49.931 16986 17288 W ActivityManager: Unable to start service Intent { act=com.google.android.chimera.BoundService.START dat=chimera-action: xflg=0x4 cmp=com.google.android.gms/.chimera.PersistentApiService } U=0: not found
09-12 00:18:49.940 16986 17112 D CompatChangeReporter: Compat change id reported: 463899193; UID 10115; state: ENABLED
09-12 00:18:49.941 16986 17353 W ActivityManager: Unable to start service Intent { act=com.google.android.gms.wearable.BIND xflg=0x4 pkg=com.google.android.gms } U=0: not found
09-12 00:18:49.942 16986 17571 I CDM_AssociationDiskStore: Writing associations for user 0 to disk
09-12 00:18:49.945 16986 17208 D CoreBackPreview: Window{adad50 u0 com.google.android.wearable.sysui/com.google.android.wearable.sysui.mainui.activity.SysUiActivity}: Setting back callback OnBackInvokedCallbackInfo{mCallback=android.window.IOnBackInvokedCallback$Stub$Proxy@168c135, mPriority=-1, mIsAnimationCallback=false, mOverrideBehavior=0}
09-12 00:18:49.945 16986 17208 D CoreBackPreview: Window{adad50 u0 com.google.android.wearable.sysui/com.google.android.wearable.sysui.mainui.activity.SysUiActivity}: Setting back callback OnBackInvokedCallbackInfo{mCallback=android.window.IOnBackInvokedCallback$Stub$Proxy@87699ca, mPriority=0, mIsAnimationCallback=false, mOverrideBehavior=0}
09-12 00:18:49.957 16986 17014 V WindowManager: Playing [FALLBACK] animation for #1 @0
09-12 00:18:49.966 16986 17595 D WindowManager: setClientSurface Surface(name=WallpaperService-com.google.android.wearable.watchface.rwf#3144)/@0x6805d88 for 770d1d4 com.google.android.wearable.watchface.athletica.AthleticaWatchFaceService
09-12 00:18:49.973 16986 17587 D WallpaperManagerService: WPMS.mReply.sendResult
09-12 00:18:50.000 16986 17013 V WindowManager: Transition animation [FALLBACK] finished #1 @0
09-12 00:18:50.001 16986 17064 D AccessibilityManagerService: switchUser, userId to switch: 0
09-12 00:18:50.035 16986 17064 V AccessibilityUserState: updateShortcutTargets: type:accessibility_shortcut_target_service, current:{}, new:{}
09-12 00:18:50.039 16986 17064 V AccessibilityUserState: updateShortcutTargets: type:accessibility_qs_targets, current:{}, new:{}
09-12 00:18:50.044 16986 17010 V WindowManager: Sent Transition (#1) createdAt=09-12 00:18:48.310 via request=TransitionRequestInfo { type = OPEN, triggerTask = TaskInfo{userId=0 taskId=2 effectiveUid=10068 displayId=0 isRunning=true baseIntent=Intent { act=android.intent.action.MAIN cat=[android.intent.category.HOME] flg=0x10800100 cmp=com.google.android.wearable.sysui/.mainui.activity.SysUiActivity } baseActivity=ComponentInfo{com.google.android.wearable.sysui/com.google.android.wearable.sysui.mainui.activity.SysUiActivity} topActivity=ComponentInfo{com.google.android.wearable.sysui/com.google.android.wearable.sysui.mainui.activity.SysUiActivity} origActivity=null realActivity=ComponentInfo{com.google.android.wearable.sysui/com.google.android.wearable.sysui.mainui.activity.SysUiActivity} realActivityIsAppLockEnabled=false numActivities=1 lastActiveTime=130208045 supportsMultiWindow=false supportsMultiWindowWithoutConstraints=false resizeMode=0 isResizeable=false minWidth=-1 minHeight=-1 defaultMinSize=220 token=WCT{RemoteToken{12ad948 Task{ca388a9 #2 type=home A=10068:com.google.android.wearable.sysui nonResizable}}} topActivityType=2 pictureInPictureParams=null shouldDockBigOverlays=false launchIntoPipHostTaskId=-1 lastParentTaskIdBeforePip=-1 displayCutoutSafeInsets=Rect(0, 0 - 0, 0) topActivityInfo=ActivityInfo{322a3e1 com.google.android.wearable.sysui.mainui.activity.SysUiActivity} launchCookies=[] positionInParent=Point(0, 0) parentTaskId=-1 isFocused=true isInteractive=true isVisible=false isVisibleRequested=true isTopActivityNoDisplay=false isSleeping=false locusId=null displayAreaFeatureId=1 isTopActivityTransparent=false isActivityStackTransparent=false lastNonFullscreenBounds=Rect(54, 54 - 330, 330) leafTaskBoundsFromOptions= false capturedLink=null capturedLinkTimestamp=0 requestedVisibleTypes=503 topActivityRequestOpenInBrowserEducationTimestamp=0 appCompatTaskInfo=AppCompatTaskInfo { topActivityInSizeCompat=false isLeafTask= true eligibleForLetterboxEducation= false isLetterboxEducationEnabled= false isLetterboxDoubleTapEnabled= false eligibleForUserAspectRatioButton= false topActivityBoundsLetterboxed= false isFromLetterboxDoubleTap= false topActivityLetterboxVerticalPosition= -1 topActivityLetterboxHorizontalPosition= -1 topActivityLetterboxWidth=-1 topActivityLetterboxHeight=-1 topActivityAppBounds=Rect(0, 0 - 384, 384) isUserFullscreenOverrideEnabled=false isSystemFullscreenOverrideEnabled=false hasMinAspectRatioOverride=false topActivityLetterboxBounds=null topNonResizableActivityAspectRatio=-1.0} topActivityMainWindowFrame=null isAppBubble=false}, pipChange = null, remoteTransitionInfo = null, displayChanges = null, requestedLocation = null, userChange = null, windowingLayerChange = null, fullscreenRequestChange = null, flags = 0, debugId = 1 }
09-12 00:18:50.045 16986 17010 V WindowManager:     startWCT=WindowContainerTransaction { changes= {} hops= [] flags= 0 errorCallbackToken=null taskFragmentOrganizer=null }
09-12 00:18:50.045 16986 17010 V WindowManager:     info={id=1 t=OPEN f=0x0 trk=0 r=[0@Point(0, 0)] c=[
09-12 00:18:50.045 16986 17010 V WindowManager:         {WCT{RemoteToken{792fe15 DefaultTaskDisplayArea@249741755}} m=OPEN f=FLAG_IS_TASK_DISPLAY_AREA leash=Surface(name=DefaultTaskDisplayArea#3107)/@0xdc09822 sb=Rect(0, 0 - 384, 384) eb=Rect(0, 0 - 384, 384) epz=Point(384, 384) d=0}
09-12 00:18:50.045 16986 17010 V WindowManager:     ]}
09-12 00:18:50.045 16986 17010 V WindowManager: Finish Transition (#1): created at 09-12 00:18:48.310 collect-started=0.051ms request-sent=25.012ms started=71.764ms ready=71.706ms sent=1646.885ms commit=12.493ms finished=1690.265ms
09-12 00:18:50.083 16986 17064 V AccessibilityUserState: updateShortcutTargets: type:accessibility_button_targets, current:{}, new:{}
09-12 00:18:50.083 16986 17064 V AccessibilityUserState: updateShortcutTargets: type:accessibility_gesture_targets, current:{}, new:{}
09-12 00:18:50.083 16986 17064 V AccessibilityUserState: updateShortcutTargets: type:accessibility_key_gesture_targets, current:{}, new:{}
09-12 00:18:50.083 16986 17064 V AccessibilityUserState: updateShortcutTargets: type:accessibility_top_row_key_targets, current:{}, new:{}
09-12 00:18:50.086 16986 17064 V AccessibilityUserState: updateShortcutTargets: type:accessibility_quick_access_targets, current:{}, new:{}
09-12 00:18:50.088 16986 17064 V AccessibilityManagerService: onUserStateChangedLocked for userId: 0, forceUpdate: false
09-12 00:18:50.089 16986 17205 W AS.AudioService: ACTION_USER_SWITCHED CurrentUserId: 0
09-12 00:18:50.106 17473 17473 V WindowManagerShell: Adding init callback for TaskStackTransitionObserver
09-12 00:18:50.113 17473 17473 V WindowManagerShell: Adding init callback for DefaultHomePackageSupplier
09-12 00:18:50.124 16986 16986 W Looper  : Slow dispatch took 235ms main app=system_server main=true group=FOREGROUND h=android.app.ActivityThread$H c=android.app.LoadedApk$ReceiverDispatcher$Args$$ExternalSyntheticLambda0@291601 m=0
09-12 00:18:50.142 16986 17406 W ActivityManager: Unbind failed: could not find connection for android.os.BinderProxy@4079bdf
09-12 00:18:50.143 16986 17407 W ActivityManager: Unbind failed: could not find connection for android.os.BinderProxy@635802c
09-12 00:18:50.182 17473 17473 V WindowManagerShell: Adding init callback for ShellTaskOrganizer
09-12 00:18:50.267 16986 17064 V AccessibilityUserState: updateShortcutTargets: type:accessibility_shortcut_target_service, current:{}, new:{}
09-12 00:18:50.267 16986 17064 V AccessibilityUserState: updateShortcutTargets: type:accessibility_button_targets, current:{}, new:{}
09-12 00:18:50.267 16986 17064 V AccessibilityUserState: updateShortcutTargets: type:accessibility_gesture_targets, current:{}, new:{}
09-12 00:18:50.267 16986 17064 V AccessibilityUserState: updateShortcutTargets: type:accessibility_qs_targets, current:{}, new:{}
09-12 00:18:50.267 16986 17064 V AccessibilityUserState: updateShortcutTargets: type:accessibility_key_gesture_targets, current:{}, new:{}
09-12 00:18:50.267 16986 17064 V AccessibilityUserState: updateShortcutTargets: type:accessibility_top_row_key_targets, current:{}, new:{}
09-12 00:18:50.267 16986 17064 V AccessibilityUserState: updateShortcutTargets: type:accessibility_quick_access_targets, current:{}, new:{}
09-12 00:18:50.268 16986 17064 W MagnificationConnectionManager: requestConnection duplicated request: connect=false, mConnectionState=DISCONNECTED
09-12 00:18:50.270 16986 17064 V AccessibilityUserState: updateShortcutTargets: type:accessibility_button_targets, current:{}, new:{}
09-12 00:18:50.270 16986 17064 V AccessibilityUserState: updateShortcutTargets: type:accessibility_qs_targets, current:{}, new:{}
09-12 00:18:50.270 16986 17064 V AccessibilityUserState: updateShortcutTargets: type:accessibility_gesture_targets, current:{}, new:{}
09-12 00:18:50.270 16986 17064 V AccessibilityUserState: updateShortcutTargets: type:accessibility_button_targets, current:{}, new:{}
09-12 00:18:50.288 16986 16986 D WallpaperManagerService: WPMS.onServiceConnected-ComponentInfo{com.google.android.wearable.sysui/com.google.android.clockwork.sysui.experiences.defaultwatchface.DefaultWatchFace}
09-12 00:18:50.288 16986 16986 D WallpaperManagerService: WPMS.attachServiceLocked
09-12 00:18:50.349 16986 17409 W ActivityManager: Skipping manifest association check for null package. SourceUid: -1, SourcePkg: null, TargetUid: 10115, TargetPkg: com.google.android.wearable.watchface.rwf
09-12 00:18:50.361 16986 16986 W Looper  : Drained
09-12 00:18:50.362 17473 17473 V WindowManagerShell: Adding init callback for HomeTransitionObserver
09-12 00:18:50.365 17473 17473 V WindowManagerShell: Adding init callback for FocusTransitionObserver
09-12 00:18:50.370 16986 17003 W ActivityManager: Unable to start service Intent { act=com.google.android.wearable.action.BIND_WATCH_FACE xflg=0x4 pkg=com.google.android.apps.wearable.systemui } U=0: not found
09-12 00:18:50.394 17473 17473 V WindowManagerShell: Adding init callback for DefaultTransitionHandler
09-12 00:18:50.395 17473 17473 V WindowManagerShell: addHandler: Default
09-12 00:18:50.395 17473 17473 V WindowManagerShell: addHandler: Remote
09-12 00:18:50.395 17473 17473 V WindowManagerShell: Adding init callback for Transitions
09-12 00:18:50.400 17473 17473 V WindowManagerShell: Adding init callback for KeyguardTransitionHandler
09-12 00:18:50.406 17338 17338 I DisplayManager: Implicitly registering for refresh rate
09-12 00:18:50.427 17473 17473 V WindowManagerShell: Adding init callback for WearFullScreenTaskListener
09-12 00:18:50.431 17473 17473 V WindowManagerShell: Adding init callback for ActivityEmbeddingController
09-12 00:18:50.488 16986 17066 W ActivityManager: Slow operation: 65ms so far, now at startProcess: returned from zygote!
09-12 00:18:50.497 16986 17066 W ActivityManager: Slow operation: 73ms so far, now at startProcess: done updating battery stats
09-12 00:18:50.497 16986 17066 W ActivityManager: Slow operation: 73ms so far, now at startProcess: building log message
09-12 00:18:50.497 16986 17066 I ActivityManager: Start proc 17636:com.google.android.wearable.pixel.settings.provider/1000 for content provider {com.google.android.wearable.pixel.settings.provider/com.google.android.wearable.pixel.settings.provider.PixelWatchSettingsProvider}
09-12 00:18:50.497 16986 17066 W ActivityManager: Slow operation: 73ms so far, now at startProcess: starting to update pids map
09-12 00:18:50.501 16986 17066 W ActivityManager: Slow operation: 77ms so far, now at startProcess: done updating pids map
--------- beginning of main
09-12 00:18:50.515   874   874 D GPQeSE-HAL: gpqese_open: enter, contextInitialised=1, sessionOpen=1, iseSEGPOpen=1
09-12 00:18:50.515   874   874 D AsyncTimer: Stop: timer is stopped
09-12 00:18:50.524 16986 17222 W PackageInfo: Large parcel: size=36812 pkg=com.android.shell uid=2000 perm=908(5) reqPerm=31900(650) prevAllowSquashing=false
09-12 00:18:50.523 17636 17636 I Zygote  : Process 17636 created for com.google.android.wearable.pixel.settings.provider
09-12 00:18:50.524 17636 17636 I ttings.provider: Using generational CollectorTypeCMC GC.
09-12 00:18:50.531 16986 16986 I ExplicitHealthCheckController: Explicit health check service is connected ComponentInfo{android.ext.services/android.ext.services.watchdog.ExplicitHealthCheckServiceImpl}
09-12 00:18:50.531   515   647 D SnapAlloc: from handle - reserved size 0 custom content metadata size 0
09-12 00:18:50.531   515   647 D SnapAlloc: Successfully mapped metadata 0x1
09-12 00:18:50.534   406   427 D QSEECOMAPI: QSEECom_set_bandwidth is not supported
09-12 00:18:50.535 16986 16986 I ExplicitHealthCheckController: Service initialized, syncing requests
09-12 00:18:50.536 16986 16986 I PackageWatchdog: Syncing health check requests for packages: {}
09-12 00:18:50.540 16986 16986 D ExplicitHealthCheckController: Getting health check supported packages
09-12 00:18:50.544 17306 17306 W CwExecutors: Finished  Q:     1 E:    83 Unnamed:kotlinx.coroutines.internal.DispatchedContinuation (Slow)
09-12 00:18:50.547 17636 17636 D nativeloader: Load libframework-connectivity-tiramisu-jni.so using APEX ns com_android_tethering for caller /apex/com.android.tethering/javalib/framework-connectivity-t.jar: ok
09-12 00:18:50.559 17338 17575 D HWUI    : --- Failed to create image decoder with message 'unimplemented'
09-12 00:18:50.561 17492 17492 W libnfc_nci: Monitor::Inflate: Install failed 0x72463ec8
09-12 00:18:50.564 17338 17575 D HWUI    : --- Failed to create image decoder with message 'unimplemented'
09-12 00:18:50.567 17338 17575 D HWUI    : --- Failed to create image decoder with message 'unimplemented'
09-12 00:18:50.569 17338 17575 D HWUI    : --- Failed to create image decoder with message 'unimplemented'
09-12 00:18:50.570   406   427 D QSEECOMAPI: QSEECom_set_bandwidth is not supported
09-12 00:18:50.573   874   874 I android.hardware.secure_element-service.qti: transmit
09-12 00:18:50.573 17338 17575 D HWUI    : --- Failed to create image decoder with message 'unimplemented'
09-12 00:18:50.573   874   874 D GPQeSE-HAL: getAtrVendorID vendorId is : 32
09-12 00:18:50.574   874   874 D GPQeSE-HAL: gpqese_open: enter, contextInitialised=1, sessionOpen=1, iseSEGPOpen=1
09-12 00:18:50.574   874   874 D AsyncTimer: Stop: timer is stopped
09-12 00:18:50.574 17338 17575 D HWUI    : --- Failed to create image decoder with message 'unimplemented'
09-12 00:18:50.576 17492 17492 D libnfc_nci: RoutingManager::RoutingManager(): Active SE for Nfc-F is 0xC0
09-12 00:18:50.576 17492 17492 D libnfc_nci: RoutingManager::RoutingManager(): default route is 0x00
09-12 00:18:50.576 17492 17492 D libnfc_nci: RoutingManager: DEFAULT_SYS_CODE=0xFEFE
09-12 00:18:50.576 17492 17492 D NfcRoutingOptionManager: mDefaultRoute=0x0
09-12 00:18:50.577 17492 17492 D NfcRoutingOptionManager: mDefaultIsoDepRoute=0x0
09-12 00:18:50.577 17492 17492 D NfcRoutingOptionManager: mDefaultOffHostRoute=0xc0
09-12 00:18:50.577 17492 17492 D NfcRoutingOptionManager: mDefaultFelicaRoute=0xc0
09-12 00:18:50.577 17492 17492 D NfcRoutingOptionManager: mDefaultScRoute=0xc0
09-12 00:18:50.577 17492 17492 D NfcRoutingOptionManager: mOffHostRouteUicc=null
09-12 00:18:50.577 17492 17492 D NfcRoutingOptionManager: mOffHostRouteEse=[-64]
09-12 00:18:50.577 17492 17492 D NfcRoutingOptionManager: mAidMatchingSupport=0x3
09-12 00:18:50.577 17338 17575 D HWUI    : --- Failed to create image decoder with message 'unimplemented'
09-12 00:18:50.577 17492 17492 D NfcRoutingOptionManager: mNdefNfceeRoute=0x10
09-12 00:18:50.577 17492 17492 D NfcRoutingOptionManager: createLookUpTable: route=default, nfceeId=fffffffe
09-12 00:18:50.578 17492 17492 D NfcRoutingOptionManager: createLookUpTable: route=DH, nfceeId=0
09-12 00:18:50.578 17492 17492 D NfcRoutingOptionManager: createLookUpTable: route=eSE1, nfceeId=c0
09-12 00:18:50.578 17492 17492 D NfcRoutingOptionManager: createLookUpTable: route=UNKNOWN, nfceeId=ffffffff
09-12 00:18:50.578 17492 17492 D NfcRoutingOptionManager: createLookUpTable: route=NDEF-NFCEE, nfceeId=10
09-12 00:18:50.578 17492 17492 D NfcRoutingOptionManager: createLookUpTable: nfceeId=0, route=DH
09-12 00:18:50.578 17492 17492 D NfcRoutingOptionManager: createLookUpTable: nfceeId=ffffffff, route=UNKNOWN
09-12 00:18:50.578 17492 17492 D NfcRoutingOptionManager: createLookUpTable: nfceeId=10, route=NDEF-NFCEE
09-12 00:18:50.578 17492 17492 D NfcRoutingOptionManager: createLookUpTable: nfceeId=c0, route=eSE1
09-12 00:18:50.578 17492 17492 D NfcRoutingOptionManager: createLookUpTable: nfceeId=fffffffe, route=default
09-12 00:18:50.578 17492 17492 D NfcRoutingOptionManager: readRoutingOptionsFromPrefs
09-12 00:18:50.578 17492 17492 D NfcRoutingOptionManager: readRoutingOptionsFromPrefs: create mPrefs in readRoutingOptions
09-12 00:18:50.579 17338 17575 D HWUI    : --- Failed to create image decoder with message 'unimplemented'
09-12 00:18:50.582 17338 17575 D HWUI    : --- Failed to create image decoder with message 'unimplemented'
09-12 00:18:50.582   406   427 D QSEECOMAPI: QSEECom_set_bandwidth is not supported
09-12 00:18:50.583 17636 17636 D CompatChangeReporter: Compat change id reported: 333566037; UID 1000; state: ENABLED
09-12 00:18:50.588 17338 17575 D HWUI    : --- Failed to create image decoder with message 'unimplemented'
09-12 00:18:50.589 17492 17492 D NfcRoutingOptionManager: readRoutingOptionsFromPrefs: Routing table not overwritten or overlaid
09-12 00:18:50.590 17338 17575 D HWUI    : --- Failed to create image decoder with message 'unimplemented'
09-12 00:18:50.590 17492 17492 D NfcAidRoutingManager: mDefaultRoute=0x0
09-12 00:18:50.590 17492 17492 D NfcAidRoutingManager: mDefaultOffHostRoute=0xc0
09-12 00:18:50.590 17492 17492 D NfcAidRoutingManager: mDefaultFelicaRoute=0xc0
09-12 00:18:50.590 17492 17492 D NfcAidRoutingManager: mDefaultSysCodeRoute=0xc0
09-12 00:18:50.590 17492 17492 D NfcAidRoutingManager: mOffHostRouteUicc=null
09-12 00:18:50.590 17492 17492 D NfcAidRoutingManager: mOffHostRouteEse=[-64]
09-12 00:18:50.590 17492 17492 D NfcAidRoutingManager: mAidMatchingSupport=0x3
09-12 00:18:50.590 17492 17492 D NfcAidRoutingManager: mDefaultIsoDepRoute=0x0
09-12 00:18:50.590 17492 17492 D NfcRegisteredAidCache: RegisteredAidCache: Controller supports AID prefix routing
09-12 00:18:50.590 17492 17492 D NfcRegisteredAidCache: RegisteredAidCache: Controller supports AID subset routing
09-12 00:18:50.590 17492 17492 D NfcRegisteredT3tIdentifiersCache: RegisteredT3tIdentifiersCache
09-12 00:18:50.592 17338 17575 D HWUI    : --- Failed to create image decoder with message 'unimplemented'
09-12 00:18:50.593 17338 17575 D HWUI    : --- Failed to create image decoder with message 'unimplemented'
09-12 00:18:50.596 17338 17575 D HWUI    : --- Failed to create image decoder with message 'unimplemented'
09-12 00:18:50.598 17338 17575 D HWUI    : --- Failed to create image decoder with message 'unimplemented'
09-12 00:18:50.602 17338 17575 D HWUI    : --- Failed to create image decoder with message 'unimplemented'
09-12 00:18:50.603 17338 17575 D HWUI    : --- Failed to create image decoder with message 'unimplemented'
09-12 00:18:50.605 17338 17575 D HWUI    : --- Failed to create image decoder with message 'unimplemented'
09-12 00:18:50.608 17338 17575 D HWUI    : --- Failed to create image decoder with message 'unimplemented'
09-12 00:18:50.608 17636 17636 D nativeloader: Configuring clns-shared-6 for other apk /system_ext/priv-app/PixelWatchSettingsProvider/PixelWatchSettingsProvider.apk. target_sdk_version=37, uses_libraries=, library_path=/system_ext/priv-app/PixelWatchSettingsProvider/lib/arm:/system_ext/priv-app/PixelWatchSettingsProvider/PixelWatchSettingsProvider.apk!/lib/armeabi-v7a:/system/lib:/system_ext/lib, permitted_path=/data:/mnt/expand:/data/user_de/0/com.google.android.wearable.pixel.settings.provider:/system_ext/priv-app/PixelWatchSettingsProvider:/system/lib:/system_ext/lib
09-12 00:18:50.609 17338 17575 D HWUI    : --- Failed to create image decoder with message 'unimplemented'
09-12 00:18:50.611 16986 17222 D ConnectivityService: requestNetwork for uid/pid:1001/17502 activeRequest: null callbackRequest: 38 [NetworkRequest [ TRACK_SYSTEM_DEFAULT id=38, [ Capabilities: INTERNET&NOT_RESTRICTED&TRUSTED&NOT_VPN&NOT_VCN_MANAGED&NOT_BANDWIDTH_CONSTRAINED RequestorUid: 1001 RequestorPkg: com.android.phone UnderlyingNetworks: Null] ]] callback flags: 0 order: 2147483647 isUidTracked: false declaredMethods: AVAIL|LOST|NC
09-12 00:18:50.612 17338 17575 D HWUI    : --- Failed to create image decoder with message 'unimplemented'
09-12 00:18:50.613   406   427 D QSEECOMAPI: QSEECom_set_bandwidth is not supported
09-12 00:18:50.613 17338 17575 D HWUI    : --- Failed to create image decoder with message 'unimplemented'
09-12 00:18:50.613 16986 17193 D ConnectivityService: NetReassign [no changes] [c 0] [a 0] [i 0]
09-12 00:18:50.615   874   874 I android.hardware.secure_element-service.qti: transmit
09-12 00:18:50.615   874   874 D GPQeSE-HAL: getAtrVendorID vendorId is : 32
09-12 00:18:50.615   874   874 D GPQeSE-HAL: gpqese_open: enter, contextInitialised=1, sessionOpen=1, iseSEGPOpen=1
09-12 00:18:50.615   874   874 D AsyncTimer: Stop: timer is stopped
09-12 00:18:50.618 17338 17575 D HWUI    : --- Failed to create image decoder with message 'unimplemented'
09-12 00:18:50.620 17338 17575 D HWUI    : --- Failed to create image decoder with message 'unimplemented'
09-12 00:18:50.620   406   427 D QSEECOMAPI: QSEECom_set_bandwidth is not supported
09-12 00:18:50.621 17338 17575 D HWUI    : --- Failed to create image decoder with message 'unimplemented'
09-12 00:18:50.622 17338 17575 D HWUI    : --- Failed to create image decoder with message 'unimplemented'
09-12 00:18:50.623 17338 17575 D HWUI    : --- Failed to create image decoder with message 'unimplemented'
09-12 00:18:50.624 17306 17306 W CwExecutors: Finished  Q:     2 E:    73 Unnamed:kotlinx.coroutines.internal.DispatchedContinuation (Slow)
09-12 00:18:50.629 17338 17575 D HWUI    : --- Failed to create image decoder with message 'unimplemented'
09-12 00:18:50.631 17338 17575 D HWUI    : --- Failed to create image decoder with message 'unimplemented'
09-12 00:18:50.633 17338 17575 D HWUI    : --- Failed to create image decoder with message 'unimplemented'
09-12 00:18:50.634 17338 17575 D HWUI    : --- Failed to create image decoder with message 'unimplemented'
09-12 00:18:50.637 17338 17575 D HWUI    : --- Failed to create image decoder with message 'unimplemented'
09-12 00:18:50.641 17338 17575 D HWUI    : --- Failed to create image decoder with message 'unimplemented'
09-12 00:18:50.643 17338 17575 D HWUI    : --- Failed to create image decoder with message 'unimplemented'
09-12 00:18:50.644 16986 17353 I ExplicitHealthCheckController: Explicit health check supported packages [PackageConfig{com.google.android.networkstack, 86400000}]
09-12 00:18:50.644 17338 17575 D HWUI    : --- Failed to create image decoder with message 'unimplemented'
09-12 00:18:50.645 17338 17575 D HWUI    : --- Failed to create image decoder with message 'unimplemented'
09-12 00:18:50.646 17338 17575 D HWUI    : --- Failed to create image decoder with message 'unimplemented'
09-12 00:18:50.648 16986 17353 D PackageWatchdog: Received supported packages [PackageConfig{com.google.android.networkstack, 86400000}]
09-12 00:18:50.651   406   427 D QSEECOMAPI: QSEECom_set_bandwidth is not supported
09-12 00:18:50.652 16986 17353 D ExplicitHealthCheckController: Getting health check requested packages
09-12 00:18:50.653   874   874 I android.hardware.secure_element-service.qti: transmit
09-12 00:18:50.653   874   874 D GPQeSE-HAL: getAtrVendorID vendorId is : 32
09-12 00:18:50.654   874   874 D GPQeSE-HAL: gpqese_open: enter, contextInitialised=1, sessionOpen=1, iseSEGPOpen=1
09-12 00:18:50.654   874   874 D AsyncTimer: Stop: timer is stopped
09-12 00:18:50.657   406   427 D QSEECOMAPI: QSEECom_set_bandwidth is not supported
09-12 00:18:50.671 16986 17407 D ConnectivityService: requestNetwork for uid/pid:1001/17502 activeRequest: null callbackRequest: 39 [NetworkRequest [ TRACK_SYSTEM_DEFAULT id=39, [ Capabilities: INTERNET&NOT_RESTRICTED&TRUSTED&NOT_VPN&NOT_VCN_MANAGED&NOT_BANDWIDTH_CONSTRAINED RequestorUid: 1001 RequestorPkg: com.android.phone UnderlyingNetworks: Null] ]] callback flags: 0 order: 2147483647 isUidTracked: false declaredMethods: AVAIL|LOST|NC
09-12 00:18:50.677 16986 17193 D ConnectivityService: NetReassign [no changes] [c 0] [a 0] [i 0]
09-12 00:18:50.694 17473 17473 V WindowManagerShell: Adding init callback for StartingWindowController
09-12 00:18:50.695   406   427 D QSEECOMAPI: QSEECom_set_bandwidth is not supported
09-12 00:18:50.695 17636 17636 W ttings.provider: Monitor::Inflate: Install failed 0x72289798
09-12 00:18:50.698   874   874 I android.hardware.secure_element-service.qti: transmit
09-12 00:18:50.699   874   874 D GPQeSE-HAL: getAtrVendorID vendorId is : 32
09-12 00:18:50.699   874   874 D GPQeSE-HAL: gpqese_open: enter, contextInitialised=1, sessionOpen=1, iseSEGPOpen=1
09-12 00:18:50.699   874   874 D AsyncTimer: Stop: timer is stopped
09-12 00:18:50.699 17636 17636 V GraphicsEnvironment: Currently set values for:
09-12 00:18:50.699 17636 17636 V GraphicsEnvironment:   angle_gl_driver_selection_pkgs=[]
09-12 00:18:50.699 17636 17636 V GraphicsEnvironment:   angle_gl_driver_selection_values=[]
09-12 00:18:50.699 17636 17636 V GraphicsEnvironment: com.google.android.wearable.pixel.settings.provider is not listed in per-application setting
09-12 00:18:50.699 17636 17636 V GraphicsEnvironment: No special selections for ANGLE, returning default driver choice
09-12 00:18:50.700 17636 17636 V GraphicsEnvironment: Neither updatable production driver nor prerelease driver is supported.
09-12 00:18:50.703   406   427 D QSEECOMAPI: QSEECom_set_bandwidth is not supported
09-12 00:18:50.706 17473 17473 V WindowManagerShell: Adding init callback for ProtoLogController
09-12 00:18:50.706 17636 17641 W ttings.provider: Suspending all threads took: 5.447ms
09-12 00:18:50.710 16866 16882 D Diag_Lib: diag: Diag_LSM_Init: invoked for pid: 16866 with init_count: 0
09-12 00:18:50.710 16866 16882 D Diag_Lib: diag:failed to connect to diag socket
09-12 00:18:50.714 16866 16882 D Diag_Lib:  Diag_LSM_Init: Failed to open handle to diag driver, error = 111
09-12 00:18:50.714 16866 16882 I ATS     : vendor/qcom/sw5100-lw4/proprietary-audio/args/acdb/ats/transports/diag/linux/actp/src/actp.c:actp_diag_init:105 Error[1]: Failed to initialize DIAG
09-12 00:18:50.714 16866 16882 E ATS     : vendor/qcom/sw5100-lw4/proprietary-audio/args/acdb/ats/src/ats.c:ats_init:143 Error[1]: Failed to initialize Diag
09-12 00:18:50.714 16866 16882 E ATS     : vendor/qcom/sw5100-lw4/proprietary-audio/args/acdb/ats/src/ats.c:ats_init:263 Error[1]: Failed to initialize ATS
09-12 00:18:50.714 16866 16882 E AGM: API: ats_init_thread: 64 ats_init failed retry 41 err 1
09-12 00:18:50.716 17380 17380 D BluetoothKeystoreService: init isCommonCriteriaMode: false
09-12 00:18:50.717 16986 17595 I ExplicitHealthCheckController: Explicit health check requested packages []
09-12 00:18:50.717 16986 17595 I ExplicitHealthCheckController: No more health check requests, unbinding...
09-12 00:18:50.720 17321 17326 D nativeloader: Load libstats_jni.so using APEX ns com_android_os_statsd for caller /apex/com.android.os.statsd/javalib/framework-statsd.jar: ok
09-12 00:18:50.721 17380 17380 I BluetoothKeystoreService: ComputeDataThread: create, doEncrypt: true
09-12 00:18:50.738 17380 17380 I BluetoothKeystoreService: ComputeDataThread: create, doEncrypt: false
09-12 00:18:50.740 17473 17473 V WindowManagerShell: Adding init callback for RootDisplayAreaOrganizer
09-12 00:18:50.741 17380 17380 D BluetoothKeystoreService: start
09-12 00:18:50.742 17380 17667 I BluetoothKeystoreService: ComputeDataThread: run, doEncrypt: false
09-12 00:18:50.743   406   427 D QSEECOMAPI: QSEECom_set_bandwidth is not supported
09-12 00:18:50.747   874   874 I android.hardware.secure_element-service.qti: transmit
09-12 00:18:50.748   874   874 D GPQeSE-HAL: getAtrVendorID vendorId is : 32
09-12 00:18:50.748   874   874 D GPQeSE-HAL: gpqese_open: enter, contextInitialised=1, sessionOpen=1, iseSEGPOpen=1
09-12 00:18:50.748   874   874 D AsyncTimer: Stop: timer is stopped
09-12 00:18:50.750 17380 17665 I BluetoothKeystoreService: ComputeDataThread: run, doEncrypt: true
09-12 00:18:50.751   406   427 D QSEECOMAPI: QSEECom_set_bandwidth is not supported
09-12 00:18:50.753 17380 17380 D BluetoothKeystoreService: loadConfigData
09-12 00:18:50.754 16986 17595 I ExplicitHealthCheckController: Explicit health check service is unbound
09-12 00:18:50.760 17380 17665 I BluetoothKeystoreService: Interrupted while operating.
09-12 00:18:50.761 17306 17435 I WearServices: [DefaultMetadataPreviewProvider]Requesting preview resource for tile ComponentInfo{com.fitbit.FitbitMobile/com.fitbit.tile.primarygoal.TilePrimaryGoalService} of container type with value 0
09-12 00:18:50.764 17380 17665 I BluetoothKeystoreService: ComputeDataThread: Stop, doEncrypt: true
09-12 00:18:50.765 17636 17636 D CompatChangeReporter: Compat change id reported: 407952621; UID 1000; state: ENABLED
09-12 00:18:50.765 17636 17636 D CompatChangeReporter: Compat change id reported: 419020719; UID 1000; state: ENABLED
09-12 00:18:50.773 17380 17667 I BluetoothKeystoreService: Interrupted while operating.
09-12 00:18:50.773 17380 17667 I BluetoothKeystoreService: ComputeDataThread: Stop, doEncrypt: false
09-12 00:18:50.776 17380 17380 D BluetoothKeystoreService: getCompareResult: 0
09-12 00:18:50.777 17573 17604 D nativeloader: Load libstats_jni.so using APEX ns com_android_os_statsd for caller /apex/com.android.os.statsd/javalib/framework-statsd.jar: ok
09-12 00:18:50.783  1084  1084 W qcrilNrd: AIBinder_linkToDeath is being called with a non-null cookie and no onUnlink callback set. Use AIBinder_DeathRecipient_setOnUnlinked to manage the lifetime of the cookie. This will become an abort.
09-12 00:18:50.791   406   427 D QSEECOMAPI: QSEECom_set_bandwidth is not supported
09-12 00:18:50.794 17380 17380 D BluetoothAdapterService: Loading JNI Library
09-12 00:18:50.796 16986 17065 E system_server: Failed to open CMA sysfs stats directory: /sys/kernel/mm/cma: No such file or directory
09-12 00:18:50.802   874   874 I android.hardware.secure_element-service.qti: closeChannel channel number: 1
09-12 00:18:50.802   874   874 D GPQeSE-HAL: getAtrVendorID vendorId is : 32
09-12 00:18:50.802  1084  1084 W qcrilNrd: AIBinder_linkToDeath is being called with a non-null cookie and no onUnlink callback set. Use AIBinder_DeathRecipient_setOnUnlinked to manage the lifetime of the cookie. This will become an abort.
09-12 00:18:50.805 17473 17473 V WindowManagerShell: Adding init callback for BackAnimationController
09-12 00:18:50.808   406   427 D QSEECOMAPI: QSEECom_set_bandwidth is not supported
09-12 00:18:50.813 17636 17636 D CompatChangeReporter: Compat change id reported: 458413887; UID 1000; state: ENABLED
09-12 00:18:50.819  1084  1084 W qcrilNrd: AIBinder_linkToDeath is being called with a non-null cookie and no onUnlink callback set. Use AIBinder_DeathRecipient_setOnUnlinked to manage the lifetime of the cookie. This will become an abort.
09-12 00:18:50.822 17473 17473 V WindowManagerShell: addHandler: BackAnimationController$BackTransitionHandler
09-12 00:18:50.829 17473 17566 V WindowManagerShell: Initializing Shell Components: 20
09-12 00:18:50.838   406   427 D QSEECOMAPI: QSEECom_set_bandwidth is not supported
09-12 00:18:50.840   874   874 D GPQeSE-HAL: esegp_close: enter, delayed=1
09-12 00:18:50.840   874   874 D AsyncTimer: Set: timer is set to expire after 1000ms
09-12 00:18:50.840   874   874 D GPQeSE-HAL: esegp_close: exit
09-12 00:18:50.840 17476 17476 I SecureElement-AccessControlEnforcer: ARA applet is used for:eSE1
09-12 00:18:50.842 17476 17476 D nativeloader: Load libstats_jni.so using APEX ns com_android_os_statsd for caller /apex/com.android.os.statsd/javalib/framework-statsd.jar: ok
09-12 00:18:50.843 17476 17476 W libbinder.Binder: Binder transaction to android.hardware.secure_element.ISecureElementCallback, function: UNKNOWN_FUNCTION_NAME, code: 1, took 1200ms. Data bytes: 148 Reply bytes: 4 Flags: 16
09-12 00:18:50.844   874   874 W libbinder.Binder: Binder transaction to android.hardware.secure_element.ISecureElement, function: init, code: 3, took 1522ms. Data bytes: 140 Reply bytes: 4 Flags: 18
09-12 00:18:50.846 17473 17566 V WindowManagerShell: 	RootTaskDisplayAreaOrganizer init took 12ms
09-12 00:18:50.847 17473 17566 V WindowManagerShell: 	DisplayChangeController init took 1ms
09-12 00:18:50.852 16986 17065 W ActivityManager: Skipping manifest association check for null package. SourceUid: -1, SourcePkg: null, TargetUid: 10115, TargetPkg: com.google.android.wearable.watchface.rwf
09-12 00:18:50.854 17473 17566 V WindowManagerShell: 	DisplayController init took 2ms
09-12 00:18:50.855  1084  1084 W qcrilNrd: AIBinder_linkToDeath is being called with a non-null cookie and no onUnlink callback set. Use AIBinder_DeathRecipient_setOnUnlinked to manage the lifetime of the cookie. This will become an abort.
09-12 00:18:50.857 17476 17476 I SecureElement-Terminal-eSE1: eSE1 was initialized
09-12 00:18:50.857 17476 17476 I SecureElementService: Check if terminal eSE2 is available.
09-12 00:18:50.861 17473 17566 V WindowManagerShell: 	DisplayInsetsController init took 6ms
09-12 00:18:50.861 17473 17566 V WindowManagerShell: Adding command class dump for ShellController
09-12 00:18:50.862 17473 17566 V WindowManagerShell: Adding dump callback for ShellController
09-12 00:18:50.862 17473 17566 V WindowManagerShell: 	ShellController init took 1ms
09-12 00:18:50.863 17473 17566 V WindowManagerShell: 	DisplayImeController init took 0ms
09-12 00:18:50.863 17473 17566 V WindowManagerShell: Adding dump callback for TaskStackTransitionObserver
09-12 00:18:50.864 17473 17566 V WindowManagerShell: 	TaskStackTransitionObserver init took 0ms
09-12 00:18:50.864  1084  1084 W qcrilNrd: AIBinder_linkToDeath is being called with a non-null cookie and no onUnlink callback set. Use AIBinder_DeathRecipient_setOnUnlinked to manage the lifetime of the cookie. This will become an abort.
09-12 00:18:50.865 17473 17566 V WindowManagerShell: 	DefaultHomePackageSupplier init took 1ms
09-12 00:18:50.865 17473 17566 V WindowManagerShell: Adding dump callback for ShellTaskOrganizer
09-12 00:18:50.866 17473 17566 V ShellTaskOrganizer: Registering organizer
09-12 00:18:50.866 17306 17435 I WearServices: [DefaultMetadataPreviewProvider]Requesting preview resource for tile ComponentInfo{com.fitbit.FitbitMobile/com.fitbit.tile.heartrate.TileHeartRateService} of container type with value 0
09-12 00:18:50.868   321   321 I hwservicemanager: getTransport: Cannot find entry android.hardware.secure_element@1.2::ISecureElement/eSE2 in either framework or device VINTF manifest.
09-12 00:18:50.869 17473 17566 V ShellTaskOrganizer: Task appeared taskId=1 listener=null
09-12 00:18:50.870 17473 17566 V ShellTaskOrganizer: Adding overlay to home task
09-12 00:18:50.871 17476 17476 D SecureElement-Terminal-eSE2: SE Hal V1.2 is not supported
09-12 00:18:50.871   321   321 I hwservicemanager: getTransport: Cannot find entry android.hardware.secure_element@1.1::ISecureElement/eSE2 in either framework or device VINTF manifest.
09-12 00:18:50.872 17476 17476 D SecureElement-Terminal-eSE2: SE Hal V1.1 is not supported
09-12 00:18:50.873   321   321 I hwservicemanager: getTransport: Cannot find entry android.hardware.secure_element@1.0::ISecureElement/eSE2 in either framework or device VINTF manifest.
09-12 00:18:50.873 17476 17476 I SecureElementService: No HAL implementation for eSE2
09-12 00:18:50.874 17476 17476 I SecureElementService: Check if terminal SIM1 is available.
09-12 00:18:50.875 17473 17566 V WindowManagerShell: 	ShellTaskOrganizer init took 10ms
09-12 00:18:50.877 17473 17566 V WindowManagerShell: 	HomeTransitionObserver init took 2ms
09-12 00:18:50.877 17473 17566 V WindowManagerShell: Adding dump callback for FocusTransitionObserver
09-12 00:18:50.877 17473 17566 V WindowManagerShell: 	FocusTransitionObserver init took 1ms
09-12 00:18:50.880  1084  1084 W qcrilNrd: AIBinder_linkToDeath is being called with a non-null cookie and no onUnlink callback set. Use AIBinder_DeathRecipient_setOnUnlinked to manage the lifetime of the cookie. This will become an abort.
09-12 00:18:50.881 17476 17476 I SecureElement-Terminal-SIM1: SIM1 was initialized
09-12 00:18:50.881 17476 17476 I SecureElementService: Check if terminal SIM2 is available.
09-12 00:18:50.885 17306 17414 I WearServices: [RestrictedConnection]Tether config state changed: 2
09-12 00:18:50.889 17473 17566 V WindowManagerShell: 	DefaultTransitionHandler init took 11ms
09-12 00:18:50.892 17473 17566 V WindowManagerShell: Adding external interface from Transitions with key com.android.wm.shell.shared.IShellTransitions
09-12 00:18:50.893  1084  1084 W qcrilNrd: AIBinder_linkToDeath is being called with a non-null cookie and no onUnlink callback set. Use AIBinder_DeathRecipient_setOnUnlinked to manage the lifetime of the cookie. This will become an abort.
09-12 00:18:50.896 16986 17611 V WindowManager: Registering transition player android.os.BinderProxy@59e31b3 over 1 other players
09-12 00:18:50.897 17473 17566 V WindowManagerShell: Adding command class transitions for Transitions
09-12 00:18:50.898 17473 17566 V WindowManagerShell: Adding dump callback for Transitions
09-12 00:18:50.898 17473 17566 V WindowManagerShell: 	Transitions init took 10ms
09-12 00:18:50.898 17473 17566 V WindowManagerShell: addHandler: KeyguardTransitionHandler
09-12 00:18:50.899 17473 17566 V WindowManagerShell: 	KeyguardTransitionHandler init took 1ms
09-12 00:18:50.900 17473 17566 V ShellTaskOrganizer: addListenerForType types=[-2] listener=FullscreenTaskListener
09-12 00:18:50.901   321   321 I hwservicemanager: getTransport: Cannot find entry android.hardware.secure_element@1.2::ISecureElement/SIM2 in either framework or device VINTF manifest.
09-12 00:18:50.902 17476 17476 D SecureElement-Terminal-SIM2: SE Hal V1.2 is not supported
09-12 00:18:50.902 17473 17566 V ShellTaskOrganizer: Fullscreen Task Appeared: #1
09-12 00:18:50.903 17473 17566 V WindowManagerShell: 	WearFullScreenTaskListener init took 3ms
09-12 00:18:50.904 17473 17566 V WindowManagerShell: addHandler: ActivityEmbeddingController
09-12 00:18:50.904 17473 17566 V WindowManagerShell: 	ActivityEmbeddingController init took 0ms
09-12 00:18:50.905 17473 17566 V WindowManagerShell: Adding external interface from StartingWindowController with key com.android.wm.shell.startingsurface.IStartingWindow
09-12 00:18:50.906 17473 17566 V WindowManagerShell: 	StartingWindowController init took 2ms
09-12 00:18:50.910 17473 17566 V WindowManagerShell: Adding command class protolog for ProtoLogController
09-12 00:18:50.911   321   321 I hwservicemanager: getTransport: Cannot find entry android.hardware.secure_element@1.1::ISecureElement/SIM2 in either framework or device VINTF manifest.
09-12 00:18:50.911 17473 17566 V WindowManagerShell: 	ProtoLogController init took 5ms
09-12 00:18:50.913 17476 17476 D SecureElement-Terminal-SIM2: SE Hal V1.1 is not supported
09-12 00:18:50.914 17473 17566 V WindowManagerShell: 	RootDisplayAreaOrganizer init took 3ms
09-12 00:18:50.916 17283 17283 I nho     : Failed to find RTT sensor
09-12 00:18:50.917 17473 17566 V WindowManagerShell: Adding external interface from BackAnimationController with key com.android.wm.shell.back.IBackAnimation
09-12 00:18:50.917  1084  1084 W qcrilNrd: AIBinder_linkToDeath is being called with a non-null cookie and no onUnlink callback set. Use AIBinder_DeathRecipient_setOnUnlinked to manage the lifetime of the cookie. This will become an abort.
09-12 00:18:50.917 17473 17566 V WindowManagerShell: Adding dump callback for BackAnimationController
09-12 00:18:50.918 17283 17283 W CwExecutors: Finished  Q:   780 E:   497 LockSafeHomeModulesLifecycleManager.instantiate:PendingTutorialLauncherModule (Slow)
09-12 00:18:50.920 17283 17283 D AudioSystem: onNewServiceWithAdapter: media.audio_flinger service obtained 0xec1e7260
09-12 00:18:50.921   321   321 I hwservicemanager: getTransport: Cannot find entry android.hardware.secure_element@1.0::ISecureElement/SIM2 in either framework or device VINTF manifest.
09-12 00:18:50.921 16859 16883 D AudioFlinger: onStateChanged: pid:17283  uid:10068  state:unfrozen - no freeze activity
09-12 00:18:50.923 17283 17283 D AudioSystem: getService: IAudioFlingerService retrieved: 0xec1e67e0  IAudioFlinger cached: 0xec1e7260
09-12 00:18:50.924 17473 17566 V WindowManagerShell: 	BackAnimationController init took 7ms
09-12 00:18:50.930 17476 17476 I SecureElementService: No HAL implementation for SIM2
09-12 00:18:50.932 17492 17492 D EnabledNfcFCardEmulationServices: EnabledNfcFServices
09-12 00:18:50.933 17492 17492 D NfcRegisteredServicesCache: readDynamicSettingsFromFile
09-12 00:18:50.943 17492 17492 D NfcRegisteredServicesCache: readDynamicSettingsFromFile: ## user id - 0
09-12 00:18:50.943 17492 17492 D NfcRegisteredServicesCache: readOthersLocked
09-12 00:18:50.945 17492 17492 D NfcRegisteredServicesCache: readOtherFromFile
09-12 00:18:50.946 17283 17682 I NotificationManager: Registering Wear notification listener, new number of listeners: 1
09-12 00:18:50.950 17492 17492 D NfcRegisteredServicesCache: invalidateCache
09-12 00:18:50.954 17492 17492 D NfcRegisteredServicesCache: getServicesForCategory: found 0 services for category other
09-12 00:18:50.954 17492 17492 D NfcRegisteredServicesCache: invalidateOther : userId=0
09-12 00:18:50.955 17492 17492 I NfcRegisteredServicesCache: invalidateOther: current user: 0, is managed profile : false
09-12 00:18:50.962 17492 17492 I NfcRegisteredServicesCache: invalidateOther: Removed Services => 
09-12 00:18:50.964 17492 17492 D NfcRegisteredServicesCache: invalidateOther: ComponentInfo{com.google.android.wearable.pixel.aspen/com.google.android.wearable.pixel.aspen.nfc.AspenNfcService}
09-12 00:18:50.965 17492 17492 D NfcRegisteredAidCache: onServicesUpdated
09-12 00:18:50.967 17306 17635 D nativeloader: Load libstats_jni.so using APEX ns com_android_os_statsd for caller /apex/com.android.os.statsd/javalib/framework-statsd.jar: ok
09-12 00:18:50.968 17492 17492 D NfcRegisteredAidCache: generateServiceMapLocked: nb services=0
09-12 00:18:50.971 17492 17492 D NfcRegisteredAidCache: generateAidCacheLocked: Nb of AIDs to process=0
09-12 00:18:50.973 17492 17492 D NfcRegisteredAidCache: updateRoutingLocked: Not updating routing table because NFC is off
09-12 00:18:50.975 17306 17435 I WearServices: [DefaultMetadataPreviewProvider]Requesting preview resource for tile ComponentInfo{com.fitbit.FitbitMobile/com.fitbit.tile.exercisequicklaunch.TileExerciseQuickLaunchService} of container type with value 0
09-12 00:18:50.976 16853 16903 D BootAnimation: Playing files = /product/media/bootanimation-eos-384.zip/part2, Requested repeat = 0, playUntilComplete = false
09-12 00:18:50.977 17283 17283 I SysUI   : [GoogleConnectedFitnessAvailabilityChecker]Connected Fitness installed: false
09-12 00:18:50.983 17492 17492 D RegisteredNfcFServicesCache: readDynamicSystemCodeNfcid2Locked
09-12 00:18:50.983 17306 17435 I WearServices: [DefaultMetadataPreviewProvider]Requesting preview resource for tile ComponentInfo{com.fitbit.FitbitMobile/com.fitbit.tile.sleep.TileSleepService} of container type with value 0
09-12 00:18:50.984 17492 17492 D RegisteredNfcFServicesCache: readDynamicSystemCodeNfcid2Locked: Dynamic System Code, NFCID2 file does not exist
09-12 00:18:50.985 17492 17492 D RegisteredNfcFServicesCache: invalidateCache
09-12 00:18:50.985 17492 17492 D RegisteredNfcFServicesCache: getInstalledServices
09-12 00:18:50.996 17492 17492 D RegisteredNfcFServicesCache: invalidateCache: Service unchanged, not updating
09-12 00:18:50.996 17306 17435 I WearServices: [DefaultMetadataPreviewProvider]Requesting preview resource for tile ComponentInfo{com.google.android.calendar/com.google.android.apps.calendar.wear.tile.CalendarTileService} of container type with value 0
09-12 00:18:50.997 16986 17112 D ConnectivityService: requestNetwork for uid/pid:10068/17283 activeRequest: null callbackRequest: 40 [NetworkRequest [ REQUEST id=41, [ Capabilities: INTERNET&NOT_RESTRICTED&TRUSTED&NOT_VCN_MANAGED&NOT_BANDWIDTH_CONSTRAINED Uid: 10068 RequestorUid: 10068 RequestorPkg: com.google.android.wearable.sysui UnderlyingNetworks: Null] ]] callback flags: 0 order: 2147483647 isUidTracked: false declaredMethods: AVAIL|LOST
09-12 00:18:51.001 17306 17435 I WearServices: [DefaultMetadataPreviewProvider]Requesting preview resource for tile ComponentInfo{com.google.android.wearable.assistant/com.google.android.wearable.assistant.tile.AssistantTileProviderService} of container type with value 0
09-12 00:18:51.001 17492 17492 D NfcRegisteredAidCache: onWalletRoleHolderChanged: Wallet name=com.google.android.gms, User=0
09-12 00:18:51.005 17492 17492 D NfcRegisteredAidCache: generateAidCacheLocked: Nb of AIDs to process=0
09-12 00:18:51.005 17492 17492 D NfcRegisteredAidCache: updateRoutingLocked: Not updating routing table because NFC is off
09-12 00:18:51.005 17492 17492 I libnfc_nci: setNfcSecure: enable= 0
09-12 00:18:51.005 17492 17492 D libnfc_nci: NFA_SetNfcSecure:  status=0
09-12 00:18:51.006 17306 17435 I WearServices: [DefaultMetadataPreviewProvider]Requesting preview resource for tile ComponentInfo{com.google.android.apps.weather/com.google.android.wearable.weather.pixel.ui.tiles.forecast.ForecastTileService} of container type with value 0
09-12 00:18:51.010 16986 17193 D NetworkRequestStateStatsMetrics: Registered nr with ID = 41, package_uid = 10068
09-12 00:18:51.012 17306 17435 I WearServices: [DefaultMetadataPreviewProvider]Requesting preview resource for tile ComponentInfo{com.google.android.apps.maps/com.google.android.apps.gmmwearable.tile.MapsTileProviderService} of container type with value 0
09-12 00:18:51.023 17306 17435 I WearServices: [DefaultMetadataPreviewProvider]Requesting preview resource for tile ComponentInfo{com.google.android.apps.safetyhub/com.google.android.wearable.safety.emergencysharing.tile.EmergencyShareTileService} of container type with value 0
09-12 00:18:51.024 16986 17613 W ActivityManager: Skipping manifest association check for null package. SourceUid: -1, SourcePkg: null, TargetUid: 10068, TargetPkg: com.google.android.wearable.sysui
09-12 00:18:51.026 17473 17473 D SystemUIApplication: loading: com.android.systemui.ScreenDecorations
09-12 00:18:51.030 17492 17492 D libnfc_nci: nfcManager_doSetDefaultFrame: enter
09-12 00:18:51.033 17492 17690 D NfcService: checking on firmware download
09-12 00:18:51.033 16986 17288 W ActivityManager: Unable to start service Intent { xflg=0x4 cmp=com.google.android.wearable.sysui/com.google.android.clockwork.sysui.mainui.module.dumpsys.DumpsysService } U=0: not found
09-12 00:18:51.034 17283 17283 E SysUI   : [DumpsysModule]Could not bind to DumpsysService
09-12 00:18:51.036 17492 17690 D NfcService: NFC is on. Doing normal stuff
09-12 00:18:51.036 17492 17690 D NfcService: EnableDisableTask.enableInternal: begin
09-12 00:18:51.036 17492 17690 I NfcService: Enabling NFC
09-12 00:18:51.038 17492 17690 D nativeloader: Load libstats_jni.so using APEX ns com_android_os_statsd for caller /apex/com.android.os.statsd/javalib/framework-statsd.jar: ok
09-12 00:18:51.039 17306 17435 I WearServices: [DefaultMetadataPreviewProvider]Requesting preview resource for tile ComponentInfo{com.google.android.wearable.sysui/com.google.android.wearable.sysui.experiences.addtile.AddTileTileService} of container type with value 0
09-12 00:18:51.042 17492 17690 D NfcCardEmulationManager: updateForDefaultSwpToEuicc: Euicc CardEmulation is not support
09-12 00:18:51.044 17492 17690 W libnfc_nci: NfcAdaptation::Initialize: Overriding NFA_EE_MAX_EE_SUPPORTED (7) to use 2
09-12 00:18:51.045 16986 17193 D ConnectivityService: NetReassign [no changes] [c 0] [a 0] [i 1]
09-12 00:18:51.045 16986 17065 W ActivityManager: Skipping manifest association check for null package. SourceUid: -1, SourcePkg: null, TargetUid: 10068, TargetPkg: com.google.android.wearable.sysui
09-12 00:18:51.047 16986 16986 D COMPANION_PROXY: got request NetworkRequest [ REQUEST id=41, [ Capabilities: INTERNET&NOT_RESTRICTED&TRUSTED&NOT_VCN_MANAGED&NOT_BANDWIDTH_CONSTRAINED Uid: 10068 RequestorUid: 10068 RequestorPkg: com.google.android.wearable.sysui UnderlyingNetworks: Null] ]
09-12 00:18:51.050 16986 16986 D WEAR_NETWORK_OBSERVER: got request NetworkRequest [ REQUEST id=41, [ Capabilities: INTERNET&NOT_RESTRICTED&TRUSTED&NOT_VCN_MANAGED&NOT_BANDWIDTH_CONSTRAINED Uid: 10068 RequestorUid: 10068 RequestorPkg: com.google.android.wearable.sysui UnderlyingNetworks: Null] ]
09-12 00:18:51.053 17492 17690 D libnfc_nci: GKI_create_task: func=0x0xe3390e8c  id=4  name=NFCA_TASK  stack=0x0x0  stackSize=0
09-12 00:18:51.058   516   536 I SnapAlloc: Using graphics libs for alignment calculations
09-12 00:18:51.058   516   536 D SnapAlloc: from handle - reserved size 4055837032 custom content metadata size 0
09-12 00:18:51.058   516   536 D SnapAlloc: Successfully mapped metadata 0x1
09-12 00:18:51.059 17492 17690 D libnfc_nci: GKI_create_task: func=0x0xe3391018  id=0  name=NFCA_THREAD  stack=0x0x0  stackSize=0
09-12 00:18:51.060   516   536 D SnapAlloc: from handle - reserved size 0 custom content metadata size 0
09-12 00:18:51.060   516   536 D SnapAlloc: Successfully mapped metadata 0x1
09-12 00:18:51.061 16853 16903 D SnapAlloc: from handle - reserved size 0 custom content metadata size 0
09-12 00:18:51.061 16853 16903 D SnapAlloc: Successfully mapped metadata 0x1
09-12 00:18:51.062 16986 17065 V GrammaticalInflectionUtils: AttributionSource: android.content.AttributionSource@16f2f289 does not have READ_SYSTEM_GRAMMATICAL_GENDER permission.
09-12 00:18:51.064   515   637 D SnapAlloc: from handle - reserved size 0 custom content metadata size 0
09-12 00:18:51.064   515   637 D SnapAlloc: Successfully mapped metadata 0x1
09-12 00:18:51.065 17492 17693 D libnfc_nci: gki_task_entry: task_id=0, thread_id=e29c8810/e29c8810, pCond/pMutex=0x0/0x0
09-12 00:18:51.065 17492 17693 D libnfc_nci: GKI_create_task: func=0x0xe3355fe8  id=3  name=NFC_TASK  stack=0x0x0  stackSize=0
09-12 00:18:51.066 17492 17692 D libnfc_nci: gki_task_entry: task_id=4, thread_id=e2aca810/e2aca810, pCond/pMutex=0x0/0x0
09-12 00:18:51.067 17492 17692 D libnfc_nci: GKI_run:  enter
09-12 00:18:51.067 16986 17595 D CompatChangeReporter: Compat change id reported: 349487600; UID 10068; state: ENABLED
09-12 00:18:51.068 17492 17692 D libnfc_nci: GKI_run:  Start/Stop GKI_timer_update_registered!
09-12 00:18:51.068 17492 17692 D libnfc_nci: GKI_run:  run_cond(0xe34374b8)=1 
09-12 00:18:51.068 17492 17694 D libnfc_nci: gki_task_entry: task_id=3, thread_id=e28c6810/e28c6810, pCond/pMutex=0xe29c8788/0xe29c8784
09-12 00:18:51.069 17492 17694 D libnfc_nci: GKI_wait:  task=3, pCond/pMutex = 0xe29c8788/0xe29c8784
09-12 00:18:51.070 17306 17414 W JobInfo : Job 'com.google.wear.services/.phoneswitching.DisableSetupWizardService#4' has a deadline with no functional constraints. The deadline won't improve job execution latency. Consider removing the deadline.
09-12 00:18:51.072 17492 17693 W libnfc_nci: gki_task_entry: task_id=0 terminating
09-12 00:18:51.076 16986 17406 W JobInfo : Job 'com.google.wear.services/.phoneswitching.DisableSetupWizardService#4' has a deadline with no functional constraints. The deadline won't improve job execution latency. Consider removing the deadline.
09-12 00:18:51.083 17306 17435 I WearServices: [DefaultMetadataPreviewProvider]Requesting preview resource for tile ComponentInfo{com.fitbit.FitbitMobile/com.fitbit.tile.primarygoal.TilePrimaryGoalService} of container type with value 0
09-12 00:18:51.084 17283 17283 I Choreographer: Skipped 83 frames!  The application may be doing too much work on its main thread.
09-12 00:18:51.088   521   616 D SnapAlloc: from handle - reserved size 0 custom content metadata size 0
09-12 00:18:51.089   521   616 D SnapAlloc: Successfully mapped metadata 0x1
09-12 00:18:51.093 17492 17690 D libnfc_nci: nfcManager_doInitialize: register VS callbacks
09-12 00:18:51.093   515   637 D SnapAlloc: from handle - reserved size 0 custom content metadata size 0
09-12 00:18:51.093   515   637 D SnapAlloc: Successfully mapped metadata 0x1
09-12 00:18:51.096   515   637 D SnapAlloc: from handle - reserved size 0 custom content metadata size 0
09-12 00:18:51.096   515   637 D SnapAlloc: Successfully mapped metadata 0x1
09-12 00:18:51.097 17492 17695 D libnfc_nci: NfcAdaptation::HalOpenInternal: enter
09-12 00:18:51.099   401   423 I android.hardware.nfc-service.nxp: Nfc::open
09-12 00:18:51.100   401   423 W android.hardware.nfc-service.nxp: AIBinder_linkToDeath is being called with a non-null cookie and no onUnlink callback set. Use AIBinder_DeathRecipient_setOnUnlinked to manage the lifetime of the cookie. This will become an abort.
09-12 00:18:51.100   401   423 E android.hardware.nfc-service.nxp: MW-HAL Version: NFC_AR_00_7E800_15.0c.00
09-12 00:18:51.100   401   423 E NxpHal  : phNxpNciHal_open NFC HAL OPEN
09-12 00:18:51.100   401   423 D NxpHal  : EventLogger: init
09-12 00:18:51.100 16986 17010 W QuotaTracker: Alarm not scheduled because boot isn't completed
09-12 00:18:51.100   401   423 D NxpHal  : EventLogger: Log file /data/vendor/nfc/debug/DPD_debug.txt couldn't be opened! 2
09-12 00:18:51.100   401   423 D NxpHal  : phNxpNci_MinOpen(): enter
09-12 00:18:51.102   401   423 D NxpHal  : Error : opening (/system/vendor/lib64/libonebinary.so) !!
09-12 00:18:51.103   401   423 D NxpExtns: find found NFC_DEBUG_ENABLED=(0x1)
09-12 00:18:51.103   401   423 D NxpHal  : nfc_debug_enabled : 1
09-12 00:18:51.103   401   423 D NxpExtns: find found NXPLOG_NCIHAL_LOGLEVEL=(0x4)
09-12 00:18:51.103   401   423 D NxpExtns: find found NXPLOG_EXTNS_LOGLEVEL=(0x4)
09-12 00:18:51.103   401   423 D NxpExtns: find found NXPLOG_TML_LOGLEVEL=(0x4)
09-12 00:18:51.103   401   423 D NxpExtns: find found NXPLOG_FWDNLD_LOGLEVEL=(0x4)
09-12 00:18:51.103   401   423 D NxpExtns: find found NXPLOG_NCIX_LOGLEVEL=(0x4)
09-12 00:18:51.103   401   423 D NxpExtns: find found NXPLOG_NCIR_LOGLEVEL=(0x4)
09-12 00:18:51.103   401   423 D NxpExtns: find found NXP_CORE_PROP_SYSTEM_DEBUG=(0x2017)
09-12 00:18:51.103   401   423 D NxpNfcHal: phNxpLog_InitializeLogLevel: global =1, Fwdnld =4, extns =4,                 hal =4, tml =4, ncir =4,                 ncix =4, avc = 1
09-12 00:18:51.103   401   423 D NxpExtns: find found MIFARE_READER_ENABLE=(0x1)
09-12 00:18:51.103   401   423 D NxpHal  : Entering phNxpNciHal_init_monitor
09-12 00:18:51.103   401   423 D NxpHal  : Returning with SUCCESS
09-12 00:18:51.103   401   423 D NxpExtns: find found NXP_NFC_DEV_NODE=/dev/sn220
09-12 00:18:51.103   401   423 D NxpTml  : getTransport Requested transportType: 1
09-12 00:18:51.103   401   423 D NxpTml  : OpenAndConfigure Opening port=/dev/sn220
09-12 00:18:51.103   401   423 D NxpTml  : UpdateReadPending, 1
09-12 00:18:51.104   401 17697 D NxpTml  : NFCC - Tml Reader Thread Started................
09-12 00:18:51.105   401   423 D NxpHal  : phNxpNciHal_check_and_recover_fw: Entry
09-12 00:18:51.105   401   423 D NxpExtns: find found NXP_DEFAULT_ULPDET_MODE=(0x1)
09-12 00:18:51.105   401   423 E NxpHal  : phNxpNciHal_isULPDetSupported: NxpNci isULPDetSupported true
09-12 00:18:51.105   401   423 D NxpTml  : NfccReset, VEN eType 1
09-12 00:18:51.105   401 17700 D NxpHal  : thread started
09-12 00:18:51.105   401   423 D NxpHal  : ULPDET phTmlNfc_e_PullVenHigh - SUCCESS
09-12 00:18:51.105   401 17697 D NxpTml  : NFCC - Read requested.....
09-12 00:18:51.105   401 17697 D NxpTml  : NFCC - Invoking Read.....
09-12 00:18:51.106   401 17698 D NxpTml  : NFCC - Tml Writer Thread Started................
09-12 00:18:51.108   401 17698 D NxpTml  : NFCC - Tml Writer Thread Running................
09-12 00:18:51.108   401 17698 D NxpTml  : NFCC - Write requested.....
09-12 00:18:51.108   401 17698 D NxpTml  : NFCC - Invoking Write.....
09-12 00:18:51.109 17283 17283 I DisplayOffloadManager: Device does not have PELE, enabling legacy APIs
09-12 00:18:51.109 17283 17283 I DisplayOffloadManager: Attaching offload API callbacks with service
09-12 00:18:51.109 17283 17586 I HWUI    : Davey! duration=1395ms; Flags=0, FrameTimelineVsyncId=1075655, IntendedVsync=50158542147992, Vsync=50159925481270, InputEventId=0, HandleInputStart=50159928398564, AnimationStart=50159928408772, PerformTraversalsStart=50159929401272, DrawStart=50159929572001, FrameDeadline=50158775413232, FrameStartTime=50159927576064, FrameInterval=16666666, WorkloadTarget=33500000, AnimationTime=50159925481270, SyncQueued=50159931521897, SyncStart=50159931722991, IssueDrawCommandsStart=50159931809241, SwapBuffers=50159935543147, FrameCompleted=50159937490283, DequeueBufferDuration=28281, QueueBufferDuration=709635, GpuCompleted=50159937490283, SwapBuffersCompleted=50159937469918, DisplayPresentTime=0, CommandSubmissionCompleted=50159935543147, 
09-12 00:18:51.109 17283 17586 I HWUI    : Davey! duration=1396ms; Flags=0, FrameTimelineVsyncId=1075655, IntendedVsync=50158542147992, Vsync=50159925481270, InputEventId=0, HandleInputStart=50159928398564, AnimationStart=50159928408772, PerformTraversalsStart=50159929401272, DrawStart=50159935389345, FrameDeadline=50158792079898, FrameStartTime=50159927576064, FrameInterval=16666666, WorkloadTarget=33500000, AnimationTime=50159925481270, SyncQueued=50159936621845, SyncStart=50159937572418, IssueDrawCommandsStart=50159937690439, SwapBuffers=50159938387418, FrameCompleted=50159939852887, DequeueBufferDuration=24687, QueueBufferDuration=934219, GpuCompleted=50159938745856, SwapBuffersCompleted=50159939852887, DisplayPresentTime=0, CommandSubmissionCompleted=50159938387418, 
09-12 00:18:51.110 17283 17283 I DisplayOffloadManager: Successfully attached callbacks
09-12 00:18:51.113 17306 17435 I WearServices: [DefaultMetadataPreviewProvider]Requesting preview resource for tile ComponentInfo{com.fitbit.FitbitMobile/com.fitbit.tile.heartrate.TileHeartRateService} of container type with value 0
09-12 00:18:51.120 16986 17193 D ConnectivityService: NetReassign [no changes] [c 0] [a 0] [i 2]
09-12 00:18:51.137 16858 16858 D Zygote  : Forked child process 17703
09-12 00:18:51.139 16986 17066 W ActivityManager: Slow operation: 76ms so far, now at startProcess: returned from zygote!
09-12 00:18:51.139 16986 17066 W ActivityManager: Slow operation: 77ms so far, now at startProcess: done updating battery stats
09-12 00:18:51.140 16986 17066 W ActivityManager: Slow operation: 77ms so far, now at startProcess: building log message
09-12 00:18:51.140 16986 17066 I ActivityManager: Start proc 17703:com.google.android.cellbroadcastreceiver/u0a155 for broadcast {com.google.android.cellbroadcastreceiver/com.android.cellbroadcastreceiver.CellBroadcastReceiver}
09-12 00:18:51.140 16986 17066 W ActivityManager: Slow operation: 78ms so far, now at startProcess: starting to update pids map
09-12 00:18:51.147 17306 17435 I WearServices: [DefaultMetadataPreviewProvider]Requesting preview resource for tile ComponentInfo{com.fitbit.FitbitMobile/com.fitbit.tile.exercisequicklaunch.TileExerciseQuickLaunchService} of container type with value 0
09-12 00:18:51.147 16986 17066 W ActivityManager: Slow operation: 84ms so far, now at startProcess: done updating pids map
09-12 00:18:51.154 17502 17684 D TelephonyProvider: dbh.onOpen: ok, queried table=siminfo
09-12 00:18:51.154   401 17698 D NxpTml  : Write errno : 6b
09-12 00:18:51.154   401 17698 D NxpTml  : NFCC - Error in Write.....
09-12 00:18:51.155   401 17698 D NxpTml  : NFCC - Posting Fresh Write message.....
09-12 00:18:51.155   401 17698 D NxpTml  : NFCC - Tml Writer Thread Running................
09-12 00:18:51.155   401 17700 D NxpHal  : write error status = 0x1ff
09-12 00:18:51.155 17502 17684 D TelephonyProvider: dbh.onOpen: ok, queried table=carriers
09-12 00:18:51.155   401   423 D NxpHal  : write_unlocked failed - NFCC Maybe in Standby Mode - Retry
09-12 00:18:51.155   401 17698 D NxpTml  : NFCC - Write requested.....
09-12 00:18:51.155   401 17698 D NxpTml  : NFCC - Invoking Write.....
09-12 00:18:51.156   401 17698 I NxpNciX : len =   4 > 20000100
09-12 00:18:51.156   401 17698 D NxpTml  : NFCC - Write successful.....
09-12 00:18:51.156   401 17698 D NxpTml  : NFCC - Posting Fresh Write message.....
09-12 00:18:51.156   401 17698 D NxpTml  : NFCC - Tml Writer Thread Running................
09-12 00:18:51.156   401 17700 D NxpHal  : write successful status = 0x0
09-12 00:18:51.156   401   423 D NxpHal  : Response timer started
09-12 00:18:51.156   401   423 D NxpHal  : Waiting after ext cmd sent
09-12 00:18:51.156 17306 17435 I WearServices: [DefaultMetadataPreviewProvider]Requesting preview resource for tile ComponentInfo{com.fitbit.FitbitMobile/com.fitbit.tile.sleep.TileSleepService} of container type with value 0
09-12 00:18:51.161 17703 17703 I libprocessgroup: Created cgroup /sys/fs/cgroup/apps/uid_10155
09-12 00:18:51.162 17306 17435 I WearServices: [DefaultMetadataPreviewProvider]Requesting preview resource for tile ComponentInfo{com.google.android.calendar/com.google.android.apps.calendar.wear.tile.CalendarTileService} of container type with value 0
09-12 00:18:51.163   401 17697 D NxpTml  : NFCC - Read successful.....
09-12 00:18:51.163   401 17697 I NxpNciR : len =   4 > 40000100
09-12 00:18:51.163   401 17697 D NxpTml  : NFCC - Posting read message.....
09-12 00:18:51.163   401 17700 D NxpHal  : read successful status = 0x0
09-12 00:18:51.163   401 17700 D NxpHal  : CORE_RESET_RSP NCI2.0
09-12 00:18:51.163   401   423 D NxpHal  : Response timer stopped
09-12 00:18:51.163   401   423 D NxpHal  : Response timer started
09-12 00:18:51.163   401 17697 D NxpTml  : NFCC - Read requested.....
09-12 00:18:51.163   401 17697 D NxpTml  : NFCC - Invoking Read.....
09-12 00:18:51.167 17703 17703 I libprocessgroup: Created cgroup /sys/fs/cgroup/apps/uid_10155/pid_17703
09-12 00:18:51.168 17306 17435 I WearServices: [DefaultMetadataPreviewProvider]Requesting preview resource for tile ComponentInfo{com.google.android.wearable.assistant/com.google.android.wearable.assistant.tile.AssistantTileProviderService} of container type with value 0
09-12 00:18:51.171   401 17697 D NxpTml  : NFCC - Read successful.....
09-12 00:18:51.171   401 17697 I NxpNciR : len =  13 > 60000A020020040577C101013F
09-12 00:18:51.171   401 17697 D NxpTml  : NFCC - Posting read message.....
09-12 00:18:51.171   401 17700 D NxpHal  : read successful status = 0x0
09-12 00:18:51.171   401 17700 D NxpHal  : CORE_RESET_NTF NCI2.0 reason CORE_RESET_CMD received !
09-12 00:18:51.171   401 17700 D NxpHal  : processChipType Product : SN220
09-12 00:18:51.171   401 17700 D NxpHal  : phNxpNciHal_configFeatureList chipType = SN220
09-12 00:18:51.171   401 17700 D NxpExtns: find found NXP_DEFAULT_ULPDET_MODE=(0x1)
09-12 00:18:51.171   401 17700 D NxpHal  : phNxpNciHal_configFeatureList 4K FW download support = 0
09-12 00:18:51.171   401 17700 D NxpTml  : Set FragmentSize: 554
09-12 00:18:51.171   401 17700 D NxpHal  : NxpNci> FW Version: 1.1.3f
09-12 00:18:51.171   401 17697 D NxpTml  : NFCC - Read requested.....
09-12 00:18:51.171   401 17697 D NxpTml  : NFCC - Invoking Read.....
09-12 00:18:51.172   401   423 D NxpHal  : Response timer stopped
09-12 00:18:51.172   401   423 D NxpHal  : Checking response
09-12 00:18:51.175   401 17698 D NxpTml  : NFCC - Write requested.....
09-12 00:18:51.175   401 17698 D NxpTml  : NFCC - Invoking Write.....
09-12 00:18:51.176   401 17698 I NxpNciX : len =   5 > 2001020000
09-12 00:18:51.176   401 17698 D NxpTml  : NFCC - Write successful.....
09-12 00:18:51.176   401 17698 D NxpTml  : NFCC - Posting Fresh Write message.....
09-12 00:18:51.176   401 17698 D NxpTml  : NFCC - Tml Writer Thread Running................
09-12 00:18:51.176   401 17700 D NxpHal  : write successful status = 0x0
09-12 00:18:51.176   401   423 D NxpHal  : Response timer started
09-12 00:18:51.176   401   423 D NxpHal  : Waiting after ext cmd sent
09-12 00:18:51.184   401 17697 D NxpTml  : NFCC - Read successful.....
09-12 00:18:51.184   401 17697 I NxpNciR : len =  29 > 40011A003A3E0600010604FFFF01FF0006000001000200800081008300
09-12 00:18:51.184   401 17697 D NxpTml  : NFCC - Posting read message.....
09-12 00:18:51.184   401 17700 D NxpHal  : read successful status = 0x0
09-12 00:18:51.184   401 17700 D NxpHal  : CORE_INIT_RSP NCI2.0 received !
09-12 00:18:51.184   401 17700 E NxpHal  : RemoveNfcDepIntfFromInitResp: NFC-DEP Removal is not requored !!
09-12 00:18:51.184   401   423 D NxpHal  : Response timer stopped
09-12 00:18:51.184   401   423 D NxpHal  : Checking response
09-12 00:18:51.184   401   423 D NxpExtns: find found NXP_FW_TYPE=(0x1)
09-12 00:18:51.184   401   423 D NxpFwDnld: firmware type from conf file: 1
09-12 00:18:51.184   401   423 D android.hardware.nfc-service.nxp: Fw_Lib_Path=/vendor/lib/libsn220u_fw.so
09-12 00:18:51.184   401   423 D NxpHal  : phNxpNciHal_CheckFwRegFlashRequired() : enter
09-12 00:18:51.185   401   423 D NxpFwDnld: Allocating Mem for Dnld Context..
09-12 00:18:51.185   401   423 D NxpFwDnld: fragment len set 554
09-12 00:18:51.185   401   423 D NxpTml  : Set FragmentSize: 554
09-12 00:18:51.185   401   423 E NxpFwDnld: phDnldNfc_SetDlRspTimeout timeout value =9c4
09-12 00:18:51.185   401   423 D NxpExtns: find found NXP_FW_TYPE=(0x1)
09-12 00:18:51.185   401   423 D NxpFwDnld: firmware type from conf file: 1
09-12 00:18:51.185   401   423 E NxpFwDnld: free library SUCCESS !!
09-12 00:18:51.186   401 17697 D NxpTml  : NFCC - Read requested.....
09-12 00:18:51.186   401 17697 D NxpTml  : NFCC - Invoking Read.....
09-12 00:18:51.187 17306 17414 W WearServices: [HeadsetAudioManager]BluetoothHeadsetClient is  unavailable.
09-12 00:18:51.194   401   423 D NxpFwDnld: @@@/vendor/lib/libsn220u_fw.so
09-12 00:18:51.194   401   423 D NxpFwDnld: FW image loaded for chipType SN220
09-12 00:18:51.194   401   423 D NxpFwDnld: FW Image Length - ImageInfoLen 205074
09-12 00:18:51.194   401   423 D NxpFwDnld: FW Image Info Pointer - pImageInfo 0xefe0d2d0
09-12 00:18:51.194   401   423 D NxpFwDnld: FW Major Version Num - 100
09-12 00:18:51.194   401   423 D NxpFwDnld: FW Minor Version Num - 3f
09-12 00:18:51.194   401   423 D NxpFwDnld: FW Image Length - 205074
09-12 00:18:51.194   401   423 D NxpFwDnld: FW Image Info Pointer - 0xefe0d2d0
09-12 00:18:51.194   401   423 D NxpHal  : FW version from the binary(.so/bin) = 0x13f
09-12 00:18:51.194   401   423 D NxpHal  : FW version found on the device = 0x1013f
09-12 00:18:51.194   401   423 D NxpExtns: find found NXP_FLASH_CONFIG=(0x2)
09-12 00:18:51.194   401   423 D NxpHal  : FW update not required
09-12 00:18:51.194   401   423 D NxpFwDnld: Freeing Mem for Dnld Context..
09-12 00:18:51.194   401   423 D NxpTml  : Set FragmentSize: 554
09-12 00:18:51.194   401   423 D NxpHal  : phNxpNciHal_CheckFwRegFlashRequired() : exit - status = 0 wFwUpdateReq=0, wRfUpdateReq=0
09-12 00:18:51.194   401   423 D NxpHal  : request_EEPROM Enter  request_type : 0x01,  request_mode : 0x01,  bufflen : 0x01
09-12 00:18:51.196   401 17698 D NxpTml  : NFCC - Write requested.....
09-12 00:18:51.196   401 17698 D NxpTml  : NFCC - Invoking Write.....
09-12 00:18:51.196 17502 17502 D MultiSimSettingController: getConvertedPsimSubscriptionId: convertedSubId=-1
09-12 00:18:51.197   401 17698 I NxpNciX : len =   6 > 20030301A00F
09-12 00:18:51.197   401 17698 D NxpTml  : NFCC - Write successful.....
09-12 00:18:51.197   401 17698 D NxpTml  : NFCC - Posting Fresh Write message.....
09-12 00:18:51.197   401 17698 D NxpTml  : NFCC - Tml Writer Thread Running................
09-12 00:18:51.197   401 17700 D NxpHal  : write successful status = 0x0
09-12 00:18:51.197 17380 17380 D nativeloader: Load libbluetooth_jni.so using class loader ns clns-shared-6 (caller=/apex/com.android.bt/app/BluetoothGoogle@370546320/BluetoothGoogle.apk): ok
09-12 00:18:51.197   401   423 D NxpHal  : Response timer started
09-12 00:18:51.197   401   423 D NxpHal  : Waiting after ext cmd sent
09-12 00:18:51.197 17380 17380 I BluetoothServiceJni: android/app/jni/com_android_bluetooth_btservice_AdapterService.cpp:2022 JNI_OnLoad: Set stack default log level to 'INFO'
09-12 00:18:51.198 17502 17502 D EuiccConnector: addStateInternal: E state=UnavailableState,parent=
09-12 00:18:51.198   401 17697 D NxpTml  : NFCC - Read successful.....
09-12 00:18:51.198 17502 17502 D EuiccConnector: addStateInternal: X stateInfo: state=UnavailableState,active=false,parent=null
09-12 00:18:51.198   401 17697 I NxpNciR : len =  40 > 4003250001A00F200000000000000000000000000000000000000000000000000000000000000000
09-12 00:18:51.198   401 17697 D NxpTml  : NFCC - Posting read message.....
09-12 00:18:51.198 17502 17502 D EuiccConnector: addStateInternal: E state=AvailableState,parent=UnavailableState
09-12 00:18:51.198 17502 17502 D EuiccConnector: addStateInternal: X stateInfo: state=AvailableState,active=false,parent=UnavailableState
09-12 00:18:51.198   401 17700 D NxpHal  : read successful status = 0x0
09-12 00:18:51.198 17502 17502 D EuiccConnector: addStateInternal: E state=BindingState,parent=
09-12 00:18:51.198   401 17700 D NxpHal  : phNxpNciHal_print_res_status: response status =STATUS_OK
09-12 00:18:51.198 17502 17502 D EuiccConnector: addStateInternal: X stateInfo: state=BindingState,active=false,parent=null
09-12 00:18:51.198 17502 17502 D EuiccConnector: addStateInternal: E state=DisconnectedState,parent=
09-12 00:18:51.198 17502 17502 D EuiccConnector: addStateInternal: X stateInfo: state=DisconnectedState,active=false,parent=null
09-12 00:18:51.198   401   423 D NxpHal  : Response timer stopped
09-12 00:18:51.198   401   423 D NxpHal  : Checking response
09-12 00:18:51.198 17502 17502 D EuiccConnector: addStateInternal: E state=ConnectedState,parent=DisconnectedState
09-12 00:18:51.198   401   423 D NxpHal  : FW update not required
09-12 00:18:51.199   401   423 D NxpHal  : property_set_intf, key[nfc.fw.downloadmode_force], value[0]
09-12 00:18:51.199 17502 17502 D EuiccConnector: addStateInternal: X stateInfo: state=ConnectedState,active=false,parent=DisconnectedState
09-12 00:18:51.199   401   423 D NxpHal  : phNxpNciHal_setSystemProperty : Enter Key = nfc.fw.downloadmode_force, value = 0
09-12 00:18:51.199   401   423 D NxpTml  : Set FragmentSize: 554
09-12 00:18:51.199   401   423 D NxpExtns: find found NXP_PROP_RESET_EMVCO_CMD=  D
09-12 00:18:51.199   401 17698 D NxpTml  : NFCC - Write requested.....
09-12 00:18:51.199   401 17698 D NxpTml  : NFCC - Invoking Write.....
09-12 00:18:51.199   401 17697 D NxpTml  : NFCC - Read requested.....
09-12 00:18:51.199   401 17697 D NxpTml  : NFCC - Invoking Read.....
09-12 00:18:51.199   401 17698 I NxpNciX : len =   6 > 20030301A044
09-12 00:18:51.199   401 17698 D NxpTml  : NFCC - Write successful.....
09-12 00:18:51.199   401 17698 D NxpTml  : NFCC - Posting Fresh Write message.....
09-12 00:18:51.199   401 17698 D NxpTml  : NFCC - Tml Writer Thread Running................
09-12 00:18:51.199   401 17700 D NxpHal  : write successful status = 0x0
09-12 00:18:51.199   401   423 D NxpHal  : Response timer started
09-12 00:18:51.199   401   423 D NxpHal  : Waiting after ext cmd sent
09-12 00:18:51.200   401 17697 D NxpTml  : NFCC - Read successful.....
09-12 00:18:51.200   401 17697 I NxpNciR : len =   9 > 4003060001A0440100
09-12 00:18:51.200   401 17697 D NxpTml  : NFCC - Posting read message.....
09-12 00:18:51.200   401 17700 D NxpHal  : read successful status = 0x0
09-12 00:18:51.200   401 17700 D NxpHal  : phNxpNciHal_print_res_status: response status =STATUS_OK
09-12 00:18:51.200   401   423 D NxpHal  : Response timer stopped
09-12 00:18:51.200   401   423 D NxpHal  : Checking response
09-12 00:18:51.200   401   423 D NxpExtns: find found NXP_RDR_DISABLE_ENABLE_LPCD=(0x0)
09-12 00:18:51.200   401 17698 D NxpTml  : NFCC - Write requested.....
09-12 00:18:51.200   401 17698 D NxpTml  : NFCC - Invoking Write.....
09-12 00:18:51.200 17502 17502 D EuiccConnector: setInitialState: initialState=AvailableState
09-12 00:18:51.200   401 17697 D NxpTml  : NFCC - Read requested.....
09-12 00:18:51.200   401 17697 D NxpTml  : NFCC - Invoking Read.....
09-12 00:18:51.200 17502 17502 D EuiccConnector: completeConstruction: E
09-12 00:18:51.200 17502 17502 D EuiccConnector: completeConstruction: maxDepth=2
09-12 00:18:51.200 17502 17502 D EuiccConnector: setupInitialStateStack: E mInitialState=AvailableState
09-12 00:18:51.200 17502 17502 D EuiccConnector: moveTempStackToStateStack: i=1,j=0
09-12 00:18:51.200 17502 17502 D EuiccConnector: moveTempStackToStateStack: i=0,j=1
09-12 00:18:51.200 17502 17502 D EuiccConnector: moveTempStackToStateStack: X mStateStackTop=1,startingIndex=0,Top=AvailableState
09-12 00:18:51.200   401 17698 I NxpNciX : len =   6 > 20030301A068
09-12 00:18:51.200   401 17698 D NxpTml  : NFCC - Write successful.....
09-12 00:18:51.200   401 17698 D NxpTml  : NFCC - Posting Fresh Write message.....
09-12 00:18:51.201   401 17700 D NxpHal  : write successful status = 0x0
09-12 00:18:51.201 17502 17502 D EuiccConnector: completeConstruction: X
09-12 00:18:51.201   401   423 D NxpHal  : Response timer started
09-12 00:18:51.201   401   423 D NxpHal  : Waiting after ext cmd sent
09-12 00:18:51.201 17502 17705 D EuiccConnector: handleMessage: E msg.what=-2
09-12 00:18:51.201   401 17698 D NxpTml  : NFCC - Tml Writer Thread Running................
09-12 00:18:51.201 17502 17705 D EuiccConnector: invokeEnterMethods: UnavailableState
09-12 00:18:51.201 17502 17705 D EuiccConnector: invokeEnterMethods: AvailableState
09-12 00:18:51.201 17502 17705 D EuiccConnector: handleMessage: X
09-12 00:18:51.202 17283 17283 W CwExecutors: Finished  Q:    65 E:   103 HorizontalCarousel#HorizontalCarouselDirectBootInit (Slow)
09-12 00:18:51.206   401 17697 D NxpTml  : NFCC - Read successful.....
09-12 00:18:51.206   401 17697 I NxpNciR : len =  50 > 40032F0001A0682A064060031914000000022400000A000A00010001A000A00003FA0000004C0014007D000A7F0000010003
09-12 00:18:51.206   401 17697 D NxpTml  : NFCC - Posting read message.....
09-12 00:18:51.206   401 17700 D NxpHal  : read successful status = 0x0
09-12 00:18:51.207   401 17700 D NxpHal  : phNxpNciHal_print_res_status: response status =STATUS_OK
09-12 00:18:51.207   401 17697 D NxpTml  : NFCC - Read requested.....
09-12 00:18:51.207   401 17697 D NxpTml  : NFCC - Invoking Read.....
09-12 00:18:51.207   401   423 D NxpHal  : Response timer stopped
09-12 00:18:51.207   401   423 D NxpHal  : Checking response
09-12 00:18:51.208   401   423 D NxpHal  : phNxpNciHal_MinOpen(): exit
09-12 00:18:51.208   401   423 I android.hardware.nfc-service.nxp: Nfc::open Exit
09-12 00:18:51.208   401   423 E libbinder.IPCThreadState: binder thread pool (1 threads) starved for 109 ms
09-12 00:18:51.212 17703 17703 I Zygote  : Process 17703 created for com.google.android.cellbroadcastreceiver
09-12 00:18:51.215   401   423 I android.hardware.nfc-service.nxp: setVerboseLogging
09-12 00:18:51.215 17703 17703 I oadcastreceiver: Using generational CollectorTypeCMC GC.
09-12 00:18:51.217 17492 17695 D libnfc_nci: NfcAdaptation::HalOpenInternal: exit
09-12 00:18:51.217   401   423 I android.hardware.nfc-service.nxp: write
09-12 00:18:51.217   401 17698 D NxpTml  : NFCC - Write requested.....
09-12 00:18:51.217   401 17698 D NxpTml  : NFCC - Invoking Write.....
09-12 00:18:51.218   401 17698 I NxpNciX : len =   4 > 20000101
09-12 00:18:51.218   401 17698 D NxpTml  : NFCC - Write successful.....
09-12 00:18:51.218   401 17698 D NxpTml  : NFCC - Posting Fresh Write message.....
09-12 00:18:51.218   401 17698 D NxpTml  : NFCC - Tml Writer Thread Running................
09-12 00:18:51.218   401 17700 D NxpHal  : write successful status = 0x0
09-12 00:18:51.218 16866 16882 D Diag_Lib: diag: Diag_LSM_Init: invoked for pid: 16866 with init_count: 0
09-12 00:18:51.219 16866 16882 D Diag_Lib: diag:failed to connect to diag socket
09-12 00:18:51.220 16866 16882 D Diag_Lib:  Diag_LSM_Init: Failed to open handle to diag driver, error = 111
09-12 00:18:51.220 16866 16882 I ATS     : vendor/qcom/sw5100-lw4/proprietary-audio/args/acdb/ats/transports/diag/linux/actp/src/actp.c:actp_diag_init:105 Error[1]: Failed to initialize DIAG
09-12 00:18:51.220 16866 16882 E ATS     : vendor/qcom/sw5100-lw4/proprietary-audio/args/acdb/ats/src/ats.c:ats_init:143 Error[1]: Failed to initialize Diag
09-12 00:18:51.220 16866 16882 E ATS     : vendor/qcom/sw5100-lw4/proprietary-audio/args/acdb/ats/src/ats.c:ats_init:263 Error[1]: Failed to initialize ATS
09-12 00:18:51.220 16866 16882 E AGM: API: ats_init_thread: 64 ats_init failed retry 42 err 1
09-12 00:18:51.221 17306 17435 I WearServices: [DefaultMetadataPreviewProvider]Requesting preview resource for tile ComponentInfo{com.google.android.apps.weather/com.google.android.wearable.weather.pixel.ui.tiles.forecast.ForecastTileService} of container type with value 0
09-12 00:18:51.225   401 17697 D NxpTml  : NFCC - Read successful.....
09-12 00:18:51.225   401 17697 I NxpNciR : len =   4 > 40000100
09-12 00:18:51.225   401 17697 D NxpTml  : NFCC - Posting read message.....
09-12 00:18:51.225   401 17700 D NxpHal  : read successful status = 0x0
09-12 00:18:51.225   401 17700 D NxpHal  : CORE_RESET_RSP NCI2.0
09-12 00:18:51.226   401 17697 D NxpTml  : NFCC - Read requested.....
09-12 00:18:51.226   401 17697 D NxpTml  : NFCC - Invoking Read.....
09-12 00:18:51.227   401 17697 D NxpTml  : NFCC - Read successful.....
09-12 00:18:51.227   401 17697 I NxpNciR : len =  13 > 60000A020120040577C101013F
09-12 00:18:51.227   401 17697 D NxpTml  : NFCC - Posting read message.....
09-12 00:18:51.227   401 17700 D NxpHal  : read successful status = 0x0
09-12 00:18:51.227   401 17700 D NxpHal  : CORE_RESET_NTF NCI2.0 reason CORE_RESET_CMD received !
09-12 00:18:51.227   401 17700 D NxpHal  : NxpNci> FW Version: 1.1.3f
09-12 00:18:51.228   401 17697 D NxpTml  : NFCC - Read requested.....
09-12 00:18:51.228   401 17697 D NxpTml  : NFCC - Invoking Read.....
09-12 00:18:51.229 17473 17473 I UserTrackerImpl: Starting user: 0
09-12 00:18:51.231 17492 17694 W libnfc_nci: nfc_ncif_proc_reset_rsp: reset notification!!=0x2
09-12 00:18:51.232   401   423 I android.hardware.nfc-service.nxp: write
09-12 00:18:51.232   401 17698 D NxpTml  : NFCC - Write requested.....
09-12 00:18:51.232   401 17698 D NxpTml  : NFCC - Invoking Write.....
09-12 00:18:51.233   401 17698 I NxpNciX : len =   5 > 2001020000
09-12 00:18:51.233   401 17698 D NxpTml  : NFCC - Write successful.....
09-12 00:18:51.233   401 17698 D NxpTml  : NFCC - Posting Fresh Write message.....
09-12 00:18:51.233   401 17698 D NxpTml  : NFCC - Tml Writer Thread Running................
09-12 00:18:51.233   401 17700 D NxpHal  : write successful status = 0x0
09-12 00:18:51.236   401 17697 D NxpTml  : NFCC - Read successful.....
09-12 00:18:51.236   401 17697 I NxpNciR : len =  29 > 40011A003A3E0600010604FFFF01FF0006000001000200800081008300
09-12 00:18:51.236   401 17697 D NxpTml  : NFCC - Posting read message.....
09-12 00:18:51.236   401 17700 D NxpHal  : read successful status = 0x0
09-12 00:18:51.236   401 17700 D NxpHal  : CORE_INIT_RSP NCI2.0 received !
09-12 00:18:51.236   401 17700 E NxpHal  : RemoveNfcDepIntfFromInitResp: NFC-DEP Removal is not requored !!
09-12 00:18:51.237   401 17697 D NxpTml  : NFCC - Read requested.....
09-12 00:18:51.237   401 17697 D NxpTml  : NFCC - Invoking Read.....
09-12 00:18:51.238   401   423 I android.hardware.nfc-service.nxp: Nfc::coreInitialized
09-12 00:18:51.238   401   423 D NxpExtns: find found NXP_ACT_PROP_EXTN=/
09-12 00:18:51.238   401 17698 D NxpTml  : NFCC - Write requested.....
09-12 00:18:51.238   401 17698 D NxpTml  : NFCC - Invoking Write.....
09-12 00:18:51.238   401 17698 I NxpNciX : len =   3 > 2F0200
09-12 00:18:51.239   401 17698 D NxpTml  : NFCC - Write successful.....
09-12 00:18:51.239   401 17698 D NxpTml  : NFCC - Posting Fresh Write message.....
09-12 00:18:51.239   401 17698 D NxpTml  : NFCC - Tml Writer Thread Running................
09-12 00:18:51.239   401 17700 D NxpHal  : write successful status = 0x0
09-12 00:18:51.239   401   423 D NxpHal  : Response timer started
09-12 00:18:51.239   401   423 D NxpHal  : Waiting after ext cmd sent
09-12 00:18:51.242   401 17697 D NxpTml  : NFCC - Read successful.....
09-12 00:18:51.242   401 17697 I NxpNciR : len =   8 > 4F02050000025297
09-12 00:18:51.242   401 17697 D NxpTml  : NFCC - Posting read message.....
09-12 00:18:51.242   401 17700 D NxpHal  : read successful status = 0x0
09-12 00:18:51.242   401 17697 D NxpTml  : NFCC - Read requested.....
09-12 00:18:51.242   401   423 D NxpHal  : Response timer stopped
09-12 00:18:51.242   401   423 D NxpHal  : Checking response
09-12 00:18:51.242   401 17698 D NxpTml  : NFCC - Write requested.....
09-12 00:18:51.242   401 17697 D NxpTml  : NFCC - Invoking Read.....
09-12 00:18:51.243   401 17698 D NxpTml  : NFCC - Invoking Write.....
09-12 00:18:51.243   401 17698 I NxpNciX : len =  14 > 20030B05A039A01AA01BA01CA027
09-12 00:18:51.243   401 17698 D NxpTml  : NFCC - Write successful.....
09-12 00:18:51.243   401 17698 D NxpTml  : NFCC - Posting Fresh Write message.....
09-12 00:18:51.243   401 17698 D NxpTml  : NFCC - Tml Writer Thread Running................
09-12 00:18:51.244   401 17700 D NxpHal  : write successful status = 0x0
09-12 00:18:51.244   401   423 D NxpHal  : Response timer started
09-12 00:18:51.244   401   423 D NxpHal  : Waiting after ext cmd sent
09-12 00:18:51.244 17703 17703 D nativeloader: Load libframework-connectivity-tiramisu-jni.so using APEX ns com_android_tethering for caller /apex/com.android.tethering/javalib/framework-connectivity-t.jar: ok
09-12 00:18:51.246 17283 17689 D MediaCodecList: codecHandlesFormat: no format, so no extra checks
09-12 00:18:51.248   401 17697 D NxpTml  : NFCC - Read successful.....
09-12 00:18:51.248   401 17697 I NxpNciR : len = 173 > 4003AA0005A0390101A01A0400000000A01B500000000000000000000000000000000000000000000000000000000000000000000000000000000000000000000000000000000000000000000000000000000000000000000000000000000000000000A01C2C0000000000000000000000000000000000000000000000000000000000000000000000000000000000000000A02718000000000000000000000000000000000000000000000000
09-12 00:18:51.248   401 17697 D NxpTml  : NFCC - Posting read message.....
09-12 00:18:51.249   401 17700 D NxpHal  : read successful status = 0x0
09-12 00:18:51.249   401 17700 D NxpHal  : phNxpNciHal_print_res_status: response status =STATUS_OK
09-12 00:18:51.249   401   423 D NxpHal  : Response timer stopped
09-12 00:18:51.249   401   423 D NxpHal  : Checking response
09-12 00:18:51.249   401 17698 D NxpTml  : NFCC - Write requested.....
09-12 00:18:51.249   401 17698 D NxpTml  : NFCC - Invoking Write.....
09-12 00:18:51.249   401 17697 D NxpTml  : NFCC - Read requested.....
09-12 00:18:51.249   401 17697 D NxpTml  : NFCC - Invoking Read.....
09-12 00:18:51.249   401 17698 I NxpNciX : len =   6 > 20030301A15A
09-12 00:18:51.250   401 17698 D NxpTml  : NFCC - Write successful.....
09-12 00:18:51.250   401 17698 D NxpTml  : NFCC - Posting Fresh Write message.....
09-12 00:18:51.250   401 17698 D NxpTml  : NFCC - Tml Writer Thread Running................
09-12 00:18:51.250   401 17700 D NxpHal  : write successful status = 0x0
09-12 00:18:51.250   401   423 D NxpHal  : Response timer started
09-12 00:18:51.250   401   423 D NxpHal  : Waiting after ext cmd sent
09-12 00:18:51.250   401 17697 D NxpTml  : NFCC - Read successful.....
09-12 00:18:51.250   401 17697 I NxpNciR : len =  10 > 4003070001A15A020000
09-12 00:18:51.251   401 17697 D NxpTml  : NFCC - Posting read message.....
09-12 00:18:51.251   401 17700 D NxpHal  : read successful status = 0x0
09-12 00:18:51.251   401 17700 D NxpHal  : phNxpNciHal_print_res_status: response status =STATUS_OK
09-12 00:18:51.251   401 17697 D NxpTml  : NFCC - Read requested.....
09-12 00:18:51.251   401 17697 D NxpTml  : NFCC - Invoking Read.....
09-12 00:18:51.252   401   423 D NxpHal  : Response timer stopped
09-12 00:18:51.252   401   423 D NxpHal  : Checking response
09-12 00:18:51.252   401   423 D NxpHal  : request_EEPROM Enter  request_type : 0x0e,  request_mode : 0x02,  bufflen : 0x01
09-12 00:18:51.252   401 17698 D NxpTml  : NFCC - Write requested.....
09-12 00:18:51.252   401 17698 D NxpTml  : NFCC - Invoking Write.....
09-12 00:18:51.252   401 17698 I NxpNciX : len =   6 > 20030301A015
09-12 00:18:51.253   401 17698 D NxpTml  : NFCC - Write successful.....
09-12 00:18:51.253   401 17698 D NxpTml  : NFCC - Posting Fresh Write message.....
09-12 00:18:51.253   401 17697 D NxpTml  : NFCC - Read successful.....
09-12 00:18:51.253   401 17697 I NxpNciR : len =   9 > 4003060001A0150101
09-12 00:18:51.253   401 17697 D NxpTml  : NFCC - Posting read message.....
09-12 00:18:51.253   401 17700 D NxpHal  : write successful status = 0x0
09-12 00:18:51.254   401 17698 D NxpTml  : NFCC - Tml Writer Thread Running................
09-12 00:18:51.254   401   423 D NxpHal  : Response timer started
09-12 00:18:51.254   401   423 D NxpHal  : Waiting after ext cmd sent
09-12 00:18:51.254   401 17700 D NxpHal  : read successful status = 0x0
09-12 00:18:51.254   401 17700 D NxpHal  : phNxpNciHal_print_res_status: response status =STATUS_OK
09-12 00:18:51.254   401   423 D NxpHal  : Response timer stopped
09-12 00:18:51.254   401   423 D NxpHal  : Checking response
09-12 00:18:51.254   401   423 D android.hardware.nfc-service.nxp: request_EEPROM: values are same no update required
09-12 00:18:51.254   401   423 D NxpExtns: find found NXP_DEFAULT_ULPDET_MODE=(0x1)
09-12 00:18:51.254   401   423 E NxpHal  : phNxpNciHal_isULPDetSupported: NxpNci isULPDetSupported true
09-12 00:18:51.254   401   423 D NxpHal  : request_EEPROM Enter  request_type : 0x10,  request_mode : 0x02,  bufflen : 0x01
09-12 00:18:51.254   401 17698 D NxpTml  : NFCC - Write requested.....
09-12 00:18:51.254   401 17698 D NxpTml  : NFCC - Invoking Write.....
09-12 00:18:51.254   401 17697 D NxpTml  : NFCC - Read requested.....
09-12 00:18:51.254   401 17697 D NxpTml  : NFCC - Invoking Read.....
09-12 00:18:51.254 17283 17689 I MediaCodec: Retry enabled for HDCP failure
09-12 00:18:51.255   401 17698 I NxpNciX : len =   6 > 20030301A007
09-12 00:18:51.255   401 17698 D NxpTml  : NFCC - Write successful.....
09-12 00:18:51.255   401 17698 D NxpTml  : NFCC - Posting Fresh Write message.....
09-12 00:18:51.255   401 17698 D NxpTml  : NFCC - Tml Writer Thread Running................
09-12 00:18:51.255   401 17700 D NxpHal  : write successful status = 0x0
09-12 00:18:51.255   401   423 D NxpHal  : Response timer started
09-12 00:18:51.255   401   423 D NxpHal  : Waiting after ext cmd sent
09-12 00:18:51.255   401 17697 D NxpTml  : NFCC - Read successful.....
09-12 00:18:51.255   401 17697 I NxpNciR : len =   9 > 4003060001A0070100
09-12 00:18:51.255   401 17697 D NxpTml  : NFCC - Posting read message.....
09-12 00:18:51.256   401 17700 D NxpHal  : read successful status = 0x0
09-12 00:18:51.256   401 17700 D NxpHal  : phNxpNciHal_print_res_status: response status =STATUS_OK
09-12 00:18:51.256   401   423 D NxpHal  : Response timer stopped
09-12 00:18:51.256   401   423 D NxpHal  : Checking response
09-12 00:18:51.256   401   423 D android.hardware.nfc-service.nxp: request_EEPROM: values are same no update required
09-12 00:18:51.256   401   423 D NxpHal  : request_EEPROM Enter  request_type : 0x0f,  request_mode : 0x02,  bufflen : 0x01
09-12 00:18:51.256   401 17697 D NxpTml  : NFCC - Read requested.....
09-12 00:18:51.256   401 17697 D NxpTml  : NFCC - Invoking Read.....
09-12 00:18:51.264 17502 17502 W m.android.phone: Monitor::Inflate: Install failed 0x72463ec8
09-12 00:18:51.266   401 17698 D NxpTml  : NFCC - Write requested.....
09-12 00:18:51.266   401 17698 D NxpTml  : NFCC - Invoking Write.....
09-12 00:18:51.266   401 17698 I NxpNciX : len =   6 > 20030301A08E
09-12 00:18:51.266   401 17698 D NxpTml  : NFCC - Write successful.....
09-12 00:18:51.266   401 17698 D NxpTml  : NFCC - Posting Fresh Write message.....
09-12 00:18:51.266   401 17698 D NxpTml  : NFCC - Tml Writer Thread Running................
09-12 00:18:51.267   401 17700 D NxpHal  : write successful status = 0x0
09-12 00:18:51.267   401   423 D NxpHal  : Response timer started
09-12 00:18:51.267   401   423 D NxpHal  : Waiting after ext cmd sent
09-12 00:18:51.268   401 17697 D NxpTml  : NFCC - Read successful.....
09-12 00:18:51.268   401 17697 I NxpNciR : len =   9 > 4003060001A08E0100
09-12 00:18:51.271   401 17697 D NxpTml  : NFCC - Posting read message.....
09-12 00:18:51.271   401 17700 D NxpHal  : read successful status = 0x0
09-12 00:18:51.271   401 17700 D NxpHal  : phNxpNciHal_print_res_status: response status =STATUS_OK
09-12 00:18:51.271   401 17697 D NxpTml  : NFCC - Read requested.....
09-12 00:18:51.271   401 17697 D NxpTml  : NFCC - Invoking Read.....
09-12 00:18:51.271   401   423 D NxpHal  : Response timer stopped
09-12 00:18:51.271   401   423 D NxpHal  : Checking response
09-12 00:18:51.275   401 17698 D NxpTml  : NFCC - Write requested.....
09-12 00:18:51.275   401 17698 D NxpTml  : NFCC - Invoking Write.....
09-12 00:18:51.275   401 17698 I NxpNciX : len =   8 > 20020501A08E0101
09-12 00:18:51.275   401 17698 D NxpTml  : NFCC - Write successful.....
09-12 00:18:51.275   401 17698 D NxpTml  : NFCC - Posting Fresh Write message.....
09-12 00:18:51.275   401 17698 D NxpTml  : NFCC - Tml Writer Thread Running................
09-12 00:18:51.275   401 17700 D NxpHal  : write successful status = 0x0
09-12 00:18:51.275   401   423 D NxpHal  : Response timer started
09-12 00:18:51.275   401   423 D NxpHal  : Waiting after ext cmd sent
09-12 00:18:51.280 17380 17380 I BluetoothLeAudioPeripheralServiceJni: android/app/jni/com_android_bluetooth_le_audio_peripheral.cpp:373 register_com_android_bluetooth_le_audio_peripheral: 
09-12 00:18:51.282   401 17697 D NxpTml  : NFCC - Read successful.....
09-12 00:18:51.282   401 17697 I NxpNciR : len =   5 > 4002020000
09-12 00:18:51.282   401 17697 D NxpTml  : NFCC - Posting read message.....
09-12 00:18:51.283   401 17700 D NxpHal  : read successful status = 0x0
09-12 00:18:51.283   401 17700 D NxpHal  : phNxpNciHal_print_res_status: response status =STATUS_OK
09-12 00:18:51.283   401 17697 D NxpTml  : NFCC - Read requested.....
09-12 00:18:51.283 17380 17380 I bt_btif : system/btif/src/bluetooth.cc:441 bluetooth_init: start_restricted=false common_criteria_mode=false, config_compare_result=0 instance_name=default
09-12 00:18:51.283   401 17697 D NxpTml  : NFCC - Invoking Read.....
09-12 00:18:51.283 17380 17380 I bt_stack_manager: system/btif/src/stack_manager.cc:148 stack_init: Initializing the stack
09-12 00:18:51.283   401   423 D NxpHal  : Response timer stopped
09-12 00:18:51.283   401   423 D NxpHal  : Checking response
09-12 00:18:51.283   401   423 E NxpHal  : phNxpNciHal_propConfULPDetMode flag 0
09-12 00:18:51.283   401   423 D NxpExtns: find found NXP_DEFAULT_ULPDET_MODE=(0x1)
09-12 00:18:51.283   401   423 E NxpHal  : phNxpNciHal_isULPDetSupported: NxpNci isULPDetSupported true
09-12 00:18:51.283   401 17698 D NxpTml  : NFCC - Write requested.....
09-12 00:18:51.283   401 17698 D NxpTml  : NFCC - Invoking Write.....
09-12 00:18:51.283   401 17698 I NxpNciX : len =   6 > 20030301A015
09-12 00:18:51.283   401 17698 D NxpTml  : NFCC - Write successful.....
09-12 00:18:51.283   401 17698 D NxpTml  : NFCC - Posting Fresh Write message.....
09-12 00:18:51.283   401 17698 D NxpTml  : NFCC - Tml Writer Thread Running................
09-12 00:18:51.283   401 17700 D NxpHal  : write successful status = 0x0
09-12 00:18:51.284   401   423 D NxpHal  : Response timer started
09-12 00:18:51.284 17380 17717 I bluetooth: system/gd/os/linux_generic/thread.cc:56 run: Thread: bt_main_thread started with tid: 17717
09-12 00:18:51.284   401   423 D NxpHal  : Waiting after ext cmd sent
09-12 00:18:51.284   401 17697 D NxpTml  : NFCC - Read successful.....
09-12 00:18:51.284   401 17697 I NxpNciR : len =   9 > 4003060001A0150101
09-12 00:18:51.284   401 17697 D NxpTml  : NFCC - Posting read message.....
09-12 00:18:51.284 17380 17380 I bluetooth: system/common/message_loop_thread.cc:100 StartUp: MessageLoopThread bt_main_thread started
09-12 00:18:51.284   401 17700 D NxpHal  : read successful status = 0x0
09-12 00:18:51.284   401 17700 D NxpHal  : phNxpNciHal_print_res_status: response status =STATUS_OK
09-12 00:18:51.284   401 17697 D NxpTml  : NFCC - Read requested.....
09-12 00:18:51.284   401 17697 D NxpTml  : NFCC - Invoking Read.....
09-12 00:18:51.284   401   423 D NxpHal  : Response timer stopped
09-12 00:18:51.285   401   423 D NxpHal  : Checking response
09-12 00:18:51.285 17380 17380 I device_iot_config: system/device/src/device_iot_config_int.cc:61 device_iot_config_module_init: 
09-12 00:18:51.285   401 17698 D NxpTml  : NFCC - Write requested.....
09-12 00:18:51.285   401 17698 D NxpTml  : NFCC - Invoking Write.....
09-12 00:18:51.285   401 17698 I NxpNciX : len =   6 > 20030301A10F
09-12 00:18:51.285   401 17698 D NxpTml  : NFCC - Write successful.....
09-12 00:18:51.285   401 17698 D NxpTml  : NFCC - Posting Fresh Write message.....
09-12 00:18:51.285   401 17700 D NxpHal  : write successful status = 0x0
09-12 00:18:51.285 17306 17435 I WearServices: [DefaultMetadataPreviewProvider]Requesting preview resource for tile ComponentInfo{com.google.android.apps.maps/com.google.android.apps.gmmwearable.tile.MapsTileProviderService} of container type with value 0
09-12 00:18:51.286   401 17698 D NxpTml  : NFCC - Tml Writer Thread Running................
09-12 00:18:51.286   401 17697 D NxpTml  : NFCC - Read successful.....
09-12 00:18:51.288 17380 17380 I device_iot_config: system/device/src/device_iot_config_int.cc:117 device_iot_config_module_init: Devices loaded 2
09-12 00:18:51.291   401 17697 I NxpNciR : len =  10 > 4003070001A10F020006
09-12 00:18:51.291   401 17697 D NxpTml  : NFCC - Posting read message.....
09-12 00:18:51.291   401 17700 D NxpHal  : read successful status = 0x0
09-12 00:18:51.291   401 17700 D NxpHal  : phNxpNciHal_print_res_status: response status =STATUS_OK
09-12 00:18:51.292   401   423 D NxpHal  : Response timer started
09-12 00:18:51.292   401   423 D NxpHal  : Waiting after ext cmd sent
09-12 00:18:51.292   401 17697 D NxpTml  : NFCC - Read requested.....
09-12 00:18:51.292   401 17697 D NxpTml  : NFCC - Invoking Read.....
09-12 00:18:51.293   401   423 D NxpHal  : Response timer stopped
09-12 00:18:51.293   401   423 D NxpHal  : Checking response
09-12 00:18:51.293   401   423 E NxpHal  : phNxpNciHal_propConfULPDetMode: exit. status = 0
09-12 00:18:51.293   401   423 D NxpHal  : request_EEPROM Enter  request_type : 0x01,  request_mode : 0x01,  bufflen : 0x01
09-12 00:18:51.293   401 17698 D NxpTml  : NFCC - Write requested.....
09-12 00:18:51.293   401 17698 D NxpTml  : NFCC - Invoking Write.....
09-12 00:18:51.293 17306 17435 I WearServices: [DefaultMetadataPreviewProvider]Requesting preview resource for tile ComponentInfo{com.google.android.apps.safetyhub/com.google.android.wearable.safety.emergencysharing.tile.EmergencyShareTileService} of container type with value 0
09-12 00:18:51.293   401 17698 I NxpNciX : len =   6 > 20030301A00F
09-12 00:18:51.294   401 17698 D NxpTml  : NFCC - Write successful.....
09-12 00:18:51.294   401 17698 D NxpTml  : NFCC - Posting Fresh Write message.....
09-12 00:18:51.294   401 17700 D NxpHal  : write successful status = 0x0
09-12 00:18:51.294   401 17698 D NxpTml  : NFCC - Tml Writer Thread Running................
09-12 00:18:51.294   401   423 D NxpHal  : Response timer started
09-12 00:18:51.294   401   423 D NxpHal  : Waiting after ext cmd sent
09-12 00:18:51.295   401 17697 D NxpTml  : NFCC - Read successful.....
09-12 00:18:51.296   401 17697 I NxpNciR : len =  40 > 4003250001A00F200000000000000000000000000000000000000000000000000000000000000000
09-12 00:18:51.296   401 17697 D NxpTml  : NFCC - Posting read message.....
09-12 00:18:51.296   401 17700 D NxpHal  : read successful status = 0x0
09-12 00:18:51.296   401 17700 D NxpHal  : phNxpNciHal_print_res_status: response status =STATUS_OK
09-12 00:18:51.296   401   423 D NxpHal  : Response timer stopped
09-12 00:18:51.296   401   423 D NxpHal  : Checking response
09-12 00:18:51.296   401   423 D NxpExtns: find found NXP_SET_CONFIG_ALWAYS=(0x0)
09-12 00:18:51.296   401   423 D NxpHal  : EEPROM_fw_dwnld_flag : 0x00 SetConfigAlways flag : 0x00
09-12 00:18:51.296   401   423 D android.hardware.nfc-service.nxp: isModified enter; conf file type 0
09-12 00:18:51.296   401   423 E android.hardware.nfc-service.nxp: isModified Unable to open file assume modified
09-12 00:18:51.296   401   423 D NxpHal  : Performing TVDD Settings
09-12 00:18:51.296   401   423 D android.hardware.nfc-service.nxp: isModified enter; conf file type 0
09-12 00:18:51.296   401   423 E android.hardware.nfc-service.nxp: isModified Unable to open file assume modified
09-12 00:18:51.296   401   423 D NxpHal  : request_EEPROM Enter  request_type : 0x0c,  request_mode : 0x02,  bufflen : 0x01
09-12 00:18:51.296   401 17697 D NxpTml  : NFCC - Read requested.....
09-12 00:18:51.296   401 17697 D NxpTml  : NFCC - Invoking Read.....
09-12 00:18:51.297   401 17698 D NxpTml  : NFCC - Write requested.....
09-12 00:18:51.297   401 17698 D NxpTml  : NFCC - Invoking Write.....
09-12 00:18:51.297   401 17698 I NxpNciX : len =   6 > 20030301A10B
09-12 00:18:51.297   401 17698 D NxpTml  : NFCC - Write successful.....
09-12 00:18:51.297   401 17698 D NxpTml  : NFCC - Posting Fresh Write message.....
09-12 00:18:51.297   401 17700 D NxpHal  : write successful status = 0x0
09-12 00:18:51.297   401 17698 D NxpTml  : NFCC - Tml Writer Thread Running................
09-12 00:18:51.297 17306 17435 I WearServices: [DefaultMetadataPreviewProvider]Requesting preview resource for tile ComponentInfo{com.google.android.wearable.sysui/com.google.android.wearable.sysui.experiences.addtile.AddTileTileService} of container type with value 0
09-12 00:18:51.298   401   423 D NxpHal  : Response timer started
09-12 00:18:51.298   401   423 D NxpHal  : Waiting after ext cmd sent
09-12 00:18:51.298   401 17697 D NxpTml  : NFCC - Read successful.....
09-12 00:18:51.298   401 17697 I NxpNciR : len =   9 > 4003060001A10B0100
09-12 00:18:51.298   401 17697 D NxpTml  : NFCC - Posting read message.....
09-12 00:18:51.298   401 17700 D NxpHal  : read successful status = 0x0
09-12 00:18:51.298   401 17700 D NxpHal  : phNxpNciHal_print_res_status: response status =STATUS_OK
09-12 00:18:51.298   401   423 D NxpHal  : Response timer stopped
09-12 00:18:51.298   401   423 D NxpHal  : Checking response
09-12 00:18:51.298   401   423 D android.hardware.nfc-service.nxp: request_EEPROM: values are same no update required
09-12 00:18:51.298   401   423 D NxpHal  : Performing SRD Timeout settings
09-12 00:18:51.298   401   423 D NxpHal  : Performing ndef nfcee config settings
09-12 00:18:51.298   401   423 D NxpExtns: find found NXP_T4T_NFCEE_ENABLE=(0x0)
09-12 00:18:51.298   401   423 D NxpHal  : request_EEPROM Enter  request_type : 0x0d,  request_mode : 0x02,  bufflen : 0x01
09-12 00:18:51.298   401 17698 D NxpTml  : NFCC - Write requested.....
09-12 00:18:51.298   401 17698 D NxpTml  : NFCC - Invoking Write.....
09-12 00:18:51.298   401 17697 D NxpTml  : NFCC - Read requested.....
09-12 00:18:51.298   401 17697 D NxpTml  : NFCC - Invoking Read.....
09-12 00:18:51.308 17380 17720 I bt_osi_thread: system/osi/src/thread.cc:223 run_thread: thread id 17720, thread name alarm_default_ca started
09-12 00:18:51.309 17380 17721 I bt_osi_thread: system/osi/src/thread.cc:223 run_thread: thread id 17721, thread name alarm_dispatcher started
09-12 00:18:51.310   401 17698 I NxpNciX : len =   6 > 20030301A095
09-12 00:18:51.310   401 17698 D NxpTml  : NFCC - Write successful.....
09-12 00:18:51.310   401 17698 D NxpTml  : NFCC - Posting Fresh Write message.....
09-12 00:18:51.310   401 17698 D NxpTml  : NFCC - Tml Writer Thread Running................
09-12 00:18:51.311   401 17700 D NxpHal  : write successful status = 0x0
09-12 00:18:51.313 17283 17283 I SysUI   : [SupervisedModesRepository]Mode for SCHOOL: null
09-12 00:18:51.313 17283 17283 I SysUI   : [SupervisedModesRepository]Mode for DOWNTIME: null
09-12 00:18:51.314 17283 17283 I SysUI   : [SupervisedModesRepository]School mode state: false, Downtime mode state: false
09-12 00:18:51.317   401 17697 D NxpTml  : NFCC - Read successful.....
09-12 00:18:51.317   401 17697 I NxpNciR : len =   9 > 4003060001A0950100
09-12 00:18:51.317   401 17697 D NxpTml  : NFCC - Posting read message.....
09-12 00:18:51.317   401 17700 D NxpHal  : read successful status = 0x0
09-12 00:18:51.318   401 17700 D NxpHal  : phNxpNciHal_print_res_status: response status =STATUS_OK
09-12 00:18:51.318   401   423 D NxpHal  : Response timer started
09-12 00:18:51.318   401   423 D NxpHal  : Waiting after ext cmd sent
09-12 00:18:51.318   401   423 D NxpHal  : Response timer stopped
09-12 00:18:51.318   401   423 D NxpHal  : Checking response
09-12 00:18:51.318   401   423 D android.hardware.nfc-service.nxp: request_EEPROM: values are same no update required
09-12 00:18:51.318   401   423 D NxpHal  : Performing ISODEP sak merge settings
09-12 00:18:51.318   401   423 D NxpExtns: find found NXP_ISO_DEP_MERGE_SAK=(0x1)
09-12 00:18:51.318   401   423 D NxpHal  : request_EEPROM Enter  request_type : 0x11,  request_mode : 0x02,  bufflen : 0x01
09-12 00:18:51.318   401 17698 D NxpTml  : NFCC - Write requested.....
09-12 00:18:51.318   401 17698 D NxpTml  : NFCC - Invoking Write.....
09-12 00:18:51.318   401 17697 D NxpTml  : NFCC - Read requested.....
09-12 00:18:51.318   401 17697 D NxpTml  : NFCC - Invoking Read.....
09-12 00:18:51.318   401 17698 I NxpNciX : len =   6 > 20030301A11B
09-12 00:18:51.318   401 17698 D NxpTml  : NFCC - Write successful.....
09-12 00:18:51.318   401 17698 D NxpTml  : NFCC - Posting Fresh Write message.....
09-12 00:18:51.318   401 17698 D NxpTml  : NFCC - Tml Writer Thread Running................
09-12 00:18:51.318   401 17700 D NxpHal  : write successful status = 0x0
09-12 00:18:51.319   401   423 D NxpHal  : Response timer started
09-12 00:18:51.319   401   423 D NxpHal  : Waiting after ext cmd sent
09-12 00:18:51.319 17380 17380 I bt_core_module: system/btcore/src/module.cc:114 module_start_up: Starting module "gd_shim_module"
09-12 00:18:51.319   401 17697 D NxpTml  : NFCC - Read successful.....
09-12 00:18:51.320   401 17697 I NxpNciR : len =   9 > 4003060001A11B0101
09-12 00:18:51.320   401 17697 D NxpTml  : NFCC - Posting read message.....
09-12 00:18:51.332 16986 17013 D ActivityManagerTiming: FinishBooting
09-12 00:18:51.335   401 17700 D NxpHal  : read successful status = 0x0
09-12 00:18:51.335   401 17700 D NxpHal  : phNxpNciHal_print_res_status: response status =STATUS_OK
09-12 00:18:51.335   401 17697 D NxpTml  : NFCC - Read requested.....
09-12 00:18:51.335   401 17697 D NxpTml  : NFCC - Invoking Read.....
09-12 00:18:51.335   401   423 D NxpHal  : Response timer stopped
09-12 00:18:51.335   401   423 D NxpHal  : Checking response
09-12 00:18:51.335   401   423 D android.hardware.nfc-service.nxp: request_EEPROM: values are same no update required
09-12 00:18:51.335   401   423 D android.hardware.nfc-service.nxp: isModified enter; conf file type 0
09-12 00:18:51.335   401   423 E android.hardware.nfc-service.nxp: isModified Unable to open file assume modified
09-12 00:18:51.335 16986 17013 E WindowManager: Unexpected pending wakeup group. Requested Group 0 Current Waking up group 0
09-12 00:18:51.335   401   423 D NxpHal  : Performing NAME_NXP_CORE_CONF_EXTN Settings
09-12 00:18:51.335   401   423 D NxpExtns: find found NXP_CORE_CONF_EXTN= y ì
09-12 00:18:51.335   401 17698 D NxpTml  : NFCC - Write requested.....
09-12 00:18:51.335   401 17698 D NxpTml  : NFCC - Invoking Write.....
09-12 00:18:51.336 17380 17380 I bt_gd_shim: system/main/shim/stack_impl.cc:84 StartEverything: Starting Gd stack
09-12 00:18:51.339   401 17698 I NxpNciX : len = 124 > 20027905A0EC0100A0ED0101A10F020006A0A50D7B7B7B7B7B7BFF031F00000000A02058C1A900E2408E02E2C11603E2C2A900E2418E02E2C3A900E2011101E2423000F2000A00E2001400EA810B04E20000000000000000000000007002000000020000000000000000000000000000000008000000000000000000
09-12 00:18:51.340   401 17697 D NxpTml  : NFCC - Read successful.....
09-12 00:18:51.340   401 17697 I NxpNciR : len =   5 > 4002020000
09-12 00:18:51.340   401 17697 D NxpTml  : NFCC - Posting read message.....
09-12 00:18:51.340   401 17700 D NxpHal  : read successful status = 0x0
09-12 00:18:51.340   401 17700 D NxpHal  : phNxpNciHal_print_res_status: response status =STATUS_OK
09-12 00:18:51.340   401 17697 D NxpTml  : NFCC - Read requested.....
09-12 00:18:51.340   401 17697 D NxpTml  : NFCC - Invoking Read.....
09-12 00:18:51.341 17380 17380 I BtGdWakelockNative: system/gd/os/android/wakelock_native.cc:62 Initialize: Initializing native wake locks
09-12 00:18:51.341 17380 17723 I bluetooth: system/gd/os/linux_generic/thread.cc:56 run: Thread: gd_stack_thread started with tid: 17723
09-12 00:18:51.344   401 17698 D NxpTml  : NFCC - Write successful.....
09-12 00:18:51.344   401 17698 D NxpTml  : NFCC - Posting Fresh Write message.....
09-12 00:18:51.344   401 17700 D NxpHal  : write successful status = 0x0
09-12 00:18:51.344   401 17698 D NxpTml  : NFCC - Tml Writer Thread Running................
09-12 00:18:51.346   401   423 D NxpHal  : Response timer started
09-12 00:18:51.346   401   423 D NxpHal  : Waiting after ext cmd sent
09-12 00:18:51.347   401   423 D NxpHal  : Response timer stopped
09-12 00:18:51.347   401   423 D NxpHal  : Checking response
09-12 00:18:51.347   401   423 D NxpHal  : Performing SE Settings
09-12 00:18:51.347   401   423 D NxpHal  : Get property : SUPPORT_ESE -1
09-12 00:18:51.347   401   423 D NxpHal  : Get property : SUPPORT_EUICC -1
09-12 00:18:51.347   401   423 D NxpHal  : Get property : SUPPORT_UICC -1
09-12 00:18:51.347   401   423 D NxpHal  : Get property : SUPPORT_UICC2 -1
09-12 00:18:51.347   401   423 D NxpHal  : Performing NAME_NXP_CORE_CONF Settings
09-12 00:18:51.347   401   423 D NxpExtns: find found NXP_CORE_CONF= !(
09-12 00:18:51.347   515   647 D SnapAlloc: from handle - reserved size 0 custom content metadata size 0
09-12 00:18:51.347 17502 17502 D CellBroadcastConfigTracker-0: init
09-12 00:18:51.347   515   647 D SnapAlloc: Successfully mapped metadata 0x1
09-12 00:18:51.348   401 17698 D NxpTml  : NFCC - Write requested.....
09-12 00:18:51.348   401 17698 D NxpTml  : NFCC - Invoking Write.....
09-12 00:18:51.349 17380 17380 W droid.bluetooth: AIBinder_linkToDeath is being called with a non-null cookie and no onUnlink callback set. Use AIBinder_DeathRecipient_setOnUnlinked to manage the lifetime of the cookie. This will become an abort.
09-12 00:18:51.349   401 17698 I NxpNciX : len =  36 > 2002210B28010021010033005401065B01003E010080010181010182010E180101680101
09-12 00:18:51.349   401 17698 D NxpTml  : NFCC - Write successful.....
09-12 00:18:51.349   401 17698 D NxpTml  : NFCC - Posting Fresh Write message.....
09-12 00:18:51.349   401 17698 D NxpTml  : NFCC - Tml Writer Thread Running................
09-12 00:18:51.349 16986 17013 D WindowManager: Remove SleepToken: tag=Display-off, displayId=0
09-12 00:18:51.350 16986 17013 D WindowManager: Remove non-existent sleep token: Display-off from com.android.server.policy.PhoneWindowManager.screenTurningOn:41 com.android.server.policy.PhoneWindowManager.systemBooted:122 com.android.server.wm.ActivityTaskManagerService$LocalService.enableScreenAfterBoot:115 com.android.server.wm.ActivityTaskManagerService$$ExternalSyntheticLambda39.run:23 android.os.Handler.handleCallback:1095 android.os.Handler.dispatchMessageImpl:135 
09-12 00:18:51.350 16986 17013 W KeyguardServiceDelegate: onScreenTurningOn(): no keyguard service!
09-12 00:18:51.351 17502 17502 E SatelliteController: SatelliteController was not yet initialized.
09-12 00:18:51.351   401 17700 D NxpHal  : write successful status = 0x0
09-12 00:18:51.352   401   423 D NxpHal  : Response timer started
09-12 00:18:51.352   401   423 D NxpHal  : Waiting after ext cmd sent
09-12 00:18:51.353   401 17697 D NxpTml  : NFCC - Read successful.....
09-12 00:18:51.353   401 17697 I NxpNciR : len =   5 > 4002020000
09-12 00:18:51.353   401 17697 D NxpTml  : NFCC - Posting read message.....
09-12 00:18:51.353   401 17700 D NxpHal  : read successful status = 0x0
09-12 00:18:51.353   401 17700 D NxpHal  : phNxpNciHal_print_res_status: response status =STATUS_OK
09-12 00:18:51.353   401 17697 D NxpTml  : NFCC - Read requested.....
09-12 00:18:51.353   401 17697 D NxpTml  : NFCC - Invoking Read.....
09-12 00:18:51.353   401   423 D NxpHal  : Response timer stopped
09-12 00:18:51.353   401   423 D NxpHal  : Checking response
09-12 00:18:51.353   401   423 D NxpHal  : NAME_NXP_ENABLE_DCDC_ON not found:
09-12 00:18:51.353   401   423 D android.hardware.nfc-service.nxp: isModified enter; conf file type 1
09-12 00:18:51.353   401   423 E android.hardware.nfc-service.nxp: isModified Unable to open file assume modified
09-12 00:18:51.353   401   423 D android.hardware.nfc-service.nxp: isModified enter; conf file type 2
09-12 00:18:51.353   401   423 E android.hardware.nfc-service.nxp: isModified Unable to open file assume modified
09-12 00:18:51.353   401   423 D android.hardware.nfc-service.nxp: ret RF or Transit value 1
09-12 00:18:51.353   401   423 D NxpExtns: find found NXP_RF_CONF_BLK_1= C j¸¸¸¼¸¸¸¼ €2È
09-12 00:18:51.353   401   423 D NxpHal  :  Performing RF Settings BLK 1
09-12 00:18:51.353   401 17698 D NxpTml  : NFCC - Write requested.....
09-12 00:18:51.353   401 17698 D NxpTml  : NFCC - Invoking Write.....
09-12 00:18:51.357   401 17698 I NxpNciX : len =  70 > 20024305A06A10B801B801B801BC02B801B801B801BC02A0110704803201C80000A09E0C0F3B076400C8002B2C010000A0A50D7B7B7B7B7B7BFF031F00000000A12E03838322
09-12 00:18:51.357 17380 17380 I bluetooth: system/gd/storage/legacy_config_file.cc:34 LegacyConfigFile: Config created with path parameter: /data/misc/bluedroid/bt_config.conf
09-12 00:18:51.358   401 17698 D NxpTml  : NFCC - Write successful.....
09-12 00:18:51.358   401 17698 D NxpTml  : NFCC - Posting Fresh Write message.....
09-12 00:18:51.358   401 17698 D NxpTml  : NFCC - Tml Writer Thread Running................
09-12 00:18:51.358   401 17700 D NxpHal  : write successful status = 0x0
09-12 00:18:51.358   401   423 D NxpHal  : Response timer started
09-12 00:18:51.358   401 17697 D NxpTml  : NFCC - Read successful.....
09-12 00:18:51.358   401   423 D NxpHal  : Waiting after ext cmd sent
09-12 00:18:51.358   401 17697 I NxpNciR : len =   5 > 4002020000
09-12 00:18:51.358   401 17697 D NxpTml  : NFCC - Posting read message.....
09-12 00:18:51.358   401 17700 D NxpHal  : read successful status = 0x0
09-12 00:18:51.358   401 17700 D NxpHal  : phNxpNciHal_print_res_status: response status =STATUS_OK
09-12 00:18:51.358   401   423 D NxpHal  : Response timer stopped
09-12 00:18:51.358   401 17697 D NxpTml  : NFCC - Read requested.....
09-12 00:18:51.358   401   423 D NxpHal  : Checking response
09-12 00:18:51.358   401 17697 D NxpTml  : NFCC - Invoking Read.....
09-12 00:18:51.358   401   423 D NxpExtns: find found NXP_RF_CONF_BLK_2= ã ¯	.
09-12 00:18:51.358   401   423 D NxpHal  :  Performing RF Settings BLK 2
09-12 00:18:51.358   401 17698 D NxpTml  : NFCC - Write requested.....
09-12 00:18:51.358   401 17698 D NxpTml  : NFCC - Invoking Write.....
09-12 00:18:51.363 17306 17666 I WearServices: [SafeServiceStarter]startService: Trying to start service - ComponentInfo{com.google.wear.services/com.google.wear.services.calling.bluetooth.HfpClientConnectionService}
09-12 00:18:51.364   401 17698 I NxpNciX : len = 230 > 2002E303A0AF09112E0024112E002402A098081D3B0778241D1D0DA034C823043D010012F7000000EE010000E4020000DB030000D2040000C9050000C0060000B6070000AD080000A4090000A4090000902600009026000090260000902600009026000090260000902600009026000090260000902600009026000090260000902600000812902600009026000090260000902600009026000090260000902600009026000090260000902600009026000090260000902600009026000090260000902600009026000090260000902600009026000090260000902600009026000090260000
09-12 00:18:51.364 17502 17502 D CellBroadcastServiceManager: CellBroadcastServiceManager created for phone 0
09-12 00:18:51.364   401 17698 D NxpTml  : NFCC - Write successful.....
09-12 00:18:51.364   401 17698 D NxpTml  : NFCC - Posting Fresh Write message.....
09-12 00:18:51.364   401 17698 D NxpTml  : NFCC - Tml Writer Thread Running................
09-12 00:18:51.364   401 17700 D NxpHal  : write successful status = 0x0
09-12 00:18:51.365   401   423 D NxpHal  : Response timer started
09-12 00:18:51.365   401   423 D NxpHal  : Waiting after ext cmd sent
09-12 00:18:51.365   401 17697 D NxpTml  : NFCC - Read successful.....
09-12 00:18:51.365   401 17697 I NxpNciR : len =   5 > 4002020000
09-12 00:18:51.365   401 17697 D NxpTml  : NFCC - Posting read message.....
09-12 00:18:51.366   401 17700 D NxpHal  : read successful status = 0x0
09-12 00:18:51.366   401 17700 D NxpHal  : phNxpNciHal_print_res_status: response status =STATUS_OK
09-12 00:18:51.366   401 17697 D NxpTml  : NFCC - Read requested.....
09-12 00:18:51.366   401   423 D NxpHal  : Response timer stopped
09-12 00:18:51.366   401   423 D NxpHal  : Checking response
09-12 00:18:51.366   401   423 D NxpExtns: find found NXP_RF_CONF_BLK_3= ñ ©í@$ÿAÿBÿCÿDÿE
09-12 00:18:51.366   401   423 D NxpExtns: ÿFÿGÿ$ÿH
09-12 00:18:51.366   401 17697 D NxpTml  : NFCC - Invoking Read.....
09-12 00:18:51.366 17502 17502 D CellBroadcastServiceManager: getCellBroadcastServicePackageName: com.google.android.cellbroadcastservice
09-12 00:18:51.366   401   423 D NxpHal  :  Performing RF Settings BLK 3
09-12 00:18:51.366   401 17698 D NxpTml  : NFCC - Write requested.....
09-12 00:18:51.366   401 17698 D NxpTml  : NFCC - Invoking Write.....
09-12 00:18:51.366 17703 17703 D CompatChangeReporter: Compat change id reported: 333566037; UID 10155; state: ENABLED
09-12 00:18:51.373   401 17698 I NxpNciX : len = 244 > 2002F101A0A9ED4024FF411EFF4218FF4313FF440EFF450AFF4606FF4703FF0724FF4800FF0918FF0A13FF0B0EFF0C0AFF0D06FF0E02FF0F00F51000DC1100C61200B21300A014009015008116007417006818005D1900531A004A1B00421C003B1D00351E002F1F002A200028200028200028200028200028200028200028200028200028200028200028200028200028200028200028200028200028200028200028200028200028200028200028200028200028200028200028200028200028200028200028200028200028200028200028200028200028200028200028200028200028200028200028200028200028200028
09-12 00:18:51.373   401 17698 D NxpTml  : NFCC - Write successful.....
09-12 00:18:51.373   401 17698 D NxpTml  : NFCC - Posting Fresh Write message.....
09-12 00:18:51.373   401 17698 D NxpTml  : NFCC - Tml Writer Thread Running................
09-12 00:18:51.375   401 17700 D NxpHal  : write successful status = 0x0
09-12 00:18:51.376   401   423 D NxpHal  : Response timer started
09-12 00:18:51.376   401   423 D NxpHal  : Waiting after ext cmd sent
09-12 00:18:51.376   401 17697 D NxpTml  : NFCC - Read successful.....
09-12 00:18:51.376   401 17697 I NxpNciR : len =   5 > 4002020000
09-12 00:18:51.376   401 17697 D NxpTml  : NFCC - Posting read message.....
09-12 00:18:51.377   401 17700 D NxpHal  : read successful status = 0x0
09-12 00:18:51.377   401 17700 D NxpHal  : phNxpNciHal_print_res_status: response status =STATUS_OK
09-12 00:18:51.377   401 17697 D NxpTml  : NFCC - Read requested.....
09-12 00:18:51.377   401 17697 D NxpTml  : NFCC - Invoking Read.....
09-12 00:18:51.377   401   423 D NxpHal  : Response timer stopped
09-12 00:18:51.377   401   423 D NxpHal  : Checking response
09-12 00:18:51.377   401   423 D NxpExtns: find found NXP_RF_CONF_BLK_4= ‰ ¤…
09-12 00:18:51.377   401   423 D NxpHal  :  Performing RF Settings BLK 4
09-12 00:18:51.377   401 17698 D NxpTml  : NFCC - Write requested.....
09-12 00:18:51.377   401 17698 D NxpTml  : NFCC - Invoking Write.....
09-12 00:18:51.379 17380 17380 I bluetooth: system/gd/hal/snoop_logger.cc:557 SnoopLogger: Snoop Logs disabled
09-12 00:18:51.381   401 17698 I NxpNciX : len = 140 > 20028901A0A485140001000000000300060009000C000F001200150018001B001E002100240027002B002E003100340037003A003D0040004300460049004C004F005200560059005C005F006200650068006B006E007100740077007A007D008100840087008A008D0090009300960099009C009F00A200A500A900AC00AF00B200B500B800BB00BE00C100
09-12 00:18:51.381   401 17697 D NxpTml  : NFCC - Read successful.....
09-12 00:18:51.381   401 17698 D NxpTml  : NFCC - Write successful.....
09-12 00:18:51.381   401 17698 D NxpTml  : NFCC - Posting Fresh Write message.....
09-12 00:18:51.381   401 17698 D NxpTml  : NFCC - Tml Writer Thread Running................
09-12 00:18:51.381   401 17700 D NxpHal  : write successful status = 0x0
09-12 00:18:51.382   401 17697 I NxpNciR : len =   5 > 4002020000
09-12 00:18:51.382   401 17697 D NxpTml  : NFCC - Posting read message.....
09-12 00:18:51.382   401 17700 D NxpHal  : read successful status = 0x0
09-12 00:18:51.382   401 17700 D NxpHal  : phNxpNciHal_print_res_status: response status =STATUS_OK
09-12 00:18:51.382   401 17697 D NxpTml  : NFCC - Read requested.....
09-12 00:18:51.382   401 17697 D NxpTml  : NFCC - Invoking Read.....
09-12 00:18:51.383   401   423 D NxpHal  : Response timer started
09-12 00:18:51.383   401   423 D NxpHal  : Waiting after ext cmd sent
09-12 00:18:51.383   401   423 D NxpHal  : Response timer stopped
09-12 00:18:51.383   401   423 D NxpHal  : Checking response
09-12 00:18:51.383   401   423 D NxpExtns: find found NXP_RF_CONF_BLK_5= † «‚'-;Ki±Ö+V‰¼ï/o¯ï/„Ù/„Ù@	¦	
09-12 00:18:51.383   401   423 D NxpExtns: Œ
09-12 00:18:51.383   401   423 D NxpExtns: ŒŒ7áŒ7áŒŒŒŒŒŒŒá6‹áŒ6á á"á$á&á(‹+6.á0‹366>9F<M?MCMG
09-12 00:18:51.383   401   423 D NxpHal  :  Performing RF Settings BLK 5
09-12 00:18:51.383   401 17698 D NxpTml  : NFCC - Write requested.....
09-12 00:18:51.383   401 17698 D NxpTml  : NFCC - Invoking Write.....
09-12 00:18:51.384 17380 17380 I bluetooth: system/gd/hal/snoop_logger_file.cc:192 delete_log_file: Log file does not exist at "/data/misc/bluetooth/logs/btsnoop_hci.log.filtered"
09-12 00:18:51.384 17380 17380 I bluetooth: system/gd/hal/snoop_logger_file.cc:192 delete_log_file: Log file does not exist at "/data/misc/bluetooth/logs/btsnoop_hci.log.filtered.last"
09-12 00:18:51.384 17380 17380 I bluetooth: system/gd/hal/snoop_logger_file.cc:192 delete_log_file: Log file does not exist at "/data/misc/bluetooth/logs/btsnoop_hci.log"
09-12 00:18:51.385 17380 17380 I bluetooth: system/gd/hal/snoop_logger_file.cc:192 delete_log_file: Log file does not exist at "/data/misc/bluetooth/logs/btsnoop_hci.log.last"
09-12 00:18:51.386 17502 17502 D CellBroadcastServiceManager: serviceWasBound=true
09-12 00:18:51.387 16986 17680 W ActivityManager: Unable to start service Intent { act=com.google.android.clockwork.hfp.ACTION_ENABLE_ACCOUNT xflg=0x4 cmp=com.google.wear.services/.calling.bluetooth.HfpClientConnectionService (has extras) } U=0: not found
09-12 00:18:51.387   401 17698 I NxpNciX : len = 137 > 20028601A0AB82271B2D043B044B0469048D04B104D60401052B0556058905BC05EF052F066F06AF06EF062F078407D9072F088408D9084009A6090C0A8C0A0C0B8C0B0C0C8C0C370DE10D8C0E370FE10F8C108C118C128C138C148C158C16E11736198B1AE11B8C1D361FE120E122E124E126E1288B2B362EE1308B3336363E39463C4D3F4D434D47
09-12 00:18:51.387   401 17698 D NxpTml  : NFCC - Write successful.....
09-12 00:18:51.387   401 17698 D NxpTml  : NFCC - Posting Fresh Write message.....
09-12 00:18:51.388   401 17698 D NxpTml  : NFCC - Tml Writer Thread Running................
09-12 00:18:51.388   401 17700 D NxpHal  : write successful status = 0x0
09-12 00:18:51.389   401   423 D NxpHal  : Response timer started
09-12 00:18:51.389   401 17697 D NxpTml  : NFCC - Read successful.....
09-12 00:18:51.389   401 17697 I NxpNciR : len =   5 > 4002020000
09-12 00:18:51.389   401 17697 D NxpTml  : NFCC - Posting read message.....
09-12 00:18:51.389   401 17700 D NxpHal  : read successful status = 0x0
09-12 00:18:51.389   401   423 D NxpHal  : Waiting after ext cmd sent
09-12 00:18:51.389   401 17700 D NxpHal  : phNxpNciHal_print_res_status: response status =STATUS_OK
09-12 00:18:51.389   401 17697 D NxpTml  : NFCC - Read requested.....
09-12 00:18:51.389   401   423 D NxpHal  : Response timer stopped
09-12 00:18:51.389   401   423 D NxpHal  : Checking response
09-12 00:18:51.389   401   423 D NxpExtns: find found NXP_RF_CONF_BLK_6= f¡
09-12 00:18:51.389   401   423 D NxpExtns: b‚
09-12 00:18:51.389   401 17697 D NxpTml  : NFCC - Invoking Read.....
09-12 00:18:51.389   401   423 D NxpHal  :  Performing RF Settings BLK 6
09-12 00:18:51.390   401 17698 D NxpTml  : NFCC - Write requested.....
09-12 00:18:51.390   401 17698 D NxpTml  : NFCC - Invoking Write.....
09-12 00:18:51.393   401 17698 I NxpNciX : len = 105 > 20026601A10A620812820500004A06000012070000881300008813000088130000781E0000781E0000781E0000781E0000781E0000781E0000781E0000781E0000781E0000781E0000781E0000781E0000AC260000AC260000AC260000AC260000AC260000AC260000
09-12 00:18:51.393   401 17698 D NxpTml  : NFCC - Write successful.....
09-12 00:18:51.393   401 17698 D NxpTml  : NFCC - Posting Fresh Write message.....
09-12 00:18:51.393   401 17698 D NxpTml  : NFCC - Tml Writer Thread Running................
09-12 00:18:51.396   401 17700 D NxpHal  : write successful status = 0x0
09-12 00:18:51.396   401   423 D NxpHal  : Response timer started
09-12 00:18:51.396   401   423 D NxpHal  : Waiting after ext cmd sent
09-12 00:18:51.396   401 17697 D NxpTml  : NFCC - Read successful.....
09-12 00:18:51.396   401 17697 I NxpNciR : len =   5 > 4002020000
09-12 00:18:51.396   401 17697 D NxpTml  : NFCC - Posting read message.....
09-12 00:18:51.397   401 17700 D NxpHal  : read successful status = 0x0
09-12 00:18:51.397   401 17700 D NxpHal  : phNxpNciHal_print_res_status: response status =STATUS_OK
09-12 00:18:51.397   401   423 D NxpHal  : Response timer stopped
09-12 00:18:51.397   401   423 D NxpHal  : Checking response
09-12 00:18:51.397   401   423 D NxpExtns: find found NXP_SYS_CLK_SRC_SEL=(0x2)
09-12 00:18:51.397   401 17697 D NxpTml  : NFCC - Read requested.....
09-12 00:18:51.397   401 17697 D NxpTml  : NFCC - Invoking Read.....
09-12 00:18:51.397   401   423 D NxpExtns: find found NXP_SYS_CLK_FREQ_SEL=(0x5)
09-12 00:18:51.397   401   423 D NxpFwDnld: gphNxpNciHal_fw_IoctlCtx.bClkSrcVal = 0x2
09-12 00:18:51.397   401   423 D NxpFwDnld: gphNxpNciHal_fw_IoctlCtx.bClkFreqVal = 0x5
09-12 00:18:51.397   401   423 D NxpFwDnld: gphNxpNciHal_fw_IoctlCtx.bClkFreqVal = 0x0
09-12 00:18:51.397   401   423 E NxpFwDnld: Clock timeout value is wrong in config file, setting it as default
09-12 00:18:51.397   401 17698 D NxpTml  : NFCC - Write requested.....
09-12 00:18:51.397   401 17698 D NxpTml  : NFCC - Invoking Write.....
09-12 00:18:51.399   401 17698 I NxpNciX : len =   6 > 20030301A011
09-12 00:18:51.399   401 17698 D NxpTml  : NFCC - Write successful.....
09-12 00:18:51.399   401 17698 D NxpTml  : NFCC - Posting Fresh Write message.....
09-12 00:18:51.399   401 17698 D NxpTml  : NFCC - Tml Writer Thread Running................
09-12 00:18:51.399   401 17700 D NxpHal  : write successful status = 0x0
09-12 00:18:51.399   401   423 D NxpHal  : Response timer started
09-12 00:18:51.399   401   423 D NxpHal  : Waiting after ext cmd sent
09-12 00:18:51.399   401 17697 D NxpTml  : NFCC - Read successful.....
09-12 00:18:51.399   401 17697 I NxpNciR : len =  15 > 40030C0001A0110704803201C80000
09-12 00:18:51.399   401 17697 D NxpTml  : NFCC - Posting read message.....
09-12 00:18:51.400   401 17700 D NxpHal  : read successful status = 0x0
09-12 00:18:51.400   401 17700 D NxpHal  : phNxpNciHal_print_res_status: response status =STATUS_OK
09-12 00:18:51.400   401   423 D NxpHal  : Response timer stopped
09-12 00:18:51.400   401   423 D NxpHal  : Checking response
09-12 00:18:51.400   401   423 E NxpFwDnld: default delay to start clock value is wrong in config file, setting it as default
09-12 00:18:51.400   401   423 D NxpHal  : phNxpNciHal_china_tianjin_rf_setting - Enter
09-12 00:18:51.400   401 17697 D NxpTml  : NFCC - Read requested.....
09-12 00:18:51.400   401 17697 D NxpTml  : NFCC - Invoking Read.....
09-12 00:18:51.400   401 17698 D NxpTml  : NFCC - Write requested.....
09-12 00:18:51.400   401 17698 D NxpTml  : NFCC - Invoking Write.....
09-12 00:18:51.400   401 17698 I NxpNciX : len =   6 > 20030301A085
09-12 00:18:51.400   401 17698 D NxpTml  : NFCC - Write successful.....
09-12 00:18:51.400   401 17698 D NxpTml  : NFCC - Posting Fresh Write message.....
09-12 00:18:51.400   401 17698 D NxpTml  : NFCC - Tml Writer Thread Running................
09-12 00:18:51.400   401 17700 D NxpHal  : write successful status = 0x0
09-12 00:18:51.400   401   423 D NxpHal  : Response timer started
09-12 00:18:51.401   401   423 D NxpHal  : Waiting after ext cmd sent
09-12 00:18:51.401   401 17697 D NxpTml  : NFCC - Read successful.....
09-12 00:18:51.401   401 17697 I NxpNciR : len =  12 > 4003090001A085047888AA2C
09-12 00:18:51.402   401 17697 D NxpTml  : NFCC - Posting read message.....
09-12 00:18:51.403   401 17700 D NxpHal  : read successful status = 0x0
09-12 00:18:51.403   401 17700 D NxpHal  : phNxpNciHal_print_res_status: response status =STATUS_OK
09-12 00:18:51.403   401   423 D NxpHal  : Response timer stopped
09-12 00:18:51.403   401   423 D NxpHal  : Checking response
09-12 00:18:51.403   401   423 D NxpExtns: find found NXP_CORE_PROP_SYSTEM_DEBUG=(0x2017)
09-12 00:18:51.403   401 17697 D NxpTml  : NFCC - Read requested.....
09-12 00:18:51.403   401 17697 D NxpTml  : NFCC - Invoking Read.....
09-12 00:18:51.403   401   423 D NxpHal  : Enable L1 RF NTF debugs
09-12 00:18:51.404   401   423 D NxpHal  : Enable L2 RF NTF debugs (CE)
09-12 00:18:51.404   401   423 D NxpHal  : Enable all Felica CM events
09-12 00:18:51.404   401   423 D NxpHal  : Enable Felica System Code
09-12 00:18:51.404   401   423 D NxpHal  : Enable CMA events
09-12 00:18:51.404   401 17698 D NxpTml  : NFCC - Write requested.....
09-12 00:18:51.404   401 17698 D NxpTml  : NFCC - Invoking Write.....
09-12 00:18:51.404   401 17698 I NxpNciX : len =   9 > 20020601A01D021720
09-12 00:18:51.404   401 17698 D NxpTml  : NFCC - Write successful.....
09-12 00:18:51.404   401 17698 D NxpTml  : NFCC - Posting Fresh Write message.....
09-12 00:18:51.404   401 17698 D NxpTml  : NFCC - Tml Writer Thread Running................
09-12 00:18:51.405   401 17700 D NxpHal  : write successful status = 0x0
09-12 00:18:51.405   401 17697 D NxpTml  : NFCC - Read successful.....
09-12 00:18:51.405   401   423 D NxpHal  : Response timer started
09-12 00:18:51.405   401   423 D NxpHal  : Waiting after ext cmd sent
09-12 00:18:51.406   401 17697 I NxpNciR : len =   5 > 4002020000
09-12 00:18:51.406   401 17697 D NxpTml  : NFCC - Posting read message.....
09-12 00:18:51.406   401 17700 D NxpHal  : read successful status = 0x0
09-12 00:18:51.406   401 17700 D NxpHal  : phNxpNciHal_print_res_status: response status =STATUS_OK
09-12 00:18:51.406   401 17697 D NxpTml  : NFCC - Read requested.....
09-12 00:18:51.406   401 17697 D NxpTml  : NFCC - Invoking Read.....
09-12 00:18:51.406   401   423 D NxpHal  : Response timer stopped
09-12 00:18:51.406   401   423 D NxpHal  : Checking response
09-12 00:18:51.406   401   423 D android.hardware.nfc-service.nxp: isModified enter; conf file type 1
09-12 00:18:51.406   401   423 E android.hardware.nfc-service.nxp: isModified Unable to open file assume modified
09-12 00:18:51.406   401   423 D android.hardware.nfc-service.nxp: isModified enter; conf file type 2
09-12 00:18:51.406   401   423 E android.hardware.nfc-service.nxp: isModified Unable to open file assume modified
09-12 00:18:51.406   401   423 D android.hardware.nfc-service.nxp: ret RF or Transit value 1
09-12 00:18:51.406   401   423 D NxpHal  : phNxpNciHal_ext_send_sram_config_to_flash  send
09-12 00:18:51.406   401 17698 D NxpTml  : NFCC - Write requested.....
09-12 00:18:51.407   401 17698 D NxpTml  : NFCC - Invoking Write.....
09-12 00:18:51.407   401 17698 I NxpNciX : len =   3 > 2F2100
09-12 00:18:51.407   401 17698 D NxpTml  : NFCC - Write successful.....
09-12 00:18:51.407   401 17698 D NxpTml  : NFCC - Posting Fresh Write message.....
09-12 00:18:51.407   401 17698 D NxpTml  : NFCC - Tml Writer Thread Running................
09-12 00:18:51.409 17279 17289 I libbinder.AidlLazyServiceRegistrar: Process has 0 (of 1 available) client(s) in use after notification media.codeclist.generator has clients: 0
09-12 00:18:51.410   401 17700 D NxpHal  : write successful status = 0x0
09-12 00:18:51.410 17502 17502 D CellBroadcastServiceManager: CellBroadcastServiceManager created for phone 0
09-12 00:18:51.410   401   423 D NxpHal  : Response timer started
09-12 00:18:51.410   401   423 D NxpHal  : Waiting after ext cmd sent
09-12 00:18:51.411 17279 17289 I libbinder.AidlLazyServiceRegistrar: Trying to shut down the service. No clients in use for any service in process.
09-12 00:18:51.411 17279 17289 I libbinder.AidlLazyServiceRegistrar: Unregistered all clients and exiting
09-12 00:18:51.413 17283 17296 I .wearable.sysui: NativeAlloc concurrent mark compact GC freed 3020KB AllocSpace bytes, 14(360KB) LOS objects, 97% free, 3596KB/128MB, paused 6.572ms,14.727ms total 260.596ms
09-12 00:18:51.414   401 17697 D NxpTml  : NFCC - Read successful.....
09-12 00:18:51.414   401 17697 I NxpNciR : len =   4 > 4F210100
09-12 00:18:51.414   401 17697 D NxpTml  : NFCC - Posting read message.....
09-12 00:18:51.414   401 17700 D NxpHal  : read successful status = 0x0
09-12 00:18:51.414   401 17697 D NxpTml  : NFCC - Read requested.....
09-12 00:18:51.414   401 17697 D NxpTml  : NFCC - Invoking Read.....
09-12 00:18:51.416   401   423 D NxpHal  : Response timer stopped
09-12 00:18:51.416   401   423 D NxpHal  : Checking response
09-12 00:18:51.416   401 17698 D NxpTml  : NFCC - Write requested.....
09-12 00:18:51.416   401 17698 D NxpTml  : NFCC - Invoking Write.....
09-12 00:18:51.417   401 17698 I NxpNciX : len =   4 > 20000100
09-12 00:18:51.417   401 17698 D NxpTml  : NFCC - Write successful.....
09-12 00:18:51.417   401 17698 D NxpTml  : NFCC - Posting Fresh Write message.....
09-12 00:18:51.417   401 17698 D NxpTml  : NFCC - Tml Writer Thread Running................
09-12 00:18:51.417   401 17700 D NxpHal  : write successful status = 0x0
09-12 00:18:51.418   401   423 D NxpHal  : Response timer started
09-12 00:18:51.418   401   423 D NxpHal  : Waiting after ext cmd sent
09-12 00:18:51.419 17502 17502 D CellBroadcastServiceManager: getCellBroadcastServicePackageName: com.google.android.cellbroadcastservice
09-12 00:18:51.419   401 17697 D NxpTml  : NFCC - Read successful.....
09-12 00:18:51.419   401 17697 I NxpNciR : len =   4 > 40000100
09-12 00:18:51.419   401 17697 D NxpTml  : NFCC - Posting read message.....
09-12 00:18:51.419   401 17700 D NxpHal  : read successful status = 0x0
09-12 00:18:51.419   401 17700 D NxpHal  : CORE_RESET_RSP NCI2.0
09-12 00:18:51.419   401 17697 D NxpTml  : NFCC - Read requested.....
09-12 00:18:51.419   401 17697 D NxpTml  : NFCC - Invoking Read.....
09-12 00:18:51.420   401 17697 D NxpTml  : NFCC - Read successful.....
09-12 00:18:51.420   401 17697 I NxpNciR : len =  13 > 60000A020020040577C101013F
09-12 00:18:51.420   401 17697 D NxpTml  : NFCC - Posting read message.....
09-12 00:18:51.420   401 17700 D NxpHal  : read successful status = 0x0
09-12 00:18:51.420   401 17700 D NxpHal  : CORE_RESET_NTF NCI2.0 reason CORE_RESET_CMD received !
09-12 00:18:51.420   401 17700 D NxpHal  : NxpNci> FW Version: 1.1.3f
09-12 00:18:51.421   401 17697 D NxpTml  : NFCC - Read requested.....
09-12 00:18:51.421   401 17697 D NxpTml  : NFCC - Invoking Read.....
09-12 00:18:51.421 17703 17703 D nativeloader: Configuring clns-shared-6 for other apk /apex/com.android.cellbroadcast/priv-app/GoogleCellBroadcastApp@370546200/GoogleCellBroadcastApp.apk. target_sdk_version=37, uses_libraries=, library_path=/apex/com.android.cellbroadcast/priv-app/GoogleCellBroadcastApp@370546200/lib/arm:/system/lib:/system_ext/lib, permitted_path=/data:/mnt/expand:/data/user_de/0/com.google.android.cellbroadcastreceiver:/apex/com.android.cellbroadcast/priv-app/GoogleCellBroadcastApp@370546200:/system/lib:/system_ext/lib
09-12 00:18:51.425   401   423 D NxpHal  : Response timer stopped
09-12 00:18:51.425   401   423 D NxpHal  : Checking response
09-12 00:18:51.426   401 17698 D NxpTml  : NFCC - Write requested.....
09-12 00:18:51.426   401 17698 D NxpTml  : NFCC - Invoking Write.....
09-12 00:18:51.426 17380 17380 I bluetooth: system/gd/hal/hci_hal_impl_android.cc:211 HciHalImpl: Initializing HCI HAL backend and callbacks !!
09-12 00:18:51.426 17380 17380 I bluetooth: system/gd/hal/hci_backend_aidl.cc:153 CreateAidl: Attempting to subscribe to hci instance: android.hardware.bluetooth.IBluetoothHci/default
09-12 00:18:51.427 17356 17356 D GsmCellBroadcastHandler: subId[-1] is not valid
09-12 00:18:51.428   401 17698 I NxpNciX : len =   5 > 2001020000
09-12 00:18:51.428   401 17698 D NxpTml  : NFCC - Write successful.....
09-12 00:18:51.428   401 17698 D NxpTml  : NFCC - Posting Fresh Write message.....
09-12 00:18:51.428   401 17698 D NxpTml  : NFCC - Tml Writer Thread Running................
09-12 00:18:51.428   401 17700 D NxpHal  : write successful status = 0x0
09-12 00:18:51.428   401   423 D NxpHal  : Response timer started
09-12 00:18:51.428   401   423 D NxpHal  : Waiting after ext cmd sent
09-12 00:18:51.429 17703 17703 D nativeloader: InitApexLibraries:
09-12 00:18:51.429 17703 17703 D nativeloader:   com_android_adservices: libhpke_jni.so:libtflite_support_classifiers_native.so
09-12 00:18:51.429 17703 17703 D nativeloader:   com_android_appsearch: libappsearchservice.so:libicing_anywhere.so
09-12 00:18:51.429 17703 17703 D nativeloader:   com_android_art: libartservice.so
09-12 00:18:51.429 17703 17703 D nativeloader:   com_android_bt: libbluetooth_jni.so
09-12 00:18:51.429 17703 17703 D nativeloader:   com_android_conscrypt: libjavacrypto.so
09-12 00:18:51.429 17703 17703 D nativeloader:   com_android_extservices: libtflite_support_classifiers_native.so
09-12 00:18:51.429 17703 17703 D nativeloader:   com_android_mediaprovider: libpdfclient.so
09-12 00:18:51.429 17703 17703 D nativeloader:   com_android_nfcservices: libnfc_nci_jni.so
09-12 00:18:51.429 17703 17703 D nativeloader:   com_android_npumanager: libnpumanager_service_jni.so
09-12 00:18:51.429 17703 17703 D nativeloader:   com_android_ondevicepersonalization: libfcp_cpp_dep_jni.so:libfcp_hpke_jni.so
09-12 00:18:51.429 17703 17703 D nativeloader:   com_android_os_statsd: libstats_jni.so
09-12 00:18:51.429 17703 17703 D nativeloader:   com_android_tethering: libandroid_net_connectivity_com_android_net_module_util_jni.so:libandroid_net_connectivity_com_android_net_module_util_jni_CommonConnectivityJni.so:libcrypto_httpengine.so:libframework-connectivity-jni.so:libframework-connectivity-tiramisu-jni.so:libhttpengine.so:libservice-connectivity.so:libservice-thread-jni.so
09-12 00:18:51.429 17703 17703 D nativeloader:   com_android_uwb: libuwb_uci_jni_rust.so
09-12 00:18:51.429 17703 17703 D nativeloader:   com_android_virt: Mi
09-12 00:18:51.433 17502 17502 D CellBroadcastServiceManager: serviceWasBound=true
09-12 00:18:51.434 17380 17380 W bluetooth: system/gd/hal/hci_backend_aidl.cc:159 CreateAidl: Bluetooth AIDL HAL service not declared
09-12 00:18:51.435   401 17697 D NxpTml  : NFCC - Read successful.....
09-12 00:18:51.435   401 17697 I NxpNciR : len =  29 > 40011A003A3E0600010604FFFF01FF0006000001000200800081008300
09-12 00:18:51.435   401 17697 D NxpTml  : NFCC - Posting read message.....
09-12 00:18:51.435   401 17700 D NxpHal  : read successful status = 0x0
09-12 00:18:51.435   401 17700 D NxpHal  : CORE_INIT_RSP NCI2.0 received !
09-12 00:18:51.435   401 17700 E NxpHal  : RemoveNfcDepIntfFromInitResp: NFC-DEP Removal is not requored !!
09-12 00:18:51.436   401 17697 D NxpTml  : NFCC - Read requested.....
09-12 00:18:51.436   401   423 D NxpHal  : Response timer stopped
09-12 00:18:51.436   401   423 D NxpHal  : Checking response
09-12 00:18:51.436   401   423 E NxpHal  : phNxpNciHal_core_initialized: Restore UICC params failed
09-12 00:18:51.436   401 17697 D NxpTml  : NFCC - Invoking Read.....
09-12 00:18:51.436   401 17698 D NxpTml  : NFCC - Write requested.....
09-12 00:18:51.436   401 17698 D NxpTml  : NFCC - Invoking Write.....
09-12 00:18:51.436   401 17698 I NxpNciX : len =   6 > 20030301A155
09-12 00:18:51.436   401 17698 D NxpTml  : NFCC - Write successful.....
09-12 00:18:51.436   401 17698 D NxpTml  : NFCC - Posting Fresh Write message.....
09-12 00:18:51.436   401 17698 D NxpTml  : NFCC - Tml Writer Thread Running................
09-12 00:18:51.436   401 17700 D NxpHal  : write successful status = 0x0
09-12 00:18:51.436 17380 17380 I bluetooth: system/gd/hal/hci_hal_impl_android.cc:214 HciHalImpl: AIDL backend not available, falling back to HIDL
09-12 00:18:51.437 17380 17380 I bluetooth: system/gd/hal/hci_backend_hidl.cc:108 HidlHci: Trying to find a HIDL interface
09-12 00:18:51.437   401   423 D NxpHal  : Response timer started
09-12 00:18:51.437   401   423 D NxpHal  : Waiting after ext cmd sent
09-12 00:18:51.437   401 17697 D NxpTml  : NFCC - Read successful.....
09-12 00:18:51.437   401 17697 I NxpNciR : len =  10 > 4003070001A155020000
09-12 00:18:51.437   401 17697 D NxpTml  : NFCC - Posting read message.....
09-12 00:18:51.437   401 17700 D NxpHal  : read successful status = 0x0
09-12 00:18:51.437   401 17700 D NxpHal  : phNxpNciHal_print_res_status: response status =STATUS_OK
09-12 00:18:51.437   401 17697 D NxpTml  : NFCC - Read requested.....
09-12 00:18:51.437   401 17697 D NxpTml  : NFCC - Invoking Read.....
09-12 00:18:51.437   401   423 D NxpHal  : Response timer stopped
09-12 00:18:51.437   401   423 D NxpHal  : Checking response
09-12 00:18:51.437   401   423 D NxpHal  : request_EEPROM Enter  request_type : 0x01,  request_mode : 0x02,  bufflen : 0x01
09-12 00:18:51.437   401 17698 D NxpTml  : NFCC - Write requested.....
09-12 00:18:51.437   401 17698 D NxpTml  : NFCC - Invoking Write.....
09-12 00:18:51.438   401 17698 I NxpNciX : len =   6 > 20030301A00F
09-12 00:18:51.439   401 17697 D NxpTml  : NFCC - Read successful.....
09-12 00:18:51.439   401 17697 I NxpNciR : len =  40 > 4003250001A00F200000000000000000000000000000000000000000000000000000000000000000
09-12 00:18:51.439   401 17697 D NxpTml  : NFCC - Posting read message.....
09-12 00:18:51.439   401 17700 D NxpHal  : read successful status = 0x0
09-12 00:18:51.440   401 17700 D NxpHal  : phNxpNciHal_print_res_status: response status =STATUS_OK
09-12 00:18:51.440   401 17697 D NxpTml  : NFCC - Read requested.....
09-12 00:18:51.440   401 17697 D NxpTml  : NFCC - Invoking Read.....
09-12 00:18:51.442   401 17698 D NxpTml  : NFCC - Write successful.....
09-12 00:18:51.442   401 17698 D NxpTml  : NFCC - Posting Fresh Write message.....
09-12 00:18:51.442   401 17698 D NxpTml  : NFCC - Tml Writer Thread Running................
09-12 00:18:51.442   401 17700 D NxpHal  : write successful status = 0x0
09-12 00:18:51.442   401   423 D NxpHal  : Response timer started
09-12 00:18:51.442   401   423 D NxpHal  : Waiting after ext cmd sent
09-12 00:18:51.442   401   423 D NxpHal  : Response timer stopped
09-12 00:18:51.442   401   423 D NxpHal  : Checking response
09-12 00:18:51.442   401   423 D android.hardware.nfc-service.nxp: request_EEPROM: values are same no update required
09-12 00:18:51.442   401   423 D NxpHal  : phNxpNciHal_send_get_cfgs Enter
09-12 00:18:51.442   401 17698 D NxpTml  : NFCC - Write requested.....
09-12 00:18:51.442   401 17698 D NxpTml  : NFCC - Invoking Write.....
09-12 00:18:51.443   401 17698 I NxpNciX : len =   5 > 2003020100
09-12 00:18:51.443   401 17698 D NxpTml  : NFCC - Write successful.....
09-12 00:18:51.443   401 17697 D NxpTml  : NFCC - Read successful.....
09-12 00:18:51.443   401 17697 I NxpNciR : len =   9 > 40030600010002E803
09-12 00:18:51.443   401 17697 D NxpTml  : NFCC - Posting read message.....
09-12 00:18:51.444   401 17700 D NxpHal  : read successful status = 0x0
09-12 00:18:51.444   401 17700 D NxpHal  : phNxpNciHal_print_res_status: response status =STATUS_OK
09-12 00:18:51.444   401 17697 D NxpTml  : NFCC - Read requested.....
09-12 00:18:51.444   401 17697 D NxpTml  : NFCC - Invoking Read.....
09-12 00:18:51.445   401 17698 D NxpTml  : NFCC - Posting Fresh Write message.....
09-12 00:18:51.445   401 17698 D NxpTml  : NFCC - Tml Writer Thread Running................
09-12 00:18:51.445   401 17700 D NxpHal  : write successful status = 0x0
09-12 00:18:51.448   401   423 D NxpHal  : Response timer started
09-12 00:18:51.448   401   423 D NxpHal  : Waiting after ext cmd sent
09-12 00:18:51.448   401   423 D NxpHal  : Response timer stopped
09-12 00:18:51.448   401   423 D NxpHal  : Checking response
09-12 00:18:51.448   401 17698 D NxpTml  : NFCC - Write requested.....
09-12 00:18:51.448   401 17698 D NxpTml  : NFCC - Invoking Write.....
09-12 00:18:51.449   401 17698 I NxpNciX : len =   5 > 2003020129
09-12 00:18:51.449   401 17698 D NxpTml  : NFCC - Write successful.....
09-12 00:18:51.449   401 17698 D NxpTml  : NFCC - Posting Fresh Write message.....
09-12 00:18:51.449   401 17698 D NxpTml  : NFCC - Tml Writer Thread Running................
09-12 00:18:51.449 17473 17473 E VibratorInfo: Invalid frequency profile received from HAL. resonantFrequencyHz=151.44257, frequenciesHz=null, outputAccelerationsGs=null
09-12 00:18:51.449   401 17700 D NxpHal  : write successful status = 0x0
09-12 00:18:51.449   401 17697 D NxpTml  : NFCC - Read successful.....
09-12 00:18:51.449   401 17697 I NxpNciR : len =   7 > 40030400012900
09-12 00:18:51.449   401 17697 D NxpTml  : NFCC - Posting read message.....
09-12 00:18:51.450   401 17700 D NxpHal  : read successful status = 0x0
09-12 00:18:51.450   401 17700 D NxpHal  : phNxpNciHal_print_res_status: response status =STATUS_OK
09-12 00:18:51.450   401 17697 D NxpTml  : NFCC - Read requested.....
09-12 00:18:51.450   401 17697 D NxpTml  : NFCC - Invoking Read.....
09-12 00:18:51.450   401   423 D NxpHal  : Response timer started
09-12 00:18:51.450   401   423 D NxpHal  : Waiting after ext cmd sent
09-12 00:18:51.450   401   423 D NxpHal  : Response timer stopped
09-12 00:18:51.450   401   423 D NxpHal  : Checking response
09-12 00:18:51.450   401 17698 D NxpTml  : NFCC - Write requested.....
09-12 00:18:51.450   401 17698 D NxpTml  : NFCC - Invoking Write.....
09-12 00:18:51.451   401 17698 I NxpNciX : len =   5 > 2003020161
09-12 00:18:51.451   401 17698 D NxpTml  : NFCC - Write successful.....
09-12 00:18:51.451   401 17698 D NxpTml  : NFCC - Posting Fresh Write message.....
09-12 00:18:51.451   401 17698 D NxpTml  : NFCC - Tml Writer Thread Running................
09-12 00:18:51.451   401 17700 D NxpHal  : write successful status = 0x0
09-12 00:18:51.451   321   321 I hwservicemanager: getTransport: Cannot find entry android.hardware.bluetooth@1.1::IBluetoothHci/default in either framework or device VINTF manifest.
09-12 00:18:51.452   401   423 D NxpHal  : Response timer started
09-12 00:18:51.452   401 17697 D NxpTml  : NFCC - Read successful.....
09-12 00:18:51.452   401   423 D NxpHal  : Waiting after ext cmd sent
09-12 00:18:51.452   401 17697 I NxpNciR : len =   7 > 40030400016100
09-12 00:18:51.452   401 17697 D NxpTml  : NFCC - Posting read message.....
09-12 00:18:51.452   401 17700 D NxpHal  : read successful status = 0x0
09-12 00:18:51.452   401 17700 D NxpHal  : phNxpNciHal_print_res_status: response status =STATUS_OK
09-12 00:18:51.452   401 17697 D NxpTml  : NFCC - Read requested.....
09-12 00:18:51.452   401   423 D NxpHal  : Response timer stopped
09-12 00:18:51.452   401   423 D NxpHal  : Checking response
09-12 00:18:51.452   401 17698 D NxpTml  : NFCC - Write requested.....
09-12 00:18:51.452   401 17697 D NxpTml  : NFCC - Invoking Read.....
09-12 00:18:51.452   401 17698 D NxpTml  : NFCC - Invoking Write.....
09-12 00:18:51.455   401 17698 I NxpNciX : len =   5 > 2003020160
09-12 00:18:51.456   401 17698 D NxpTml  : NFCC - Write successful.....
09-12 00:18:51.456   401 17698 D NxpTml  : NFCC - Posting Fresh Write message.....
09-12 00:18:51.456   401 17698 D NxpTml  : NFCC - Tml Writer Thread Running................
09-12 00:18:51.456   401 17700 D NxpHal  : write successful status = 0x0
09-12 00:18:51.456   401   423 D NxpHal  : Response timer started
09-12 00:18:51.456   401 17697 D NxpTml  : NFCC - Read successful.....
09-12 00:18:51.456   401 17697 I NxpNciR : len =   8 > 400305000160010A
09-12 00:18:51.456   401 17697 D NxpTml  : NFCC - Posting read message.....
09-12 00:18:51.456   401   423 D NxpHal  : Waiting after ext cmd sent
09-12 00:18:51.456   401 17700 D NxpHal  : read successful status = 0x0
09-12 00:18:51.456   401 17700 D NxpHal  : phNxpNciHal_print_res_status: response status =STATUS_OK
09-12 00:18:51.457   401 17697 D NxpTml  : NFCC - Read requested.....
09-12 00:18:51.457   401   423 D NxpHal  : Response timer stopped
09-12 00:18:51.457   401   423 D NxpHal  : Checking response
09-12 00:18:51.457   401   423 E NxpHal  : Send get Configs SUCCESS
09-12 00:18:51.457   401   423 D android.hardware.nfc-service.nxp: isModified enter; conf file type 0
09-12 00:18:51.457   401   423 E android.hardware.nfc-service.nxp: isModified Unable to open file assume modified
09-12 00:18:51.457   401   423 D android.hardware.nfc-service.nxp: resetModified enter; conf file type is 0
09-12 00:18:51.457   401 17697 D NxpTml  : NFCC - Invoking Read.....
09-12 00:18:51.457   401   423 E android.hardware.nfc-service.nxp: resetModified Unable to open file for writing
09-12 00:18:51.457   401   423 D android.hardware.nfc-service.nxp: isModified enter; conf file type 1
09-12 00:18:51.457   401   423 E android.hardware.nfc-service.nxp: isModified Unable to open file assume modified
09-12 00:18:51.457   401   423 D android.hardware.nfc-service.nxp: isModified enter; conf file type 2
09-12 00:18:51.457   401   423 E android.hardware.nfc-service.nxp: isModified Unable to open file assume modified
09-12 00:18:51.457   401   423 D android.hardware.nfc-service.nxp: ret RF or Transit value 1
09-12 00:18:51.457   401   423 D android.hardware.nfc-service.nxp: resetModified enter; conf file type is 1
09-12 00:18:51.457   401   423 E android.hardware.nfc-service.nxp: resetModified Unable to open file for writing
09-12 00:18:51.457   401   423 D android.hardware.nfc-service.nxp: resetModified enter; conf file type is 2
09-12 00:18:51.457   401   423 E android.hardware.nfc-service.nxp: resetModified Unable to open file for writing
09-12 00:18:51.457   401   423 E libbinder.IPCThreadState: binder thread pool (1 threads) starved for 219 ms
09-12 00:18:51.458 17492 17694 W libnfc_nci: NFC_DiscoveryMap:  interface=0x3 is not supported by NFCC
09-12 00:18:51.460   401   423 I android.hardware.nfc-service.nxp: write
09-12 00:18:51.460   401   423 D NxpHal  : Going through extns - Adding Mifare in RF Discovery
09-12 00:18:51.460   401   423 D NxpHal  : Going through extns - Adding Mifare in RF Discovery - END
09-12 00:18:51.460   401 17698 D NxpTml  : NFCC - Write requested.....
09-12 00:18:51.460   401 17698 D NxpTml  : NFCC - Invoking Write.....
09-12 00:18:51.462   401 17698 I NxpNciX : len =  10 > 21000702040302800180
09-12 00:18:51.462   401 17698 D NxpTml  : NFCC - Write successful.....
09-12 00:18:51.462   401 17698 D NxpTml  : NFCC - Posting Fresh Write message.....
09-12 00:18:51.462   401 17700 D NxpHal  : write successful status = 0x0
09-12 00:18:51.462   401 17698 D NxpTml  : NFCC - Tml Writer Thread Running................
09-12 00:18:51.463   401 17697 D NxpTml  : NFCC - Read successful.....
09-12 00:18:51.463   867   867 W vendor.qti.bluetooth@1.0-bluetooth_hci: BluetoothHci::initialize()
09-12 00:18:51.463   401 17697 I NxpNciR : len =   4 > 41000100
09-12 00:18:51.463   401 17697 D NxpTml  : NFCC - Posting read message.....
09-12 00:18:51.463   867   867 D bluetooth_transport_properties: setVendorPropertiesDefault:Soc version recevied : qcom,wcn3990
09-12 00:18:51.467   867   867 I bluetooth_transport_properties: setVendorPropertiesDefault:: Bluetooth soc type set to: cherokee, ret: 8
09-12 00:18:51.467   867   867 I vendor.qti.bluetooth@1.0-bluetooth_hci: initialize:: Bluetooth soc type set to: cherokee, ret: 8
09-12 00:18:51.467   867   867 W vendor.qti.bluetooth@1.0-data_handler: DataHandler:: Init()
09-12 00:18:51.468   867   867 I vendor.qti.bluetooth@1.0-data_handler: data_service_setup_sighandler: Entry
09-12 00:18:51.468   867   867 D vendor.qti.bluetooth@1.0-data_handler: isProtocolAdded:
09-12 00:18:51.468   867   867 I vendor.qti.bluetooth@1.0-data_handler: isProtocolAdded: status:0
09-12 00:18:51.468   867   867 D vendor.qti.bluetooth@1.0-data_handler: Open BT Sar event callback count = 0
09-12 00:18:51.468   867   867 D vendor.qti.bluetooth@1.0-data_handler: Open BT Sar sent command count = 0
09-12 00:18:51.468   867   867 I vendor.qti.bluetooth@1.0-data_handler: Open init_status 0 
09-12 00:18:51.468   867   867 D vendor.qti.bluetooth@1.0-wake_lock: Init wakelock is initiated 
09-12 00:18:51.469   401 17700 D NxpHal  : read successful status = 0x0
09-12 00:18:51.469   867   867 I vendor.qti.bluetooth@1.0-bluetooth_hci: initialize: linking to deathRecipient
09-12 00:18:51.470   401 17697 D NxpTml  : NFCC - Read requested.....
09-12 00:18:51.470   401 17697 D NxpTml  : NFCC - Invoking Read.....
09-12 00:18:51.470   867 17730 D vendor.qti.bluetooth@1.0-data_handler: IsXMEMEnabled : XMEM property value = 0
09-12 00:18:51.470   867 17730 D vendor.qti.bluetooth@1.0-data_handler: StartInitTimer: Init timer started
09-12 00:18:51.470   867 17730 W vendor.qti.bluetooth@1.0-data_handler: GetSocTypeInt SOC property  set to cherokee
09-12 00:18:51.470   867 17730 I vendor.qti.bluetooth@1.0-data_handler: operator(): soc_need_reload_patch = 1
09-12 00:18:51.470   867 17730 D vendor.qti.bluetooth@1.0-uart_controller: StartRecoveryStuckTimer
09-12 00:18:51.471   867 17730 D vendor.qti.bluetooth@1.0-uart_controller: StartRecoveryStuckTimer:Stuck recovery timer started
09-12 00:18:51.471   867 17730 D vendor.qti.bluetooth@1.0-uart_controller: StartRecoveryStuckTimer: Stuck recovery timer started
09-12 00:18:51.471   867 17730 I vendor.qti.bluetooth@1.0-uart_controller: soc need reload patch = 1
09-12 00:18:51.471   867 17730 D vendor.qti.bluetooth@1.0-power_manager: SetPower: enable: 0
09-12 00:18:51.471   867 17730 E vendor.qti.bluetooth@1.0-power_manager: 
09-12 00:18:51.471   867 17730 E vendor.qti.bluetooth@1.0-power_manager: PowerUpChip enable(0) retentionMode(0)
09-12 00:18:51.471   867 17730 D vendor.qti.bluetooth@1.0-power_manager: SetPower: enable: 1
09-12 00:18:51.471   867 17730 E vendor.qti.bluetooth@1.0-power_manager: 
09-12 00:18:51.471   867 17730 E vendor.qti.bluetooth@1.0-power_manager: PowerUpChip enable(1) retentionMode(0)
09-12 00:18:51.472 17380 17380 W bluetooth: system/gd/hal/hci_hal_impl_android.cc:93 waitForInitialization: Running in degraded performance mode due to slow hardware
09-12 00:18:51.472 17492 17694 D libnfc_nci: nfa_ee_sys_enable:  max_aid_cfg_length=944 and max_aid_entries=189
09-12 00:18:51.474   401   423 I android.hardware.nfc-service.nxp: write
09-12 00:18:51.474   401 17698 D NxpTml  : NFCC - Write requested.....
09-12 00:18:51.474   401 17698 D NxpTml  : NFCC - Invoking Write.....
09-12 00:18:51.475   401 17698 I NxpNciX : len =   3 > 220000
09-12 00:18:51.475   401 17698 D NxpTml  : NFCC - Write successful.....
09-12 00:18:51.475   401 17697 D NxpTml  : NFCC - Read successful.....
09-12 00:18:51.475   401 17698 D NxpTml  : NFCC - Posting Fresh Write message.....
09-12 00:18:51.475   401 17697 I NxpNciR : len =   5 > 4200020001
09-12 00:18:51.475   401 17697 D NxpTml  : NFCC - Posting read message.....
09-12 00:18:51.475   401 17700 D NxpHal  : write successful status = 0x0
09-12 00:18:51.476   401 17698 D NxpTml  : NFCC - Tml Writer Thread Running................
09-12 00:18:51.476   401 17700 D NxpHal  : read successful status = 0x0
09-12 00:18:51.476 17502 17502 W m.android.phone: Monitor::Inflate: Install failed 0x7246a190
09-12 00:18:51.476   401 17697 D NxpTml  : NFCC - Read requested.....
09-12 00:18:51.476   401 17697 D NxpTml  : NFCC - Invoking Read.....
09-12 00:18:51.477 17283 17689 I ApexCodecsLazy: ApexCodecs loaded
09-12 00:18:51.477 17283 17689 I Codec2Client: Available Codec2 services: "default" "software" "__ApexCodecs__"
09-12 00:18:51.477   867 17730 D vendor.qti.bluetooth@1.0-wake_lock: Acquire wakelock is acquired 
09-12 00:18:51.478   867 17730 D vendor.qti.bluetooth@1.0-uart_transport: Init:> soc_type: 3, need_reload: 1
09-12 00:18:51.478   867 17730 D vendor.qti.bluetooth@1.0-uart_transport: SendWakeupSignal: Opening port for sending wakeup signal
09-12 00:18:51.478   867 17730 I vendor.qti.bluetooth@1.0-uart_transport: InitTransport: opening /dev/ttyHS0
09-12 00:18:51.478   401 17697 D NxpTml  : NFCC - Read successful.....
09-12 00:18:51.478   401 17697 I NxpNciR : len =  11 > 620008C00100010301C001
09-12 00:18:51.479   401 17697 D NxpTml  : NFCC - Posting read message.....
09-12 00:18:51.481   401 17700 D NxpHal  : read successful status = 0x0
09-12 00:18:51.481 17703 17703 W oadcastreceiver: Monitor::Inflate: Install failed 0x72289798
09-12 00:18:51.483   401 17697 D NxpTml  : NFCC - Read requested.....
09-12 00:18:51.483   401 17697 D NxpTml  : NFCC - Invoking Read.....
09-12 00:18:51.484   401   423 I android.hardware.nfc-service.nxp: write
09-12 00:18:51.484   401 17698 D NxpTml  : NFCC - Write requested.....
09-12 00:18:51.484   401 17698 D NxpTml  : NFCC - Invoking Write.....
09-12 00:18:51.484   401 17698 I NxpNciX : len =   6 > 010003810201
09-12 00:18:51.485 17703 17703 V GraphicsEnvironment: Currently set values for:
09-12 00:18:51.485 17703 17703 V GraphicsEnvironment:   angle_gl_driver_selection_pkgs=[]
09-12 00:18:51.485 17703 17703 V GraphicsEnvironment:   angle_gl_driver_selection_values=[]
09-12 00:18:51.485 17703 17703 V GraphicsEnvironment: com.google.android.cellbroadcastreceiver is not listed in per-application setting
09-12 00:18:51.485   401 17698 D NxpTml  : NFCC - Write successful.....
09-12 00:18:51.485   401 17698 D NxpTml  : NFCC - Posting Fresh Write message.....
09-12 00:18:51.485 17703 17703 V GraphicsEnvironment: No special selections for ANGLE, returning default driver choice
09-12 00:18:51.485   867 17730 D vendor.qti.bluetooth@1.0-uart_transport: ClockOperation: USERIAL_OP_CLK_ON - after sys fs write-ret:4
09-12 00:18:51.485   867 17730 D vendor.qti.bluetooth@1.0-uart_transport: userial clock on
09-12 00:18:51.485   401 17700 D NxpHal  : write successful status = 0x0
09-12 00:18:51.485   867 17730 D vendor.qti.bluetooth@1.0-uart_transport: InitTransport: tc flush has written-3 times
09-12 00:18:51.486   401 17698 D NxpTml  : NFCC - Tml Writer Thread Running................
09-12 00:18:51.486   401 17697 D NxpTml  : NFCC - Read successful.....
09-12 00:18:51.486   401 17697 I NxpNciR : len =   6 > 600603010101
09-12 00:18:51.486   401 17697 D NxpTml  : NFCC - Posting read message.....
09-12 00:18:51.486   401 17700 D NxpHal  : read successful status = 0x0
09-12 00:18:51.486 17703 17703 V GraphicsEnvironment: Neither updatable production driver nor prerelease driver is supported.
09-12 00:18:51.487   401 17697 D NxpTml  : NFCC - Read requested.....
09-12 00:18:51.487   401 17697 D NxpTml  : NFCC - Invoking Read.....
09-12 00:18:51.488   401 17697 D NxpTml  : NFCC - Read successful.....
09-12 00:18:51.488   401 17697 I NxpNciR : len =  13 > 01000A81801A00000019000000
09-12 00:18:51.488   401 17697 D NxpTml  : NFCC - Posting read message.....
09-12 00:18:51.488   401 17700 D NxpHal  : read successful status = 0x0
09-12 00:18:51.489   401 17697 D NxpTml  : NFCC - Read requested.....
09-12 00:18:51.489   401 17697 D NxpTml  : NFCC - Invoking Read.....
09-12 00:18:51.491 17703 17703 D CompatChangeReporter: Compat change id reported: 407952621; UID 10155; state: ENABLED
09-12 00:18:51.491 17703 17703 D CompatChangeReporter: Compat change id reported: 419020719; UID 10155; state: ENABLED
09-12 00:18:51.494   401   423 I android.hardware.nfc-service.nxp: write
09-12 00:18:51.495   401 17698 D NxpTml  : NFCC - Write requested.....
09-12 00:18:51.495   401 17698 D NxpTml  : NFCC - Invoking Write.....
09-12 00:18:51.496   401 17698 I NxpNciX : len =   7 > 010004810103C0
09-12 00:18:51.496   401 17698 D NxpTml  : NFCC - Write successful.....
09-12 00:18:51.496   401 17697 D NxpTml  : NFCC - Read successful.....
09-12 00:18:51.496   401 17697 I NxpNciR : len =   6 > 600603010101
09-12 00:18:51.496   401 17697 D NxpTml  : NFCC - Posting read message.....
09-12 00:18:51.496   401 17700 D NxpHal  : read successful status = 0x0
09-12 00:18:51.496   867 17730 I vendor.qti.bluetooth@1.0-uart_transport: GetBaudRate: Current Baudrate = 38400 bps
09-12 00:18:51.497   867 17730 I vendor.qti.bluetooth@1.0-uart_transport: InitTransport: device fd = 9 open @38400 bps
09-12 00:18:51.497   401 17697 D NxpTml  : NFCC - Read requested.....
09-12 00:18:51.497   401 17697 D NxpTml  : NFCC - Invoking Read.....
09-12 00:18:51.496   401 17698 D NxpTml  : NFCC - Posting Fresh Write message.....
09-12 00:18:51.497   401 17698 D NxpTml  : NFCC - Tml Writer Thread Running................
09-12 00:18:51.497   401 17700 D NxpHal  : write successful status = 0x0
09-12 00:18:51.497   401 17697 D NxpTml  : NFCC - Read successful.....
09-12 00:18:51.497   401 17697 I NxpNciR : len =   5 > 0100028180
09-12 00:18:51.497   401 17697 D NxpTml  : NFCC - Posting read message.....
09-12 00:18:51.497   401 17700 D NxpHal  : read successful status = 0x0
09-12 00:18:51.497   401 17697 D NxpTml  : NFCC - Read requested.....
09-12 00:18:51.498   401 17697 D NxpTml  : NFCC - Invoking Read.....
09-12 00:18:51.499 17283 17707 D CCodec  : allocate(c2.android.vorbis.decoder)
09-12 00:18:51.501 17492 17694 D libnfc_nci: NFA_EeGetInfo:  xx=0 max_ret=6, num_ret=0 nfcee_id=0xc0 ee_status=0x1
09-12 00:18:51.501   401   423 I android.hardware.nfc-service.nxp: write
09-12 00:18:51.502   401 17698 D NxpTml  : NFCC - Write requested.....
09-12 00:18:51.502   401 17698 D NxpTml  : NFCC - Invoking Write.....
09-12 00:18:51.502   401 17698 I NxpNciX : len =   5 > 220102C001
09-12 00:18:51.502   401 17697 D NxpTml  : NFCC - Read successful.....
09-12 00:18:51.502 17283 17707 I CCodec  : setting up 'default' as default (vendor) store
09-12 00:18:51.503   401 17697 I NxpNciR : len =   4 > 42010100
09-12 00:18:51.503   401 17697 D NxpTml  : NFCC - Posting read message.....
09-12 00:18:51.503   401 17700 D NxpHal  : read successful status = 0x0
09-12 00:18:51.502   401 17698 D NxpTml  : NFCC - Write successful.....
09-12 00:18:51.503   401 17697 D NxpTml  : NFCC - Read requested.....
09-12 00:18:51.503   401 17698 D NxpTml  : NFCC - Posting Fresh Write message.....
09-12 00:18:51.503   401 17697 D NxpTml  : NFCC - Invoking Read.....
09-12 00:18:51.503   401 17698 D NxpTml  : NFCC - Tml Writer Thread Running................
09-12 00:18:51.503   401 17700 D NxpHal  : write successful status = 0x0
09-12 00:18:51.504   867 17730 I vendor.qti.bluetooth@1.0-uart_transport: SendWakeupSignal:sent out wakeup signal
09-12 00:18:51.504   401 17697 D NxpTml  : NFCC - Read successful.....
09-12 00:18:51.505   401 17697 I NxpNciR : len =   9 > 610A06010003C08004
09-12 00:18:51.505   401 17697 D NxpTml  : NFCC - Posting read message.....
09-12 00:18:51.505   401 17700 D NxpHal  : read successful status = 0x0
09-12 00:18:51.505   401 17697 D NxpTml  : NFCC - Read requested.....
09-12 00:18:51.505   401 17697 D NxpTml  : NFCC - Invoking Read.....
09-12 00:18:51.506   401 17697 D NxpTml  : NFCC - Read successful.....
09-12 00:18:51.506   401 17697 I NxpNciR : len =   9 > 610A06010003C08104
09-12 00:18:51.506   401 17697 D NxpTml  : NFCC - Posting read message.....
09-12 00:18:51.507   401 17700 D NxpHal  : read successful status = 0x0
09-12 00:18:51.507   401 17697 D NxpTml  : NFCC - Read requested.....
09-12 00:18:51.507   401 17697 D NxpTml  : NFCC - Invoking Read.....
09-12 00:18:51.508   401 17697 D NxpTml  : NFCC - Read successful.....
09-12 00:18:51.508   401 17697 I NxpNciR : len =   9 > 610A06010003C08203
09-12 00:18:51.508   401 17697 D NxpTml  : NFCC - Posting read message.....
09-12 00:18:51.508   401 17700 D NxpHal  : read successful status = 0x0
09-12 00:18:51.509   401 17697 D NxpTml  : NFCC - Read requested.....
09-12 00:18:51.509   401 17697 D NxpTml  : NFCC - Invoking Read.....
09-12 00:18:51.510   401 17697 D NxpTml  : NFCC - Read successful.....
09-12 00:18:51.510   401 17697 I NxpNciR : len =   4 > 62010100
09-12 00:18:51.510   401 17697 D NxpTml  : NFCC - Posting read message.....
09-12 00:18:51.510   401 17700 D NxpHal  : read successful status = 0x0
09-12 00:18:51.511 17492 17694 D libnfc_nci: NFA_EeGetInfo:  xx=0 max_ret=1, num_ret=0 nfcee_id=0xc0 ee_status=0x0
09-12 00:18:51.512   401 17697 D NxpTml  : NFCC - Read requested.....
09-12 00:18:51.512   401 17697 D NxpTml  : NFCC - Invoking Read.....
09-12 00:18:51.512   401   423 I android.hardware.nfc-service.nxp: write
09-12 00:18:51.512   401 17698 D NxpTml  : NFCC - Write requested.....
09-12 00:18:51.512   401 17698 D NxpTml  : NFCC - Invoking Write.....
09-12 00:18:51.513   401 17698 I NxpNciX : len =   6 > 010003810204
09-12 00:18:51.513   401 17698 D NxpTml  : NFCC - Write successful.....
09-12 00:18:51.513   401 17698 D NxpTml  : NFCC - Posting Fresh Write message.....
09-12 00:18:51.513   401 17698 D NxpTml  : NFCC - Tml Writer Thread Running................
09-12 00:18:51.513   401 17700 D NxpHal  : write successful status = 0x0
09-12 00:18:51.513   401 17697 D NxpTml  : NFCC - Read successful.....
09-12 00:18:51.513   401 17697 I NxpNciR : len =   6 > 600603010101
09-12 00:18:51.513   401 17697 D NxpTml  : NFCC - Posting read message.....
09-12 00:18:51.513   401 17700 D NxpHal  : read successful status = 0x0
09-12 00:18:51.514   401 17697 D NxpTml  : NFCC - Read requested.....
09-12 00:18:51.514   401 17697 D NxpTml  : NFCC - Invoking Read.....
09-12 00:18:51.515   401 17697 D NxpTml  : NFCC - Read successful.....
09-12 00:18:51.515   401 17697 I NxpNciR : len =   7 > 010004818000C0
09-12 00:18:51.515   401 17697 D NxpTml  : NFCC - Posting read message.....
09-12 00:18:51.515   401 17700 D NxpHal  : read successful status = 0x0
09-12 00:18:51.516   401 17697 D NxpTml  : NFCC - Read requested.....
09-12 00:18:51.516   401 17697 D NxpTml  : NFCC - Invoking Read.....
09-12 00:18:51.517 17492 17694 D libnfc_nci: nfaDeviceManagementCallback: enter; event=0x0
09-12 00:18:51.517 17492 17694 D libnfc_nci: nfaDeviceManagementCallback: NFA_DM_ENABLE_EVT; status=0x0
09-12 00:18:51.517 17492 17690 D libnfc_nci: RoutingManager::initialize(): try ee register
09-12 00:18:51.519 17492 17694 D libnfc_nci: RoutingManager::nfaEeCallback: NFA_EE_REGISTER_EVT; status=0
09-12 00:18:51.519 17492 17694 D libnfc_nci: RoutingManager::nfaEeCallback: NFA_EE_DISCOVER_REQ_EVT; nfceeId=0x4C0; la_proto=0x4, lb_proto=0x4, lf_proto=0x3
09-12 00:18:51.524 17492 17690 D libnfc_nci: RoutingManager::setEeInfoChangedFlag
09-12 00:18:51.526 17492 17694 D libnfc_nci: RoutingManager::stackCallback: NFA_CE_REGISTERED_EVT; status=0x0; h=0x301
09-12 00:18:51.530 17492 17690 D libnfc_nci: nativeNfcTag_registerNdefTypeHandler
09-12 00:18:51.531 17492 17690 D libnfc_nci: NfcTag::resetTechnologies
09-12 00:18:51.531 17492 17694 D libnfc_nci: ndefHandlerCallback: NFA_NDEF_REGISTER_EVT; status=0x0; h=0x200
09-12 00:18:51.532 17492 17690 D libnfc_nci: initialize: enter
09-12 00:18:51.532 17492 17694 D libnfc_nci: nfaWlcManagementCallback: NFA_WLC_ENABLE_RESULT_EVT: status = 0
09-12 00:18:51.532 17492 17690 D libnfc_nci: initialize: enable Wlc module success
09-12 00:18:51.532 17492 17690 D libnfc_nci: nfcManager_doInitialize: tag polling tech mask=0x0
09-12 00:18:51.532 17492 17690 D libnfc_nci: nfcManager_doInitialize: exit
09-12 00:18:51.532 17283 17707 I CCodec  : Created component [c2.android.vorbis.decoder] for [c2.android.vorbis.decoder]
09-12 00:18:51.533 17283 17707 D CCodecConfig: read media type: audio/vorbis
09-12 00:18:51.536 17492 17690 D libnfc_nci: nfcManager_getProprietaryCaps: enter; 
09-12 00:18:51.538  1682  1699 I pixel-thermal: audio-therm:39.391 raw data: audio-therm:39391 
09-12 00:18:51.539   401   423 I android.hardware.nfc-service.nxp: write
09-12 00:18:51.540   401 17698 D NxpTml  : NFCC - Write requested.....
09-12 00:18:51.540   401 17698 D NxpTml  : NFCC - Invoking Write.....
09-12 00:18:51.540   401 17698 I NxpNciX : len =   7 > 20020401850101
09-12 00:18:51.540   401 17698 D NxpTml  : NFCC - Write successful.....
09-12 00:18:51.540   401 17698 D NxpTml  : NFCC - Posting Fresh Write message.....
09-12 00:18:51.540   401 17698 D NxpTml  : NFCC - Tml Writer Thread Running................
09-12 00:18:51.540   401 17700 D NxpHal  : write successful status = 0x0
09-12 00:18:51.541   401 17697 D NxpTml  : NFCC - Read successful.....
09-12 00:18:51.541   401 17697 I NxpNciR : len =   5 > 4002020000
09-12 00:18:51.541   401 17697 D NxpTml  : NFCC - Posting read message.....
09-12 00:18:51.541   401 17700 D NxpHal  : read successful status = 0x0
09-12 00:18:51.541   401 17700 D NxpHal  : phNxpNciHal_print_res_status: response status =STATUS_OK
09-12 00:18:51.542 17492 17694 D libnfc_nci: nfaDeviceManagementCallback: enter; event=0x2
09-12 00:18:51.542 17492 17694 D libnfc_nci: nfaDeviceManagementCallback: NFA_DM_SET_CONFIG_EVT
09-12 00:18:51.543   401 17697 D NxpTml  : NFCC - Read requested.....
09-12 00:18:51.543   401 17697 D NxpTml  : NFCC - Invoking Read.....
09-12 00:18:51.544 17283 17707 D ReflectedParamUpdater: extent() != 1 for single value type: algo.buffers.max-count.values
09-12 00:18:51.545   401   423 I android.hardware.nfc-service.nxp: write
09-12 00:18:51.545 17283 17707 D ReflectedParamUpdater: extent() != 1 for single value type: output.subscribed-indices.values
09-12 00:18:51.546 17283 17707 D ReflectedParamUpdater: extent() != 1 for single value type: input.buffers.allocator-ids.values
09-12 00:18:51.546 17283 17707 D ReflectedParamUpdater: extent() != 1 for single value type: output.buffers.allocator-ids.values
09-12 00:18:51.547 17283 17707 D ReflectedParamUpdater: extent() != 1 for single value type: algo.buffers.allocator-ids.values
09-12 00:18:51.547 17492 17690 I NfcProprietaryCaps: createFromByteArray: parsing proprietary caps: [0, 1, 0, 1, 1, 0, 2, 1, 1, 3, 1, 0]
09-12 00:18:51.548 17492 17690 I NativeNfcManager: initialize: mProprietaryCaps: NfcProprietaryCaps{passiveObserveMode=NOT_SUPPORTED, isPollingFrameNotificationSupported=false, isPowerSavingModeSupported=true, isAutotransactPollingLoopFilterSupported=false, numberOfExitFramesSupported=0, mIsReaderModeAnnotationSupported=false}
09-12 00:18:51.549 17283 17707 D ReflectedParamUpdater: extent() != 1 for single value type: output.buffers.pool-ids.values
09-12 00:18:51.550 17283 17707 D ReflectedParamUpdater: extent() != 1 for single value type: algo.buffers.pool-ids.values
09-12 00:18:51.564 17283 17707 I CCodecConfig: query failed after returning 8 values (BAD_INDEX)
09-12 00:18:51.564 17283 17707 D CCodecConfig: c2 config diff is Dict {
09-12 00:18:51.564 17283 17707 D CCodecConfig:   c2::u32 coded.bitrate.value = 64000
09-12 00:18:51.564 17283 17707 D CCodecConfig:   c2::u32 input.buffers.max-size.value = 32768
09-12 00:18:51.564 17283 17707 D CCodecConfig:   c2::u32 input.delay.value = 0
09-12 00:18:51.564 17283 17707 D CCodecConfig:   string input.media-type.value = "audio/vorbis"
09-12 00:18:51.564 17283 17707 D CCodecConfig:   c2::u32 output.large-frame.max-size = 0
09-12 00:18:51.564 17283 17707 D CCodecConfig:   c2::u32 output.large-frame.threshold-size = 0
09-12 00:18:51.564 17283 17707 D CCodecConfig:   string output.media-type.value = "audio/raw"
09-12 00:18:51.564 17283 17707 D CCodecConfig:   c2::u32 raw.channel-count.value = 1
09-12 00:18:51.564 17283 17707 D CCodecConfig:   c2::u32 raw.sample-rate.value = 48000
09-12 00:18:51.564 17283 17707 D CCodecConfig: }
09-12 00:18:51.568 17492 17690 D NfcService: enableInternal: NCI_Version: 32
09-12 00:18:51.569 17492 17492 D NfcService: updateState: Update default observe mode and exit frames after NFC enable
09-12 00:18:51.570 17283 17689 I MediaCodec: media_quality service unavailable, skipping updatePictureProfile
09-12 00:18:51.570 17283 17707 D CCodec  : [c2.android.vorbis.decoder] buffers are bound to CCodec for this session
09-12 00:18:51.571 17283 17707 D CCodecConfig: no c2 equivalents for durationUs
09-12 00:18:51.571 17283 17707 D CCodecConfig: no c2 equivalents for track-id
09-12 00:18:51.571 17283 17707 D CCodecConfig: no c2 equivalents for csd-1
09-12 00:18:51.571 17283 17707 D CCodecConfig: no c2 equivalents for flags
09-12 00:18:51.573 17283 17707 D CCodecConfig: c2 config diff is   c2::u32 coded.bitrate.value = 120000
09-12 00:18:51.575 17283 17707 D CCodec  : encoding statistics level = 0
09-12 00:18:51.576 17283 17707 D CCodec  : setup formats input: AMessage(what = 0x00000000) = {
09-12 00:18:51.576 17283 17707 D CCodec  :   int32_t bitrate = 120000
09-12 00:18:51.576 17283 17707 D CCodec  :   int32_t channel-count = 1
09-12 00:18:51.576 17283 17707 D CCodec  :   int32_t max-input-size = 32768
09-12 00:18:51.576 17283 17707 D CCodec  :   string mime = "audio/vorbis"
09-12 00:18:51.576 17283 17707 D CCodec  :   int32_t sample-rate = 48000
09-12 00:18:51.576 17283 17707 D CCodec  : }
09-12 00:18:51.576 17283 17707 D CCodec  : setup formats output: AMessage(what = 0x00000000) = {
09-12 00:18:51.576 17283 17707 D CCodec  :   int32_t buffer-batch-max-output-size = 0
09-12 00:18:51.576 17283 17707 D CCodec  :   int32_t buffer-batch-threshold-output-size = 0
09-12 00:18:51.576 17283 17707 D CCodec  :   int32_t channel-count = 1
09-12 00:18:51.576 17283 17707 D CCodec  :   string mime = "audio/raw"
09-12 00:18:51.576 17283 17707 D CCodec  :   int32_t sample-rate = 48000
09-12 00:18:51.576 17283 17707 D CCodec  :   int32_t channel-mask = 1
09-12 00:18:51.576 17283 17707 D CCodec  :   int32_t android._config-pcm-encoding = 2
09-12 00:18:51.576 17283 17707 D CCodec  : }
09-12 00:18:51.576 17283 17707 I CCodecConfig: query failed after returning 8 values (BAD_INDEX)
09-12 00:18:51.577 17283 17707 E .wearable.sysui: Failed to query component interface for required system resources: 6
09-12 00:18:51.578 17283 17707 D C2Store : debug.c2.use_dmabufheaps set, forcing DMABUF Heaps
09-12 00:18:51.579 17283 17707 D C2Store : Using DMABUF Heaps
09-12 00:18:51.579 17492 17690 D libnfc_nci: nfcManager_doSetScreenState: state = 4 sPrevScreenStateMask= 0, screen_state_mask= 4
09-12 00:18:51.580 17703 17703 D CompatChangeReporter: Compat change id reported: 458413887; UID 10155; state: ENABLED
09-12 00:18:51.580   401   423 I android.hardware.nfc-service.nxp: write
09-12 00:18:51.581   401 17698 D NxpTml  : NFCC - Write requested.....
09-12 00:18:51.581   401 17698 D NxpTml  : NFCC - Invoking Write.....
09-12 00:18:51.581   401 17698 I NxpNciX : len =   4 > 20090102
09-12 00:18:51.581   401 17698 D NxpTml  : NFCC - Write successful.....
09-12 00:18:51.582   401 17698 D NxpTml  : NFCC - Posting Fresh Write message.....
09-12 00:18:51.582 17703 17703 D CellBroadcastReceiver: onReceive Intent { act=android.telephony.action.DEFAULT_SMS_SUBSCRIPTION_CHANGED flg=0x21000010 xflg=0x4 cmp=com.google.android.cellbroadcastreceiver/com.android.cellbroadcastreceiver.CellBroadcastReceiver (has extras) }
09-12 00:18:51.582   401 17697 D NxpTml  : NFCC - Read successful.....
09-12 00:18:51.582   401 17697 I NxpNciR : len =   4 > 40090100
09-12 00:18:51.582   401 17697 D NxpTml  : NFCC - Posting read message.....
09-12 00:18:51.582   401 17700 D NxpHal  : write successful status = 0x0
09-12 00:18:51.582 17283 17707 D CCodecBufferChannel: [c2.android.vorbis.decoder#654] Created input block pool with allocatorID 16 => poolID 17 - OK (0)
09-12 00:18:51.582   401 17700 D NxpHal  : read successful status = 0x0
09-12 00:18:51.582   401 17698 D NxpTml  : NFCC - Tml Writer Thread Running................
09-12 00:18:51.582   401 17697 D NxpTml  : NFCC - Read requested.....
09-12 00:18:51.582   401 17697 D NxpTml  : NFCC - Invoking Read.....
09-12 00:18:51.583 17492 17694 D libnfc_nci: nfaDeviceManagementCallback: enter; event=0xB
09-12 00:18:51.584 17492 17694 D libnfc_nci: nfaDeviceManagementCallback: NFA_DM_SET_POWER_SUB_STATE_EVT; status=0x0
09-12 00:18:51.585 17492 17690 D libnfc_nci: nfcManager_doSetScreenState: discovry_param = 0x00
09-12 00:18:51.585 17492 17690 D libnfc_nci: nfcManager_doSetScreenState: wait for gNfaSetConfigEvent
09-12 00:18:51.585 17283 17707 I CCodecBufferChannel: [c2.android.vorbis.decoder#654] Created output block pool with allocatorID 16 => poolID 116 - OK
09-12 00:18:51.586   401   423 I android.hardware.nfc-service.nxp: write
09-12 00:18:51.586   401 17698 D NxpTml  : NFCC - Write requested.....
09-12 00:18:51.586   401 17698 D NxpTml  : NFCC - Invoking Write.....
09-12 00:18:51.586 17283 17707 D CCodecBufferChannel: [c2.android.vorbis.decoder#654] Configured output block pool ids 116 => OK
09-12 00:18:51.586   401 17698 I NxpNciX : len =   7 > 20020401020100
09-12 00:18:51.586   401 17698 D NxpTml  : NFCC - Write successful.....
09-12 00:18:51.586   401 17698 D NxpTml  : NFCC - Posting Fresh Write message.....
09-12 00:18:51.586   401 17698 D NxpTml  : NFCC - Tml Writer Thread Running................
09-12 00:18:51.587   401 17700 D NxpHal  : write successful status = 0x0
09-12 00:18:51.587  1172  3147 E Codec2-ComponentInterface: We have a failed config
09-12 00:18:51.587   913  2114 I QC2CompStore: Setting heap usage to system
09-12 00:18:51.588   401 17697 D NxpTml  : NFCC - Read successful.....
09-12 00:18:51.588   401 17697 I NxpNciR : len =   5 > 4002020000
09-12 00:18:51.588   401 17697 D NxpTml  : NFCC - Posting read message.....
09-12 00:18:51.588   401 17700 D NxpHal  : read successful status = 0x0
09-12 00:18:51.588   401 17700 D NxpHal  : phNxpNciHal_print_res_status: response status =STATUS_OK
09-12 00:18:51.590 17492 17492 D NfcRegisteredServicesCache: removeAidGroupForService: serviceInfo is null
09-12 00:18:51.591  1172 17737 D SimpleC2Component: Using output block pool with poolID 116 => got 116 - 0
09-12 00:18:51.592 17703 17703 D CellBroadcastReceiver: mockmodem is running? = false
09-12 00:18:51.593 17703 17703 D CellBroadcastReceiver: isCurrentUser: true
09-12 00:18:51.593   401 17697 D NxpTml  : NFCC - Read requested.....
09-12 00:18:51.593   401 17697 D NxpTml  : NFCC - Invoking Read.....
09-12 00:18:51.593 17703 17703 D CellBroadcastReceiver: Start Cell Broadcast configuration for intent=ACTION_ENABLE_CHANNELS
09-12 00:18:51.594 17492 17694 D libnfc_nci: nfaDeviceManagementCallback: enter; event=0x2
09-12 00:18:51.594 17492 17694 D libnfc_nci: nfaDeviceManagementCallback: NFA_DM_SET_CONFIG_EVT
09-12 00:18:51.594 17492 17690 I NfcService: restoreSavedTech
09-12 00:18:51.594 17492 17690 D libnfc_nci: nfcManager_setDiscoveryTech  pollTech = 0xc00000ff, listenTech = 0xc00000ff
09-12 00:18:51.595 17492 17690 D libnfc_nci: RoutingManager::setEeTechRouteUpdateRequired
09-12 00:18:51.595 17492 17690 D libnfc_nci: RoutingManager::setEeInfoChangedFlag
09-12 00:18:51.595 17492 17690 D libnfc_nci: nativeNfcTag_acquireRfInterfaceMutexLock: try to acquire lock
09-12 00:18:51.596 17492 17492 D NfcHostEmulationManager: updateForShouldDefaultToObserveMode: enabled=false
09-12 00:18:51.597 17492 17690 D libnfc_nci: nativeNfcTag_acquireRfInterfaceMutexLock: sRfInterfaceMutex lock
09-12 00:18:51.597 17492 17690 D libnfc_nci: nfcManager_setDiscoveryTech: wait for completion
09-12 00:18:51.597 17492 17694 D libnfc_nci: nfa_dm_act_change_discovery_tech:  dm_disc_listen_mask_dfl=0x0
09-12 00:18:51.597 17492 17694 D libnfc_nci: nfaConnectionCallback: NFA_LISTEN_ENABLED_EVT:status= 0
09-12 00:18:51.597 17492 17690 D libnfc_nci: nativeNfcTag_releaseRfInterfaceMutexLock: sRfInterfaceMutex unlock
09-12 00:18:51.597 17492 17690 I libnfc_nci: setNfcSecure: enable= 0
09-12 00:18:51.597 17492 17690 D libnfc_nci: NFA_SetNfcSecure:  status=0
09-12 00:18:51.597 17492 17690 D libnfc_nci: RoutingManager::setEeTechRouteUpdateRequired
09-12 00:18:51.598 17492 17690 D libnfc_nci: RoutingManager::setEeInfoChangedFlag
09-12 00:18:51.598 17492 17690 D NfcService: applyRouting
09-12 00:18:51.598 17492 17690 D libnfc_nci: nfcManager_enableDiscovery: enter; tech_mask = 00
09-12 00:18:51.599 17492 17690 D libnfc_nci: nativeNfcTag_acquireRfInterfaceMutexLock: try to acquire lock
09-12 00:18:51.600 17492 17690 D libnfc_nci: nativeNfcTag_acquireRfInterfaceMutexLock: sRfInterfaceMutex lock
09-12 00:18:51.600 17492 17690 D libnfc_nci: stopPolling_rfDiscoveryDisabled: disable polling
09-12 00:18:51.600 17492 17694 D libnfc_nci: nfaConnectionCallback: NFA_POLL_DISABLED_EVT: status = 3
09-12 00:18:51.601 17492 17690 D libnfc_nci: nativeNfcTag_releaseRfInterfaceMutexLock: sRfInterfaceMutex unlock
09-12 00:18:51.601 17492 17690 D libnfc_nci: RoutingManager::setEeTechRouteUpdateRequired
09-12 00:18:51.601 17492 17690 D libnfc_nci: RoutingManager::setEeInfoChangedFlag
09-12 00:18:51.601 17492 17690 D libnfc_nci: RoutingManager::clearRoutingEntry:   clearFlags = 6
09-12 00:18:51.601 17492 17690 D libnfc_nci: NFA_EeClearRoutingTable:  clear_tech=1, clear_proto=1, clear_sc=0
09-12 00:18:51.601 17492 17694 D libnfc_nci: nfa_ee_api_clear_routing_table
09-12 00:18:51.601 17492 17690 D libnfc_nci: RoutingManager::updateRoutingTable:(enter)
09-12 00:18:51.601  1172 22642 W mediaswcodec: AIBinder_linkToDeath is being called with a non-null cookie and no onUnlink callback set. Use AIBinder_DeathRecipient_setOnUnlinked to manage the lifetime of the cookie. This will become an abort.
09-12 00:18:51.601 17492 17690 D libnfc_nci: RoutingManager::updateEeTechRouteSetting: Default route A/B: 0xc0
09-12 00:18:51.601 17492 17690 D libnfc_nci: RoutingManager::updateEeTechRouteSetting:  Default route F=0xc0
09-12 00:18:51.601 17492 17690 D libnfc_nci: RoutingManager::updateEeTechRouteSetting:  Nb NFCEE=1
09-12 00:18:51.601 17492 17690 D libnfc_nci: RoutingManager::updateEeTechRouteSetting:   EE[0] Handle=0x04c0  techA=0x04  techB=0x04  techF=0x03  techBprime=0x00
09-12 00:18:51.601 17492 17690 D libnfc_nci: RoutingManager::updateEeTechRouteSetting: seTechMask[0]=0x04
09-12 00:18:51.601 17492 17690 D libnfc_nci: RoutingManager::updateEeTechRouteSetting: Configuring tech mask 0x04 on EE 0x04c0
09-12 00:18:51.601 17492 17690 D libnfc_nci: RoutingManager::checkUiccListenConfigNeeded: ee_handle=0x04c0, seTechMask=0x04
09-12 00:18:51.602 17283 17707 W .wearable.sysui: AIBinder_linkToDeath is being called with a non-null cookie and no onUnlink callback set. Use AIBinder_DeathRecipient_setOnUnlinked to manage the lifetime of the cookie. This will become an abort.
09-12 00:18:51.602 17492 17694 D libnfc_nci: nfaConnectionCallback: NFA_CE_UICC_LISTEN_CONFIGURED_EVT : status=0x0
09-12 00:18:51.602 17492 17690 D libnfc_nci: RoutingManager::updateDefaultRoute:  Default SC route=0xc0
09-12 00:18:51.603   867 17730 D vendor.qti.bluetooth@1.0-uart_transport: DeInitTransport: Voting for clock OFF
09-12 00:18:51.603   867 17730 D vendor.qti.bluetooth@1.0-uart_transport: ClockOperation: USERIAL_OP_CLK_OFF - after sys fs write-ret:4
09-12 00:18:51.603 17492 17694 D libnfc_nci: RoutingManager::nfaEeCallback: NFA_EE_SET_TECH_CFG_EVT; status=0x0
09-12 00:18:51.603 17492 17694 D libnfc_nci: RoutingManager::nfaEeCallback: NFA_EE_SET_TECH_CFG_EVT; status=0x0
09-12 00:18:51.603 17492 17694 D libnfc_nci: RoutingManager::nfaEeCallback: NFA_EE_ADD_SYSCODE_EVT  status=0
09-12 00:18:51.606  1248  1248 I adbd    : adbd service requested 'shell,v2,TERM=xterm-256color,raw:getprop sys.boot_completed'
09-12 00:18:51.611 17703 17745 D CompatChangeReporter: Compat change id reported: 418924588; UID 10155; state: ENABLED
09-12 00:18:51.613 17492 17690 D libnfc_nci: RoutingManager::updateDefaultRoute:  Default AID route=0x0
09-12 00:18:51.613 17492 17690 D libnfc_nci: RoutingManager::updateDefaultProtocolRoute:  Default ISO-DEP route=0x0
09-12 00:18:51.613 17492 17690 D libnfc_nci: RoutingManager::updateRoutingTable:(exit)
09-12 00:18:51.613 17492 17690 D libnfc_nci: RoutingManager::commitRouting: RT update needed
09-12 00:18:51.614 17492 17694 D libnfc_nci: RoutingManager::nfaEeCallback: NFA_EE_ADD_AID_EVT  status=0
09-12 00:18:51.614 17492 17694 D libnfc_nci: RoutingManager::nfaEeCallback: NFA_EE_ADD_AID_EVT notified
09-12 00:18:51.614 17492 17694 D libnfc_nci: RoutingManager::nfaEeCallback: NFA_EE_SET_PROTO_CFG_EVT; status=0x0
09-12 00:18:51.616   401   423 I android.hardware.nfc-service.nxp: write
09-12 00:18:51.617   401 17698 D NxpTml  : NFCC - Write requested.....
09-12 00:18:51.617   401 17698 D NxpTml  : NFCC - Invoking Write.....
09-12 00:18:51.620   401 17698 I NxpNciX : len =  30 > 21011B0005520200114304C03BFEFE41030011040003C03B020003003900
09-12 00:18:51.620   401 17698 D NxpTml  : NFCC - Write successful.....
09-12 00:18:51.620   401 17698 D NxpTml  : NFCC - Posting Fresh Write message.....
09-12 00:18:51.620   401 17698 D NxpTml  : NFCC - Tml Writer Thread Running................
09-12 00:18:51.621   401 17700 D NxpHal  : write successful status = 0x0
09-12 00:18:51.622   401 17697 D NxpTml  : NFCC - Read successful.....
09-12 00:18:51.622   401 17697 I NxpNciR : len =   4 > 41010100
09-12 00:18:51.622   401 17697 D NxpTml  : NFCC - Posting read message.....
09-12 00:18:51.622   401 17700 D NxpHal  : read successful status = 0x0
09-12 00:18:51.624   913  2114 I QC2CompStore: Setting heap usage to system
09-12 00:18:51.632   867 17730 I vendor.qti.bluetooth@1.0-uart_transport: DeInitTransport: Transport is being closed!
09-12 00:18:51.632   867 17730 D vendor.qti.bluetooth@1.0-uart_transport: CleanUp:> soc_type: 3, need_reload: 1
09-12 00:18:51.632   867 17730 I vendor.qti.bluetooth@1.0-uart_transport: InitTransport: opening /dev/ttyHS0
09-12 00:18:51.634   401 17697 D NxpTml  : NFCC - Read requested.....
09-12 00:18:51.634   401 17697 D NxpTml  : NFCC - Invoking Read.....
09-12 00:18:51.636 17492 17694 D libnfc_nci: RoutingManager::nfaEeCallback: NFA_EE_UPDATED_EVT
09-12 00:18:51.639   867 17730 D vendor.qti.bluetooth@1.0-uart_transport: ClockOperation: USERIAL_OP_CLK_ON - after sys fs write-ret:4
09-12 00:18:51.639   867 17730 D vendor.qti.bluetooth@1.0-uart_transport: userial clock on
09-12 00:18:51.640   867 17730 D vendor.qti.bluetooth@1.0-uart_transport: InitTransport: tc flush has written-3 times
09-12 00:18:51.645   913  2114 I QC2CompStore: Setting heap usage to system
09-12 00:18:51.649   867 17730 I vendor.qti.bluetooth@1.0-uart_transport: GetBaudRate: Current Baudrate = 2400 bps
09-12 00:18:51.649 17492 17690 D libnfc_nci: startRfDiscovery: is start=1
09-12 00:18:51.649   867 17730 I vendor.qti.bluetooth@1.0-uart_transport: InitTransport: device fd = 9 open @2400 bps
09-12 00:18:51.649 17492 17690 D libnfc_nci: nativeNfcTag_acquireRfInterfaceMutexLock: try to acquire lock
09-12 00:18:51.650 17492 17690 D libnfc_nci: nativeNfcTag_acquireRfInterfaceMutexLock: sRfInterfaceMutex lock
09-12 00:18:51.650 17492 17690 D libnfc_nci: startRfDiscovery: Wait for completion timeout
09-12 00:18:51.650 17492 17694 D libnfc_nci: nfa_dm_set_rf_field_info_ntf:  val = 0x1
09-12 00:18:51.650 17703 17745 E CellBroadcastConfigService: fails to setCellBroadcastRanges
09-12 00:18:51.651   401   423 I android.hardware.nfc-service.nxp: write
09-12 00:18:51.651   401 17698 D NxpTml  : NFCC - Write requested.....
09-12 00:18:51.651   401 17698 D NxpTml  : NFCC - Invoking Write.....
09-12 00:18:51.651   401 17698 I NxpNciX : len =   7 > 20020401800101
09-12 00:18:51.652   401 17697 D NxpTml  : NFCC - Read successful.....
09-12 00:18:51.652   401 17697 I NxpNciR : len =   5 > 4002020000
09-12 00:18:51.652   401 17697 D NxpTml  : NFCC - Posting read message.....
09-12 00:18:51.652   401 17700 D NxpHal  : read successful status = 0x0
09-12 00:18:51.652   401 17700 D NxpHal  : phNxpNciHal_print_res_status: response status =STATUS_OK
09-12 00:18:51.653   401 17698 D NxpTml  : NFCC - Write successful.....
09-12 00:18:51.653   401 17698 D NxpTml  : NFCC - Posting Fresh Write message.....
09-12 00:18:51.653   401 17698 D NxpTml  : NFCC - Tml Writer Thread Running................
09-12 00:18:51.653   401 17700 D NxpHal  : write successful status = 0x0
09-12 00:18:51.653   401 17697 D NxpTml  : NFCC - Read requested.....
09-12 00:18:51.653   401 17697 D NxpTml  : NFCC - Invoking Read.....
09-12 00:18:51.655   867 17730 I vendor.qti.bluetooth@1.0-uart_transport: CleanUp:send out shutdown signal
09-12 00:18:51.655   867 17730 D vendor.qti.bluetooth@1.0-uart_transport: DeInitTransport: Voting for clock OFF
09-12 00:18:51.655   867 17730 D vendor.qti.bluetooth@1.0-uart_transport: ClockOperation: USERIAL_OP_CLK_OFF - after sys fs write-ret:4
09-12 00:18:51.662 17283 17588 W .wearable.sysui: AIBinder_linkToDeath is being called with a non-null cookie and no onUnlink callback set. Use AIBinder_DeathRecipient_setOnUnlinked to manage the lifetime of the cookie. This will become an abort.
09-12 00:18:51.662  1172 17737 W mediaswcodec: AIBinder_linkToDeath is being called with a non-null cookie and no onUnlink callback set. Use AIBinder_DeathRecipient_setOnUnlinked to manage the lifetime of the cookie. This will become an abort.
09-12 00:18:51.669   401   423 I android.hardware.nfc-service.nxp: write
09-12 00:18:51.669   401 17698 D NxpTml  : NFCC - Write requested.....
09-12 00:18:51.670   401 17698 D NxpTml  : NFCC - Invoking Write.....
09-12 00:18:51.670   401 17698 I NxpNciX : len =  19 > 20021005300104310100320120380100500100
09-12 00:18:51.670   401 17698 D NxpTml  : NFCC - Write successful.....
09-12 00:18:51.670   401 17698 D NxpTml  : NFCC - Posting Fresh Write message.....
09-12 00:18:51.670   401 17698 D NxpTml  : NFCC - Tml Writer Thread Running................
09-12 00:18:51.671   401 17700 D NxpHal  : write successful status = 0x0
09-12 00:18:51.671   401 17697 D NxpTml  : NFCC - Read successful.....
09-12 00:18:51.671   401 17697 I NxpNciR : len =   5 > 4002020000
09-12 00:18:51.671   401 17697 D NxpTml  : NFCC - Posting read message.....
09-12 00:18:51.672   401 17700 D NxpHal  : read successful status = 0x0
09-12 00:18:51.672   401 17700 D NxpHal  : phNxpNciHal_print_res_status: response status =STATUS_OK
09-12 00:18:51.673   401   423 I android.hardware.nfc-service.nxp: write
09-12 00:18:51.674   401 17698 D NxpTml  : NFCC - Write requested.....
09-12 00:18:51.674   401 17698 D NxpTml  : NFCC - Invoking Write.....
09-12 00:18:51.674   401 17697 D NxpTml  : NFCC - Read requested.....
09-12 00:18:51.674   401 17697 D NxpTml  : NFCC - Invoking Read.....
09-12 00:18:51.674   401 17698 I NxpNciX : len =   8 > 200205010002F401
09-12 00:18:51.674   401 17698 D NxpTml  : NFCC - Write successful.....
09-12 00:18:51.674   401 17698 D NxpTml  : NFCC - Posting Fresh Write message.....
09-12 00:18:51.674   401 17698 D NxpTml  : NFCC - Tml Writer Thread Running................
09-12 00:18:51.674   867 17730 I vendor.qti.bluetooth@1.0-uart_transport: DeInitTransport: Transport is being closed!
09-12 00:18:51.675   401 17700 D NxpHal  : write successful status = 0x0
09-12 00:18:51.675   401 17697 D NxpTml  : NFCC - Read successful.....
09-12 00:18:51.675   401 17697 I NxpNciR : len =   5 > 4002020000
09-12 00:18:51.675   401 17697 D NxpTml  : NFCC - Posting read message.....
09-12 00:18:51.675   401 17700 D NxpHal  : read successful status = 0x0
09-12 00:18:51.675   401 17700 D NxpHal  : phNxpNciHal_print_res_status: response status =STATUS_OK
09-12 00:18:51.675   401 17697 D NxpTml  : NFCC - Read requested.....
09-12 00:18:51.676   401 17697 D NxpTml  : NFCC - Invoking Read.....
09-12 00:18:51.676   401   423 I android.hardware.nfc-service.nxp: preDiscover
09-12 00:18:51.676   401   423 D NxpHal  : phNxpNciHal_ext_send_sram_config_to_flash  send
09-12 00:18:51.676   401 17698 D NxpTml  : NFCC - Write requested.....
09-12 00:18:51.676   401 17698 D NxpTml  : NFCC - Invoking Write.....
09-12 00:18:51.676   401 17698 I NxpNciX : len =   3 > 2F2100
09-12 00:18:51.676   401 17698 D NxpTml  : NFCC - Write successful.....
09-12 00:18:51.676   401 17698 D NxpTml  : NFCC - Posting Fresh Write message.....
09-12 00:18:51.676   401 17700 D NxpHal  : write successful status = 0x0
09-12 00:18:51.676   401 17698 D NxpTml  : NFCC - Tml Writer Thread Running................
09-12 00:18:51.676   401   423 D NxpHal  : Response timer started
09-12 00:18:51.676   401   423 D NxpHal  : Waiting after ext cmd sent
09-12 00:18:51.680  1248  1248 I adbd    : adbd service requested 'shell,v2,TERM=xterm-256color:export ANDROID_LOG_TAGS=''; exec logcat '-d''
09-12 00:18:51.683   401 17697 D NxpTml  : NFCC - Read successful.....
09-12 00:18:51.683   401 17697 I NxpNciR : len =   4 > 4F210100
09-12 00:18:51.683   401 17697 D NxpTml  : NFCC - Posting read message.....
09-12 00:18:51.683   401 17700 D NxpHal  : read successful status = 0x0
09-12 00:18:51.683   401 17697 D NxpTml  : NFCC - Read requested.....
09-12 00:18:51.684   401 17697 D NxpTml  : NFCC - Invoking Read.....
09-12 00:18:51.684   401   423 D NxpHal  : Response timer stopped
09-12 00:18:51.684   401   423 D NxpHal  : Checking response
09-12 00:18:51.687   401   423 I android.hardware.nfc-service.nxp: write
09-12 00:18:51.688   401   423 D NxpHal  : > Polling Loop Started
09-12 00:18:51.688   401 17698 D NxpTml  : NFCC - Write requested.....
09-12 00:18:51.688   401 17698 D NxpTml  : NFCC - Invoking Write.....
09-12 00:18:51.688   401 17698 I NxpNciX : len =   8 > 2103050280018201
09-12 00:18:51.689   401 17698 D NxpTml  : NFCC - Write successful.....
09-12 00:18:51.689   401 17698 D NxpTml  : NFCC - Posting Fresh Write message.....
09-12 00:18:51.689   401 17700 D NxpHal  : write successful status = 0x0
09-12 00:18:51.689   401 17698 D NxpTml  : NFCC - Tml Writer Thread Running................
09-12 00:18:51.689   401 17697 D NxpTml  : NFCC - Read successful.....
09-12 00:18:51.690   401 17697 I NxpNciR : len =   4 > 41030100
09-12 00:18:51.690   401 17697 D NxpTml  : NFCC - Posting read message.....
09-12 00:18:51.690   401 17700 D NxpHal  : read successful status = 0x0
09-12 00:18:51.693   401 17697 D NxpTml  : NFCC - Read requested.....
09-12 00:18:51.694   401 17697 D NxpTml  : NFCC - Invoking Read.....
09-12 00:18:51.695 17492 17694 D libnfc_nci: nfaConnectionCallback: NFA_RF_DISCOVERY_STARTED_EVT: status = 0
09-12 00:18:51.696 17492 17690 D libnfc_nci: nativeNfcTag_releaseRfInterfaceMutexLock: sRfInterfaceMutex unlock
09-12 00:18:51.696 17492 17690 D libnfc_nci: nfcManager_enableDiscovery: exit
09-12 00:18:51.696 17492 17690 D NfcCardEmulationManager: onNfcEnabled
09-12 00:18:51.696 17492 17690 D NfcRegisteredAidCache: onNfcEnabled
09-12 00:18:51.696 17492 17690 D NfcAidRoutingManager: configureRouting: Nb of AIDs in aidMap=0, mDefaultRoute=0x00
09-12 00:18:51.696 17492 17690 D NfcAidRoutingManager: configureRouting: Nb of different routes in routing table=0
09-12 00:18:51.696 17492 17690 D NfcAidRoutingManager: configureRouting: Add emptyAid into AidRoutingTable
09-12 00:18:51.696 17492 17690 D NfcAidRoutingManager: calculateAidRouteSize: size for route 00=4
09-12 00:18:51.696 17492 17690 D NfcAidRoutingManager: clearNfcRoutingTableLocked
09-12 00:18:51.696 17492 17690 D NfcAidRoutingManager: sendRoutingTable
09-12 00:18:51.697 17492 17690 D NfcService: EnableDisableTask.enableInternal: end
09-12 00:18:51.701 16986 17611 D CompatChangeReporter: Compat change id reported: 349487600; UID 1001; state: ENABLED
09-12 00:18:51.707 16986 17193 D ConnectivityService: NetReassign [no changes] [c 0] [a 0] [i 1]
09-12 00:18:51.710 16986 17680 D ConnectivityService: requestNetwork for uid/pid:1001/17502 activeRequest: null callbackRequest: 44 [NetworkRequest [ LISTEN_FOR_BEST id=44, [ Capabilities: INTERNET&NOT_RESTRICTED&TRUSTED&NOT_VPN&NOT_VCN_MANAGED Uid: 1001 RequestorUid: 1001 RequestorPkg: com.android.phone MatchNonThreadLocalNetworks UnderlyingNetworks: Null] ]] callback flags: 0 order: 2147483647 isUidTracked: false declaredMethods: AVAIL|LOST|NC
09-12 00:18:51.712 17492 17492 D NfcService: setObserveMode: false, uid: 1027, pkg: com.google.android.nfc, triggerSrc: 0
09-12 00:18:51.712 17492 17492 D NfcService: setObserveModeInternal: false, uid: 1027, pkg: com.google.android.nfc, triggerSrc: 0
09-12 00:18:51.713 17492 17492 D libnfc_nci: nfcManager_setObserveMode: Observe mode not supported, returning false
09-12 00:18:51.718 16986 17702 I DefaultPermGrantPolicy: Revoking permissions from disabled data services for user:0
09-12 00:18:51.720 16866 16882 D Diag_Lib: diag: Diag_LSM_Init: invoked for pid: 16866 with init_count: 0
09-12 00:18:51.721 16866 16882 D Diag_Lib: diag:failed to connect to diag socket
09-12 00:18:51.721 16866 16882 D Diag_Lib:  Diag_LSM_Init: Failed to open handle to diag driver, error = 111
09-12 00:18:51.721 16866 16882 I ATS     : vendor/qcom/sw5100-lw4/proprietary-audio/args/acdb/ats/transports/diag/linux/actp/src/actp.c:actp_diag_init:105 Error[1]: Failed to initialize DIAG
09-12 00:18:51.721 16866 16882 E ATS     : vendor/qcom/sw5100-lw4/proprietary-audio/args/acdb/ats/src/ats.c:ats_init:143 Error[1]: Failed to initialize Diag
09-12 00:18:51.721 16866 16882 E ATS     : vendor/qcom/sw5100-lw4/proprietary-audio/args/acdb/ats/src/ats.c:ats_init:263 Error[1]: Failed to initialize ATS
09-12 00:18:51.721 16866 16882 E AGM: API: ats_init_thread: 64 ats_init failed retry 43 err 1
09-12 00:18:51.721 16986 17702 I DefaultPermGrantPolicy: Granting permissions to enabled data services for user:0
09-12 00:18:51.727 16986 17193 D ConnectivityService: NetReassign [no changes] [c 0] [a 0] [i 1]
09-12 00:18:51.733   867 17730 D vendor.qti.bluetooth@1.0-uart_transport: SendPowerOnPulse: Opening port for sending power ON pulse
09-12 00:18:51.733   867 17730 I vendor.qti.bluetooth@1.0-uart_transport: InitTransport: opening /dev/ttyHS0
09-12 00:18:51.735 17492 17492 D NfcService: handleMessage: MSG_PREFERRED_PAYMENT_CHANGED
09-12 00:18:51.736 17476 17541 D SecureElementService: getReaders() for com.android.nfc
09-12 00:18:51.740   867 17730 D vendor.qti.bluetooth@1.0-uart_transport: ClockOperation: USERIAL_OP_CLK_ON - after sys fs write-ret:4
09-12 00:18:51.741   867 17730 D vendor.qti.bluetooth@1.0-uart_transport: userial clock on
09-12 00:18:51.741   867 17730 D vendor.qti.bluetooth@1.0-uart_transport: InitTransport: tc flush has written-3 times
09-12 00:18:51.743 16986 17680 I DefaultPermGrantPolicy: Revoking permissions from disabled data services for user:0
09-12 00:18:51.746 16986 17680 I DefaultPermGrantPolicy: Granting permissions to enabled data services for user:0
09-12 00:18:51.755   867 17730 I vendor.qti.bluetooth@1.0-uart_transport: GetBaudRate: Current Baudrate = 115200 bps
09-12 00:18:51.755   867 17730 I vendor.qti.bluetooth@1.0-uart_transport: InitTransport: device fd = 9 open @115200 bps
09-12 00:18:51.756   867 17730 I vendor.qti.bluetooth@1.0-uart_transport: SendPowerOnPulse:send out poweron signal
09-12 00:18:51.769 17492 17492 D NfcService: handleMessage: MSG_CLEAR_ROUTING_TABLE
09-12 00:18:51.771 17492 17492 D libnfc_nci: nfcManager_clearRoutingEntry: clearFlags=0x1
09-12 00:18:51.771 17492 17492 D libnfc_nci: RoutingManager::clearRoutingEntry:   clearFlags = 1
09-12 00:18:51.772 17492 17492 D libnfc_nci: RoutingManager::clearRoutingEntry:  clear all of aid based routing
09-12 00:18:51.775 17492 17492 D libnfc_nci: removeAidRouting: len=8, 0xff 0xff 0xff 0xff 0xff
09-12 00:18:51.775 17492 17492 D libnfc_nci: RoutingManager::removeAidRouting: wait for mAidAddRemoveEvent completion
09-12 00:18:51.775 17492 17694 D libnfc_nci: RoutingManager::nfaEeCallback: NFA_EE_REMOVE_AID_EVT  status=0
09-12 00:18:51.775 17492 17694 D libnfc_nci: RoutingManager::nfaEeCallback: NFA_EE_REMOVE_AID_EVT notified
09-12 00:18:51.775 17492 17492 D libnfc_nci: RoutingManager::setEeTechRouteUpdateRequired
09-12 00:18:51.775 17492 17492 D libnfc_nci: RoutingManager::setEeInfoChangedFlag
09-12 00:18:51.776 17492 17492 D NfcService: handleMessage: MSG_UPDATE_ISODEP_PROTOCOL_ROUTE
09-12 00:18:51.781 17492 17492 D libnfc_nci: nfcManager_updateIsoDepProtocolRoute: route=0x0
09-12 00:18:51.781 17492 17492 D libnfc_nci: RoutingManager::updateIsoDepProtocolRoute:  New default ISO-DEP route=0x0
09-12 00:18:51.781 17492 17492 D libnfc_nci: RoutingManager::setEeInfoChangedFlag
09-12 00:18:51.781 17492 17492 D NfcService: handleMessage: MSG_UPDATE_TECHNOLOGY_ABF_ROUTE
09-12 00:18:51.781 17492 17492 D libnfc_nci: nfcManager_updateTechnologyABFRoute: route=0xC0, felicaRoute=0xC0
09-12 00:18:51.781 17492 17492 D libnfc_nci: RoutingManager::updateTechnologyABFRoute:  New default A/B route=0xc0
09-12 00:18:51.781 17492 17492 D libnfc_nci: RoutingManager::updateTechnologyABFRoute:  New default F route=0xc0
09-12 00:18:51.781 17492 17492 D libnfc_nci: RoutingManager::setEeTechRouteUpdateRequired
09-12 00:18:51.781 17492 17492 D libnfc_nci: RoutingManager::setEeInfoChangedFlag
09-12 00:18:51.785 17492 17492 D NfcService: handleMessage: MSG_UPDATE_SYSTEM_CODE_ROUTE
09-12 00:18:51.785 17492 17492 D libnfc_nci: nfcManager_updateSystemCodeRoute: route=0xC0
09-12 00:18:51.786 17492 17492 D libnfc_nci: RoutingManager::updateSystemCodeRoute:  New default SC route=0xc0
09-12 00:18:51.786 17492 17492 D libnfc_nci: RoutingManager::setEeInfoChangedFlag
09-12 00:18:51.786 17492 17492 D NfcService: handleMessage: MSG_ROUTE_AID
09-12 00:18:51.790 17492 17492 D libnfc_nci: RoutingManager::addAidRouting:  default AID on route=00, aidInfo=10, power=11
09-12 00:18:51.799 17492 17694 D libnfc_nci: RoutingManager::nfaEeCallback: NFA_EE_ADD_AID_EVT  status=0
09-12 00:18:51.798 17492 17492 D libnfc_nci: RoutingManager::addAidRouting: wait for mAidAddRemoveEvent completion
09-12 00:18:51.800 17492 17694 D libnfc_nci: RoutingManager::nfaEeCallback: NFA_EE_ADD_AID_EVT notified
09-12 00:18:51.802 17492 17492 D NfcService: handleMessage: MSG_COMMIT_ROUTING
09-12 00:18:51.802 17492 17492 D libnfc_nci: startRfDiscovery: is start=0
09-12 00:18:51.802 17492 17492 D libnfc_nci: nativeNfcTag_acquireRfInterfaceMutexLock: try to acquire lock
09-12 00:18:51.802 17492 17492 D libnfc_nci: nativeNfcTag_acquireRfInterfaceMutexLock: sRfInterfaceMutex lock
09-12 00:18:51.802 17492 17492 D libnfc_nci: startRfDiscovery: Wait for completion timeout
09-12 00:18:51.802 17502 17502 D ConfigUpdaterMetricsStats: Create new ConfigUpdaterMetricsStats.
09-12 00:18:51.803 17502 17502 D TelephonyConfigUpdateInstallReceiver: getConfigParser: domain=data
09-12 00:18:51.803 17502 17502 D TelephonyConfigUpdateInstallReceiver: CreateNewConfigParser with domain data
09-12 00:18:51.805   401   423 I android.hardware.nfc-service.nxp: write
09-12 00:18:51.806   401 17698 D NxpTml  : NFCC - Write requested.....
09-12 00:18:51.806   401 17698 D NxpTml  : NFCC - Invoking Write.....
09-12 00:18:51.807 17502 17502 E TelephonyConfigUpdateInstallReceiver: Failed to read current content : /data/misc/telephonyconfig/valid_telephony_config.pb
09-12 00:18:51.806   401 17698 I NxpNciX : len =   4 > 21060100
09-12 00:18:51.807   401 17697 D NxpTml  : NFCC - Read successful.....
09-12 00:18:51.807   401 17697 I NxpNciR : len =   4 > 41060100
09-12 00:18:51.807   401 17697 D NxpTml  : NFCC - Posting read message.....
09-12 00:18:51.807   401 17698 D NxpTml  : NFCC - Write successful.....
09-12 00:18:51.807   401 17698 D NxpTml  : NFCC - Posting Fresh Write message.....
09-12 00:18:51.807   401 17698 D NxpTml  : NFCC - Tml Writer Thread Running................
09-12 00:18:51.807 17502 17502 D TelephonyConfigUpdateInstallReceiver: content data is null
09-12 00:18:51.808   401 17700 D NxpHal  : read successful status = 0x0
09-12 00:18:51.810   401 17700 D NxpHal  : write successful status = 0x0
09-12 00:18:51.811   401 17697 D NxpTml  : NFCC - Read requested.....
09-12 00:18:51.811   401 17697 D NxpTml  : NFCC - Invoking Read.....
09-12 00:18:51.813 17492 17694 D libnfc_nci: nfaConnectionCallback: NFA_RF_DISCOVERY_STOPPED_EVT: status = 0
09-12 00:18:51.816 17492 17492 D libnfc_nci: nativeNfcTag_releaseRfInterfaceMutexLock: sRfInterfaceMutex unlock
09-12 00:18:51.817 17492 17492 D libnfc_nci: RoutingManager::setEeTechRouteUpdateRequired
09-12 00:18:51.817 17492 17492 D libnfc_nci: RoutingManager::setEeInfoChangedFlag
09-12 00:18:51.817 17492 17492 D libnfc_nci: RoutingManager::clearRoutingEntry:   clearFlags = 6
09-12 00:18:51.817 17492 17492 D libnfc_nci: NFA_EeClearRoutingTable:  clear_tech=1, clear_proto=1, clear_sc=0
09-12 00:18:51.817 17492 17492 D libnfc_nci: RoutingManager::updateRoutingTable:(enter)
09-12 00:18:51.817 17492 17492 D libnfc_nci: RoutingManager::updateEeTechRouteSetting: Default route A/B: 0xc0
09-12 00:18:51.817 17492 17492 D libnfc_nci: RoutingManager::updateEeTechRouteSetting:  Default route F=0xc0
09-12 00:18:51.818 17492 17492 D libnfc_nci: RoutingManager::updateEeTechRouteSetting:  Nb NFCEE=1
09-12 00:18:51.818 17492 17492 D libnfc_nci: RoutingManager::updateEeTechRouteSetting:   EE[0] Handle=0x04c0  techA=0x04  techB=0x04  techF=0x03  techBprime=0x00
09-12 00:18:51.818 17492 17492 D libnfc_nci: RoutingManager::updateEeTechRouteSetting: seTechMask[0]=0x04
09-12 00:18:51.824 17492 17492 D libnfc_nci: RoutingManager::updateEeTechRouteSetting: Configuring tech mask 0x04 on EE 0x04c0
09-12 00:18:51.825 17492 17492 D libnfc_nci: RoutingManager::checkUiccListenConfigNeeded: ee_handle=0x04c0, seTechMask=0x04
09-12 00:18:51.825 17492 17492 D libnfc_nci: RoutingManager::updateDefaultRoute:  Default SC route=0xc0
09-12 00:18:51.826 17492 17694 D libnfc_nci: nfa_ee_api_clear_routing_table
09-12 00:18:51.826 17492 17694 D libnfc_nci: RoutingManager::nfaEeCallback: NFA_EE_SET_TECH_CFG_EVT; status=0x0
09-12 00:18:51.826 17492 17694 D libnfc_nci: RoutingManager::nfaEeCallback: NFA_EE_SET_TECH_CFG_EVT; status=0x0
09-12 00:18:51.826 17492 17694 D libnfc_nci: RoutingManager::nfaEeCallback: NFA_EE_REMOVE_SYSCODE_EVT  status=0
09-12 00:18:51.828 17492 17694 D libnfc_nci: RoutingManager::nfaEeCallback: NFA_EE_ADD_SYSCODE_EVT  status=0
09-12 00:18:51.828 17492 17492 D libnfc_nci: RoutingManager::updateDefaultProtocolRoute:  Default ISO-DEP route=0x0
09-12 00:18:51.829 17492 17492 D libnfc_nci: RoutingManager::updateRoutingTable:(exit)
09-12 00:18:51.829 17492 17694 D libnfc_nci: RoutingManager::nfaEeCallback: NFA_EE_SET_PROTO_CFG_EVT; status=0x0
09-12 00:18:51.830 17492 17492 D libnfc_nci: RoutingManager::commitRouting: RT update needed
09-12 00:18:51.834   401   423 I android.hardware.nfc-service.nxp: write
09-12 00:18:51.835   401 17698 D NxpTml  : NFCC - Write requested.....
09-12 00:18:51.836   401 17698 D NxpTml  : NFCC - Invoking Write.....
09-12 00:18:51.837   401 17698 I NxpNciX : len =  30 > 21011B0005520200114304C03BFEFE41030011040003C03B020003003900
09-12 00:18:51.837   401 17698 D NxpTml  : NFCC - Write successful.....
09-12 00:18:51.837   401 17698 D NxpTml  : NFCC - Posting Fresh Write message.....
09-12 00:18:51.837   401 17700 D NxpHal  : write successful status = 0x0
09-12 00:18:51.837   401 17698 D NxpTml  : NFCC - Tml Writer Thread Running................
09-12 00:18:51.838   401 17697 D NxpTml  : NFCC - Read successful.....
09-12 00:18:51.838   401 17697 I NxpNciR : len =   4 > 41010100
09-12 00:18:51.839   401 17697 D NxpTml  : NFCC - Posting read message.....
09-12 00:18:51.839   401 17700 D NxpHal  : read successful status = 0x0
09-12 00:18:51.840   874  2447 D GPQeSE-HAL: esegp_close_worker: enter
09-12 00:18:51.840   874  2447 D GPQeSE-HAL: do_close_esegp: enter, contextInitialised=1, sessionOpen=1, iseSEGPOpen=1
09-12 00:18:51.840   874  2447 D GPQeSE-HAL: do_close_esegp: call TEEC_InvokeCommand() to send GPQESE_CMD_CLOSE
09-12 00:18:51.841   406   427 D QSEECOMAPI: QSEECom_set_bandwidth is not supported
09-12 00:18:51.850 17494 17494 D nativeloader: Configuring vendor-clns-7 for unbundled vendor apk /vendor/app/IWlanService/IWlanService.apk. target_sdk_version=35, uses_libraries=, library_path=/vendor/app/IWlanService/lib/arm:/vendor/app/IWlanService/IWlanService.apk!/lib/armeabi-v7a:/vendor/lib, permitted_path=/data:/mnt/expand:/data/user/0/vendor.qti.iwlan:/vendor/lib
09-12 00:18:51.856   867 17730 D vendor.qti.bluetooth@1.0-uart_transport: DeInitTransport: Voting for clock OFF
09-12 00:18:51.856   867 17730 D vendor.qti.bluetooth@1.0-uart_transport: ClockOperation: USERIAL_OP_CLK_OFF - after sys fs write-ret:4
09-12 00:18:51.857 17492 17694 D libnfc_nci: RoutingManager::nfaEeCallback: NFA_EE_UPDATED_EVT
09-12 00:18:51.857 17492 17492 D libnfc_nci: startRfDiscovery: is start=1
09-12 00:18:51.857 17492 17492 D libnfc_nci: nativeNfcTag_acquireRfInterfaceMutexLock: try to acquire lock
09-12 00:18:51.857 17492 17492 D libnfc_nci: nativeNfcTag_acquireRfInterfaceMutexLock: sRfInterfaceMutex lock
09-12 00:18:51.857 17492 17694 D libnfc_nci: nfa_dm_set_rf_field_info_ntf:  val = 0x1
09-12 00:18:51.857 17492 17492 D libnfc_nci: startRfDiscovery: Wait for completion timeout
09-12 00:18:51.857   401   423 I android.hardware.nfc-service.nxp: preDiscover
09-12 00:18:51.857   401   423 D NxpHal  : phNxpNciHal_ext_send_sram_config_to_flash  send
09-12 00:18:51.859   401 17697 D NxpTml  : NFCC - Read requested.....
09-12 00:18:51.859   401 17697 D NxpTml  : NFCC - Invoking Read.....
09-12 00:18:51.859   401 17698 D NxpTml  : NFCC - Write requested.....
09-12 00:18:51.859   401 17698 D NxpTml  : NFCC - Invoking Write.....
09-12 00:18:51.859   401 17698 I NxpNciX : len =   3 > 2F2100
09-12 00:18:51.859   401 17698 D NxpTml  : NFCC - Write successful.....
09-12 00:18:51.859   401 17698 D NxpTml  : NFCC - Posting Fresh Write message.....
09-12 00:18:51.859   401 17698 D NxpTml  : NFCC - Tml Writer Thread Running................
09-12 00:18:51.859   401 17700 D NxpHal  : write successful status = 0x0
09-12 00:18:51.860   401   423 D NxpHal  : Response timer started
09-12 00:18:51.860   401   423 D NxpHal  : Waiting after ext cmd sent
09-12 00:18:51.860   401 17697 D NxpTml  : NFCC - Read successful.....
09-12 00:18:51.860   401 17697 I NxpNciR : len =   4 > 4F210100
09-12 00:18:51.860   401 17697 D NxpTml  : NFCC - Posting read message.....
09-12 00:18:51.860   401 17700 D NxpHal  : read successful status = 0x0
09-12 00:18:51.864   401 17697 D NxpTml  : NFCC - Read requested.....
09-12 00:18:51.864   401 17697 D NxpTml  : NFCC - Invoking Read.....
09-12 00:18:51.864   401   423 D NxpHal  : Response timer stopped
09-12 00:18:51.864   401   423 D NxpHal  : Checking response
09-12 00:18:51.865   406   427 D QSEECOMAPI: QSEECom_set_bandwidth is not supported
09-12 00:18:51.865   874  2447 D GPQeSE-HAL: do_close_esegp: exit, contextInitialised=1, sessionOpen=1, iseSEGPOpen=0
09-12 00:18:51.865   874  2447 D GPQeSE-HAL: esegp_close_worker: exit
09-12 00:18:51.866   867 17730 I vendor.qti.bluetooth@1.0-uart_transport: DeInitTransport: Transport is being closed!
09-12 00:18:51.867   867 17730 I vendor.qti.bluetooth@1.0-uart_transport: InitTransport: opening /dev/ttyHS0
09-12 00:18:51.868   401   423 I android.hardware.nfc-service.nxp: write
09-12 00:18:51.868   401   423 D NxpHal  : > Polling Loop Started
09-12 00:18:51.868   401 17698 D NxpTml  : NFCC - Write requested.....
09-12 00:18:51.868   401 17698 D NxpTml  : NFCC - Invoking Write.....
09-12 00:18:51.869   401 17698 I NxpNciX : len =   8 > 2103050280018201
09-12 00:18:51.869   401 17698 D NxpTml  : NFCC - Write successful.....
09-12 00:18:51.869   401 17698 D NxpTml  : NFCC - Posting Fresh Write message.....
09-12 00:18:51.869   401 17698 D NxpTml  : NFCC - Tml Writer Thread Running................
09-12 00:18:51.869   401 17700 D NxpHal  : write successful status = 0x0
09-12 00:18:51.870   401 17697 D NxpTml  : NFCC - Read successful.....
09-12 00:18:51.870   401 17697 I NxpNciR : len =   4 > 41030100
09-12 00:18:51.870   401 17697 D NxpTml  : NFCC - Posting read message.....
09-12 00:18:51.870   401 17700 D NxpHal  : read successful status = 0x0
09-12 00:18:51.871   401 17697 D NxpTml  : NFCC - Read requested.....
09-12 00:18:51.871   401 17697 D NxpTml  : NFCC - Invoking Read.....
09-12 00:18:51.871 17492 17694 D libnfc_nci: nfaConnectionCallback: NFA_RF_DISCOVERY_STARTED_EVT: status = 0
09-12 00:18:51.872 17492 17492 D libnfc_nci: nativeNfcTag_releaseRfInterfaceMutexLock: sRfInterfaceMutex unlock
09-12 00:18:51.873 17492 17492 D NfcCardEmulationManager: onRoutingChangeComplete: 0
09-12 00:18:51.879   867 17730 D vendor.qti.bluetooth@1.0-uart_transport: ClockOperation: USERIAL_OP_CLK_ON - after sys fs write-ret:4
09-12 00:18:51.879   867 17730 D vendor.qti.bluetooth@1.0-uart_transport: userial clock on
09-12 00:18:51.879   867 17730 I vendor.qti.bluetooth@1.0-uart_transport: InitTransport: HW flow control enabled
09-12 00:18:51.881 16986 17680 D ConnectivityService: requestNetwork for uid/pid:1001/17502 activeRequest: null callbackRequest: 46 [NetworkRequest [ REQUEST id=47, [ Capabilities: INTERNET&NOT_RESTRICTED&TRUSTED&NOT_VCN_MANAGED&NOT_BANDWIDTH_CONSTRAINED Uid: 1001 RequestorUid: 1001 RequestorPkg: com.android.phone UnderlyingNetworks: Null] ]] callback flags: 0 order: 2147483647 isUidTracked: false declaredMethods: AVAIL|LOST|NC
09-12 00:18:51.881 16986 17409 I PackageManager: getInstalledPackages: callingUid=1001 flags=671121408 updatedFlags=671645696 userId=0
09-12 00:18:51.881 16986 17193 D NetworkRequestStateStatsMetrics: Registered nr with ID = 47, package_uid = 1001
09-12 00:18:51.886   867 17730 D vendor.qti.bluetooth@1.0-uart_transport: InitTransport: tc flush has written-3 times
09-12 00:18:51.887   867 17730 I vendor.qti.bluetooth@1.0-uart_transport: GetBaudRate: Current Baudrate = 115200 bps
09-12 00:18:51.887   867 17730 I vendor.qti.bluetooth@1.0-uart_transport: InitTransport: device fd = 9 open @115200 bps
09-12 00:18:51.887 16986 17193 D ConnectivityService: NetReassign [no changes] [c 1] [a 0] [i 0]
09-12 00:18:51.887   867 17730 D vendor.qti.bluetooth@1.0-uart_transport: ClockOperation: USERIAL_OP_CLK_OFF - after sys fs write-ret:4
09-12 00:18:51.887   867 17730 D vendor.qti.bluetooth@1.0-uart_transport: userial clock off
09-12 00:18:51.888   867 17730 D vendor.qti.bluetooth@1.0-power_manager: CheckSwCtrl: Check SW_CTRL & save value in kernel
09-12 00:18:51.888 16986 16986 D COMPANION_PROXY: got request NetworkRequest [ REQUEST id=47, [ Capabilities: INTERNET&NOT_RESTRICTED&TRUSTED&NOT_VCN_MANAGED&NOT_BANDWIDTH_CONSTRAINED Uid: 1001 RequestorUid: 1001 RequestorPkg: com.android.phone UnderlyingNetworks: Null] ]
09-12 00:18:51.888   867 17730 D vendor.qti.bluetooth@1.0-power_manager: CheckSwCtrl: ioctl failed to check for SW_CTRL with ret :-1 error =(Invalid argument)
09-12 00:18:51.888 16986 16986 D WEAR_NETWORK_OBSERVER: got request NetworkRequest [ REQUEST id=47, [ Capabilities: INTERNET&NOT_RESTRICTED&TRUSTED&NOT_VCN_MANAGED&NOT_BANDWIDTH_CONSTRAINED Uid: 1001 RequestorUid: 1001 RequestorPkg: com.android.phone UnderlyingNetworks: Null] ]
09-12 00:18:51.888   867 17730 D vendor.qti.bluetooth@1.0-patch_dl_manager: PatchDLManager
09-12 00:18:51.888   867 17730 D vendor.qti.bluetooth@1.0-ibs_handler: IsEnabled: SIBS enabled: true
09-12 00:18:51.888   867 17730 D vendor.qti.bluetooth@1.0-uart_controller: Init: sibs_enabled = 1, sobs_enabled = 0 
09-12 00:18:51.888   867 17730 D vendor.qti.bluetooth@1.0-uart_controller:  
09-12 00:18:51.888   867 17730 D vendor.qti.bluetooth@1.0-ibs_handler: IbsHandler
09-12 00:18:51.888   867 17730 D vendor.qti.bluetooth@1.0-ibs_handler: InitInt: tty_fd = 9
09-12 00:18:51.891   867 17730 D vendor.qti.bluetooth@1.0-uart_transport: ClockOperation: USERIAL_OP_CLK_ON - after sys fs write-ret:4
09-12 00:18:51.896   867 17730 D vendor.qti.bluetooth@1.0-bluetooth_address: GetLocalAddress
09-12 00:18:51.898   867 17730 E vendor.qti.bluetooth@1.0-bluetooth_address: CMD result: 1
09-12 00:18:51.898   867 17730 D vendor.qti.bluetooth@1.0-bluetooth_address: GetLocalAddress: Trying 
09-12 00:18:51.898   867 17730 D vendor.qti.bluetooth@1.0-bluetooth_address: GetLocalAddress: Got Factory BDA 94:45:60:97:B1:B1
09-12 00:18:51.898   867 17730 I vendor.qti.bluetooth@1.0-uart_transport: ## userial_vendor_ioctl: UART Flow On 
09-12 00:18:51.898   867 17730 I vendor.qti.bluetooth@1.0-patch_dl_manager: Wipower not enabled
09-12 00:18:51.898   867 17730 I vendor.qti.bluetooth@1.0-patch_dl_manager:  SocInit 
09-12 00:18:51.898   867 17730 D vendor.qti.bluetooth@1.0-patch_dl_manager: PatchVerReq: Sending Get Version CMD to SOC
09-12 00:18:51.898   867 17730 D vendor.qti.bluetooth@1.0-patch_dl_manager: HciSendVsCmd: Get Version Cmd sent to SOC
09-12 00:18:51.901 17492 17492 D NfcService: onPostExecute: result - true
09-12 00:18:51.903   867 17730 I vendor.qti.bluetooth@1.0-patch_dl_manager: 	 Current Product ID		: 0x0000000a
09-12 00:18:51.903   867 17730 I vendor.qti.bluetooth@1.0-patch_dl_manager: 	 Current Patch Version		: 0x0001
09-12 00:18:51.903   867 17730 I vendor.qti.bluetooth@1.0-patch_dl_manager: 	 Current ROM Build Version	: 0x0201
09-12 00:18:51.903   867 17730 I vendor.qti.bluetooth@1.0-patch_dl_manager: 	 Current SOC Version		: 0x40020140
09-12 00:18:51.903   867 17730 E vendor.qti.bluetooth@1.0-power_manager: 
09-12 00:18:51.903   867 17730 E vendor.qti.bluetooth@1.0-power_manager: bt soc version  (1073873216)
09-12 00:18:51.903   867 17730 E vendor.qti.bluetooth@1.0-patch_dl_manager: PatchVerReq: rsp[CMD_RSP_OFFSET] = 0 ,  rsp[RSP_TYPE_OFFSET] = 2
09-12 00:18:51.903   867 17730 D vendor.qti.bluetooth@1.0-patch_dl_manager: ReadHciEvent: Expected CC
09-12 00:18:51.904   867 17730 I vendor.qti.bluetooth@1.0-patch_dl_manager: SocInit: Chipset Version (0x40020140000a0201)
09-12 00:18:51.904   867 17730 D vendor.qti.bluetooth@1.0-patch_dl_manager: FormRegularPaths: Checking and Setting proper Rampatch and NVM path
